{"type":"FeatureCollection","features":[{"type":"Feature","geometry":{"type":"Polygon","coordinates":[[[140.42086,40.61827],[140.42103,40.61798],[140.42166,40.61764],[140.42345,40.61733],[140.42344,40.61685],[140.42383,40.61661],[140.42369,40.61623],[140.42407,40.616],[140.42431,40.61611],[140.42439,40.61658],[140.42522,40.61639],[140.42496,40.6159],[140.42512,40.61583],[140.42495,40.6155],[140.42477,40.61558],[140.42401,40.61532],[140.42341,40.61559],[140.42356,40.61603],[140.42331,40.61617],[140.4235,40.61636],[140.42316,40.61656],[140.42299,40.61613],[140.42249,40.61649],[140.4218,40.61669],[140.42193,40.61711],[140.41874,40.61785],[140.41761,40.61798],[140.41657,40.61735],[140.41635,40.61784],[140.41675,40.6179],[140.41671,40.6187],[140.417,40.61868],[140.41761,40.61827],[140.41821,40.6182],[140.41884,40.61851],[140.41929,40.61901],[140.41987,40.61908],[140.42036,40.61893],[140.42086,40.61827]]]},"properties":{"key":"022023982","name":"大字賀田","pref":"青森県","prefCode":"02","municipality":"弘前市","areaM2":71461.805,"population":194,"toponymIds":["02-a586aa26a7"]}},{"type":"Feature","geometry":{"type":"Polygon","coordinates":[[[140.60296,40.63527],[140.60675,40.63493],[140.61145,40.6338],[140.61247,40.63322],[140.61443,40.63155],[140.61542,40.63101],[140.62302,40.62827],[140.62494,40.62682],[140.62578,40.62661],[140.62673,40.62573],[140.62831,40.6247],[140.63173,40.62335],[140.63562,40.62107],[140.63623,40.62047],[140.63658,40.61983],[140.63673,40.6189],[140.63667,40.61726],[140.63693,40.61658],[140.63736,40.61618],[140.63852,40.61572],[140.63913,40.61512],[140.64081,40.61403],[140.64114,40.61393],[140.6419,40.61416],[140.64265,40.61379],[140.64445,40.61336],[140.64854,40.61262],[140.64952,40.61172],[140.65103,40.61091],[140.65178,40.61076],[140.65192,40.61086],[140.65279,40.61056],[140.65231,40.60974],[140.65169,40.60935],[140.65151,40.60839],[140.65129,40.60804],[140.65081,40.60752],[140.64991,40.60693],[140.65016,40.60644],[140.65055,40.60614],[140.6505,40.60492],[140.65012,40.60456],[140.64997,40.60389],[140.64921,40.60358],[140.64894,40.60316],[140.64918,40.6026],[140.64881,40.60052],[140.64891,40.59956],[140.6486,40.59923],[140.64855,40.5989],[140.64944,40.59738],[140.65001,40.5968],[140.6501,40.59612],[140.6505,40.59558],[140.65027,40.59378],[140.64931,40.59394],[140.64846,40.59442],[140.64736,40.59444],[140.64585,40.59485],[140.64544,40.59572],[140.64461,40.59632],[140.64426,40.59722],[140.64376,40.59757],[140.64223,40.59782],[140.64176,40.59877],[140.63968,40.60031],[140.63906,40.6013],[140.63821,40.60171],[140.63385,40.60184],[140.63154,40.60292],[140.62858,40.60263],[140.62651,40.6029],[140.62266,40.60859],[140.62122,40.60975],[140.61836,40.6112],[140.61614,40.61128],[140.61556,40.61114],[140.61435,40.61171],[140.6132,40.61178],[140.61262,40.61202],[140.60965,40.61186],[140.60975,40.6126],[140.60838,40.61272],[140.60741,40.61198],[140.60659,40.6124],[140.60657,40.61276],[140.60709,40.61307],[140.60734,40.61351],[140.60797,40.61405],[140.60782,40.61413],[140.60826,40.61467],[140.60937,40.61563],[140.61095,40.61612],[140.61156,40.61723],[140.60864,40.61718],[140.60868,40.61619],[140.60385,40.61608],[140.60383,40.61781],[140.60248,40.61778],[140.60245,40.61853],[140.60137,40.61852],[140.60239,40.61937],[140.59884,40.61929],[140.59871,40.62233],[140.59536,40.62228],[140.59519,40.6284],[140.5985,40.62846],[140.59855,40.63048],[140.59884,40.63112],[140.59949,40.63124],[140.59981,40.63156],[140.59918,40.63175],[140.59914,40.63361],[140.60001,40.63368],[140.6004,40.63397],[140.60153,40.63397],[140.60166,40.63417],[140.6025,40.63419],[140.60226,40.63461],[140.60222,40.63529],[140.60296,40.63527]],[[140.61743,40.6224],[140.61814,40.62201],[140.61755,40.62155],[140.61737,40.62069],[140.61792,40.62068],[140.61905,40.62149],[140.62005,40.62158],[140.62092,40.622],[140.62138,40.62189],[140.62217,40.62209],[140.62213,40.62286],[140.62181,40.62297],[140.62073,40.62295],[140.6196,40.62253],[140.61805,40.62268],[140.61733,40.62333],[140.61715,40.62428],[140.61668,40.62421],[140.61673,40.62334],[140.61719,40.62252],[140.61743,40.6224]]]},"properties":{"key":"022041080","name":"大字浅瀬石","pref":"青森県","prefCode":"02","municipality":"黒石市","areaM2":9188273.716,"population":1584,"toponymIds":["02-b3baf88b6a"]}},{"type":"Feature","geometry":{"type":"Polygon","coordinates":[[[140.71637,40.82595],[140.71624,40.82567],[140.71537,40.82518],[140.71463,40.82588],[140.7151,40.82601],[140.71637,40.82595]]]},"properties":{"key":"022010180","name":"大字西滝","pref":"青森県","prefCode":"02","municipality":"青森市","areaM2":7786.503,"population":39,"toponymIds":["02-e52a40fa10"]}},{"type":"Feature","geometry":{"type":"Polygon","coordinates":[[[140.73934,40.82451],[140.73916,40.82387],[140.73329,40.8247],[140.73345,40.82584],[140.734,40.82692],[140.7372,40.82578],[140.73955,40.82529],[140.73934,40.82451]]]},"properties":{"key":"02201031001","name":"古川一丁目","pref":"青森県","prefCode":"02","municipality":"青森市","areaM2":99943.13,"population":503,"toponymIds":["02-3928996933","02-d80b16fa9a"]}},{"type":"Feature","geometry":{"type":"Polygon","coordinates":[[[140.46376,40.65778],[140.46414,40.65712],[140.46437,40.65707],[140.46618,40.65774],[140.46637,40.65654],[140.46719,40.6554],[140.46897,40.65406],[140.47099,40.65184],[140.46887,40.65096],[140.47004,40.65098],[140.4706,40.64968],[140.47008,40.64874],[140.46996,40.64813],[140.47015,40.64736],[140.46957,40.64584],[140.46818,40.64535],[140.46693,40.64471],[140.46676,40.64485],[140.46722,40.64538],[140.46719,40.64566],[140.46616,40.6455],[140.46615,40.64499],[140.46601,40.64492],[140.46469,40.64476],[140.46408,40.64428],[140.46345,40.64342],[140.46403,40.64161],[140.46342,40.64142],[140.45381,40.64229],[140.45377,40.64259],[140.45426,40.64384],[140.45308,40.64636],[140.45244,40.64639],[140.4525,40.64684],[140.45117,40.64694],[140.45138,40.64871],[140.45284,40.64858],[140.45337,40.64867],[140.45341,40.64885],[140.45292,40.64897],[140.45318,40.6493],[140.45189,40.64935],[140.45182,40.6495],[140.45204,40.64974],[140.45094,40.64958],[140.45029,40.64966],[140.4507,40.65314],[140.45104,40.65337],[140.45103,40.65455],[140.45065,40.65466],[140.45069,40.65541],[140.45097,40.65552],[140.4512,40.65529],[140.45165,40.65523],[140.45263,40.65531],[140.45292,40.65513],[140.45302,40.65472],[140.45479,40.65531],[140.4547,40.6545],[140.45447,40.65404],[140.4553,40.6533],[140.45688,40.65391],[140.45708,40.65385],[140.45701,40.65364],[140.45807,40.65339],[140.4587,40.65413],[140.45886,40.65464],[140.45767,40.65472],[140.4576,40.65553],[140.45838,40.65563],[140.45855,40.65637],[140.45951,40.65621],[140.46004,40.6564],[140.46038,40.65617],[140.46092,40.65648],[140.46135,40.65727],[140.46198,40.65723],[140.46219,40.65765],[140.46268,40.65767],[140.46276,40.65788],[140.46309,40.65798],[140.46376,40.65778]]]},"properties":{"key":"022023360","name":"大字中崎","pref":"青森県","prefCode":"02","municipality":"弘前市","areaM2":2139978.111,"population":388,"toponymIds":["02-b4ed294a4b"]}},{"type":"Feature","geometry":{"type":"Polygon","coordinates":[[[140.41806,40.62285],[140.41891,40.62034],[140.41898,40.6187],[140.41884,40.61851],[140.41805,40.61819],[140.41749,40.61832],[140.417,40.61868],[140.41299,40.61892],[140.4092,40.61607],[140.40649,40.6201],[140.40426,40.62581],[140.40742,40.62572],[140.40725,40.62499],[140.40744,40.625],[140.40749,40.62476],[140.40847,40.62479],[140.40911,40.62498],[140.41295,40.62271],[140.4126,40.62572],[140.41774,40.6261],[140.41806,40.62285]]]},"properties":{"key":"022023990","name":"大字八幡","pref":"青森県","prefCode":"02","municipality":"弘前市","areaM2":830052.459,"population":365,"toponymIds":["02-4745b4c0ff"]}},{"type":"Feature","geometry":{"type":"Polygon","coordinates":[[[140.41069,40.60908],[140.41208,40.60943],[140.41368,40.6089],[140.41421,40.60842],[140.41609,40.6073],[140.41212,40.60341],[140.41288,40.60308],[140.4093,40.59881],[140.40784,40.59658],[140.40723,40.59609],[140.40544,40.59662],[140.40493,40.59661],[140.40102,40.59746],[140.40075,40.59694],[140.40071,40.59581],[140.39962,40.59486],[140.39721,40.59417],[140.39672,40.59428],[140.39607,40.59473],[140.39611,40.59532],[140.39505,40.59558],[140.39265,40.5958],[140.38846,40.59662],[140.38915,40.59681],[140.39032,40.59672],[140.39119,40.59685],[140.39321,40.59777],[140.39504,40.59908],[140.39671,40.5993],[140.39781,40.59982],[140.39822,40.60022],[140.39913,40.60008],[140.39944,40.59981],[140.39984,40.59999],[140.39991,40.60042],[140.39917,40.60068],[140.39953,40.60148],[140.39947,40.60177],[140.39906,40.60226],[140.39792,40.60277],[140.39819,40.603],[140.3992,40.60316],[140.39941,40.60333],[140.39876,40.60398],[140.39876,40.6052],[140.39779,40.60532],[140.39641,40.60469],[140.39608,40.60485],[140.39558,40.60552],[140.39501,40.60686],[140.39712,40.60678],[140.39966,40.60718],[140.40129,40.60694],[140.4022,40.60728],[140.4031,40.60841],[140.40407,40.60912],[140.40521,40.60956],[140.40668,40.60982],[140.40882,40.61005],[140.40921,40.60969],[140.41069,40.60908]]]},"properties":{"key":"022023940","name":"大字兼平","pref":"青森県","prefCode":"02","municipality":"弘前市","areaM2":1841129.837,"population":437,"toponymIds":["02-d33f065278"]}},{"type":"Feature","geometry":{"type":"Polygon","coordinates":[[[140.49556,40.63624],[140.49562,40.63608],[140.49522,40.63597],[140.49526,40.63548],[140.49637,40.63543],[140.497,40.63463],[140.49784,40.63461],[140.49762,40.63317],[140.49801,40.63057],[140.49421,40.62741],[140.49367,40.62634],[140.48831,40.62678],[140.48839,40.62778],[140.48768,40.62781],[140.48781,40.6289],[140.4886,40.62884],[140.48996,40.62924],[140.48994,40.62907],[140.49066,40.62901],[140.49088,40.63071],[140.49063,40.63074],[140.49069,40.63142],[140.49027,40.63148],[140.49037,40.63209],[140.49026,40.63227],[140.49086,40.633],[140.49064,40.63391],[140.49118,40.63454],[140.49024,40.63469],[140.49003,40.63524],[140.49017,40.63582],[140.49094,40.63623],[140.49235,40.63629],[140.49244,40.63608],[140.49379,40.63609],[140.49377,40.63639],[140.49447,40.6364],[140.49445,40.63675],[140.49483,40.63677],[140.49507,40.63699],[140.49545,40.63688],[140.49556,40.63624]]]},"properties":{"key":"022022710","name":"大字大久保","pref":"青森県","prefCode":"02","municipality":"弘前市","areaM2":614988.47,"population":1024,"toponymIds":["02-fc9f464bd8"]}},{"type":"Feature","geometry":{"type":"Polygon","coordinates":[[[140.45812,40.55583],[140.45813,40.55558],[140.45892,40.55597],[140.45969,40.55582],[140.46066,40.55607],[140.46133,40.55552],[140.46188,40.55552],[140.46291,40.55615],[140.46409,40.55657],[140.46437,40.55712],[140.46481,40.55741],[140.47073,40.55536],[140.47302,40.55702],[140.47408,40.55814],[140.47595,40.55496],[140.47667,40.55204],[140.47717,40.55097],[140.47726,40.54982],[140.47669,40.54815],[140.47674,40.54685],[140.47761,40.54578],[140.47765,40.54531],[140.47818,40.54429],[140.47813,40.54337],[140.47931,40.54153],[140.47894,40.53864],[140.47845,40.53807],[140.47842,40.5377],[140.47801,40.53715],[140.47714,40.53648],[140.47694,40.5359],[140.47651,40.53537],[140.4762,40.534],[140.47633,40.53317],[140.47725,40.53138],[140.47978,40.52935],[140.48018,40.52876],[140.48155,40.52402],[140.4827,40.5222],[140.48581,40.51929],[140.48531,40.51916],[140.48428,40.51819],[140.48382,40.51759],[140.48358,40.51664],[140.4831,40.5163],[140.48232,40.51534],[140.47844,40.51751],[140.47743,40.51765],[140.47587,40.51759],[140.46798,40.51634],[140.46764,40.51641],[140.46524,40.51941],[140.46502,40.5202],[140.46739,40.52655],[140.46713,40.52792],[140.46722,40.52877],[140.46785,40.53075],[140.46782,40.53151],[140.46738,40.53241],[140.46563,40.53411],[140.46446,40.53578],[140.46371,40.53777],[140.46261,40.53864],[140.46149,40.53907],[140.45749,40.53958],[140.45776,40.5398],[140.4576,40.54063],[140.45784,40.54093],[140.45856,40.54127],[140.46151,40.54212],[140.46249,40.54329],[140.46425,40.54364],[140.46456,40.54437],[140.46433,40.54468],[140.46412,40.5468],[140.46335,40.5471],[140.46314,40.54733],[140.46321,40.5481],[140.4631,40.54821],[140.46272,40.54819],[140.46205,40.54775],[140.46128,40.54803],[140.45964,40.54786],[140.45183,40.55079],[140.45174,40.551],[140.45169,40.55192],[140.45252,40.55261],[140.4528,40.55349],[140.45338,40.55442],[140.45491,40.55624],[140.45597,40.55938],[140.45796,40.55699],[140.45812,40.55583]]]},"properties":{"key":"022023090","name":"大字大和沢","pref":"青森県","prefCode":"02","municipality":"弘前市","areaM2":6168794.666,"population":310,"toponymIds":["02-ec37b61aee","02-e736943a58","02-ca458b7c14"]}},{"type":"Feature","geometry":{"type":"Polygon","coordinates":[[[140.52068,40.56262],[140.52163,40.562],[140.5229,40.56315],[140.52472,40.56147],[140.52658,40.56054],[140.52663,40.55996],[140.5263,40.55949],[140.52555,40.55896],[140.52557,40.5582],[140.52479,40.55737],[140.52449,40.55731],[140.52416,40.55648],[140.52364,40.55633],[140.52313,40.55586],[140.52263,40.55504],[140.52324,40.55401],[140.52548,40.55127],[140.52591,40.55116],[140.52654,40.55146],[140.52737,40.5494],[140.5283,40.54812],[140.52853,40.54707],[140.52794,40.54542],[140.52703,40.54385],[140.52609,40.54304],[140.52497,40.54166],[140.52373,40.52777],[140.52407,40.52658],[140.52505,40.52462],[140.5243,40.52387],[140.52266,40.52364],[140.52072,40.52287],[140.51981,40.52285],[140.51718,40.5233],[140.51574,40.52331],[140.51502,40.52315],[140.51355,40.52216],[140.51285,40.52208],[140.51166,40.52246],[140.51163,40.52293],[140.51092,40.52421],[140.51069,40.52436],[140.50896,40.52406],[140.50831,40.52373],[140.50687,40.52383],[140.50497,40.52338],[140.50368,40.5229],[140.50265,40.52275],[140.50175,40.52226],[140.5009,40.5223],[140.49997,40.52201],[140.49936,40.522],[140.49892,40.52134],[140.49752,40.52071],[140.49665,40.5209],[140.49502,40.52165],[140.49363,40.52185],[140.49203,40.52134],[140.4906,40.52038],[140.48937,40.51983],[140.48581,40.51929],[140.48623,40.523],[140.48579,40.52466],[140.48368,40.52916],[140.48377,40.52992],[140.48493,40.53324],[140.48572,40.53488],[140.48682,40.53612],[140.48818,40.53718],[140.49011,40.54011],[140.49187,40.5438],[140.49274,40.54651],[140.4934,40.54768],[140.49537,40.54994],[140.49586,40.54965],[140.4964,40.5496],[140.49721,40.54983],[140.49863,40.55158],[140.49871,40.55201],[140.50008,40.55302],[140.4994,40.55361],[140.49988,40.55432],[140.50058,40.55453],[140.50053,40.55485],[140.50102,40.5552],[140.50088,40.55547],[140.50174,40.55572],[140.50234,40.55618],[140.50291,40.55615],[140.50304,40.55644],[140.50318,40.55642],[140.5035,40.55716],[140.50309,40.55746],[140.50421,40.55808],[140.50697,40.56057],[140.50795,40.55995],[140.51514,40.56642],[140.52078,40.56271],[140.52068,40.56262]]]},"properties":{"key":"022023750","name":"大字大沢","pref":"青森県","prefCode":"02","municipality":"弘前市","areaM2":12413591.275,"population":1057,"toponymIds":["02-b3c613d383","02-6525958727","02-cb5ceba26a"]}},{"type":"Feature","geometry":{"type":"Polygon","coordinates":[[[140.40345,40.59693],[140.40544,40.59662],[140.40843,40.5958],[140.40761,40.59546],[140.40737,40.59127],[140.40291,40.59087],[140.40068,40.59109],[140.3984,40.59107],[140.39195,40.59008],[140.38991,40.58934],[140.38933,40.58939],[140.38678,40.59018],[140.385,40.58975],[140.38461,40.58982],[140.38351,40.59052],[140.38141,40.59077],[140.38251,40.59494],[140.38367,40.59438],[140.38439,40.59446],[140.38492,40.59476],[140.38689,40.59525],[140.38803,40.59603],[140.38846,40.59662],[140.39265,40.5958],[140.39505,40.59558],[140.39611,40.59532],[140.39607,40.59473],[140.39672,40.59428],[140.39739,40.59417],[140.39952,40.59481],[140.40071,40.59581],[140.40075,40.59694],[140.40102,40.59746],[140.40345,40.59693]]]},"properties":{"key":"022023930","name":"大字如来瀬","pref":"青森県","prefCode":"02","municipality":"弘前市","areaM2":1251754.039,"population":247,"toponymIds":["02-5429657dab"]}},{"type":"Feature","geometry":{"type":"Polygon","coordinates":[[[140.40226,40.63051],[140.40345,40.62579],[140.40426,40.62581],[140.40649,40.6201],[140.4092,40.61607],[140.40816,40.61521],[140.40701,40.6137],[140.40674,40.61356],[140.40492,40.61372],[140.40449,40.6135],[140.40173,40.61351],[140.40148,40.61344],[140.40141,40.61292],[140.40103,40.6125],[140.398,40.61214],[140.39524,40.61272],[140.39266,40.61076],[140.39218,40.61102],[140.39214,40.61131],[140.39182,40.61157],[140.39069,40.61106],[140.38964,40.61133],[140.38879,40.61127],[140.38827,40.61174],[140.38711,40.61198],[140.38644,40.6123],[140.37845,40.61687],[140.37683,40.61706],[140.37721,40.61822],[140.3745,40.62117],[140.37235,40.62387],[140.37608,40.6236],[140.37743,40.62389],[140.37876,40.62351],[140.37943,40.62309],[140.3801,40.62299],[140.38086,40.6224],[140.38146,40.62229],[140.38312,40.62251],[140.38511,40.62327],[140.38671,40.6232],[140.38762,40.62284],[140.38841,40.62169],[140.38898,40.62139],[140.38949,40.62072],[140.39017,40.62067],[140.39183,40.62172],[140.39213,40.62222],[140.39221,40.62304],[140.39468,40.62442],[140.39546,40.62508],[140.39741,40.62812],[140.39855,40.62949],[140.40003,40.62997],[140.40187,40.63141],[140.40257,40.63056],[140.40226,40.63051]]]},"properties":{"key":"022024030","name":"大字宮地","pref":"青森県","prefCode":"02","municipality":"弘前市","areaM2":3354786.895,"population":471,"toponymIds":["02-3168dea9fa"]}},{"type":"Feature","geometry":{"type":"Polygon","coordinates":[[[140.49076,40.5695],[140.49135,40.56733],[140.49395,40.56742],[140.4949,40.56771],[140.49518,40.56728],[140.49588,40.56746],[140.49601,40.56622],[140.49673,40.56627],[140.49742,40.56605],[140.49738,40.56569],[140.4946,40.56469],[140.49567,40.56296],[140.50005,40.5645],[140.50068,40.56278],[140.50034,40.56198],[140.49973,40.56149],[140.49849,40.56102],[140.49764,40.56052],[140.49738,40.56082],[140.4967,40.56091],[140.49485,40.5599],[140.49488,40.55743],[140.4946,40.55753],[140.49443,40.55733],[140.49399,40.55584],[140.49416,40.55575],[140.49412,40.55555],[140.49315,40.55446],[140.49405,40.55302],[140.49527,40.55178],[140.49537,40.54994],[140.4934,40.54768],[140.49274,40.54651],[140.49187,40.5438],[140.49011,40.54011],[140.48904,40.53839],[140.48818,40.53718],[140.48682,40.53612],[140.48572,40.53488],[140.48493,40.53324],[140.48377,40.52992],[140.48368,40.52916],[140.48579,40.52466],[140.48623,40.523],[140.48581,40.51929],[140.4827,40.5222],[140.48155,40.52402],[140.48018,40.52876],[140.47978,40.52935],[140.47725,40.53138],[140.47633,40.53317],[140.4762,40.534],[140.47651,40.53537],[140.47694,40.5359],[140.47714,40.53648],[140.47801,40.53715],[140.47842,40.5377],[140.47845,40.53807],[140.47894,40.53864],[140.47931,40.54153],[140.47813,40.54337],[140.47818,40.54429],[140.47765,40.54531],[140.47761,40.54578],[140.47674,40.54685],[140.47669,40.54815],[140.47726,40.54982],[140.47717,40.55097],[140.47667,40.55204],[140.47595,40.55496],[140.47408,40.55814],[140.47534,40.55938],[140.47669,40.56044],[140.47693,40.56033],[140.4801,40.5639],[140.48289,40.56584],[140.48308,40.56576],[140.4855,40.56771],[140.48798,40.56875],[140.48864,40.56872],[140.49076,40.5695]]]},"properties":{"key":"022023070","name":"大字小栗山","pref":"青森県","prefCode":"02","municipality":"弘前市","areaM2":5570634.707,"population":873,"toponymIds":["02-56757cb0b6","02-649ec8ae0c"]}},{"type":"Feature","geometry":{"type":"Polygon","coordinates":[[[140.5213,40.58538],[140.52147,40.585],[140.52203,40.58517],[140.52213,40.58543],[140.52829,40.58522],[140.52809,40.58282],[140.52778,40.58213],[140.52642,40.58016],[140.52622,40.57977],[140.52621,40.57922],[140.52667,40.57663],[140.52819,40.57496],[140.52907,40.57316],[140.53071,40.5735],[140.53067,40.57411],[140.53356,40.57598],[140.53341,40.57613],[140.53358,40.57622],[140.53342,40.57628],[140.53368,40.57669],[140.5341,40.57659],[140.53431,40.57672],[140.53462,40.5764],[140.53561,40.57701],[140.53846,40.57445],[140.53327,40.57111],[140.53271,40.57157],[140.53244,40.57144],[140.53221,40.57163],[140.52914,40.57043],[140.52814,40.57225],[140.5265,40.57125],[140.52569,40.57189],[140.52506,40.57213],[140.52434,40.57217],[140.52303,40.57293],[140.52292,40.57341],[140.52338,40.57483],[140.52352,40.57619],[140.52288,40.57737],[140.52202,40.57832],[140.51924,40.57824],[140.51696,40.5774],[140.51485,40.57739],[140.51489,40.57784],[140.51526,40.57826],[140.51616,40.57882],[140.5173,40.57901],[140.51671,40.57966],[140.51718,40.57998],[140.51865,40.58702],[140.51994,40.58621],[140.52101,40.58583],[140.5213,40.58538]]]},"properties":{"key":"022023040","name":"大字川合","pref":"青森県","prefCode":"02","municipality":"弘前市","areaM2":1279292.329,"population":344,"toponymIds":["02-a942bf7d8d"]}},{"type":"Feature","geometry":{"type":"Polygon","coordinates":[[[140.432,40.60035],[140.43276,40.5986],[140.43308,40.59868],[140.43341,40.59738],[140.43665,40.59783],[140.43689,40.59688],[140.43908,40.59716],[140.44024,40.59776],[140.44044,40.59825],[140.44194,40.5992],[140.44304,40.59956],[140.44363,40.5973],[140.44093,40.59773],[140.44032,40.59725],[140.44001,40.59679],[140.43988,40.59587],[140.43998,40.59502],[140.43948,40.59462],[140.43977,40.59456],[140.43974,40.5943],[140.44102,40.59396],[140.44013,40.59356],[140.43921,40.59282],[140.43872,40.59189],[140.43775,40.5909],[140.43772,40.59059],[140.43663,40.59073],[140.4353,40.59135],[140.43569,40.59092],[140.43587,40.5904],[140.43535,40.58874],[140.43579,40.58905],[140.43646,40.5879],[140.43677,40.58676],[140.43679,40.58596],[140.43649,40.58516],[140.43619,40.58474],[140.43529,40.58412],[140.43564,40.58303],[140.43603,40.58274],[140.43647,40.58203],[140.43735,40.58009],[140.43641,40.57593],[140.43699,40.57384],[140.43608,40.57194],[140.43554,40.57123],[140.43354,40.57004],[140.43294,40.5692],[140.43286,40.56733],[140.43264,40.56703],[140.43085,40.56673],[140.43048,40.56503],[140.42988,40.56359],[140.43028,40.56152],[140.42968,40.5602],[140.42946,40.56017],[140.42916,40.56045],[140.42477,40.5599],[140.42442,40.55923],[140.42445,40.55791],[140.42368,40.55666],[140.42357,40.55519],[140.42592,40.55497],[140.42584,40.55465],[140.42601,40.55397],[140.4268,40.55319],[140.42615,40.55265],[140.42412,40.5525],[140.4247,40.55171],[140.42457,40.55154],[140.42383,40.55127],[140.42235,40.55111],[140.42134,40.55075],[140.42071,40.5501],[140.41939,40.54961],[140.41455,40.54656],[140.41452,40.54715],[140.41227,40.54745],[140.4116,40.54801],[140.41163,40.54886],[140.41254,40.54986],[140.41252,40.55042],[140.41243,40.55074],[140.41162,40.55163],[140.41155,40.55244],[140.41098,40.55328],[140.41131,40.55419],[140.41119,40.55506],[140.41175,40.55616],[140.41146,40.557],[140.41156,40.55781],[140.41227,40.5585],[140.41253,40.55941],[140.41244,40.56019],[140.41318,40.56085],[140.41358,40.56156],[140.41349,40.56208],[140.41288,40.56284],[140.41202,40.56329],[140.41163,40.56399],[140.41081,40.56396],[140.41009,40.56426],[140.40997,40.56457],[140.40925,40.56466],[140.40882,40.56411],[140.40787,40.5647],[140.40735,40.56332],[140.40735,40.5628],[140.40635,40.5625],[140.40618,40.56206],[140.40563,40.56211],[140.40539,40.56027],[140.40409,40.55908],[140.40409,40.5589],[140.40437,40.55867],[140.40447,40.55717],[140.40424,40.55788],[140.4035,40.55895],[140.40353,40.55969],[140.40412,40.56125],[140.40442,40.56141],[140.40507,40.56306],[140.40709,40.56517],[140.40776,40.56526],[140.40825,40.56565],[140.40873,40.5657],[140.40873,40.56604],[140.40831,40.56633],[140.4082,40.56666],[140.40816,40.56713],[140.40849,40.56729],[140.40854,40.56763],[140.4085,40.56882],[140.40829,40.56921],[140.40843,40.56968],[140.40938,40.57038],[140.40942,40.57097],[140.40913,40.57212],[140.40933,40.57266],[140.41035,40.57286],[140.41169,40.57347],[140.4148,40.57534],[140.41583,40.57578],[140.41718,40.57578],[140.41761,40.57696],[140.41729,40.57922],[140.41808,40.57905],[140.4192,40.57829],[140.41958,40.57827],[140.42022,40.57791],[140.42494,40.58307],[140.42633,40.58418],[140.42897,40.58531],[140.42848,40.58579],[140.4284,40.58667],[140.42779,40.58705],[140.42725,40.58784],[140.42686,40.58796],[140.42526,40.59056],[140.42566,40.59118],[140.42523,40.59128],[140.42586,40.59261],[140.42471,40.59293],[140.42448,40.59395],[140.42253,40.5936],[140.4225,40.59387],[140.42299,40.59426],[140.42226,40.59432],[140.42366,40.59554],[140.42529,40.59748],[140.42968,40.59983],[140.43033,40.60008],[140.432,40.60035]]]},"properties":{"key":"022022640","name":"大字悪戸","pref":"青森県","prefCode":"02","municipality":"弘前市","areaM2":7618943.733,"population":520,"toponymIds":["02-b4e8d236c5","02-54a6da0c6e","02-252722ed95"]}},{"type":"Feature","geometry":{"type":"Polygon","coordinates":[[[140.47167,40.60149],[140.4716,40.6014],[140.47186,40.60129],[140.47211,40.60146],[140.47236,40.6013],[140.47214,40.60111],[140.47184,40.60123],[140.47181,40.60085],[140.47167,40.60084],[140.47136,40.59979],[140.47123,40.5998],[140.47146,40.59971],[140.47121,40.59927],[140.47139,40.59908],[140.47025,40.59931],[140.47036,40.59987],[140.47052,40.59986],[140.47067,40.6001],[140.4707,40.60026],[140.47049,40.60028],[140.4709,40.60159],[140.47078,40.60163],[140.47132,40.60208],[140.47173,40.60189],[140.47167,40.60149]]]},"properties":{"key":"022020220","name":"大字新鍛冶町","pref":"青森県","prefCode":"02","municipality":"弘前市","areaM2":25869.747,"population":38,"toponymIds":["02-bd8932661b"]}},{"type":"Feature","geometry":{"type":"Polygon","coordinates":[[[140.45084,40.60839],[140.45112,40.60844],[140.45194,40.60816],[140.4518,40.60798],[140.4525,40.6078],[140.45233,40.6076],[140.45161,40.60753],[140.45162,40.60734],[140.45109,40.60742],[140.45111,40.60762],[140.4495,40.60786],[140.44927,40.60746],[140.44893,40.60773],[140.44948,40.60825],[140.4485,40.6088],[140.44916,40.60906],[140.45084,40.60839]]]},"properties":{"key":"022021200","name":"大字河原町","pref":"青森県","prefCode":"02","municipality":"弘前市","areaM2":27642.455,"population":85,"toponymIds":["02-4257ce2552"]}},{"type":"Feature","geometry":{"type":"Polygon","coordinates":[[[140.52919,40.56767],[140.53243,40.56455],[140.53394,40.56544],[140.53426,40.56384],[140.53538,40.56208],[140.53737,40.56031],[140.53987,40.55864],[140.54158,40.55777],[140.5435,40.55638],[140.54444,40.55697],[140.54496,40.55647],[140.54766,40.55594],[140.54735,40.55484],[140.54832,40.55461],[140.54892,40.55571],[140.5508,40.55534],[140.55263,40.56073],[140.5575,40.55976],[140.55748,40.55951],[140.55689,40.55938],[140.55677,40.55856],[140.55641,40.55818],[140.55571,40.5581],[140.55528,40.55596],[140.55529,40.55539],[140.555,40.55439],[140.55509,40.55335],[140.55477,40.55248],[140.55496,40.55199],[140.55487,40.55159],[140.55532,40.55152],[140.55501,40.54987],[140.55376,40.55001],[140.55359,40.54909],[140.55536,40.54546],[140.55227,40.54585],[140.55178,40.54678],[140.55113,40.54681],[140.55057,40.5471],[140.55035,40.54751],[140.55043,40.54827],[140.5492,40.54815],[140.54811,40.54869],[140.54645,40.54855],[140.54602,40.54836],[140.54602,40.54719],[140.54434,40.54723],[140.54232,40.5463],[140.54135,40.54538],[140.54119,40.54502],[140.54164,40.54389],[140.54121,40.54249],[140.54187,40.54112],[140.54152,40.54042],[140.54181,40.53964],[140.53985,40.53767],[140.53942,40.53751],[140.53909,40.5369],[140.53867,40.53658],[140.53826,40.53512],[140.53757,40.53473],[140.53636,40.53175],[140.53548,40.53014],[140.53449,40.52884],[140.53385,40.52882],[140.53311,40.5274],[140.5317,40.52686],[140.52991,40.52694],[140.52844,40.5277],[140.52787,40.52726],[140.52756,40.52616],[140.52709,40.52529],[140.52505,40.52462],[140.52407,40.52658],[140.52373,40.52777],[140.52497,40.54166],[140.52609,40.54304],[140.52703,40.54385],[140.52794,40.54542],[140.52853,40.54707],[140.5283,40.54812],[140.52737,40.5494],[140.52654,40.55146],[140.52591,40.55116],[140.52548,40.55127],[140.52324,40.55401],[140.52263,40.55504],[140.52313,40.55586],[140.52364,40.55633],[140.52416,40.55648],[140.52449,40.55731],[140.52479,40.55737],[140.52557,40.5582],[140.52555,40.55896],[140.5263,40.55949],[140.52663,40.55996],[140.52658,40.56054],[140.52472,40.56147],[140.52369,40.56234],[140.52599,40.56438],[140.52517,40.56521],[140.52919,40.56767]]]},"properties":{"key":"022023730","name":"大字石川","pref":"青森県","prefCode":"02","municipality":"弘前市","areaM2":6408434.878,"population":1670,"toponymIds":["02-6687577ea2","02-3b28732019","02-7a3343f90a"]}},{"type":"Feature","geometry":{"type":"Polygon","coordinates":[[[140.4709,40.61093],[140.47146,40.61085],[140.47118,40.60968],[140.47092,40.60925],[140.47104,40.60914],[140.47093,40.60882],[140.47141,40.60874],[140.47124,40.60811],[140.47075,40.60819],[140.47058,40.60749],[140.47004,40.60757],[140.47021,40.60821],[140.4696,40.60828],[140.46981,40.60907],[140.46843,40.6093],[140.46863,40.6101],[140.46961,40.60992],[140.46986,40.61089],[140.47005,40.61088],[140.47012,40.61123],[140.47095,40.6111],[140.4709,40.61093]]]},"properties":{"key":"022020730","name":"大字蔵主町","pref":"青森県","prefCode":"02","municipality":"弘前市","areaM2":52861.153,"population":133,"toponymIds":["02-58daa0ce7d"]}},{"type":"Feature","geometry":{"type":"Polygon","coordinates":[[[140.4739,40.6018],[140.47408,40.60157],[140.47424,40.6017],[140.47487,40.6014],[140.47455,40.60103],[140.47425,40.60137],[140.4739,40.60111],[140.47356,40.60145],[140.4737,40.60177],[140.4739,40.6018]]]},"properties":{"key":"022020450","name":"大字西川岸町","pref":"青森県","prefCode":"02","municipality":"弘前市","areaM2":4677.018,"population":18,"toponymIds":["02-137f330cd8"]}},{"type":"Feature","geometry":{"type":"Polygon","coordinates":[[[140.46983,40.602],[140.47096,40.60182],[140.47078,40.60163],[140.4709,40.60159],[140.47048,40.60027],[140.46924,40.6004],[140.46928,40.60059],[140.46943,40.60058],[140.46983,40.602]]]},"properties":{"key":"022020210","name":"大字鍛冶町","pref":"青森県","prefCode":"02","municipality":"弘前市","areaM2":17875.817,"population":17,"toponymIds":["02-01fcaadb74"]}},{"type":"Feature","geometry":{"type":"Polygon","coordinates":[[[140.37168,40.62405],[140.36857,40.62415],[140.36837,40.624],[140.36784,40.62289],[140.3668,40.62295],[140.36597,40.62247],[140.36508,40.62254],[140.36501,40.62273],[140.36437,40.62288],[140.36288,40.62279],[140.36095,40.62182],[140.35919,40.62025],[140.35848,40.62044],[140.35456,40.62072],[140.35249,40.62138],[140.35178,40.62197],[140.35032,40.62377],[140.34905,40.62477],[140.34857,40.62591],[140.34954,40.62587],[140.35035,40.62624],[140.35215,40.62616],[140.35351,40.62665],[140.35471,40.62748],[140.35574,40.62866],[140.35732,40.62946],[140.35826,40.63063],[140.35882,40.63082],[140.36007,40.63057],[140.36655,40.62811],[140.36993,40.62568],[140.37097,40.62455],[140.37168,40.62405]]]},"properties":{"key":"022024070","name":"大字高岡","pref":"青森県","prefCode":"02","municipality":"弘前市","areaM2":1211175.284,"population":161,"toponymIds":["02-2555030828"]}},{"type":"Feature","geometry":{"type":"Polygon","coordinates":[[[140.48836,40.57546],[140.48759,40.57536],[140.48694,40.57818],[140.48838,40.57835],[140.48898,40.57764],[140.49061,40.57639],[140.48937,40.57565],[140.48836,40.57546]]]},"properties":{"key":"02202235001","name":"大字安原一丁目","pref":"青森県","prefCode":"02","municipality":"弘前市","areaM2":61599.294,"population":422,"toponymIds":["02-69f72f542e"]}},{"type":"Feature","geometry":{"type":"Polygon","coordinates":[[[141.48941,40.5063],[141.48947,40.50618],[141.48849,40.50622],[141.48743,40.50597],[141.48644,40.50546],[141.48583,40.50645],[141.486,40.50654],[141.48671,40.50588],[141.48852,40.50692],[141.48885,40.50681],[141.48896,40.50651],[141.48941,40.5063]]]},"properties":{"key":"022030300","name":"大字本鍛冶町","pref":"青森県","prefCode":"02","municipality":"八戸市","areaM2":14522.942,"population":95,"toponymIds":["02-4753e8cd4b"]}},{"type":"Feature","geometry":{"type":"Polygon","coordinates":[[[141.49294,40.50664],[141.49322,40.50624],[141.49341,40.50626],[141.49461,40.5047],[141.49402,40.5046],[141.49384,40.50438],[141.4939,40.50408],[141.49353,40.50395],[141.49306,40.50447],[141.49344,40.50456],[141.49342,40.50473],[141.49309,40.50519],[141.49276,40.50511],[141.49255,40.50574],[141.49204,40.50648],[141.49281,40.50679],[141.49294,40.50664]]]},"properties":{"key":"022030260","name":"大字鍛冶町","pref":"青森県","prefCode":"02","municipality":"八戸市","areaM2":27166.355,"population":123,"toponymIds":["02-85c3e05397"]}},{"type":"Feature","geometry":{"type":"Polygon","coordinates":[[[141.48967,40.51124],[141.48887,40.51084],[141.489,40.51069],[141.48714,40.50997],[141.48645,40.51075],[141.48675,40.51103],[141.48695,40.51085],[141.48794,40.51134],[141.48832,40.51085],[141.48954,40.51145],[141.48967,40.51124]]]},"properties":{"key":"022030060","name":"大字馬場町","pref":"青森県","prefCode":"02","municipality":"八戸市","areaM2":17485.167,"population":42,"toponymIds":["02-22eb9ef599"]}},{"type":"Feature","geometry":{"type":"Polygon","coordinates":[[[141.46897,40.52995],[141.46855,40.5297],[141.46796,40.53008],[141.46912,40.53105],[141.46994,40.53207],[141.47146,40.53306],[141.47199,40.53384],[141.47202,40.53488],[141.47438,40.53503],[141.47483,40.53442],[141.47432,40.53425],[141.47462,40.53385],[141.47288,40.53291],[141.47,40.53057],[141.46897,40.52995]]]},"properties":{"key":"022030700","name":"河原木","pref":"青森県","prefCode":"02","municipality":"八戸市","areaM2":87991.62,"population":300,"toponymIds":["02-29b309af10","02-49dbbe9d34","02-fe370e18e5","02-762c023758","02-bc594753aa"]}},{"type":"Feature","geometry":{"type":"Polygon","coordinates":[[[141.48956,40.50453],[141.49137,40.50464],[141.49172,40.50453],[141.49161,40.50438],[141.49381,40.50349],[141.49378,40.50311],[141.49304,40.50214],[141.49129,40.50103],[141.48989,40.5011],[141.48893,40.50084],[141.48775,40.50016],[141.48685,40.50091],[141.48668,40.502],[141.48706,40.50239],[141.48721,40.50289],[141.48659,40.50425],[141.48805,40.50539],[141.48978,40.50587],[141.48956,40.50453]]]},"properties":{"key":"02203038001","name":"長者一丁目","pref":"青森県","prefCode":"02","municipality":"八戸市","areaM2":228271.276,"population":550,"toponymIds":["02-7aeedb0dc8"]}},{"type":"Feature","geometry":{"type":"Polygon","coordinates":[[[140.62029,40.67675],[140.62035,40.67644],[140.6209,40.67647],[140.62238,40.67272],[140.62286,40.67041],[140.62177,40.66798],[140.62078,40.66643],[140.62044,40.66604],[140.61957,40.66602],[140.61868,40.66634],[140.61978,40.66774],[140.61712,40.66876],[140.61688,40.66902],[140.61741,40.66927],[140.61768,40.66922],[140.6177,40.66949],[140.61797,40.66953],[140.61821,40.66989],[140.61702,40.6742],[140.61788,40.67593],[140.61775,40.67676],[140.61913,40.6771],[140.62029,40.67675]]]},"properties":{"key":"022040920","name":"大字三島","pref":"青森県","prefCode":"02","municipality":"黒石市","areaM2":401597.905,"population":183,"toponymIds":["02-782fe4f80f"]}},{"type":"Feature","geometry":{"type":"Polygon","coordinates":[[[140.65667,40.61665],[140.65771,40.6166],[140.65929,40.61626],[140.66108,40.6152],[140.66356,40.61493],[140.66391,40.61448],[140.66455,40.61424],[140.66468,40.61377],[140.66618,40.61247],[140.6665,40.61176],[140.6672,40.61117],[140.66939,40.60994],[140.67008,40.6097],[140.67043,40.60974],[140.67064,40.60944],[140.67012,40.60929],[140.66927,40.60947],[140.6684,40.6099],[140.66808,40.60981],[140.66684,40.61004],[140.66621,40.60991],[140.66523,40.61028],[140.66493,40.61005],[140.66382,40.60981],[140.66325,40.60949],[140.66205,40.60997],[140.66029,40.6102],[140.66063,40.61089],[140.66122,40.61092],[140.66054,40.61164],[140.65893,40.61277],[140.65971,40.6134],[140.66028,40.613],[140.66099,40.61347],[140.65944,40.61403],[140.6586,40.61528],[140.65623,40.61553],[140.65592,40.61609],[140.65595,40.6166],[140.65557,40.61703],[140.65667,40.61665]]]},"properties":{"key":"022041370","name":"大字上山形","pref":"青森県","prefCode":"02","municipality":"黒石市","areaM2":348722.859,"population":96,"toponymIds":["02-d975756666","02-c48afdcf20","02-6bd0016510"]}},{"type":"Feature","geometry":{"type":"Polygon","coordinates":[[[140.60657,40.66733],[140.60601,40.66709],[140.60527,40.66838],[140.60538,40.66863],[140.60477,40.67006],[140.60735,40.67081],[140.60705,40.66939],[140.60776,40.66802],[140.60657,40.66733]]]},"properties":{"key":"022041750","name":"大字下目内沢","pref":"青森県","prefCode":"02","municipality":"黒石市","areaM2":58758.051,"population":152,"toponymIds":["02-388c5bf458","02-cb39376cc3","02-0e2bb1a2c5"]}},{"type":"Feature","geometry":{"type":"Polygon","coordinates":[[[140.59381,40.67073],[140.59378,40.67045],[140.59209,40.67061],[140.59522,40.66477],[140.59592,40.66264],[140.58912,40.65848],[140.58567,40.6617],[140.57784,40.65687],[140.57494,40.6596],[140.57588,40.6602],[140.57498,40.66102],[140.5897,40.67008],[140.58894,40.67081],[140.58987,40.67299],[140.59049,40.67381],[140.58992,40.67471],[140.59177,40.67458],[140.59407,40.67269],[140.59381,40.67073]]]},"properties":{"key":"022040790","name":"大字北田中","pref":"青森県","prefCode":"02","municipality":"黒石市","areaM2":1453247.782,"population":114,"toponymIds":["02-0cdf94a431","02-7fed8d9cb0","02-278fff2899"]}},{"type":"Feature","geometry":{"type":"Polygon","coordinates":[[[140.68992,40.63362],[140.69064,40.63351],[140.69125,40.63367],[140.69297,40.63473],[140.69474,40.63485],[140.69554,40.63458],[140.69619,40.63411],[140.69847,40.63134],[140.70023,40.63048],[140.70103,40.62985],[140.7014,40.63008],[140.70254,40.62829],[140.70367,40.62717],[140.7049,40.6269],[140.70716,40.62725],[140.70872,40.62688],[140.70543,40.62535],[140.70457,40.62371],[140.70363,40.62293],[140.70337,40.6224],[140.70341,40.62159],[140.7037,40.62107],[140.70292,40.62125],[140.70085,40.62109],[140.69652,40.61993],[140.69429,40.61895],[140.69135,40.6167],[140.6887,40.61575],[140.68659,40.6115],[140.68623,40.60975],[140.68768,40.60891],[140.68885,40.6073],[140.68523,40.60747],[140.68496,40.60726],[140.68303,40.60755],[140.68216,40.60722],[140.68131,40.60779],[140.68114,40.60809],[140.68022,40.60828],[140.67952,40.60737],[140.67921,40.60659],[140.67761,40.607],[140.67649,40.60767],[140.67517,40.60816],[140.67561,40.60876],[140.67498,40.60881],[140.67474,40.60945],[140.6751,40.61043],[140.67566,40.61103],[140.67677,40.61165],[140.67715,40.6123],[140.67834,40.61294],[140.6791,40.61314],[140.67968,40.61414],[140.68088,40.6146],[140.68233,40.61586],[140.68297,40.61656],[140.68312,40.61743],[140.68351,40.61796],[140.68385,40.61895],[140.68471,40.62011],[140.6848,40.62058],[140.68518,40.62047],[140.68577,40.62103],[140.68429,40.62252],[140.68332,40.62264],[140.68315,40.623],[140.6811,40.62294],[140.68082,40.62302],[140.68076,40.62329],[140.67936,40.62352],[140.67905,40.62341],[140.67857,40.6245],[140.67742,40.625],[140.67711,40.62532],[140.67714,40.62588],[140.67772,40.62653],[140.67755,40.62759],[140.67922,40.62984],[140.68172,40.62814],[140.68204,40.62811],[140.68339,40.62857],[140.68352,40.62979],[140.68368,40.63005],[140.68521,40.63117],[140.68684,40.63315],[140.68433,40.6325],[140.68357,40.63268],[140.68286,40.63312],[140.68198,40.63294],[140.68155,40.63318],[140.68089,40.63319],[140.6813,40.6335],[140.68314,40.63368],[140.685,40.63414],[140.68516,40.63441],[140.68511,40.63477],[140.68471,40.63545],[140.68527,40.63739],[140.68612,40.63708],[140.68932,40.63402],[140.68992,40.63362]]]},"properties":{"key":"022041310","name":"大字南中野","pref":"青森県","prefCode":"02","municipality":"黒石市","areaM2":3919527.0,"population":260,"toponymIds":["02-2f566061e9","02-3e60c5fe7c"]}},{"type":"Feature","geometry":{"type":"Polygon","coordinates":[[[140.5689,40.66081],[140.56971,40.66007],[140.57059,40.66061],[140.57976,40.65195],[140.57712,40.65249],[140.57672,40.6519],[140.57683,40.65168],[140.57462,40.65214],[140.57447,40.65176],[140.57465,40.65159],[140.57465,40.65132],[140.57431,40.65098],[140.57391,40.65156],[140.5733,40.65142],[140.57253,40.6516],[140.57211,40.65137],[140.57145,40.6515],[140.57064,40.65211],[140.57011,40.65219],[140.56972,40.65257],[140.56764,40.65338],[140.56654,40.65414],[140.56633,40.65449],[140.56632,40.65556],[140.56607,40.65578],[140.56595,40.65675],[140.56574,40.65715],[140.56581,40.6585],[140.56503,40.65995],[140.56467,40.66029],[140.56759,40.66206],[140.5689,40.66081]]]},"properties":{"key":"022041630","name":"大字境松","pref":"青森県","prefCode":"02","municipality":"黒石市","areaM2":741931.63,"population":83,"toponymIds":["02-f0cf0fbc31"]}},{"type":"Feature","geometry":{"type":"Polygon","coordinates":[[[140.72969,40.66579],[140.72983,40.66521],[140.73093,40.66455],[140.73178,40.66372],[140.73192,40.66273],[140.73227,40.66254],[140.7356,40.66223],[140.7379,40.66141],[140.74079,40.66109],[140.74473,40.66209],[140.74643,40.66222],[140.74656,40.66209],[140.7482,40.66296],[140.74991,40.66309],[140.75214,40.66296],[140.75284,40.66264],[140.76023,40.66125],[140.76088,40.66094],[140.7613,40.66116],[140.7618,40.66188],[140.76217,40.6643],[140.76367,40.66598],[140.76399,40.66611],[140.76638,40.66605],[140.76664,40.6657],[140.76767,40.6653],[140.76868,40.66406],[140.76964,40.66356],[140.77074,40.66222],[140.77132,40.6611],[140.77259,40.6604],[140.77286,40.6592],[140.77378,40.65867],[140.77475,40.65774],[140.77538,40.65578],[140.77737,40.65505],[140.78018,40.65519],[140.7807,40.65452],[140.78086,40.65391],[140.7826,40.65263],[140.78351,40.65126],[140.78599,40.64946],[140.78787,40.64873],[140.78934,40.64878],[140.79116,40.64858],[140.79354,40.64754],[140.79491,40.64751],[140.79644,40.648],[140.79761,40.64813],[140.79999,40.64694],[140.80345,40.64641],[140.80544,40.64556],[140.80608,40.64512],[140.80842,40.64292],[140.81089,40.64133],[140.81157,40.64107],[140.81323,40.63864],[140.81897,40.63297],[140.817,40.6323],[140.81523,40.63144],[140.81372,40.63043],[140.81209,40.62836],[140.81156,40.62643],[140.81173,40.62306],[140.80691,40.62352],[140.80325,40.6235],[140.80251,40.62334],[140.80168,40.6227],[140.79998,40.62243],[140.79882,40.62244],[140.79111,40.6231],[140.78375,40.62428],[140.78315,40.6246],[140.7827,40.62517],[140.78241,40.62586],[140.78119,40.63204],[140.78058,40.63305],[140.77725,40.63561],[140.77594,40.6368],[140.77481,40.63835],[140.77416,40.63965],[140.77293,40.64132],[140.77264,40.64203],[140.77283,40.64402],[140.77229,40.64446],[140.77091,40.64476],[140.77017,40.64533],[140.77,40.64603],[140.77036,40.64731],[140.77029,40.6477],[140.76977,40.64821],[140.76888,40.64869],[140.76571,40.64949],[140.76308,40.64946],[140.75985,40.64901],[140.75656,40.64831],[140.75444,40.64765],[140.75199,40.64665],[140.74634,40.64375],[140.74239,40.64196],[140.74171,40.64183],[140.74035,40.64188],[140.73978,40.64178],[140.73835,40.6411],[140.7372,40.64111],[140.73387,40.63992],[140.73351,40.63964],[140.73331,40.63896],[140.73241,40.63925],[140.72824,40.63783],[140.72685,40.63765],[140.72496,40.63771],[140.7245,40.63648],[140.72364,40.63626],[140.724,40.63573],[140.72391,40.63559],[140.72229,40.63469],[140.71701,40.63272],[140.71162,40.62998],[140.71079,40.62937],[140.70975,40.62775],[140.70872,40.62688],[140.70716,40.62725],[140.7049,40.6269],[140.70367,40.62717],[140.70254,40.62829],[140.7014,40.63008],[140.70103,40.62985],[140.70023,40.63048],[140.69847,40.63134],[140.69619,40.63411],[140.69554,40.63458],[140.69474,40.63485],[140.69297,40.63473],[140.69125,40.63367],[140.69064,40.63351],[140.68992,40.63362],[140.68932,40.63402],[140.68612,40.63708],[140.68527,40.63739],[140.68155,40.637],[140.68101,40.63683],[140.68003,40.63611],[140.67916,40.63618],[140.67762,40.63685],[140.67762,40.63742],[140.67803,40.63821],[140.67782,40.64082],[140.67827,40.64295],[140.67832,40.64424],[140.67918,40.64565],[140.68043,40.64648],[140.68101,40.64711],[140.68101,40.64768],[140.68076,40.64835],[140.68095,40.64881],[140.68247,40.64902],[140.68497,40.65004],[140.68534,40.65074],[140.68584,40.65306],[140.68613,40.65366],[140.68613,40.6542],[140.68583,40.65458],[140.68579,40.65493],[140.68587,40.65608],[140.68659,40.65903],[140.68843,40.65897],[140.69011,40.65836],[140.69098,40.65825],[140.69246,40.6596],[140.69331,40.65963],[140.69406,40.66005],[140.69551,40.6605],[140.69679,40.6597],[140.69829,40.65944],[140.70019,40.6581],[140.70159,40.6567],[140.70152,40.65683],[140.70207,40.6569],[140.70289,40.65755],[140.70372,40.65861],[140.70483,40.6612],[140.70513,40.66156],[140.70577,40.66181],[140.70681,40.66173],[140.70832,40.66189],[140.70964,40.66133],[140.71054,40.66135],[140.71123,40.66176],[140.712,40.66196],[140.7145,40.66207],[140.71558,40.66188],[140.71604,40.66211],[140.7169,40.66367],[140.71805,40.66343],[140.71872,40.66348],[140.72009,40.66432],[140.72133,40.66416],[140.72185,40.66424],[140.7235,40.66573],[140.72669,40.66579],[140.72818,40.66638],[140.7295,40.66622],[140.72969,40.66579]]]},"properties":{"key":"022041290","name":"大字大川原","pref":"青森県","prefCode":"02","municipality":"黒石市","areaM2":28659833.634,"population":113,"toponymIds":["02-4614a0d0d1","02-6196ad94c3"]}},{"type":"Feature","geometry":{"type":"Polygon","coordinates":[[[140.59559,40.67927],[140.59709,40.67862],[140.59772,40.67947],[140.59999,40.67855],[140.60024,40.67814],[140.60089,40.67765],[140.60203,40.67727],[140.60226,40.6769],[140.60297,40.67666],[140.60459,40.6747],[140.59968,40.67314],[140.59958,40.6734],[140.60016,40.67473],[140.59847,40.67519],[140.59694,40.67331],[140.5962,40.67089],[140.59617,40.67026],[140.59378,40.67045],[140.59453,40.67658],[140.59276,40.6771],[140.59084,40.67794],[140.59077,40.6791],[140.58795,40.68031],[140.58982,40.68281],[140.59581,40.68026],[140.59518,40.67943],[140.59559,40.67927]]]},"properties":{"key":"022040810","name":"大字小屋敷","pref":"青森県","prefCode":"02","municipality":"黒石市","areaM2":682624.882,"population":225,"toponymIds":["02-58a237b6bf","02-0f0b3aa18b","02-44807c8380","02-93bb308748"]}},{"type":"Feature","geometry":{"type":"Polygon","coordinates":[[[140.59558,40.68724],[140.59597,40.68569],[140.5929,40.68703],[140.58795,40.68031],[140.59077,40.6791],[140.59084,40.67794],[140.59276,40.6771],[140.59453,40.67658],[140.59407,40.67269],[140.59177,40.67458],[140.58992,40.67471],[140.58912,40.67523],[140.58753,40.67734],[140.58685,40.67855],[140.58593,40.68095],[140.58545,40.68181],[140.58631,40.68288],[140.5868,40.68286],[140.58672,40.68334],[140.58685,40.68368],[140.58607,40.68504],[140.58636,40.68508],[140.58568,40.68963],[140.58773,40.69036],[140.59264,40.69097],[140.59405,40.69042],[140.5945,40.6899],[140.59517,40.68857],[140.59558,40.68724]]]},"properties":{"key":"022041660","name":"大字東馬場尻","pref":"青森県","prefCode":"02","municipality":"黒石市","areaM2":845317.167,"population":228,"toponymIds":["02-f0bf6ab6bf","02-5ad5493f5d","02-7c832236e6","02-cafaf14004"]}},{"type":"Feature","geometry":{"type":"Polygon","coordinates":[[[140.67529,40.61059],[140.67474,40.6097],[140.67498,40.60881],[140.67561,40.60876],[140.67517,40.60816],[140.67373,40.60794],[140.67037,40.60644],[140.66919,40.60623],[140.66555,40.6063],[140.66469,40.60661],[140.66439,40.607],[140.66357,40.60912],[140.66325,40.60949],[140.66382,40.60981],[140.66493,40.61005],[140.66523,40.61028],[140.66621,40.60991],[140.66684,40.61004],[140.66808,40.60981],[140.6684,40.6099],[140.66927,40.60947],[140.67012,40.60929],[140.67064,40.60944],[140.67043,40.60974],[140.67219,40.61083],[140.67315,40.611],[140.67382,40.61064],[140.67426,40.61057],[140.67553,40.61107],[140.67566,40.61103],[140.67529,40.61059]]]},"properties":{"key":"022041360","name":"大字温湯","pref":"青森県","prefCode":"02","municipality":"黒石市","areaM2":351961.555,"population":390,"toponymIds":["02-4d916f0e97"]}},{"type":"Feature","geometry":{"type":"Polygon","coordinates":[[[140.61479,40.6353],[140.61599,40.63495],[140.61755,40.63408],[140.61773,40.63361],[140.6189,40.63263],[140.6202,40.63237],[140.62235,40.63105],[140.62318,40.63111],[140.62635,40.63188],[140.62866,40.63124],[140.62944,40.63052],[140.62985,40.63046],[140.63004,40.63136],[140.63112,40.6332],[140.63142,40.63437],[140.63312,40.63385],[140.63581,40.63371],[140.6382,40.63242],[140.63908,40.6317],[140.64009,40.63146],[140.63903,40.63083],[140.63863,40.63031],[140.63749,40.62939],[140.63735,40.62894],[140.63663,40.62878],[140.63559,40.62897],[140.63476,40.62865],[140.63443,40.6283],[140.6338,40.62815],[140.63454,40.6277],[140.63597,40.62617],[140.63713,40.62527],[140.63712,40.62472],[140.63606,40.6239],[140.63717,40.62298],[140.63752,40.62241],[140.6382,40.62182],[140.6388,40.62058],[140.63877,40.62014],[140.63924,40.6192],[140.64102,40.6181],[140.64164,40.6173],[140.64368,40.61654],[140.64441,40.61579],[140.63892,40.61564],[140.63736,40.61618],[140.63693,40.61658],[140.63667,40.61726],[140.63673,40.6189],[140.63658,40.61983],[140.63623,40.62047],[140.63528,40.62132],[140.63173,40.62335],[140.62831,40.6247],[140.62673,40.62573],[140.62578,40.62661],[140.62494,40.62682],[140.62302,40.62827],[140.61542,40.63101],[140.61537,40.63225],[140.61491,40.6329],[140.61322,40.63449],[140.61308,40.6349],[140.61251,40.63526],[140.61198,40.63527],[140.61142,40.63562],[140.61227,40.63618],[140.61346,40.63562],[140.61479,40.6353]]]},"properties":{"key":"022041430","name":"大字石名坂","pref":"青森県","prefCode":"02","municipality":"黒石市","areaM2":1588265.939,"population":317,"toponymIds":["02-34fb89f14a"]}},{"type":"Feature","geometry":{"type":"Polygon","coordinates":[[[140.64403,40.62737],[140.64421,40.62718],[140.64456,40.62716],[140.64423,40.62642],[140.64447,40.62499],[140.64541,40.62465],[140.64651,40.6245],[140.64652,40.62421],[140.64826,40.62404],[140.64914,40.62338],[140.64992,40.62308],[140.65056,40.62228],[140.65137,40.62211],[140.65151,40.62167],[140.65505,40.62019],[140.6586,40.61772],[140.65957,40.61757],[140.66124,40.61596],[140.66257,40.61504],[140.66108,40.6152],[140.65973,40.61607],[140.65902,40.61634],[140.65687,40.61664],[140.65568,40.61791],[140.65436,40.61802],[140.65322,40.61873],[140.65237,40.6189],[140.6516,40.61884],[140.6503,40.61838],[140.64959,40.61843],[140.64873,40.61876],[140.64842,40.61716],[140.64648,40.61684],[140.64518,40.61634],[140.64441,40.61579],[140.64368,40.61654],[140.64164,40.6173],[140.64102,40.6181],[140.63924,40.6192],[140.63877,40.62014],[140.6388,40.62058],[140.6382,40.62182],[140.63605,40.62396],[140.63712,40.62472],[140.63713,40.62527],[140.63826,40.62579],[140.63889,40.62634],[140.64083,40.62488],[140.64119,40.6252],[140.64092,40.62572],[140.64053,40.62603],[140.64058,40.62701],[140.64318,40.62827],[140.64403,40.62737]]]},"properties":{"key":"022041410","name":"大字花巻","pref":"青森県","prefCode":"02","municipality":"黒石市","areaM2":1156333.201,"population":405,"toponymIds":["02-18827a344a","02-8269923de4"]}},{"type":"Feature","geometry":{"type":"Polygon","coordinates":[[[140.58568,40.68963],[140.58636,40.68508],[140.58607,40.68504],[140.58685,40.68368],[140.58672,40.68334],[140.5868,40.68286],[140.58631,40.68288],[140.58545,40.68181],[140.58593,40.68095],[140.58685,40.67855],[140.58753,40.67734],[140.58884,40.67547],[140.58992,40.67471],[140.59049,40.67381],[140.58987,40.67299],[140.58894,40.67081],[140.5897,40.67008],[140.57498,40.66102],[140.57344,40.66249],[140.57442,40.66307],[140.56885,40.66833],[140.57092,40.67097],[140.57092,40.67125],[140.57053,40.6716],[140.57136,40.67298],[140.57211,40.67271],[140.57531,40.67788],[140.57645,40.67751],[140.57654,40.68011],[140.5781,40.68018],[140.57769,40.68484],[140.57745,40.68512],[140.57868,40.68522],[140.57825,40.68741],[140.57883,40.68729],[140.58004,40.68751],[140.58098,40.68802],[140.58206,40.68912],[140.58276,40.68944],[140.58568,40.68963]]]},"properties":{"key":"022041650","name":"大字西馬場尻","pref":"青森県","prefCode":"02","municipality":"黒石市","areaM2":2957443.17,"population":601,"toponymIds":["02-2c53f1f28c","02-0e4a427b25"]}},{"type":"Feature","geometry":{"type":"Polygon","coordinates":[[[140.6021,40.67963],[140.60203,40.6789],[140.60164,40.67883],[140.60132,40.67858],[140.60297,40.67666],[140.60226,40.6769],[140.60203,40.67727],[140.60089,40.67765],[140.60024,40.67814],[140.59999,40.67855],[140.59772,40.67947],[140.59709,40.67862],[140.59518,40.67943],[140.59581,40.68026],[140.58982,40.68281],[140.5929,40.68703],[140.59597,40.68569],[140.59662,40.68388],[140.60073,40.68179],[140.60119,40.68118],[140.60144,40.6803],[140.60172,40.68026],[140.6021,40.67963]]]},"properties":{"key":"022040820","name":"大字飛内","pref":"青森県","prefCode":"02","municipality":"黒石市","areaM2":471658.273,"population":177,"toponymIds":["02-13a9e6183f","02-da62413569","02-4a3e063502"]}},{"type":"Feature","geometry":{"type":"Polygon","coordinates":[[[140.58716,40.65728],[140.59043,40.65415],[140.58648,40.65058],[140.58221,40.65146],[140.58205,40.65084],[140.5823,40.65034],[140.58183,40.64909],[140.57696,40.65028],[140.57841,40.65098],[140.57668,40.65138],[140.57683,40.65168],[140.57672,40.6519],[140.57712,40.65249],[140.57976,40.65195],[140.57295,40.65837],[140.57494,40.6596],[140.57784,40.65687],[140.58369,40.66049],[140.58716,40.65728]]]},"properties":{"key":"022041640","name":"大字黒石","pref":"青森県","prefCode":"02","municipality":"黒石市","areaM2":941491.573,"population":940,"toponymIds":["02-6b41455689"]}},{"type":"Feature","geometry":{"type":"Polygon","coordinates":[[[141.1868,40.64845],[141.18796,40.64772],[141.1898,40.64798],[141.19169,40.6478],[141.19227,40.64756],[141.1928,40.64688],[141.1929,40.64629],[141.19366,40.64542],[141.19408,40.64439],[141.19425,40.64437],[141.19553,40.64303],[141.1958,40.64206],[141.19635,40.64189],[141.19657,40.64141],[141.19661,40.64081],[141.1968,40.6406],[141.19676,40.64024],[141.19725,40.63942],[141.19726,40.63897],[141.19985,40.63808],[141.2003,40.63777],[141.2009,40.63767],[141.20211,40.63795],[141.20367,40.63802],[141.22472,40.6408],[141.22468,40.64097],[141.22574,40.64114],[141.22577,40.64099],[141.236,40.64241],[141.23804,40.63893],[141.23801,40.63735],[141.23824,40.6355],[141.23913,40.63287],[141.24102,40.62936],[141.244,40.62738],[141.24583,40.62778],[141.24641,40.62806],[141.24688,40.62852],[141.24791,40.62791],[141.24979,40.62805],[141.25132,40.62825],[141.25334,40.62937],[141.25372,40.62936],[141.25406,40.62915],[141.25401,40.62876],[141.2536,40.62794],[141.25305,40.62767],[141.25233,40.62654],[141.25229,40.62609],[141.25247,40.62583],[141.25234,40.62542],[141.25258,40.62485],[141.25263,40.62408],[141.25238,40.62383],[141.25254,40.62351],[141.25132,40.62197],[141.2515,40.62028],[141.25266,40.61895],[141.25417,40.61824],[141.25687,40.61767],[141.25681,40.61647],[141.2574,40.61639],[141.25745,40.61548],[141.25875,40.61539],[141.25893,40.61636],[141.26667,40.61544],[141.26679,40.61648],[141.27471,40.61551],[141.27453,40.61007],[141.27598,40.60989],[141.27591,40.60726],[141.27527,40.60706],[141.276,40.60646],[141.27678,40.60522],[141.27738,40.60471],[141.2773,40.60352],[141.27699,40.6032],[141.27652,40.60207],[141.2758,40.60228],[141.2757,40.60207],[141.27447,40.60233],[141.27401,40.60272],[141.27341,40.60294],[141.27354,40.60311],[141.27275,40.6034],[141.26559,40.60539],[141.26573,40.60567],[141.26154,40.60694],[141.25906,40.6073],[141.25787,40.60731],[141.25485,40.60719],[141.25064,40.60528],[141.24903,40.60368],[141.23987,40.60267],[141.23074,40.61409],[141.23403,40.61405],[141.23384,40.61552],[141.23253,40.61645],[141.23054,40.619],[141.23109,40.61962],[141.23104,40.61953],[141.23187,40.61933],[141.23261,40.61864],[141.23415,40.61865],[141.23457,40.61846],[141.23514,40.6185],[141.23609,40.61779],[141.23923,40.61798],[141.23972,40.61773],[141.24077,40.61764],[141.24062,40.61721],[141.24329,40.61686],[141.24405,40.61654],[141.2438,40.61753],[141.24408,40.61979],[141.24272,40.62144],[141.24193,40.62438],[141.24164,40.62492],[141.23927,40.6274],[141.23794,40.62762],[141.23818,40.62874],[141.23367,40.62787],[141.22893,40.62725],[141.22876,40.62741],[141.22918,40.63371],[141.22585,40.63384],[141.22575,40.63222],[141.2255,40.6321],[141.21708,40.6309],[141.21733,40.63035],[141.21546,40.62992],[141.21499,40.62947],[141.21416,40.62925],[141.2141,40.62942],[141.21323,40.62941],[141.21323,40.62907],[141.21286,40.62878],[141.21054,40.62945],[141.20864,40.62694],[141.20749,40.62638],[141.20682,40.62585],[141.20627,40.62722],[141.19941,40.62652],[141.19743,40.62673],[141.19416,40.62576],[141.19477,40.6242],[141.19849,40.61896],[141.19024,40.61704],[141.18566,40.62317],[141.18975,40.62441],[141.1878,40.62707],[141.18814,40.62718],[141.18847,40.62849],[141.18837,40.63104],[141.18866,40.6321],[141.18865,40.63318],[141.18834,40.63459],[141.18807,40.63951],[141.18642,40.64003],[141.18584,40.6404],[141.18581,40.64082],[141.18609,40.64096],[141.18593,40.64149],[141.18517,40.64182],[141.18496,40.64211],[141.18534,40.64256],[141.18526,40.64304],[141.18556,40.64356],[141.18531,40.64437],[141.18557,40.64488],[141.18668,40.64598],[141.18731,40.64637],[141.18732,40.64691],[141.18675,40.64769],[141.18616,40.64812],[141.18603,40.64802],[141.18522,40.64839],[141.18623,40.64894],[141.18643,40.64892],[141.1868,40.64845]]]},"properties":{"key":"022060309","name":"大字三本木","pref":"青森県","prefCode":"02","municipality":"十和田市","areaM2":12497986.648,"population":10677,"toponymIds":["02-2fe593d106","02-b9a3ad9e55","02-0854d5b373"]}},{"type":"Feature","geometry":{"type":"Polygon","coordinates":[[[141.28539,40.58866],[141.28536,40.58809],[141.28556,40.58771],[141.28667,40.58709],[141.28776,40.58699],[141.28831,40.5866],[141.28892,40.58512],[141.29074,40.58463],[141.29199,40.58402],[141.29256,40.58353],[141.29326,40.58222],[141.29331,40.58069],[141.29401,40.58035],[141.29597,40.57831],[141.29705,40.57749],[141.29921,40.57644],[141.30179,40.57552],[141.30223,40.57499],[141.30241,40.57402],[141.30218,40.57317],[141.30253,40.57203],[141.30282,40.57165],[141.30268,40.57114],[141.30293,40.57073],[141.30214,40.56839],[141.30337,40.56805],[141.3012,40.56308],[141.2985,40.5625],[141.29902,40.55964],[141.29874,40.55847],[141.29848,40.55831],[141.29768,40.55843],[141.29494,40.55788],[141.29349,40.55782],[141.29103,40.5579],[141.29043,40.55805],[141.29022,40.55851],[141.28974,40.55886],[141.28949,40.5594],[141.28868,40.55968],[141.28985,40.56033],[141.29023,40.56013],[141.29052,40.56106],[141.2912,40.56167],[141.29062,40.56187],[141.29037,40.56139],[141.28908,40.56189],[141.28836,40.56108],[141.28763,40.56057],[141.28689,40.5603],[141.28598,40.56038],[141.28659,40.56094],[141.28682,40.56144],[141.28675,40.56178],[141.28631,40.56219],[141.28524,40.56239],[141.28464,40.56272],[141.28247,40.56306],[141.27501,40.56239],[141.27421,40.5626],[141.27273,40.56212],[141.2732,40.56],[141.26931,40.55995],[141.2675,40.55901],[141.2665,40.55895],[141.26351,40.55944],[141.26303,40.55976],[141.26273,40.56031],[141.26264,40.56072],[141.26301,40.56217],[141.26297,40.56268],[141.2626,40.56278],[141.26218,40.5632],[141.26265,40.56408],[141.26234,40.56557],[141.26268,40.56609],[141.26262,40.56642],[141.26168,40.56646],[141.26156,40.56681],[141.26192,40.56714],[141.26189,40.56767],[141.26014,40.5669],[141.25981,40.56653],[141.25795,40.567],[141.25636,40.56701],[141.25515,40.56726],[141.25484,40.56946],[141.25431,40.56928],[141.25205,40.56957],[141.25304,40.57047],[141.253,40.57262],[141.25239,40.57317],[141.25143,40.57342],[141.25119,40.57366],[141.25138,40.57419],[141.25079,40.57422],[141.25004,40.57485],[141.24836,40.57562],[141.24809,40.57605],[141.24721,40.57619],[141.24791,40.57631],[141.24762,40.57674],[141.24759,40.57721],[141.24807,40.57723],[141.24805,40.57758],[141.24757,40.5776],[141.24757,40.57789],[141.24585,40.57803],[141.24554,40.57869],[141.24548,40.57915],[141.24576,40.58031],[141.24555,40.58102],[141.24583,40.58186],[141.24828,40.5831],[141.25228,40.58425],[141.25442,40.58445],[141.25464,40.58476],[141.25557,40.58512],[141.25736,40.58535],[141.25998,40.58523],[141.26208,40.5846],[141.26312,40.58446],[141.26558,40.58434],[141.2663,40.58445],[141.26806,40.58513],[141.26852,40.58511],[141.26943,40.58544],[141.27093,40.58696],[141.27306,40.58761],[141.2722,40.58846],[141.27445,40.58857],[141.27598,40.58895],[141.28057,40.59169],[141.28471,40.59258],[141.28573,40.59247],[141.2856,40.59187],[141.28479,40.5914],[141.28547,40.59035],[141.28527,40.58954],[141.28539,40.58866]]]},"properties":{"key":"022060420","name":"大字伝法寺","pref":"青森県","prefCode":"02","municipality":"十和田市","areaM2":11304163.712,"population":326,"toponymIds":["02-191f1ba038","02-a7c0e44832"]}},{"type":"Feature","geometry":{"type":"Polygon","coordinates":[[[141.19956,40.59272],[141.20119,40.59184],[141.20167,40.59136],[141.20183,40.59076],[141.20385,40.58974],[141.20435,40.58905],[141.20731,40.58894],[141.20765,40.58873],[141.2083,40.58873],[141.20905,40.58846],[141.21607,40.58783],[141.22017,40.58954],[141.22039,40.58822],[141.22061,40.58831],[141.2207,40.58722],[141.2223,40.58774],[141.22256,40.58626],[141.22005,40.58559],[141.21854,40.58452],[141.21884,40.58316],[141.21774,40.58189],[141.21635,40.58123],[141.21679,40.58067],[141.21727,40.58079],[141.21727,40.58042],[141.21763,40.57972],[141.2165,40.5789],[141.22135,40.57857],[141.22109,40.57668],[141.22169,40.57576],[141.22037,40.57516],[141.2196,40.57516],[141.2192,40.57498],[141.2188,40.57412],[141.21828,40.57403],[141.21767,40.57364],[141.21643,40.57386],[141.21354,40.57243],[141.21254,40.57247],[141.21172,40.572],[141.21226,40.57173],[141.21149,40.57097],[141.21149,40.57055],[141.21105,40.57039],[141.21137,40.57015],[141.21007,40.56838],[141.21123,40.56813],[141.21164,40.56822],[141.21179,40.56792],[141.21538,40.56725],[141.21231,40.56387],[141.21021,40.56256],[141.20785,40.56022],[141.20692,40.55966],[141.20642,40.55949],[141.20598,40.5596],[141.20486,40.5588],[141.20428,40.55857],[141.20184,40.55828],[141.19998,40.55719],[141.19832,40.55877],[141.1965,40.55873],[141.19439,40.55893],[141.19141,40.5602],[141.18958,40.56074],[141.18795,40.55962],[141.18779,40.55976],[141.18675,40.55867],[141.18682,40.55846],[141.18392,40.55755],[141.18429,40.5568],[141.18378,40.55635],[141.18333,40.55655],[141.18298,40.55628],[141.18316,40.55551],[141.18002,40.5531],[141.17943,40.55296],[141.17915,40.55259],[141.17832,40.55207],[141.17672,40.55143],[141.1759,40.55191],[141.17577,40.55243],[141.17544,40.55245],[141.17516,40.55322],[141.17476,40.55333],[141.17433,40.55299],[141.17288,40.55314],[141.17142,40.55264],[141.16975,40.55161],[141.16871,40.55129],[141.16643,40.54882],[141.16519,40.54686],[141.16505,40.54748],[141.16569,40.54879],[141.16558,40.5503],[141.165,40.55159],[141.16467,40.55161],[141.16434,40.55188],[141.16453,40.55225],[141.1643,40.55238],[141.16395,40.55227],[141.16385,40.5519],[141.16434,40.55155],[141.16396,40.55125],[141.16441,40.55084],[141.16415,40.54996],[141.1643,40.54887],[141.16451,40.54865],[141.16423,40.54783],[141.1639,40.54779],[141.16371,40.54729],[141.16305,40.547],[141.16286,40.54656],[141.16227,40.54638],[141.16209,40.5459],[141.16122,40.54539],[141.16097,40.54483],[141.15979,40.54418],[141.15812,40.54253],[141.15667,40.54141],[141.15611,40.54112],[141.15524,40.54098],[141.15375,40.54043],[141.15209,40.53921],[141.15065,40.53855],[141.14913,40.53847],[141.1475,40.53907],[141.14676,40.53901],[141.14523,40.53742],[141.14442,40.53705],[141.1431,40.53688],[141.14248,40.53615],[141.14117,40.53558],[141.14046,40.53466],[141.13897,40.53361],[141.13769,40.53214],[141.13696,40.53177],[141.1353,40.53153],[141.13244,40.52947],[141.12974,40.52856],[141.12771,40.52728],[141.12718,40.52704],[141.12566,40.52725],[141.12483,40.52716],[141.1228,40.52619],[141.12189,40.52693],[141.12125,40.5264],[141.1208,40.52673],[141.12006,40.52683],[141.11826,40.52664],[141.11787,40.52673],[141.11744,40.52656],[141.11348,40.52659],[141.11294,40.52609],[141.11138,40.52583],[141.11045,40.52527],[141.11033,40.5245],[141.10873,40.5226],[141.10807,40.52228],[141.10698,40.5224],[141.10651,40.52208],[141.10533,40.52182],[141.10511,40.5219],[141.10448,40.52156],[141.10383,40.5208],[141.10229,40.52036],[141.10207,40.52001],[141.10025,40.51985],[141.09989,40.51958],[141.0983,40.51966],[141.09556,40.51807],[141.09451,40.51806],[141.09326,40.51757],[141.09149,40.5175],[141.09068,40.51728],[141.08964,40.51627],[141.08798,40.51551],[141.0859,40.515],[141.0833,40.51485],[141.08125,40.51437],[141.08044,40.51389],[141.07964,40.51293],[141.07663,40.51184],[141.07547,40.51082],[141.07151,40.51086],[141.0699,40.50999],[141.06902,40.50903],[141.06717,40.50786],[141.06686,40.5078],[141.06559,40.50837],[141.06178,40.50855],[141.06073,40.50848],[141.0591,40.50794],[141.05723,40.50766],[141.05501,40.50777],[141.05055,40.50663],[141.05,40.50603],[141.04982,40.5051],[141.04756,40.50421],[141.04588,40.50399],[141.04435,40.5032],[141.04313,40.50278],[141.04282,40.50276],[141.04212,40.50317],[141.04115,40.50278],[141.03853,40.50214],[141.03654,40.502],[141.03567,40.50125],[141.03105,40.49963],[141.02999,40.49956],[141.02785,40.5005],[141.02731,40.50057],[141.02567,40.50027],[141.02457,40.49971],[141.02325,40.49992],[141.02168,40.49959],[141.01956,40.49979],[141.01774,40.49949],[141.01602,40.4989],[141.01511,40.50004],[141.01447,40.50035],[141.01411,40.50085],[141.01397,40.50151],[141.01423,40.50274],[141.01484,40.50331],[141.01542,40.50448],[141.01621,40.505],[141.01599,40.50601],[141.01668,40.50676],[141.01754,40.50728],[141.01775,40.50771],[141.01882,40.50868],[141.02002,40.51062],[141.0201,40.51108],[141.02048,40.51172],[141.02045,40.51192],[141.02001,40.51232],[141.01973,40.51386],[141.01915,40.51455],[141.01905,40.51494],[141.01956,40.51623],[141.01954,40.51716],[141.01929,40.51779],[141.01972,40.51829],[141.01983,40.51909],[141.02026,40.52005],[141.02123,40.52147],[141.02265,40.52123],[141.02308,40.52101],[141.02358,40.52049],[141.02434,40.52039],[141.02606,40.51965],[141.02995,40.51952],[141.03152,40.51884],[141.03258,40.51857],[141.03325,40.51797],[141.03475,40.51781],[141.03648,40.51706],[141.03828,40.51688],[141.04049,40.51832],[141.04282,40.51894],[141.04344,40.51889],[141.044,40.51922],[141.04482,40.51936],[141.04573,40.5199],[141.04654,40.52007],[141.04719,40.51999],[141.04754,40.52033],[141.04831,40.52041],[141.04946,40.5213],[141.05022,40.52129],[141.05046,40.52145],[141.05102,40.52331],[141.0509,40.52414],[141.05111,40.52495],[141.05164,40.52535],[141.05214,40.52545],[141.05311,40.52679],[141.05365,40.5268],[141.05461,40.52635],[141.05505,40.52698],[141.0558,40.52726],[141.05606,40.52753],[141.05754,40.52768],[141.05823,40.52791],[141.05872,40.52784],[141.05906,40.52746],[141.05935,40.52737],[141.06029,40.52751],[141.06051,40.52694],[141.0609,40.52678],[141.06262,40.52721],[141.06395,40.52708],[141.06484,40.52756],[141.06585,40.52783],[141.06637,40.52843],[141.06735,40.52891],[141.0683,40.53023],[141.06934,40.53033],[141.06949,40.53089],[141.06976,40.53107],[141.07048,40.53104],[141.07076,40.53195],[141.07024,40.53217],[141.07027,40.5326],[141.07113,40.53375],[141.07102,40.53461],[141.07163,40.53522],[141.07128,40.53586],[141.07127,40.53627],[141.07067,40.53648],[141.07063,40.53695],[141.07031,40.5374],[141.07039,40.53774],[141.07216,40.53814],[141.07222,40.53885],[141.07322,40.53911],[141.07367,40.53989],[141.07484,40.54077],[141.07607,40.54106],[141.07867,40.54094],[141.07972,40.54112],[141.08135,40.54258],[141.08312,40.54304],[141.0839,40.54406],[141.0847,40.54432],[141.08522,40.54523],[141.08618,40.54584],[141.08645,40.54646],[141.08722,40.54668],[141.08806,40.54749],[141.08919,40.54823],[141.08962,40.54836],[141.08988,40.54875],[141.09093,40.54896],[141.09163,40.54973],[141.09245,40.54979],[141.09371,40.55046],[141.09412,40.55084],[141.09407,40.55114],[141.09381,40.55134],[141.09381,40.55182],[141.09416,40.5525],[141.09514,40.55352],[141.09508,40.55445],[141.09477,40.55489],[141.09593,40.55462],[141.09727,40.55453],[141.10332,40.5561],[141.11203,40.55789],[141.11318,40.55801],[141.11375,40.55822],[141.11564,40.55819],[141.11755,40.55845],[141.11871,40.5588],[141.12013,40.55982],[141.12183,40.55977],[141.12355,40.5603],[141.12532,40.56045],[141.12958,40.56214],[141.13591,40.5641],[141.13917,40.56465],[141.14557,40.56521],[141.1464,40.56542],[141.14732,40.566],[141.14804,40.56625],[141.15063,40.56801],[141.15197,40.56868],[141.15274,40.57007],[141.1543,40.57172],[141.15393,40.57211],[141.15475,40.57276],[141.15532,40.57247],[141.15626,40.57348],[141.15716,40.57403],[141.1579,40.57473],[141.15845,40.5747],[141.16007,40.57369],[141.16163,40.57491],[141.16528,40.57677],[141.16716,40.57791],[141.16848,40.57818],[141.17046,40.57819],[141.17113,40.57853],[141.17149,40.57912],[141.17674,40.58028],[141.18473,40.58239],[141.18706,40.58327],[141.18758,40.5837],[141.18933,40.58439],[141.18932,40.58516],[141.18986,40.58606],[141.18952,40.58656],[141.19081,40.58691],[141.19272,40.58806],[141.19757,40.58901],[141.19875,40.59234],[141.19815,40.5924],[141.1981,40.59272],[141.19956,40.59272]]]},"properties":{"key":"022060320","name":"大字切田","pref":"青森県","prefCode":"02","municipality":"十和田市","areaM2":50648239.827,"population":832,"toponymIds":["02-95ee1994ff","02-91963dcaa7","02-e2cf282a09","02-4728c296e0"]}},{"type":"Feature","geometry":{"type":"Polygon","coordinates":[[[141.21633,40.66693],[141.21771,40.6645],[141.21851,40.66426],[141.21876,40.66431],[141.21878,40.6648],[141.21945,40.66578],[141.21953,40.66634],[141.22031,40.66649],[141.22091,40.66687],[141.22122,40.66665],[141.22233,40.6643],[141.22273,40.66385],[141.22268,40.66345],[141.22366,40.66303],[141.22254,40.66112],[141.223,40.66062],[141.22253,40.6604],[141.22455,40.65892],[141.22458,40.65612],[141.22434,40.65572],[141.22538,40.6554],[141.22514,40.65482],[141.22547,40.65439],[141.22611,40.65151],[141.22687,40.65087],[141.22827,40.64852],[141.22828,40.64764],[141.22893,40.64488],[141.23272,40.64536],[141.23459,40.64397],[141.23594,40.6424],[141.22577,40.64099],[141.22574,40.64114],[141.22468,40.64097],[141.22472,40.6408],[141.20074,40.63769],[141.19726,40.63897],[141.19725,40.63942],[141.19676,40.64024],[141.1968,40.6406],[141.19661,40.64081],[141.19657,40.64141],[141.19635,40.64189],[141.1958,40.64206],[141.19553,40.64303],[141.19425,40.64437],[141.19408,40.64439],[141.19366,40.64542],[141.1929,40.64629],[141.1928,40.64688],[141.19227,40.64756],[141.19169,40.6478],[141.1898,40.64798],[141.18796,40.64772],[141.18623,40.64894],[141.18522,40.64839],[141.18603,40.64802],[141.18616,40.64812],[141.18675,40.64769],[141.18732,40.64691],[141.18731,40.64637],[141.18591,40.64527],[141.18531,40.64437],[141.18408,40.64373],[141.1834,40.64379],[141.17781,40.64296],[141.17679,40.64342],[141.17676,40.64374],[141.17645,40.64397],[141.17587,40.64399],[141.17538,40.64478],[141.17501,40.64477],[141.1748,40.64452],[141.17471,40.64463],[141.17283,40.64454],[141.17269,40.6439],[141.17132,40.64375],[141.17137,40.64359],[141.17,40.64298],[141.16973,40.64249],[141.16887,40.6423],[141.16712,40.64155],[141.16371,40.63972],[141.15294,40.63682],[141.15009,40.6351],[141.14829,40.63349],[141.14461,40.63294],[141.14178,40.63202],[141.14153,40.63233],[141.1409,40.63189],[141.14051,40.6312],[141.13977,40.6306],[141.13949,40.63015],[141.1383,40.62939],[141.13825,40.62909],[141.13745,40.62915],[141.13638,40.62894],[141.13621,40.62866],[141.13517,40.62832],[141.13445,40.62775],[141.13391,40.62693],[141.1324,40.62616],[141.13068,40.62453],[141.12856,40.62407],[141.12777,40.62432],[141.12444,40.62388],[141.12399,40.624],[141.12369,40.62436],[141.12344,40.62535],[141.12246,40.62583],[141.12183,40.62672],[141.12108,40.62711],[141.12016,40.62836],[141.11799,40.62976],[141.11695,40.63064],[141.11599,40.63101],[141.11495,40.63205],[141.11467,40.6327],[141.1129,40.63312],[141.11267,40.63342],[141.11335,40.63385],[141.11348,40.63501],[141.11474,40.6365],[141.11572,40.63559],[141.11618,40.63549],[141.11813,40.63638],[141.11804,40.63658],[141.11845,40.63689],[141.11886,40.63693],[141.11963,40.63795],[141.11983,40.63868],[141.1198,40.63933],[141.12014,40.63968],[141.12236,40.64078],[141.12316,40.64147],[141.12667,40.64286],[141.12849,40.6426],[141.12896,40.64236],[141.13034,40.64226],[141.13154,40.64193],[141.13237,40.6416],[141.13291,40.64111],[141.13594,40.64016],[141.13968,40.64027],[141.14139,40.63998],[141.14233,40.63883],[141.14296,40.63888],[141.14384,40.6392],[141.14406,40.63911],[141.14488,40.64005],[141.14533,40.64015],[141.14533,40.64056],[141.14566,40.64071],[141.14563,40.64103],[141.14609,40.64165],[141.14779,40.64274],[141.14798,40.64309],[141.14874,40.64324],[141.14858,40.6443],[141.14873,40.64576],[141.14893,40.64605],[141.14987,40.64653],[141.15066,40.64772],[141.15242,40.64834],[141.15293,40.64866],[141.15353,40.64943],[141.15473,40.64996],[141.15477,40.65023],[141.15349,40.65058],[141.15245,40.65061],[141.15241,40.65095],[141.1499,40.65104],[141.14945,40.65093],[141.14899,40.65107],[141.14791,40.65057],[141.14731,40.65059],[141.14689,40.65039],[141.14673,40.6512],[141.14564,40.65137],[141.14498,40.65389],[141.14618,40.65542],[141.14498,40.65678],[141.15282,40.66128],[141.15478,40.65952],[141.15664,40.66054],[141.15565,40.66141],[141.15637,40.66199],[141.15616,40.66223],[141.15653,40.6626],[141.15619,40.66339],[141.15674,40.66483],[141.15804,40.66547],[141.15817,40.66648],[141.15802,40.66704],[141.15891,40.6686],[141.15958,40.66939],[141.15941,40.66994],[141.15938,40.67112],[141.15974,40.67235],[141.15971,40.67339],[141.16099,40.67351],[141.16126,40.67248],[141.16049,40.67171],[141.16447,40.66923],[141.16216,40.66703],[141.16245,40.66701],[141.16336,40.66562],[141.16421,40.66592],[141.16496,40.66664],[141.16576,40.66706],[141.16701,40.66751],[141.16945,40.66788],[141.17021,40.66765],[141.17163,40.6678],[141.17269,40.66814],[141.17385,40.66912],[141.1751,40.66916],[141.17729,40.66831],[141.18109,40.66838],[141.18198,40.66792],[141.18238,40.66697],[141.18288,40.66655],[141.18362,40.66647],[141.18447,40.66613],[141.18452,40.66559],[141.18542,40.66567],[141.18661,40.66532],[141.18792,40.66609],[141.18909,40.66591],[141.19065,40.66654],[141.19202,40.66755],[141.19286,40.66793],[141.19359,40.66864],[141.19419,40.66835],[141.19612,40.6683],[141.19692,40.66781],[141.19509,40.66774],[141.19416,40.66739],[141.1998,40.66661],[141.20129,40.66661],[141.2033,40.66698],[141.20538,40.66804],[141.21465,40.67525],[141.21697,40.67387],[141.21714,40.6736],[141.21676,40.67183],[141.21631,40.67069],[141.21705,40.66937],[141.21527,40.66876],[141.21633,40.66693]]]},"properties":{"key":"022060340","name":"大字洞内","pref":"青森県","prefCode":"02","municipality":"十和田市","areaM2":23096619.405,"population":2024,"toponymIds":["02-b790da80ab"]}},{"type":"Feature","geometry":{"type":"Polygon","coordinates":[[[140.98952,40.69436],[140.99114,40.69455],[140.99058,40.69349],[140.99033,40.69252],[140.99045,40.69157],[140.99094,40.69061],[140.99225,40.68911],[140.99405,40.68581],[140.99666,40.68415],[140.99825,40.6824],[140.99866,40.68171],[140.99896,40.68102],[140.99902,40.67926],[140.99946,40.67698],[141.00133,40.67475],[141.00186,40.67248],[141.00262,40.67148],[141.0032,40.671],[141.00855,40.66876],[141.00989,40.66861],[141.01215,40.66788],[141.01277,40.66795],[141.01361,40.66832],[141.01412,40.66833],[141.01598,40.66747],[141.01819,40.66679],[141.02006,40.66569],[141.02112,40.66533],[141.02447,40.66495],[141.02617,40.66444],[141.02745,40.66432],[141.03049,40.6649],[141.0326,40.66494],[141.03381,40.66517],[141.03828,40.66523],[141.04138,40.66566],[141.04381,40.66521],[141.04529,40.66566],[141.0457,40.66534],[141.04599,40.66442],[141.04746,40.66207],[141.04926,40.66141],[141.05123,40.66093],[141.05078,40.6596],[141.05082,40.65859],[141.05101,40.65816],[141.0517,40.65774],[141.05306,40.65579],[141.05302,40.65421],[141.05365,40.65279],[141.0553,40.65209],[141.05535,40.65177],[141.05492,40.65061],[141.05608,40.65008],[141.05742,40.6497],[141.05907,40.6487],[141.0596,40.64708],[141.06069,40.64605],[141.06093,40.64525],[141.06171,40.64459],[141.06226,40.64342],[141.06307,40.643],[141.06383,40.64304],[141.06519,40.64215],[141.06607,40.64187],[141.06742,40.64108],[141.06943,40.64078],[141.07082,40.64035],[141.0723,40.64063],[141.07318,40.6405],[141.07364,40.64006],[141.07409,40.63907],[141.07546,40.63848],[141.07576,40.63769],[141.07655,40.63669],[141.07941,40.63495],[141.08146,40.63423],[141.08213,40.63346],[141.08275,40.63317],[141.08327,40.63318],[141.08425,40.63374],[141.08465,40.63433],[141.08551,40.6348],[141.08648,40.63506],[141.08922,40.6353],[141.08989,40.63523],[141.09084,40.63467],[141.09207,40.63453],[141.09588,40.6344],[141.0984,40.63458],[141.09936,40.63429],[141.1015,40.6344],[141.10307,40.63483],[141.10387,40.63474],[141.10487,40.6351],[141.10634,40.63512],[141.10819,40.63539],[141.10969,40.6353],[141.1116,40.63423],[141.1129,40.63312],[141.11467,40.6327],[141.11495,40.63205],[141.11599,40.63101],[141.11695,40.63064],[141.11799,40.62976],[141.12016,40.62836],[141.12108,40.62711],[141.12183,40.62672],[141.12246,40.62583],[141.12344,40.62535],[141.12369,40.62436],[141.12399,40.624],[141.12444,40.62388],[141.12777,40.62432],[141.12856,40.62407],[141.13068,40.62453],[141.1324,40.62616],[141.13391,40.62693],[141.13445,40.62775],[141.13517,40.62832],[141.13621,40.62866],[141.13638,40.62894],[141.13745,40.62915],[141.13825,40.62909],[141.1383,40.62939],[141.13949,40.63015],[141.13977,40.6306],[141.14051,40.6312],[141.1409,40.63189],[141.14153,40.63233],[141.14178,40.63202],[141.14461,40.63294],[141.14829,40.63349],[141.15009,40.6351],[141.15294,40.63682],[141.16371,40.63972],[141.16712,40.64155],[141.16887,40.6423],[141.16973,40.64249],[141.17,40.64298],[141.17137,40.64359],[141.17132,40.64375],[141.17269,40.6439],[141.17283,40.64454],[141.17471,40.64463],[141.1748,40.64452],[141.17501,40.64477],[141.17538,40.64478],[141.17587,40.64399],[141.17645,40.64397],[141.17676,40.64374],[141.17679,40.64342],[141.17781,40.64296],[141.1834,40.64379],[141.18408,40.64373],[141.18531,40.64437],[141.18556,40.64356],[141.18526,40.64304],[141.18534,40.64256],[141.18496,40.64211],[141.18517,40.64182],[141.18593,40.64149],[141.18609,40.64096],[141.18581,40.64082],[141.18584,40.6404],[141.18642,40.64003],[141.18807,40.63951],[141.18834,40.63459],[141.18865,40.63318],[141.18866,40.6321],[141.18837,40.63104],[141.18847,40.62849],[141.18814,40.62718],[141.1878,40.62707],[141.18975,40.62441],[141.18566,40.62317],[141.19024,40.61704],[141.18241,40.61523],[141.17671,40.61411],[141.1693,40.61371],[141.16611,40.61297],[141.16383,40.6095],[141.16358,40.60719],[141.16279,40.60579],[141.16101,40.60763],[141.15648,40.60561],[141.15445,40.60731],[141.14798,40.60462],[141.14621,40.60443],[141.14395,40.60371],[141.14263,40.60367],[141.14121,40.60394],[141.13953,40.60358],[141.13783,40.60353],[141.1332,40.60442],[141.13267,40.60436],[141.13128,40.60367],[141.12975,40.60254],[141.12816,40.60201],[141.1274,40.6012],[141.12641,40.60155],[141.12606,40.60143],[141.1255,40.60099],[141.12456,40.59953],[141.12171,40.5994],[141.12097,40.59921],[141.12049,40.59887],[141.11955,40.59872],[141.11902,40.59878],[141.11721,40.59959],[141.11577,40.59955],[141.11519,40.60354],[141.11468,40.60413],[141.11389,40.60453],[141.11305,40.60523],[141.11282,40.60576],[141.11288,40.60688],[141.1121,40.60762],[141.11098,40.6082],[141.10928,40.60818],[141.10822,40.60887],[141.10703,40.60936],[141.10608,40.61049],[141.10592,40.612],[141.1057,40.61248],[141.10537,40.61274],[141.10422,40.61311],[141.10285,40.61313],[141.10102,40.61443],[141.10075,40.61474],[141.1007,40.61555],[141.1001,40.616],[141.09882,40.61654],[141.0978,40.61852],[141.09727,40.61924],[141.0966,40.61947],[141.09461,40.619],[141.09386,40.6191],[141.09276,40.61987],[141.09153,40.62025],[141.08991,40.62105],[141.08926,40.62188],[141.08762,40.62223],[141.08645,40.62384],[141.08631,40.62454],[141.08607,40.62487],[141.08481,40.62565],[141.08452,40.62648],[141.08354,40.62706],[141.08107,40.62719],[141.08044,40.62754],[141.07967,40.62845],[141.0758,40.62813],[141.07374,40.62839],[141.0731,40.62885],[141.07226,40.62904],[141.07083,40.62911],[141.07008,40.62874],[141.06907,40.62937],[141.06782,40.62939],[141.06642,40.62974],[141.06544,40.62953],[141.06418,40.62981],[141.06284,40.62984],[141.06258,40.62953],[141.06214,40.62953],[141.06003,40.63058],[141.05824,40.6306],[141.05776,40.63084],[141.05678,40.63172],[141.05613,40.63201],[141.05284,40.63225],[141.05241,40.63216],[141.0519,40.63176],[141.05164,40.63177],[141.04992,40.63345],[141.04977,40.63448],[141.04933,40.63475],[141.04894,40.63537],[141.04881,40.63609],[141.04751,40.63631],[141.04633,40.63695],[141.04412,40.63743],[141.042,40.63834],[141.04102,40.63823],[141.04001,40.63766],[141.03855,40.63724],[141.03644,40.63822],[141.03489,40.63817],[141.03344,40.63675],[141.03285,40.63659],[141.03125,40.63701],[141.02617,40.63743],[141.02461,40.63731],[141.02297,40.63756],[141.02269,40.6379],[141.02247,40.63861],[141.02213,40.63891],[141.02143,40.63942],[141.02015,40.63984],[141.01917,40.64132],[141.01813,40.64177],[141.01684,40.64266],[141.01625,40.6434],[141.01511,40.64403],[141.01464,40.64485],[141.0139,40.64531],[141.0138,40.6455],[141.01393,40.64572],[141.01462,40.64612],[141.01469,40.64641],[141.01439,40.64667],[141.01249,40.64721],[141.01208,40.64772],[141.01185,40.64848],[141.01147,40.64877],[141.0098,40.64855],[141.00942,40.64918],[141.00847,40.6494],[141.00735,40.65039],[141.00283,40.65351],[140.99821,40.65406],[140.99491,40.65412],[140.99386,40.65462],[140.99325,40.65468],[140.9913,40.65381],[140.99001,40.65369],[140.98885,40.65444],[140.9879,40.65465],[140.98738,40.65502],[140.98668,40.65523],[140.986,40.65577],[140.98548,40.65594],[140.98313,40.65562],[140.98152,40.65612],[140.98052,40.65594],[140.97963,40.65553],[140.97774,40.6556],[140.97531,40.65634],[140.97393,40.65696],[140.97329,40.65764],[140.97229,40.65819],[140.97146,40.65904],[140.97071,40.65939],[140.97024,40.66149],[140.96962,40.66213],[140.96871,40.66235],[140.96538,40.66242],[140.96355,40.66272],[140.96063,40.66429],[140.95929,40.66474],[140.95945,40.66532],[140.96121,40.66804],[140.96276,40.66964],[140.96344,40.67011],[140.96544,40.66972],[140.96644,40.67087],[140.96794,40.67306],[140.9682,40.67377],[140.96816,40.67442],[140.96725,40.67532],[140.96721,40.67557],[140.96863,40.67731],[140.969,40.67838],[140.96905,40.67904],[140.96889,40.67964],[140.96798,40.68121],[140.96776,40.68232],[140.96778,40.68311],[140.96837,40.68495],[140.96914,40.68634],[140.96922,40.68694],[140.97035,40.68972],[140.97093,40.69205],[140.97135,40.69305],[140.97265,40.69299],[140.97381,40.69329],[140.97607,40.69588],[140.97893,40.69768],[140.98431,40.69592],[140.98607,40.69507],[140.98952,40.69436]]]},"properties":{"key":"022060330","name":"大字深持","pref":"青森県","prefCode":"02","municipality":"十和田市","areaM2":51983263.018,"population":1308,"toponymIds":["02-7b2e776228","02-a2147aea51","02-317d46ecaf","02-771ba05fd7","02-0132ec9614"]}},{"type":"Feature","geometry":{"type":"Polygon","coordinates":[[[141.26305,40.65139],[141.26336,40.65085],[141.26871,40.64634],[141.27286,40.64648],[141.27431,40.64684],[141.27517,40.64721],[141.27555,40.64754],[141.27742,40.64752],[141.27794,40.64737],[141.27886,40.64738],[141.27971,40.64699],[141.28119,40.64594],[141.28193,40.6457],[141.28304,40.64564],[141.28317,40.64531],[141.282,40.64456],[141.28114,40.64423],[141.28033,40.64336],[141.27988,40.64233],[141.27939,40.64208],[141.27875,40.64144],[141.27781,40.64109],[141.27688,40.64026],[141.27516,40.64003],[141.27428,40.63962],[141.2709,40.63736],[141.26763,40.63708],[141.26107,40.63713],[141.26102,40.63591],[141.2622,40.63514],[141.26301,40.63487],[141.26307,40.63434],[141.26354,40.63361],[141.2651,40.63294],[141.2659,40.63157],[141.26567,40.63122],[141.26372,40.63137],[141.26353,40.63009],[141.25895,40.63044],[141.25759,40.62175],[141.25706,40.62053],[141.25677,40.61922],[141.25824,40.61612],[141.25893,40.61636],[141.25875,40.61539],[141.25745,40.61548],[141.2574,40.61639],[141.25681,40.61647],[141.25687,40.61767],[141.25417,40.61824],[141.25266,40.61895],[141.2515,40.62028],[141.25132,40.62197],[141.25254,40.62351],[141.25238,40.62383],[141.25263,40.62408],[141.25258,40.62485],[141.25234,40.62542],[141.25247,40.62583],[141.25229,40.62609],[141.25233,40.62654],[141.25305,40.62767],[141.2536,40.62794],[141.25401,40.62876],[141.25406,40.62915],[141.25372,40.62936],[141.25334,40.62937],[141.25132,40.62825],[141.24979,40.62805],[141.24791,40.62791],[141.24688,40.62852],[141.24641,40.62806],[141.24583,40.62778],[141.244,40.62738],[141.24102,40.62936],[141.23913,40.63287],[141.23824,40.6355],[141.23801,40.63735],[141.23804,40.63893],[141.236,40.64241],[141.23813,40.64191],[141.23926,40.64218],[141.24013,40.64276],[141.24246,40.6426],[141.24411,40.64272],[141.24438,40.64253],[141.24474,40.64255],[141.24675,40.64316],[141.24714,40.64356],[141.24728,40.64437],[141.2483,40.64529],[141.24822,40.64546],[141.24695,40.64664],[141.24662,40.64724],[141.24622,40.64745],[141.24631,40.64766],[141.24568,40.64833],[141.24523,40.64851],[141.24505,40.64885],[141.24442,40.64891],[141.24421,40.6491],[141.24474,40.64954],[141.24431,40.64975],[141.24429,40.65021],[141.24459,40.6513],[141.24505,40.65204],[141.24478,40.65237],[141.24496,40.65281],[141.2464,40.65254],[141.24688,40.65223],[141.25393,40.65125],[141.25585,40.65139],[141.25705,40.65131],[141.25936,40.65173],[141.26092,40.65227],[141.2631,40.65346],[141.26305,40.65139]]]},"properties":{"key":"022060400","name":"大字相坂","pref":"青森県","prefCode":"02","municipality":"十和田市","areaM2":6703932.68,"population":0,"toponymIds":["02-35de95559d","02-6e382db048","02-5989a8c2a7","02-dafc6ad6af"]}},{"type":"Feature","geometry":{"type":"Polygon","coordinates":[[[141.2407,40.5695],[141.24061,40.56916],[141.24015,40.56862],[141.24027,40.56812],[141.23975,40.56711],[141.23979,40.56641],[141.2407,40.5649],[141.24209,40.56361],[141.24281,40.5625],[141.24555,40.56177],[141.2464,40.56302],[141.24749,40.56394],[141.24777,40.56482],[141.2483,40.56527],[141.24849,40.56632],[141.24989,40.56721],[141.2508,40.5676],[141.2521,40.56927],[141.25205,40.56957],[141.25431,40.56928],[141.25484,40.56946],[141.25515,40.56726],[141.25636,40.56701],[141.25795,40.567],[141.25981,40.56653],[141.26014,40.5669],[141.26189,40.56767],[141.26192,40.56714],[141.26156,40.56681],[141.26168,40.56646],[141.26262,40.56642],[141.26268,40.56609],[141.26234,40.56557],[141.26265,40.56408],[141.26218,40.5632],[141.2626,40.56278],[141.26297,40.56268],[141.26301,40.56217],[141.26264,40.56072],[141.26273,40.56031],[141.26303,40.55976],[141.26351,40.55944],[141.2665,40.55895],[141.2675,40.55901],[141.26931,40.55995],[141.2732,40.56],[141.27273,40.56212],[141.27421,40.5626],[141.27501,40.56239],[141.28247,40.56306],[141.28464,40.56272],[141.28524,40.56239],[141.28631,40.56219],[141.28675,40.56178],[141.28676,40.56123],[141.28598,40.56038],[141.28689,40.5603],[141.28806,40.56082],[141.28908,40.56189],[141.29037,40.56139],[141.29062,40.56187],[141.2912,40.56167],[141.29052,40.56106],[141.29023,40.56013],[141.28985,40.56033],[141.28868,40.55968],[141.28949,40.5594],[141.28798,40.55616],[141.28711,40.55532],[141.28738,40.55408],[141.28715,40.5537],[141.28704,40.5528],[141.28468,40.55268],[141.28442,40.55251],[141.28379,40.54857],[141.28322,40.54792],[141.28259,40.54769],[141.28099,40.54562],[141.28121,40.54467],[141.28115,40.54364],[141.28076,40.54325],[141.27927,40.54293],[141.27873,40.54216],[141.27794,40.54211],[141.27749,40.5419],[141.27582,40.53954],[141.27543,40.53753],[141.27452,40.53584],[141.27379,40.5372],[141.27201,40.53851],[141.27176,40.5396],[141.27067,40.54114],[141.26834,40.53993],[141.2672,40.54016],[141.26553,40.53955],[141.26344,40.54021],[141.26275,40.54],[141.26225,40.5395],[141.26132,40.53912],[141.25751,40.53896],[141.25556,40.53857],[141.25276,40.53831],[141.24948,40.53745],[141.24811,40.53747],[141.24782,40.53729],[141.24745,40.53747],[141.24417,40.53694],[141.24404,40.53666],[141.24364,40.53643],[141.24339,40.53729],[141.24382,40.53788],[141.24278,40.53844],[141.24265,40.53919],[141.24229,40.53993],[141.24229,40.54034],[141.24119,40.54218],[141.24033,40.54289],[141.23961,40.54261],[141.23913,40.54288],[141.23719,40.54198],[141.23579,40.5417],[141.23215,40.53903],[141.23085,40.53943],[141.23049,40.53932],[141.22917,40.53856],[141.22864,40.53843],[141.22747,40.53715],[141.22585,40.53659],[141.22438,40.53635],[141.22375,40.53594],[141.22314,40.53469],[141.22244,40.5341],[141.22093,40.53366],[141.21847,40.53347],[141.21801,40.53291],[141.21734,40.53245],[141.21656,40.53244],[141.21452,40.53098],[141.21267,40.53062],[141.21187,40.53027],[141.21085,40.53031],[141.21031,40.52994],[141.20935,40.52964],[141.20887,40.52964],[141.20751,40.53006],[141.20709,40.53052],[141.20675,40.53062],[141.20418,40.53028],[141.20299,40.52909],[141.20137,40.5283],[141.1992,40.5278],[141.19858,40.52732],[141.19717,40.52712],[141.19638,40.52664],[141.19595,40.52583],[141.19518,40.52524],[141.1948,40.52364],[141.19511,40.5225],[141.19495,40.52216],[141.19351,40.52171],[141.19262,40.52122],[141.18958,40.52089],[141.18847,40.52041],[141.18742,40.52025],[141.18671,40.51992],[141.186,40.5199],[141.18476,40.52036],[141.18439,40.52028],[141.18425,40.52012],[141.18161,40.51929],[141.17725,40.51833],[141.16889,40.51541],[141.16758,40.51436],[141.1665,40.51416],[141.16617,40.51316],[141.16379,40.51071],[141.16352,40.51064],[141.16233,40.50959],[141.1617,40.51017],[141.16106,40.51135],[141.16091,40.51195],[141.16006,40.51315],[141.15924,40.51531],[141.15927,40.51685],[141.15909,40.51736],[141.15856,40.51725],[141.15723,40.51764],[141.15585,40.51691],[141.15562,40.51702],[141.15547,40.51762],[141.15576,40.51822],[141.15335,40.51715],[141.153,40.51712],[141.15072,40.51596],[141.14841,40.51409],[141.14839,40.51384],[141.14889,40.51286],[141.14776,40.51212],[141.14763,40.51187],[141.14835,40.51083],[141.14873,40.5099],[141.14804,40.50969],[141.14556,40.50841],[141.14534,40.50768],[141.14347,40.50687],[141.14293,40.50626],[141.1417,40.50593],[141.14047,40.50504],[141.13967,40.50394],[141.13956,40.50313],[141.14025,40.50227],[141.13998,40.50154],[141.13909,40.50074],[141.13758,40.50033],[141.13629,40.50056],[141.13218,40.49937],[141.13088,40.49934],[141.12998,40.49969],[141.12908,40.49974],[141.12614,40.50171],[141.12595,40.50214],[141.12628,40.50245],[141.12604,40.50277],[141.1241,40.5032],[141.12273,40.50381],[141.11996,40.50575],[141.11961,40.5066],[141.11822,40.50685],[141.11753,40.50734],[141.1164,40.50714],[141.11502,40.50739],[141.11454,40.50796],[141.11369,40.50837],[141.10958,40.50854],[141.10878,40.50919],[141.10803,40.50932],[141.10696,40.50916],[141.10643,40.50949],[141.10691,40.51005],[141.10692,40.51107],[141.10495,40.51234],[141.10466,40.5122],[141.10383,40.5122],[141.10293,40.51238],[141.10039,40.51568],[141.09863,40.51667],[141.09784,40.51736],[141.09845,40.51729],[141.09938,40.51676],[141.10163,40.51672],[141.10265,40.51693],[141.10342,40.51678],[141.10388,40.51621],[141.10388,40.51571],[141.10559,40.51517],[141.10679,40.51499],[141.1078,40.5152],[141.10994,40.51481],[141.1108,40.51433],[141.11275,40.51463],[141.11543,40.51448],[141.11625,40.51461],[141.11682,40.515],[141.11853,40.51711],[141.1202,40.51765],[141.12122,40.5188],[141.12214,40.51953],[141.12346,40.52005],[141.12615,40.52038],[141.12731,40.52092],[141.12837,40.52165],[141.12939,40.52206],[141.12977,40.52245],[141.13007,40.52318],[141.13215,40.52329],[141.13259,40.5235],[141.13334,40.5242],[141.13401,40.52452],[141.13533,40.5244],[141.1377,40.52356],[141.13874,40.52361],[141.13909,40.52319],[141.13971,40.52322],[141.14037,40.5228],[141.14149,40.5228],[141.14225,40.52246],[141.14258,40.52282],[141.14263,40.52316],[141.14333,40.52376],[141.14368,40.52363],[141.14382,40.52396],[141.14686,40.52372],[141.14711,40.52389],[141.14759,40.52389],[141.14776,40.52425],[141.14834,40.52413],[141.14951,40.52443],[141.14945,40.52472],[141.14988,40.5252],[141.15063,40.52521],[141.15125,40.52554],[141.15173,40.5256],[141.15215,40.52545],[141.15392,40.52577],[141.15517,40.52565],[141.15576,40.52578],[141.15591,40.52603],[141.15649,40.52631],[141.15659,40.527],[141.15731,40.52719],[141.15782,40.52758],[141.15869,40.52769],[141.15931,40.52817],[141.1603,40.52853],[141.1609,40.52837],[141.16211,40.52839],[141.16256,40.52865],[141.16388,40.53013],[141.16436,40.5304],[141.16444,40.53086],[141.16477,40.53095],[141.16563,40.53081],[141.16607,40.53095],[141.1662,40.53142],[141.16677,40.53171],[141.16872,40.53215],[141.1694,40.53213],[141.16899,40.53308],[141.16935,40.53333],[141.16986,40.53311],[141.16976,40.53329],[141.17047,40.53327],[141.17146,40.53378],[141.17149,40.53403],[141.17214,40.53424],[141.17236,40.53474],[141.17347,40.53506],[141.17356,40.53536],[141.17454,40.53574],[141.17456,40.53612],[141.17526,40.53619],[141.17606,40.53592],[141.17671,40.536],[141.17706,40.53623],[141.17795,40.53621],[141.17872,40.53646],[141.17899,40.53662],[141.17945,40.53752],[141.17983,40.53785],[141.18045,40.53766],[141.1808,40.53779],[141.18093,40.53753],[141.1815,40.53744],[141.1821,40.53762],[141.18267,40.53737],[141.1836,40.53754],[141.18421,40.53829],[141.18452,40.53833],[141.18459,40.53876],[141.18485,40.53905],[141.18548,40.53939],[141.18568,40.53967],[141.18872,40.54181],[141.18915,40.54184],[141.18922,40.54215],[141.18986,40.54258],[141.19029,40.54257],[141.19185,40.54374],[141.19221,40.54377],[141.19239,40.54425],[141.1921,40.54522],[141.19235,40.54545],[141.19283,40.54556],[141.19306,40.54497],[141.19421,40.54538],[141.19434,40.54629],[141.19456,40.54665],[141.19453,40.5472],[141.19488,40.54731],[141.19519,40.54712],[141.19652,40.54768],[141.19676,40.54731],[141.19693,40.54845],[141.19794,40.54903],[141.19845,40.54984],[141.19747,40.54994],[141.19729,40.55062],[141.19878,40.55141],[141.19902,40.55173],[141.199,40.5522],[141.19751,40.55253],[141.19714,40.55314],[141.19608,40.55418],[141.19526,40.55571],[141.19439,40.55893],[141.1965,40.55873],[141.19832,40.55877],[141.19998,40.55719],[141.20184,40.55828],[141.20428,40.55857],[141.20486,40.5588],[141.20598,40.5596],[141.20662,40.55953],[141.20785,40.56022],[141.21021,40.56256],[141.21231,40.56387],[141.21538,40.56725],[141.22143,40.56618],[141.22475,40.5654],[141.23122,40.56515],[141.23208,40.56525],[141.23296,40.5651],[141.2336,40.56562],[141.23421,40.56677],[141.23618,40.56753],[141.2368,40.56801],[141.23765,40.56908],[141.23808,40.56939],[141.2391,40.56945],[141.2399,40.57044],[141.2403,40.57051],[141.24023,40.57],[141.2407,40.5695]]]},"properties":{"key":"022060430","name":"大字米田","pref":"青森県","prefCode":"02","municipality":"十和田市","areaM2":36396269.705,"population":703,"toponymIds":["02-9dc4a90e8c","02-cc616febef"]}},{"type":"Feature","geometry":{"type":"Polygon","coordinates":[[[141.23744,40.58732],[141.23891,40.58719],[141.23918,40.58733],[141.24064,40.58729],[141.24464,40.58696],[141.24751,40.58646],[141.25261,40.58477],[141.25464,40.58476],[141.25442,40.58445],[141.25228,40.58425],[141.24828,40.5831],[141.24597,40.58199],[141.2456,40.5813],[141.24554,40.58088],[141.24576,40.58031],[141.24548,40.57915],[141.24574,40.57818],[141.24585,40.57803],[141.24757,40.57789],[141.24757,40.5776],[141.24805,40.57758],[141.24807,40.57723],[141.24759,40.57721],[141.24762,40.57674],[141.24791,40.57631],[141.24721,40.57619],[141.24809,40.57605],[141.24836,40.57562],[141.25004,40.57485],[141.25079,40.57422],[141.25138,40.57419],[141.25119,40.57366],[141.25143,40.57342],[141.25239,40.57317],[141.253,40.57262],[141.25304,40.57047],[141.25205,40.56957],[141.2521,40.56927],[141.2508,40.5676],[141.24989,40.56721],[141.24849,40.56632],[141.2483,40.56527],[141.24777,40.56482],[141.24749,40.56394],[141.2464,40.56302],[141.24555,40.56177],[141.24281,40.5625],[141.24209,40.56361],[141.2407,40.5649],[141.23979,40.56641],[141.23975,40.56711],[141.24027,40.56812],[141.24015,40.56862],[141.24061,40.56916],[141.2407,40.5695],[141.24023,40.57],[141.24034,40.57039],[141.24017,40.57057],[141.2399,40.57044],[141.2391,40.56945],[141.23808,40.56939],[141.23765,40.56908],[141.2368,40.56801],[141.23618,40.56753],[141.23421,40.56677],[141.2336,40.56562],[141.23296,40.5651],[141.23208,40.56525],[141.23122,40.56515],[141.22475,40.5654],[141.22143,40.56618],[141.21179,40.56792],[141.21164,40.56822],[141.21123,40.56813],[141.21007,40.56838],[141.21137,40.57015],[141.21105,40.57039],[141.21149,40.57055],[141.21149,40.57097],[141.21226,40.57173],[141.21172,40.572],[141.21254,40.57247],[141.21354,40.57243],[141.21643,40.57386],[141.21767,40.57364],[141.21828,40.57403],[141.2188,40.57412],[141.2192,40.57498],[141.2196,40.57516],[141.22037,40.57516],[141.22169,40.57576],[141.22109,40.57668],[141.22135,40.57857],[141.2165,40.5789],[141.21763,40.57972],[141.21727,40.58042],[141.21727,40.58079],[141.21679,40.58067],[141.21635,40.58123],[141.21774,40.58189],[141.21852,40.58269],[141.21884,40.58316],[141.21854,40.58452],[141.22005,40.58559],[141.22256,40.58626],[141.22246,40.58679],[141.22314,40.58698],[141.2235,40.58675],[141.22622,40.58664],[141.22942,40.58727],[141.23194,40.58729],[141.23282,40.5876],[141.23744,40.58732]]]},"properties":{"key":"022060410","name":"大字藤島","pref":"青森県","prefCode":"02","municipality":"十和田市","areaM2":6550983.37,"population":433,"toponymIds":["02-d6e3f80cd4","02-37d2a3069e","02-b7604a2916","02-cad9330b37","02-2948ab2b21"]}},{"type":"Feature","geometry":{"type":"Polygon","coordinates":[[[141.18473,40.60399],[141.18653,40.60352],[141.18747,40.60394],[141.18824,40.60297],[141.18961,40.60229],[141.19316,40.60399],[141.1929,40.60431],[141.19388,40.60398],[141.20039,40.59582],[141.19999,40.59559],[141.19869,40.59539],[141.19895,40.59536],[141.19814,40.59325],[141.19833,40.59271],[141.1981,40.59272],[141.19815,40.5924],[141.19875,40.59234],[141.19757,40.58901],[141.19272,40.58806],[141.19081,40.58691],[141.18952,40.58656],[141.18794,40.5866],[141.18701,40.58709],[141.18567,40.58926],[141.18415,40.59051],[141.18243,40.59147],[141.18193,40.59166],[141.17996,40.59158],[141.17807,40.59213],[141.17718,40.59419],[141.17346,40.59876],[141.17301,40.60059],[141.17281,40.60039],[141.17269,40.60087],[141.17225,40.60125],[141.17147,40.60132],[141.16922,40.60011],[141.16834,40.60005],[141.16727,40.60054],[141.16525,40.60237],[141.16418,40.60275],[141.1633,40.60272],[141.16253,40.60245],[141.162,40.60188],[141.16047,40.59911],[141.15943,40.59989],[141.16143,40.6017],[141.16069,40.60256],[141.16146,40.60324],[141.16175,40.60398],[141.16645,40.60662],[141.17357,40.60954],[141.17603,40.60618],[141.17805,40.60576],[141.18141,40.6047],[141.18473,40.60399]]]},"properties":{"key":"022060310","name":"大字赤沼","pref":"青森県","prefCode":"02","municipality":"十和田市","areaM2":3892641.985,"population":695,"toponymIds":["02-7bd9f2da07","02-08f0c288ae","02-8a4907d224","02-a2d39cd14a","02-cb3c95eb47","02-e5334b288e"]}},{"type":"Feature","geometry":{"type":"Polygon","coordinates":[[[141.4312,40.68721],[141.43167,40.68586],[141.43163,40.686],[141.43591,40.68676],[141.43819,40.68649],[141.43934,40.68301],[141.44186,40.68096],[141.44172,40.68086],[141.43916,40.68292],[141.43896,40.68356],[141.43875,40.68359],[141.43893,40.68363],[141.43803,40.6864],[141.43593,40.68669],[141.43626,40.68569],[141.43615,40.68567],[141.43592,40.68636],[141.43361,40.68593],[141.43432,40.68377],[141.43666,40.68421],[141.43649,40.68503],[141.43687,40.68389],[141.437,40.68384],[141.43686,40.68374],[141.43737,40.68207],[141.43681,40.68363],[141.43173,40.68287],[141.43221,40.68128],[141.4285,40.68123],[141.42813,40.68246],[141.4262,40.68516],[141.42573,40.68729],[141.4284,40.68719],[141.42962,40.68779],[141.43089,40.68796],[141.4312,40.68721]]]},"properties":{"key":"02207032001","name":"鹿中一丁目","pref":"青森県","prefCode":"02","municipality":"三沢市","areaM2":384572.491,"population":130,"toponymIds":["02-5c6c991888"]}},{"type":"Feature","geometry":{"type":"Polygon","coordinates":[[[140.41409,40.80615],[140.4164,40.8001],[140.41881,40.80086],[140.42135,40.79588],[140.42375,40.7966],[140.42442,40.79528],[140.42527,40.79422],[140.43137,40.7958],[140.43184,40.79565],[140.43195,40.7964],[140.43321,40.79644],[140.43399,40.79683],[140.43508,40.79675],[140.436,40.79714],[140.43746,40.79502],[140.43781,40.79379],[140.43749,40.79032],[140.43703,40.78893],[140.4365,40.78831],[140.43495,40.78807],[140.43318,40.78811],[140.43118,40.78789],[140.4276,40.7881],[140.4262,40.78803],[140.42523,40.7878],[140.42385,40.78705],[140.42333,40.78788],[140.4228,40.78838],[140.42147,40.78913],[140.41952,40.78986],[140.41772,40.79017],[140.4155,40.78955],[140.41561,40.78993],[140.41615,40.79048],[140.41591,40.79062],[140.4151,40.78991],[140.41428,40.78861],[140.41443,40.78919],[140.4152,40.79063],[140.41501,40.79097],[140.41331,40.79034],[140.40693,40.80305],[140.40735,40.80305],[140.40733,40.80347],[140.40772,40.80325],[140.40805,40.80347],[140.40856,40.80291],[140.40876,40.80383],[140.40937,40.80394],[140.4092,40.80439],[140.40864,40.8043],[140.40853,40.80473],[140.41079,40.80514],[140.41078,40.80535],[140.41197,40.80538],[140.41221,40.8061],[140.41354,40.80627],[140.41321,40.8072],[140.41366,40.80728],[140.41409,40.80615]],[[140.4176,40.79782],[140.41769,40.79761],[140.41786,40.79772],[140.41895,40.79923],[140.41764,40.79894],[140.41699,40.80008],[140.41649,40.79994],[140.4176,40.79782]],[[140.41347,40.80581],[140.41363,40.8054],[140.41412,40.80551],[140.414,40.80592],[140.41347,40.80581]]]},"properties":{"key":"022090200","name":"柏上古川","pref":"青森県","prefCode":"02","municipality":"つがる市","areaM2":2475813.431,"population":903,"toponymIds":["02-44058a57d4","02-84675b917e"]}},{"type":"Feature","geometry":{"type":"Polygon","coordinates":[[[140.43555,40.79692],[140.43508,40.79675],[140.43399,40.79683],[140.43321,40.79644],[140.43195,40.7964],[140.43184,40.79565],[140.43137,40.7958],[140.42527,40.79422],[140.42442,40.79528],[140.42375,40.7966],[140.42135,40.79588],[140.41881,40.80086],[140.42354,40.80228],[140.42149,40.8061],[140.42375,40.80662],[140.4273,40.80814],[140.4292,40.80484],[140.42917,40.80304],[140.43467,40.80273],[140.43493,40.80213],[140.43745,40.80188],[140.4368,40.79938],[140.43598,40.79801],[140.436,40.79714],[140.43555,40.79692]]]},"properties":{"key":"022090190","name":"柏下古川","pref":"青森県","prefCode":"02","municipality":"つがる市","areaM2":1313908.646,"population":433,"toponymIds":["02-aa4f68cc91","02-6fe41f13cd"]}},{"type":"Feature","geometry":{"type":"Polygon","coordinates":[[[140.40911,40.82048],[140.40774,40.8202],[140.40803,40.81974],[140.40584,40.81926],[140.4051,40.82022],[140.40141,40.81938],[140.40253,40.81674],[140.39713,40.81564],[140.38679,40.82074],[140.39944,40.82723],[140.40047,40.82814],[140.40202,40.82798],[140.40364,40.82464],[140.40837,40.82166],[140.40911,40.82048]]]},"properties":{"key":"02209007006","name":"木造芦沼","pref":"青森県","prefCode":"02","municipality":"つがる市","areaM2":1269853.167,"population":219,"toponymIds":["02-5a173225d9","02-b50ff550a0"]}},{"type":"Feature","geometry":{"type":"Polygon","coordinates":[[[140.41634,40.82978],[140.41813,40.82788],[140.40875,40.82118],[140.40837,40.82166],[140.40759,40.8222],[140.40364,40.82464],[140.40202,40.82798],[140.40888,40.82902],[140.41099,40.8296],[140.41445,40.83143],[140.41634,40.82978]]]},"properties":{"key":"02209007004","name":"木造川除","pref":"青森県","prefCode":"02","municipality":"つがる市","areaM2":768824.055,"population":226,"toponymIds":["02-4d59fae06d","02-011de2f0d3"]}},{"type":"Feature","geometry":{"type":"Polygon","coordinates":[[[140.59588,40.64483],[140.59584,40.64467],[140.59643,40.64454],[140.59632,40.64407],[140.59561,40.64412],[140.59551,40.64366],[140.59501,40.64372],[140.59494,40.6435],[140.59447,40.64369],[140.5945,40.64388],[140.59373,40.64395],[140.59384,40.64495],[140.59588,40.64483]]]},"properties":{"key":"022040080","name":"大字横町","pref":"青森県","prefCode":"02","municipality":"黒石市","areaM2":24184.082,"population":46,"toponymIds":["02-d80b864b69"]}},{"type":"Feature","geometry":{"type":"Polygon","coordinates":[[[140.43937,40.81091],[140.43941,40.81069],[140.43975,40.81072],[140.43978,40.8106],[140.44038,40.81066],[140.44038,40.81095],[140.44141,40.81103],[140.44163,40.81049],[140.4421,40.81056],[140.44214,40.81042],[140.44177,40.81033],[140.44187,40.81006],[140.44152,40.81002],[140.44152,40.80989],[140.44056,40.80989],[140.44059,40.80978],[140.4394,40.80957],[140.43726,40.80934],[140.43689,40.80974],[140.43654,40.81064],[140.4359,40.81143],[140.43922,40.81163],[140.43937,40.81091]]]},"properties":{"key":"02205001027","name":"字寺町","pref":"青森県","prefCode":"02","municipality":"五所川原市","areaM2":78919.695,"population":81,"toponymIds":["02-7e91e84f3f"]}},{"type":"Feature","geometry":{"type":"Polygon","coordinates":[[[140.83203,40.74922],[140.83746,40.74486],[140.84502,40.73734],[140.84683,40.73588],[140.84852,40.73403],[140.85641,40.72736],[140.87221,40.71111],[140.87223,40.7109],[140.87006,40.70806],[140.86995,40.70769],[140.87053,40.70488],[140.87037,40.69872],[140.86995,40.69647],[140.86855,40.69179],[140.86796,40.69061],[140.86479,40.68629],[140.86456,40.68592],[140.86461,40.68559],[140.87109,40.67851],[140.88052,40.66887],[140.8775,40.65738],[140.8771,40.65693],[140.87698,40.65651],[140.877,40.65569],[140.8773,40.65488],[140.8792,40.65356],[140.87934,40.65324],[140.87724,40.64927],[140.8765,40.64739],[140.8762,40.64614],[140.87633,40.64569],[140.87673,40.64519],[140.87893,40.64431],[140.87988,40.64373],[140.88244,40.64144],[140.88359,40.64081],[140.88385,40.6404],[140.88369,40.63924],[140.88373,40.63591],[140.88288,40.63371],[140.88291,40.63337],[140.88173,40.63204],[140.87965,40.63016],[140.87892,40.62808],[140.87696,40.62614],[140.87658,40.6255],[140.87685,40.62464],[140.87623,40.62382],[140.87632,40.62312],[140.8761,40.62251],[140.87626,40.61803],[140.87663,40.61393],[140.87479,40.61389],[140.87141,40.61305],[140.8694,40.61093],[140.86674,40.60986],[140.8647,40.60987],[140.86291,40.60966],[140.85927,40.61022],[140.85374,40.60961],[140.84983,40.60852],[140.84422,40.60594],[140.84509,40.60773],[140.84464,40.60888],[140.84382,40.60926],[140.84361,40.60952],[140.84421,40.61032],[140.84437,40.61085],[140.84328,40.61129],[140.84384,40.61217],[140.84201,40.61251],[140.84117,40.61311],[140.84027,40.61329],[140.83956,40.6137],[140.83833,40.61371],[140.83795,40.61386],[140.83697,40.615],[140.83634,40.61628],[140.83388,40.61767],[140.83347,40.61806],[140.83304,40.61907],[140.83207,40.61944],[140.83128,40.62018],[140.82781,40.62051],[140.82794,40.62365],[140.82728,40.62403],[140.82619,40.62421],[140.82526,40.62491],[140.82414,40.62659],[140.8231,40.62734],[140.82262,40.62841],[140.81994,40.63192],[140.81323,40.63864],[140.81157,40.64107],[140.81089,40.64133],[140.80842,40.64292],[140.80584,40.64532],[140.80345,40.64641],[140.79999,40.64694],[140.79761,40.64813],[140.79644,40.648],[140.79491,40.64751],[140.79354,40.64754],[140.79116,40.64858],[140.78934,40.64878],[140.78787,40.64873],[140.78599,40.64946],[140.78351,40.65126],[140.7826,40.65263],[140.78086,40.65391],[140.7807,40.65452],[140.78018,40.65519],[140.77737,40.65505],[140.77538,40.65578],[140.77475,40.65774],[140.77378,40.65867],[140.77286,40.6592],[140.77268,40.66029],[140.77132,40.6611],[140.77074,40.66222],[140.76964,40.66356],[140.76868,40.66406],[140.7675,40.66543],[140.76664,40.6657],[140.76638,40.66605],[140.76507,40.66613],[140.76535,40.66682],[140.76581,40.66718],[140.76993,40.66998],[140.77028,40.6712],[140.77017,40.67175],[140.76976,40.67241],[140.76406,40.67646],[140.76288,40.67769],[140.76247,40.67846],[140.76203,40.67982],[140.76115,40.68078],[140.76038,40.68125],[140.75627,40.68301],[140.75002,40.68651],[140.74903,40.68753],[140.74868,40.68823],[140.74843,40.68939],[140.74868,40.69146],[140.75486,40.7113],[140.7557,40.71272],[140.75924,40.7097],[140.76086,40.70862],[140.76273,40.70783],[140.7638,40.70683],[140.76537,40.70612],[140.76953,40.70288],[140.77181,40.70186],[140.77334,40.70084],[140.77454,40.70064],[140.77993,40.70097],[140.78334,40.70067],[140.78711,40.69987],[140.79413,40.69796],[140.79561,40.69798],[140.7987,40.69866],[140.80225,40.69889],[140.80485,40.69867],[140.81087,40.69752],[140.81237,40.69904],[140.81277,40.69963],[140.81285,40.70003],[140.8124,40.70217],[140.81156,40.70387],[140.81101,40.7044],[140.80725,40.70671],[140.80584,40.70691],[140.80406,40.70677],[140.79944,40.70536],[140.79814,40.70512],[140.79418,40.70487],[140.79031,40.7044],[140.7844,40.70432],[140.78057,40.70464],[140.77917,40.70508],[140.77627,40.70677],[140.77551,40.70734],[140.77206,40.71085],[140.7692,40.71321],[140.76708,40.71577],[140.76504,40.71912],[140.76241,40.72166],[140.76241,40.72433],[140.76258,40.72485],[140.76287,40.72513],[140.76303,40.72598],[140.76304,40.72771],[140.76347,40.73055],[140.76304,40.73179],[140.79702,40.74774],[140.80485,40.75122],[140.80772,40.74974],[140.80992,40.74904],[140.8118,40.74859],[140.81691,40.74833],[140.82165,40.75242],[140.8214,40.75343],[140.82146,40.75422],[140.82912,40.75119],[140.83203,40.74922]]]},"properties":{"key":"02201095000","name":"大字荒川","pref":"青森県","prefCode":"02","municipality":"青森市","areaM2":111777643.029,"population":129,"toponymIds":["02-eb15c46d5d"]}},{"type":"Feature","geometry":{"type":"Polygon","coordinates":[[[140.39944,40.82723],[140.38828,40.8215],[140.37632,40.83544],[140.38011,40.83731],[140.37987,40.8395],[140.38912,40.84029],[140.39559,40.8349],[140.40047,40.82814],[140.39944,40.82723]]]},"properties":{"key":"02209007001","name":"木造蓮川","pref":"青森県","prefCode":"02","municipality":"つがる市","areaM2":2371761.513,"population":306,"toponymIds":["02-7c11eb4bed"]}},{"type":"Feature","geometry":{"type":"Polygon","coordinates":[[[140.24676,40.64884],[140.24876,40.6488],[140.26752,40.63658],[140.27834,40.63154],[140.276,40.63002],[140.27429,40.62759],[140.27218,40.62587],[140.27069,40.62417],[140.2698,40.62277],[140.26937,40.62164],[140.26907,40.61943],[140.26915,40.61854],[140.26855,40.61715],[140.26993,40.61566],[140.26531,40.61673],[140.26334,40.61697],[140.26033,40.61679],[140.25798,40.61585],[140.25694,40.61473],[140.25475,40.61105],[140.25342,40.61087],[140.25316,40.6103],[140.25218,40.6097],[140.25057,40.60911],[140.24875,40.60736],[140.24879,40.6058],[140.24915,40.60473],[140.24851,40.60406],[140.24813,40.60318],[140.24761,40.60265],[140.24463,40.60265],[140.24379,40.60291],[140.2429,40.60363],[140.24097,40.60338],[140.2395,40.60401],[140.23864,40.60388],[140.23794,40.60442],[140.23733,40.60438],[140.23702,40.60388],[140.23616,40.60326],[140.236,40.6026],[140.23619,40.60186],[140.23578,40.60143],[140.23568,40.60109],[140.23571,40.60056],[140.23597,40.59999],[140.23585,40.59846],[140.23662,40.59783],[140.23665,40.59761],[140.23625,40.59718],[140.23528,40.59666],[140.2349,40.59548],[140.23389,40.59506],[140.23317,40.59352],[140.23194,40.59214],[140.23156,40.59114],[140.23114,40.59069],[140.23041,40.59034],[140.22852,40.59017],[140.22743,40.59045],[140.22616,40.58972],[140.22447,40.58928],[140.22184,40.58925],[140.22045,40.58658],[140.21984,40.58578],[140.2186,40.58519],[140.21684,40.58483],[140.21634,40.58454],[140.21547,40.58354],[140.21487,40.58332],[140.21339,40.58319],[140.21042,40.58133],[140.20975,40.58049],[140.20952,40.57994],[140.20977,40.57957],[140.21018,40.57804],[140.21124,40.57717],[140.21163,40.5764],[140.2115,40.57583],[140.21054,40.57506],[140.21077,40.5742],[140.21043,40.57322],[140.2111,40.57188],[140.21026,40.57098],[140.20969,40.56933],[140.20914,40.56843],[140.20822,40.56766],[140.20793,40.56707],[140.20715,40.56711],[140.20501,40.56653],[140.2026,40.56646],[140.20188,40.566],[140.20204,40.5652],[140.2013,40.56467],[140.20104,40.5639],[140.19892,40.56191],[140.1983,40.56114],[140.19838,40.5606],[140.19895,40.55948],[140.199,40.55879],[140.19811,40.55676],[140.19786,40.55654],[140.19684,40.55638],[140.19487,40.55658],[140.19219,40.55598],[140.19007,40.55577],[140.18973,40.55589],[140.18929,40.55644],[140.18834,40.55696],[140.18684,40.55744],[140.18593,40.55865],[140.18461,40.55904],[140.18299,40.56022],[140.1813,40.56009],[140.18061,40.56027],[140.18056,40.56041],[140.18154,40.56214],[140.18152,40.56241],[140.17987,40.56384],[140.17966,40.56452],[140.17859,40.56491],[140.17853,40.56526],[140.17873,40.5659],[140.1782,40.56678],[140.17661,40.56676],[140.17529,40.56739],[140.17524,40.56657],[140.17508,40.56636],[140.17302,40.56581],[140.17315,40.56506],[140.17257,40.56421],[140.17252,40.56336],[140.17199,40.56271],[140.17155,40.56247],[140.17054,40.56235],[140.17028,40.56211],[140.17008,40.56151],[140.16981,40.56132],[140.16618,40.56069],[140.16533,40.55961],[140.16512,40.55909],[140.16395,40.55837],[140.16364,40.55742],[140.16321,40.55705],[140.16289,40.55758],[140.16238,40.55796],[140.16062,40.55845],[140.16016,40.55925],[140.16014,40.56017],[140.16048,40.56038],[140.16151,40.56045],[140.1615,40.56222],[140.16206,40.56398],[140.16207,40.56543],[140.16104,40.56727],[140.15921,40.56794],[140.15711,40.5691],[140.1562,40.57084],[140.15503,40.57155],[140.1551,40.57237],[140.15542,40.57342],[140.15544,40.57428],[140.15542,40.57572],[140.1551,40.57738],[140.1555,40.57939],[140.15728,40.58192],[140.15474,40.58566],[140.15471,40.58589],[140.15681,40.58734],[140.15736,40.58754],[140.16202,40.58797],[140.16486,40.58739],[140.16533,40.58748],[140.16774,40.5885],[140.16844,40.58951],[140.1712,40.59102],[140.17176,40.59183],[140.17275,40.59186],[140.17342,40.59267],[140.17318,40.5931],[140.17323,40.59336],[140.17366,40.59361],[140.1739,40.59401],[140.1745,40.59412],[140.17513,40.59369],[140.17613,40.59361],[140.17723,40.59425],[140.17789,40.59434],[140.17891,40.59484],[140.17956,40.59455],[140.18093,40.59439],[140.18169,40.59491],[140.18232,40.59584],[140.18353,40.59564],[140.18365,40.59495],[140.18419,40.59465],[140.18421,40.59406],[140.18438,40.59391],[140.18505,40.59425],[140.18601,40.59428],[140.18648,40.5942],[140.18761,40.5936],[140.18908,40.59382],[140.1898,40.5929],[140.19061,40.59306],[140.19089,40.59364],[140.19061,40.59458],[140.19064,40.59472],[140.19107,40.59484],[140.19117,40.59509],[140.19178,40.59886],[140.19276,40.5999],[140.193,40.60145],[140.19286,40.60214],[140.19184,40.60364],[140.1909,40.60433],[140.1901,40.60468],[140.18938,40.60568],[140.1937,40.60665],[140.19652,40.60611],[140.19794,40.60697],[140.19957,40.60729],[140.20095,40.60784],[140.20293,40.60816],[140.20472,40.60904],[140.20498,40.6105],[140.20482,40.61221],[140.2054,40.61364],[140.2064,40.61536],[140.20662,40.61712],[140.20804,40.6187],[140.20808,40.61942],[140.20968,40.62035],[140.21135,40.62077],[140.21234,40.62175],[140.21245,40.62206],[140.21315,40.6223],[140.21372,40.62242],[140.21423,40.62214],[140.21562,40.62207],[140.2157,40.62217],[140.21658,40.62189],[140.21585,40.62267],[140.2162,40.62288],[140.21717,40.62287],[140.21741,40.62354],[140.21793,40.62423],[140.21904,40.62459],[140.21934,40.62576],[140.21853,40.62584],[140.21862,40.6267],[140.21776,40.62701],[140.21755,40.62722],[140.2172,40.62823],[140.21548,40.62899],[140.21549,40.62928],[140.21671,40.63002],[140.21687,40.63077],[140.21655,40.6311],[140.21543,40.63084],[140.21492,40.63088],[140.21456,40.63112],[140.21406,40.63209],[140.21405,40.63419],[140.2146,40.63434],[140.21642,40.63438],[140.21728,40.63474],[140.21738,40.63521],[140.21673,40.6368],[140.21662,40.63756],[140.21698,40.63789],[140.21878,40.63795],[140.21937,40.63827],[140.21978,40.6388],[140.21988,40.63921],[140.21995,40.641],[140.22038,40.64105],[140.22122,40.64052],[140.2219,40.64049],[140.2221,40.64077],[140.22206,40.64113],[140.22137,40.64208],[140.22171,40.64251],[140.22559,40.64288],[140.22669,40.64331],[140.22867,40.64346],[140.23083,40.64479],[140.23151,40.64496],[140.23352,40.64457],[140.23439,40.64456],[140.23988,40.64485],[140.24339,40.64717],[140.24617,40.64879],[140.24676,40.64884]]]},"properties":{"key":"022024090","name":"大字常盤野","pref":"青森県","prefCode":"02","municipality":"弘前市","areaM2":41307379.203,"population":162,"toponymIds":["02-74fd17436b"]}},{"type":"Feature","geometry":{"type":"Polygon","coordinates":[[[140.59433,40.63743],[140.59834,40.63561],[140.59959,40.63535],[140.60222,40.63529],[140.60226,40.63461],[140.6025,40.63419],[140.60166,40.63417],[140.60153,40.63397],[140.6004,40.63397],[140.60001,40.63368],[140.5988,40.63356],[140.59674,40.63368],[140.5957,40.63349],[140.59463,40.63363],[140.59315,40.6341],[140.58941,40.63434],[140.58923,40.63441],[140.58945,40.63508],[140.58905,40.63516],[140.58964,40.63647],[140.5896,40.6366],[140.58907,40.63671],[140.58921,40.63711],[140.58963,40.63702],[140.58973,40.63737],[140.58951,40.63742],[140.58962,40.63779],[140.58845,40.63801],[140.58834,40.63821],[140.58804,40.63827],[140.58811,40.63849],[140.5877,40.63878],[140.58776,40.63926],[140.58547,40.63995],[140.58567,40.64042],[140.58414,40.64061],[140.58272,40.64114],[140.58311,40.64183],[140.58631,40.64128],[140.58859,40.64056],[140.59024,40.63998],[140.59433,40.63743]]]},"properties":{"key":"02204120001","name":"追子野木一丁目","pref":"青森県","prefCode":"02","municipality":"黒石市","areaM2":482679.367,"population":1103,"toponymIds":["02-653f08e12e"]}},{"type":"Feature","geometry":{"type":"Polygon","coordinates":[[[141.24057,40.54272],[141.24119,40.54218],[141.24204,40.54089],[141.24278,40.53844],[141.24382,40.53788],[141.24339,40.53729],[141.24364,40.53643],[141.24208,40.53548],[141.24181,40.53548],[141.24126,40.53406],[141.2397,40.53381],[141.23953,40.53365],[141.23832,40.53338],[141.23801,40.53357],[141.23615,40.53329],[141.23319,40.53139],[141.23315,40.53153],[141.2304,40.5312],[141.23002,40.53203],[141.22956,40.53231],[141.22919,40.53232],[141.2278,40.5316],[141.22757,40.53126],[141.22707,40.53139],[141.22654,40.53126],[141.22575,40.53131],[141.22537,40.53054],[141.22445,40.53005],[141.22462,40.52956],[141.2244,40.5294],[141.224,40.52945],[141.22361,40.52869],[141.22304,40.52914],[141.22216,40.52907],[141.22121,40.52818],[141.22043,40.5278],[141.21967,40.52772],[141.21928,40.52677],[141.2192,40.525],[141.21874,40.52479],[141.21889,40.52403],[141.21857,40.52352],[141.21795,40.52308],[141.21829,40.52283],[141.21887,40.52283],[141.21974,40.52215],[141.21958,40.52162],[141.21899,40.52112],[141.21921,40.52022],[141.2188,40.51954],[141.21924,40.51905],[141.21839,40.51853],[141.21787,40.51767],[141.21624,40.51763],[141.21497,40.51661],[141.21355,40.51604],[141.21254,40.51543],[141.21165,40.51437],[141.21038,40.51379],[141.21003,40.51332],[141.20999,40.51249],[141.20781,40.51086],[141.20593,40.51005],[141.2052,40.5095],[141.20406,40.50917],[141.20325,40.5086],[141.2029,40.50852],[141.20173,40.50868],[141.20091,40.50834],[141.20047,40.50783],[141.19958,40.50754],[141.19903,40.50642],[141.19746,40.50572],[141.19689,40.50528],[141.19657,40.50474],[141.19662,40.50437],[141.19705,40.50387],[141.19725,40.50293],[141.19715,40.50262],[141.19679,40.50236],[141.19561,40.50262],[141.19591,40.50189],[141.19548,40.50125],[141.19593,40.5008],[141.19575,40.50028],[141.19428,40.49948],[141.1933,40.49935],[141.19279,40.49901],[141.19221,40.49907],[141.19173,40.49865],[141.19172,40.49795],[141.19019,40.49692],[141.18981,40.49692],[141.18982,40.49734],[141.1894,40.49754],[141.18876,40.49732],[141.18858,40.49688],[141.18825,40.49669],[141.18764,40.49661],[141.18624,40.49682],[141.18513,40.49628],[141.1852,40.49579],[141.18488,40.49528],[141.18381,40.49492],[141.1826,40.49479],[141.18181,40.4945],[141.18125,40.49453],[141.18067,40.4942],[141.17922,40.49469],[141.1788,40.49424],[141.17746,40.49432],[141.17635,40.49384],[141.17554,40.4938],[141.17467,40.49304],[141.17407,40.49322],[141.17309,40.4928],[141.17196,40.49355],[141.1711,40.49333],[141.17018,40.49344],[141.16909,40.49319],[141.16773,40.49382],[141.16627,40.49358],[141.16604,40.49376],[141.16631,40.4941],[141.16626,40.49423],[141.16555,40.49397],[141.16542,40.4937],[141.16482,40.49331],[141.16443,40.49327],[141.16375,40.49382],[141.16139,40.49417],[141.16032,40.49469],[141.15931,40.49469],[141.15844,40.49515],[141.15754,40.49532],[141.15722,40.49529],[141.15696,40.495],[141.1561,40.49482],[141.15507,40.49494],[141.15462,40.49523],[141.15373,40.49518],[141.15313,40.49543],[141.15264,40.49514],[141.15213,40.49521],[141.15186,40.49566],[141.15058,40.49679],[141.14995,40.49678],[141.14921,40.49623],[141.14886,40.49619],[141.14876,40.49681],[141.14916,40.49693],[141.14915,40.49733],[141.14786,40.49769],[141.14641,40.49679],[141.14632,40.49643],[141.14592,40.49611],[141.14584,40.49551],[141.1451,40.49591],[141.14413,40.49598],[141.14409,40.49578],[141.14444,40.49518],[141.14435,40.49501],[141.14311,40.49517],[141.14256,40.49585],[141.14196,40.49609],[141.14145,40.49609],[141.14061,40.49589],[141.13975,40.49505],[141.13905,40.49469],[141.13905,40.49437],[141.13804,40.49453],[141.13734,40.49429],[141.13679,40.49479],[141.13584,40.49464],[141.13513,40.4952],[141.13295,40.49447],[141.13262,40.49459],[141.13209,40.4952],[141.13085,40.49604],[141.13029,40.49618],[141.12971,40.49597],[141.12912,40.49598],[141.12811,40.49641],[141.12634,40.4961],[141.12474,40.49521],[141.12078,40.49536],[141.12022,40.49565],[141.1195,40.49555],[141.11883,40.49578],[141.11853,40.49634],[141.11811,40.49659],[141.11472,40.49781],[141.1137,40.49846],[141.11216,40.49874],[141.11162,40.49844],[141.1104,40.4972],[141.10874,40.4968],[141.10798,40.4958],[141.10719,40.49432],[141.1059,40.4941],[141.10516,40.49359],[141.10464,40.49298],[141.10401,40.49268],[141.09806,40.49299],[141.09686,40.49376],[141.09637,40.49383],[141.09484,40.49362],[141.09363,40.49364],[141.09148,40.49266],[141.09078,40.49259],[141.08779,40.49364],[141.0871,40.49362],[141.08695,40.4935],[141.08692,40.49299],[141.08626,40.491],[141.08459,40.48975],[141.08401,40.4895],[141.0828,40.48937],[141.08153,40.48851],[141.07984,40.48839],[141.07902,40.48816],[141.07711,40.48691],[141.07577,40.48662],[141.07418,40.48535],[141.07349,40.4851],[141.07204,40.48503],[141.0692,40.48345],[141.06765,40.48283],[141.06747,40.48256],[141.06759,40.48226],[141.06902,40.48163],[141.06935,40.48097],[141.06892,40.48044],[141.06808,40.47998],[141.06429,40.47964],[141.06115,40.48009],[141.05927,40.47951],[141.05794,40.47957],[141.05745,40.47934],[141.05691,40.47882],[141.0559,40.47728],[141.05507,40.47695],[141.05216,40.47705],[141.05061,40.47752],[141.04952,40.47755],[141.04895,40.47735],[141.04705,40.47591],[141.04644,40.47575],[141.04417,40.47561],[141.04229,40.47591],[141.03869,40.47477],[141.03555,40.47487],[141.0336,40.47511],[141.03266,40.47471],[141.03108,40.47446],[141.02855,40.47278],[141.02505,40.47101],[141.02275,40.46953],[141.02172,40.46908],[141.0196,40.46849],[141.01888,40.4686],[141.01863,40.46878],[141.01777,40.4706],[141.01641,40.47224],[141.0156,40.47509],[141.01453,40.47645],[141.01418,40.47714],[141.01388,40.4782],[141.01385,40.47989],[141.01372,40.48017],[141.01322,40.48054],[141.01174,40.48079],[141.01002,40.4818],[141.00949,40.48291],[141.00923,40.48441],[141.00832,40.48556],[141.00845,40.48624],[141.00938,40.4876],[141.00979,40.48867],[141.01029,40.48945],[141.01006,40.49188],[141.01034,40.49284],[141.01099,40.49357],[141.01364,40.49486],[141.01379,40.49511],[141.014,40.49678],[141.0146,40.49791],[141.01539,40.49859],[141.01687,40.49923],[141.01956,40.49979],[141.02168,40.49959],[141.02325,40.49992],[141.02457,40.49971],[141.02567,40.50027],[141.02731,40.50057],[141.02785,40.5005],[141.02999,40.49956],[141.03105,40.49963],[141.03567,40.50125],[141.03654,40.502],[141.03853,40.50214],[141.04115,40.50278],[141.04212,40.50317],[141.04282,40.50276],[141.04313,40.50278],[141.04435,40.5032],[141.04588,40.50399],[141.04756,40.50421],[141.04982,40.5051],[141.05,40.50603],[141.05055,40.50663],[141.05501,40.50777],[141.05723,40.50766],[141.0591,40.50794],[141.06073,40.50848],[141.06178,40.50855],[141.06559,40.50837],[141.06686,40.5078],[141.06717,40.50786],[141.06902,40.50903],[141.0699,40.50999],[141.07151,40.51086],[141.07547,40.51082],[141.07663,40.51184],[141.07964,40.51293],[141.08044,40.51389],[141.08125,40.51437],[141.0833,40.51485],[141.08682,40.51519],[141.08798,40.51551],[141.08964,40.51627],[141.09068,40.51728],[141.09149,40.5175],[141.09326,40.51757],[141.09451,40.51806],[141.09586,40.51803],[141.09685,40.51741],[141.09784,40.51736],[141.09863,40.51667],[141.10039,40.51568],[141.10293,40.51238],[141.10383,40.5122],[141.10466,40.5122],[141.10495,40.51234],[141.10692,40.51107],[141.10691,40.51005],[141.10643,40.50949],[141.10696,40.50916],[141.10803,40.50932],[141.10878,40.50919],[141.10958,40.50854],[141.11369,40.50837],[141.11454,40.50796],[141.11502,40.50739],[141.1164,40.50714],[141.11753,40.50734],[141.11822,40.50685],[141.11961,40.5066],[141.11996,40.50575],[141.12273,40.50381],[141.1241,40.5032],[141.12604,40.50277],[141.12628,40.50245],[141.12595,40.50214],[141.12614,40.50171],[141.12908,40.49974],[141.12998,40.49969],[141.13088,40.49934],[141.13139,40.49931],[141.13326,40.49959],[141.13629,40.50056],[141.13785,40.50036],[141.13909,40.50074],[141.13998,40.50154],[141.14025,40.50227],[141.13956,40.50313],[141.13967,40.50394],[141.14047,40.50504],[141.1417,40.50593],[141.14293,40.50626],[141.14347,40.50687],[141.14534,40.50768],[141.14556,40.50841],[141.14804,40.50969],[141.14873,40.5099],[141.14835,40.51083],[141.14763,40.51187],[141.14776,40.51212],[141.14889,40.51286],[141.14839,40.51384],[141.14841,40.51409],[141.15072,40.51596],[141.153,40.51712],[141.15335,40.51715],[141.15576,40.51822],[141.15547,40.51762],[141.15562,40.51702],[141.15585,40.51691],[141.15723,40.51764],[141.15856,40.51725],[141.15909,40.51736],[141.15927,40.51685],[141.15924,40.51531],[141.16006,40.51315],[141.16091,40.51195],[141.16106,40.51135],[141.1617,40.51017],[141.16233,40.50959],[141.16352,40.51064],[141.16379,40.51071],[141.16617,40.51316],[141.1665,40.51416],[141.16758,40.51436],[141.16889,40.51541],[141.17725,40.51833],[141.18161,40.51929],[141.18425,40.52012],[141.18439,40.52028],[141.18476,40.52036],[141.186,40.5199],[141.18671,40.51992],[141.18742,40.52025],[141.18847,40.52041],[141.18958,40.52089],[141.19262,40.52122],[141.19351,40.52171],[141.19495,40.52216],[141.19511,40.5225],[141.1948,40.52364],[141.19505,40.52485],[141.19518,40.52524],[141.19595,40.52583],[141.19638,40.52664],[141.19717,40.52712],[141.19858,40.52732],[141.1992,40.5278],[141.20137,40.5283],[141.20299,40.52909],[141.20418,40.53028],[141.20675,40.53062],[141.20709,40.53052],[141.20751,40.53006],[141.20887,40.52964],[141.20935,40.52964],[141.21031,40.52994],[141.21085,40.53031],[141.21187,40.53027],[141.21267,40.53062],[141.21452,40.53098],[141.21656,40.53244],[141.21734,40.53245],[141.21801,40.53291],[141.21847,40.53347],[141.22093,40.53366],[141.22244,40.5341],[141.22314,40.53469],[141.22375,40.53594],[141.22438,40.53635],[141.22585,40.53659],[141.22747,40.53715],[141.22864,40.53843],[141.22917,40.53856],[141.22993,40.53908],[141.23085,40.53943],[141.23215,40.53903],[141.23579,40.5417],[141.23719,40.54198],[141.23913,40.54288],[141.23961,40.54261],[141.24033,40.54289],[141.24057,40.54272]]]},"properties":{"key":"022060450","name":"大字滝沢","pref":"青森県","prefCode":"02","municipality":"十和田市","areaM2":42349668.906,"population":315,"toponymIds":["02-b6b9d7a8ec","02-5e16447c35","02-6c9e133d61"]}},{"type":"Feature","geometry":{"type":"Polygon","coordinates":[[[140.34538,40.82644],[140.34415,40.82109],[140.34574,40.82084],[140.34381,40.81351],[140.33332,40.81685],[140.33403,40.81974],[140.33506,40.82144],[140.33553,40.82184],[140.33633,40.82201],[140.33633,40.82246],[140.33725,40.82289],[140.33789,40.82271],[140.33827,40.82387],[140.33823,40.82465],[140.33899,40.8245],[140.34052,40.83049],[140.34175,40.82999],[140.34286,40.82925],[140.34538,40.82644]]]},"properties":{"key":"02209003002","name":"木造千代田","pref":"青森県","prefCode":"02","municipality":"つがる市","areaM2":1106240.815,"population":168,"toponymIds":["02-0c28581351"]}},{"type":"Feature","geometry":{"type":"Polygon","coordinates":[[[140.439,40.60064],[140.43678,40.60032],[140.43238,40.60041],[140.43033,40.60008],[140.42529,40.59748],[140.4235,40.60099],[140.42603,40.60339],[140.42747,40.60603],[140.42835,40.60712],[140.42909,40.609],[140.43854,40.60705],[140.43738,40.60535],[140.43594,40.60487],[140.44118,40.60184],[140.439,40.60064]]]},"properties":{"key":"022023900","name":"大字真土","pref":"青森県","prefCode":"02","municipality":"弘前市","areaM2":983675.357,"population":244,"toponymIds":["02-a5be7c5963"]}},{"type":"Feature","geometry":{"type":"Polygon","coordinates":[[[141.42938,40.69208],[141.42981,40.6903],[141.4301,40.68968],[141.4304,40.6894],[141.43089,40.68796],[141.42962,40.68779],[141.4284,40.68719],[141.42573,40.68729],[141.42509,40.69103],[141.42455,40.69225],[141.42903,40.69295],[141.42918,40.6923],[141.42938,40.69208]]]},"properties":{"key":"02207032003","name":"鹿中三丁目","pref":"青森県","prefCode":"02","municipality":"三沢市","areaM2":235373.433,"population":106,"toponymIds":["02-e35e84ce8c"]}},{"type":"Feature","geometry":{"type":"Polygon","coordinates":[[[140.97089,41.19512],[140.96874,41.19413],[140.96813,41.19353],[140.96839,41.19319],[140.96795,41.19363],[140.96789,41.19345],[140.96379,41.19113],[140.96328,41.19042],[140.96316,41.1899],[140.96276,41.1895],[140.96292,41.18935],[140.96262,41.18957],[140.96178,41.18971],[140.96139,41.18956],[140.96254,41.18939],[140.96338,41.1889],[140.9631,41.18853],[140.96332,41.18889],[140.96272,41.18924],[140.96163,41.18845],[140.96231,41.18798],[140.96369,41.1883],[140.96231,41.18794],[140.96155,41.1873],[140.96107,41.18622],[140.96151,41.18731],[140.96228,41.18795],[140.96158,41.18842],[140.96037,41.1876],[140.96049,41.18743],[140.9603,41.18756],[140.95959,41.18709],[140.96147,41.18559],[140.95933,41.18721],[140.95862,41.18692],[140.95725,41.18568],[140.95405,41.18778],[140.95343,41.18797],[140.9526,41.18791],[140.95166,41.18726],[140.94973,41.18827],[140.94865,41.18911],[140.94686,41.19174],[140.94722,41.19235],[140.94736,41.19302],[140.94714,41.19383],[140.94458,41.1974],[140.94506,41.20054],[140.94452,41.20159],[140.9442,41.20282],[140.94411,41.20367],[140.94436,41.20542],[140.94421,41.20573],[140.9417,41.20768],[140.93917,41.20928],[140.93742,41.21064],[140.9363,41.21217],[140.95929,41.2153],[140.96122,41.21258],[140.96382,41.20834],[140.96652,41.20345],[140.97176,41.19558],[140.97089,41.19512]]]},"properties":{"key":"022080670","name":"川内町","pref":"青森県","prefCode":"02","municipality":"むつ市","areaM2":5375598.643,"population":355,"toponymIds":["02-fa89dddf73"]}},{"type":"Feature","geometry":{"type":"Polygon","coordinates":[[[140.96538,40.66242],[140.96749,40.66245],[140.96962,40.66213],[140.97024,40.66149],[140.97071,40.65939],[140.97146,40.65904],[140.97229,40.65819],[140.97329,40.65764],[140.97393,40.65696],[140.97531,40.65634],[140.97774,40.6556],[140.97963,40.65553],[140.98052,40.65594],[140.98152,40.65612],[140.98313,40.65562],[140.98548,40.65594],[140.986,40.65577],[140.98668,40.65523],[140.98738,40.65502],[140.9879,40.65465],[140.98885,40.65444],[140.99001,40.65369],[140.9913,40.65381],[140.99325,40.65468],[140.99386,40.65462],[140.99491,40.65412],[140.99821,40.65406],[141.00283,40.65351],[141.00735,40.65039],[141.00847,40.6494],[141.00942,40.64918],[141.0098,40.64855],[141.01147,40.64877],[141.01185,40.64848],[141.01208,40.64772],[141.01249,40.64721],[141.01439,40.64667],[141.01469,40.64641],[141.01462,40.64612],[141.01393,40.64572],[141.0138,40.6455],[141.0139,40.64531],[141.01464,40.64485],[141.01511,40.64403],[141.01625,40.6434],[141.01684,40.64266],[141.01813,40.64177],[141.01917,40.64132],[141.02015,40.63984],[141.02143,40.63942],[141.02213,40.63891],[141.02247,40.63861],[141.02269,40.6379],[141.02297,40.63756],[141.02461,40.63731],[141.02617,40.63743],[141.03125,40.63701],[141.03285,40.63659],[141.03344,40.63675],[141.03489,40.63817],[141.03644,40.63822],[141.03855,40.63724],[141.04001,40.63766],[141.04102,40.63823],[141.042,40.63834],[141.04412,40.63743],[141.04633,40.63695],[141.04751,40.63631],[141.04881,40.63609],[141.04894,40.63537],[141.04933,40.63475],[141.04977,40.63448],[141.04992,40.63345],[141.05164,40.63177],[141.0519,40.63176],[141.05241,40.63216],[141.05284,40.63225],[141.05613,40.63201],[141.05678,40.63172],[141.05776,40.63084],[141.05824,40.6306],[141.06003,40.63058],[141.06214,40.62953],[141.06258,40.62953],[141.06284,40.62984],[141.06418,40.62981],[141.06544,40.62953],[141.06642,40.62974],[141.06782,40.62939],[141.06907,40.62937],[141.07008,40.62874],[141.07083,40.62911],[141.07226,40.62904],[141.0731,40.62885],[141.07374,40.62839],[141.0758,40.62813],[141.07967,40.62845],[141.08044,40.62754],[141.08107,40.62719],[141.08354,40.62706],[141.08452,40.62648],[141.08481,40.62565],[141.08607,40.62487],[141.08631,40.62454],[141.08645,40.62384],[141.08762,40.62223],[141.08926,40.62188],[141.08991,40.62105],[141.09153,40.62025],[141.09276,40.61987],[141.09386,40.6191],[141.09461,40.619],[141.0966,40.61947],[141.09727,40.61924],[141.0978,40.61852],[141.09882,40.61654],[141.1001,40.616],[141.1007,40.61555],[141.10075,40.61474],[141.10102,40.61443],[141.10285,40.61313],[141.10422,40.61311],[141.10537,40.61274],[141.1057,40.61248],[141.10592,40.612],[141.10608,40.61049],[141.10703,40.60936],[141.10822,40.60887],[141.10928,40.60818],[141.11098,40.6082],[141.1121,40.60762],[141.11288,40.60688],[141.11282,40.60576],[141.11305,40.60523],[141.11389,40.60453],[141.11485,40.60399],[141.11527,40.60338],[141.1153,40.60225],[141.11587,40.59906],[141.11857,40.59723],[141.12042,40.5971],[141.12085,40.59642],[141.12129,40.59507],[141.12177,40.59479],[141.12232,40.59478],[141.1263,40.59541],[141.12765,40.59536],[141.12905,40.595],[141.12723,40.59385],[141.12563,40.59061],[141.12378,40.58909],[141.12351,40.58866],[141.12329,40.58737],[141.12288,40.58707],[141.12213,40.58694],[141.12088,40.58703],[141.11802,40.58751],[141.11563,40.58928],[141.11449,40.58976],[141.11325,40.58986],[141.11227,40.59032],[141.11152,40.591],[141.11039,40.59264],[141.10944,40.59332],[141.1081,40.59397],[141.10573,40.59419],[141.10316,40.59395],[141.10028,40.59423],[141.09958,40.59395],[141.09815,40.59296],[141.09663,40.59094],[141.09467,40.58878],[141.09338,40.58802],[141.09036,40.5868],[141.08923,40.5855],[141.08864,40.5851],[141.08814,40.5849],[141.08567,40.58461],[141.08166,40.58352],[141.0778,40.58167],[141.07525,40.58112],[141.07265,40.58109],[141.07047,40.58164],[141.06897,40.58232],[141.06399,40.58346],[141.06191,40.58463],[141.06033,40.58489],[141.0582,40.58647],[141.05749,40.5884],[141.05589,40.59031],[141.05522,40.59078],[141.05338,40.59116],[141.0504,40.59147],[141.04977,40.59198],[141.04919,40.59299],[141.04852,40.59506],[141.04805,40.59588],[141.04631,40.59782],[141.04651,40.59968],[141.04609,40.60037],[141.04463,40.60107],[141.04185,40.60132],[141.04072,40.60121],[141.03851,40.60075],[141.03637,40.59939],[141.03515,40.59811],[141.03455,40.59685],[141.03389,40.59632],[141.03199,40.59541],[141.0293,40.59496],[141.02801,40.59446],[141.02611,40.59259],[141.02566,40.59234],[141.02419,40.59078],[141.02338,40.58862],[141.02352,40.58784],[141.02387,40.58744],[141.02349,40.58683],[141.02172,40.58601],[141.02035,40.58582],[141.01934,40.58587],[141.01857,40.58556],[141.01795,40.58454],[141.01751,40.58286],[141.01677,40.58226],[141.01623,40.58152],[141.01541,40.58118],[141.01276,40.58074],[141.0114,40.58026],[141.0077,40.5804],[141.0046,40.58004],[141.00152,40.57938],[141.00035,40.57937],[140.99873,40.57905],[140.99782,40.5782],[140.99769,40.57756],[140.99726,40.57676],[140.99691,40.57642],[140.99622,40.57626],[140.992,40.5762],[140.98651,40.57704],[140.9834,40.57696],[140.98205,40.57736],[140.98157,40.57727],[140.98053,40.57601],[140.97924,40.57541],[140.97844,40.57525],[140.97783,40.57574],[140.97614,40.57651],[140.97549,40.57741],[140.97376,40.57789],[140.97297,40.57906],[140.97122,40.58019],[140.97119,40.58084],[140.97165,40.58184],[140.9714,40.58254],[140.97141,40.58316],[140.97112,40.58396],[140.9702,40.58465],[140.97026,40.58509],[140.97064,40.5857],[140.9706,40.58662],[140.96964,40.58826],[140.9698,40.58892],[140.96883,40.59161],[140.9683,40.59229],[140.96553,40.59383],[140.96435,40.59535],[140.96375,40.59645],[140.96366,40.59707],[140.96273,40.5974],[140.96144,40.59822],[140.96142,40.59857],[140.96201,40.59938],[140.96172,40.60125],[140.96136,40.60201],[140.96077,40.60242],[140.95962,40.60273],[140.95817,40.60267],[140.95764,40.60237],[140.95718,40.60242],[140.95615,40.6031],[140.95576,40.60444],[140.95506,40.60468],[140.95419,40.60547],[140.95155,40.60549],[140.95119,40.6056],[140.95072,40.60645],[140.9505,40.60733],[140.95085,40.60859],[140.95083,40.609],[140.94963,40.60953],[140.94935,40.61048],[140.94877,40.611],[140.94875,40.61188],[140.94829,40.6125],[140.94846,40.61323],[140.94835,40.61351],[140.94728,40.61471],[140.9459,40.61466],[140.94567,40.61491],[140.94492,40.6167],[140.94459,40.61707],[140.94354,40.61756],[140.94309,40.61825],[140.94234,40.61893],[140.94185,40.62048],[140.9404,40.62089],[140.93856,40.62171],[140.93558,40.62251],[140.93454,40.6235],[140.93364,40.62353],[140.93179,40.62391],[140.9298,40.62372],[140.92335,40.62402],[140.92,40.62389],[140.91661,40.62495],[140.9154,40.62606],[140.91262,40.62685],[140.90928,40.62737],[140.90799,40.62832],[140.90536,40.62944],[140.90368,40.62938],[140.90147,40.62906],[140.89777,40.62898],[140.89641,40.62909],[140.89164,40.63042],[140.88929,40.63137],[140.88669,40.63268],[140.88416,40.63352],[140.88315,40.63422],[140.88375,40.63607],[140.88376,40.64063],[140.88244,40.64144],[140.87988,40.64373],[140.87893,40.64431],[140.87673,40.64519],[140.87633,40.64569],[140.8762,40.64614],[140.8765,40.64739],[140.87724,40.64927],[140.87807,40.65063],[140.87935,40.65334],[140.8773,40.65488],[140.87696,40.65586],[140.87703,40.65674],[140.87766,40.65749],[140.87888,40.65752],[140.88045,40.65687],[140.88599,40.65362],[140.88786,40.6531],[140.88871,40.65321],[140.89042,40.6539],[140.89504,40.654],[140.89685,40.65439],[140.89837,40.65444],[140.90003,40.65422],[140.9048,40.65429],[140.90657,40.65378],[140.90702,40.65328],[140.9075,40.6531],[140.91092,40.65296],[140.91179,40.65257],[140.91306,40.65163],[140.91447,40.65009],[140.91529,40.64883],[140.91847,40.64642],[140.92019,40.64563],[140.92563,40.64507],[140.93038,40.6451],[140.93159,40.6446],[140.93313,40.64347],[140.935,40.64294],[140.93618,40.64282],[140.93724,40.64297],[140.93871,40.6429],[140.94067,40.64386],[140.94235,40.64405],[140.94379,40.64447],[140.94558,40.64537],[140.94861,40.6455],[140.94919,40.64574],[140.95285,40.64637],[140.95503,40.64709],[140.95497,40.64772],[140.95464,40.6486],[140.9547,40.64932],[140.95617,40.65154],[140.95646,40.65231],[140.95609,40.65448],[140.95616,40.65579],[140.95635,40.65623],[140.95714,40.65677],[140.96028,40.65786],[140.96088,40.65837],[140.96103,40.65878],[140.96099,40.6596],[140.96052,40.66067],[140.95935,40.66237],[140.95929,40.66474],[140.96063,40.66429],[140.96311,40.66285],[140.96538,40.66242]]]},"properties":{"key":"022060470","name":"大字法量","pref":"青森県","prefCode":"02","municipality":"十和田市","areaM2":95287371.543,"population":877,"toponymIds":["02-3c616d2d8d"]}},{"type":"Feature","geometry":{"type":"Polygon","coordinates":[[[141.46496,40.42563],[141.46416,40.42573],[141.46342,40.42636],[141.46278,40.42665],[141.46209,40.42668],[141.46147,40.42643],[141.46029,40.42421],[141.45809,40.42147],[141.45564,40.42124],[141.45363,40.42265],[141.45293,40.42293],[141.45211,40.42123],[141.45167,40.41922],[141.45034,40.41805],[141.45025,40.41857],[141.44978,40.41906],[141.44911,40.41902],[141.44789,40.41857],[141.44714,40.41859],[141.44602,40.41952],[141.44511,40.41991],[141.44443,40.42047],[141.44319,40.41928],[141.4426,40.4224],[141.44249,40.42361],[141.44261,40.42596],[141.44244,40.42621],[141.44118,40.42679],[141.44099,40.42707],[141.44149,40.42736],[141.44242,40.42745],[141.44297,40.42733],[141.44324,40.42749],[141.44245,40.42983],[141.44245,40.43187],[141.44372,40.43327],[141.44412,40.43352],[141.44483,40.43456],[141.44702,40.43504],[141.44839,40.43598],[141.44907,40.4362],[141.45244,40.43662],[141.45476,40.43653],[141.45823,40.4371],[141.46057,40.43717],[141.4613,40.43744],[141.46139,40.43703],[141.46116,40.43665],[141.46111,40.43601],[141.46122,40.43443],[141.46155,40.43351],[141.46294,40.43125],[141.46472,40.42959],[141.46576,40.42885],[141.4666,40.42868],[141.46857,40.42884],[141.46882,40.42869],[141.46877,40.42835],[141.46847,40.42801],[141.4678,40.42763],[141.46644,40.42622],[141.46568,40.42576],[141.46496,40.42563]]]},"properties":{"key":"022031040","name":"南郷大字泥障作","pref":"青森県","prefCode":"02","municipality":"八戸市","areaM2":2925393.998,"population":53,"toponymIds":["02-b177a2610f"]}},{"type":"Feature","geometry":{"type":"Polygon","coordinates":[[[140.41673,40.61813],[140.41675,40.6179],[140.41635,40.61784],[140.41657,40.61735],[140.41543,40.61664],[140.4173,40.6135],[140.41897,40.61409],[140.41973,40.61283],[140.42278,40.6138],[140.42301,40.61324],[140.42288,40.61229],[140.42182,40.61135],[140.4208,40.61104],[140.41953,40.61039],[140.41609,40.6073],[140.41421,40.60842],[140.41368,40.6089],[140.41198,40.60944],[140.41083,40.60908],[140.41044,40.60912],[140.40921,40.60969],[140.40882,40.61005],[140.40668,40.60982],[140.40459,40.60935],[140.4031,40.60841],[140.4022,40.60728],[140.40129,40.60694],[140.39966,40.60718],[140.39712,40.60678],[140.39501,40.60686],[140.39558,40.60552],[140.39608,40.60485],[140.39641,40.60469],[140.39779,40.60532],[140.39876,40.6052],[140.39876,40.60398],[140.39941,40.60333],[140.3992,40.60316],[140.39819,40.603],[140.39792,40.60277],[140.39906,40.60226],[140.39947,40.60177],[140.39953,40.60148],[140.39917,40.60068],[140.39991,40.60042],[140.39984,40.59999],[140.39944,40.59981],[140.39913,40.60008],[140.39822,40.60022],[140.39781,40.59982],[140.39671,40.5993],[140.39519,40.59915],[140.39321,40.59777],[140.39142,40.59695],[140.39032,40.59672],[140.38886,40.59676],[140.38846,40.59662],[140.38803,40.59603],[140.38689,40.59525],[140.38492,40.59476],[140.38439,40.59446],[140.38367,40.59438],[140.38251,40.59494],[140.38141,40.59077],[140.37771,40.59075],[140.37523,40.58998],[140.37376,40.58981],[140.37252,40.59001],[140.37206,40.59076],[140.37142,40.59264],[140.371,40.59342],[140.37022,40.59434],[140.37113,40.59564],[140.37124,40.59702],[140.37029,40.59949],[140.36897,40.60084],[140.36846,40.60185],[140.36809,40.60218],[140.36645,40.60273],[140.36535,40.60338],[140.36211,40.60426],[140.36179,40.6073],[140.36533,40.60859],[140.36737,40.60834],[140.3681,40.60759],[140.3699,40.60767],[140.37035,40.60882],[140.37029,40.60965],[140.37069,40.61081],[140.3706,40.6113],[140.37324,40.61435],[140.37582,40.61471],[140.37668,40.61608],[140.37845,40.61687],[140.38711,40.61198],[140.38827,40.61174],[140.38879,40.61127],[140.38964,40.61133],[140.39069,40.61106],[140.39182,40.61157],[140.39214,40.61131],[140.39218,40.61102],[140.39266,40.61076],[140.39524,40.61272],[140.398,40.61214],[140.40103,40.6125],[140.40141,40.61292],[140.40148,40.61344],[140.40173,40.61351],[140.40449,40.6135],[140.40492,40.61372],[140.40689,40.6136],[140.40837,40.6154],[140.41299,40.61892],[140.41671,40.6187],[140.41673,40.61813]]]},"properties":{"key":"022024020","name":"大字五代","pref":"青森県","prefCode":"02","municipality":"弘前市","areaM2":6727153.6,"population":1009,"toponymIds":["02-23a3271ec4"]}},{"type":"Feature","geometry":{"type":"Polygon","coordinates":[[[140.37918,40.56654],[140.37997,40.56344],[140.37965,40.56276],[140.37986,40.56168],[140.37946,40.56033],[140.37877,40.55911],[140.37857,40.55716],[140.37809,40.55614],[140.37726,40.55321],[140.3772,40.55273],[140.37746,40.55087],[140.37794,40.54897],[140.37747,40.54823],[140.3763,40.54749],[140.37613,40.54702],[140.37665,40.54614],[140.37661,40.54568],[140.37777,40.54434],[140.37871,40.54417],[140.38006,40.54339],[140.38056,40.54266],[140.38153,40.54202],[140.38156,40.54164],[140.38211,40.54099],[140.38258,40.54072],[140.38344,40.54061],[140.38447,40.53954],[140.38464,40.5391],[140.38461,40.53808],[140.38412,40.5365],[140.38251,40.53639],[140.38094,40.53666],[140.37842,40.53743],[140.37667,40.53823],[140.37183,40.54227],[140.36776,40.54376],[140.36495,40.54561],[140.36155,40.54733],[140.3567,40.54264],[140.34922,40.53606],[140.34582,40.53356],[140.34713,40.53274],[140.3475,40.53134],[140.34885,40.53027],[140.34925,40.5288],[140.35017,40.52819],[140.35056,40.52733],[140.35217,40.52698],[140.35262,40.52666],[140.35291,40.52614],[140.35375,40.52627],[140.35418,40.52582],[140.35428,40.52458],[140.35416,40.52416],[140.35387,40.52387],[140.35374,40.52306],[140.35421,40.51982],[140.35494,40.51859],[140.35476,40.51729],[140.35638,40.51334],[140.3612,40.50532],[140.36149,40.50447],[140.36054,40.50366],[140.36053,40.50329],[140.36098,40.50211],[140.36107,40.50037],[140.36094,40.49964],[140.36116,40.49886],[140.36029,40.497],[140.36047,40.4964],[140.36115,40.4956],[140.36209,40.49377],[140.36214,40.49281],[140.36185,40.49136],[140.36049,40.49018],[140.35959,40.48827],[140.35883,40.48767],[140.35865,40.48623],[140.35874,40.48378],[140.3599,40.48311],[140.36063,40.48313],[140.36034,40.48202],[140.36041,40.48055],[140.36086,40.47957],[140.3617,40.47838],[140.3604,40.47786],[140.36,40.47751],[140.35981,40.47709],[140.35967,40.47586],[140.35951,40.4757],[140.35777,40.47487],[140.35641,40.47449],[140.35404,40.47267],[140.35374,40.47218],[140.35331,40.47057],[140.35278,40.46947],[140.35232,40.46894],[140.3491,40.46826],[140.34852,40.46796],[140.34794,40.46733],[140.34771,40.46735],[140.34698,40.46809],[140.34629,40.46948],[140.34571,40.46998],[140.34604,40.47051],[140.34596,40.47074],[140.34542,40.47111],[140.34517,40.47188],[140.34444,40.47211],[140.3438,40.47293],[140.34175,40.47321],[140.3399,40.47397],[140.33947,40.47441],[140.33767,40.47431],[140.33743,40.47512],[140.33685,40.47613],[140.3368,40.47759],[140.3365,40.47944],[140.33548,40.47961],[140.3349,40.47994],[140.33457,40.48032],[140.33453,40.48095],[140.33424,40.4812],[140.33316,40.48159],[140.33233,40.48216],[140.32718,40.48134],[140.32808,40.48298],[140.32825,40.48365],[140.32799,40.4845],[140.32695,40.48518],[140.3277,40.48704],[140.32709,40.48807],[140.3272,40.48838],[140.33038,40.49054],[140.33041,40.49099],[140.32987,40.49184],[140.32961,40.49275],[140.32889,40.4928],[140.32755,40.49381],[140.32746,40.49412],[140.32789,40.49524],[140.32475,40.49602],[140.32301,40.49704],[140.32195,40.49722],[140.32158,40.4982],[140.32021,40.4993],[140.31995,40.49979],[140.31991,40.50081],[140.3205,40.50184],[140.32042,40.50238],[140.32021,40.50291],[140.31914,40.50433],[140.31974,40.50557],[140.31987,40.50658],[140.32231,40.50867],[140.32335,40.50927],[140.32337,40.50967],[140.32185,40.51182],[140.32169,40.51244],[140.32106,40.51359],[140.32032,40.5141],[140.31982,40.51505],[140.31541,40.51531],[140.31423,40.51585],[140.3134,40.51673],[140.32001,40.52095],[140.32144,40.5224],[140.32208,40.52325],[140.32259,40.52429],[140.32286,40.5245],[140.32465,40.52457],[140.32734,40.52627],[140.32746,40.5267],[140.32712,40.5275],[140.3263,40.52811],[140.32623,40.52846],[140.32571,40.52897],[140.3257,40.52991],[140.32514,40.53092],[140.32535,40.53143],[140.32496,40.53192],[140.32504,40.53263],[140.32525,40.5329],[140.32614,40.53303],[140.32637,40.5336],[140.32634,40.53428],[140.32662,40.53433],[140.32679,40.53459],[140.3269,40.53523],[140.32675,40.5361],[140.32657,40.53663],[140.32624,40.53684],[140.32855,40.5391],[140.32992,40.53969],[140.32984,40.54008],[140.33026,40.54102],[140.33122,40.54148],[140.33203,40.54216],[140.33226,40.54413],[140.33206,40.54459],[140.33221,40.54509],[140.33213,40.54549],[140.33267,40.5461],[140.33269,40.54648],[140.33341,40.54772],[140.33377,40.54896],[140.33357,40.54971],[140.33278,40.55092],[140.33276,40.55269],[140.33307,40.55319],[140.33299,40.55469],[140.33323,40.55568],[140.33268,40.55699],[140.33279,40.55774],[140.33294,40.55812],[140.33447,40.5593],[140.33743,40.5605],[140.33755,40.56085],[140.33798,40.56121],[140.33908,40.56269],[140.33914,40.56305],[140.34171,40.56247],[140.34418,40.563],[140.34496,40.56342],[140.34699,40.56332],[140.34743,40.56381],[140.34767,40.56384],[140.34916,40.56349],[140.35124,40.56349],[140.35186,40.56325],[140.35276,40.5632],[140.35578,40.5634],[140.35851,40.56381],[140.35883,40.56375],[140.35941,40.56322],[140.3598,40.56313],[140.3648,40.56361],[140.36561,40.56402],[140.36682,40.56536],[140.36875,40.56679],[140.36905,40.56689],[140.37136,40.56639],[140.3757,40.56701],[140.37789,40.56832],[140.37836,40.56883],[140.37845,40.56916],[140.37918,40.56654]]]},"properties":{"key":"022024130","name":"大字相馬","pref":"青森県","prefCode":"02","municipality":"弘前市","areaM2":29861851.284,"population":395,"toponymIds":["02-86082f6c67"]}},{"type":"Feature","geometry":{"type":"Polygon","coordinates":[[[141.1573,41.26254],[141.15802,41.26218],[141.15868,41.26154],[141.15935,41.26019],[141.1594,41.25818],[141.15905,41.25481],[141.15841,41.25251],[141.1575,41.25031],[141.15611,41.24794],[141.15511,41.24543],[141.15372,41.24336],[141.15372,41.24282],[141.15122,41.24062],[141.14827,41.23863],[141.14531,41.23695],[141.14513,41.23674],[141.14526,41.23655],[141.1437,41.2356],[141.14353,41.23503],[141.14371,41.23479],[141.14421,41.23466],[141.14406,41.23428],[141.14431,41.23422],[141.14421,41.23397],[141.14347,41.23413],[141.14123,41.23344],[141.1402,41.23296],[141.13616,41.2302],[141.13268,41.22726],[141.13115,41.22817],[141.13031,41.22755],[141.1273,41.22927],[141.12643,41.23057],[141.12612,41.23233],[141.12621,41.23402],[141.12668,41.23425],[141.13013,41.23478],[141.13437,41.23913],[141.13312,41.23993],[141.1318,41.23937],[141.13083,41.23922],[141.12901,41.23944],[141.12798,41.23998],[141.1273,41.23938],[141.12659,41.23901],[141.12592,41.2388],[141.12546,41.23885],[141.12447,41.23918],[141.12278,41.24016],[141.12121,41.24157],[141.11959,41.24222],[141.12281,41.24572],[141.12827,41.24568],[141.12862,41.24626],[141.12993,41.24698],[141.12982,41.24677],[141.12993,41.24652],[141.13138,41.24557],[141.13191,41.24476],[141.13272,41.24456],[141.13456,41.25046],[141.13686,41.25287],[141.13811,41.2546],[141.14132,41.25672],[141.1415,41.25658],[141.14165,41.25667],[141.14203,41.25636],[141.14261,41.25681],[141.14453,41.25571],[141.1444,41.25564],[141.14615,41.25413],[141.14603,41.25405],[141.14427,41.25557],[141.14403,41.25541],[141.14407,41.25528],[141.14394,41.25535],[141.14363,41.25515],[141.14372,41.25505],[141.14354,41.25509],[141.143,41.25474],[141.14304,41.25461],[141.14292,41.25469],[141.14254,41.25445],[141.14383,41.25335],[141.14372,41.25328],[141.14248,41.25441],[141.14112,41.25351],[141.1411,41.25269],[141.14121,41.25269],[141.14109,41.2519],[141.14072,41.25104],[141.14003,41.25146],[141.14067,41.25092],[141.13968,41.25095],[141.14057,41.25071],[141.14042,41.25032],[141.14069,41.25026],[141.1404,41.25026],[141.14013,41.2492],[141.13988,41.24913],[141.14011,41.24909],[141.14007,41.24896],[141.13878,41.24861],[141.13875,41.24802],[141.1361,41.248],[141.1361,41.24777],[141.13875,41.24781],[141.1388,41.24714],[141.13725,41.24627],[141.13656,41.24697],[141.13579,41.24699],[141.13652,41.24692],[141.13718,41.24623],[141.13369,41.24433],[141.1334,41.24434],[141.13323,41.24411],[141.13323,41.24359],[141.13349,41.24145],[141.13384,41.24066],[141.13377,41.24011],[141.13415,41.23992],[141.14094,41.24027],[141.14238,41.24042],[141.14236,41.24063],[141.14249,41.24063],[141.1425,41.24042],[141.14287,41.24044],[141.14296,41.24072],[141.1442,41.24075],[141.14462,41.2411],[141.14525,41.24212],[141.14667,41.24507],[141.14782,41.24587],[141.14804,41.2462],[141.14852,41.24644],[141.14821,41.24607],[141.14857,41.24644],[141.14919,41.24672],[141.15012,41.24764],[141.15107,41.24812],[141.15237,41.24926],[141.15426,41.2502],[141.15419,41.25124],[141.15235,41.25255],[141.15438,41.25119],[141.15505,41.2511],[141.15564,41.25118],[141.15624,41.2515],[141.15758,41.25306],[141.15795,41.25395],[141.15841,41.25595],[141.15855,41.25625],[141.15881,41.25635],[141.15902,41.25828],[141.15893,41.25977],[141.15785,41.26159],[141.15792,41.2617],[141.15841,41.26116],[141.1582,41.26163],[141.15806,41.2617],[141.15826,41.26139],[141.15725,41.26232],[141.15643,41.26252],[141.15639,41.26238],[141.15772,41.26163],[141.15772,41.26151],[141.15732,41.26163],[141.156,41.26252],[141.15626,41.26278],[141.1573,41.26254]]]},"properties":{"key":"022080540","name":"大湊町","pref":"青森県","prefCode":"02","municipality":"むつ市","areaM2":3390469.047,"population":982,"toponymIds":["02-aa9082ae28"]}}]}
