{"type":"FeatureCollection","features":[{"type":"Feature","geometry":{"type":"Polygon","coordinates":[[[140.92271,38.05091],[140.92202,38.04613],[140.90915,38.05217],[140.9082,38.05308],[140.90743,38.05439],[140.90718,38.05549],[140.906,38.05868],[140.90599,38.05995],[140.90846,38.06576],[140.91007,38.07086],[140.91004,38.07158],[140.90939,38.07431],[140.90862,38.07624],[140.90699,38.07831],[140.90376,38.08091],[140.906,38.0885],[140.91048,38.08773],[140.92786,38.08646],[140.92646,38.08092],[140.92555,38.07667],[140.92553,38.07568],[140.92523,38.0741],[140.92507,38.07397],[140.92484,38.07293],[140.92498,38.07227],[140.92458,38.07079],[140.92472,38.07054],[140.92438,38.06899],[140.92401,38.06469],[140.92309,38.05773],[140.92312,38.05488],[140.92271,38.05091]]]},"properties":{"key":"042110250","name":"寺島","pref":"宮城県","prefCode":"04","municipality":"岩沼市","areaM2":6418779.237,"population":377,"toponymIds":["04-bf5f21e50a","04-2759a1197a","04-204978d758"]}},{"type":"Feature","geometry":{"type":"Polygon","coordinates":[[[140.93205,38.28408],[140.93173,38.28396],[140.93011,38.28247],[140.92836,38.28139],[140.92714,38.28284],[140.9292,38.28382],[140.93079,38.28507],[140.93136,38.28484],[140.93133,38.28466],[140.93205,38.28408]]]},"properties":{"key":"04102023002","name":"小鶴二丁目","pref":"宮城県","prefCode":"04","municipality":"仙台市宮城野区","areaM2":71347.048,"population":553,"toponymIds":["04-ed6a2895e7"]}},{"type":"Feature","geometry":{"type":"Polygon","coordinates":[[[140.72727,38.33726],[140.72829,38.33702],[140.72873,38.3356],[140.72904,38.33596],[140.73005,38.33536],[140.73068,38.33467],[140.73336,38.33406],[140.73426,38.33418],[140.73481,38.33377],[140.7375,38.33267],[140.73834,38.33124],[140.73917,38.33036],[140.73924,38.32972],[140.73962,38.32958],[140.74087,38.32965],[140.74214,38.32909],[140.74375,38.32942],[140.74628,38.32885],[140.74687,38.32856],[140.7471,38.32823],[140.74756,38.32814],[140.74771,38.32779],[140.74819,38.32764],[140.74848,38.32736],[140.74848,38.32705],[140.74948,38.32676],[140.75015,38.32603],[140.75109,38.32553],[140.7514,38.32519],[140.75264,38.32467],[140.7527,38.3243],[140.75319,38.32432],[140.75384,38.32491],[140.75422,38.32399],[140.75459,38.324],[140.75502,38.32433],[140.75529,38.324],[140.756,38.32382],[140.75642,38.3232],[140.75683,38.32294],[140.75655,38.32254],[140.75707,38.32228],[140.75801,38.32219],[140.75831,38.32265],[140.75856,38.32271],[140.7588,38.32267],[140.75899,38.32222],[140.75967,38.32227],[140.76029,38.32318],[140.76086,38.32252],[140.76198,38.32258],[140.76231,38.32308],[140.76267,38.32281],[140.76266,38.3224],[140.76318,38.32219],[140.76342,38.32233],[140.76343,38.32279],[140.76367,38.32276],[140.76371,38.32236],[140.76403,38.32223],[140.76482,38.32265],[140.76503,38.3224],[140.76468,38.32208],[140.76511,38.32176],[140.76592,38.32245],[140.76532,38.32291],[140.76636,38.32338],[140.76702,38.32328],[140.76722,38.32304],[140.76712,38.32265],[140.76728,38.32255],[140.7677,38.32283],[140.76799,38.32341],[140.76907,38.32336],[140.76931,38.32369],[140.76979,38.32385],[140.76991,38.32415],[140.77144,38.32327],[140.7721,38.32326],[140.77282,38.32362],[140.77274,38.32381],[140.77224,38.32402],[140.77251,38.32426],[140.77296,38.32403],[140.77333,38.32345],[140.77503,38.32237],[140.77569,38.32284],[140.7761,38.32235],[140.77631,38.3223],[140.77731,38.3224],[140.77802,38.32229],[140.77808,38.3227],[140.77837,38.32271],[140.77885,38.32251],[140.77924,38.32196],[140.77995,38.3222],[140.78033,38.322],[140.78075,38.3224],[140.7812,38.32258],[140.78208,38.32188],[140.78269,38.32175],[140.78343,38.32187],[140.78439,38.32231],[140.78596,38.32227],[140.78701,38.32277],[140.78743,38.32263],[140.78772,38.32219],[140.78894,38.3222],[140.78878,38.32193],[140.78936,38.3218],[140.78955,38.32072],[140.78981,38.32033],[140.78987,38.31887],[140.79006,38.31843],[140.7908,38.31775],[140.79159,38.31742],[140.792,38.31695],[140.7919,38.3167],[140.79229,38.31551],[140.7922,38.31468],[140.79255,38.31398],[140.79246,38.31375],[140.79293,38.31319],[140.79304,38.31242],[140.79231,38.31193],[140.79182,38.31124],[140.79206,38.3092],[140.79253,38.30898],[140.79861,38.30798],[140.80112,38.30734],[140.80067,38.30665],[140.80251,38.30583],[140.80278,38.3044],[140.80375,38.30463],[140.80425,38.30455],[140.8046,38.30403],[140.80424,38.30374],[140.80428,38.30357],[140.80576,38.30372],[140.80697,38.30265],[140.80981,38.30262],[140.80971,38.3015],[140.80822,38.29892],[140.80772,38.29742],[140.80765,38.29647],[140.80779,38.29542],[140.80819,38.29526],[140.80846,38.29481],[140.80954,38.2958],[140.81019,38.29762],[140.81084,38.29833],[140.81165,38.29798],[140.81203,38.29803],[140.81186,38.29789],[140.81199,38.2978],[140.81269,38.29829],[140.8137,38.29819],[140.81436,38.29796],[140.81447,38.29812],[140.81506,38.29789],[140.81545,38.29807],[140.81519,38.29832],[140.8156,38.29857],[140.81728,38.29728],[140.81716,38.29719],[140.81791,38.29649],[140.81893,38.29631],[140.81959,38.2958],[140.8194,38.29566],[140.81985,38.29513],[140.81871,38.29471],[140.81818,38.29421],[140.81525,38.29315],[140.81351,38.29303],[140.81334,38.29257],[140.81276,38.29297],[140.80995,38.29297],[140.81002,38.29252],[140.80988,38.29231],[140.81017,38.29183],[140.80967,38.29169],[140.80967,38.29084],[140.80999,38.28974],[140.81043,38.28936],[140.8106,38.28851],[140.80927,38.28903],[140.80904,38.28886],[140.80853,38.28884],[140.80858,38.28857],[140.8113,38.2877],[140.81044,38.28733],[140.81017,38.28707],[140.80995,38.28723],[140.80949,38.28721],[140.80928,38.28686],[140.80925,38.28663],[140.80981,38.28602],[140.80993,38.28554],[140.81004,38.28329],[140.81001,38.28306],[140.80977,38.28307],[140.81004,38.2829],[140.80987,38.28273],[140.81025,38.28228],[140.81065,38.28209],[140.81111,38.28255],[140.81186,38.28291],[140.81317,38.28326],[140.81448,38.28335],[140.81582,38.2817],[140.81624,38.28185],[140.81688,38.28159],[140.81751,38.28083],[140.81629,38.27996],[140.81264,38.28012],[140.80964,38.27992],[140.80658,38.2754],[140.80464,38.27324],[140.8045,38.2725],[140.80492,38.27143],[140.80525,38.27111],[140.80532,38.27018],[140.80216,38.27064],[140.80136,38.27122],[140.80138,38.27141],[140.80052,38.27138],[140.79912,38.27218],[140.79828,38.27317],[140.79893,38.27366],[140.79758,38.27336],[140.79678,38.27264],[140.79437,38.27549],[140.7939,38.27548],[140.79324,38.27517],[140.79121,38.27526],[140.7903,38.27559],[140.78923,38.27679],[140.78861,38.27714],[140.78811,38.27739],[140.78677,38.27767],[140.78032,38.27719],[140.77823,38.27663],[140.77718,38.27578],[140.77608,38.27521],[140.7737,38.27512],[140.77332,38.27521],[140.77308,38.27549],[140.77256,38.27704],[140.77216,38.27772],[140.77111,38.27899],[140.77047,38.27916],[140.76921,38.27871],[140.76816,38.27796],[140.76654,38.27793],[140.76216,38.27858],[140.7609,38.27854],[140.76049,38.27834],[140.75896,38.27687],[140.758,38.27619],[140.75657,38.27611],[140.75539,38.2763],[140.75299,38.27739],[140.75261,38.27797],[140.75237,38.27977],[140.75218,38.27999],[140.7509,38.28033],[140.74871,38.27845],[140.74822,38.27776],[140.74476,38.2758],[140.74431,38.27533],[140.74346,38.27397],[140.743,38.27383],[140.74228,38.27401],[140.73681,38.27667],[140.73621,38.27678],[140.73312,38.27598],[140.73183,38.27544],[140.73075,38.27532],[140.72902,38.27557],[140.72619,38.27659],[140.72584,38.27636],[140.72424,38.27595],[140.72355,38.27517],[140.72358,38.27486],[140.72338,38.2746],[140.7221,38.27414],[140.72086,38.27477],[140.71919,38.27535],[140.71478,38.27667],[140.71343,38.27787],[140.7119,38.27875],[140.71067,38.27905],[140.70628,38.27909],[140.70138,38.28094],[140.70037,38.28161],[140.69945,38.28201],[140.69687,38.28184],[140.69489,38.28233],[140.69447,38.28276],[140.69459,38.28358],[140.69615,38.2845],[140.69706,38.28567],[140.69776,38.28617],[140.69764,38.28662],[140.69648,38.2874],[140.69592,38.28801],[140.69699,38.29015],[140.69902,38.29049],[140.69949,38.29004],[140.69947,38.2899],[140.70016,38.28945],[140.70076,38.28946],[140.70101,38.28966],[140.7009,38.29066],[140.70009,38.29214],[140.70008,38.29279],[140.70232,38.29489],[140.70232,38.29528],[140.70181,38.29592],[140.70182,38.2964],[140.70403,38.29804],[140.70384,38.29857],[140.70278,38.29897],[140.70259,38.29921],[140.70262,38.29971],[140.70479,38.30021],[140.70518,38.30122],[140.70514,38.30171],[140.70677,38.30249],[140.70711,38.30345],[140.70618,38.30399],[140.70593,38.3047],[140.70647,38.30508],[140.70728,38.30506],[140.70857,38.30554],[140.70838,38.30608],[140.70672,38.30626],[140.70671,38.3069],[140.70641,38.3076],[140.70637,38.30812],[140.70713,38.30915],[140.70775,38.31043],[140.70769,38.31065],[140.70835,38.31305],[140.7106,38.31413],[140.71768,38.31583],[140.72147,38.31766],[140.72285,38.32013],[140.72198,38.32367],[140.72077,38.32602],[140.71877,38.32821],[140.7185,38.32933],[140.7181,38.3299],[140.71744,38.33014],[140.71716,38.33046],[140.71731,38.33117],[140.717,38.33218],[140.71698,38.33282],[140.71808,38.33399],[140.71965,38.33416],[140.72068,38.33453],[140.72342,38.33598],[140.72452,38.33618],[140.72616,38.33704],[140.72727,38.33726]],[[140.74295,38.29632],[140.74257,38.29588],[140.74195,38.29583],[140.74135,38.29622],[140.74073,38.29576],[140.7412,38.29321],[140.74106,38.29309],[140.7414,38.29292],[140.74156,38.29251],[140.74104,38.29161],[140.74108,38.29109],[140.743,38.29097],[140.74506,38.2903],[140.74557,38.29034],[140.74543,38.29092],[140.74593,38.29087],[140.7465,38.29104],[140.74838,38.29085],[140.74875,38.29111],[140.75224,38.29069],[140.75218,38.29051],[140.75381,38.28976],[140.75537,38.28934],[140.75667,38.28925],[140.75758,38.28885],[140.76249,38.28815],[140.76397,38.28773],[140.76437,38.28778],[140.76443,38.28761],[140.76457,38.28772],[140.76856,38.28678],[140.76991,38.28611],[140.77118,38.28525],[140.77338,38.28439],[140.77331,38.28403],[140.77445,38.28386],[140.77454,38.28418],[140.77589,38.28399],[140.77647,38.28369],[140.77689,38.28398],[140.77684,38.28476],[140.77469,38.28538],[140.77436,38.28585],[140.77328,38.28633],[140.77171,38.28661],[140.77281,38.28697],[140.77368,38.28693],[140.77371,38.28716],[140.77004,38.28759],[140.77013,38.28822],[140.77036,38.28832],[140.77037,38.28851],[140.77177,38.2894],[140.77118,38.29],[140.76863,38.28977],[140.7676,38.2906],[140.76554,38.29083],[140.76348,38.29065],[140.76064,38.29137],[140.75949,38.2919],[140.75923,38.29149],[140.75904,38.29061],[140.7579,38.29097],[140.75727,38.29097],[140.75708,38.29179],[140.75498,38.29105],[140.75532,38.29165],[140.75483,38.29194],[140.75398,38.29199],[140.7544,38.29337],[140.75379,38.29336],[140.75354,38.29307],[140.75286,38.29312],[140.75225,38.29344],[140.75164,38.29355],[140.75036,38.29441],[140.74976,38.29431],[140.74905,38.29448],[140.74507,38.29577],[140.74411,38.29571],[140.74325,38.29634],[140.74295,38.29632]],[[140.76162,38.31031],[140.76205,38.31103],[140.76298,38.31077],[140.76292,38.31063],[140.76312,38.3104],[140.7637,38.31024],[140.76365,38.31009],[140.7642,38.30972],[140.76561,38.3093],[140.76557,38.30904],[140.76503,38.30862],[140.76559,38.30852],[140.76583,38.30826],[140.76607,38.30832],[140.76596,38.30786],[140.76695,38.30768],[140.76731,38.30737],[140.76833,38.30784],[140.76837,38.30813],[140.76927,38.3076],[140.76945,38.30772],[140.76989,38.30759],[140.77041,38.3067],[140.77087,38.30631],[140.77062,38.30616],[140.77169,38.30534],[140.77188,38.3049],[140.77161,38.30475],[140.77208,38.30424],[140.7722,38.30443],[140.77267,38.30396],[140.77332,38.30391],[140.77427,38.30292],[140.77482,38.30318],[140.77598,38.30477],[140.77709,38.30588],[140.7781,38.30646],[140.77826,38.30677],[140.77817,38.30699],[140.77831,38.30745],[140.77705,38.30795],[140.77624,38.30752],[140.77204,38.31099],[140.77229,38.31175],[140.77187,38.31202],[140.77186,38.3123],[140.77116,38.31308],[140.76897,38.31323],[140.76895,38.31346],[140.76926,38.31368],[140.76894,38.31385],[140.76872,38.31359],[140.76723,38.3137],[140.76661,38.31416],[140.76624,38.31405],[140.76519,38.31418],[140.76522,38.31494],[140.76445,38.31519],[140.76319,38.31538],[140.76228,38.31532],[140.76204,38.31504],[140.76193,38.31445],[140.76144,38.31433],[140.76136,38.31359],[140.76094,38.31322],[140.76115,38.31288],[140.7605,38.31241],[140.76042,38.31204],[140.76075,38.31163],[140.76161,38.31103],[140.7617,38.31084],[140.76151,38.31042],[140.76162,38.31031]],[[140.79264,38.28214],[140.79146,38.28174],[140.79158,38.28127],[140.79145,38.2809],[140.79043,38.27966],[140.79042,38.27929],[140.79076,38.27868],[140.79153,38.27813],[140.79229,38.27805],[140.79243,38.2784],[140.79298,38.27847],[140.79456,38.27993],[140.79524,38.28029],[140.79487,38.28191],[140.79396,38.28191],[140.79374,38.2822],[140.79264,38.28214]]]},"properties":{"key":"041010103","name":"芋沢","pref":"宮城県","prefCode":"04","municipality":"仙台市青葉区","areaM2":45221857.917,"population":3505,"toponymIds":["04-80209dc2e2","04-6354faa574","04-d5a35787f5","04-38e67e2bea","04-c75dbe4c99","04-4bbd8cdb3d","04-770ffe52b9","04-748529bbee","04-2317a30bed","04-bf334cf25b","04-6b1171d106","04-13522ad52f","04-073df4e753","04-207e840285","04-e31d9068a8","04-73e20275e8"]}},{"type":"Feature","geometry":{"type":"Polygon","coordinates":[[[140.88048,38.27934],[140.88224,38.27854],[140.88234,38.27649],[140.87921,38.27616],[140.87866,38.27919],[140.87791,38.27918],[140.87735,38.27945],[140.87748,38.27968],[140.88048,38.27934]]]},"properties":{"key":"041010110","name":"梅田町","pref":"宮城県","prefCode":"04","municipality":"仙台市青葉区","areaM2":99607.385,"population":1315,"toponymIds":["04-eb50f2e693"]}},{"type":"Feature","geometry":{"type":"Polygon","coordinates":[[[140.61965,38.45459],[140.61988,38.45328],[140.6208,38.45255],[140.62116,38.45241],[140.62202,38.45251],[140.62322,38.45212],[140.62319,38.45191],[140.62348,38.45171],[140.62379,38.45111],[140.62374,38.44949],[140.62446,38.4479],[140.62516,38.44748],[140.62581,38.44732],[140.62639,38.44537],[140.62764,38.4441],[140.6284,38.44363],[140.62935,38.44335],[140.63141,38.44319],[140.63241,38.44327],[140.6334,38.44292],[140.63367,38.44241],[140.63353,38.44181],[140.63479,38.44141],[140.63675,38.43963],[140.63676,38.43914],[140.63715,38.43902],[140.63804,38.43908],[140.63859,38.4389],[140.64026,38.43787],[140.64215,38.43762],[140.64254,38.43673],[140.64327,38.43662],[140.64397,38.43682],[140.64471,38.43667],[140.64589,38.4369],[140.64695,38.43684],[140.64756,38.437],[140.64814,38.43738],[140.65011,38.4378],[140.65202,38.4378],[140.65308,38.43749],[140.65537,38.43599],[140.65562,38.43556],[140.65559,38.43521],[140.65617,38.43455],[140.65863,38.43245],[140.66051,38.4321],[140.66189,38.43203],[140.66787,38.43267],[140.66839,38.43265],[140.66885,38.43223],[140.66913,38.43217],[140.67113,38.43273],[140.67245,38.43255],[140.67764,38.43046],[140.67977,38.42892],[140.68173,38.42714],[140.68267,38.42669],[140.6902,38.42568],[140.69596,38.42532],[140.69702,38.42225],[140.69789,38.42158],[140.69809,38.42096],[140.69797,38.42055],[140.69695,38.41916],[140.69722,38.41685],[140.69675,38.41604],[140.69667,38.41558],[140.69598,38.41491],[140.69434,38.41413],[140.69413,38.41369],[140.69447,38.41317],[140.69601,38.41174],[140.69713,38.41044],[140.698,38.4071],[140.69845,38.40609],[140.69905,38.40358],[140.69994,38.40168],[140.70029,38.39954],[140.69977,38.39871],[140.69946,38.39745],[140.69956,38.3958],[140.69902,38.39527],[140.69837,38.39418],[140.69762,38.39232],[140.69632,38.39119],[140.69608,38.39018],[140.69533,38.38975],[140.69401,38.39011],[140.69325,38.39009],[140.69296,38.38972],[140.69261,38.38866],[140.69167,38.3883],[140.69164,38.38704],[140.691,38.38565],[140.69074,38.38534],[140.68983,38.38505],[140.68776,38.38264],[140.68889,38.38071],[140.68894,38.37989],[140.68999,38.3791],[140.69054,38.3783],[140.69165,38.37809],[140.69275,38.37738],[140.693,38.37703],[140.69454,38.37625],[140.69546,38.37538],[140.69617,38.37515],[140.69704,38.37441],[140.69939,38.37434],[140.70062,38.37301],[140.70134,38.3724],[140.70184,38.37223],[140.70204,38.37193],[140.70275,38.37173],[140.70341,38.37129],[140.70402,38.37132],[140.70459,38.37106],[140.70492,38.37049],[140.70549,38.37019],[140.70677,38.36871],[140.70754,38.36864],[140.70845,38.36802],[140.70949,38.36799],[140.70986,38.36776],[140.70995,38.36732],[140.71171,38.36697],[140.71221,38.36642],[140.71304,38.36592],[140.71395,38.36591],[140.71422,38.36558],[140.71416,38.36511],[140.71448,38.36447],[140.71544,38.36428],[140.71571,38.36384],[140.71622,38.3635],[140.71787,38.36348],[140.71857,38.36267],[140.71995,38.36267],[140.72206,38.36238],[140.72314,38.36203],[140.72438,38.3614],[140.72477,38.36095],[140.72563,38.36066],[140.72946,38.36035],[140.73088,38.35933],[140.73196,38.3588],[140.733,38.35888],[140.73323,38.35873],[140.73305,38.35785],[140.73338,38.35697],[140.7329,38.35573],[140.73237,38.35533],[140.73095,38.35535],[140.73074,38.35479],[140.73089,38.35432],[140.7306,38.35421],[140.73048,38.35388],[140.72973,38.35388],[140.72961,38.35236],[140.72989,38.3515],[140.72865,38.35069],[140.72732,38.35047],[140.72683,38.35022],[140.72551,38.35023],[140.72461,38.34978],[140.72396,38.34921],[140.72368,38.34866],[140.7221,38.34764],[140.72173,38.3464],[140.72153,38.34618],[140.72111,38.34607],[140.71927,38.34481],[140.71792,38.34466],[140.71714,38.34404],[140.71639,38.34392],[140.71555,38.34348],[140.71687,38.3428],[140.71754,38.34182],[140.7168,38.34107],[140.71684,38.3409],[140.71846,38.34041],[140.71959,38.34029],[140.72016,38.33998],[140.72185,38.33968],[140.72235,38.33935],[140.72253,38.33886],[140.72354,38.33879],[140.72413,38.33816],[140.72408,38.33741],[140.72424,38.33696],[140.72508,38.3365],[140.72452,38.33618],[140.72342,38.33598],[140.72068,38.33453],[140.71965,38.33416],[140.71808,38.33399],[140.71698,38.33282],[140.717,38.33218],[140.71731,38.33117],[140.71716,38.33046],[140.71744,38.33014],[140.7181,38.3299],[140.7185,38.32933],[140.71877,38.32821],[140.72077,38.32602],[140.72198,38.32367],[140.72285,38.32013],[140.72147,38.31766],[140.71768,38.31583],[140.7106,38.31413],[140.70835,38.31305],[140.70769,38.31065],[140.70775,38.31043],[140.70713,38.30915],[140.70637,38.30812],[140.70641,38.3076],[140.70671,38.3069],[140.70672,38.30626],[140.70838,38.30608],[140.70857,38.30554],[140.70728,38.30506],[140.70647,38.30508],[140.70593,38.3047],[140.70618,38.30399],[140.70711,38.30345],[140.70677,38.30249],[140.70514,38.30171],[140.70518,38.30122],[140.70479,38.30021],[140.70262,38.29971],[140.70259,38.29921],[140.70278,38.29897],[140.70384,38.29857],[140.70403,38.29804],[140.70182,38.2964],[140.70181,38.29592],[140.70232,38.29528],[140.70232,38.29489],[140.70008,38.29279],[140.70009,38.29214],[140.7009,38.29066],[140.70101,38.28966],[140.70076,38.28946],[140.70016,38.28945],[140.69947,38.2899],[140.69949,38.29004],[140.69902,38.29049],[140.69699,38.29015],[140.69592,38.28801],[140.69405,38.28786],[140.69334,38.28805],[140.69319,38.28826],[140.69327,38.2893],[140.69389,38.29072],[140.69391,38.2911],[140.69387,38.29151],[140.69346,38.29168],[140.69376,38.29229],[140.69372,38.29311],[140.6936,38.29334],[140.69313,38.29351],[140.69306,38.29364],[140.69328,38.29375],[140.69295,38.29392],[140.69287,38.2942],[140.69317,38.2944],[140.69293,38.2954],[140.69302,38.29609],[140.69347,38.29672],[140.69328,38.29737],[140.69293,38.29785],[140.69312,38.29858],[140.69358,38.29878],[140.69431,38.29815],[140.6949,38.29882],[140.69617,38.29926],[140.69641,38.29962],[140.69643,38.30025],[140.69589,38.30088],[140.69622,38.30177],[140.69564,38.30256],[140.69567,38.30378],[140.69219,38.30386],[140.68851,38.30417],[140.68628,38.30392],[140.68453,38.30403],[140.68397,38.30433],[140.68267,38.30693],[140.68161,38.30863],[140.68136,38.3089],[140.68014,38.30952],[140.67675,38.31048],[140.67177,38.31157],[140.66908,38.31164],[140.66665,38.31136],[140.66405,38.31455],[140.6584,38.32042],[140.65413,38.32474],[140.64726,38.33104],[140.64095,38.33654],[140.63143,38.34286],[140.62914,38.34506],[140.62662,38.34823],[140.62063,38.35803],[140.61332,38.36884],[140.61038,38.37262],[140.60112,38.38272],[140.5993,38.38406],[140.59389,38.38719],[140.58449,38.39199],[140.5753,38.39619],[140.57472,38.3966],[140.57452,38.39749],[140.57462,38.39804],[140.57424,38.40023],[140.57424,38.40123],[140.57388,38.40278],[140.57392,38.4045],[140.57341,38.40545],[140.57375,38.40761],[140.57263,38.40941],[140.57136,38.41065],[140.5715,38.41127],[140.57128,38.41236],[140.57133,38.41392],[140.57223,38.41541],[140.5736,38.4158],[140.57439,38.41678],[140.57608,38.41806],[140.57777,38.41966],[140.57838,38.42056],[140.57784,38.42218],[140.57952,38.42316],[140.57956,38.4238],[140.57934,38.425],[140.57989,38.42614],[140.58045,38.42685],[140.5805,38.4284],[140.58131,38.4302],[140.58093,38.43206],[140.58158,38.43235],[140.5821,38.4332],[140.58231,38.43411],[140.58218,38.43446],[140.5816,38.43416],[140.58156,38.43437],[140.58078,38.43492],[140.5808,38.43558],[140.58063,38.43603],[140.58075,38.43659],[140.58061,38.43711],[140.58084,38.43732],[140.58153,38.43725],[140.58192,38.43745],[140.58239,38.43826],[140.583,38.43868],[140.58293,38.43939],[140.58365,38.43981],[140.58448,38.4397],[140.58486,38.44003],[140.58583,38.43987],[140.58756,38.43998],[140.58882,38.43912],[140.59053,38.43919],[140.59237,38.44169],[140.59515,38.43879],[140.59564,38.43862],[140.59628,38.43761],[140.59717,38.43742],[140.59891,38.4396],[140.59952,38.44008],[140.60152,38.44059],[140.60235,38.44101],[140.60254,38.44146],[140.60255,38.44219],[140.60282,38.44282],[140.60374,38.44341],[140.60404,38.44384],[140.60604,38.44456],[140.60746,38.44468],[140.60844,38.44521],[140.60872,38.44576],[140.60942,38.44633],[140.6096,38.4471],[140.61042,38.44799],[140.61036,38.44843],[140.61082,38.44915],[140.61106,38.45037],[140.61217,38.45125],[140.61227,38.45256],[140.61316,38.45308],[140.61349,38.45364],[140.61461,38.45425],[140.61818,38.45466],[140.61965,38.45459]]]},"properties":{"key":"041010120","name":"大倉","pref":"宮城県","prefCode":"04","municipality":"仙台市青葉区","areaM2":124192389.033,"population":665,"toponymIds":["04-42262b9ba4","04-3d779e609b","04-eaef4dbec3"]}},{"type":"Feature","geometry":{"type":"Polygon","coordinates":[[[140.67022,38.29824],[140.6705,38.29799],[140.67245,38.29787],[140.6739,38.29737],[140.67751,38.29652],[140.67776,38.29652],[140.67825,38.29683],[140.67816,38.29768],[140.67829,38.2978],[140.67953,38.29691],[140.6803,38.29587],[140.68038,38.29475],[140.68021,38.29364],[140.68038,38.29309],[140.68107,38.29228],[140.68332,38.29234],[140.68351,38.29213],[140.68341,38.29192],[140.68366,38.29148],[140.68422,38.29131],[140.68466,38.29132],[140.68536,38.2917],[140.68725,38.29134],[140.68895,38.29052],[140.68979,38.28976],[140.69028,38.28964],[140.69106,38.2899],[140.69153,38.29056],[140.69315,38.29153],[140.6937,38.29167],[140.69387,38.29151],[140.69389,38.29072],[140.69327,38.2893],[140.69319,38.28826],[140.69334,38.28805],[140.69448,38.28785],[140.69592,38.28801],[140.69648,38.2874],[140.69777,38.28645],[140.69776,38.28617],[140.69706,38.28567],[140.69615,38.2845],[140.69459,38.28358],[140.69447,38.28276],[140.69489,38.28233],[140.69687,38.28184],[140.69945,38.28201],[140.70037,38.28161],[140.70138,38.28094],[140.70628,38.27909],[140.71067,38.27905],[140.7119,38.27875],[140.71343,38.27787],[140.71478,38.27667],[140.71919,38.27535],[140.72086,38.27477],[140.7221,38.27414],[140.72338,38.2746],[140.72358,38.27486],[140.72355,38.27517],[140.72424,38.27595],[140.72584,38.27636],[140.72619,38.27659],[140.72902,38.27557],[140.73075,38.27532],[140.73183,38.27544],[140.73312,38.27598],[140.73621,38.27678],[140.73681,38.27667],[140.74228,38.27401],[140.743,38.27383],[140.74346,38.27397],[140.74431,38.27533],[140.74476,38.2758],[140.74822,38.27776],[140.74871,38.27845],[140.7509,38.28033],[140.75218,38.27999],[140.7525,38.27949],[140.75261,38.27797],[140.75285,38.27754],[140.75216,38.27753],[140.7514,38.27777],[140.75059,38.27742],[140.75062,38.27705],[140.75031,38.27678],[140.74978,38.27511],[140.74977,38.27377],[140.7495,38.27321],[140.75029,38.27338],[140.75092,38.27324],[140.75251,38.27136],[140.75346,38.27177],[140.7551,38.27201],[140.75902,38.27173],[140.76217,38.27098],[140.7624,38.27015],[140.76241,38.2694],[140.76232,38.2691],[140.76138,38.2691],[140.76112,38.26537],[140.76014,38.2654],[140.76,38.26519],[140.7605,38.26427],[140.75937,38.26407],[140.75811,38.26317],[140.75788,38.263],[140.75745,38.26205],[140.75721,38.26204],[140.75684,38.26231],[140.75552,38.26197],[140.75516,38.2608],[140.75419,38.25987],[140.75395,38.25934],[140.75388,38.25862],[140.75444,38.25709],[140.75523,38.2562],[140.75563,38.25603],[140.75624,38.25607],[140.7574,38.2569],[140.75792,38.25681],[140.75791,38.25645],[140.75743,38.25524],[140.75674,38.25434],[140.75711,38.25078],[140.75745,38.25023],[140.75794,38.24989],[140.75875,38.24971],[140.75993,38.24904],[140.76103,38.24877],[140.76394,38.24847],[140.76358,38.24731],[140.76373,38.24533],[140.76447,38.24472],[140.76477,38.2438],[140.76511,38.24328],[140.76572,38.24295],[140.76575,38.24249],[140.76479,38.24321],[140.76372,38.24273],[140.7626,38.24305],[140.76194,38.24286],[140.76069,38.24286],[140.7598,38.24258],[140.75831,38.24259],[140.75745,38.24137],[140.75598,38.24241],[140.75533,38.24179],[140.75466,38.24193],[140.75432,38.24224],[140.7535,38.24207],[140.7528,38.2424],[140.75164,38.24251],[140.75019,38.2433],[140.74994,38.24375],[140.75081,38.24497],[140.75022,38.2454],[140.74911,38.24586],[140.74809,38.24568],[140.74772,38.24512],[140.74733,38.24487],[140.74484,38.24499],[140.74403,38.24457],[140.74297,38.24464],[140.74257,38.24449],[140.74199,38.24461],[140.7411,38.24413],[140.74053,38.24441],[140.73928,38.24425],[140.73852,38.24323],[140.73747,38.24319],[140.73544,38.24266],[140.7349,38.24269],[140.73419,38.24333],[140.73258,38.24352],[140.73185,38.24421],[140.73098,38.24416],[140.72938,38.24379],[140.72847,38.24404],[140.72816,38.24467],[140.72736,38.24496],[140.72677,38.24537],[140.72688,38.24619],[140.72658,38.24634],[140.72648,38.24658],[140.72553,38.24699],[140.72425,38.24827],[140.72433,38.24894],[140.72383,38.25029],[140.72265,38.25214],[140.72149,38.25185],[140.71995,38.25175],[140.71935,38.25201],[140.71851,38.25271],[140.71724,38.25237],[140.71609,38.25164],[140.71536,38.25192],[140.71492,38.25235],[140.7144,38.25359],[140.71438,38.25409],[140.71489,38.25479],[140.71498,38.25551],[140.71531,38.25574],[140.71525,38.25635],[140.71541,38.2568],[140.7162,38.25741],[140.71542,38.25866],[140.71448,38.25847],[140.71381,38.2604],[140.71349,38.26083],[140.71253,38.26155],[140.71107,38.26356],[140.71027,38.26394],[140.7073,38.26434],[140.70542,38.26541],[140.70326,38.26531],[140.70092,38.26458],[140.69944,38.26478],[140.69788,38.26397],[140.69789,38.26464],[140.69709,38.26611],[140.69715,38.26641],[140.69771,38.26693],[140.69776,38.26829],[140.69695,38.26842],[140.69619,38.26888],[140.69638,38.27064],[140.69665,38.27125],[140.69656,38.27147],[140.69524,38.27193],[140.69366,38.27212],[140.6927,38.27167],[140.69248,38.27188],[140.69163,38.27187],[140.68955,38.27272],[140.68719,38.27231],[140.68699,38.27264],[140.68723,38.27308],[140.68708,38.2733],[140.6867,38.27346],[140.68555,38.2734],[140.68456,38.27563],[140.6847,38.27629],[140.68501,38.27676],[140.68531,38.27878],[140.68458,38.28079],[140.68471,38.28284],[140.68442,38.28342],[140.6838,38.28312],[140.68387,38.28272],[140.68349,38.28226],[140.68178,38.28136],[140.68075,38.28111],[140.67909,38.27983],[140.67723,38.28042],[140.6761,38.28043],[140.67576,38.28103],[140.67572,38.28177],[140.67692,38.28455],[140.67651,38.28621],[140.67605,38.28641],[140.6761,38.28744],[140.67802,38.28945],[140.67984,38.28989],[140.67889,38.29035],[140.67958,38.29115],[140.67947,38.29172],[140.67904,38.292],[140.67846,38.29211],[140.67749,38.29288],[140.6776,38.29333],[140.67742,38.29435],[140.67773,38.29486],[140.67529,38.29485],[140.67449,38.29546],[140.67393,38.29538],[140.67313,38.29473],[140.67185,38.29557],[140.67113,38.29641],[140.67007,38.29728],[140.66919,38.29731],[140.66868,38.2975],[140.66829,38.29808],[140.66806,38.29779],[140.66736,38.29741],[140.66619,38.29868],[140.66509,38.29884],[140.66401,38.2997],[140.66368,38.30019],[140.66356,38.30072],[140.66311,38.30104],[140.66325,38.30133],[140.6626,38.30233],[140.66162,38.30263],[140.66188,38.30305],[140.66252,38.30319],[140.66277,38.30357],[140.66339,38.30391],[140.66509,38.30269],[140.66571,38.30256],[140.66677,38.30129],[140.66929,38.30022],[140.66987,38.29863],[140.67022,38.29824]]]},"properties":{"key":"041010240","name":"上愛子","pref":"宮城県","prefCode":"04","municipality":"仙台市青葉区","areaM2":18852331.913,"population":6058,"toponymIds":["04-4e7ec1c627","04-2a489fbe31","04-b36e78dc99"]}},{"type":"Feature","geometry":{"type":"Polygon","coordinates":[[[140.85584,38.26413],[140.85591,38.26291],[140.85245,38.26192],[140.84926,38.26062],[140.84852,38.26156],[140.84903,38.26197],[140.84865,38.26301],[140.85025,38.26318],[140.85211,38.26361],[140.85524,38.26557],[140.85548,38.26503],[140.85619,38.26494],[140.85584,38.26413]]]},"properties":{"key":"041011090","name":"川内元支倉","pref":"宮城県","prefCode":"04","municipality":"仙台市青葉区","areaM2":151487.628,"population":420,"toponymIds":["04-028b6789b1"]}},{"type":"Feature","geometry":{"type":"Polygon","coordinates":[[[140.77719,38.27113],[140.77658,38.27005],[140.77665,38.26953],[140.77691,38.26937],[140.77659,38.26901],[140.77541,38.26784],[140.77501,38.26766],[140.77385,38.26757],[140.77336,38.26688],[140.77813,38.26678],[140.7825,38.26631],[140.78668,38.26582],[140.7864,38.26536],[140.78685,38.26529],[140.78863,38.26523],[140.78923,38.26537],[140.7906,38.26497],[140.7906,38.26538],[140.79271,38.26512],[140.7927,38.26467],[140.79221,38.26451],[140.7922,38.264],[140.79195,38.26337],[140.79305,38.26328],[140.79407,38.26084],[140.79681,38.26104],[140.79837,38.26033],[140.80068,38.25996],[140.80111,38.25954],[140.80094,38.25876],[140.80019,38.25734],[140.79771,38.2547],[140.79717,38.25431],[140.79534,38.25385],[140.79235,38.25389],[140.7913,38.25362],[140.78991,38.25291],[140.78465,38.25271],[140.7823,38.25227],[140.78168,38.25206],[140.78051,38.25015],[140.78004,38.25164],[140.77998,38.25252],[140.78067,38.25366],[140.78074,38.25447],[140.78007,38.25371],[140.77996,38.25315],[140.7793,38.25251],[140.77902,38.25096],[140.77711,38.25044],[140.77629,38.24962],[140.7757,38.24845],[140.77498,38.24757],[140.77415,38.24682],[140.77335,38.24646],[140.77246,38.24572],[140.77243,38.24521],[140.77215,38.24488],[140.77143,38.24448],[140.77065,38.24367],[140.76942,38.24343],[140.76897,38.24313],[140.76851,38.24323],[140.76735,38.24241],[140.76728,38.2421],[140.76693,38.24205],[140.76613,38.24232],[140.76575,38.24249],[140.76572,38.24295],[140.76511,38.24328],[140.76477,38.2438],[140.76447,38.24472],[140.76373,38.24533],[140.76358,38.24731],[140.76421,38.249],[140.76422,38.24951],[140.76511,38.24928],[140.76548,38.24948],[140.76574,38.25022],[140.7705,38.2502],[140.77121,38.25064],[140.77178,38.25144],[140.77286,38.25198],[140.77314,38.25235],[140.77269,38.25508],[140.77209,38.25525],[140.77235,38.25566],[140.77302,38.25616],[140.77329,38.25697],[140.77334,38.25788],[140.77386,38.25867],[140.77397,38.25926],[140.77332,38.25968],[140.7726,38.25989],[140.76958,38.26032],[140.76882,38.26019],[140.76841,38.25937],[140.76734,38.25922],[140.76702,38.25884],[140.76655,38.2587],[140.76427,38.25892],[140.76404,38.25946],[140.76439,38.25992],[140.76447,38.26041],[140.76494,38.26097],[140.76463,38.26135],[140.76374,38.26161],[140.76391,38.26218],[140.76432,38.26254],[140.76496,38.26276],[140.76558,38.26348],[140.76621,38.26386],[140.76781,38.26364],[140.76804,38.26431],[140.76736,38.26469],[140.76519,38.26512],[140.76402,38.26516],[140.76334,38.26476],[140.76263,38.26463],[140.76275,38.26531],[140.76112,38.26537],[140.76138,38.2691],[140.76232,38.2691],[140.7624,38.27015],[140.76217,38.27098],[140.76956,38.27188],[140.77473,38.27298],[140.77727,38.27318],[140.77745,38.27174],[140.77719,38.27113]]]},"properties":{"key":"041010494","name":"下愛子","pref":"宮城県","prefCode":"04","municipality":"仙台市青葉区","areaM2":5195973.82,"population":2666,"toponymIds":["04-323543b9f6","04-705882388d","04-ca2c6db9ed","04-105f5f6939"]}},{"type":"Feature","geometry":{"type":"Polygon","coordinates":[[[140.86263,38.2658],[140.86213,38.26566],[140.86186,38.26606],[140.86122,38.26649],[140.86004,38.26689],[140.86031,38.26763],[140.86045,38.27075],[140.8617,38.27095],[140.86312,38.26592],[140.86263,38.2658]]]},"properties":{"key":"041010750","name":"支倉町","pref":"宮城県","prefCode":"04","municipality":"仙台市青葉区","areaM2":91232.194,"population":2092,"toponymIds":["04-b36cab61a5"]}},{"type":"Feature","geometry":{"type":"Polygon","coordinates":[[[140.79998,38.26031],[140.80103,38.26029],[140.80142,38.25934],[140.80167,38.25917],[140.80224,38.25917],[140.80251,38.25942],[140.80317,38.25934],[140.80385,38.25887],[140.80496,38.25872],[140.80511,38.25884],[140.80638,38.25843],[140.80713,38.25861],[140.80789,38.25934],[140.80799,38.25966],[140.8087,38.25986],[140.8095,38.26053],[140.81023,38.25998],[140.81061,38.26059],[140.81074,38.25997],[140.81016,38.25909],[140.81005,38.25779],[140.81051,38.25581],[140.8105,38.25512],[140.8108,38.25447],[140.81075,38.25374],[140.81229,38.25254],[140.81357,38.25217],[140.81353,38.25184],[140.81611,38.2507],[140.81655,38.2508],[140.8173,38.24986],[140.81778,38.24982],[140.81869,38.24934],[140.81915,38.2494],[140.81951,38.24925],[140.81961,38.24913],[140.81925,38.24896],[140.8196,38.24864],[140.82102,38.24827],[140.82176,38.24834],[140.8229,38.24584],[140.82156,38.24678],[140.81931,38.24757],[140.81801,38.24824],[140.8168,38.24852],[140.81244,38.24873],[140.81002,38.25006],[140.80908,38.25032],[140.80736,38.24742],[140.80444,38.24644],[140.80456,38.245],[140.8048,38.24471],[140.80581,38.24412],[140.80599,38.24378],[140.80597,38.2432],[140.80662,38.24288],[140.80758,38.24201],[140.80783,38.24134],[140.80657,38.24063],[140.80625,38.24083],[140.80581,38.24072],[140.80567,38.24098],[140.80535,38.24098],[140.80432,38.24032],[140.80335,38.24051],[140.80229,38.24025],[140.80169,38.23982],[140.80168,38.23942],[140.80097,38.2394],[140.80077,38.23886],[140.8,38.23852],[140.79853,38.23859],[140.79819,38.23776],[140.79782,38.23749],[140.79737,38.23737],[140.7967,38.23684],[140.7954,38.23639],[140.79494,38.23832],[140.79521,38.24061],[140.79437,38.24194],[140.79423,38.24256],[140.79464,38.24422],[140.79498,38.24484],[140.79529,38.24499],[140.79552,38.24538],[140.79486,38.24569],[140.79464,38.24541],[140.79421,38.24529],[140.79411,38.24499],[140.79356,38.24496],[140.7928,38.24457],[140.79157,38.24452],[140.79118,38.24482],[140.79049,38.24453],[140.78909,38.24441],[140.78798,38.24512],[140.78738,38.24518],[140.78662,38.2457],[140.78563,38.2457],[140.78472,38.24618],[140.78359,38.24648],[140.78223,38.24783],[140.782,38.24813],[140.78198,38.24854],[140.78143,38.24886],[140.78051,38.25015],[140.78168,38.25206],[140.7823,38.25227],[140.78465,38.25271],[140.78991,38.25291],[140.7913,38.25362],[140.79235,38.25389],[140.79534,38.25385],[140.79717,38.25431],[140.79771,38.2547],[140.80019,38.25734],[140.80094,38.25876],[140.80111,38.25954],[140.80068,38.25996],[140.79837,38.26033],[140.79681,38.26104],[140.79756,38.2611],[140.79777,38.26149],[140.79901,38.26101],[140.79998,38.26031]]]},"properties":{"key":"041010890","name":"茂庭","pref":"宮城県","prefCode":"04","municipality":"仙台市青葉区","areaM2":3704010.737,"population":73,"toponymIds":["04-ab3f42d481"]}},{"type":"Feature","geometry":{"type":"Polygon","coordinates":[[[140.95483,38.30935],[140.95503,38.30888],[140.95502,38.30822],[140.95329,38.30749],[140.95334,38.30704],[140.95316,38.30703],[140.95319,38.30676],[140.95183,38.30669],[140.95299,38.3084],[140.95338,38.30839],[140.95454,38.30919],[140.95447,38.30941],[140.95465,38.3095],[140.95483,38.30935]]]},"properties":{"key":"041020040","name":"岩切","pref":"宮城県","prefCode":"04","municipality":"仙台市宮城野区","areaM2":31868.365,"population":243,"toponymIds":["04-5b07241dfd","04-f1cea62f2d"]}},{"type":"Feature","geometry":{"type":"Polygon","coordinates":[[[141.00713,38.25997],[141.00776,38.25979],[141.00784,38.25994],[141.00814,38.25988],[141.00827,38.25967],[141.00799,38.25899],[141.00783,38.25904],[141.00757,38.25867],[141.00634,38.25906],[141.00652,38.25959],[141.00698,38.25956],[141.00713,38.25997]]]},"properties":{"key":"041020190","name":"蒲生","pref":"宮城県","prefCode":"04","municipality":"仙台市宮城野区","areaM2":14776.625,"population":0,"toponymIds":["04-c6e7fcf681","04-5f26823df9","04-434ea5ecc6","04-1249850219","04-922c6159dd","04-edc4e13e63","04-0b54e27a8e"]}},{"type":"Feature","geometry":{"type":"Polygon","coordinates":[[[140.9553,38.28827],[140.95546,38.28688],[140.95676,38.287],[140.95695,38.28524],[140.9545,38.28506],[140.955,38.28093],[140.95388,38.28085],[140.95396,38.28002],[140.95509,38.2801],[140.95527,38.27862],[140.95669,38.27873],[140.9571,38.27506],[140.95909,38.27499],[140.96271,38.27398],[140.96263,38.27386],[140.96022,38.27466],[140.95831,38.27498],[140.95703,38.27496],[140.95705,38.27477],[140.95567,38.27485],[140.95111,38.27452],[140.95093,38.27604],[140.95077,38.27603],[140.95003,38.28224],[140.95364,38.28252],[140.95269,38.29047],[140.95278,38.29066],[140.95512,38.28989],[140.9553,38.28827]]]},"properties":{"key":"041020322","name":"田子","pref":"宮城県","prefCode":"04","municipality":"仙台市宮城野区","areaM2":577202.269,"population":0,"toponymIds":["04-a949250a40"]}},{"type":"Feature","geometry":{"type":"Polygon","coordinates":[[[140.97587,38.27193],[140.97622,38.2716],[140.9759,38.27133],[140.97508,38.27246],[140.97546,38.27261],[140.97587,38.27193]]]},"properties":{"key":"041020161","name":"中野","pref":"宮城県","prefCode":"04","municipality":"仙台市宮城野区","areaM2":4689.949,"population":39,"toponymIds":["04-987bcb23ce"]}},{"type":"Feature","geometry":{"type":"Polygon","coordinates":[[[140.94067,38.24053],[140.94154,38.24052],[140.94118,38.23961],[140.94086,38.23972],[140.94073,38.24004],[140.9391,38.24013],[140.93916,38.2406],[140.94067,38.24053]]]},"properties":{"key":"041030010","name":"荒井","pref":"宮城県","prefCode":"04","municipality":"仙台市若林区","areaM2":13070.754,"population":0,"toponymIds":["04-4516568172"]}},{"type":"Feature","geometry":{"type":"Polygon","coordinates":[[[140.98284,38.23298],[140.98636,38.23348],[140.98737,38.23331],[140.98976,38.23251],[140.99532,38.22973],[140.99033,38.22343],[140.98742,38.21917],[140.98655,38.21735],[140.98574,38.2165],[140.98455,38.21466],[140.98341,38.21391],[140.9825,38.21296],[140.97859,38.20736],[140.97493,38.20876],[140.9657,38.2119],[140.96538,38.21509],[140.96444,38.2165],[140.96261,38.21724],[140.96122,38.21726],[140.96064,38.21776],[140.96066,38.2184],[140.96185,38.22124],[140.96298,38.22224],[140.96318,38.22286],[140.96453,38.22402],[140.96582,38.226],[140.96732,38.22739],[140.97009,38.23058],[140.97117,38.23157],[140.97432,38.23507],[140.97499,38.23652],[140.98082,38.23471],[140.98172,38.2337],[140.98284,38.23298]],[[140.97456,38.21749],[140.97283,38.21493],[140.97403,38.21437],[140.97395,38.21421],[140.97435,38.21406],[140.97471,38.21469],[140.97571,38.21552],[140.97628,38.21648],[140.97741,38.21759],[140.97811,38.21872],[140.97948,38.21988],[140.98052,38.22152],[140.97989,38.22182],[140.97782,38.22238],[140.97456,38.21749]]]},"properties":{"key":"041030020","name":"荒浜","pref":"宮城県","prefCode":"04","municipality":"仙台市若林区","areaM2":5207717.27,"population":212,"toponymIds":["04-3218d99e38"]}},{"type":"Feature","geometry":{"type":"Polygon","coordinates":[[[140.93034,38.21334],[140.93353,38.21282],[140.93483,38.21108],[140.93552,38.21329],[140.93885,38.21264],[140.93763,38.20876],[140.93941,38.20739],[140.93846,38.20407],[140.94202,38.20343],[140.94123,38.20073],[140.9429,38.20042],[140.94204,38.1976],[140.94005,38.19807],[140.94073,38.19533],[140.9406,38.1951],[140.93617,38.19587],[140.93573,38.19698],[140.9357,38.19794],[140.93511,38.19858],[140.93444,38.19899],[140.93289,38.19791],[140.93147,38.19842],[140.92508,38.19848],[140.92331,38.19856],[140.92263,38.19875],[140.92542,38.20796],[140.92473,38.20816],[140.92511,38.20931],[140.92572,38.2092],[140.92575,38.20899],[140.92617,38.20886],[140.92739,38.20878],[140.92758,38.20902],[140.92855,38.2089],[140.92958,38.20968],[140.92982,38.20964],[140.93019,38.21017],[140.93023,38.21124],[140.92996,38.21128],[140.93016,38.21196],[140.92996,38.212],[140.93034,38.21334]]]},"properties":{"key":"041030120","name":"今泉","pref":"宮城県","prefCode":"04","municipality":"仙台市若林区","areaM2":2115383.741,"population":709,"toponymIds":["04-f24192b5ff","04-4423033b27"]}},{"type":"Feature","geometry":{"type":"Polygon","coordinates":[[[140.92978,38.2481],[140.92984,38.24519],[140.93052,38.24514],[140.93046,38.24386],[140.93035,38.24387],[140.9303,38.24313],[140.92983,38.24198],[140.92784,38.24249],[140.92816,38.24331],[140.92715,38.24334],[140.92714,38.24207],[140.92464,38.24217],[140.92471,38.24381],[140.92501,38.24403],[140.92408,38.24438],[140.92237,38.24417],[140.92483,38.24738],[140.92515,38.24726],[140.92649,38.24739],[140.92692,38.24777],[140.92743,38.24793],[140.92978,38.2481]]]},"properties":{"key":"041030201","name":"蒲町","pref":"宮城県","prefCode":"04","municipality":"仙台市若林区","areaM2":314038.306,"population":1829,"toponymIds":["04-9b12b78400"]}},{"type":"Feature","geometry":{"type":"Polygon","coordinates":[[[140.93515,38.24431],[140.93512,38.24354],[140.93046,38.24386],[140.93052,38.24514],[140.92984,38.24519],[140.92982,38.24717],[140.93032,38.2475],[140.93365,38.24725],[140.93353,38.24602],[140.93522,38.24588],[140.93515,38.24431]]]},"properties":{"key":"041030850","name":"蒲町東","pref":"宮城県","prefCode":"04","municipality":"仙台市若林区","areaM2":159128.059,"population":1489,"toponymIds":["04-8373e427d0"]}},{"type":"Feature","geometry":{"type":"Polygon","coordinates":[[[140.88951,38.23615],[140.88592,38.24137],[140.88624,38.24137],[140.88755,38.24078],[140.8914,38.24013],[140.89063,38.23724],[140.88978,38.23692],[140.88971,38.23639],[140.88951,38.23615]]]},"properties":{"key":"04103022001","name":"河原町一丁目","pref":"宮城県","prefCode":"04","municipality":"仙台市若林区","areaM2":123611.831,"population":1974,"toponymIds":["04-ef0a4223fc"]}},{"type":"Feature","geometry":{"type":"Polygon","coordinates":[[[140.93923,38.2401],[140.94073,38.24004],[140.94086,38.23972],[140.94112,38.23963],[140.9386,38.23362],[140.93387,38.23485],[140.93426,38.23577],[140.93175,38.23642],[140.93173,38.23658],[140.93135,38.23664],[140.93154,38.23708],[140.93107,38.2372],[140.93121,38.23759],[140.93465,38.2367],[140.93649,38.24136],[140.93701,38.24136],[140.93739,38.24107],[140.93916,38.2406],[140.9391,38.24013],[140.93923,38.2401]]]},"properties":{"key":"041030370","name":"長喜城","pref":"宮城県","prefCode":"04","municipality":"仙台市若林区","areaM2":351288.957,"population":356,"toponymIds":["04-d5c7c78a4c"]}},{"type":"Feature","geometry":{"type":"Polygon","coordinates":[[[140.91106,38.2461],[140.9133,38.24604],[140.91332,38.24307],[140.90958,38.24312],[140.90863,38.24331],[140.90947,38.24613],[140.91106,38.2461]]]},"properties":{"key":"04103044001","name":"中倉一丁目","pref":"宮城県","prefCode":"04","municipality":"仙台市若林区","areaM2":125081.787,"population":1349,"toponymIds":["04-b8be099ce4"]}},{"type":"Feature","geometry":{"type":"Polygon","coordinates":[[[140.92154,38.21129],[140.92459,38.21085],[140.92494,38.21097],[140.92519,38.21075],[140.92501,38.21039],[140.92521,38.20967],[140.92473,38.20816],[140.92542,38.20796],[140.92263,38.19875],[140.92055,38.1993],[140.91923,38.19996],[140.91357,38.20513],[140.90769,38.20878],[140.9083,38.21062],[140.90886,38.2132],[140.91006,38.21657],[140.91003,38.21716],[140.91254,38.21731],[140.91761,38.21639],[140.91721,38.215],[140.92125,38.21426],[140.92046,38.2116],[140.92154,38.21129]]]},"properties":{"key":"041030480","name":"日辺","pref":"宮城県","prefCode":"04","municipality":"仙台市若林区","areaM2":1878161.962,"population":752,"toponymIds":["04-419760a997"]}},{"type":"Feature","geometry":{"type":"Polygon","coordinates":[[[140.96377,38.19189],[140.96781,38.18923],[140.96563,38.1848],[140.96512,38.18346],[140.96397,38.18146],[140.9637,38.18053],[140.96201,38.17674],[140.96192,38.17582],[140.96221,38.17559],[140.96334,38.17536],[140.96356,38.17514],[140.96361,38.17482],[140.95969,38.17526],[140.95116,38.17988],[140.94936,38.18122],[140.94691,38.18353],[140.94852,38.1894],[140.95448,38.18833],[140.95432,38.19125],[140.95814,38.19037],[140.95877,38.19123],[140.95896,38.19122],[140.95912,38.1915],[140.959,38.19153],[140.95956,38.19233],[140.95948,38.19338],[140.96091,38.19325],[140.96093,38.19282],[140.9614,38.19241],[140.96377,38.19189]]]},"properties":{"key":"041030540","name":"藤塚","pref":"宮城県","prefCode":"04","municipality":"仙台市若林区","areaM2":2162647.007,"population":0,"toponymIds":["04-f88697fed9"]}},{"type":"Feature","geometry":{"type":"Polygon","coordinates":[[[140.88858,38.25015],[140.88974,38.24924],[140.88933,38.24855],[140.89011,38.24841],[140.8902,38.24834],[140.88995,38.24799],[140.89005,38.24785],[140.8905,38.24779],[140.88989,38.24583],[140.88846,38.2462],[140.88872,38.24672],[140.88856,38.24678],[140.88887,38.2473],[140.88688,38.24789],[140.88727,38.24889],[140.88707,38.24898],[140.88752,38.25012],[140.88768,38.25009],[140.88772,38.25027],[140.88858,38.25015]]]},"properties":{"key":"041030610","name":"南鍛冶町","pref":"宮城県","prefCode":"04","municipality":"仙台市若林区","areaM2":83923.314,"population":890,"toponymIds":["04-c18f66163d"]}},{"type":"Feature","geometry":{"type":"Polygon","coordinates":[[[140.5604,38.37769],[140.56122,38.37727],[140.56277,38.37748],[140.56326,38.37722],[140.56337,38.37496],[140.56401,38.37409],[140.56425,38.37347],[140.56675,38.37305],[140.5688,38.37212],[140.56895,38.37129],[140.56965,38.37014],[140.56904,38.36804],[140.57262,38.36579],[140.57465,38.36592],[140.57544,38.36527],[140.5783,38.36402],[140.57792,38.36339],[140.57804,38.36311],[140.58053,38.36184],[140.58103,38.36057],[140.58118,38.35921],[140.58191,38.35858],[140.58314,38.35681],[140.58335,38.35611],[140.58498,38.35543],[140.58544,38.35498],[140.5859,38.35399],[140.58726,38.35293],[140.58818,38.35244],[140.5883,38.35191],[140.58941,38.34979],[140.59043,38.34848],[140.59074,38.34769],[140.59068,38.34712],[140.59081,38.34667],[140.59241,38.34516],[140.59314,38.34393],[140.59126,38.34311],[140.59089,38.3423],[140.59086,38.34107],[140.58838,38.33925],[140.5883,38.33915],[140.58872,38.3384],[140.58847,38.33827],[140.58806,38.33841],[140.58773,38.33795],[140.58835,38.33775],[140.5886,38.3372],[140.58932,38.33762],[140.58988,38.33727],[140.58977,38.33619],[140.59058,38.33538],[140.59058,38.33488],[140.59085,38.33454],[140.59162,38.33449],[140.59229,38.33372],[140.59204,38.33308],[140.59008,38.33059],[140.59017,38.33005],[140.59072,38.32921],[140.59081,38.32697],[140.59057,38.32697],[140.58968,38.32783],[140.58884,38.32807],[140.588,38.32856],[140.58657,38.3281],[140.58626,38.32722],[140.58519,38.32549],[140.58389,38.32387],[140.58345,38.32336],[140.58144,38.32204],[140.58117,38.32178],[140.58115,38.32151],[140.5818,38.321],[140.58275,38.32081],[140.58388,38.32101],[140.58534,38.32069],[140.58964,38.321],[140.59223,38.32207],[140.59523,38.32164],[140.59684,38.32172],[140.5982,38.3213],[140.60115,38.32131],[140.60462,38.31946],[140.60684,38.31764],[140.60743,38.317],[140.60803,38.31594],[140.60793,38.31497],[140.60742,38.31452],[140.60718,38.31405],[140.60469,38.31257],[140.60405,38.31235],[140.602,38.31189],[140.60032,38.31172],[140.59662,38.31184],[140.59381,38.31083],[140.5917,38.31069],[140.59109,38.30982],[140.59043,38.30931],[140.5901,38.3084],[140.5885,38.30791],[140.58738,38.30721],[140.58619,38.30684],[140.58471,38.30553],[140.58395,38.30507],[140.5835,38.30461],[140.58345,38.30431],[140.58473,38.30129],[140.58437,38.29993],[140.58441,38.29896],[140.5852,38.29778],[140.58656,38.29798],[140.59155,38.29924],[140.59264,38.29899],[140.59439,38.29913],[140.59516,38.299],[140.59568,38.29844],[140.59606,38.29752],[140.59694,38.29661],[140.59765,38.29619],[140.59925,38.29584],[140.60264,38.29351],[140.60552,38.29298],[140.60643,38.29317],[140.60714,38.29311],[140.61034,38.29165],[140.60965,38.29072],[140.60941,38.28964],[140.60953,38.28872],[140.61054,38.28826],[140.61218,38.28702],[140.61507,38.28762],[140.61589,38.28841],[140.61694,38.28888],[140.61834,38.28884],[140.62094,38.28915],[140.62201,38.28969],[140.62281,38.28983],[140.62339,38.29047],[140.62354,38.29116],[140.62433,38.29224],[140.62454,38.29382],[140.62588,38.29346],[140.6264,38.2925],[140.62734,38.29155],[140.63039,38.29145],[140.63181,38.29166],[140.63385,38.29225],[140.63606,38.2925],[140.63729,38.29218],[140.63811,38.29174],[140.63986,38.29149],[140.64091,38.29169],[140.64104,38.29148],[140.6418,38.29139],[140.64302,38.29079],[140.64437,38.29075],[140.64552,38.29002],[140.64716,38.2902],[140.6484,38.29013],[140.64999,38.28978],[140.65149,38.29013],[140.65131,38.28939],[140.65139,38.28754],[140.65113,38.28615],[140.64891,38.28267],[140.64848,38.28105],[140.64841,38.28043],[140.64982,38.27655],[140.65006,38.27438],[140.64964,38.2739],[140.64853,38.27115],[140.64898,38.27091],[140.64876,38.27038],[140.64885,38.26997],[140.6495,38.26973],[140.64963,38.26958],[140.64962,38.26909],[140.65014,38.26879],[140.65016,38.26795],[140.65042,38.26788],[140.65042,38.26729],[140.6513,38.26645],[140.65229,38.26608],[140.65236,38.26567],[140.65273,38.26527],[140.65286,38.26455],[140.65234,38.2646],[140.64978,38.2597],[140.64921,38.25895],[140.64824,38.25827],[140.6439,38.2583],[140.643,38.25759],[140.64026,38.25462],[140.63987,38.25341],[140.63933,38.25406],[140.63839,38.25407],[140.63781,38.25428],[140.63548,38.25557],[140.63413,38.2566],[140.63286,38.25731],[140.63208,38.2573],[140.63065,38.25784],[140.62759,38.25816],[140.6258,38.25851],[140.62462,38.25899],[140.6242,38.25866],[140.62194,38.25865],[140.62045,38.25972],[140.61914,38.25951],[140.61715,38.26031],[140.61603,38.26144],[140.6134,38.26091],[140.61218,38.26168],[140.61206,38.26279],[140.6119,38.26306],[140.6101,38.26426],[140.60745,38.26539],[140.60643,38.26471],[140.60543,38.26369],[140.60495,38.26349],[140.60234,38.26367],[140.5993,38.26443],[140.59751,38.26434],[140.59666,38.2646],[140.59547,38.26468],[140.59381,38.26454],[140.59202,38.26382],[140.58764,38.26396],[140.58502,38.26319],[140.58417,38.26394],[140.5811,38.26364],[140.57994,38.26453],[140.57833,38.26427],[140.57768,38.26462],[140.57703,38.26466],[140.57654,38.26519],[140.57594,38.26527],[140.57515,38.26569],[140.57341,38.26566],[140.57246,38.26634],[140.5715,38.26619],[140.57027,38.2664],[140.56911,38.2658],[140.56779,38.26622],[140.5658,38.26581],[140.5653,38.26639],[140.56505,38.26701],[140.56447,38.26673],[140.56383,38.2667],[140.56295,38.26727],[140.56227,38.26747],[140.55948,38.26698],[140.55852,38.26696],[140.5568,38.26621],[140.55404,38.26569],[140.55284,38.2649],[140.55245,38.26456],[140.55228,38.26417],[140.55129,38.26398],[140.55013,38.26278],[140.54815,38.26134],[140.54301,38.26304],[140.54119,38.26387],[140.5396,38.26321],[140.53846,38.26345],[140.538,38.26339],[140.53694,38.26228],[140.53527,38.25998],[140.53418,38.25973],[140.53224,38.25992],[140.53034,38.25964],[140.52747,38.25977],[140.52561,38.25951],[140.52428,38.26],[140.523,38.2617],[140.52258,38.26167],[140.52078,38.26134],[140.51992,38.26057],[140.51966,38.26009],[140.51929,38.25998],[140.51742,38.25983],[140.51613,38.26011],[140.51382,38.26027],[140.51144,38.25956],[140.51062,38.25974],[140.5071,38.25941],[140.50592,38.25912],[140.5042,38.25838],[140.50335,38.25673],[140.50156,38.2555],[140.50099,38.25556],[140.49937,38.25628],[140.49737,38.25626],[140.49497,38.25668],[140.49428,38.25645],[140.49238,38.25506],[140.49053,38.25556],[140.48876,38.25633],[140.48614,38.25631],[140.48557,38.25569],[140.48493,38.25571],[140.48218,38.25511],[140.48116,38.25524],[140.48041,38.25415],[140.47977,38.25407],[140.47873,38.25363],[140.47797,38.25221],[140.47681,38.25144],[140.47592,38.2514],[140.47247,38.25221],[140.47167,38.25377],[140.47071,38.25508],[140.47032,38.25547],[140.46902,38.25592],[140.46889,38.25611],[140.4701,38.25749],[140.47085,38.25993],[140.47286,38.26055],[140.47279,38.2616],[140.47231,38.26271],[140.47223,38.26446],[140.47154,38.26488],[140.47112,38.26556],[140.47167,38.26592],[140.47174,38.26613],[140.47157,38.26817],[140.47108,38.26929],[140.4721,38.27001],[140.47275,38.27099],[140.47288,38.27169],[140.47437,38.2719],[140.47889,38.27329],[140.47941,38.27357],[140.48182,38.27318],[140.48381,38.27363],[140.48463,38.27357],[140.48667,38.27446],[140.48799,38.2743],[140.48834,38.27494],[140.48819,38.27568],[140.48761,38.27655],[140.48819,38.27751],[140.48835,38.27829],[140.48909,38.27956],[140.48949,38.2798],[140.49039,38.27998],[140.49196,38.28],[140.4933,38.28079],[140.49522,38.28138],[140.49624,38.2828],[140.49704,38.28336],[140.49652,38.28413],[140.49533,38.28529],[140.49571,38.28583],[140.49572,38.28615],[140.49416,38.28803],[140.4941,38.28898],[140.49366,38.28996],[140.49303,38.29067],[140.49306,38.29134],[140.49267,38.2926],[140.49206,38.29294],[140.49269,38.29336],[140.49293,38.29539],[140.49286,38.29561],[140.49223,38.29608],[140.49207,38.29684],[140.49306,38.29985],[140.49351,38.30071],[140.49259,38.30139],[140.49249,38.30195],[140.49286,38.30272],[140.49457,38.30248],[140.49641,38.30406],[140.49779,38.30379],[140.50056,38.30367],[140.50197,38.30485],[140.50287,38.30595],[140.50292,38.30682],[140.50389,38.30733],[140.50445,38.30849],[140.50461,38.30948],[140.50446,38.30983],[140.5047,38.31049],[140.50486,38.31181],[140.50454,38.31227],[140.50463,38.31341],[140.50421,38.31407],[140.50701,38.31418],[140.50828,38.3135],[140.50998,38.31301],[140.51063,38.31215],[140.51176,38.31124],[140.51253,38.31129],[140.51334,38.31093],[140.51456,38.31098],[140.51578,38.31125],[140.51677,38.31106],[140.51788,38.3103],[140.5189,38.30996],[140.52015,38.30868],[140.52048,38.30869],[140.52174,38.31009],[140.52157,38.31049],[140.52147,38.31196],[140.52194,38.31358],[140.52178,38.31417],[140.5224,38.31504],[140.52405,38.31695],[140.52454,38.31698],[140.52571,38.31743],[140.52608,38.31851],[140.52698,38.31865],[140.52821,38.31914],[140.5283,38.31928],[140.52802,38.32038],[140.52999,38.32082],[140.52848,38.32247],[140.52922,38.32369],[140.52942,38.32437],[140.53061,38.32498],[140.52958,38.32616],[140.52765,38.32772],[140.52771,38.32984],[140.52619,38.33143],[140.52557,38.33237],[140.52516,38.33272],[140.52481,38.3328],[140.52517,38.33335],[140.52496,38.33378],[140.52514,38.33431],[140.52468,38.33573],[140.52364,38.33703],[140.52166,38.33829],[140.52363,38.33988],[140.52408,38.34137],[140.5238,38.34198],[140.52382,38.34272],[140.52323,38.34372],[140.52237,38.34449],[140.52195,38.34547],[140.52188,38.34636],[140.52128,38.34776],[140.52217,38.34856],[140.52158,38.34938],[140.52155,38.35035],[140.52208,38.35097],[140.52258,38.35271],[140.52361,38.35385],[140.52397,38.35453],[140.52472,38.35483],[140.5251,38.35522],[140.52651,38.35762],[140.52709,38.35817],[140.52797,38.35865],[140.529,38.35979],[140.52961,38.36013],[140.53036,38.3602],[140.531,38.36083],[140.53261,38.36166],[140.53355,38.36179],[140.53385,38.36209],[140.53439,38.36222],[140.53568,38.36201],[140.53636,38.36225],[140.53709,38.36219],[140.5381,38.3625],[140.54105,38.36214],[140.54146,38.36253],[140.54234,38.36283],[140.54315,38.36363],[140.54436,38.36389],[140.54424,38.36446],[140.54359,38.36492],[140.54393,38.36614],[140.54431,38.36658],[140.54621,38.36792],[140.54793,38.3689],[140.55027,38.37096],[140.5493,38.37212],[140.54985,38.37258],[140.55018,38.37343],[140.55074,38.37411],[140.55082,38.37471],[140.55123,38.37502],[140.55179,38.37589],[140.55246,38.37644],[140.55381,38.37639],[140.5549,38.37717],[140.55627,38.3777],[140.55753,38.37735],[140.5587,38.37748],[140.55945,38.37774],[140.5604,38.37769]]]},"properties":{"key":"041040040","name":"秋保町馬場","pref":"宮城県","prefCode":"04","municipality":"仙台市太白区","areaM2":103590835.745,"population":543,"toponymIds":["04-2f6cb7ea30"]}},{"type":"Feature","geometry":{"type":"Polygon","coordinates":[[[140.71983,38.25179],[140.72131,38.25183],[140.72265,38.25214],[140.72383,38.25029],[140.72433,38.24894],[140.72425,38.24827],[140.72553,38.24699],[140.72648,38.24658],[140.72658,38.24634],[140.72688,38.24619],[140.72677,38.24537],[140.72736,38.24496],[140.72816,38.24467],[140.72847,38.24404],[140.72938,38.24379],[140.73098,38.24416],[140.73185,38.24421],[140.73258,38.24352],[140.73419,38.24333],[140.73499,38.24267],[140.73615,38.24277],[140.73747,38.24319],[140.73848,38.24322],[140.73791,38.24061],[140.73817,38.24013],[140.73765,38.23924],[140.73759,38.23815],[140.73738,38.23765],[140.7373,38.23644],[140.7378,38.23588],[140.73783,38.23565],[140.73739,38.23491],[140.73752,38.23441],[140.73685,38.23384],[140.73681,38.23343],[140.73593,38.23253],[140.73464,38.23178],[140.73435,38.23105],[140.73454,38.23045],[140.73404,38.23037],[140.73437,38.22973],[140.7341,38.22956],[140.73401,38.22923],[140.73361,38.22904],[140.73378,38.22862],[140.73365,38.2282],[140.73378,38.22806],[140.7334,38.2277],[140.73395,38.22714],[140.73373,38.22668],[140.73414,38.22648],[140.73372,38.22576],[140.73403,38.22565],[140.73406,38.2253],[140.7347,38.22507],[140.73434,38.22482],[140.73652,38.22418],[140.73644,38.22363],[140.73677,38.22318],[140.73682,38.22277],[140.7365,38.22205],[140.73867,38.22063],[140.73958,38.21925],[140.73996,38.21916],[140.74087,38.21937],[140.74144,38.21933],[140.74207,38.21893],[140.74306,38.21787],[140.744,38.21737],[140.74526,38.21707],[140.7465,38.21724],[140.74869,38.21645],[140.74945,38.21587],[140.74861,38.21541],[140.7455,38.21607],[140.74451,38.21591],[140.74348,38.21276],[140.74351,38.21216],[140.74426,38.21002],[140.74419,38.20939],[140.74358,38.20866],[140.74201,38.20763],[140.74165,38.20698],[140.74048,38.20717],[140.7401,38.20844],[140.73982,38.20863],[140.73933,38.20854],[140.7384,38.20795],[140.7378,38.20851],[140.73796,38.20902],[140.7375,38.20925],[140.73628,38.21049],[140.73583,38.21075],[140.73386,38.21119],[140.73348,38.21164],[140.7321,38.21197],[140.7308,38.21198],[140.7306,38.21254],[140.7297,38.21249],[140.72962,38.21292],[140.72888,38.21314],[140.72853,38.21393],[140.72807,38.21418],[140.7269,38.21439],[140.72643,38.21469],[140.72592,38.2147],[140.72536,38.21441],[140.72468,38.21484],[140.72349,38.21485],[140.72332,38.21507],[140.7233,38.21629],[140.72276,38.216],[140.72249,38.21604],[140.72234,38.21624],[140.72238,38.21676],[140.72215,38.2169],[140.72183,38.21672],[140.72029,38.2172],[140.71919,38.21675],[140.71893,38.21702],[140.71827,38.21713],[140.71811,38.21733],[140.71671,38.21784],[140.71597,38.21766],[140.71534,38.21777],[140.71516,38.2175],[140.71458,38.21791],[140.71314,38.21758],[140.71309,38.21794],[140.7126,38.21792],[140.71199,38.21836],[140.71155,38.21804],[140.71092,38.21795],[140.71028,38.21823],[140.71012,38.21849],[140.70955,38.21849],[140.70883,38.21885],[140.70756,38.21873],[140.70678,38.21918],[140.70696,38.21944],[140.70651,38.21943],[140.7062,38.21968],[140.70577,38.21942],[140.70519,38.21956],[140.70507,38.21994],[140.70396,38.22002],[140.70364,38.21981],[140.70299,38.22],[140.70257,38.21994],[140.70141,38.22095],[140.69971,38.22161],[140.69944,38.22213],[140.69906,38.22228],[140.69852,38.22281],[140.69808,38.22295],[140.69721,38.22298],[140.69684,38.22325],[140.69613,38.22334],[140.69572,38.22307],[140.69546,38.22309],[140.69409,38.22357],[140.69282,38.22376],[140.69233,38.22352],[140.69187,38.223],[140.69209,38.22222],[140.69031,38.22328],[140.68963,38.22338],[140.68886,38.22379],[140.68765,38.22472],[140.68545,38.22503],[140.68493,38.22739],[140.68526,38.22791],[140.68576,38.22809],[140.68609,38.22841],[140.68627,38.22903],[140.68658,38.22919],[140.68645,38.22939],[140.68612,38.22939],[140.68602,38.22923],[140.68574,38.22926],[140.68552,38.22951],[140.68507,38.22939],[140.68433,38.22987],[140.68417,38.23216],[140.68462,38.23359],[140.68553,38.23451],[140.68761,38.23586],[140.69053,38.23718],[140.69245,38.2368],[140.6937,38.23693],[140.69517,38.23793],[140.6962,38.23832],[140.69735,38.23853],[140.70003,38.23875],[140.70035,38.23851],[140.70154,38.23869],[140.70213,38.23858],[140.70251,38.23827],[140.70491,38.23762],[140.70512,38.23749],[140.7051,38.23715],[140.7066,38.23733],[140.70802,38.23867],[140.7082,38.2391],[140.70825,38.23952],[140.70789,38.23952],[140.70723,38.24],[140.70885,38.24138],[140.71046,38.24235],[140.71304,38.24322],[140.71578,38.24392],[140.71665,38.24458],[140.71613,38.24697],[140.71614,38.24773],[140.71712,38.25128],[140.71715,38.2523],[140.71851,38.25271],[140.71983,38.25179]],[[140.71829,38.22959],[140.71988,38.22928],[140.72081,38.22883],[140.72261,38.22834],[140.72404,38.22757],[140.72491,38.22732],[140.72595,38.22652],[140.72606,38.22679],[140.72733,38.22573],[140.72777,38.22511],[140.72868,38.22474],[140.72662,38.22665],[140.72723,38.22789],[140.7273,38.22852],[140.72629,38.22924],[140.7261,38.22901],[140.72537,38.22942],[140.72537,38.22956],[140.72472,38.22995],[140.72451,38.2303],[140.72205,38.231],[140.72206,38.23112],[140.72162,38.23113],[140.71914,38.23077],[140.71868,38.23063],[140.7187,38.23036],[140.71782,38.23036],[140.71757,38.23002],[140.71829,38.22959]]]},"properties":{"key":"041040050","name":"秋保町湯元","pref":"宮城県","prefCode":"04","municipality":"仙台市太白区","areaM2":12460580.325,"population":1636,"toponymIds":["04-eea0bbc04d","04-70b3a8aa63","04-ed87180102"]}},{"type":"Feature","geometry":{"type":"Polygon","coordinates":[[[140.85598,38.23391],[140.85595,38.23358],[140.85612,38.23356],[140.85715,38.23379],[140.85691,38.2329],[140.85705,38.23252],[140.85724,38.23229],[140.85778,38.23225],[140.85767,38.23155],[140.85718,38.23065],[140.85741,38.23049],[140.85694,38.22984],[140.85667,38.22996],[140.85649,38.22985],[140.85573,38.23016],[140.85547,38.23081],[140.85384,38.23201],[140.85355,38.23259],[140.85345,38.2335],[140.85379,38.23351],[140.8539,38.23392],[140.85451,38.23386],[140.85569,38.23418],[140.85588,38.23414],[140.85598,38.23391]]]},"properties":{"key":"041040060","name":"芦の口","pref":"宮城県","prefCode":"04","municipality":"仙台市太白区","areaM2":109878.01,"population":685,"toponymIds":["04-8ca2d09779"]}},{"type":"Feature","geometry":{"type":"Polygon","coordinates":[[[140.88307,38.20927],[140.88311,38.20549],[140.87661,38.20515],[140.87658,38.20495],[140.86729,38.20494],[140.86727,38.20785],[140.87444,38.20837],[140.87467,38.2086],[140.87602,38.20897],[140.87634,38.20932],[140.87702,38.20895],[140.87704,38.20916],[140.87805,38.20878],[140.88274,38.209],[140.88275,38.20945],[140.88307,38.20927]]]},"properties":{"key":"041040100","name":"大野田","pref":"宮城県","prefCode":"04","municipality":"仙台市太白区","areaM2":529759.845,"population":51,"toponymIds":["04-8ad4748b51","04-c782b07e34"]}},{"type":"Feature","geometry":{"type":"Polygon","coordinates":[[[140.87776,38.23267],[140.87674,38.23049],[140.87614,38.2297],[140.87553,38.22956],[140.8756,38.22913],[140.87472,38.22903],[140.87448,38.22991],[140.87331,38.22985],[140.87268,38.23153],[140.87448,38.23221],[140.87504,38.23263],[140.87571,38.23267],[140.87671,38.233],[140.87814,38.23371],[140.87759,38.23281],[140.87782,38.23278],[140.87776,38.23267]]]},"properties":{"key":"04104016001","name":"鹿野一丁目","pref":"宮城県","prefCode":"04","municipality":"仙台市太白区","areaM2":116903.627,"population":740,"toponymIds":["04-4c341d56e4"]}},{"type":"Feature","geometry":{"type":"Polygon","coordinates":[[[140.87609,38.23314],[140.87588,38.23273],[140.87504,38.23263],[140.87448,38.23221],[140.87235,38.2314],[140.87081,38.23005],[140.87056,38.22958],[140.87015,38.22926],[140.86921,38.23001],[140.87044,38.23083],[140.86941,38.23186],[140.86886,38.232],[140.86853,38.233],[140.86934,38.23363],[140.8702,38.23345],[140.87071,38.23358],[140.87113,38.23338],[140.87155,38.23376],[140.87195,38.23386],[140.87234,38.23332],[140.8743,38.23313],[140.87573,38.23411],[140.87591,38.23388],[140.8756,38.2337],[140.87609,38.23314]]]},"properties":{"key":"041040150","name":"鹿野本町","pref":"宮城県","prefCode":"04","municipality":"仙台市太白区","areaM2":143719.996,"population":1166,"toponymIds":["04-185cce8841","04-e2587c3e1f"]}},{"type":"Feature","geometry":{"type":"Polygon","coordinates":[[[140.90202,38.22518],[140.90131,38.22417],[140.9004,38.2246],[140.90128,38.2255],[140.90202,38.22518]]]},"properties":{"key":"041040200","name":"郡山","pref":"宮城県","prefCode":"04","municipality":"仙台市太白区","areaM2":10542.585,"population":0,"toponymIds":["04-3d9c5eae97","04-091deb1c08"]}},{"type":"Feature","geometry":{"type":"Polygon","coordinates":[[[140.92585,38.19847],[140.93147,38.19842],[140.93289,38.19791],[140.93133,38.19643],[140.92878,38.19453],[140.92787,38.19272],[140.9279,38.19204],[140.92822,38.19099],[140.92962,38.18935],[140.93142,38.18865],[140.93171,38.18775],[140.93336,38.18713],[140.93327,38.18695],[140.93378,38.18669],[140.93413,38.18716],[140.93456,38.18681],[140.9348,38.18634],[140.93479,38.18592],[140.93463,38.18523],[140.93429,38.18482],[140.93519,38.18432],[140.93353,38.18264],[140.93205,38.18316],[140.93159,38.18302],[140.92982,38.1831],[140.92976,38.18296],[140.91714,38.18388],[140.91661,38.18399],[140.91596,38.18445],[140.91516,38.18449],[140.91524,38.18538],[140.91316,38.18553],[140.91312,38.1851],[140.91231,38.18513],[140.91201,38.18571],[140.91177,38.18544],[140.91103,38.18578],[140.91114,38.18616],[140.90965,38.1864],[140.90946,38.1856],[140.90727,38.1857],[140.90755,38.18851],[140.90707,38.18865],[140.90737,38.19192],[140.90851,38.19344],[140.90932,38.19419],[140.91028,38.19475],[140.91078,38.19565],[140.91129,38.19571],[140.91334,38.19514],[140.91504,38.19533],[140.91776,38.19516],[140.91813,38.19568],[140.9182,38.19641],[140.91717,38.19799],[140.91696,38.19864],[140.9172,38.19901],[140.9171,38.19905],[140.91784,38.19985],[140.91774,38.20016],[140.91858,38.20052],[140.91923,38.19996],[140.92055,38.1993],[140.92331,38.19856],[140.92585,38.19847]]]},"properties":{"key":"041040250","name":"四郎丸","pref":"宮城県","prefCode":"04","municipality":"仙台市太白区","areaM2":3007456.607,"population":8953,"toponymIds":["04-30ae91ef29"]}},{"type":"Feature","geometry":{"type":"Polygon","coordinates":[[[140.75432,38.21542],[140.75645,38.21487],[140.75856,38.21403],[140.76072,38.21377],[140.76257,38.2133],[140.76348,38.21252],[140.76368,38.21135],[140.76443,38.21107],[140.7664,38.2112],[140.76828,38.21112],[140.76884,38.21131],[140.77048,38.21239],[140.77177,38.21267],[140.77285,38.21248],[140.77461,38.2116],[140.77576,38.21158],[140.77891,38.21278],[140.77988,38.21295],[140.78369,38.21464],[140.78417,38.21331],[140.78449,38.21298],[140.78418,38.21237],[140.78444,38.2115],[140.7843,38.21118],[140.78437,38.2099],[140.78388,38.20813],[140.78468,38.20691],[140.78507,38.20569],[140.78729,38.20355],[140.78767,38.20266],[140.788,38.20241],[140.78846,38.20259],[140.78983,38.20213],[140.79065,38.20298],[140.79125,38.20265],[140.79221,38.20259],[140.79276,38.20298],[140.79288,38.20346],[140.79363,38.20352],[140.79367,38.20294],[140.79442,38.20203],[140.79487,38.20073],[140.79522,38.20043],[140.796,38.20039],[140.79657,38.20003],[140.79667,38.199],[140.79693,38.19873],[140.79687,38.19829],[140.79667,38.19792],[140.79594,38.19734],[140.79524,38.19564],[140.79419,38.19499],[140.79437,38.19468],[140.79434,38.19418],[140.79654,38.19432],[140.79814,38.19474],[140.79878,38.19437],[140.79964,38.19437],[140.8005,38.19411],[140.8003,38.19368],[140.8006,38.19326],[140.80289,38.19273],[140.80466,38.19285],[140.80534,38.19269],[140.80567,38.19319],[140.80592,38.19308],[140.80611,38.19274],[140.80576,38.19245],[140.80567,38.19189],[140.80597,38.19196],[140.80683,38.19164],[140.80766,38.19041],[140.80907,38.18976],[140.80995,38.18887],[140.81079,38.18869],[140.81134,38.18834],[140.8123,38.18807],[140.81284,38.18759],[140.81346,38.18733],[140.81452,38.18732],[140.81509,38.18715],[140.81272,38.18539],[140.81164,38.18503],[140.81053,38.18525],[140.80973,38.18439],[140.80785,38.18403],[140.80616,38.18551],[140.80535,38.18567],[140.80378,38.18405],[140.80241,38.18399],[140.80141,38.18304],[140.80062,38.18268],[140.80042,38.1822],[140.79805,38.18116],[140.79695,38.17754],[140.79694,38.17572],[140.79542,38.17531],[140.79448,38.17478],[140.79382,38.17474],[140.79335,38.1744],[140.7922,38.17438],[140.79053,38.17508],[140.78798,38.175],[140.78704,38.1757],[140.78674,38.17676],[140.78625,38.17764],[140.78582,38.17736],[140.78488,38.17723],[140.78402,38.17762],[140.78313,38.17726],[140.78273,38.17735],[140.78245,38.17723],[140.78172,38.17766],[140.78138,38.1775],[140.78064,38.17804],[140.77975,38.17828],[140.77925,38.17804],[140.7787,38.1783],[140.77852,38.17786],[140.77811,38.17809],[140.77788,38.1788],[140.77744,38.17897],[140.77715,38.17941],[140.77633,38.17961],[140.77512,38.17921],[140.77437,38.17916],[140.77247,38.1781],[140.77101,38.17806],[140.77063,38.17789],[140.77056,38.17764],[140.7699,38.17743],[140.76881,38.17751],[140.76863,38.17773],[140.76829,38.17782],[140.76837,38.17808],[140.76812,38.1782],[140.76822,38.17834],[140.76754,38.17818],[140.76748,38.17842],[140.76719,38.17837],[140.76711,38.17853],[140.76659,38.17863],[140.76646,38.17837],[140.7666,38.17818],[140.76627,38.17817],[140.76614,38.17797],[140.76534,38.17805],[140.7651,38.17831],[140.76331,38.17823],[140.76172,38.17763],[140.76003,38.17745],[140.75655,38.17661],[140.75624,38.17689],[140.7566,38.17797],[140.75687,38.17829],[140.75644,38.17912],[140.7555,38.17979],[140.75471,38.18007],[140.75406,38.18082],[140.7535,38.18069],[140.75333,38.17999],[140.75295,38.17976],[140.75167,38.18024],[140.75134,38.18087],[140.75076,38.18098],[140.75052,38.1801],[140.74988,38.17908],[140.7488,38.17983],[140.74874,38.1804],[140.74831,38.18101],[140.74691,38.18095],[140.74595,38.18159],[140.74449,38.18193],[140.74422,38.18234],[140.74398,38.18309],[140.7444,38.184],[140.74498,38.185],[140.74582,38.18559],[140.7453,38.18628],[140.74606,38.18791],[140.746,38.18803],[140.74499,38.18803],[140.74433,38.18849],[140.7437,38.18921],[140.74305,38.18955],[140.74269,38.19019],[140.74245,38.19159],[140.74184,38.19314],[140.74147,38.19351],[140.74128,38.19405],[140.74131,38.19427],[140.74165,38.19436],[140.7432,38.1941],[140.74377,38.19425],[140.7436,38.19475],[140.74243,38.1959],[140.74196,38.19665],[140.74241,38.19733],[140.7425,38.19818],[140.74287,38.19858],[140.74329,38.19865],[140.7435,38.19853],[140.74369,38.1979],[140.7444,38.197],[140.74467,38.19702],[140.7444,38.19806],[140.74345,38.19913],[140.74263,38.19957],[140.74173,38.19966],[140.74165,38.19993],[140.74119,38.20037],[140.74078,38.20038],[140.74027,38.20141],[140.7403,38.20173],[140.73963,38.20209],[140.73933,38.20304],[140.73727,38.20617],[140.73755,38.20673],[140.73812,38.20716],[140.73819,38.20738],[140.73797,38.2077],[140.73951,38.20863],[140.74006,38.20853],[140.74048,38.20717],[140.74154,38.20694],[140.74229,38.20788],[140.74307,38.20825],[140.74405,38.20913],[140.74426,38.21002],[140.74351,38.21216],[140.74348,38.21276],[140.74463,38.216],[140.7455,38.21607],[140.74861,38.21541],[140.74945,38.21587],[140.75184,38.21618],[140.75432,38.21542]]]},"properties":{"key":"041040310","name":"坪沼","pref":"宮城県","prefCode":"04","municipality":"仙台市太白区","areaM2":18697632.144,"population":528,"toponymIds":["04-16e842f0bb","04-a5f11b35d8","04-7b98a7e611"]}},{"type":"Feature","geometry":{"type":"Polygon","coordinates":[[[140.8638,38.21586],[140.86345,38.21461],[140.86339,38.21306],[140.86369,38.21203],[140.86425,38.21122],[140.86354,38.21091],[140.86374,38.20976],[140.86395,38.20915],[140.8644,38.20933],[140.86672,38.20954],[140.86685,38.20854],[140.86792,38.20896],[140.86742,38.20858],[140.86729,38.20828],[140.86729,38.20494],[140.85978,38.20496],[140.85541,38.20433],[140.85626,38.20483],[140.85585,38.20696],[140.85715,38.20707],[140.85709,38.20749],[140.85869,38.20762],[140.8586,38.20831],[140.85733,38.2082],[140.85729,38.20852],[140.85612,38.20842],[140.85612,38.2086],[140.85703,38.20895],[140.85681,38.20933],[140.85636,38.20917],[140.85618,38.20948],[140.8569,38.20974],[140.85662,38.21007],[140.85678,38.21058],[140.85723,38.21058],[140.85737,38.20995],[140.85823,38.21021],[140.85803,38.21069],[140.85803,38.21253],[140.85793,38.21288],[140.85406,38.21296],[140.85408,38.21327],[140.85386,38.21329],[140.85397,38.21352],[140.8537,38.21519],[140.85389,38.21542],[140.85443,38.21556],[140.85589,38.21525],[140.85984,38.21582],[140.8638,38.21586]]]},"properties":{"key":"041040320","name":"富沢","pref":"宮城県","prefCode":"04","municipality":"仙台市太白区","areaM2":923431.557,"population":2944,"toponymIds":["04-4be2aa56d1","04-f0a28acc91","04-462fba0dba"]}},{"type":"Feature","geometry":{"type":"Polygon","coordinates":[[[140.90387,38.19759],[140.90367,38.19675],[140.90399,38.19673],[140.90356,38.19616],[140.90283,38.19553],[140.90251,38.19549],[140.90075,38.19451],[140.90045,38.19421],[140.90044,38.19383],[140.90241,38.1926],[140.90373,38.19099],[140.90404,38.1904],[140.90429,38.19025],[140.90521,38.19027],[140.9058,38.19056],[140.90737,38.19192],[140.90707,38.18865],[140.90755,38.18851],[140.90753,38.18833],[140.90509,38.18878],[140.90384,38.18919],[140.90143,38.18938],[140.90143,38.18953],[140.9009,38.18964],[140.89926,38.1896],[140.89769,38.18976],[140.89461,38.1904],[140.89351,38.19013],[140.89203,38.19024],[140.89115,38.19004],[140.89159,38.19755],[140.90393,38.19769],[140.90387,38.19759]]]},"properties":{"key":"041040360","name":"中田町","pref":"宮城県","prefCode":"04","municipality":"仙台市太白区","areaM2":916537.124,"population":4981,"toponymIds":["04-535e0d1dbc"]}},{"type":"Feature","geometry":{"type":"Polygon","coordinates":[[[140.88211,38.24315],[140.88256,38.24306],[140.88314,38.24271],[140.8838,38.24294],[140.88573,38.23977],[140.88807,38.23699],[140.88643,38.23645],[140.88309,38.23609],[140.88183,38.2366],[140.88005,38.23775],[140.88105,38.23955],[140.8831,38.24122],[140.8829,38.24141],[140.88304,38.24176],[140.88172,38.2427],[140.88191,38.24306],[140.88124,38.24348],[140.8816,38.24364],[140.88211,38.24315]]]},"properties":{"key":"041040460","name":"根岸町","pref":"宮城県","prefCode":"04","municipality":"仙台市太白区","areaM2":280285.987,"population":517,"toponymIds":["04-85ce712ed1"]}},{"type":"Feature","geometry":{"type":"Polygon","coordinates":[[[140.78569,38.24569],[140.78662,38.2457],[140.78738,38.24518],[140.78798,38.24512],[140.78909,38.24441],[140.79049,38.24453],[140.79118,38.24482],[140.79157,38.24452],[140.7928,38.24457],[140.79356,38.24496],[140.79411,38.24499],[140.79421,38.24529],[140.79464,38.24541],[140.79486,38.24569],[140.79552,38.24538],[140.79529,38.24499],[140.79498,38.24484],[140.79464,38.24422],[140.79423,38.24256],[140.79437,38.24194],[140.79521,38.24061],[140.79494,38.23832],[140.7954,38.23639],[140.7967,38.23684],[140.79737,38.23737],[140.79782,38.23749],[140.79819,38.23776],[140.79853,38.23859],[140.8,38.23852],[140.80077,38.23886],[140.80097,38.2394],[140.80168,38.23942],[140.80169,38.23982],[140.80229,38.24025],[140.80335,38.24051],[140.80432,38.24032],[140.80535,38.24098],[140.80567,38.24098],[140.80581,38.24072],[140.80625,38.24083],[140.80657,38.24063],[140.80783,38.24134],[140.80758,38.24201],[140.80662,38.24288],[140.80597,38.2432],[140.80599,38.24378],[140.80581,38.24412],[140.8048,38.24471],[140.80456,38.245],[140.80444,38.24644],[140.80736,38.24742],[140.80908,38.25032],[140.81002,38.25006],[140.81244,38.24873],[140.8168,38.24852],[140.81801,38.24824],[140.82011,38.24734],[140.81749,38.24535],[140.8175,38.24467],[140.81712,38.24413],[140.81785,38.24336],[140.81789,38.24244],[140.81737,38.24201],[140.81753,38.24143],[140.8171,38.24055],[140.81736,38.24049],[140.81774,38.24065],[140.81866,38.24036],[140.8188,38.23985],[140.81826,38.23982],[140.81779,38.23848],[140.81606,38.23666],[140.81465,38.23464],[140.814,38.23397],[140.81128,38.23209],[140.80917,38.23],[140.80803,38.22939],[140.80538,38.22842],[140.80396,38.22723],[140.80332,38.22597],[140.80301,38.22335],[140.80154,38.2204],[140.80138,38.21904],[140.80196,38.2172],[140.80278,38.21759],[140.8033,38.21748],[140.80424,38.21783],[140.80437,38.2179],[140.80427,38.21828],[140.80491,38.21842],[140.80508,38.21868],[140.80561,38.21853],[140.80543,38.21817],[140.80576,38.21803],[140.80665,38.21872],[140.80755,38.21829],[140.80756,38.21856],[140.8078,38.21864],[140.80841,38.21847],[140.80919,38.21875],[140.80967,38.21872],[140.81,38.21902],[140.81081,38.21899],[140.81147,38.21929],[140.81264,38.21924],[140.81325,38.21946],[140.81346,38.22025],[140.81485,38.2187],[140.81515,38.21823],[140.81267,38.21691],[140.81253,38.21646],[140.81259,38.21505],[140.81233,38.21462],[140.81098,38.21408],[140.80937,38.21385],[140.8085,38.21348],[140.80847,38.21221],[140.80953,38.21149],[140.80946,38.21107],[140.80914,38.2107],[140.80704,38.21055],[140.80368,38.21221],[140.80203,38.2127],[140.80087,38.2129],[140.79857,38.21253],[140.7977,38.21348],[140.79744,38.21413],[140.79799,38.21689],[140.79804,38.21799],[140.79693,38.21901],[140.79533,38.21932],[140.79261,38.21875],[140.78991,38.21866],[140.78865,38.21836],[140.78765,38.21775],[140.78564,38.21585],[140.7842,38.21489],[140.77988,38.21295],[140.77891,38.21278],[140.77591,38.21161],[140.77461,38.2116],[140.77285,38.21248],[140.77177,38.21267],[140.77048,38.21239],[140.76884,38.21131],[140.76828,38.21112],[140.76413,38.2111],[140.76368,38.21135],[140.76348,38.21252],[140.76257,38.2133],[140.76072,38.21377],[140.75856,38.21403],[140.75645,38.21487],[140.7522,38.21613],[140.75099,38.21616],[140.74945,38.21587],[140.74869,38.21645],[140.7465,38.21724],[140.74526,38.21707],[140.744,38.21737],[140.74306,38.21787],[140.74207,38.21893],[140.74144,38.21933],[140.74087,38.21937],[140.73996,38.21916],[140.73958,38.21925],[140.73867,38.22063],[140.7365,38.22205],[140.73682,38.22277],[140.73677,38.22318],[140.73644,38.22363],[140.73652,38.22418],[140.73434,38.22482],[140.7347,38.22507],[140.73406,38.2253],[140.73403,38.22565],[140.73372,38.22576],[140.73414,38.22648],[140.73373,38.22668],[140.73395,38.22714],[140.7334,38.2277],[140.73378,38.22806],[140.73365,38.2282],[140.73378,38.22862],[140.73361,38.22904],[140.73401,38.22923],[140.7341,38.22956],[140.73437,38.22973],[140.73404,38.23037],[140.73454,38.23045],[140.73435,38.23105],[140.73464,38.23178],[140.73593,38.23253],[140.73681,38.23343],[140.73685,38.23384],[140.73752,38.23441],[140.73739,38.23491],[140.73783,38.23565],[140.7378,38.23588],[140.7373,38.23644],[140.73738,38.23765],[140.73759,38.23815],[140.73765,38.23924],[140.73817,38.24013],[140.73791,38.24061],[140.73848,38.24322],[140.73883,38.24354],[140.73889,38.24388],[140.73919,38.24422],[140.74053,38.24441],[140.7411,38.24413],[140.74199,38.24461],[140.74257,38.24449],[140.74297,38.24464],[140.74403,38.24457],[140.74484,38.24499],[140.74733,38.24487],[140.74772,38.24512],[140.74809,38.24568],[140.74911,38.24586],[140.75022,38.2454],[140.75081,38.24497],[140.74994,38.24375],[140.75019,38.2433],[140.75164,38.24251],[140.7528,38.2424],[140.7535,38.24207],[140.75432,38.24224],[140.75466,38.24193],[140.75533,38.24179],[140.75598,38.24241],[140.75745,38.24137],[140.75831,38.24259],[140.7598,38.24258],[140.76069,38.24286],[140.76194,38.24286],[140.7626,38.24305],[140.76372,38.24273],[140.76467,38.24321],[140.76613,38.24232],[140.76693,38.24205],[140.76728,38.2421],[140.76735,38.24241],[140.76851,38.24323],[140.76897,38.24313],[140.76942,38.24343],[140.77076,38.24373],[140.77143,38.24448],[140.7723,38.24504],[140.77256,38.24583],[140.77344,38.24652],[140.77415,38.24682],[140.77498,38.24757],[140.7757,38.24845],[140.77629,38.24962],[140.77711,38.25044],[140.77902,38.25096],[140.7793,38.25251],[140.77996,38.25315],[140.78007,38.25371],[140.78074,38.25447],[140.78067,38.25366],[140.77998,38.25252],[140.78004,38.25164],[140.7805,38.25017],[140.78143,38.24886],[140.78198,38.24854],[140.782,38.24813],[140.78223,38.24783],[140.78359,38.24648],[140.78472,38.24618],[140.78569,38.24569]],[[140.78425,38.24147],[140.78313,38.24135],[140.78202,38.24144],[140.78094,38.24116],[140.77957,38.24108],[140.77936,38.24086],[140.77915,38.23989],[140.77945,38.23926],[140.77948,38.23862],[140.78012,38.2385],[140.7801,38.23794],[140.77961,38.23718],[140.77944,38.23649],[140.77665,38.23605],[140.77607,38.23613],[140.776,38.23554],[140.77628,38.23543],[140.77687,38.23561],[140.77688,38.23534],[140.77658,38.23505],[140.77729,38.23466],[140.77696,38.23375],[140.77735,38.23326],[140.77811,38.23285],[140.77873,38.23215],[140.7789,38.23151],[140.77872,38.23048],[140.77881,38.23017],[140.77959,38.23002],[140.7805,38.22895],[140.78454,38.22792],[140.78538,38.22799],[140.78576,38.22843],[140.78615,38.22858],[140.78702,38.22794],[140.78829,38.2284],[140.7896,38.22862],[140.78997,38.22886],[140.78873,38.22962],[140.78826,38.2305],[140.78888,38.2319],[140.78873,38.23308],[140.78946,38.23636],[140.78953,38.23863],[140.78981,38.23917],[140.7903,38.23952],[140.78987,38.23985],[140.78801,38.24027],[140.78631,38.24147],[140.78507,38.24165],[140.78425,38.24147]]]},"properties":{"key":"041040630","name":"茂庭","pref":"宮城県","prefCode":"04","municipality":"仙台市太白区","areaM2":20187902.948,"population":2699,"toponymIds":["04-03fa1959b0","04-4376f2553c","04-23521e4115","04-a22a2f5dc0"]}},{"type":"Feature","geometry":{"type":"Polygon","coordinates":[[[140.87658,38.20495],[140.87627,38.20181],[140.87581,38.19965],[140.87495,38.19896],[140.87476,38.19902],[140.874,38.19781],[140.87257,38.19814],[140.87059,38.19814],[140.87014,38.19834],[140.87015,38.19855],[140.86906,38.19906],[140.86862,38.19904],[140.86839,38.19962],[140.86699,38.19955],[140.86539,38.19924],[140.86448,38.20033],[140.86406,38.20019],[140.8643,38.1997],[140.86308,38.19956],[140.86315,38.20016],[140.86355,38.20079],[140.86324,38.20113],[140.86337,38.2012],[140.86316,38.20149],[140.86324,38.20182],[140.86189,38.20331],[140.86105,38.20493],[140.87658,38.20495]]]},"properties":{"key":"041040730","name":"柳生","pref":"宮城県","prefCode":"04","municipality":"仙台市太白区","areaM2":793597.583,"population":1003,"toponymIds":["04-4ae2e6654c"]}},{"type":"Feature","geometry":{"type":"Polygon","coordinates":[[[140.83897,38.21798],[140.83941,38.21797],[140.83955,38.21771],[140.84392,38.21747],[140.84393,38.21664],[140.84448,38.21414],[140.84481,38.2133],[140.84463,38.21308],[140.84471,38.21278],[140.84534,38.21228],[140.84418,38.2121],[140.84371,38.21219],[140.8432,38.21202],[140.84184,38.21212],[140.84191,38.21174],[140.8417,38.21079],[140.84122,38.20958],[140.83125,38.21364],[140.83246,38.21524],[140.8345,38.21498],[140.83809,38.21814],[140.83897,38.21798]]]},"properties":{"key":"041040752","name":"山田","pref":"宮城県","prefCode":"04","municipality":"仙台市太白区","areaM2":646349.66,"population":223,"toponymIds":["04-5bb6dbb28d"]}},{"type":"Feature","geometry":{"type":"Polygon","coordinates":[[[140.89298,38.32796],[140.89469,38.32548],[140.89595,38.32229],[140.89719,38.32034],[140.89905,38.32041],[140.90002,38.31989],[140.90102,38.31906],[140.90251,38.31864],[140.90392,38.31858],[140.90678,38.31699],[140.90758,38.31707],[140.90868,38.31811],[140.90938,38.31759],[140.90841,38.31545],[140.90932,38.31464],[140.90985,38.31381],[140.91107,38.31272],[140.91049,38.31288],[140.90967,38.31141],[140.91288,38.31037],[140.91487,38.30945],[140.91482,38.30899],[140.91396,38.30823],[140.91276,38.30564],[140.91213,38.30523],[140.91154,38.30545],[140.91102,38.30592],[140.91074,38.30663],[140.91006,38.30738],[140.90763,38.30777],[140.9065,38.30831],[140.90608,38.30875],[140.90598,38.30918],[140.90623,38.30948],[140.90862,38.31034],[140.90927,38.31147],[140.90473,38.31192],[140.89941,38.31182],[140.89824,38.3121],[140.89761,38.31251],[140.89699,38.31336],[140.89704,38.31521],[140.8967,38.31658],[140.896,38.31838],[140.89604,38.31932],[140.89578,38.31939],[140.89464,38.31901],[140.89421,38.31933],[140.89432,38.31958],[140.89382,38.31959],[140.89365,38.3192],[140.89246,38.31932],[140.8909,38.31921],[140.89179,38.3188],[140.89165,38.31859],[140.89185,38.31837],[140.89184,38.31803],[140.89164,38.31737],[140.89181,38.3165],[140.89167,38.31611],[140.89116,38.31608],[140.89064,38.31583],[140.89045,38.31512],[140.89234,38.31359],[140.89368,38.31364],[140.89416,38.31309],[140.89294,38.31257],[140.89223,38.31269],[140.89015,38.31483],[140.8876,38.3165],[140.8866,38.31695],[140.88694,38.31748],[140.88649,38.31762],[140.88532,38.31927],[140.88543,38.31936],[140.8867,38.31896],[140.88735,38.32065],[140.88719,38.32094],[140.88778,38.32225],[140.88795,38.32237],[140.88982,38.32202],[140.89126,38.32199],[140.89265,38.32176],[140.89339,38.32146],[140.89359,38.32196],[140.89367,38.32258],[140.89336,38.32263],[140.89339,38.32321],[140.89377,38.32407],[140.89347,38.32427],[140.89329,38.32487],[140.8935,38.32558],[140.8928,38.32565],[140.89278,38.32592],[140.89233,38.32588],[140.89244,38.32641],[140.89212,38.32664],[140.89207,38.32686],[140.89181,38.32684],[140.89133,38.32734],[140.89188,38.32793],[140.89165,38.32821],[140.89177,38.32845],[140.89136,38.32855],[140.89164,38.32902],[140.89121,38.32905],[140.89108,38.32971],[140.89147,38.32991],[140.89138,38.33028],[140.89034,38.33058],[140.88965,38.33113],[140.88948,38.3316],[140.8909,38.33243],[140.89185,38.33092],[140.89298,38.32796]]]},"properties":{"key":"041050050","name":"市名坂","pref":"宮城県","prefCode":"04","municipality":"仙台市泉区","areaM2":1738962.366,"population":6819,"toponymIds":["04-f701949d54","04-4e99c248a6","04-84559ea96e","04-30b133431b","04-8b4fc08a68","04-070529794f"]}},{"type":"Feature","geometry":{"type":"Polygon","coordinates":[[[140.81719,38.33693],[140.81704,38.3357],[140.81724,38.33538],[140.81841,38.33459],[140.8184,38.33378],[140.81881,38.33365],[140.8189,38.33331],[140.81726,38.33253],[140.81753,38.33231],[140.8182,38.33254],[140.8198,38.33247],[140.81981,38.33079],[140.81808,38.33072],[140.81816,38.32953],[140.81725,38.32908],[140.81347,38.32926],[140.81193,38.32906],[140.81084,38.32863],[140.80983,38.32977],[140.80929,38.33002],[140.80807,38.33025],[140.80816,38.32998],[140.80912,38.32953],[140.80925,38.3291],[140.80914,38.32901],[140.80947,38.3284],[140.80939,38.32817],[140.80757,38.32794],[140.80675,38.32811],[140.80676,38.3276],[140.80655,38.32709],[140.80608,38.32702],[140.80628,38.32625],[140.80554,38.32597],[140.80515,38.32601],[140.80462,38.32533],[140.80391,38.32565],[140.80345,38.32616],[140.80314,38.32608],[140.80289,38.32564],[140.80307,38.32483],[140.80279,38.32489],[140.80258,38.3247],[140.80229,38.32473],[140.80188,38.32534],[140.80178,38.32583],[140.80197,38.32639],[140.80258,38.32698],[140.80195,38.32715],[140.80131,38.32712],[140.80043,38.32659],[140.79949,38.32646],[140.79902,38.32666],[140.79818,38.32831],[140.79582,38.32747],[140.79529,38.32778],[140.79475,38.32756],[140.79344,38.32891],[140.79302,38.32964],[140.79409,38.32962],[140.79438,38.3299],[140.79441,38.33033],[140.79609,38.33072],[140.79746,38.33161],[140.79745,38.3318],[140.79657,38.33251],[140.79897,38.33433],[140.80189,38.33197],[140.80186,38.33155],[140.803,38.33116],[140.80312,38.33129],[140.80378,38.33093],[140.80347,38.33028],[140.80298,38.32989],[140.80464,38.32911],[140.80669,38.3295],[140.80679,38.32976],[140.80633,38.33028],[140.80629,38.33072],[140.80737,38.33085],[140.80767,38.33154],[140.80763,38.33206],[140.80588,38.33375],[140.8061,38.33397],[140.80613,38.33435],[140.80525,38.33537],[140.80666,38.33611],[140.80668,38.33626],[140.80902,38.33664],[140.81149,38.3365],[140.81249,38.33617],[140.81301,38.33679],[140.81356,38.33673],[140.81585,38.33708],[140.8157,38.33759],[140.816,38.33774],[140.8165,38.33756],[140.81656,38.33711],[140.8172,38.33709],[140.81719,38.33693]]]},"properties":{"key":"041050070","name":"小角","pref":"宮城県","prefCode":"04","municipality":"仙台市泉区","areaM2":1457308.155,"population":278,"toponymIds":["04-fb307ea62b","04-de90f644bc","04-0ff83fdd6d"]}},{"type":"Feature","geometry":{"type":"Polygon","coordinates":[[[140.88027,38.3106],[140.88002,38.31023],[140.87977,38.31029],[140.87938,38.30956],[140.87727,38.30887],[140.87658,38.30806],[140.87587,38.30789],[140.87536,38.30834],[140.87462,38.30849],[140.87199,38.30808],[140.87099,38.30774],[140.86958,38.30817],[140.8688,38.30882],[140.86855,38.30855],[140.86811,38.30843],[140.86659,38.30862],[140.86592,38.3068],[140.86541,38.30623],[140.86424,38.30546],[140.86394,38.30491],[140.86353,38.30476],[140.86344,38.30416],[140.86303,38.30402],[140.86278,38.30354],[140.86266,38.30278],[140.85848,38.30338],[140.85793,38.30361],[140.85635,38.30484],[140.85615,38.3061],[140.85645,38.30672],[140.85679,38.30825],[140.85726,38.30928],[140.85615,38.30937],[140.85592,38.30925],[140.85562,38.30874],[140.85443,38.30879],[140.85397,38.3089],[140.85365,38.30937],[140.85306,38.30972],[140.85286,38.30965],[140.85281,38.30923],[140.85208,38.30911],[140.85132,38.30876],[140.85085,38.30892],[140.8499,38.30889],[140.84809,38.31052],[140.8473,38.31057],[140.84762,38.31064],[140.84684,38.31141],[140.84818,38.31194],[140.84834,38.31223],[140.84917,38.31246],[140.85001,38.31215],[140.85271,38.31192],[140.85304,38.31171],[140.85343,38.31107],[140.85451,38.31072],[140.85448,38.31095],[140.85481,38.31082],[140.85502,38.31113],[140.85497,38.3114],[140.8556,38.31141],[140.85643,38.31166],[140.85788,38.31103],[140.85902,38.31108],[140.85911,38.31069],[140.86139,38.31106],[140.86127,38.31125],[140.8617,38.31136],[140.86199,38.31095],[140.86401,38.3112],[140.86511,38.31096],[140.86703,38.31157],[140.86761,38.31256],[140.86902,38.31232],[140.86932,38.31247],[140.86974,38.31211],[140.86934,38.31061],[140.87001,38.31036],[140.86968,38.30989],[140.87079,38.3095],[140.87177,38.3095],[140.8731,38.31034],[140.87377,38.30952],[140.87542,38.31007],[140.87641,38.31006],[140.87664,38.31055],[140.87641,38.31087],[140.8767,38.31123],[140.87644,38.31159],[140.87741,38.3119],[140.88009,38.3122],[140.881,38.31264],[140.88125,38.31256],[140.8814,38.31225],[140.88027,38.3106]]]},"properties":{"key":"041050082","name":"上谷刈","pref":"宮城県","prefCode":"04","municipality":"仙台市泉区","areaM2":1218238.918,"population":1946,"toponymIds":["04-8447cacb88","04-50ec578aa6","04-ec41d88cb8"]}},{"type":"Feature","geometry":{"type":"Polygon","coordinates":[[[140.81575,38.31153],[140.81861,38.31165],[140.81912,38.30881],[140.81984,38.30868],[140.82213,38.30889],[140.82233,38.30742],[140.82253,38.30734],[140.82398,38.30798],[140.82565,38.30814],[140.82579,38.30747],[140.82634,38.3073],[140.82675,38.30528],[140.82688,38.30288],[140.82676,38.30173],[140.82559,38.30011],[140.82367,38.29852],[140.81883,38.30133],[140.81808,38.30232],[140.81765,38.30265],[140.81653,38.3028],[140.81426,38.30415],[140.8138,38.30458],[140.81295,38.30638],[140.81242,38.30949],[140.81254,38.30982],[140.81377,38.3109],[140.81536,38.31168],[140.81575,38.31153]]]},"properties":{"key":"041050140","name":"実沢","pref":"宮城県","prefCode":"04","municipality":"仙台市泉区","areaM2":1099284.87,"population":0,"toponymIds":["04-35bea2f8ae","04-5d71c453db","04-207c443aef","04-569a336ef7","04-de8fb7a947","04-a9bd1e9931","04-172af3ed99","04-e3fc7d25f6","04-3d5d61c7de","04-972f44f6fb","04-4efeb63cc4","04-be9abf6cc3","04-b7c7dde7f0","04-45ef6a7e33","04-5ef8fac468","04-b774485bc3","04-faab1f93d4","04-db3ee36a20","04-732798c2df"]}},{"type":"Feature","geometry":{"type":"Polygon","coordinates":[[[140.89122,38.32909],[140.89164,38.32902],[140.89136,38.32855],[140.89177,38.32845],[140.89165,38.32821],[140.89188,38.32793],[140.8914,38.32747],[140.89142,38.32718],[140.89181,38.32684],[140.89207,38.32686],[140.89212,38.32664],[140.89244,38.32641],[140.89233,38.32588],[140.89278,38.32592],[140.8928,38.32565],[140.8935,38.32558],[140.89329,38.32487],[140.89347,38.32427],[140.89377,38.32407],[140.89339,38.32321],[140.89336,38.32263],[140.89367,38.32258],[140.89339,38.32146],[140.8921,38.32186],[140.88909,38.32211],[140.88817,38.32233],[140.88856,38.324],[140.88957,38.326],[140.88809,38.32656],[140.88812,38.3275],[140.8869,38.32764],[140.88721,38.32889],[140.88752,38.32883],[140.88787,38.32929],[140.88796,38.32907],[140.88897,38.32918],[140.88996,38.32949],[140.8897,38.33021],[140.89022,38.33034],[140.89014,38.3305],[140.89034,38.33058],[140.89138,38.33028],[140.89147,38.32991],[140.89108,38.32971],[140.89122,38.32909]]]},"properties":{"key":"041050250","name":"七北田","pref":"宮城県","prefCode":"04","municipality":"仙台市泉区","areaM2":325608.662,"population":5779,"toponymIds":["04-3eb2bdcb18"]}},{"type":"Feature","geometry":{"type":"Polygon","coordinates":[[[140.81713,38.38203],[140.81735,38.38164],[140.81797,38.38146],[140.81876,38.38143],[140.81956,38.38171],[140.82016,38.38108],[140.82022,38.38057],[140.81992,38.38023],[140.82071,38.3797],[140.82104,38.37928],[140.82209,38.37865],[140.82303,38.37705],[140.82434,38.37646],[140.82431,38.3758],[140.8253,38.37505],[140.82488,38.37437],[140.82522,38.37367],[140.82521,38.37325],[140.8247,38.37083],[140.82519,38.37034],[140.82543,38.36956],[140.82665,38.36889],[140.82627,38.36745],[140.82602,38.36725],[140.8259,38.36677],[140.82518,38.36644],[140.82515,38.36607],[140.82384,38.36517],[140.8242,38.36429],[140.82337,38.36407],[140.8231,38.36383],[140.8212,38.36467],[140.82072,38.36456],[140.82062,38.36439],[140.82099,38.36388],[140.82199,38.36293],[140.82402,38.36219],[140.82776,38.36268],[140.82815,38.36232],[140.82866,38.36222],[140.82897,38.36134],[140.8281,38.36084],[140.82821,38.36058],[140.83259,38.35979],[140.83307,38.35956],[140.83332,38.35969],[140.83452,38.35967],[140.83425,38.35914],[140.83367,38.35863],[140.83366,38.35831],[140.83228,38.3578],[140.8321,38.35765],[140.83211,38.35742],[140.83165,38.35709],[140.83074,38.35753],[140.83017,38.35707],[140.83014,38.35694],[140.83082,38.35669],[140.83295,38.35506],[140.8338,38.35458],[140.83335,38.35437],[140.83323,38.35372],[140.83295,38.3534],[140.83167,38.35343],[140.83065,38.35311],[140.82975,38.35303],[140.82872,38.35344],[140.82851,38.35326],[140.8283,38.35385],[140.82736,38.35504],[140.82448,38.35549],[140.82401,38.35592],[140.82284,38.35533],[140.82268,38.35498],[140.82121,38.35487],[140.82055,38.35423],[140.82021,38.35408],[140.81998,38.35425],[140.81907,38.35356],[140.81902,38.35172],[140.8197,38.35173],[140.81953,38.35145],[140.81875,38.35137],[140.81851,38.35096],[140.81832,38.34966],[140.81808,38.34955],[140.81807,38.34917],[140.81837,38.34885],[140.81823,38.34845],[140.81879,38.3474],[140.8181,38.34698],[140.81861,38.34608],[140.81916,38.34564],[140.81901,38.34396],[140.81921,38.34317],[140.82269,38.33838],[140.82046,38.33715],[140.82045,38.33691],[140.81989,38.33646],[140.81959,38.33699],[140.81656,38.33711],[140.8165,38.33756],[140.816,38.33774],[140.8157,38.33759],[140.81585,38.33708],[140.81356,38.33673],[140.81301,38.33679],[140.81249,38.33617],[140.81167,38.33647],[140.80964,38.33667],[140.80668,38.33626],[140.80666,38.33611],[140.80525,38.33537],[140.80613,38.33435],[140.8061,38.33397],[140.80588,38.33375],[140.80754,38.33219],[140.80767,38.33154],[140.80737,38.33085],[140.80629,38.33072],[140.80633,38.33028],[140.80679,38.32976],[140.80675,38.32953],[140.80464,38.32911],[140.80298,38.32989],[140.80347,38.33028],[140.80378,38.33093],[140.80312,38.33129],[140.803,38.33116],[140.80186,38.33155],[140.80189,38.33197],[140.78858,38.34279],[140.78634,38.34108],[140.78481,38.34174],[140.78352,38.34287],[140.78232,38.34275],[140.78256,38.342],[140.78281,38.34175],[140.78006,38.34061],[140.77945,38.34015],[140.77798,38.34018],[140.7776,38.33937],[140.7779,38.33875],[140.77777,38.33695],[140.77747,38.33624],[140.77688,38.33613],[140.7765,38.33627],[140.77431,38.3364],[140.77393,38.33607],[140.77394,38.33549],[140.77363,38.33509],[140.77238,38.33481],[140.77117,38.33413],[140.76842,38.33309],[140.76816,38.33326],[140.76703,38.33322],[140.76685,38.33382],[140.76647,38.33402],[140.76526,38.33415],[140.76413,38.33519],[140.76336,38.33558],[140.76403,38.33665],[140.76555,38.33719],[140.76596,38.33711],[140.76635,38.33635],[140.76647,38.33673],[140.76715,38.33743],[140.76729,38.33792],[140.76801,38.33803],[140.76808,38.33857],[140.76714,38.33857],[140.7681,38.33945],[140.76776,38.33976],[140.76705,38.33984],[140.76652,38.34009],[140.76611,38.34069],[140.76604,38.34113],[140.76616,38.34143],[140.76686,38.34193],[140.76709,38.34234],[140.76879,38.34372],[140.7691,38.34385],[140.76973,38.34371],[140.77034,38.3439],[140.7703,38.34443],[140.7705,38.34469],[140.77125,38.34454],[140.77156,38.34391],[140.77242,38.34416],[140.77301,38.34411],[140.77392,38.34444],[140.77513,38.34462],[140.77649,38.3452],[140.77706,38.34528],[140.77716,38.34593],[140.77815,38.34623],[140.77832,38.34667],[140.78021,38.34686],[140.78088,38.34661],[140.78208,38.34649],[140.78236,38.34651],[140.78284,38.34689],[140.78337,38.34689],[140.78355,38.34684],[140.78387,38.34613],[140.78511,38.34703],[140.78696,38.34553],[140.79144,38.34883],[140.79157,38.34911],[140.79304,38.34881],[140.79378,38.34886],[140.79382,38.34978],[140.7942,38.34988],[140.7942,38.35033],[140.7953,38.35132],[140.79517,38.35173],[140.79539,38.35208],[140.79588,38.35235],[140.79619,38.35299],[140.79651,38.35286],[140.79691,38.35331],[140.79732,38.35339],[140.79772,38.35403],[140.79841,38.3539],[140.79902,38.3542],[140.79928,38.35439],[140.79927,38.35473],[140.79989,38.35539],[140.80224,38.35571],[140.80327,38.35671],[140.8033,38.35734],[140.8035,38.35763],[140.80443,38.35812],[140.80626,38.35831],[140.8072,38.35911],[140.80744,38.35991],[140.80877,38.36057],[140.80889,38.36133],[140.80943,38.36187],[140.81007,38.3622],[140.81073,38.36231],[140.81233,38.36323],[140.81262,38.36414],[140.81287,38.36438],[140.8137,38.36493],[140.81423,38.36508],[140.81465,38.36695],[140.81541,38.3685],[140.81612,38.36955],[140.81586,38.37056],[140.81559,38.37083],[140.81603,38.37214],[140.81601,38.37255],[140.81555,38.37325],[140.81519,38.3745],[140.81611,38.37531],[140.81584,38.37585],[140.81612,38.37612],[140.81614,38.3768],[140.81579,38.3768],[140.81577,38.3773],[140.81623,38.37772],[140.81612,38.37819],[140.81509,38.37849],[140.81495,38.37869],[140.81546,38.37904],[140.81599,38.37899],[140.81601,38.3792],[140.81474,38.3795],[140.81426,38.38023],[140.81418,38.3808],[140.81491,38.38143],[140.81676,38.38188],[140.81646,38.38248],[140.81665,38.38294],[140.81704,38.38283],[140.81713,38.38203]]]},"properties":{"key":"041050310","name":"根白石","pref":"宮城県","prefCode":"04","municipality":"仙台市泉区","areaM2":10416985.982,"population":1622,"toponymIds":["04-e004fe1763","04-36c8ed9c0e","04-acfe336c68","04-16b1a1b632"]}},{"type":"Feature","geometry":{"type":"Polygon","coordinates":[[[140.84335,38.33537],[140.84414,38.33497],[140.84519,38.33503],[140.84576,38.33465],[140.84529,38.33415],[140.84551,38.334],[140.84545,38.3334],[140.84582,38.33306],[140.84659,38.33278],[140.84762,38.33173],[140.84768,38.33147],[140.84841,38.3312],[140.84899,38.33141],[140.84915,38.33277],[140.84957,38.33293],[140.8499,38.33326],[140.84989,38.33344],[140.85083,38.33361],[140.85378,38.33461],[140.85588,38.33463],[140.85593,38.33416],[140.85717,38.33416],[140.85789,38.33432],[140.85902,38.33401],[140.85991,38.33371],[140.86071,38.33304],[140.86166,38.3325],[140.86294,38.33225],[140.86302,38.33192],[140.86288,38.33178],[140.86304,38.33147],[140.86364,38.33138],[140.8651,38.33128],[140.86549,38.33139],[140.86613,38.33271],[140.86645,38.33277],[140.86629,38.33228],[140.86642,38.33223],[140.86624,38.33211],[140.866,38.33103],[140.86577,38.33094],[140.86599,38.32929],[140.86858,38.32795],[140.86898,38.32638],[140.87023,38.32631],[140.87056,38.3261],[140.87092,38.3255],[140.87077,38.32498],[140.87089,38.32474],[140.86925,38.32476],[140.86859,38.32501],[140.86821,38.32461],[140.86814,38.32409],[140.86852,38.32368],[140.86812,38.32344],[140.86822,38.32313],[140.86758,38.32109],[140.867,38.32075],[140.86714,38.32011],[140.86615,38.31914],[140.86581,38.31854],[140.86603,38.31822],[140.86567,38.31803],[140.8659,38.31768],[140.86629,38.31775],[140.86628,38.31738],[140.86649,38.31714],[140.86604,38.31681],[140.86609,38.31668],[140.86647,38.31676],[140.86625,38.31631],[140.86665,38.31608],[140.86579,38.31535],[140.86458,38.31549],[140.86352,38.31622],[140.86225,38.3168],[140.86046,38.31816],[140.85972,38.31997],[140.85946,38.32243],[140.85765,38.32442],[140.85713,38.32475],[140.85656,38.32473],[140.85631,38.32438],[140.85628,38.32367],[140.85536,38.32023],[140.85453,38.31957],[140.85293,38.31939],[140.85203,38.3196],[140.85079,38.32024],[140.85096,38.32169],[140.85089,38.32239],[140.85042,38.32347],[140.84978,38.32402],[140.84963,38.32468],[140.84972,38.32552],[140.84954,38.3261],[140.84893,38.32667],[140.84832,38.32694],[140.84748,38.32692],[140.8451,38.32638],[140.8433,38.32573],[140.84135,38.32892],[140.84321,38.32886],[140.84539,38.32814],[140.84561,38.32877],[140.84494,38.32896],[140.84478,38.32918],[140.84467,38.33247],[140.84437,38.33285],[140.8437,38.33325],[140.84246,38.33515],[140.84319,38.33515],[140.84335,38.33537]],[[140.85957,38.32483],[140.86002,38.32425],[140.86018,38.32331],[140.86113,38.32172],[140.86149,38.32175],[140.86183,38.32207],[140.86235,38.32178],[140.86267,38.3219],[140.86228,38.32268],[140.86268,38.32358],[140.86328,38.32384],[140.86288,38.32432],[140.8618,38.32459],[140.86164,38.32477],[140.86108,38.32461],[140.86107,38.32442],[140.86046,38.32444],[140.86037,38.32508],[140.85957,38.32483]]]},"properties":{"key":"041050320","name":"野村","pref":"宮城県","prefCode":"04","municipality":"仙台市泉区","areaM2":2700875.417,"population":839,"toponymIds":["04-1541dc4bce","04-b140310f99","04-05b5277f7b","04-252cf73434","04-83ff9438f5","04-8a9fe66ad3","04-6b0f0dc26e"]}},{"type":"Feature","geometry":{"type":"Polygon","coordinates":[[[140.89603,38.30803],[140.89632,38.30694],[140.89412,38.30657],[140.89394,38.30692],[140.89331,38.30728],[140.89316,38.30756],[140.89316,38.30797],[140.89438,38.30785],[140.89603,38.30803]]]},"properties":{"key":"041050380","name":"松森","pref":"宮城県","prefCode":"04","municipality":"仙台市泉区","areaM2":31829.973,"population":0,"toponymIds":["04-3bd23ca08b","04-c917083cda"]}},{"type":"Feature","geometry":{"type":"Polygon","coordinates":[[[141.34685,38.44678],[141.34357,38.44212],[141.33923,38.4425],[141.33486,38.44067],[141.3278,38.43806],[141.32673,38.43936],[141.32506,38.44046],[141.32646,38.44082],[141.32887,38.44092],[141.32967,38.44115],[141.33114,38.44367],[141.33091,38.44433],[141.33672,38.44604],[141.33893,38.4464],[141.33756,38.45091],[141.34062,38.45192],[141.34405,38.45408],[141.34474,38.45364],[141.34521,38.45305],[141.34581,38.45089],[141.34626,38.44996],[141.3484,38.44715],[141.34685,38.44678]]]},"properties":{"key":"042020700","name":"井内","pref":"宮城県","prefCode":"04","municipality":"石巻市","areaM2":1230010.195,"population":245,"toponymIds":["04-1bc1bc44e2"]}},{"type":"Feature","geometry":{"type":"Polygon","coordinates":[[[141.33695,38.47112],[141.33743,38.47106],[141.33837,38.47159],[141.35144,38.4635],[141.3488,38.45989],[141.35055,38.45845],[141.34557,38.45549],[141.34405,38.45408],[141.34062,38.45192],[141.33629,38.45047],[141.33204,38.44832],[141.33261,38.44761],[141.33142,38.44639],[141.33092,38.44566],[141.33076,38.44481],[141.33114,38.44367],[141.32967,38.44115],[141.32887,38.44092],[141.32646,38.44082],[141.32743,38.44131],[141.32782,38.44175],[141.32785,38.4424],[141.32759,38.4435],[141.32608,38.44517],[141.32423,38.4466],[141.32188,38.44711],[141.31439,38.44676],[141.31102,38.44729],[141.3065,38.44979],[141.30728,38.45184],[141.30811,38.45339],[141.31078,38.45638],[141.31102,38.45684],[141.3114,38.4568],[141.31312,38.4575],[141.31339,38.45834],[141.31346,38.45953],[141.31447,38.4627],[141.31786,38.46163],[141.31826,38.46137],[141.31992,38.46235],[141.32107,38.46261],[141.32156,38.46307],[141.32275,38.46299],[141.3236,38.46392],[141.32388,38.46403],[141.32422,38.46386],[141.32458,38.46299],[141.32431,38.46229],[141.32339,38.46207],[141.32301,38.4617],[141.32286,38.46097],[141.32324,38.4605],[141.32351,38.46051],[141.3231,38.46144],[141.32358,38.46182],[141.32455,38.46218],[141.32494,38.46308],[141.32549,38.46332],[141.32618,38.4639],[141.32613,38.46429],[141.32652,38.46492],[141.32663,38.4656],[141.32632,38.46759],[141.32792,38.4697],[141.32841,38.46977],[141.3283,38.47087],[141.32867,38.47151],[141.32866,38.47205],[141.32979,38.4727],[141.33006,38.47342],[141.33013,38.47441],[141.33105,38.47574],[141.33096,38.47595],[141.33211,38.47667],[141.33344,38.47675],[141.33611,38.47577],[141.33646,38.47442],[141.33721,38.47268],[141.33679,38.47188],[141.33678,38.47137],[141.33695,38.47112]]]},"properties":{"key":"042020640","name":"大瓜","pref":"宮城県","prefCode":"04","municipality":"石巻市","areaM2":7129572.038,"population":829,"toponymIds":["04-58853d30e6"]}},{"type":"Feature","geometry":{"type":"Polygon","coordinates":[[[141.45123,38.39267],[141.45364,38.39274],[141.45424,38.39262],[141.45468,38.39231],[141.45537,38.39268],[141.456,38.39272],[141.45793,38.39212],[141.45831,38.39088],[141.45824,38.39039],[141.45843,38.3898],[141.45836,38.38763],[141.45927,38.38681],[141.45947,38.38642],[141.46021,38.38601],[141.46132,38.38581],[141.46205,38.38612],[141.46329,38.38607],[141.46518,38.38515],[141.465,38.38344],[141.46509,38.38299],[141.46539,38.38304],[141.46559,38.38338],[141.46584,38.38348],[141.46604,38.38292],[141.46564,38.38206],[141.46585,38.38192],[141.46654,38.38227],[141.46668,38.38211],[141.46579,38.38106],[141.46521,38.38073],[141.46442,38.37891],[141.46303,38.37812],[141.46065,38.37583],[141.46018,38.37504],[141.45781,38.37367],[141.45793,38.37388],[141.4575,38.37364],[141.4573,38.37394],[141.45622,38.37421],[141.45617,38.37449],[141.45648,38.37467],[141.45659,38.37498],[141.45635,38.37547],[141.45565,38.37508],[141.45499,38.3752],[141.45459,38.37494],[141.45391,38.37489],[141.45358,38.37496],[141.45356,38.37517],[141.45311,38.37546],[141.45367,38.3761],[141.45313,38.37598],[141.45244,38.37534],[141.45188,38.37516],[141.45153,38.37536],[141.451,38.37621],[141.45072,38.37623],[141.45041,38.37582],[141.4465,38.37647],[141.44494,38.37611],[141.44464,38.37575],[141.44525,38.37497],[141.44455,38.37576],[141.44385,38.37598],[141.44281,38.37562],[141.44175,38.37571],[141.44126,38.37551],[141.43996,38.37552],[141.43994,38.37492],[141.4391,38.37491],[141.43867,38.37446],[141.43843,38.37442],[141.43784,38.37367],[141.43758,38.37301],[141.43726,38.37285],[141.43705,38.3722],[141.43685,38.37209],[141.43601,38.37246],[141.43582,38.37224],[141.4354,38.37235],[141.43556,38.37275],[141.43535,38.37286],[141.43529,38.37346],[141.43493,38.37378],[141.43419,38.3739],[141.43357,38.37341],[141.43287,38.37332],[141.4326,38.37344],[141.43219,38.37327],[141.43159,38.37376],[141.43164,38.37407],[141.43296,38.37471],[141.43327,38.37511],[141.43364,38.37529],[141.43363,38.37565],[141.43303,38.37571],[141.43313,38.37602],[141.43515,38.37673],[141.43571,38.37657],[141.43604,38.37668],[141.43646,38.37732],[141.43649,38.37815],[141.43685,38.37848],[141.43766,38.37858],[141.43828,38.37936],[141.43852,38.37992],[141.43838,38.3807],[141.43797,38.3815],[141.43742,38.38169],[141.43668,38.38231],[141.43617,38.38245],[141.44583,38.38846],[141.45071,38.39285],[141.45123,38.39267]]]},"properties":{"key":"042020920","name":"荻浜","pref":"宮城県","prefCode":"04","municipality":"石巻市","areaM2":3631343.525,"population":53,"toponymIds":["04-458c0ae205","04-bd9247d869"]}},{"type":"Feature","geometry":{"type":"Polygon","coordinates":[[[141.34489,38.42271],[141.34486,38.42235],[141.34207,38.42251],[141.33845,38.42137],[141.33842,38.42169],[141.33861,38.42192],[141.34023,38.4225],[141.34121,38.4226],[141.34269,38.42324],[141.34367,38.42394],[141.34456,38.4242],[141.34503,38.42427],[141.34489,38.42271]]]},"properties":{"key":"04202107001","name":"鹿妻北一丁目","pref":"宮城県","prefCode":"04","municipality":"石巻市","areaM2":54596.257,"population":312,"toponymIds":["04-44c1bbe3c4"]}},{"type":"Feature","geometry":{"type":"Polygon","coordinates":[[[141.34275,38.4253],[141.34191,38.42524],[141.34263,38.42583],[141.34283,38.4258],[141.34275,38.4253]]]},"properties":{"key":"042020540","name":"鹿妻本町","pref":"宮城県","prefCode":"04","municipality":"石巻市","areaM2":3069.771,"population":31,"toponymIds":["04-9776aa4e22"]}},{"type":"Feature","geometry":{"type":"Polygon","coordinates":[[[141.3418,38.42114],[141.34132,38.41879],[141.33839,38.41985],[141.33901,38.421],[141.3383,38.42108],[141.33818,38.42132],[141.34207,38.42251],[141.3418,38.42114]]]},"properties":{"key":"04202108001","name":"鹿妻南一丁目","pref":"宮城県","prefCode":"04","municipality":"石巻市","areaM2":80023.63,"population":666,"toponymIds":["04-c27efb5644"]}},{"type":"Feature","geometry":{"type":"Polygon","coordinates":[[[141.2696,38.48316],[141.27384,38.48021],[141.27466,38.48047],[141.27538,38.4815],[141.27653,38.48341],[141.27678,38.48474],[141.27904,38.48455],[141.27953,38.48523],[141.28012,38.4851],[141.28118,38.48437],[141.28195,38.4857],[141.2831,38.48553],[141.28454,38.48491],[141.28353,38.48374],[141.28688,38.48164],[141.28764,38.46931],[141.28539,38.46747],[141.2818,38.46906],[141.27886,38.46912],[141.27942,38.46959],[141.27657,38.47137],[141.27765,38.47247],[141.26846,38.47827],[141.26299,38.48208],[141.26301,38.48224],[141.25948,38.48474],[141.26351,38.48744],[141.2696,38.48316]]]},"properties":{"key":"04202142015","name":"鹿又","pref":"宮城県","prefCode":"04","municipality":"石巻市","areaM2":2428494.981,"population":1352,"toponymIds":["04-73a36e0489"]}},{"type":"Feature","geometry":{"type":"Polygon","coordinates":[[[141.46181,38.36297],[141.4647,38.36053],[141.468,38.35819],[141.47163,38.35637],[141.47299,38.3559],[141.47673,38.35543],[141.47808,38.35541],[141.4789,38.35478],[141.47587,38.35013],[141.47338,38.34335],[141.46819,38.33856],[141.46765,38.33946],[141.46894,38.34245],[141.46913,38.34342],[141.46881,38.35029],[141.4677,38.35265],[141.46866,38.35497],[141.46852,38.35575],[141.46639,38.35706],[141.46623,38.35795],[141.46604,38.35816],[141.46514,38.35837],[141.46196,38.35798],[141.46189,38.3573],[141.46147,38.35686],[141.46052,38.35429],[141.46008,38.35375],[141.45933,38.35324],[141.4593,38.35282],[141.45903,38.35236],[141.45821,38.35208],[141.45854,38.35164],[141.45802,38.35146],[141.45834,38.3508],[141.45818,38.35074],[141.45794,38.35143],[141.4572,38.35065],[141.4571,38.35033],[141.45741,38.35019],[141.45738,38.34986],[141.45702,38.34822],[141.45674,38.34794],[141.45671,38.34755],[141.45618,38.34747],[141.45619,38.34773],[141.45577,38.34781],[141.45504,38.3475],[141.4548,38.3481],[141.45422,38.34804],[141.45366,38.34775],[141.45343,38.34733],[141.45348,38.3468],[141.45362,38.34656],[141.45406,38.34652],[141.45403,38.34581],[141.45429,38.34529],[141.45469,38.34509],[141.45465,38.34458],[141.45406,38.34385],[141.45249,38.34348],[141.45273,38.34298],[141.45265,38.34261],[141.4523,38.34223],[141.4512,38.34209],[141.45197,38.34099],[141.45191,38.34058],[141.45145,38.34037],[141.45054,38.34044],[141.45008,38.34016],[141.45039,38.34173],[141.44979,38.34242],[141.45077,38.3437],[141.4516,38.34614],[141.45096,38.34655],[141.45067,38.34773],[141.45101,38.34818],[141.45118,38.34879],[141.45236,38.35045],[141.45161,38.35148],[141.45208,38.35192],[141.45226,38.35263],[141.45346,38.35329],[141.4531,38.35365],[141.45233,38.35403],[141.45253,38.35487],[141.45365,38.35594],[141.45406,38.35604],[141.45442,38.35659],[141.45497,38.35689],[141.4559,38.35705],[141.45608,38.35763],[141.4571,38.35782],[141.45702,38.35918],[141.45757,38.36],[141.45721,38.36086],[141.45772,38.3614],[141.45792,38.36211],[141.45896,38.36195],[141.46023,38.36255],[141.46181,38.36297]]]},"properties":{"key":"042021760","name":"小網倉浜","pref":"宮城県","prefCode":"04","municipality":"石巻市","areaM2":2215768.499,"population":0,"toponymIds":["04-563d72799a","04-144d5a9895"]}},{"type":"Feature","geometry":{"type":"Polygon","coordinates":[[[141.37097,38.38006],[141.37162,38.37992],[141.37128,38.37958],[141.37121,38.37885],[141.37107,38.37941],[141.37087,38.37952],[141.37011,38.37928],[141.3698,38.37981],[141.37043,38.38016],[141.37097,38.38006]]]},"properties":{"key":"042021050","name":"小竹浜","pref":"宮城県","prefCode":"04","municipality":"石巻市","areaM2":11465.344,"population":0,"toponymIds":["04-7e185e4612"]}},{"type":"Feature","geometry":{"type":"Polygon","coordinates":[[[141.36932,38.42684],[141.36995,38.42518],[141.36923,38.42486],[141.36838,38.42452],[141.36798,38.4255],[141.36714,38.42532],[141.36698,38.42576],[141.36654,38.42567],[141.36656,38.42632],[141.36932,38.42684]]]},"properties":{"key":"04202084001","name":"垂水町一丁目","pref":"宮城県","prefCode":"04","municipality":"石巻市","areaM2":43216.026,"population":217,"toponymIds":["04-44ec4ac58c"]}},{"type":"Feature","geometry":{"type":"Polygon","coordinates":[[[141.35866,38.44576],[141.35878,38.44548],[141.35793,38.44531],[141.35938,38.43882],[141.34612,38.43933],[141.34357,38.44212],[141.34685,38.44678],[141.3484,38.44715],[141.35001,38.44557],[141.35133,38.44518],[141.35176,38.44527],[141.35286,38.44598],[141.35366,38.44614],[141.35438,38.44619],[141.35569,38.44562],[141.3571,38.44537],[141.35866,38.44576]]]},"properties":{"key":"042020710","name":"根岸","pref":"宮城県","prefCode":"04","municipality":"石巻市","areaM2":912060.28,"population":23,"toponymIds":["04-bd6c04ffea"]}},{"type":"Feature","geometry":{"type":"Polygon","coordinates":[[[141.27345,38.445],[141.27321,38.44419],[141.27221,38.44414],[141.27218,38.44451],[141.27113,38.4447],[141.27154,38.44533],[141.27345,38.445]]]},"properties":{"key":"042021932","name":"蛇田","pref":"宮城県","prefCode":"04","municipality":"石巻市","areaM2":16339.554,"population":80,"toponymIds":["04-546e41adf4","04-49ffead7d3","04-dfed6afae4","04-7a240b2959"]}},{"type":"Feature","geometry":{"type":"Polygon","coordinates":[[[141.37457,38.54011],[141.37461,38.53991],[141.37618,38.54077],[141.37653,38.5403],[141.37742,38.54088],[141.37971,38.54292],[141.38315,38.54401],[141.38331,38.54379],[141.38323,38.54273],[141.38225,38.53945],[141.38341,38.53717],[141.3782,38.53422],[141.37561,38.53258],[141.37276,38.53579],[141.371,38.53815],[141.36514,38.53729],[141.35839,38.55056],[141.35841,38.55201],[141.35755,38.55605],[141.35693,38.56126],[141.37855,38.55917],[141.37914,38.55778],[141.37916,38.55585],[141.37828,38.55483],[141.37746,38.55453],[141.37718,38.5538],[141.37719,38.55279],[141.37654,38.55192],[141.37576,38.55131],[141.3761,38.55042],[141.37555,38.54971],[141.3747,38.54901],[141.37458,38.54863],[141.3734,38.54822],[141.37276,38.54776],[141.37191,38.54746],[141.37175,38.54715],[141.37166,38.54614],[141.37185,38.54555],[141.37223,38.54525],[141.37283,38.54515],[141.37305,38.54463],[141.37351,38.54415],[141.37496,38.54324],[141.37601,38.54289],[141.37618,38.54267],[141.37623,38.54221],[141.37604,38.54176],[141.37473,38.54116],[141.37457,38.54079],[141.37457,38.54011]]]},"properties":{"key":"042021150","name":"馬鞍","pref":"宮城県","prefCode":"04","municipality":"石巻市","areaM2":4102166.174,"population":209,"toponymIds":["04-61dacad135"]}},{"type":"Feature","geometry":{"type":"Polygon","coordinates":[[[141.31288,38.43951],[141.30993,38.43885],[141.3099,38.43921],[141.30831,38.44157],[141.31075,38.44158],[141.3126,38.44101],[141.3135,38.43968],[141.31288,38.43951]]]},"properties":{"key":"04202013001","name":"元倉一丁目","pref":"宮城県","prefCode":"04","municipality":"石巻市","areaM2":84620.007,"population":463,"toponymIds":["04-712137d1a2"]}},{"type":"Feature","geometry":{"type":"Polygon","coordinates":[[[141.53823,38.40132],[141.53808,38.40101],[141.53839,38.40099],[141.53833,38.40072],[141.53729,38.40092],[141.53775,38.40147],[141.53773,38.40127],[141.53805,38.40132],[141.53812,38.40153],[141.53823,38.40132]]]},"properties":{"key":"042021800","name":"寄磯浜","pref":"宮城県","prefCode":"04","municipality":"石巻市","areaM2":4539.622,"population":0,"toponymIds":["04-fa9c502711","04-e4ed003be4","04-8494728582"]}},{"type":"Feature","geometry":{"type":"Polygon","coordinates":[[[141.04749,38.33794],[141.0477,38.33795],[141.04792,38.33821],[141.04792,38.33899],[141.04903,38.33907],[141.04985,38.3396],[141.05006,38.33945],[141.0494,38.33892],[141.04953,38.33859],[141.04942,38.33837],[141.04919,38.33819],[141.04848,38.33813],[141.0481,38.33726],[141.04809,38.33689],[141.04716,38.33711],[141.047,38.33697],[141.0478,38.33681],[141.04746,38.33664],[141.04735,38.33623],[141.04703,38.33591],[141.04605,38.33605],[141.04536,38.33534],[141.04446,38.33489],[141.04452,38.3339],[141.0439,38.33394],[141.04383,38.3338],[141.04258,38.33353],[141.04263,38.33332],[141.04223,38.33328],[141.04154,38.33332],[141.04144,38.33367],[141.04109,38.33366],[141.04033,38.33331],[141.04028,38.33292],[141.03992,38.33268],[141.03972,38.33303],[141.04027,38.33339],[141.03995,38.3337],[141.03949,38.33333],[141.03928,38.33355],[141.03945,38.33365],[141.03935,38.33376],[141.03975,38.33397],[141.03957,38.33424],[141.03899,38.33435],[141.03894,38.33467],[141.03927,38.33487],[141.03907,38.33457],[141.03927,38.33438],[141.04031,38.33472],[141.04011,38.33544],[141.04073,38.33546],[141.04057,38.33594],[141.04077,38.33623],[141.0412,38.33602],[141.0416,38.3363],[141.04147,38.33669],[141.04184,38.33685],[141.04179,38.3373],[141.04223,38.33707],[141.0427,38.33723],[141.04249,38.3376],[141.04256,38.33786],[141.04287,38.33781],[141.04327,38.33809],[141.04311,38.33691],[141.04255,38.33658],[141.04237,38.33593],[141.04179,38.33587],[141.04143,38.33521],[141.04149,38.33499],[141.04172,38.33491],[141.04237,38.33511],[141.04232,38.33455],[141.04248,38.33447],[141.04259,38.33459],[141.04354,38.33462],[141.04371,38.33609],[141.04431,38.33538],[141.04477,38.33554],[141.04432,38.33693],[141.04449,38.33736],[141.04477,38.33716],[141.04507,38.33621],[141.04544,38.33626],[141.04561,38.33687],[141.04623,38.33651],[141.04664,38.33674],[141.04673,38.33693],[141.04619,38.33739],[141.04642,38.33754],[141.04639,38.33779],[141.04674,38.33863],[141.04662,38.33917],[141.04634,38.33951],[141.04636,38.33988],[141.04686,38.33946],[141.04714,38.33802],[141.04749,38.33794]]]},"properties":{"key":"042030600","name":"字杉の入裏","pref":"宮城県","prefCode":"04","municipality":"塩竈市","areaM2":171612.139,"population":25,"toponymIds":["04-4ce2c8f69b"]}},{"type":"Feature","geometry":{"type":"Polygon","coordinates":[[[141.0339,38.30593],[141.03508,38.30579],[141.03496,38.30476],[141.0356,38.30289],[141.03581,38.30265],[141.03554,38.30246],[141.03536,38.30246],[141.03533,38.3027],[141.03515,38.30268],[141.03518,38.30247],[141.03444,38.30242],[141.0343,38.30275],[141.03465,38.30294],[141.03453,38.3039],[141.03361,38.30364],[141.03298,38.30259],[141.03247,38.30289],[141.03222,38.30277],[141.03177,38.30295],[141.03156,38.30325],[141.03057,38.30391],[141.03035,38.30391],[141.03032,38.30364],[141.02962,38.30366],[141.02945,38.304],[141.02867,38.3045],[141.02879,38.30467],[141.0287,38.3048],[141.02944,38.30591],[141.0333,38.3059],[141.03327,38.30618],[141.0339,38.30593]]]},"properties":{"key":"042030090","name":"芦畔町","pref":"宮城県","prefCode":"04","municipality":"塩竈市","areaM2":156765.65,"population":764,"toponymIds":["04-22be17360b"]}},{"type":"Feature","geometry":{"type":"Polygon","coordinates":[[[141.0162,38.32945],[141.01749,38.32943],[141.01801,38.32921],[141.01878,38.32946],[141.01892,38.3293],[141.01916,38.3295],[141.01945,38.32889],[141.02006,38.32835],[141.02038,38.3282],[141.02067,38.32828],[141.02097,38.32794],[141.02096,38.32763],[141.02136,38.32735],[141.02058,38.32665],[141.02081,38.32637],[141.021,38.32647],[141.02113,38.32593],[141.02157,38.32546],[141.02105,38.3255],[141.02099,38.32577],[141.02015,38.32528],[141.01947,38.32542],[141.01886,38.32594],[141.01847,38.32575],[141.01821,38.3258],[141.01801,38.32606],[141.0175,38.32601],[141.01728,38.32569],[141.01691,38.32552],[141.0168,38.32502],[141.01701,38.3248],[141.0164,38.32424],[141.01627,38.3239],[141.01643,38.32354],[141.01612,38.3234],[141.01543,38.32527],[141.01539,38.32645],[141.01567,38.32918],[141.0158,38.32958],[141.0162,38.32945]]]},"properties":{"key":"042030450","name":"梅の宮","pref":"宮城県","prefCode":"04","municipality":"塩竈市","areaM2":203055.547,"population":986,"toponymIds":["04-c2f45e86ad"]}},{"type":"Feature","geometry":{"type":"Polygon","coordinates":[[[141.09734,38.33455],[141.09824,38.33448],[141.09816,38.33501],[141.09843,38.33479],[141.0986,38.33406],[141.09908,38.33384],[141.09999,38.33379],[141.10118,38.33419],[141.10151,38.33396],[141.10285,38.33387],[141.10261,38.33375],[141.10187,38.33382],[141.10194,38.33331],[141.10257,38.33307],[141.10269,38.33328],[141.10262,38.33305],[141.10329,38.3328],[141.10366,38.33294],[141.10395,38.33253],[141.10455,38.33229],[141.10482,38.33189],[141.10525,38.33184],[141.10508,38.33142],[141.10506,38.33014],[141.10515,38.32998],[141.10578,38.32974],[141.10557,38.32951],[141.10555,38.32904],[141.10588,38.32825],[141.10699,38.32796],[141.10716,38.32823],[141.1075,38.32825],[141.10713,38.32795],[141.10724,38.32756],[141.10868,38.32713],[141.10864,38.3268],[141.1092,38.3266],[141.10883,38.32618],[141.10848,38.32611],[141.10821,38.32623],[141.10827,38.32637],[141.10802,38.32659],[141.10811,38.32671],[141.10715,38.32675],[141.10685,38.32748],[141.10636,38.32732],[141.10594,38.32746],[141.10585,38.32721],[141.10536,38.32723],[141.10503,38.32773],[141.10441,38.32772],[141.10334,38.32854],[141.10312,38.32893],[141.10311,38.32932],[141.10166,38.33068],[141.1006,38.33035],[141.10001,38.33097],[141.10011,38.33117],[141.09995,38.33134],[141.09944,38.33152],[141.09831,38.33139],[141.09806,38.33157],[141.09815,38.33111],[141.09788,38.33111],[141.09779,38.33156],[141.09826,38.33187],[141.0982,38.33226],[141.09782,38.33245],[141.09655,38.33266],[141.09494,38.33244],[141.09487,38.33267],[141.09555,38.33303],[141.09553,38.33345],[141.09584,38.33372],[141.09551,38.33414],[141.09562,38.33497],[141.09671,38.33503],[141.09734,38.33455]]]},"properties":{"key":"042030620","name":"浦戸石浜","pref":"宮城県","prefCode":"04","municipality":"塩竈市","areaM2":331459.238,"population":28,"toponymIds":["04-de64a78888","04-797ec6428a"]}},{"type":"Feature","geometry":{"type":"Polygon","coordinates":[[[141.08686,38.32804],[141.08671,38.32822],[141.08699,38.32819],[141.08686,38.32804]]]},"properties":{"key":"042030610","name":"浦戸桂島","pref":"宮城県","prefCode":"04","municipality":"塩竈市","areaM2":384.627,"population":0,"toponymIds":["04-b886df4404","04-8d70590790"]}},{"type":"Feature","geometry":{"type":"Polygon","coordinates":[[[141.0248,38.31981],[141.02502,38.31923],[141.02728,38.31983],[141.02802,38.31979],[141.02798,38.31899],[141.02701,38.31894],[141.02573,38.31864],[141.02603,38.31784],[141.02273,38.31711],[141.02261,38.31759],[141.02177,38.31704],[141.02011,38.31551],[141.01987,38.31558],[141.02035,38.31757],[141.02031,38.31876],[141.02076,38.31863],[141.02433,38.3199],[141.0248,38.31981]]]},"properties":{"key":"042030010","name":"海岸通","pref":"宮城県","prefCode":"04","municipality":"塩竈市","areaM2":136990.225,"population":368,"toponymIds":["04-641bd477a5"]}},{"type":"Feature","geometry":{"type":"Polygon","coordinates":[[[141.03756,38.33124],[141.03782,38.33123],[141.03766,38.33101],[141.03675,38.33048],[141.03643,38.33001],[141.03602,38.32795],[141.03552,38.328],[141.03472,38.32775],[141.03333,38.32783],[141.03303,38.32819],[141.03277,38.32813],[141.03258,38.32852],[141.03179,38.32836],[141.03093,38.3287],[141.03163,38.32897],[141.03133,38.32978],[141.03608,38.33244],[141.03756,38.33124]]]},"properties":{"key":"04203058001","name":"杉の入一丁目","pref":"宮城県","prefCode":"04","municipality":"塩竈市","areaM2":160722.357,"population":753,"toponymIds":["04-37e195496e"]}},{"type":"Feature","geometry":{"type":"Polygon","coordinates":[[[141.02562,38.32817],[141.02709,38.32505],[141.02645,38.32489],[141.02601,38.32537],[141.02532,38.32518],[141.02499,38.32548],[141.02389,38.32526],[141.02377,38.32491],[141.02337,38.32484],[141.02262,38.32523],[141.02157,38.32546],[141.02113,38.32593],[141.021,38.32647],[141.02081,38.32637],[141.02058,38.32665],[141.02062,38.32682],[141.0215,38.32714],[141.02281,38.32802],[141.02308,38.32781],[141.02309,38.32801],[141.02338,38.32797],[141.0234,38.32816],[141.02497,38.32898],[141.02562,38.32817]]]},"properties":{"key":"04203056001","name":"藤倉一丁目","pref":"宮城県","prefCode":"04","municipality":"塩竈市","areaM2":145003.005,"population":982,"toponymIds":["04-caf3af6210"]}},{"type":"Feature","geometry":{"type":"Polygon","coordinates":[[[141.53764,38.88311],[141.54148,38.88317],[141.54398,38.88266],[141.54557,38.88207],[141.5451,38.88152],[141.54387,38.88114],[141.54325,38.88054],[141.54458,38.8766],[141.54424,38.87643],[141.54361,38.87541],[141.54228,38.87423],[141.54218,38.87346],[141.54154,38.87305],[141.54134,38.87274],[141.54145,38.87226],[141.54074,38.87185],[141.54046,38.87124],[141.53901,38.87038],[141.53873,38.86957],[141.53797,38.87002],[141.53655,38.87033],[141.5324,38.87035],[141.53216,38.87114],[141.53016,38.87291],[141.52975,38.87361],[141.5289,38.87396],[141.5286,38.87453],[141.52676,38.87522],[141.52412,38.87674],[141.52329,38.87676],[141.52294,38.87694],[141.52261,38.8775],[141.52354,38.87875],[141.52421,38.87935],[141.53098,38.88308],[141.53346,38.88483],[141.53408,38.88568],[141.53764,38.88311]]]},"properties":{"key":"04205003013","name":"赤岩大石倉","pref":"宮城県","prefCode":"04","municipality":"気仙沼市","areaM2":1996868.331,"population":265,"toponymIds":["04-3423ca6532"]}},{"type":"Feature","geometry":{"type":"Polygon","coordinates":[[[141.60558,38.87765],[141.606,38.87763],[141.60639,38.87714],[141.60688,38.87727],[141.607,38.87706],[141.60753,38.87703],[141.60749,38.87647],[141.60781,38.87569],[141.60775,38.87486],[141.60851,38.87444],[141.61071,38.87195],[141.61095,38.87244],[141.61201,38.87244],[141.61245,38.87262],[141.61248,38.87285],[141.61269,38.87268],[141.6131,38.87177],[141.61335,38.87016],[141.61437,38.86855],[141.61439,38.86791],[141.61472,38.86703],[141.61407,38.86636],[141.61377,38.86551],[141.61276,38.86588],[141.61253,38.86554],[141.61229,38.86564],[141.61238,38.86579],[141.61187,38.86599],[141.61158,38.86564],[141.61166,38.86591],[141.60974,38.8662],[141.60961,38.86589],[141.60968,38.86632],[141.60711,38.86689],[141.60572,38.86786],[141.60581,38.86909],[141.6047,38.86896],[141.6058,38.86912],[141.60571,38.86934],[141.6049,38.86983],[141.60478,38.86977],[141.60488,38.86985],[141.60464,38.87022],[141.60418,38.87033],[141.60386,38.87024],[141.60297,38.87055],[141.60247,38.87121],[141.60255,38.87154],[141.60267,38.87155],[141.60239,38.87189],[141.60252,38.87198],[141.60237,38.87242],[141.60204,38.87293],[141.60165,38.87317],[141.6014,38.87381],[141.60198,38.87399],[141.60378,38.87528],[141.6037,38.8755],[141.60405,38.8758],[141.60462,38.87688],[141.60463,38.87712],[141.60442,38.87731],[141.60528,38.87772],[141.60558,38.87765]]]},"properties":{"key":"04205006009","name":"磯草","pref":"宮城県","prefCode":"04","municipality":"気仙沼市","areaM2":795203.123,"population":137,"toponymIds":["04-cc5f9dfbe7","04-f29454d895"]}},{"type":"Feature","geometry":{"type":"Polygon","coordinates":[[[141.65377,38.88965],[141.65395,38.88927],[141.65504,38.88904],[141.65548,38.88879],[141.65626,38.88891],[141.6569,38.88951],[141.65866,38.88895],[141.6624,38.8887],[141.66175,38.88856],[141.66075,38.8877],[141.65965,38.88729],[141.65925,38.88629],[141.65964,38.8857],[141.65941,38.88524],[141.65829,38.88513],[141.65683,38.88533],[141.65661,38.88557],[141.65628,38.8856],[141.65522,38.88532],[141.65401,38.88527],[141.65349,38.88479],[141.65264,38.88482],[141.65157,38.88521],[141.65146,38.88574],[141.65269,38.88573],[141.65353,38.88614],[141.65414,38.8862],[141.65459,38.8865],[141.65487,38.88714],[141.65312,38.88789],[141.65266,38.8885],[141.6527,38.88888],[141.65253,38.88929],[141.65273,38.88973],[141.65377,38.88965]]]},"properties":{"key":"04205016004","name":"唐桑町欠浜","pref":"宮城県","prefCode":"04","municipality":"気仙沼市","areaM2":260542.359,"population":177,"toponymIds":["04-1bb1ab1a01","04-9a1f556eae","04-b5262bd78b"]}},{"type":"Feature","geometry":{"type":"Polygon","coordinates":[[[141.67116,38.87005],[141.67107,38.86953],[141.67056,38.86945],[141.67015,38.86958],[141.67039,38.87004],[141.67116,38.87005]]]},"properties":{"key":"04205018001","name":"唐桑町神の倉","pref":"宮城県","prefCode":"04","municipality":"気仙沼市","areaM2":5364.346,"population":0,"toponymIds":["04-8a019d687e"]}},{"type":"Feature","geometry":{"type":"Polygon","coordinates":[[[141.65205,38.90895],[141.65195,38.90881],[141.65232,38.90876],[141.65175,38.90787],[141.65233,38.90714],[141.65281,38.90711],[141.65313,38.90686],[141.65367,38.9071],[141.65461,38.90716],[141.65477,38.90703],[141.65372,38.90596],[141.65211,38.9049],[141.65229,38.90436],[141.65182,38.90423],[141.65121,38.90325],[141.65112,38.90283],[141.65128,38.90236],[141.65172,38.90216],[141.65179,38.90193],[141.65215,38.90186],[141.65239,38.90154],[141.6528,38.90144],[141.65176,38.90091],[141.651,38.90074],[141.65011,38.90085],[141.64913,38.90121],[141.64833,38.90124],[141.64751,38.90092],[141.64695,38.90091],[141.64676,38.9007],[141.6467,38.90024],[141.64617,38.90057],[141.6454,38.90063],[141.64537,38.90103],[141.64508,38.90121],[141.64442,38.90116],[141.64434,38.90077],[141.64453,38.90042],[141.64375,38.90074],[141.6441,38.90144],[141.64431,38.9024],[141.64431,38.90336],[141.6446,38.90409],[141.64447,38.90431],[141.64607,38.90467],[141.64643,38.90492],[141.64659,38.90538],[141.64793,38.90598],[141.64834,38.90653],[141.64926,38.90894],[141.65061,38.90866],[141.65085,38.90877],[141.65098,38.90919],[141.65113,38.90922],[141.65118,38.90901],[141.65143,38.9089],[141.65195,38.90932],[141.65218,38.90923],[141.65205,38.90895]]]},"properties":{"key":"04205011001","name":"唐桑町馬場","pref":"宮城県","prefCode":"04","municipality":"気仙沼市","areaM2":460574.903,"population":285,"toponymIds":["04-fbd4734cf1","04-4d0e1f6bfb"]}},{"type":"Feature","geometry":{"type":"Polygon","coordinates":[[[141.54016,38.90865],[141.54089,38.90863],[141.54149,38.90882],[141.54334,38.91011],[141.54743,38.91014],[141.54845,38.90579],[141.54741,38.90586],[141.54405,38.90546],[141.54332,38.90519],[141.54321,38.90442],[141.54275,38.90416],[141.54033,38.90473],[141.53924,38.90438],[141.53804,38.90427],[141.53768,38.90443],[141.53753,38.90546],[141.53674,38.906],[141.53535,38.90645],[141.53416,38.90627],[141.53262,38.90645],[141.53099,38.9073],[141.53033,38.90726],[141.52921,38.90634],[141.52892,38.90617],[141.52855,38.90621],[141.52883,38.90674],[141.52897,38.90772],[141.52888,38.90887],[141.52926,38.90968],[141.52928,38.91031],[141.53102,38.91095],[141.53192,38.91156],[141.5341,38.91345],[141.5355,38.91513],[141.53755,38.91499],[141.53846,38.91436],[141.53915,38.91288],[141.53968,38.90917],[141.54016,38.90865]]]},"properties":{"key":"04205004003","name":"川原崎","pref":"宮城県","prefCode":"04","municipality":"気仙沼市","areaM2":1069953.954,"population":527,"toponymIds":["04-8c901f41bd"]}},{"type":"Feature","geometry":{"type":"Polygon","coordinates":[[[141.57481,38.90171],[141.57584,38.90188],[141.57625,38.90211],[141.57739,38.90156],[141.57715,38.90084],[141.57785,38.90089],[141.57787,38.90042],[141.57759,38.90009],[141.57756,38.89974],[141.57496,38.90109],[141.57452,38.9017],[141.57468,38.90212],[141.57464,38.90179],[141.57481,38.90171]]]},"properties":{"key":"04205050001","name":"河原田一丁目","pref":"宮城県","prefCode":"04","municipality":"気仙沼市","areaM2":37368.085,"population":189,"toponymIds":["04-50b582a61e"]}},{"type":"Feature","geometry":{"type":"Polygon","coordinates":[[[141.57814,38.91638],[141.57877,38.91613],[141.57884,38.91569],[141.57857,38.91577],[141.57857,38.91594],[141.57833,38.91609],[141.57646,38.91649],[141.57721,38.91673],[141.57814,38.91638]]]},"properties":{"key":"04205002003","name":"蔵底","pref":"宮城県","prefCode":"04","municipality":"気仙沼市","areaM2":6807.511,"population":4,"toponymIds":["04-67b2a6aab2"]}},{"type":"Feature","geometry":{"type":"Polygon","coordinates":[[[141.58084,38.84881],[141.58106,38.84611],[141.57875,38.84522],[141.57681,38.84477],[141.57641,38.84434],[141.57602,38.84292],[141.57624,38.84229],[141.57622,38.84183],[141.57574,38.84148],[141.57599,38.84029],[141.57637,38.84039],[141.57646,38.84011],[141.57413,38.83904],[141.57437,38.83873],[141.57298,38.83796],[141.57157,38.83847],[141.57078,38.83906],[141.57008,38.83837],[141.56857,38.83882],[141.5678,38.83938],[141.56772,38.83966],[141.56803,38.8402],[141.56672,38.8398],[141.56628,38.83862],[141.56588,38.83848],[141.56481,38.83855],[141.56496,38.83966],[141.56522,38.83984],[141.56504,38.8405],[141.56423,38.84144],[141.56456,38.84302],[141.56348,38.84422],[141.56387,38.84505],[141.56382,38.84558],[141.56328,38.84616],[141.56334,38.84659],[141.56316,38.84743],[141.56476,38.84745],[141.56619,38.84815],[141.56816,38.84827],[141.56967,38.84782],[141.56958,38.84758],[141.56993,38.84718],[141.57267,38.84771],[141.57306,38.84811],[141.57349,38.84799],[141.57507,38.84809],[141.57663,38.84854],[141.57858,38.84819],[141.58084,38.84881]]]},"properties":{"key":"04205005011","name":"長磯大窪","pref":"宮城県","prefCode":"04","municipality":"気仙沼市","areaM2":1181698.304,"population":558,"toponymIds":["04-ae1a19a94d"]}},{"type":"Feature","geometry":{"type":"Polygon","coordinates":[[[141.58571,38.84055],[141.58708,38.84065],[141.58807,38.84111],[141.58871,38.84044],[141.58906,38.83881],[141.58923,38.83883],[141.58947,38.8379],[141.59069,38.83806],[141.5907,38.8383],[141.59102,38.83763],[141.5907,38.83805],[141.58948,38.83787],[141.58967,38.83778],[141.58935,38.83775],[141.58942,38.83753],[141.59015,38.83626],[141.58915,38.836],[141.58826,38.83624],[141.58828,38.83581],[141.58734,38.83455],[141.58413,38.83626],[141.58458,38.83721],[141.58423,38.83726],[141.58433,38.83758],[141.58385,38.83772],[141.58383,38.83815],[141.58344,38.83819],[141.58361,38.83867],[141.58302,38.8389],[141.58301,38.83955],[141.58199,38.8394],[141.58142,38.83971],[141.58189,38.84028],[141.58236,38.84135],[141.58305,38.84192],[141.58333,38.84184],[141.58336,38.84136],[141.585,38.84062],[141.58571,38.84055]]]},"properties":{"key":"04205005008","name":"長磯七半沢","pref":"宮城県","prefCode":"04","municipality":"気仙沼市","areaM2":312025.435,"population":590,"toponymIds":["04-b182a56175"]}},{"type":"Feature","geometry":{"type":"Polygon","coordinates":[[[141.58281,38.84878],[141.58314,38.84864],[141.58309,38.84844],[141.58352,38.84748],[141.58416,38.84684],[141.58477,38.84579],[141.58521,38.84603],[141.58554,38.84567],[141.58572,38.84578],[141.58584,38.84564],[141.58333,38.84326],[141.58302,38.84234],[141.58305,38.84192],[141.58236,38.84135],[141.58165,38.83994],[141.5805,38.83873],[141.57936,38.8391],[141.5796,38.83971],[141.57922,38.83979],[141.57901,38.83936],[141.57847,38.83942],[141.57855,38.83983],[141.57646,38.84011],[141.57637,38.84039],[141.57599,38.84029],[141.57574,38.84148],[141.57622,38.84183],[141.57624,38.84229],[141.57602,38.84292],[141.57641,38.84434],[141.57681,38.84477],[141.57875,38.84522],[141.58106,38.84611],[141.58094,38.84765],[141.58157,38.84791],[141.58155,38.84877],[141.58281,38.84878]]]},"properties":{"key":"04205005010","name":"長磯鳥子沢","pref":"宮城県","prefCode":"04","municipality":"気仙沼市","areaM2":486339.941,"population":816,"toponymIds":["04-7260aa4f5b"]}},{"type":"Feature","geometry":{"type":"Polygon","coordinates":[[[141.57806,38.8326],[141.5795,38.83252],[141.57966,38.83316],[141.58443,38.83066],[141.58445,38.83035],[141.58538,38.82913],[141.58566,38.82848],[141.58569,38.82814],[141.58529,38.82773],[141.58519,38.82716],[141.58534,38.82639],[141.58511,38.82614],[141.58569,38.82461],[141.58418,38.82474],[141.58419,38.82594],[141.58236,38.8262],[141.57829,38.82754],[141.57744,38.82751],[141.57609,38.82843],[141.57508,38.82878],[141.57579,38.82891],[141.57563,38.82933],[141.57687,38.82975],[141.57677,38.83044],[141.57618,38.83073],[141.5747,38.83073],[141.57274,38.8325],[141.57045,38.83388],[141.57231,38.83604],[141.57792,38.83314],[141.57783,38.83263],[141.57806,38.8326]]]},"properties":{"key":"04205005001","name":"長磯中原","pref":"宮城県","prefCode":"04","municipality":"気仙沼市","areaM2":650797.609,"population":102,"toponymIds":["04-04b72211f5"]}},{"type":"Feature","geometry":{"type":"Polygon","coordinates":[[[141.56958,38.83853],[141.57008,38.83837],[141.57078,38.83906],[141.57157,38.83847],[141.57298,38.83796],[141.57437,38.83873],[141.57413,38.83904],[141.57646,38.84011],[141.57855,38.83983],[141.57847,38.83942],[141.57901,38.83936],[141.57922,38.83979],[141.5796,38.83971],[141.57936,38.8391],[141.5805,38.83873],[141.58142,38.83971],[141.58199,38.8394],[141.58301,38.83955],[141.58302,38.8389],[141.58361,38.83867],[141.58344,38.83819],[141.58383,38.83815],[141.58385,38.83772],[141.58433,38.83758],[141.58423,38.83726],[141.58458,38.83721],[141.5846,38.83704],[141.58433,38.83684],[141.58413,38.83626],[141.58291,38.83489],[141.57996,38.83566],[141.57858,38.83624],[141.57792,38.83314],[141.57231,38.83604],[141.57045,38.83388],[141.56958,38.83413],[141.56888,38.83398],[141.5689,38.83426],[141.56875,38.8343],[141.56839,38.83426],[141.5683,38.83409],[141.56794,38.83413],[141.56647,38.83512],[141.56606,38.83582],[141.56639,38.83643],[141.56481,38.83855],[141.56588,38.83848],[141.56628,38.83862],[141.56672,38.8398],[141.56803,38.8402],[141.56772,38.83966],[141.5678,38.83938],[141.56857,38.83882],[141.56958,38.83853]]]},"properties":{"key":"04205005007","name":"長磯牧通","pref":"宮城県","prefCode":"04","municipality":"気仙沼市","areaM2":752340.648,"population":780,"toponymIds":["04-8dcca5296b"]}},{"type":"Feature","geometry":{"type":"Polygon","coordinates":[[[141.5903,38.83601],[141.59055,38.83549],[141.59233,38.8359],[141.59313,38.83584],[141.59233,38.83588],[141.59086,38.83556],[141.59102,38.83511],[141.59043,38.83499],[141.59068,38.83443],[141.5906,38.83432],[141.59275,38.83332],[141.59444,38.83414],[141.59459,38.83409],[141.59455,38.83421],[141.59511,38.83428],[141.59524,38.83386],[141.5949,38.83362],[141.59468,38.83287],[141.5935,38.83087],[141.58881,38.8328],[141.58844,38.83262],[141.58693,38.83278],[141.5881,38.83413],[141.58734,38.83455],[141.58828,38.83581],[141.58826,38.83624],[141.58915,38.836],[141.59015,38.83626],[141.5903,38.83601]]]},"properties":{"key":"04205005006","name":"波路上内田","pref":"宮城県","prefCode":"04","municipality":"気仙沼市","areaM2":195794.827,"population":34,"toponymIds":["04-f095c59cb3"]}},{"type":"Feature","geometry":{"type":"Polygon","coordinates":[[[141.58208,38.87031],[141.57966,38.86667],[141.5785,38.86562],[141.57749,38.86562],[141.57667,38.86527],[141.57462,38.86548],[141.57328,38.86528],[141.57149,38.86456],[141.57079,38.8638],[141.56868,38.86381],[141.56607,38.86427],[141.56442,38.86393],[141.56294,38.86421],[141.56245,38.86407],[141.56214,38.86377],[141.56181,38.86403],[141.56158,38.8639],[141.56047,38.86434],[141.55892,38.86415],[141.55866,38.86437],[141.55957,38.8649],[141.56089,38.86617],[141.56252,38.86648],[141.56575,38.86658],[141.56689,38.86771],[141.56905,38.86853],[141.57059,38.86881],[141.57282,38.86898],[141.57362,38.86888],[141.57617,38.86809],[141.57713,38.86809],[141.58115,38.87005],[141.58208,38.87031]]]},"properties":{"key":"04205003027","name":"松崎上赤田","pref":"宮城県","prefCode":"04","municipality":"気仙沼市","areaM2":650439.64,"population":808,"toponymIds":["04-0799bc9ce0"]}},{"type":"Feature","geometry":{"type":"Polygon","coordinates":[[[141.57499,38.90616],[141.57558,38.90539],[141.57617,38.90521],[141.57564,38.90466],[141.57495,38.90512],[141.57406,38.90628],[141.5748,38.90638],[141.57499,38.90616]]]},"properties":{"key":"042050470","name":"南町海岸","pref":"宮城県","prefCode":"04","municipality":"気仙沼市","areaM2":12888.303,"population":0,"toponymIds":["04-1c2f9ec551"]}},{"type":"Feature","geometry":{"type":"Polygon","coordinates":[[[141.54657,38.83803],[141.54901,38.83794],[141.55092,38.83748],[141.55169,38.83771],[141.55225,38.8376],[141.55464,38.83767],[141.55615,38.83826],[141.55636,38.83798],[141.5575,38.83757],[141.55826,38.83697],[141.55921,38.83671],[141.56285,38.8374],[141.56541,38.83767],[141.56639,38.83643],[141.56606,38.83582],[141.56647,38.83512],[141.56794,38.83413],[141.5683,38.83409],[141.56839,38.83426],[141.56875,38.8343],[141.5689,38.83426],[141.56888,38.83398],[141.56934,38.83405],[141.56543,38.83042],[141.56478,38.83076],[141.56436,38.8314],[141.56307,38.83098],[141.56356,38.83015],[141.56366,38.82875],[141.56277,38.82869],[141.56151,38.82812],[141.5609,38.82754],[141.56145,38.82687],[141.56057,38.82642],[141.56033,38.82638],[141.55987,38.82668],[141.55833,38.82673],[141.55792,38.82735],[141.55774,38.8274],[141.55662,38.82709],[141.55555,38.82727],[141.55513,38.82701],[141.55483,38.82658],[141.55362,38.8261],[141.55306,38.82706],[141.55235,38.8273],[141.55153,38.82651],[141.55152,38.82581],[141.55121,38.82521],[141.55132,38.82491],[141.55174,38.82469],[141.55177,38.82385],[141.55204,38.82342],[141.55144,38.82342],[141.55059,38.82387],[141.54976,38.82394],[141.54716,38.82332],[141.54587,38.82283],[141.54541,38.82305],[141.54601,38.82415],[141.54612,38.82528],[141.5445,38.83821],[141.54535,38.8384],[141.54657,38.83803]]]},"properties":{"key":"04205022039","name":"本吉町石川原","pref":"宮城県","prefCode":"04","municipality":"気仙沼市","areaM2":2266524.568,"population":201,"toponymIds":["04-7925fca74f","04-41c141de7e"]}},{"type":"Feature","geometry":{"type":"Polygon","coordinates":[[[141.4897,38.78388],[141.49103,38.78382],[141.49218,38.78397],[141.49152,38.78173],[141.48835,38.78115],[141.48592,38.78114],[141.48183,38.77641],[141.48099,38.77669],[141.47963,38.77669],[141.47921,38.77705],[141.47898,38.77755],[141.47906,38.77801],[141.4797,38.77922],[141.4792,38.77982],[141.47889,38.78067],[141.47832,38.78081],[141.47526,38.78624],[141.47809,38.78678],[141.4806,38.78767],[141.48235,38.78858],[141.48501,38.78959],[141.48629,38.78947],[141.48826,38.78879],[141.4893,38.78819],[141.48986,38.78763],[141.49005,38.78713],[141.49006,38.78639],[141.48936,38.78559],[141.48932,38.78524],[141.48949,38.78409],[141.4897,38.78388]]]},"properties":{"key":"04205020012","name":"本吉町猪の鼻","pref":"宮城県","prefCode":"04","municipality":"気仙沼市","areaM2":1156743.155,"population":167,"toponymIds":["04-0df2d63e73"]}},{"type":"Feature","geometry":{"type":"Polygon","coordinates":[[[141.51732,38.76533],[141.5179,38.76542],[141.51862,38.76471],[141.51968,38.76511],[141.52011,38.7651],[141.52068,38.7646],[141.52002,38.76422],[141.52006,38.76389],[141.5213,38.76372],[141.52149,38.76355],[141.52142,38.76331],[141.52089,38.76321],[141.5207,38.76286],[141.52046,38.76293],[141.52006,38.76269],[141.51948,38.76158],[141.51951,38.76129],[141.52078,38.76108],[141.51957,38.76122],[141.51913,38.76054],[141.5198,38.75988],[141.51956,38.75935],[141.52042,38.7591],[141.52124,38.75859],[141.52284,38.75678],[141.52272,38.75612],[141.52209,38.75559],[141.52118,38.75556],[141.52102,38.75542],[141.52165,38.75476],[141.52179,38.75438],[141.52139,38.7536],[141.52084,38.75323],[141.52078,38.7524],[141.52139,38.75109],[141.52253,38.75066],[141.52341,38.74989],[141.52349,38.74946],[141.52337,38.74903],[141.52299,38.74871],[141.52268,38.74804],[141.52167,38.74888],[141.52113,38.74896],[141.51771,38.74864],[141.51731,38.74855],[141.51705,38.74826],[141.51689,38.74726],[141.51656,38.74689],[141.51528,38.74653],[141.51486,38.7465],[141.5137,38.74714],[141.51314,38.74721],[141.51235,38.74705],[141.51166,38.7466],[141.50885,38.74579],[141.50812,38.74529],[141.50585,38.74557],[141.50446,38.74531],[141.50292,38.74442],[141.50247,38.74403],[141.50196,38.74324],[141.50129,38.7427],[141.49999,38.7421],[141.49952,38.74363],[141.49859,38.74492],[141.49647,38.74612],[141.49623,38.74611],[141.49746,38.74676],[141.49834,38.74747],[141.49904,38.74912],[141.49989,38.75045],[141.50063,38.75115],[141.50169,38.75252],[141.50199,38.7525],[141.5027,38.75319],[141.50637,38.75391],[141.50681,38.75428],[141.50625,38.75545],[141.50682,38.75592],[141.50692,38.75618],[141.50644,38.75699],[141.5065,38.75717],[141.50702,38.75729],[141.50691,38.75817],[141.50646,38.75899],[141.50497,38.75987],[141.50471,38.7602],[141.50499,38.7613],[141.50658,38.76231],[141.50687,38.76316],[141.50745,38.76342],[141.50796,38.76394],[141.5087,38.76437],[141.50885,38.76488],[141.50985,38.76523],[141.51077,38.76515],[141.51126,38.76478],[141.51194,38.76459],[141.51259,38.76484],[141.5132,38.76535],[141.51367,38.7651],[141.51522,38.76547],[141.51592,38.76524],[141.51684,38.76549],[141.51732,38.76533]]]},"properties":{"key":"04205021002","name":"本吉町今朝磯","pref":"宮城県","prefCode":"04","municipality":"気仙沼市","areaM2":3204873.148,"population":173,"toponymIds":["04-77b7b539f2","04-1cd16d37d8"]}},{"type":"Feature","geometry":{"type":"Polygon","coordinates":[[[141.55495,38.84983],[141.55821,38.8485],[141.55851,38.84842],[141.55972,38.84875],[141.56084,38.84815],[141.56189,38.84804],[141.56224,38.84747],[141.56316,38.84743],[141.56334,38.84659],[141.56328,38.84616],[141.56382,38.84558],[141.56387,38.84505],[141.56348,38.84422],[141.56456,38.84302],[141.56423,38.84144],[141.5651,38.84038],[141.56522,38.83984],[141.56496,38.83966],[141.56481,38.83855],[141.56541,38.83767],[141.56285,38.8374],[141.55921,38.83671],[141.55826,38.83697],[141.5575,38.83757],[141.55636,38.83798],[141.55615,38.83826],[141.55464,38.83767],[141.55225,38.8376],[141.55169,38.83771],[141.55063,38.83747],[141.54933,38.8379],[141.54708,38.83797],[141.54535,38.8384],[141.5445,38.83821],[141.54385,38.84121],[141.54428,38.84403],[141.54441,38.84804],[141.54467,38.84945],[141.54631,38.84965],[141.54664,38.84951],[141.54758,38.8498],[141.54774,38.85036],[141.54878,38.85086],[141.54929,38.85092],[141.55319,38.84998],[141.55495,38.84983]]]},"properties":{"key":"04205022040","name":"本吉町菖蒲沢","pref":"宮城県","prefCode":"04","municipality":"気仙沼市","areaM2":2260642.927,"population":120,"toponymIds":["04-caecbf25ac","04-de7623c0b7"]}},{"type":"Feature","geometry":{"type":"Polygon","coordinates":[[[140.61966,38.01099],[140.61878,38.01059],[140.61382,38.00644],[140.61087,38.00499],[140.61058,38.006],[140.61131,38.00647],[140.61427,38.00988],[140.61929,38.01151],[140.61966,38.01099]]]},"properties":{"key":"042060140","name":"字中河原","pref":"宮城県","prefCode":"04","municipality":"白石市","areaM2":161167.042,"population":0,"toponymIds":["04-7baafd99ca"]}},{"type":"Feature","geometry":{"type":"Polygon","coordinates":[[[140.62641,38.01299],[140.62582,38.01217],[140.62576,38.01148],[140.62493,38.01127],[140.62439,38.01094],[140.62417,38.01206],[140.6252,38.01278],[140.62587,38.01288],[140.62632,38.01312],[140.62641,38.01299]]]},"properties":{"key":"042060300","name":"字北川原","pref":"宮城県","prefCode":"04","municipality":"白石市","areaM2":22812.283,"population":21,"toponymIds":["04-9f5e1ea106"]}},{"type":"Feature","geometry":{"type":"Polygon","coordinates":[[[140.62402,38.01224],[140.62504,38.01293],[140.6252,38.01278],[140.62417,38.01206],[140.62402,38.01224]]]},"properties":{"key":"042060280","name":"字外川原","pref":"宮城県","prefCode":"04","municipality":"白石市","areaM2":2782.519,"population":0,"toponymIds":["04-14a78ee94e"]}},{"type":"Feature","geometry":{"type":"Polygon","coordinates":[[[140.62747,38.01432],[140.62764,38.01422],[140.62833,38.01482],[140.62883,38.01505],[140.62895,38.01469],[140.62865,38.01414],[140.62795,38.01394],[140.62781,38.0136],[140.62676,38.01279],[140.62614,38.01258],[140.62641,38.01299],[140.62632,38.01312],[140.62544,38.01279],[140.6252,38.01278],[140.62508,38.01295],[140.62568,38.0131],[140.62552,38.01342],[140.62646,38.01384],[140.62636,38.01399],[140.62695,38.0144],[140.62666,38.01461],[140.6271,38.01487],[140.62686,38.01512],[140.62698,38.01519],[140.62768,38.01453],[140.62747,38.01432]]]},"properties":{"key":"042060310","name":"字柳川原","pref":"宮城県","prefCode":"04","municipality":"白石市","areaM2":33886.608,"population":106,"toponymIds":["04-89ac763e84"]}},{"type":"Feature","geometry":{"type":"Polygon","coordinates":[[[140.93069,38.17477],[140.93083,38.1745],[140.93073,38.17376],[140.93034,38.17358],[140.93039,38.17317],[140.92972,38.17256],[140.92915,38.17135],[140.92927,38.17101],[140.92906,38.1706],[140.9291,38.1703],[140.92871,38.16986],[140.92889,38.16929],[140.9285,38.16705],[140.92837,38.16498],[140.92712,38.16216],[140.92697,38.16154],[140.92722,38.16101],[140.92458,38.16074],[140.92114,38.16182],[140.92036,38.16289],[140.91953,38.16334],[140.91757,38.16496],[140.91677,38.16529],[140.91732,38.16539],[140.91746,38.16604],[140.91781,38.16623],[140.91877,38.16748],[140.91933,38.16889],[140.91949,38.16999],[140.92088,38.1709],[140.92117,38.17154],[140.92214,38.17261],[140.92469,38.17467],[140.92576,38.17497],[140.92648,38.17536],[140.92702,38.176],[140.92786,38.17628],[140.92887,38.17637],[140.92934,38.17599],[140.93013,38.17586],[140.93069,38.17477]]]},"properties":{"key":"042070220","name":"牛野","pref":"宮城県","prefCode":"04","municipality":"名取市","areaM2":1198395.382,"population":167,"toponymIds":["04-885a6af507"]}},{"type":"Feature","geometry":{"type":"Polygon","coordinates":[[[140.95458,38.17668],[140.95852,38.17502],[140.95834,38.17472],[140.95721,38.17457],[140.95559,38.17071],[140.95534,38.17078],[140.95516,38.17035],[140.95536,38.1703],[140.95516,38.16982],[140.95429,38.17003],[140.9502,38.16646],[140.94835,38.16703],[140.94874,38.16861],[140.94941,38.17019],[140.9467,38.17048],[140.94619,38.17107],[140.94588,38.17126],[140.94561,38.17122],[140.94562,38.17175],[140.94867,38.17366],[140.94737,38.17493],[140.94875,38.17644],[140.94846,38.17673],[140.94363,38.17931],[140.94507,38.18076],[140.94838,38.17972],[140.9508,38.17851],[140.95402,38.17735],[140.95457,38.17691],[140.95448,38.17673],[140.95458,38.17668]]]},"properties":{"key":"042070250","name":"閖上","pref":"宮城県","prefCode":"04","municipality":"名取市","areaM2":896595.642,"population":463,"toponymIds":["04-472ddcf11f","04-c37dd92ed9","04-e76ebc3660","04-261b598743"]}},{"type":"Feature","geometry":{"type":"Polygon","coordinates":[[[140.98308,38.30063],[140.98331,38.29933],[140.98302,38.29805],[140.9832,38.29357],[140.98222,38.29354],[140.98224,38.29283],[140.9767,38.29271],[140.97668,38.29203],[140.97369,38.29196],[140.97359,38.29471],[140.97096,38.29465],[140.97084,38.29779],[140.96246,38.29763],[140.96253,38.29957],[140.96239,38.30024],[140.96488,38.30105],[140.96775,38.301],[140.96768,38.30064],[140.96786,38.30061],[140.96792,38.30084],[140.96931,38.30055],[140.97245,38.30057],[140.97242,38.30034],[140.97324,38.30032],[140.97332,38.30054],[140.97925,38.30015],[140.98107,38.3003],[140.98287,38.30108],[140.98308,38.30063]]]},"properties":{"key":"042090040","name":"山王","pref":"宮城県","prefCode":"04","municipality":"多賀城市","areaM2":1123281.949,"population":3174,"toponymIds":["04-dd20f2936b","04-acfec83132"]}},{"type":"Feature","geometry":{"type":"Polygon","coordinates":[[[140.97494,38.30984],[140.97511,38.30957],[140.97577,38.30955],[140.97584,38.30886],[140.97616,38.30827],[140.9749,38.30695],[140.9775,38.30492],[140.97804,38.30469],[140.97864,38.30491],[140.97946,38.30347],[140.97991,38.30299],[140.98203,38.30308],[140.98277,38.30263],[140.983,38.30175],[140.98301,38.30121],[140.98287,38.30108],[140.98107,38.3003],[140.97968,38.30015],[140.97332,38.30054],[140.97324,38.30032],[140.97242,38.30034],[140.97245,38.30057],[140.96931,38.30055],[140.96792,38.30084],[140.96786,38.30061],[140.96768,38.30064],[140.96775,38.301],[140.96597,38.30108],[140.96488,38.30105],[140.96201,38.3002],[140.95961,38.30031],[140.96015,38.30156],[140.9605,38.30155],[140.96057,38.30239],[140.96039,38.3024],[140.96043,38.30296],[140.96093,38.30293],[140.96231,38.30438],[140.95994,38.30583],[140.96286,38.30957],[140.96856,38.3094],[140.9744,38.30991],[140.97494,38.30984]]]},"properties":{"key":"042090050","name":"南宮","pref":"宮城県","prefCode":"04","municipality":"多賀城市","areaM2":1533536.737,"population":919,"toponymIds":["04-18684c5e9b"]}},{"type":"Feature","geometry":{"type":"Polygon","coordinates":[[[140.95931,38.30027],[140.96239,38.30024],[140.96253,38.29957],[140.96246,38.29763],[140.97084,38.29779],[140.97096,38.29465],[140.97359,38.29471],[140.97369,38.29196],[140.97668,38.29203],[140.97677,38.2885],[140.97118,38.28837],[140.97125,38.28625],[140.97004,38.28619],[140.97007,38.2863],[140.96975,38.28639],[140.96862,38.2863],[140.96776,38.28662],[140.96619,38.28687],[140.96636,38.28671],[140.96578,38.2866],[140.96609,38.28643],[140.96615,38.28602],[140.96575,38.28613],[140.96566,38.28597],[140.96718,38.28529],[140.96789,38.28451],[140.96804,38.28419],[140.96779,38.28411],[140.96703,38.28483],[140.96618,38.28535],[140.96397,38.28582],[140.96272,38.28642],[140.9621,38.28734],[140.96159,38.28887],[140.96123,38.28931],[140.96049,38.28995],[140.95863,38.29018],[140.95871,38.29091],[140.96013,38.29197],[140.96058,38.29254],[140.9606,38.29336],[140.96025,38.29406],[140.95939,38.29485],[140.9584,38.29491],[140.95694,38.29474],[140.95562,38.29565],[140.9564,38.29686],[140.95632,38.29744],[140.95671,38.29757],[140.95641,38.29781],[140.95641,38.298],[140.95672,38.2979],[140.95699,38.2982],[140.95667,38.29881],[140.95669,38.29926],[140.95683,38.29927],[140.9567,38.29954],[140.95688,38.29978],[140.957,38.30065],[140.95931,38.30027]]]},"properties":{"key":"042090010","name":"新田","pref":"宮城県","prefCode":"04","municipality":"多賀城市","areaM2":1700207.128,"population":4749,"toponymIds":["04-6a80e2c610","04-2cec48aa93"]}},{"type":"Feature","geometry":{"type":"Polygon","coordinates":[[[140.86819,38.13246],[140.86771,38.13135],[140.8666,38.13144],[140.86621,38.12845],[140.86658,38.12841],[140.86629,38.12719],[140.86461,38.12814],[140.86452,38.12758],[140.84843,38.12936],[140.84359,38.12928],[140.84134,38.13002],[140.8409,38.13038],[140.84028,38.13047],[140.83887,38.13114],[140.83759,38.13114],[140.83581,38.13169],[140.83587,38.13197],[140.83534,38.13278],[140.83558,38.1332],[140.83593,38.1332],[140.8362,38.133],[140.83659,38.13322],[140.83625,38.1337],[140.83638,38.13404],[140.83691,38.13371],[140.83746,38.13386],[140.83963,38.13397],[140.84258,38.13458],[140.84321,38.13452],[140.84375,38.13394],[140.84492,38.13376],[140.84488,38.13359],[140.8453,38.1334],[140.84518,38.13318],[140.8453,38.13314],[140.85145,38.13305],[140.85259,38.13247],[140.85702,38.13289],[140.85813,38.13258],[140.8618,38.1328],[140.8634,38.13241],[140.86376,38.13356],[140.86403,38.1353],[140.86634,38.13827],[140.86731,38.14087],[140.87135,38.13916],[140.86819,38.13246]]]},"properties":{"key":"042110310","name":"小川","pref":"宮城県","prefCode":"04","municipality":"岩沼市","areaM2":1597165.954,"population":300,"toponymIds":["04-921c3fc134","04-825f8c4200","04-5505c8d990","04-718149bc7e"]}},{"type":"Feature","geometry":{"type":"Polygon","coordinates":[[[140.79853,38.14777],[140.79851,38.14748],[140.79783,38.14702],[140.79779,38.14651],[140.79957,38.1451],[140.80108,38.14447],[140.80428,38.14418],[140.80628,38.14238],[140.81082,38.14025],[140.81138,38.14014],[140.81183,38.13963],[140.81174,38.13915],[140.81193,38.13877],[140.81303,38.13902],[140.81422,38.13892],[140.81557,38.13929],[140.81682,38.139],[140.81808,38.13903],[140.81871,38.13877],[140.8203,38.13853],[140.82082,38.13813],[140.82168,38.13816],[140.82209,38.13796],[140.82245,38.13817],[140.82307,38.13801],[140.82429,38.13805],[140.82453,38.13819],[140.82507,38.13805],[140.82616,38.13817],[140.82648,38.138],[140.82703,38.13802],[140.82761,38.13767],[140.82797,38.13781],[140.82885,38.13769],[140.82954,38.13716],[140.83044,38.13774],[140.83214,38.13755],[140.83251,38.1368],[140.83256,38.1361],[140.83347,38.13515],[140.83435,38.13496],[140.83542,38.13508],[140.83615,38.13488],[140.8365,38.13455],[140.83625,38.1337],[140.83659,38.13322],[140.8362,38.133],[140.83593,38.1332],[140.83558,38.1332],[140.83534,38.13278],[140.83587,38.13197],[140.83564,38.13143],[140.83659,38.13096],[140.83783,38.13075],[140.83794,38.13038],[140.83736,38.12974],[140.83709,38.12968],[140.83628,38.1299],[140.8335,38.12947],[140.83234,38.12898],[140.83086,38.12892],[140.82847,38.12525],[140.82755,38.1245],[140.82651,38.12419],[140.82627,38.12351],[140.82686,38.12283],[140.82706,38.12211],[140.82708,38.12115],[140.82685,38.12075],[140.82609,38.12139],[140.82588,38.12192],[140.8255,38.12212],[140.82465,38.12189],[140.8241,38.12197],[140.82342,38.12276],[140.8227,38.12317],[140.82244,38.12344],[140.82235,38.12394],[140.82132,38.12506],[140.82075,38.12598],[140.81861,38.12676],[140.81577,38.12675],[140.81291,38.1274],[140.81096,38.12704],[140.81025,38.1271],[140.80866,38.12663],[140.80634,38.12698],[140.80605,38.12687],[140.80506,38.12606],[140.80477,38.12542],[140.80424,38.12531],[140.80405,38.12484],[140.80276,38.1236],[140.80203,38.12234],[140.80098,38.12178],[140.79961,38.12158],[140.79799,38.12175],[140.79623,38.12146],[140.79261,38.12387],[140.78966,38.12439],[140.78955,38.12489],[140.78927,38.1249],[140.78887,38.12583],[140.78721,38.12514],[140.78554,38.1255],[140.78484,38.12517],[140.78465,38.12569],[140.78424,38.12611],[140.78021,38.1256],[140.77995,38.12706],[140.7805,38.12736],[140.77885,38.12834],[140.77736,38.12831],[140.77675,38.12855],[140.7774,38.1298],[140.77829,38.12993],[140.78004,38.13183],[140.77911,38.13234],[140.77963,38.1338],[140.78,38.13417],[140.7805,38.13436],[140.78105,38.13441],[140.78246,38.13417],[140.78313,38.1354],[140.78486,38.13646],[140.78569,38.1366],[140.7858,38.13689],[140.78686,38.13767],[140.787,38.1381],[140.78691,38.13849],[140.78632,38.14001],[140.78754,38.14106],[140.78812,38.14088],[140.78835,38.1417],[140.78906,38.14202],[140.78936,38.14424],[140.79073,38.14562],[140.79464,38.14762],[140.79544,38.14788],[140.79643,38.14772],[140.79709,38.14836],[140.79801,38.14829],[140.79853,38.14777]]]},"properties":{"key":"042110290","name":"志賀","pref":"宮城県","prefCode":"04","municipality":"岩沼市","areaM2":8346576.623,"population":295,"toponymIds":["04-da3cdd43e0","04-c952cfa1d7","04-58c61675db","04-dab6d7bfb4","04-e66d4a6c48","04-30fbaf6273"]}},{"type":"Feature","geometry":{"type":"Polygon","coordinates":[[[140.90822,38.14421],[140.90954,38.14404],[140.91145,38.14279],[140.91342,38.14246],[140.91487,38.14266],[140.91687,38.14356],[140.91747,38.14305],[140.91717,38.14286],[140.9175,38.14226],[140.91439,38.14009],[140.9178,38.13932],[140.91841,38.13989],[140.9186,38.1411],[140.91981,38.14272],[140.92075,38.14239],[140.92089,38.14254],[140.92198,38.14209],[140.91968,38.13855],[140.92035,38.13771],[140.92167,38.13776],[140.93158,38.13376],[140.93751,38.13279],[140.94167,38.13185],[140.94088,38.1289],[140.94011,38.12701],[140.93991,38.12595],[140.93802,38.12105],[140.93398,38.10851],[140.92639,38.10996],[140.92574,38.10984],[140.92261,38.1116],[140.9098,38.11773],[140.90935,38.11778],[140.903,38.117],[140.90239,38.1168],[140.90183,38.11583],[140.90146,38.11553],[140.90141,38.11527],[140.89817,38.114],[140.8968,38.11241],[140.89624,38.11215],[140.8961,38.11185],[140.89518,38.11114],[140.89482,38.11042],[140.89403,38.10969],[140.89252,38.10891],[140.89223,38.10863],[140.89205,38.10778],[140.882,38.10958],[140.88212,38.10996],[140.88328,38.11128],[140.88521,38.1127],[140.88271,38.11541],[140.88296,38.11572],[140.88306,38.11627],[140.88387,38.11755],[140.8844,38.1178],[140.88618,38.11784],[140.88842,38.11863],[140.88954,38.11872],[140.89078,38.11948],[140.89395,38.12283],[140.89472,38.12374],[140.89201,38.1246],[140.89665,38.13031],[140.90151,38.13688],[140.90094,38.13708],[140.9016,38.13819],[140.90221,38.1389],[140.90306,38.13944],[140.90277,38.13952],[140.90375,38.14047],[140.90368,38.14095],[140.90325,38.14184],[140.9043,38.14188],[140.90359,38.14255],[140.9038,38.1433],[140.90409,38.14348],[140.90514,38.14342],[140.90569,38.14373],[140.90658,38.14385],[140.90667,38.14404],[140.90822,38.14421]],[[140.92087,38.12656],[140.92051,38.12403],[140.91897,38.12455],[140.91527,38.12456],[140.91458,38.12502],[140.91328,38.12537],[140.9129,38.12456],[140.91078,38.12481],[140.91051,38.12403],[140.90967,38.12417],[140.90897,38.12209],[140.91725,38.11714],[140.91884,38.11702],[140.92279,38.12623],[140.92087,38.12656]]]},"properties":{"key":"042110072","name":"下野郷","pref":"宮城県","prefCode":"04","municipality":"岩沼市","areaM2":10953556.291,"population":1742,"toponymIds":["04-a9a6127fed","04-2ab2be9a8c"]}},{"type":"Feature","geometry":{"type":"Polygon","coordinates":[[[140.91366,38.10447],[140.91433,38.10436],[140.9198,38.1022],[140.92074,38.10213],[140.92054,38.10084],[140.91962,38.09931],[140.92412,38.0985],[140.92641,38.09769],[140.93044,38.09688],[140.93037,38.09611],[140.92786,38.08646],[140.91048,38.08773],[140.906,38.0885],[140.90376,38.08091],[140.90067,38.08373],[140.89494,38.0896],[140.89006,38.09358],[140.88692,38.09501],[140.88527,38.09534],[140.88342,38.09542],[140.88248,38.10142],[140.88528,38.10101],[140.88591,38.10079],[140.88618,38.10114],[140.88582,38.10214],[140.88775,38.10228],[140.88842,38.10263],[140.88941,38.10274],[140.8896,38.10378],[140.89188,38.10376],[140.89189,38.10442],[140.89236,38.10448],[140.8922,38.10563],[140.89243,38.10601],[140.89224,38.10648],[140.89231,38.10716],[140.89205,38.10778],[140.91366,38.10447]]]},"properties":{"key":"042110090","name":"早股","pref":"宮城県","prefCode":"04","municipality":"岩沼市","areaM2":6792159.093,"population":1010,"toponymIds":["04-8c4ecc2bf5","04-1c38387a29","04-ad55df425d"]}},{"type":"Feature","geometry":{"type":"Polygon","coordinates":[[[140.83203,38.12492],[140.83245,38.12469],[140.83324,38.1247],[140.83524,38.12424],[140.83619,38.12443],[140.83705,38.12433],[140.83744,38.12479],[140.83775,38.12487],[140.83927,38.12461],[140.84044,38.12495],[140.84093,38.12526],[140.84118,38.12563],[140.84131,38.12653],[140.84106,38.12718],[140.8416,38.12741],[140.84319,38.12732],[140.84481,38.12658],[140.84534,38.1265],[140.84718,38.12633],[140.84856,38.12647],[140.84962,38.12624],[140.84894,38.12543],[140.84955,38.12493],[140.84956,38.12465],[140.85145,38.12451],[140.85292,38.12347],[140.85237,38.12019],[140.85257,38.11933],[140.85321,38.11814],[140.85205,38.11805],[140.85212,38.1171],[140.85176,38.11664],[140.85187,38.11647],[140.85019,38.11569],[140.84955,38.11515],[140.84906,38.11508],[140.84873,38.11468],[140.8488,38.11379],[140.84842,38.11384],[140.84783,38.11424],[140.84731,38.11432],[140.84761,38.11465],[140.8476,38.11531],[140.84655,38.1159],[140.84735,38.11711],[140.8487,38.11778],[140.84971,38.11799],[140.84961,38.11803],[140.85017,38.11936],[140.84836,38.11946],[140.84826,38.11843],[140.84638,38.11893],[140.84672,38.11806],[140.84316,38.11714],[140.84295,38.11677],[140.84232,38.11655],[140.84166,38.11601],[140.84228,38.11556],[140.84311,38.11582],[140.84475,38.11596],[140.84519,38.11587],[140.84542,38.11562],[140.84588,38.11567],[140.84574,38.11453],[140.84534,38.1145],[140.84558,38.11108],[140.8451,38.11111],[140.84499,38.11159],[140.84464,38.11161],[140.84464,38.11248],[140.84505,38.11308],[140.8448,38.11317],[140.84479,38.11353],[140.84392,38.11353],[140.84391,38.11427],[140.84424,38.1145],[140.84428,38.1151],[140.84464,38.11512],[140.84445,38.11575],[140.84369,38.11533],[140.84319,38.11542],[140.84266,38.11526],[140.84251,38.11542],[140.84192,38.11525],[140.84101,38.11468],[140.84075,38.11405],[140.83997,38.11341],[140.84004,38.11304],[140.84046,38.11291],[140.84019,38.11263],[140.83946,38.11291],[140.83912,38.11256],[140.8387,38.11309],[140.8345,38.11272],[140.83412,38.11227],[140.83407,38.11172],[140.83308,38.11164],[140.83258,38.11099],[140.83195,38.11098],[140.83165,38.11113],[140.83101,38.11093],[140.83024,38.11098],[140.82853,38.11169],[140.82725,38.11151],[140.82722,38.11121],[140.82689,38.1112],[140.82598,38.11161],[140.82578,38.11235],[140.82501,38.11253],[140.82447,38.11307],[140.82406,38.11423],[140.82417,38.11478],[140.82401,38.11528],[140.8258,38.1166],[140.82568,38.11694],[140.82491,38.11742],[140.82446,38.11795],[140.82489,38.11835],[140.82484,38.11891],[140.82574,38.11951],[140.82622,38.11932],[140.82711,38.11971],[140.82716,38.12037],[140.82685,38.12075],[140.82708,38.12115],[140.82706,38.12211],[140.82686,38.12283],[140.8263,38.12341],[140.8264,38.12393],[140.82655,38.12423],[140.82755,38.1245],[140.82847,38.12525],[140.83079,38.12881],[140.83285,38.1278],[140.83131,38.12654],[140.83122,38.1263],[140.83203,38.12492]]]},"properties":{"key":"042110350","name":"三色吉","pref":"宮城県","prefCode":"04","municipality":"岩沼市","areaM2":3090874.8,"population":2152,"toponymIds":["04-13e002942c","04-4691080289","04-87ff77f4db"]}},{"type":"Feature","geometry":{"type":"Polygon","coordinates":[[[140.85284,38.10325],[140.85651,38.10322],[140.8526,38.09863],[140.8542,38.09845],[140.85258,38.09589],[140.85188,38.09423],[140.85212,38.09371],[140.85268,38.09347],[140.85244,38.09268],[140.85268,38.0924],[140.85254,38.09129],[140.85293,38.08985],[140.8542,38.08892],[140.85652,38.08785],[140.85506,38.08495],[140.85612,38.08446],[140.85534,38.08367],[140.85527,38.08328],[140.85701,38.08059],[140.8553,38.08011],[140.85264,38.07964],[140.84842,38.07981],[140.84466,38.08032],[140.84205,38.08111],[140.83779,38.08307],[140.83564,38.08356],[140.83437,38.08369],[140.8344,38.08549],[140.83423,38.08579],[140.83406,38.08695],[140.83361,38.08747],[140.83313,38.08902],[140.83177,38.08911],[140.83184,38.08944],[140.83154,38.09007],[140.83167,38.09034],[140.83157,38.09046],[140.8309,38.09101],[140.82919,38.09168],[140.82851,38.09251],[140.82853,38.09295],[140.82914,38.0941],[140.82915,38.09554],[140.8295,38.09614],[140.82751,38.09715],[140.82513,38.0971],[140.82433,38.099],[140.82435,38.09925],[140.82878,38.09913],[140.82896,38.09885],[140.83163,38.09886],[140.83406,38.09945],[140.83421,38.0997],[140.83471,38.09989],[140.83518,38.10035],[140.83605,38.10074],[140.83718,38.10054],[140.83961,38.10092],[140.83979,38.10129],[140.84011,38.10147],[140.84228,38.10088],[140.84284,38.10126],[140.84411,38.10158],[140.84449,38.1028],[140.84539,38.1027],[140.84725,38.10326],[140.85284,38.10325]]]},"properties":{"key":"042110280","name":"南長谷","pref":"宮城県","prefCode":"04","municipality":"岩沼市","areaM2":4644313.057,"population":1114,"toponymIds":["04-3211015907"]}},{"type":"Feature","geometry":{"type":"Polygon","coordinates":[[[140.82531,38.96372],[140.82614,38.96301],[140.82747,38.96249],[140.83105,38.96067],[140.83252,38.95933],[140.83521,38.95842],[140.83658,38.95824],[140.83756,38.95773],[140.8379,38.957],[140.8379,38.95567],[140.83936,38.95175],[140.83987,38.95096],[140.84211,38.94918],[140.84762,38.94754],[140.85135,38.94571],[140.85271,38.94465],[140.85399,38.94398],[140.85634,38.94341],[140.86095,38.94194],[140.86456,38.94144],[140.86734,38.93858],[140.87234,38.93553],[140.87324,38.93356],[140.87395,38.93295],[140.87448,38.93211],[140.87591,38.9312],[140.87797,38.93046],[140.87843,38.93003],[140.87873,38.9303],[140.87906,38.93033],[140.88108,38.92975],[140.88124,38.92947],[140.88127,38.92841],[140.88159,38.92793],[140.88321,38.92804],[140.88361,38.92763],[140.88484,38.92738],[140.88541,38.92778],[140.88575,38.92826],[140.88667,38.92883],[140.88721,38.92894],[140.88837,38.92856],[140.88885,38.92824],[140.88984,38.92835],[140.89108,38.92791],[140.89309,38.92776],[140.89392,38.92748],[140.89633,38.92795],[140.89804,38.92797],[140.89837,38.92812],[140.89837,38.92839],[140.89858,38.92856],[140.89921,38.92863],[140.89999,38.92905],[140.90034,38.92905],[140.90079,38.92874],[140.90123,38.92869],[140.90361,38.92911],[140.90517,38.92867],[140.90616,38.92775],[140.90663,38.92755],[140.90735,38.92748],[140.90863,38.92772],[140.90951,38.92741],[140.91042,38.92747],[140.91207,38.92613],[140.91219,38.9255],[140.91291,38.92509],[140.91245,38.92448],[140.91239,38.92407],[140.91345,38.92214],[140.91286,38.92063],[140.91394,38.92016],[140.91435,38.92015],[140.91471,38.92052],[140.91509,38.92038],[140.91507,38.92003],[140.91446,38.91878],[140.91461,38.91798],[140.91427,38.91733],[140.91419,38.91684],[140.9154,38.91706],[140.91584,38.91648],[140.91631,38.91622],[140.91697,38.91668],[140.91781,38.91637],[140.92029,38.91634],[140.9208,38.9159],[140.92167,38.91436],[140.92197,38.91437],[140.92203,38.91625],[140.92234,38.91684],[140.9222,38.91856],[140.92322,38.91886],[140.92353,38.91975],[140.92413,38.92023],[140.92441,38.92127],[140.92635,38.92163],[140.92796,38.92087],[140.93019,38.92064],[140.93154,38.92031],[140.93112,38.91962],[140.93126,38.91876],[140.93085,38.91775],[140.93186,38.91714],[140.93249,38.91648],[140.93379,38.9165],[140.9341,38.91636],[140.93421,38.91603],[140.93412,38.91546],[140.93469,38.91509],[140.93783,38.91489],[140.93822,38.91514],[140.93854,38.91592],[140.93966,38.91627],[140.94064,38.91573],[140.94285,38.9153],[140.94358,38.91494],[140.94497,38.91308],[140.94443,38.91257],[140.94443,38.91213],[140.94579,38.91141],[140.94683,38.91041],[140.94838,38.91066],[140.94945,38.91135],[140.95068,38.90961],[140.95146,38.90951],[140.95286,38.90973],[140.95419,38.90973],[140.95541,38.90936],[140.95677,38.90856],[140.95759,38.90826],[140.95799,38.90774],[140.95895,38.90728],[140.95995,38.9064],[140.96074,38.90604],[140.96168,38.9059],[140.96147,38.90418],[140.96196,38.90227],[140.96361,38.90229],[140.96459,38.90211],[140.96582,38.90112],[140.96616,38.9004],[140.96616,38.89898],[140.96632,38.89872],[140.96718,38.89831],[140.96795,38.89639],[140.96937,38.89529],[140.97094,38.89466],[140.97078,38.89392],[140.97099,38.89352],[140.97096,38.89308],[140.97121,38.89226],[140.97233,38.89139],[140.97256,38.89081],[140.97242,38.89044],[140.97192,38.89006],[140.97158,38.88953],[140.97135,38.88846],[140.97033,38.88814],[140.97158,38.88734],[140.97233,38.88738],[140.97335,38.88702],[140.97413,38.88718],[140.97456,38.88709],[140.97484,38.88684],[140.97521,38.88595],[140.97681,38.88561],[140.97726,38.8851],[140.9777,38.88381],[140.9799,38.88378],[140.98049,38.88328],[140.98064,38.88295],[140.9806,38.88155],[140.98077,38.88135],[140.97819,38.87976],[140.97769,38.87913],[140.97708,38.87767],[140.97641,38.87716],[140.97443,38.87612],[140.97384,38.87547],[140.97176,38.87747],[140.97036,38.87842],[140.96877,38.87878],[140.96766,38.87872],[140.96641,38.8785],[140.96516,38.87804],[140.96248,38.87603],[140.9601,38.87349],[140.95624,38.87351],[140.95532,38.87739],[140.95528,38.8804],[140.95477,38.88178],[140.95273,38.88601],[140.95205,38.88827],[140.95209,38.88877],[140.95259,38.88931],[140.95336,38.88969],[140.95368,38.88963],[140.95488,38.88903],[140.95779,38.88702],[140.96325,38.88415],[140.96691,38.88255],[140.96921,38.88181],[140.97122,38.88138],[140.97407,38.88137],[140.97521,38.882],[140.97587,38.88313],[140.97589,38.88365],[140.97551,38.88444],[140.97465,38.88507],[140.96886,38.88727],[140.96809,38.88771],[140.9643,38.89119],[140.96271,38.89218],[140.961,38.89298],[140.95529,38.89467],[140.95059,38.89768],[140.94631,38.9],[140.9433,38.9011],[140.93969,38.90199],[140.93657,38.9038],[140.93506,38.90223],[140.9345,38.90142],[140.93411,38.90041],[140.93413,38.89941],[140.93473,38.89922],[140.93773,38.89998],[140.93889,38.89957],[140.93907,38.89941],[140.93906,38.89909],[140.93981,38.8987],[140.94123,38.89721],[140.94278,38.8948],[140.94343,38.89253],[140.94334,38.89067],[140.94385,38.88967],[140.9445,38.88914],[140.94541,38.88909],[140.94661,38.88939],[140.94742,38.8894],[140.94799,38.8888],[140.94895,38.8871],[140.94954,38.88434],[140.94934,38.88296],[140.94974,38.88183],[140.95044,38.88103],[140.95152,38.88032],[140.95194,38.8791],[140.95164,38.87763],[140.9511,38.87672],[140.94773,38.87668],[140.94752,38.88077],[140.9466,38.88167],[140.94423,38.88171],[140.94113,38.88241],[140.9384,38.88331],[140.92413,38.89041],[140.92267,38.89136],[140.91946,38.89396],[140.91862,38.89448],[140.91692,38.89517],[140.91542,38.89545],[140.91455,38.89539],[140.91207,38.89476],[140.91049,38.89369],[140.90899,38.89181],[140.90854,38.89176],[140.90242,38.8928],[140.89298,38.89334],[140.89056,38.89394],[140.8882,38.89601],[140.88507,38.89805],[140.88158,38.89993],[140.87943,38.90091],[140.87795,38.90113],[140.87713,38.90086],[140.87685,38.90041],[140.87654,38.90029],[140.87514,38.9004],[140.87464,38.90103],[140.87422,38.90125],[140.87414,38.90149],[140.87338,38.9018],[140.87254,38.90295],[140.87161,38.90352],[140.86391,38.90479],[140.85995,38.90362],[140.85866,38.90344],[140.85747,38.90393],[140.85474,38.90579],[140.85325,38.90637],[140.8519,38.90655],[140.85027,38.90651],[140.84568,38.906],[140.84459,38.90778],[140.84263,38.90851],[140.84134,38.90932],[140.84055,38.91066],[140.84018,38.91229],[140.84024,38.91324],[140.84108,38.9165],[140.8411,38.91991],[140.84149,38.92212],[140.84213,38.92448],[140.84293,38.92555],[140.84612,38.92884],[140.84641,38.92936],[140.8465,38.93084],[140.84627,38.93146],[140.84395,38.93492],[140.84014,38.93875],[140.83849,38.94008],[140.83583,38.94186],[140.83432,38.94233],[140.81866,38.94597],[140.81669,38.94915],[140.81696,38.95158],[140.81643,38.95263],[140.81605,38.95301],[140.80973,38.95643],[140.80823,38.95752],[140.8068,38.95901],[140.80574,38.96081],[140.80478,38.9631],[140.80545,38.9632],[140.8072,38.96299],[140.80938,38.96336],[140.80976,38.9635],[140.81057,38.96422],[140.8109,38.9643],[140.81264,38.96412],[140.81395,38.96429],[140.81543,38.96425],[140.81864,38.96385],[140.82053,38.96392],[140.82122,38.96372],[140.82468,38.96438],[140.82531,38.96372]]]},"properties":{"key":"04213045002","name":"栗駒沼倉","pref":"宮城県","prefCode":"04","municipality":"栗原市","areaM2":42596101.704,"population":154,"toponymIds":["04-4fe1fd8e8c"]}},{"type":"Feature","geometry":{"type":"Polygon","coordinates":[[[141.08193,38.7732],[141.06794,38.76756],[141.05938,38.76646],[141.05824,38.76532],[141.05405,38.76335],[141.05294,38.7631],[141.05237,38.76329],[141.04731,38.761],[141.04624,38.76241],[141.04797,38.7642],[141.04957,38.76852],[141.0506,38.76978],[141.05106,38.77014],[141.05332,38.77108],[141.06146,38.77196],[141.06284,38.77162],[141.06292,38.77132],[141.06369,38.77139],[141.06371,38.77124],[141.0642,38.7713],[141.06419,38.77167],[141.06507,38.77168],[141.06539,38.7715],[141.06717,38.77167],[141.06785,38.77195],[141.06823,38.77238],[141.06812,38.77246],[141.06876,38.7738],[141.06997,38.77452],[141.07369,38.77513],[141.07473,38.775],[141.07715,38.77528],[141.07805,38.77603],[141.0782,38.77581],[141.07929,38.77582],[141.08034,38.77611],[141.08027,38.77567],[141.08193,38.7732]]]},"properties":{"key":"04213075000","name":"志波姫刈敷","pref":"宮城県","prefCode":"04","municipality":"栗原市","areaM2":1769808.532,"population":0,"toponymIds":["04-b597af428e","04-36b2da9cbc","04-c995c752f4","04-9e78b7a2bb","04-dd4138e2d8"]}},{"type":"Feature","geometry":{"type":"Polygon","coordinates":[[[141.16765,38.44632],[141.16548,38.44496],[141.16328,38.44317],[141.16264,38.44297],[141.16076,38.44289],[141.16017,38.44264],[141.15828,38.44061],[141.15746,38.44033],[141.15729,38.44003],[141.15626,38.44017],[141.15434,38.44088],[141.15333,38.44071],[141.15195,38.4408],[141.15121,38.44034],[141.14857,38.4399],[141.14764,38.44048],[141.14726,38.44115],[141.14713,38.4419],[141.14819,38.44392],[141.1484,38.44462],[141.14876,38.4452],[141.14942,38.4456],[141.14982,38.44613],[141.14988,38.4464],[141.14841,38.44571],[141.14829,38.44673],[141.14879,38.44774],[141.14891,38.44878],[141.14982,38.44945],[141.1519,38.45043],[141.15391,38.4511],[141.15522,38.45063],[141.15507,38.45003],[141.1552,38.44985],[141.15654,38.45013],[141.16015,38.45272],[141.16059,38.45232],[141.16111,38.45267],[141.16255,38.45179],[141.1627,38.45141],[141.16319,38.45153],[141.16431,38.45237],[141.16574,38.45272],[141.16577,38.45296],[141.16624,38.45307],[141.16656,38.45289],[141.16636,38.45052],[141.16647,38.44924],[141.16683,38.44798],[141.16765,38.44632]]]},"properties":{"key":"042140500","name":"大塩","pref":"宮城県","prefCode":"04","municipality":"東松島市","areaM2":1694056.029,"population":181,"toponymIds":["04-d350205e8b","04-22970ff408"]}},{"type":"Feature","geometry":{"type":"Polygon","coordinates":[[[141.16293,38.42587],[141.16163,38.42513],[141.16177,38.42338],[141.16077,38.42226],[141.15973,38.42167],[141.15851,38.42167],[141.15644,38.41883],[141.15343,38.41821],[141.15165,38.4173],[141.15084,38.41612],[141.14959,38.41508],[141.14904,38.41421],[141.14743,38.41403],[141.14583,38.41294],[141.14543,38.41234],[141.14399,38.41263],[141.14281,38.41402],[141.14239,38.41559],[141.14256,38.41587],[141.14303,38.41625],[141.14494,38.41654],[141.14586,38.41808],[141.14657,38.41844],[141.14776,38.41857],[141.14922,38.41911],[141.15127,38.42115],[141.15144,38.42198],[141.15107,38.42285],[141.15276,38.42369],[141.15373,38.42499],[141.15445,38.42545],[141.1552,38.4265],[141.15599,38.42692],[141.15417,38.42781],[141.15534,38.42812],[141.15584,38.42877],[141.15611,38.42953],[141.15667,38.42935],[141.15692,38.42974],[141.15797,38.4304],[141.15831,38.43046],[141.15915,38.43042],[141.15957,38.43059],[141.16019,38.43021],[141.16082,38.43012],[141.16086,38.42975],[141.16035,38.42973],[141.1604,38.42945],[141.16173,38.42948],[141.16198,38.42929],[141.16146,38.4285],[141.16192,38.42794],[141.16261,38.42767],[141.16234,38.42709],[141.16262,38.42618],[141.16293,38.42587]]]},"properties":{"key":"042140080","name":"高松","pref":"宮城県","prefCode":"04","municipality":"東松島市","areaM2":1193045.366,"population":91,"toponymIds":["04-d594abdda2","04-ac4650e5f8"]}},{"type":"Feature","geometry":{"type":"Polygon","coordinates":[[[140.97419,38.56798],[140.97403,38.56747],[140.97062,38.56816],[140.9706,38.57044],[140.97489,38.57023],[140.97419,38.56798]]]},"properties":{"key":"04215110001","name":"古川旭一丁目","pref":"宮城県","prefCode":"04","municipality":"大崎市","areaM2":96483.122,"population":718,"toponymIds":["04-281987425d"]}},{"type":"Feature","geometry":{"type":"Polygon","coordinates":[[[140.91061,38.66095],[140.91158,38.66091],[140.91031,38.66076],[140.91017,38.6597],[140.90987,38.65907],[140.91222,38.65911],[140.91229,38.65863],[140.91323,38.65844],[140.91466,38.65786],[140.91686,38.6582],[140.918,38.65783],[140.91867,38.65716],[140.91975,38.65701],[140.92087,38.65654],[140.92138,38.65595],[140.92194,38.65562],[140.92435,38.65534],[140.92563,38.65458],[140.9264,38.6545],[140.92804,38.65393],[140.92936,38.65276],[140.93051,38.65335],[140.93179,38.65332],[140.93294,38.65304],[140.9337,38.65266],[140.93445,38.65271],[140.93617,38.65209],[140.94046,38.65164],[140.94274,38.6505],[140.94344,38.64963],[140.94432,38.64914],[140.94451,38.64874],[140.94517,38.64813],[140.94541,38.64758],[140.94522,38.64702],[140.94416,38.6462],[140.94422,38.64582],[140.94461,38.6455],[140.9452,38.64541],[140.94774,38.64443],[140.94831,38.64363],[140.94939,38.64296],[140.94985,38.64222],[140.94974,38.6422],[140.9501,38.64075],[140.95018,38.63965],[140.95011,38.63912],[140.94984,38.63863],[140.94888,38.63798],[140.94772,38.63748],[140.94616,38.63574],[140.94486,38.63351],[140.94441,38.63144],[140.94446,38.6308],[140.94257,38.63152],[140.9421,38.631],[140.94171,38.63158],[140.94169,38.63187],[140.94141,38.6321],[140.94062,38.63144],[140.94039,38.63068],[140.93883,38.63171],[140.93572,38.63225],[140.93349,38.63381],[140.93042,38.63479],[140.9273,38.63632],[140.9261,38.63647],[140.92278,38.63774],[140.92044,38.63827],[140.921,38.63902],[140.92103,38.63978],[140.91994,38.64109],[140.91983,38.64445],[140.91927,38.64514],[140.9192,38.64558],[140.91947,38.64674],[140.91785,38.64821],[140.9164,38.64835],[140.9146,38.6491],[140.91313,38.64944],[140.91186,38.6501],[140.91049,38.65041],[140.90819,38.65331],[140.90689,38.65415],[140.90669,38.65453],[140.90559,38.65498],[140.90607,38.65627],[140.90607,38.65666],[140.90574,38.65678],[140.90604,38.65723],[140.90616,38.65792],[140.90736,38.65861],[140.90765,38.65895],[140.90901,38.65916],[140.90955,38.65944],[140.90978,38.65986],[140.91004,38.66154],[140.90982,38.6624],[140.91005,38.66199],[140.91035,38.66187],[140.91029,38.66126],[140.91061,38.66095]]]},"properties":{"key":"042150910","name":"古川雨生沢","pref":"宮城県","prefCode":"04","municipality":"大崎市","areaM2":6016451.821,"population":219,"toponymIds":["04-5e69056dea"]}},{"type":"Feature","geometry":{"type":"Polygon","coordinates":[[[140.95703,38.57474],[140.95722,38.57463],[140.95721,38.57435],[140.95744,38.5744],[140.95736,38.57473],[140.95796,38.57449],[140.95784,38.57427],[140.95803,38.57413],[140.95896,38.57395],[140.95918,38.57349],[140.95919,38.57304],[140.95956,38.57252],[140.95945,38.57118],[140.95875,38.57125],[140.95887,38.57212],[140.9568,38.57399],[140.95663,38.57474],[140.95703,38.57474]]]},"properties":{"key":"042150100","name":"古川荒川小金町","pref":"宮城県","prefCode":"04","municipality":"大崎市","areaM2":39073.701,"population":190,"toponymIds":["04-be1b1dfa8c"]}},{"type":"Feature","geometry":{"type":"Polygon","coordinates":[[[140.95897,38.5782],[140.96051,38.57737],[140.95988,38.57641],[140.95972,38.57648],[140.95951,38.57615],[140.95808,38.57683],[140.95836,38.57709],[140.95684,38.57782],[140.95724,38.57853],[140.95785,38.57818],[140.95817,38.57864],[140.95897,38.5782]]]},"properties":{"key":"042150010","name":"古川浦町","pref":"宮城県","prefCode":"04","municipality":"大崎市","areaM2":42064.077,"population":215,"toponymIds":["04-715c9eccb0","04-ee612dc724"]}},{"type":"Feature","geometry":{"type":"Polygon","coordinates":[[[140.96691,38.58433],[140.96638,38.58366],[140.96548,38.58399],[140.96313,38.58559],[140.96227,38.58639],[140.96342,38.58742],[140.9676,38.58519],[140.96691,38.58433]]]},"properties":{"key":"04215027001","name":"古川江合寿町一丁目","pref":"宮城県","prefCode":"04","municipality":"大崎市","areaM2":87754.982,"population":622,"toponymIds":["04-0fe1b94eb8"]}},{"type":"Feature","geometry":{"type":"Polygon","coordinates":[[[140.97085,38.58169],[140.97068,38.58125],[140.96842,38.58304],[140.96638,38.58366],[140.9676,38.58519],[140.97144,38.58315],[140.97085,38.58169]]]},"properties":{"key":"04215028001","name":"古川江合錦町一丁目","pref":"宮城県","prefCode":"04","municipality":"大崎市","areaM2":77793.434,"population":324,"toponymIds":["04-ab4b3a5373"]}},{"type":"Feature","geometry":{"type":"Polygon","coordinates":[[[140.97197,38.58995],[140.97147,38.58964],[140.96945,38.58729],[140.96506,38.58909],[140.96551,38.58969],[140.96659,38.58935],[140.96681,38.58977],[140.96823,38.58983],[140.97083,38.59031],[140.97197,38.58995]]]},"properties":{"key":"04215029001","name":"古川江合本町一丁目","pref":"宮城県","prefCode":"04","municipality":"大崎市","areaM2":102914.948,"population":389,"toponymIds":["04-4dfd75ea10"]}},{"type":"Feature","geometry":{"type":"Polygon","coordinates":[[[140.9704,38.5726],[140.97557,38.57162],[140.97637,38.57008],[140.97135,38.57044],[140.96812,38.57046],[140.96861,38.57295],[140.9704,38.5726]]]},"properties":{"key":"04215095001","name":"古川駅東一丁目","pref":"宮城県","prefCode":"04","municipality":"大崎市","areaM2":139966.358,"population":392,"toponymIds":["04-83bda59741"]}},{"type":"Feature","geometry":{"type":"Polygon","coordinates":[[[140.96843,38.57165],[140.96812,38.57046],[140.96152,38.57093],[140.96154,38.57113],[140.96262,38.5711],[140.96254,38.57139],[140.9627,38.57136],[140.96319,38.57285],[140.96846,38.57181],[140.96843,38.57165]]]},"properties":{"key":"04215017001","name":"古川駅前大通一丁目","pref":"宮城県","prefCode":"04","municipality":"大崎市","areaM2":92530.123,"population":76,"toponymIds":["04-db31ce2e94"]}},{"type":"Feature","geometry":{"type":"Polygon","coordinates":[[[140.96905,38.57043],[140.9706,38.57044],[140.97062,38.5682],[140.96752,38.56881],[140.96812,38.57046],[140.96905,38.57043]]]},"properties":{"key":"04215019001","name":"古川駅南一丁目","pref":"宮城県","prefCode":"04","municipality":"大崎市","areaM2":53046.059,"population":271,"toponymIds":["04-f246948a2d"]}},{"type":"Feature","geometry":{"type":"Polygon","coordinates":[[[140.95837,38.58049],[140.95543,38.58216],[140.95476,38.5843],[140.95439,38.58467],[140.95497,38.58533],[140.95677,38.58434],[140.95749,38.58359],[140.95868,38.58163],[140.95837,38.58049]]]},"properties":{"key":"04215023001","name":"古川大宮一丁目","pref":"宮城県","prefCode":"04","municipality":"大崎市","areaM2":91713.933,"population":465,"toponymIds":["04-edb226b640"]}},{"type":"Feature","geometry":{"type":"Polygon","coordinates":[[[140.92626,38.62149],[140.92802,38.62181],[140.9294,38.62257],[140.93241,38.61927],[140.93252,38.61896],[140.9342,38.61903],[140.93554,38.61887],[140.93764,38.61735],[140.9396,38.61655],[140.93983,38.61583],[140.9408,38.61576],[140.94246,38.61619],[140.94318,38.61445],[140.94314,38.61357],[140.94361,38.61272],[140.94417,38.6121],[140.94502,38.61021],[140.94025,38.6128],[140.93969,38.60846],[140.94029,38.60806],[140.94174,38.60778],[140.94208,38.60706],[140.94193,38.60662],[140.94343,38.606],[140.94313,38.60574],[140.94147,38.60507],[140.94106,38.60537],[140.94116,38.60575],[140.94018,38.60601],[140.93994,38.60545],[140.93865,38.60555],[140.93801,38.60396],[140.93715,38.60324],[140.93711,38.60299],[140.93762,38.60284],[140.93701,38.60168],[140.93683,38.60013],[140.93619,38.59885],[140.93501,38.59929],[140.93441,38.59974],[140.93212,38.60505],[140.93237,38.60556],[140.93144,38.60751],[140.93269,38.60866],[140.9325,38.61093],[140.93161,38.61161],[140.93058,38.61209],[140.92911,38.61325],[140.92782,38.61383],[140.9276,38.61405],[140.92774,38.61423],[140.9263,38.61512],[140.92626,38.6153],[140.92401,38.61604],[140.92394,38.61667],[140.92303,38.61648],[140.92278,38.61662],[140.92206,38.61774],[140.92029,38.61912],[140.92092,38.61967],[140.92014,38.62061],[140.92015,38.6211],[140.91944,38.62205],[140.92173,38.62356],[140.92286,38.62412],[140.92339,38.62486],[140.92369,38.6264],[140.92385,38.62652],[140.92361,38.62698],[140.92355,38.62725],[140.92373,38.62729],[140.92352,38.62773],[140.92603,38.62733],[140.92702,38.62556],[140.92761,38.62319],[140.92658,38.62317],[140.9262,38.62281],[140.9262,38.62241],[140.92597,38.62215],[140.92632,38.62168],[140.92626,38.62149]]]},"properties":{"key":"042150620","name":"古川小林","pref":"宮城県","prefCode":"04","municipality":"大崎市","areaM2":2390178.445,"population":286,"toponymIds":["04-a79a5285a6","04-763c5531cc","04-a38a613f2a"]}},{"type":"Feature","geometry":{"type":"Polygon","coordinates":[[[140.88457,38.59478],[140.88496,38.59476],[140.88535,38.59443],[140.88523,38.59368],[140.8859,38.59335],[140.88604,38.59282],[140.8854,38.59209],[140.88453,38.59173],[140.88526,38.59083],[140.88617,38.59077],[140.88826,38.59012],[140.88859,38.58966],[140.88862,38.58879],[140.89126,38.58865],[140.89287,38.58681],[140.89292,38.58616],[140.89376,38.5845],[140.89216,38.58233],[140.88976,38.58185],[140.88778,38.58066],[140.88729,38.57972],[140.88648,38.57629],[140.88704,38.57546],[140.88706,38.5752],[140.88553,38.5747],[140.88375,38.57449],[140.88352,38.57591],[140.88431,38.57727],[140.88431,38.57783],[140.88397,38.57896],[140.88409,38.57978],[140.88372,38.58044],[140.88251,38.58187],[140.88217,38.5828],[140.88222,38.58332],[140.88298,38.58516],[140.8824,38.58616],[140.8831,38.58804],[140.88291,38.58933],[140.88258,38.58914],[140.88153,38.58929],[140.88129,38.58901],[140.87922,38.59041],[140.87886,38.5903],[140.87675,38.59034],[140.87416,38.59173],[140.87564,38.59239],[140.87617,38.59308],[140.87617,38.59347],[140.87644,38.59383],[140.87634,38.59385],[140.878,38.59752],[140.8776,38.59782],[140.8777,38.59806],[140.87866,38.59901],[140.87955,38.59953],[140.88088,38.59788],[140.88156,38.59739],[140.88274,38.59691],[140.88364,38.59588],[140.88391,38.59535],[140.88457,38.59478]]]},"properties":{"key":"042150540","name":"古川柏崎","pref":"宮城県","prefCode":"04","municipality":"大崎市","areaM2":1631923.655,"population":234,"toponymIds":["04-bdf06ef65b"]}},{"type":"Feature","geometry":{"type":"Polygon","coordinates":[[[140.957,38.55782],[140.95628,38.55781],[140.95549,38.55756],[140.95514,38.55838],[140.9552,38.55948],[140.95714,38.56066],[140.95735,38.56104],[140.95713,38.56168],[140.95914,38.56282],[140.96008,38.56075],[140.96083,38.55991],[140.957,38.55782]]]},"properties":{"key":"04215097001","name":"古川金五輪一丁目","pref":"宮城県","prefCode":"04","municipality":"大崎市","areaM2":144736.588,"population":661,"toponymIds":["04-ff486615ee"]}},{"type":"Feature","geometry":{"type":"Polygon","coordinates":[[[140.99965,38.58333],[141.00204,38.5815],[141.00311,38.57997],[141.00343,38.5792],[141.00513,38.57813],[141.00594,38.57723],[141.00646,38.57625],[141.0055,38.57597],[141.0038,38.57423],[141.00105,38.57517],[140.99741,38.57551],[140.99545,38.57649],[140.99084,38.57956],[140.98868,38.57994],[140.98486,38.57984],[140.98492,38.58079],[140.98787,38.58195],[140.98777,38.58237],[140.98803,38.58248],[140.98786,38.58332],[140.98762,38.58329],[140.98753,38.58376],[140.98818,38.58489],[140.99327,38.58317],[140.99392,38.58441],[140.99466,38.58421],[140.99598,38.58448],[140.9964,38.58446],[140.99965,38.58333]]]},"properties":{"key":"042150760","name":"古川上埣","pref":"宮城県","prefCode":"04","municipality":"大崎市","areaM2":1101662.944,"population":152,"toponymIds":["04-590323a00b"]}},{"type":"Feature","geometry":{"type":"Polygon","coordinates":[[[140.90196,38.57399],[140.90226,38.57375],[140.90253,38.57393],[140.90287,38.57384],[140.90326,38.57356],[140.90945,38.57316],[140.90873,38.57247],[140.90833,38.57184],[140.90646,38.57202],[140.90645,38.57175],[140.9057,38.57144],[140.90554,38.56765],[140.90527,38.56872],[140.90083,38.56997],[140.8966,38.57146],[140.89625,38.57543],[140.8969,38.57548],[140.89684,38.57581],[140.89871,38.57638],[140.90028,38.57558],[140.90196,38.57399]]]},"properties":{"key":"042150510","name":"古川上中目","pref":"宮城県","prefCode":"04","municipality":"大崎市","areaM2":478992.708,"population":99,"toponymIds":["04-e239260889"]}},{"type":"Feature","geometry":{"type":"Polygon","coordinates":[[[140.95991,38.63477],[140.96392,38.63501],[140.96489,38.63477],[140.96363,38.63351],[140.9615,38.63219],[140.96401,38.62587],[140.96424,38.6259],[140.96414,38.62543],[140.96389,38.62524],[140.96363,38.62528],[140.96342,38.62491],[140.96284,38.62322],[140.96216,38.62358],[140.96047,38.62356],[140.96045,38.62337],[140.96073,38.62335],[140.96067,38.62286],[140.96025,38.62289],[140.96017,38.62198],[140.95936,38.62193],[140.95934,38.62165],[140.95851,38.62149],[140.95856,38.62116],[140.95727,38.62098],[140.95619,38.62107],[140.95611,38.62069],[140.95544,38.62081],[140.95576,38.62036],[140.95547,38.61979],[140.95598,38.61978],[140.95628,38.61923],[140.95814,38.61902],[140.95839,38.61825],[140.95737,38.61757],[140.95629,38.61742],[140.95595,38.6172],[140.95804,38.6167],[140.95804,38.61656],[140.95778,38.61653],[140.95778,38.61602],[140.95886,38.615],[140.95979,38.61453],[140.95998,38.61397],[140.95291,38.61394],[140.95265,38.61339],[140.95301,38.61335],[140.95303,38.61294],[140.95255,38.61285],[140.95213,38.6122],[140.95216,38.61084],[140.9519,38.60978],[140.95238,38.60979],[140.95239,38.60958],[140.95214,38.60909],[140.95193,38.60892],[140.94934,38.60888],[140.94923,38.61525],[140.94882,38.61679],[140.94987,38.61725],[140.94918,38.61925],[140.94963,38.61948],[140.94986,38.61991],[140.94964,38.62065],[140.94899,38.62082],[140.9485,38.62179],[140.94899,38.62229],[140.94971,38.62219],[140.95012,38.62409],[140.95111,38.62466],[140.95251,38.62482],[140.95243,38.62453],[140.95195,38.62408],[140.95327,38.62412],[140.95322,38.62387],[140.95366,38.62398],[140.95394,38.62435],[140.954,38.62546],[140.95348,38.62621],[140.95332,38.62704],[140.95337,38.62836],[140.95365,38.62915],[140.95355,38.63017],[140.95301,38.63019],[140.95303,38.6315],[140.95273,38.63151],[140.9535,38.63222],[140.95353,38.63208],[140.95435,38.63213],[140.95451,38.63282],[140.95573,38.63386],[140.95745,38.635],[140.9585,38.63512],[140.95991,38.63477]]]},"properties":{"key":"042150650","name":"古川川熊","pref":"宮城県","prefCode":"04","municipality":"大崎市","areaM2":1999616.374,"population":240,"toponymIds":["04-d4b4a7ce08"]}},{"type":"Feature","geometry":{"type":"Polygon","coordinates":[[[140.95689,38.57563],[140.95678,38.57546],[140.95694,38.57541],[140.95713,38.57561],[140.95912,38.57472],[140.959,38.57444],[140.95887,38.57446],[140.95896,38.57395],[140.95803,38.57413],[140.95784,38.57427],[140.95796,38.57449],[140.95736,38.57473],[140.95744,38.5744],[140.95721,38.57435],[140.95722,38.57463],[140.95663,38.57474],[140.95634,38.57535],[140.95666,38.57574],[140.95689,38.57563]]]},"properties":{"key":"042150020","name":"古川川端","pref":"宮城県","prefCode":"04","municipality":"大崎市","areaM2":21813.073,"population":88,"toponymIds":["04-10b0365e1f"]}},{"type":"Feature","geometry":{"type":"Polygon","coordinates":[[[140.95347,38.56591],[140.95336,38.56555],[140.95403,38.5656],[140.95403,38.5658],[140.95607,38.5657],[140.95583,38.56297],[140.95383,38.56306],[140.95384,38.56348],[140.9515,38.56325],[140.95107,38.56583],[140.95351,38.56608],[140.95347,38.56591]]]},"properties":{"key":"04215024001","name":"古川北稲葉一丁目","pref":"宮城県","prefCode":"04","municipality":"大崎市","areaM2":118685.558,"population":448,"toponymIds":["04-28c374a962"]}},{"type":"Feature","geometry":{"type":"Polygon","coordinates":[[[140.96264,38.57871],[140.96361,38.57866],[140.96561,38.57819],[140.96508,38.57646],[140.96293,38.5768],[140.96107,38.5773],[140.96096,38.57716],[140.95984,38.5777],[140.96078,38.57848],[140.96093,38.57838],[140.96111,38.57889],[140.96194,38.57869],[140.96206,38.57891],[140.96264,38.57871]]]},"properties":{"key":"04215018001","name":"古川北町一丁目","pref":"宮城県","prefCode":"04","municipality":"大崎市","areaM2":84323.201,"population":285,"toponymIds":["04-3242f20b13"]}},{"type":"Feature","geometry":{"type":"Polygon","coordinates":[[[140.99095,38.60319],[140.99199,38.60392],[140.99277,38.60332],[140.99349,38.6039],[140.99497,38.60347],[140.99516,38.60374],[140.99615,38.60347],[140.99601,38.60313],[140.9962,38.60309],[140.99582,38.60219],[140.9944,38.60256],[140.99411,38.60209],[140.99354,38.60223],[140.99333,38.60175],[140.99159,38.6022],[140.99146,38.60199],[140.99068,38.60222],[140.99006,38.6009],[140.98842,38.60146],[140.98478,38.60115],[140.98469,38.60067],[140.98749,38.60034],[140.9873,38.59933],[140.98368,38.59979],[140.98379,38.60029],[140.98218,38.60049],[140.98234,38.60058],[140.98132,38.60082],[140.98138,38.60123],[140.97846,38.60137],[140.98067,38.6049],[140.981,38.60498],[140.98122,38.60536],[140.98171,38.60545],[140.98172,38.60594],[140.98205,38.60599],[140.98211,38.60683],[140.98252,38.60756],[140.98304,38.60981],[140.98305,38.61049],[140.98321,38.61061],[140.98319,38.61092],[140.9836,38.61208],[140.98695,38.61158],[140.98683,38.6111],[140.98977,38.61067],[140.98898,38.60708],[140.99177,38.60667],[140.99095,38.60319]]]},"properties":{"key":"042150710","name":"古川狐塚","pref":"宮城県","prefCode":"04","municipality":"大崎市","areaM2":1003390.748,"population":221,"toponymIds":["04-0f1e047e23"]}},{"type":"Feature","geometry":{"type":"Polygon","coordinates":[[[141.00521,38.55758],[141.00564,38.55735],[141.00588,38.55831],[141.00678,38.55805],[141.00683,38.55819],[141.01045,38.55625],[141.01101,38.55688],[141.02479,38.54939],[141.022,38.5463],[141.01944,38.54734],[141.01841,38.54587],[141.01395,38.54608],[141.014,38.54702],[141.01114,38.54714],[141.0112,38.54819],[141.00965,38.54837],[141.00668,38.54942],[141.00776,38.55121],[141.00548,38.55206],[141.00495,38.55121],[141.00155,38.5525],[141.00235,38.55305],[141.00497,38.55559],[141.00199,38.55716],[141.00365,38.55903],[141.00431,38.55868],[141.00431,38.55825],[141.00528,38.55777],[141.00521,38.55758]]]},"properties":{"key":"042150450","name":"古川桑針","pref":"宮城県","prefCode":"04","municipality":"大崎市","areaM2":1409644.522,"population":155,"toponymIds":["04-01074edc49"]}},{"type":"Feature","geometry":{"type":"Polygon","coordinates":[[[140.94018,38.60543],[140.94098,38.60456],[140.94072,38.60402],[140.94064,38.60273],[140.94073,38.6021],[140.9411,38.60203],[140.93965,38.59831],[140.94244,38.59803],[140.94239,38.5976],[140.94743,38.59675],[140.95269,38.59535],[140.95136,38.59426],[140.95183,38.59409],[140.95371,38.59278],[140.95029,38.58977],[140.9507,38.58949],[140.94991,38.58881],[140.94957,38.58909],[140.94967,38.58844],[140.95023,38.58745],[140.95045,38.58647],[140.95007,38.5861],[140.94987,38.58707],[140.9493,38.58754],[140.94776,38.58783],[140.94723,38.5881],[140.94692,38.58801],[140.9467,38.58816],[140.94654,38.58801],[140.94597,38.58832],[140.94529,38.58922],[140.94528,38.58952],[140.94583,38.58919],[140.94621,38.5895],[140.94529,38.59013],[140.9453,38.59049],[140.94423,38.59167],[140.94167,38.59204],[140.94153,38.59189],[140.94018,38.59267],[140.94033,38.59282],[140.94015,38.59315],[140.93994,38.59325],[140.93974,38.59308],[140.93946,38.59325],[140.93956,38.59336],[140.93887,38.59378],[140.93869,38.59362],[140.93837,38.59384],[140.93873,38.59417],[140.93769,38.59485],[140.9372,38.59444],[140.93586,38.59537],[140.9348,38.5957],[140.9351,38.59625],[140.93415,38.59665],[140.93409,38.59722],[140.93434,38.59765],[140.93543,38.59792],[140.93658,38.59951],[140.93683,38.60013],[140.93701,38.60168],[140.93762,38.60284],[140.93711,38.60299],[140.93715,38.60324],[140.93801,38.60396],[140.93865,38.60555],[140.94018,38.60543]]]},"properties":{"key":"042150370","name":"古川小泉","pref":"宮城県","prefCode":"04","municipality":"大崎市","areaM2":1243824.571,"population":910,"toponymIds":["04-44b9ab8b2a","04-562b51012b"]}},{"type":"Feature","geometry":{"type":"Polygon","coordinates":[[[140.95351,38.56608],[140.95107,38.56583],[140.95032,38.57048],[140.95355,38.57081],[140.95372,38.56695],[140.95351,38.56608]]]},"properties":{"key":"042150200","name":"古川小稲葉町","pref":"宮城県","prefCode":"04","municipality":"大崎市","areaM2":132009.062,"population":831,"toponymIds":["04-d4f3bf8c16"]}},{"type":"Feature","geometry":{"type":"Polygon","coordinates":[[[140.89089,38.605],[140.89106,38.6049],[140.8923,38.60507],[140.89279,38.60483],[140.89354,38.60345],[140.89454,38.60369],[140.89411,38.6024],[140.89431,38.60211],[140.89491,38.60232],[140.895,38.60223],[140.8957,38.60061],[140.89549,38.59975],[140.89503,38.59968],[140.89535,38.59861],[140.89534,38.59809],[140.89639,38.59679],[140.89628,38.5956],[140.90176,38.59493],[140.90162,38.59439],[140.9028,38.59417],[140.90156,38.59394],[140.90137,38.59325],[140.90185,38.59309],[140.90185,38.59285],[140.90121,38.59271],[140.90089,38.59107],[140.90031,38.59155],[140.89957,38.59137],[140.89867,38.59179],[140.89725,38.59189],[140.89635,38.59165],[140.89601,38.59214],[140.89601,38.59267],[140.89541,38.59258],[140.89506,38.59336],[140.89513,38.59361],[140.89477,38.59366],[140.89462,38.59385],[140.89451,38.5936],[140.89416,38.59357],[140.89398,38.59269],[140.89311,38.59221],[140.89243,38.59254],[140.89209,38.59235],[140.89121,38.59262],[140.89089,38.59232],[140.89044,38.5923],[140.88974,38.59254],[140.88979,38.59337],[140.88964,38.59356],[140.88952,38.59457],[140.8892,38.59492],[140.88849,38.59515],[140.8881,38.59595],[140.88871,38.59621],[140.8887,38.59702],[140.88839,38.59737],[140.88828,38.59779],[140.88842,38.59829],[140.88825,38.5989],[140.88834,38.59934],[140.88768,38.60032],[140.8879,38.60116],[140.88773,38.60205],[140.88824,38.60211],[140.88893,38.60194],[140.88928,38.6022],[140.88939,38.60257],[140.88926,38.60399],[140.89045,38.60592],[140.89089,38.605]]]},"properties":{"key":"042150550","name":"古川斎下","pref":"宮城県","prefCode":"04","municipality":"大崎市","areaM2":976125.434,"population":176,"toponymIds":["04-2f420df296"]}},{"type":"Feature","geometry":{"type":"Polygon","coordinates":[[[140.96918,38.57505],[140.96884,38.57405],[140.96669,38.57446],[140.96774,38.57778],[140.96988,38.57737],[140.96918,38.57505]]]},"properties":{"key":"04215025001","name":"古川幸町一丁目","pref":"宮城県","prefCode":"04","municipality":"大崎市","areaM2":73207.927,"population":303,"toponymIds":["04-a1bb5d4664"]}},{"type":"Feature","geometry":{"type":"Polygon","coordinates":[[[140.96266,38.5578],[140.96433,38.55716],[140.96451,38.55799],[140.96464,38.55788],[140.9648,38.55732],[140.96463,38.55646],[140.96477,38.55566],[140.96377,38.5556],[140.9636,38.555],[140.96326,38.55501],[140.96255,38.55323],[140.96138,38.55109],[140.95936,38.54841],[140.95847,38.5475],[140.955,38.54825],[140.95447,38.54855],[140.95443,38.54873],[140.95505,38.54976],[140.95449,38.54997],[140.95552,38.5517],[140.9558,38.55159],[140.95597,38.55189],[140.95626,38.55178],[140.95665,38.55242],[140.95855,38.55568],[140.95835,38.55574],[140.95835,38.5563],[140.95885,38.55732],[140.95948,38.55716],[140.96159,38.5579],[140.96266,38.5578]]]},"properties":{"key":"042150800","name":"古川境野宮","pref":"宮城県","prefCode":"04","municipality":"大崎市","areaM2":521607.071,"population":241,"toponymIds":["04-ac3b336e79"]}},{"type":"Feature","geometry":{"type":"Polygon","coordinates":[[[140.94841,38.56556],[140.9477,38.56549],[140.94721,38.57016],[140.95032,38.57048],[140.95107,38.56583],[140.94841,38.56556]]]},"properties":{"key":"042150210","name":"古川栄町","pref":"宮城県","prefCode":"04","municipality":"大崎市","areaM2":150015.263,"population":666,"toponymIds":["04-bdc9b4d2ee"]}},{"type":"Feature","geometry":{"type":"Polygon","coordinates":[[[140.95998,38.61397],[140.95971,38.61274],[140.96014,38.61217],[140.96002,38.61191],[140.9606,38.61183],[140.96082,38.61162],[140.96152,38.60997],[140.96204,38.60934],[140.96138,38.60933],[140.96133,38.60728],[140.96148,38.60578],[140.96101,38.60372],[140.96131,38.60211],[140.96218,38.60025],[140.962,38.60018],[140.96245,38.59922],[140.96225,38.59917],[140.96289,38.59773],[140.96311,38.5978],[140.9634,38.59708],[140.962,38.59727],[140.96137,38.59706],[140.96133,38.59678],[140.96001,38.59678],[140.96046,38.59488],[140.95611,38.595],[140.95269,38.59535],[140.94743,38.59675],[140.94239,38.5976],[140.94244,38.59803],[140.93965,38.59831],[140.9411,38.60203],[140.94073,38.6021],[140.94064,38.60273],[140.94072,38.60402],[140.94098,38.60456],[140.94018,38.60543],[140.93994,38.60545],[140.93999,38.6057],[140.94018,38.60601],[140.94114,38.60577],[140.94106,38.60537],[140.94147,38.60507],[140.94313,38.60574],[140.94343,38.606],[140.94193,38.60662],[140.94208,38.60706],[140.94174,38.60778],[140.94029,38.60806],[140.93969,38.60846],[140.94025,38.6128],[140.94502,38.61021],[140.94451,38.61142],[140.94468,38.61193],[140.9493,38.61198],[140.94934,38.60888],[140.95193,38.60892],[140.95239,38.60958],[140.95238,38.60979],[140.9519,38.60978],[140.95216,38.61084],[140.95213,38.6122],[140.95255,38.61285],[140.95303,38.61294],[140.95301,38.61335],[140.95265,38.61339],[140.95291,38.61394],[140.95998,38.61397]]]},"properties":{"key":"042150640","name":"古川桜ノ目","pref":"宮城県","prefCode":"04","municipality":"大崎市","areaM2":3236875.552,"population":684,"toponymIds":["04-4ddb23e716","04-b8bca74322","04-c650458f60"]}},{"type":"Feature","geometry":{"type":"Polygon","coordinates":[[[140.96426,38.6129],[140.97245,38.60904],[140.97312,38.60991],[140.97809,38.60296],[140.97876,38.60251],[140.97605,38.60133],[140.97653,38.60066],[140.9762,38.60012],[140.97636,38.60007],[140.97619,38.59977],[140.97634,38.59972],[140.97425,38.59663],[140.97492,38.59625],[140.97491,38.59601],[140.97367,38.59461],[140.97298,38.59507],[140.97268,38.59483],[140.97238,38.59452],[140.97252,38.59419],[140.97204,38.59394],[140.97229,38.59331],[140.97042,38.59195],[140.9692,38.5928],[140.96752,38.59357],[140.96592,38.59403],[140.96506,38.59396],[140.96588,38.59502],[140.96286,38.59509],[140.96046,38.59488],[140.96001,38.59678],[140.96133,38.59678],[140.96137,38.59706],[140.962,38.59727],[140.9634,38.59708],[140.96311,38.5978],[140.96289,38.59773],[140.96225,38.59917],[140.96245,38.59922],[140.962,38.60018],[140.96218,38.60025],[140.96131,38.60211],[140.96101,38.60372],[140.96148,38.60578],[140.96133,38.60728],[140.96138,38.60933],[140.96204,38.60934],[140.96152,38.60997],[140.96082,38.61162],[140.9606,38.61183],[140.96002,38.61191],[140.96014,38.61217],[140.95971,38.61274],[140.95976,38.61318],[140.95994,38.6139],[140.96043,38.61471],[140.96426,38.6129]]]},"properties":{"key":"042150660","name":"古川沢田","pref":"宮城県","prefCode":"04","municipality":"大崎市","areaM2":2396504.754,"population":914,"toponymIds":["04-41318e96bd","04-7ff452eabb","04-29f9170fd5","04-31e45f3544"]}},{"type":"Feature","geometry":{"type":"Polygon","coordinates":[[[140.91912,38.63067],[140.92057,38.63024],[140.92107,38.62991],[140.92206,38.62872],[140.92352,38.62773],[140.92373,38.62729],[140.92355,38.62725],[140.92361,38.62698],[140.92385,38.62652],[140.92369,38.6264],[140.92339,38.62486],[140.92286,38.62412],[140.92173,38.62356],[140.91944,38.62205],[140.92015,38.6211],[140.92014,38.62061],[140.92092,38.61967],[140.92029,38.61912],[140.92206,38.61774],[140.92278,38.61662],[140.92303,38.61648],[140.92394,38.61667],[140.92401,38.61604],[140.92626,38.6153],[140.9263,38.61512],[140.92774,38.61423],[140.9276,38.61405],[140.92782,38.61383],[140.92911,38.61325],[140.93058,38.61209],[140.93161,38.61161],[140.9325,38.61093],[140.93269,38.60866],[140.93144,38.60751],[140.93237,38.60556],[140.93212,38.60505],[140.93361,38.60171],[140.92977,38.60198],[140.92932,38.60282],[140.92889,38.60313],[140.92404,38.60524],[140.91752,38.60593],[140.91156,38.60907],[140.91097,38.60975],[140.91021,38.61],[140.90949,38.6098],[140.90823,38.60991],[140.90846,38.61045],[140.90901,38.61097],[140.90928,38.61087],[140.90966,38.61119],[140.90976,38.6117],[140.90651,38.61317],[140.90622,38.6136],[140.90667,38.61621],[140.90475,38.61532],[140.90451,38.61589],[140.90367,38.61617],[140.90518,38.6168],[140.90571,38.61727],[140.90574,38.6175],[140.90524,38.61761],[140.90459,38.6174],[140.90276,38.61627],[140.9018,38.61629],[140.90107,38.61672],[140.90046,38.6176],[140.89854,38.61815],[140.8982,38.61865],[140.89731,38.61922],[140.89759,38.61964],[140.89783,38.61965],[140.89807,38.62048],[140.89784,38.62104],[140.89819,38.62155],[140.8984,38.6216],[140.89851,38.62196],[140.89915,38.62223],[140.89979,38.62286],[140.90084,38.62302],[140.90181,38.62364],[140.9025,38.62512],[140.90309,38.62472],[140.90342,38.6247],[140.90428,38.624],[140.91001,38.62791],[140.9103,38.62827],[140.91042,38.62924],[140.91044,38.62861],[140.91069,38.62851],[140.91144,38.6288],[140.91195,38.62881],[140.91294,38.62962],[140.91543,38.6309],[140.91696,38.63231],[140.91773,38.63181],[140.91816,38.63107],[140.91912,38.63067]]]},"properties":{"key":"042150600","name":"古川清水","pref":"宮城県","prefCode":"04","municipality":"大崎市","areaM2":4806245.388,"population":473,"toponymIds":["04-e12ac9aaef","04-0831392321"]}},{"type":"Feature","geometry":{"type":"Polygon","coordinates":[[[140.96901,38.65927],[140.969,38.65912],[140.97147,38.65937],[140.97212,38.65965],[140.97292,38.66076],[140.9738,38.66137],[140.97565,38.66344],[140.97624,38.66424],[140.97657,38.66507],[140.9808,38.66176],[140.97915,38.66027],[140.97927,38.66014],[140.98115,38.65973],[140.9816,38.65977],[140.98583,38.65858],[140.9877,38.65772],[140.98818,38.65682],[140.99493,38.65431],[140.99483,38.65409],[140.99548,38.65324],[140.99558,38.65198],[140.99581,38.65115],[140.99574,38.65075],[140.99525,38.65011],[140.9954,38.65004],[140.99533,38.6499],[140.9951,38.64972],[140.9952,38.64939],[140.9956,38.64902],[140.99477,38.64891],[140.99403,38.64822],[140.99349,38.64841],[140.99256,38.64817],[140.99085,38.64834],[140.99074,38.6482],[140.99086,38.64772],[140.99071,38.64735],[140.99082,38.64626],[140.99066,38.64597],[140.99002,38.64563],[140.991,38.6437],[140.99149,38.6417],[140.99004,38.64169],[140.98993,38.64191],[140.98847,38.64103],[140.98784,38.64155],[140.9873,38.64123],[140.98777,38.64065],[140.98633,38.63993],[140.98644,38.63974],[140.98587,38.63954],[140.98597,38.63938],[140.9844,38.63904],[140.98121,38.63961],[140.98043,38.63957],[140.97915,38.63905],[140.97867,38.64015],[140.97831,38.64026],[140.97338,38.63969],[140.97291,38.63885],[140.97217,38.63892],[140.97041,38.63851],[140.97019,38.63798],[140.9681,38.63723],[140.96451,38.63932],[140.96412,38.63941],[140.96407,38.63962],[140.96134,38.64116],[140.95743,38.6413],[140.95717,38.64291],[140.95765,38.64465],[140.95825,38.64464],[140.9583,38.64512],[140.95779,38.64512],[140.9585,38.6478],[140.95943,38.6489],[140.95836,38.65086],[140.95843,38.65116],[140.95967,38.65321],[140.96032,38.65268],[140.96097,38.65322],[140.95827,38.65471],[140.95752,38.65588],[140.95731,38.65699],[140.95113,38.65665],[140.95094,38.65778],[140.95245,38.65748],[140.95389,38.66168],[140.95413,38.66281],[140.95528,38.66546],[140.95453,38.66709],[140.95409,38.66751],[140.9577,38.66675],[140.96117,38.6657],[140.96397,38.6643],[140.96553,38.66286],[140.96906,38.66173],[140.97024,38.66067],[140.96945,38.65996],[140.96943,38.65972],[140.96901,38.65927]]]},"properties":{"key":"042150930","name":"古川清水沢","pref":"宮城県","prefCode":"04","municipality":"大崎市","areaM2":7586713.825,"population":491,"toponymIds":["04-4ee77715b0"]}},{"type":"Feature","geometry":{"type":"Polygon","coordinates":[[[141.00824,38.57613],[141.009,38.57593],[141.01209,38.57568],[141.01358,38.57528],[141.01249,38.5691],[141.013,38.56887],[141.01401,38.56882],[141.01345,38.56875],[141.0134,38.56835],[141.01402,38.56832],[141.0139,38.56706],[141.0124,38.56714],[141.01107,38.56752],[141.00759,38.56958],[141.00718,38.57002],[141.00585,38.57266],[141.00463,38.57376],[141.0038,38.57423],[141.00565,38.57605],[141.00624,38.57628],[141.00781,38.57611],[141.00784,38.57633],[141.00824,38.57613]]]},"properties":{"key":"042150780","name":"古川下谷地","pref":"宮城県","prefCode":"04","municipality":"大崎市","areaM2":547020.505,"population":75,"toponymIds":["04-158b788f58"]}},{"type":"Feature","geometry":{"type":"Polygon","coordinates":[[[140.9477,38.57458],[140.94627,38.57443],[140.94589,38.57677],[140.94912,38.57802],[140.95108,38.5749],[140.9477,38.57458]]]},"properties":{"key":"04215026001","name":"古川城西一丁目","pref":"宮城県","prefCode":"04","municipality":"大崎市","areaM2":115111.5,"population":698,"toponymIds":["04-bf715c38c2"]}},{"type":"Feature","geometry":{"type":"Polygon","coordinates":[[[140.95453,38.5818],[140.95363,38.58096],[140.95332,38.58045],[140.95334,38.57923],[140.95196,38.5791],[140.94912,38.57802],[140.94826,38.57942],[140.94979,38.58001],[140.94952,38.58045],[140.95247,38.5815],[140.95429,38.58258],[140.955,38.58232],[140.95453,38.5818]]]},"properties":{"key":"04215011001","name":"古川諏訪一丁目","pref":"宮城県","prefCode":"04","municipality":"大崎市","areaM2":113863.541,"population":555,"toponymIds":["04-11ab7a0000"]}},{"type":"Feature","geometry":{"type":"Polygon","coordinates":[[[140.95546,38.58153],[140.95521,38.58085],[140.95514,38.58001],[140.9553,38.57973],[140.95472,38.57975],[140.9548,38.57909],[140.9549,38.57898],[140.95563,38.57937],[140.95634,38.57854],[140.95636,38.57793],[140.95684,38.57782],[140.95653,38.57729],[140.95476,38.57736],[140.95465,38.5778],[140.95334,38.57923],[140.95327,38.58025],[140.95363,38.58096],[140.955,38.58232],[140.95543,38.58216],[140.95546,38.58153]]]},"properties":{"key":"04215012001","name":"古川千手寺町一丁目","pref":"宮城県","prefCode":"04","municipality":"大崎市","areaM2":81609.547,"population":221,"toponymIds":["04-a41bce78f5"]}},{"type":"Feature","geometry":{"type":"Polygon","coordinates":[[[140.96261,38.57525],[140.96498,38.57478],[140.96466,38.57372],[140.96443,38.57376],[140.96435,38.57353],[140.96413,38.57357],[140.96404,38.57324],[140.9617,38.57371],[140.96123,38.57365],[140.96121,38.57401],[140.96046,38.57392],[140.96041,38.57421],[140.96079,38.57427],[140.9608,38.57446],[140.96047,38.57473],[140.96033,38.57461],[140.96003,38.57476],[140.9603,38.57521],[140.96079,38.57501],[140.96153,38.57571],[140.96261,38.57525]]]},"properties":{"key":"042150030","name":"古川台町","pref":"宮城県","prefCode":"04","municipality":"大崎市","areaM2":66932.783,"population":176,"toponymIds":["04-de47c6aac6"]}},{"type":"Feature","geometry":{"type":"Polygon","coordinates":[[[140.98427,38.57989],[140.98868,38.57994],[140.99084,38.57956],[140.99545,38.57649],[140.99741,38.57551],[140.99709,38.5724],[140.99693,38.57232],[140.99602,38.57051],[140.99527,38.56789],[140.99244,38.56839],[140.99493,38.56625],[140.99469,38.56577],[140.98882,38.55909],[140.98805,38.55929],[140.98832,38.55993],[140.9886,38.56017],[140.98794,38.5604],[140.98817,38.56131],[140.9874,38.56162],[140.98774,38.56217],[140.98755,38.56223],[140.98768,38.56251],[140.98852,38.56246],[140.98867,38.56267],[140.98835,38.56299],[140.98745,38.56323],[140.98755,38.5639],[140.98841,38.56573],[140.98777,38.56701],[140.98689,38.56814],[140.98702,38.56911],[140.98587,38.57301],[140.98558,38.57311],[140.98564,38.57368],[140.98536,38.57363],[140.98532,38.5744],[140.98381,38.57473],[140.98272,38.57514],[140.98078,38.57508],[140.9806,38.57707],[140.98002,38.57905],[140.97915,38.58029],[140.97864,38.58063],[140.98028,38.58053],[140.98158,38.58016],[140.98427,38.57989]]]},"properties":{"key":"042150430","name":"古川鶴ケ埣","pref":"宮城県","prefCode":"04","municipality":"大崎市","areaM2":1739099.028,"population":1342,"toponymIds":["04-33c0a27504","04-b383a43124"]}},{"type":"Feature","geometry":{"type":"Polygon","coordinates":[[[140.96053,38.57736],[140.96235,38.57692],[140.96153,38.57571],[140.96079,38.57501],[140.9603,38.57521],[140.95987,38.57446],[140.95961,38.57452],[140.95943,38.57432],[140.95942,38.574],[140.95896,38.57395],[140.95887,38.57446],[140.959,38.57444],[140.95912,38.57472],[140.95886,38.57482],[140.95942,38.57572],[140.95911,38.57585],[140.95931,38.57616],[140.95954,38.57607],[140.95972,38.57648],[140.95988,38.57641],[140.96053,38.57736]]]},"properties":{"key":"042150040","name":"古川十日町","pref":"宮城県","prefCode":"04","municipality":"大崎市","areaM2":52498.187,"population":156,"toponymIds":["04-bef0de7b79"]}},{"type":"Feature","geometry":{"type":"Polygon","coordinates":[[[140.99067,38.59581],[140.99268,38.59538],[140.9981,38.59491],[140.99812,38.5945],[140.99855,38.59414],[140.99843,38.59274],[140.99681,38.58988],[141.0009,38.58844],[141.00013,38.58757],[141.00186,38.58696],[141.00244,38.58554],[141.00412,38.58456],[141.00099,38.58386],[140.99989,38.58331],[140.9964,38.58446],[140.99466,38.58421],[140.99392,38.58441],[140.99327,38.58317],[140.98818,38.58489],[140.98902,38.58639],[140.98683,38.58738],[140.9867,38.58786],[140.98716,38.58835],[140.98577,38.5888],[140.98335,38.58987],[140.98402,38.59139],[140.9846,38.59166],[140.98467,38.59188],[140.98463,38.59241],[140.98445,38.59249],[140.98448,38.5929],[140.98371,38.59449],[140.98401,38.59442],[140.98448,38.59478],[140.98592,38.59534],[140.98822,38.5958],[140.98971,38.59568],[140.99067,38.59581]]]},"properties":{"key":"042150740","name":"古川富長","pref":"宮城県","prefCode":"04","municipality":"大崎市","areaM2":1534980.378,"population":479,"toponymIds":["04-a54054aa4c"]}},{"type":"Feature","geometry":{"type":"Polygon","coordinates":[[[140.97022,38.56359],[140.96965,38.56295],[140.96949,38.56305],[140.96853,38.56475],[140.9665,38.56567],[140.96663,38.56613],[140.96763,38.56555],[140.96889,38.56531],[140.96877,38.56491],[140.96978,38.5643],[140.96968,38.56418],[140.97022,38.56359]]]},"properties":{"key":"042150330","name":"古川中里","pref":"宮城県","prefCode":"04","municipality":"大崎市","areaM2":24245.109,"population":24,"toponymIds":["04-d4edb2b3f8"]}},{"type":"Feature","geometry":{"type":"Polygon","coordinates":[[[140.91801,38.54517],[140.91949,38.54505],[140.91897,38.54125],[140.91876,38.54123],[140.91861,38.53992],[140.91758,38.5397],[140.91747,38.53905],[140.91735,38.53904],[140.91603,38.5296],[140.91506,38.52706],[140.91663,38.52717],[140.91794,38.52688],[140.91495,38.52657],[140.91548,38.52351],[140.91187,38.52267],[140.90985,38.52428],[140.90641,38.52618],[140.90526,38.52839],[140.90604,38.52847],[140.9059,38.52898],[140.90653,38.52978],[140.90743,38.5364],[140.90671,38.53647],[140.90667,38.5367],[140.90418,38.53692],[140.90434,38.53796],[140.90467,38.53793],[140.90473,38.53833],[140.9044,38.53836],[140.90465,38.54002],[140.9079,38.53974],[140.9082,38.5418],[140.91125,38.54153],[140.91198,38.54674],[140.91653,38.54634],[140.91654,38.5453],[140.91801,38.54517]]]},"properties":{"key":"042150890","name":"古川中沢","pref":"宮城県","prefCode":"04","municipality":"大崎市","areaM2":2075598.994,"population":328,"toponymIds":["04-0fca9ba709","04-bce9a80959"]}},{"type":"Feature","geometry":{"type":"Polygon","coordinates":[[[140.95568,38.5598],[140.9552,38.55948],[140.95518,38.55963],[140.95569,38.56102],[140.9562,38.56732],[140.95871,38.56503],[140.95876,38.56356],[140.95914,38.56282],[140.95713,38.56168],[140.95735,38.56104],[140.95714,38.56066],[140.95568,38.5598]]]},"properties":{"key":"042150220","name":"古川中島町","pref":"宮城県","prefCode":"04","municipality":"大崎市","areaM2":140960.605,"population":723,"toponymIds":["04-ee10e1f455"]}},{"type":"Feature","geometry":{"type":"Polygon","coordinates":[[[140.96656,38.62345],[140.96686,38.62185],[140.96667,38.62098],[140.96789,38.62054],[140.96918,38.61984],[140.97002,38.61993],[140.97118,38.61979],[140.97089,38.61854],[140.97078,38.61835],[140.97032,38.61847],[140.97015,38.61822],[140.96906,38.61558],[140.9732,38.61555],[140.97202,38.61269],[140.97199,38.61207],[140.97041,38.61],[140.96043,38.61471],[140.95998,38.61397],[140.95979,38.61453],[140.95886,38.615],[140.95778,38.61602],[140.95778,38.61653],[140.95804,38.61656],[140.95804,38.6167],[140.95595,38.6172],[140.95629,38.61742],[140.95737,38.61757],[140.95839,38.61825],[140.95814,38.61902],[140.95628,38.61923],[140.95598,38.61978],[140.95547,38.61979],[140.95576,38.62036],[140.95544,38.62081],[140.95611,38.62069],[140.95619,38.62107],[140.95727,38.62098],[140.95856,38.62116],[140.95851,38.62149],[140.95934,38.62165],[140.95936,38.62193],[140.96017,38.62198],[140.96025,38.62289],[140.96067,38.62286],[140.96073,38.62335],[140.96045,38.62337],[140.96047,38.62356],[140.96216,38.62358],[140.96284,38.62322],[140.96363,38.62528],[140.96511,38.62491],[140.96549,38.62416],[140.96641,38.62393],[140.96656,38.62345]]]},"properties":{"key":"042150680","name":"古川長岡","pref":"宮城県","prefCode":"04","municipality":"大崎市","areaM2":1280769.344,"population":354,"toponymIds":["04-676111733e"]}},{"type":"Feature","geometry":{"type":"Polygon","coordinates":[[[141.00677,38.59812],[141.0071,38.59791],[141.0082,38.59817],[141.00869,38.59758],[141.01101,38.59652],[141.01116,38.59637],[141.01093,38.59564],[141.01084,38.59336],[141.01143,38.59323],[141.01176,38.59272],[141.01208,38.59272],[141.0126,38.59302],[141.01295,38.59294],[141.01159,38.58906],[141.00936,38.58966],[141.00901,38.58881],[141.0085,38.58895],[141.00866,38.58924],[141.00831,38.58928],[141.00755,38.5881],[141.00643,38.58816],[141.00665,38.58899],[141.00596,38.58921],[141.00539,38.58906],[141.00545,38.58877],[141.00599,38.58824],[141.00464,38.58599],[141.00603,38.58551],[141.00521,38.58488],[141.00412,38.58456],[141.00244,38.58554],[141.00186,38.58696],[141.00013,38.58757],[141.0009,38.58844],[140.99681,38.58988],[140.99843,38.59274],[140.99855,38.59414],[140.99812,38.5945],[140.9981,38.59491],[140.99268,38.59538],[140.9922,38.59555],[140.99423,38.59589],[140.99475,38.59585],[140.99739,38.59685],[140.99878,38.597],[140.9986,38.59796],[141.00378,38.59741],[141.00518,38.59795],[141.00623,38.59785],[141.00628,38.59836],[141.00677,38.59812]]]},"properties":{"key":"042150730","name":"古川長岡針","pref":"宮城県","prefCode":"04","municipality":"大崎市","areaM2":1344428.185,"population":206,"toponymIds":["04-b9f8c46fdd"]}},{"type":"Feature","geometry":{"type":"Polygon","coordinates":[[[140.95752,38.57753],[140.95836,38.57709],[140.95808,38.57683],[140.95958,38.57612],[140.95931,38.57616],[140.95911,38.57585],[140.95942,38.57572],[140.95886,38.57482],[140.95713,38.57561],[140.95694,38.57541],[140.95678,38.57546],[140.95689,38.57563],[140.95666,38.57574],[140.95634,38.57535],[140.95531,38.57592],[140.955,38.57631],[140.95476,38.57736],[140.95653,38.57729],[140.95684,38.57782],[140.95752,38.57753]]]},"properties":{"key":"042150050","name":"古川七日町","pref":"宮城県","prefCode":"04","municipality":"大崎市","areaM2":75933.679,"population":205,"toponymIds":["04-0e04fa46fb"]}},{"type":"Feature","geometry":{"type":"Polygon","coordinates":[[[140.95508,38.57553],[140.95491,38.57539],[140.95496,38.57508],[140.95442,38.57356],[140.95277,38.57342],[140.95265,38.57459],[140.9522,38.57586],[140.95508,38.57553]]]},"properties":{"key":"04215013001","name":"古川西館一丁目","pref":"宮城県","prefCode":"04","municipality":"大崎市","areaM2":47713.003,"population":202,"toponymIds":["04-f0841d2381"]}},{"type":"Feature","geometry":{"type":"Polygon","coordinates":[[[140.95477,38.57689],[140.95511,38.57612],[140.95491,38.57556],[140.9522,38.57586],[140.95183,38.57674],[140.9503,38.57616],[140.94912,38.57801],[140.95196,38.5791],[140.95334,38.57923],[140.95472,38.57769],[140.95477,38.57689]]]},"properties":{"key":"042150060","name":"古川二ノ構","pref":"宮城県","prefCode":"04","municipality":"大崎市","areaM2":133862.689,"population":490,"toponymIds":["04-9133d390c5"]}},{"type":"Feature","geometry":{"type":"Polygon","coordinates":[[[140.96336,38.57673],[140.96508,38.57646],[140.96457,38.57486],[140.96226,38.57532],[140.96153,38.57571],[140.96235,38.57692],[140.96336,38.57673]]]},"properties":{"key":"042150070","name":"古川東町","pref":"宮城県","prefCode":"04","municipality":"大崎市","areaM2":45620.564,"population":75,"toponymIds":["04-2cd34dc5ee","04-505d1f8bbe"]}},{"type":"Feature","geometry":{"type":"Polygon","coordinates":[[[141.00199,38.55716],[141.00497,38.55559],[141.00235,38.55305],[141.00155,38.5525],[140.98904,38.55718],[140.98998,38.55868],[140.98882,38.55909],[140.99469,38.56577],[140.99489,38.56617],[140.99766,38.56557],[140.99519,38.56271],[140.99914,38.56056],[140.99808,38.55934],[141.00199,38.55716]]]},"properties":{"key":"042150440","name":"古川深沼","pref":"宮城県","prefCode":"04","municipality":"大崎市","areaM2":917584.472,"population":99,"toponymIds":["04-40b2e9d744"]}},{"type":"Feature","geometry":{"type":"Polygon","coordinates":[[[140.97649,38.5807],[140.97625,38.5798],[140.97331,38.5799],[140.97164,38.58046],[140.97042,38.58041],[140.97122,38.58266],[140.97313,38.58677],[140.97634,38.58276],[140.97649,38.5807]]]},"properties":{"key":"04215100001","name":"古川福沼一丁目","pref":"宮城県","prefCode":"04","municipality":"大崎市","areaM2":247835.782,"population":889,"toponymIds":["04-604b0b702e"]}},{"type":"Feature","geometry":{"type":"Polygon","coordinates":[[[140.9774,38.59158],[140.97843,38.59085],[140.98037,38.59049],[140.98153,38.5905],[140.98716,38.58835],[140.9867,38.58786],[140.98683,38.58738],[140.98902,38.58639],[140.98753,38.58376],[140.98762,38.58329],[140.98786,38.58332],[140.98803,38.58248],[140.98777,38.58237],[140.98787,38.58195],[140.98492,38.58079],[140.98486,38.57984],[140.98158,38.58016],[140.98028,38.58053],[140.97864,38.58063],[140.97763,38.58122],[140.97504,38.58452],[140.97424,38.58523],[140.97313,38.58677],[140.9733,38.58707],[140.97235,38.58928],[140.97453,38.58999],[140.97503,38.58995],[140.97606,38.59146],[140.97637,38.59135],[140.9771,38.5918],[140.9774,38.59158]]]},"properties":{"key":"042150750","name":"古川渕尻","pref":"宮城県","prefCode":"04","municipality":"大崎市","areaM2":1208175.471,"population":190,"toponymIds":["04-d69dfa1e00"]}},{"type":"Feature","geometry":{"type":"Polygon","coordinates":[[[140.94599,38.57201],[140.94691,38.57195],[140.94721,38.57016],[140.9423,38.56969],[140.94183,38.57227],[140.94599,38.57201]]]},"properties":{"key":"04215165001","name":"古川穂波一丁目","pref":"宮城県","prefCode":"04","municipality":"大崎市","areaM2":105779.87,"population":604,"toponymIds":["04-e2e5972d64"]}},{"type":"Feature","geometry":{"type":"Polygon","coordinates":[[[140.96034,38.58132],[140.96192,38.58021],[140.96109,38.57946],[140.96104,38.57851],[140.96093,38.57838],[140.96078,38.57848],[140.95984,38.5777],[140.95817,38.57864],[140.95835,38.57931],[140.95834,38.58039],[140.95868,38.58163],[140.95923,38.58118],[140.9598,38.58167],[140.96034,38.58132]]]},"properties":{"key":"042150080","name":"古川前田町","pref":"宮城県","prefCode":"04","municipality":"大崎市","areaM2":89460.787,"population":383,"toponymIds":["04-d9c105726a"]}},{"type":"Feature","geometry":{"type":"Polygon","coordinates":[[[141.0119,38.58638],[141.0119,38.58603],[141.01379,38.58618],[141.01481,38.58605],[141.01391,38.58399],[141.01403,38.584],[141.01443,38.58491],[141.01541,38.58464],[141.01472,38.58312],[141.01488,38.58181],[141.01525,38.58183],[141.01547,38.58002],[141.01567,38.57987],[141.01571,38.57948],[141.01558,38.57941],[141.01557,38.57897],[141.01474,38.57899],[141.01443,38.57821],[141.01409,38.57823],[141.01358,38.57528],[141.01209,38.57568],[141.009,38.57593],[141.00784,38.57633],[141.00781,38.57611],[141.00646,38.57625],[141.00594,38.57723],[141.00513,38.57813],[141.00343,38.5792],[141.00311,38.57997],[141.00204,38.5815],[140.99965,38.58333],[141.00022,38.58341],[141.00099,38.58386],[141.00326,38.58436],[141.00324,38.58412],[141.01034,38.58373],[141.01045,38.58452],[141.01062,38.58466],[141.01074,38.58519],[141.01086,38.58536],[141.01115,38.58535],[141.01115,38.58594],[141.01149,38.58598],[141.01148,38.58646],[141.01194,38.58648],[141.0119,38.58638]]]},"properties":{"key":"042150770","name":"古川馬櫛","pref":"宮城県","prefCode":"04","municipality":"大崎市","areaM2":985553.314,"population":120,"toponymIds":["04-de160255a2"]}},{"type":"Feature","geometry":{"type":"Polygon","coordinates":[[[140.99664,38.60743],[140.99794,38.60713],[140.998,38.6073],[141.00062,38.60696],[141.00014,38.6057],[141.00263,38.60511],[141.00232,38.60428],[141.00248,38.60422],[141.00101,38.60319],[141.00274,38.6027],[141.0024,38.59938],[141.00516,38.59852],[141.00628,38.59836],[141.00623,38.59785],[141.00518,38.59795],[141.00378,38.59741],[140.9986,38.59796],[140.99878,38.597],[140.99739,38.59685],[140.99461,38.59582],[140.99423,38.59589],[140.99337,38.59567],[140.99162,38.59558],[140.9908,38.59575],[140.99072,38.59611],[140.99064,38.59653],[140.99124,38.59745],[140.98997,38.59798],[140.98877,38.59808],[140.98909,38.59861],[140.9872,38.59882],[140.98749,38.60034],[140.98469,38.60067],[140.98478,38.60115],[140.98821,38.60147],[140.98926,38.60125],[140.99006,38.6009],[140.99068,38.60222],[140.99146,38.60199],[140.99159,38.6022],[140.99333,38.60175],[140.99354,38.60223],[140.99411,38.60209],[140.9944,38.60256],[140.99582,38.60219],[140.9962,38.60309],[140.99601,38.60313],[140.99615,38.60347],[140.99516,38.60374],[140.99497,38.60347],[140.99349,38.6039],[140.99277,38.60332],[140.99199,38.60392],[140.99093,38.60307],[140.99177,38.60667],[140.98898,38.60708],[140.98935,38.60862],[140.99208,38.60822],[140.99345,38.60823],[140.99372,38.60847],[140.99402,38.60842],[140.99587,38.60752],[140.99664,38.60743]]]},"properties":{"key":"042150720","name":"古川馬放","pref":"宮城県","prefCode":"04","municipality":"大崎市","areaM2":1295960.25,"population":167,"toponymIds":["04-d65f47cefc"]}},{"type":"Feature","geometry":{"type":"Polygon","coordinates":[[[140.98278,38.56658],[140.98291,38.5665],[140.98338,38.56753],[140.98367,38.56754],[140.98379,38.5678],[140.98423,38.56747],[140.98527,38.56723],[140.98559,38.56721],[140.98571,38.56751],[140.98766,38.56712],[140.9884,38.56575],[140.98755,38.5639],[140.98745,38.56323],[140.98835,38.56299],[140.98867,38.56267],[140.98852,38.56246],[140.98768,38.56251],[140.98755,38.56223],[140.98774,38.56217],[140.9874,38.56162],[140.98817,38.56131],[140.98794,38.5604],[140.9886,38.56017],[140.98832,38.55993],[140.98805,38.55929],[140.98998,38.55868],[140.98791,38.55533],[140.98213,38.55757],[140.97536,38.56161],[140.97205,38.56312],[140.97226,38.5638],[140.97518,38.56247],[140.97589,38.56464],[140.97891,38.56476],[140.97951,38.56459],[140.97921,38.56629],[140.97924,38.56782],[140.9816,38.56717],[140.98278,38.56658]]]},"properties":{"key":"042150420","name":"古川馬寄","pref":"宮城県","prefCode":"04","municipality":"大崎市","areaM2":1078668.071,"population":204,"toponymIds":["04-1e10f9f110"]}},{"type":"Feature","geometry":{"type":"Polygon","coordinates":[[[140.95614,38.57544],[140.95634,38.57535],[140.95662,38.57482],[140.9568,38.57399],[140.95732,38.57352],[140.95668,38.57321],[140.95602,38.57369],[140.95451,38.57384],[140.95496,38.57508],[140.95491,38.57539],[140.95506,38.57544],[140.95491,38.57556],[140.95511,38.57612],[140.95614,38.57544]]]},"properties":{"key":"04215014001","name":"古川三日町一丁目","pref":"宮城県","prefCode":"04","municipality":"大崎市","areaM2":37866.268,"population":95,"toponymIds":["04-59cbdc2390"]}},{"type":"Feature","geometry":{"type":"Polygon","coordinates":[[[140.88939,38.60257],[140.88928,38.6022],[140.88893,38.60194],[140.88824,38.60211],[140.88773,38.60205],[140.8879,38.60116],[140.88768,38.60032],[140.88834,38.59934],[140.88825,38.5989],[140.88842,38.59829],[140.88828,38.59779],[140.88839,38.59737],[140.8887,38.59702],[140.88871,38.59621],[140.8881,38.59595],[140.88849,38.59515],[140.88941,38.59476],[140.88964,38.59349],[140.88879,38.59291],[140.8884,38.59242],[140.88709,38.59279],[140.8853,38.59356],[140.88521,38.59385],[140.88535,38.59443],[140.88496,38.59476],[140.88457,38.59478],[140.88391,38.59535],[140.88364,38.59588],[140.88274,38.59691],[140.88156,38.59739],[140.88062,38.59815],[140.88102,38.59831],[140.88175,38.59768],[140.88259,38.59724],[140.8831,38.59788],[140.8837,38.5981],[140.88359,38.59833],[140.88325,38.59823],[140.88323,38.59848],[140.88182,38.59963],[140.87997,38.60217],[140.87927,38.60284],[140.88039,38.60219],[140.88094,38.60374],[140.88146,38.60377],[140.88199,38.60335],[140.88187,38.60276],[140.88199,38.6025],[140.88629,38.60246],[140.88684,38.60293],[140.88749,38.60391],[140.88774,38.60529],[140.88869,38.60562],[140.88867,38.60582],[140.88898,38.60583],[140.88939,38.60257]]]},"properties":{"key":"042150580","name":"古川南沢","pref":"宮城県","prefCode":"04","municipality":"大崎市","areaM2":603296.237,"population":106,"toponymIds":["04-42357c1b31"]}},{"type":"Feature","geometry":{"type":"Polygon","coordinates":[[[140.95895,38.57],[140.95891,38.56889],[140.95865,38.56817],[140.95871,38.56503],[140.95616,38.56737],[140.9564,38.5699],[140.95663,38.5698],[140.95895,38.57]]]},"properties":{"key":"042150090","name":"古川南新町","pref":"宮城県","prefCode":"04","municipality":"大崎市","areaM2":90516.179,"population":323,"toponymIds":["04-d1726cb0ef"]}},{"type":"Feature","geometry":{"type":"Polygon","coordinates":[[[140.95869,38.57228],[140.95887,38.57212],[140.95875,38.57125],[140.95302,38.5716],[140.95294,38.5723],[140.95392,38.5721],[140.95413,38.57264],[140.95433,38.57267],[140.95633,38.57222],[140.95832,38.57269],[140.95869,38.57228]]]},"properties":{"key":"04215015001","name":"古川南町一丁目","pref":"宮城県","prefCode":"04","municipality":"大崎市","areaM2":55628.893,"population":223,"toponymIds":["04-a364c238ef"]}},{"type":"Feature","geometry":{"type":"Polygon","coordinates":[[[140.88312,38.58826],[140.8824,38.58616],[140.88298,38.58516],[140.88222,38.58332],[140.88217,38.5828],[140.88251,38.58187],[140.88404,38.57994],[140.88397,38.57896],[140.88431,38.57783],[140.88431,38.57727],[140.88353,38.5758],[140.88251,38.57567],[140.88198,38.57511],[140.88097,38.576],[140.88012,38.57815],[140.87939,38.57901],[140.8795,38.57964],[140.87833,38.57925],[140.87657,38.5798],[140.87656,38.58004],[140.87723,38.58107],[140.87769,38.58247],[140.87686,38.5827],[140.87677,38.58308],[140.87666,38.58307],[140.87655,38.58457],[140.87632,38.58507],[140.87585,38.58519],[140.87616,38.58589],[140.87622,38.58668],[140.87578,38.58739],[140.87574,38.58778],[140.87433,38.58893],[140.87357,38.58983],[140.8731,38.59128],[140.87416,38.59173],[140.87675,38.59034],[140.87886,38.5903],[140.87922,38.59041],[140.88129,38.58901],[140.88153,38.58929],[140.88258,38.58914],[140.88291,38.58933],[140.88312,38.58826]]]},"properties":{"key":"042150530","name":"古川耳取","pref":"宮城県","prefCode":"04","municipality":"大崎市","areaM2":852747.927,"population":120,"toponymIds":["04-72d6feee3e"]}},{"type":"Feature","geometry":{"type":"Polygon","coordinates":[[[140.97231,38.55485],[140.97234,38.55396],[140.97259,38.55332],[140.97321,38.55258],[140.97551,38.5517],[140.97633,38.55118],[140.97676,38.55142],[140.97737,38.55035],[140.97757,38.55032],[140.97734,38.54959],[140.97685,38.54893],[140.97524,38.54723],[140.97513,38.5465],[140.97198,38.54666],[140.97094,38.54652],[140.96748,38.54756],[140.96483,38.54775],[140.96273,38.54885],[140.96329,38.5498],[140.96099,38.55062],[140.96255,38.55323],[140.96326,38.55501],[140.9636,38.555],[140.96377,38.5556],[140.96477,38.55566],[140.96514,38.55541],[140.96868,38.5547],[140.96908,38.55488],[140.97003,38.55648],[140.97101,38.5571],[140.97165,38.55677],[140.97228,38.55591],[140.9724,38.55557],[140.97231,38.55485]]]},"properties":{"key":"042150810","name":"古川宮内","pref":"宮城県","prefCode":"04","municipality":"大崎市","areaM2":1006157.472,"population":285,"toponymIds":["04-797a1e737c"]}},{"type":"Feature","geometry":{"type":"Polygon","coordinates":[[[140.95653,38.64138],[140.96134,38.64116],[140.96407,38.63962],[140.96412,38.63941],[140.96451,38.63932],[140.9681,38.63723],[140.96748,38.63703],[140.96655,38.63636],[140.96489,38.63477],[140.96392,38.63501],[140.96033,38.63474],[140.9585,38.63512],[140.95745,38.635],[140.95573,38.63386],[140.95451,38.63282],[140.95435,38.63213],[140.95353,38.63208],[140.9535,38.63222],[140.95273,38.63151],[140.95303,38.6315],[140.95301,38.63019],[140.95355,38.63017],[140.95365,38.62915],[140.95337,38.62836],[140.95332,38.62704],[140.95348,38.62621],[140.954,38.62546],[140.95394,38.62435],[140.95366,38.62398],[140.95322,38.62387],[140.95327,38.62412],[140.95195,38.62408],[140.95243,38.62453],[140.95251,38.62482],[140.95111,38.62466],[140.95012,38.62409],[140.94971,38.62219],[140.94899,38.62229],[140.9485,38.62179],[140.94899,38.62082],[140.94964,38.62065],[140.94986,38.61994],[140.94963,38.61948],[140.94918,38.61925],[140.94987,38.61725],[140.94882,38.61679],[140.94923,38.61525],[140.9493,38.61198],[140.94468,38.61193],[140.94451,38.61142],[140.94314,38.61357],[140.94318,38.61445],[140.94246,38.61619],[140.9408,38.61576],[140.93983,38.61583],[140.9396,38.61655],[140.93764,38.61735],[140.93554,38.61887],[140.9342,38.61903],[140.93252,38.61896],[140.93241,38.61927],[140.9294,38.62257],[140.92802,38.62181],[140.92626,38.62149],[140.92632,38.62168],[140.92597,38.62215],[140.9262,38.62241],[140.9262,38.62281],[140.92658,38.62317],[140.92761,38.62319],[140.92714,38.62525],[140.92603,38.62733],[140.92352,38.62773],[140.92206,38.62872],[140.92083,38.6301],[140.91816,38.63107],[140.91773,38.63181],[140.91652,38.63254],[140.91611,38.63297],[140.91542,38.63438],[140.91646,38.63491],[140.91918,38.63755],[140.92044,38.63827],[140.92278,38.63774],[140.9261,38.63647],[140.9273,38.63632],[140.93042,38.63479],[140.93349,38.63381],[140.93572,38.63225],[140.93883,38.63171],[140.94039,38.63068],[140.94062,38.63144],[140.94141,38.6321],[140.94169,38.63187],[140.94171,38.63158],[140.9421,38.631],[140.94257,38.63152],[140.94446,38.6308],[140.94441,38.63144],[140.94486,38.63351],[140.94616,38.63574],[140.94772,38.63748],[140.94943,38.63829],[140.95011,38.63912],[140.9501,38.64075],[140.94974,38.6422],[140.95379,38.64158],[140.95653,38.64138]]]},"properties":{"key":"042150630","name":"古川宮沢","pref":"宮城県","prefCode":"04","municipality":"大崎市","areaM2":5915290.319,"population":574,"toponymIds":["04-5ab6ef3e52"]}},{"type":"Feature","geometry":{"type":"Polygon","coordinates":[[[140.98868,38.54798],[140.99151,38.54208],[140.99343,38.53991],[140.9962,38.53739],[140.9956,38.53678],[140.99612,38.53397],[140.99571,38.53395],[140.99567,38.53379],[140.99592,38.53355],[140.99507,38.5325],[140.99274,38.53209],[140.99196,38.53221],[140.99135,38.53254],[140.98933,38.53428],[140.98675,38.53597],[140.98368,38.53699],[140.98301,38.53747],[140.981,38.5384],[140.98049,38.53842],[140.97775,38.53777],[140.97577,38.53803],[140.97345,38.53732],[140.97238,38.53714],[140.97201,38.53741],[140.97139,38.53864],[140.97061,38.53933],[140.96859,38.54008],[140.9677,38.54019],[140.96683,38.54091],[140.96559,38.54097],[140.96444,38.54181],[140.96271,38.54189],[140.96209,38.54235],[140.96111,38.54252],[140.96007,38.54336],[140.95949,38.54351],[140.95895,38.54418],[140.95706,38.54384],[140.95709,38.54483],[140.95603,38.54476],[140.95793,38.54691],[140.95756,38.54709],[140.95783,38.54767],[140.95847,38.5475],[140.95936,38.54841],[140.96099,38.55062],[140.96329,38.5498],[140.96273,38.54885],[140.96483,38.54775],[140.96748,38.54756],[140.97094,38.54652],[140.97198,38.54666],[140.97513,38.5465],[140.97524,38.54723],[140.97734,38.54959],[140.97774,38.54896],[140.97766,38.54856],[140.9778,38.54807],[140.97863,38.54738],[140.97995,38.54725],[140.98064,38.54734],[140.98164,38.54789],[140.98331,38.54916],[140.98448,38.54836],[140.98514,38.54769],[140.98644,38.54942],[140.98612,38.55031],[140.98749,38.55069],[140.98868,38.54798]]]},"properties":{"key":"042150830","name":"古川師山","pref":"宮城県","prefCode":"04","municipality":"大崎市","areaM2":3320852.392,"population":358,"toponymIds":["04-85fe0da661","04-edc6af0eb9"]}},{"type":"Feature","geometry":{"type":"Polygon","coordinates":[[[140.97875,38.60182],[140.97846,38.60137],[140.98138,38.60123],[140.98132,38.60082],[140.98234,38.60058],[140.98218,38.60049],[140.98379,38.60029],[140.98368,38.59979],[140.9873,38.59933],[140.9872,38.59882],[140.98909,38.59861],[140.98877,38.59808],[140.98997,38.59798],[140.99124,38.59745],[140.99064,38.59653],[140.9908,38.59575],[140.98822,38.5958],[140.98592,38.59534],[140.98448,38.59478],[140.98401,38.59442],[140.98371,38.59449],[140.98448,38.5929],[140.98445,38.59249],[140.98463,38.59241],[140.98467,38.59188],[140.9846,38.59166],[140.98402,38.59139],[140.98335,38.58987],[140.98153,38.5905],[140.98037,38.59049],[140.97843,38.59085],[140.9771,38.5918],[140.97637,38.59135],[140.97606,38.59146],[140.97503,38.58995],[140.97453,38.58999],[140.97235,38.58928],[140.97161,38.59066],[140.97042,38.59195],[140.97229,38.59331],[140.97204,38.59394],[140.97252,38.59419],[140.97238,38.59452],[140.97268,38.59483],[140.97298,38.59507],[140.97367,38.59461],[140.97491,38.59601],[140.97492,38.59625],[140.97425,38.59663],[140.97634,38.59972],[140.97619,38.59977],[140.97636,38.60007],[140.9762,38.60012],[140.97653,38.60066],[140.97605,38.60133],[140.97884,38.60255],[140.97923,38.60259],[140.97875,38.60182]]]},"properties":{"key":"042150700","name":"古川休塚","pref":"宮城県","prefCode":"04","municipality":"大崎市","areaM2":1299575.308,"population":940,"toponymIds":["04-89154c1ed2","04-9e02eeaecc"]}},{"type":"Feature","geometry":{"type":"Polygon","coordinates":[[[140.90689,38.5644],[140.90717,38.56417],[140.90729,38.56434],[140.90771,38.56398],[140.90751,38.56347],[140.90778,38.56343],[140.90815,38.56265],[140.90871,38.56243],[140.90874,38.56221],[140.91027,38.56217],[140.9113,38.56165],[140.91157,38.56125],[140.91194,38.56122],[140.91193,38.56104],[140.91212,38.56097],[140.91229,38.5612],[140.91279,38.5608],[140.9133,38.55991],[140.91378,38.55947],[140.91472,38.55939],[140.9165,38.55793],[140.91873,38.55726],[140.9198,38.55657],[140.9194,38.554],[140.91961,38.55398],[140.91946,38.55295],[140.91698,38.55315],[140.91595,38.55354],[140.91668,38.55261],[140.91289,38.55295],[140.91277,38.55221],[140.91134,38.5524],[140.91071,38.5519],[140.90836,38.55229],[140.90853,38.55334],[140.89823,38.55421],[140.89827,38.55528],[140.89868,38.55574],[140.89867,38.55627],[140.89917,38.55626],[140.89917,38.55656],[140.89947,38.55656],[140.89949,38.55788],[140.89582,38.55796],[140.89581,38.55912],[140.8956,38.55912],[140.89561,38.55996],[140.89398,38.5604],[140.89378,38.5605],[140.89387,38.56072],[140.89621,38.56009],[140.89641,38.561],[140.89703,38.56111],[140.89923,38.5603],[140.90084,38.56006],[140.90094,38.56026],[140.90137,38.56032],[140.90327,38.56009],[140.90335,38.56062],[140.90319,38.56063],[140.90304,38.56112],[140.90403,38.56112],[140.90418,38.56222],[140.90483,38.56216],[140.90605,38.56266],[140.90635,38.56257],[140.90689,38.5644]]]},"properties":{"key":"042150860","name":"古川矢目","pref":"宮城県","prefCode":"04","municipality":"大崎市","areaM2":1572955.106,"population":188,"toponymIds":["04-6a2c65dee9"]}},{"type":"Feature","geometry":{"type":"Polygon","coordinates":[[[140.95316,38.55102],[140.95288,38.54994],[140.9524,38.54899],[140.95336,38.5489],[140.95337,38.54868],[140.95416,38.54864],[140.955,38.54825],[140.95783,38.54767],[140.95756,38.54709],[140.95793,38.54691],[140.95603,38.54476],[140.95709,38.54483],[140.95706,38.54384],[140.95653,38.5427],[140.95601,38.54265],[140.95595,38.54248],[140.95622,38.54217],[140.95612,38.54196],[140.95627,38.5418],[140.95575,38.54173],[140.95498,38.54229],[140.95451,38.54187],[140.95406,38.54295],[140.95169,38.54306],[140.95083,38.5433],[140.94995,38.54378],[140.94944,38.5443],[140.9488,38.54451],[140.94812,38.54514],[140.94686,38.54576],[140.94678,38.5465],[140.94716,38.54765],[140.9483,38.54864],[140.94909,38.54872],[140.94939,38.54988],[140.94985,38.55008],[140.95025,38.55006],[140.95023,38.55038],[140.95085,38.55041],[140.95092,38.55025],[140.95119,38.55027],[140.95139,38.55064],[140.95242,38.55032],[140.95266,38.55113],[140.95316,38.55102]]]},"properties":{"key":"042150350","name":"古川米袋","pref":"宮城県","prefCode":"04","municipality":"大崎市","areaM2":558599.6,"population":100,"toponymIds":["04-fa69a7aea8"]}},{"type":"Feature","geometry":{"type":"Polygon","coordinates":[[[140.95354,38.5889],[140.95248,38.58826],[140.95045,38.58647],[140.95023,38.58745],[140.94967,38.58844],[140.94957,38.58909],[140.94991,38.58881],[140.9507,38.58949],[140.95029,38.58977],[140.95117,38.59053],[140.95354,38.5889]]]},"properties":{"key":"04215030001","name":"古川若葉町一丁目","pref":"宮城県","prefCode":"04","municipality":"大崎市","areaM2":70346.387,"population":277,"toponymIds":["04-b692a9fb38"]}},{"type":"Feature","geometry":{"type":"Polygon","coordinates":[[[140.88381,38.36153],[140.88494,38.36137],[140.88517,38.36098],[140.88548,38.36089],[140.88541,38.36056],[140.88559,38.3603],[140.88473,38.35948],[140.88505,38.35857],[140.88558,38.35841],[140.88505,38.35764],[140.8856,38.35689],[140.8862,38.3568],[140.88605,38.35606],[140.88687,38.35591],[140.88702,38.35619],[140.88763,38.3562],[140.88814,38.3559],[140.88781,38.35537],[140.8869,38.35556],[140.88615,38.35508],[140.88494,38.35533],[140.88488,38.3556],[140.8847,38.35568],[140.88416,38.3557],[140.88399,38.35536],[140.88301,38.35571],[140.88238,38.35537],[140.88212,38.35507],[140.88216,38.35418],[140.88187,38.35402],[140.8816,38.35315],[140.88177,38.35271],[140.88137,38.35259],[140.88078,38.35147],[140.88015,38.35176],[140.881,38.35299],[140.88115,38.35439],[140.88138,38.35472],[140.88118,38.35508],[140.88139,38.35543],[140.88122,38.35596],[140.8814,38.35632],[140.88117,38.35699],[140.88117,38.35959],[140.8813,38.35976],[140.881,38.36071],[140.88143,38.36118],[140.88141,38.36173],[140.88381,38.36153]]]},"properties":{"key":"042160180","name":"明石","pref":"宮城県","prefCode":"04","municipality":"富谷市","areaM2":289383.258,"population":20,"toponymIds":["04-45b4a6e985","04-0294155a43"]}},{"type":"Feature","geometry":{"type":"Polygon","coordinates":[[[140.91636,38.37676],[140.91757,38.37681],[140.91815,38.37592],[140.91829,38.3753],[140.91824,38.37443],[140.91744,38.3728],[140.91731,38.37223],[140.91741,38.37117],[140.91824,38.369],[140.91982,38.36658],[140.92086,38.36573],[140.92464,38.36457],[140.92743,38.36451],[140.92799,38.36394],[140.92815,38.36317],[140.92783,38.36045],[140.92784,38.35891],[140.92722,38.35732],[140.92727,38.3561],[140.9283,38.35512],[140.92837,38.35423],[140.92867,38.35352],[140.929,38.35345],[140.92969,38.35376],[140.93056,38.35355],[140.93081,38.35311],[140.93071,38.35251],[140.93085,38.35187],[140.93118,38.35134],[140.93198,38.35062],[140.93162,38.34864],[140.9325,38.34774],[140.93259,38.34738],[140.93322,38.34654],[140.93387,38.34602],[140.93359,38.34563],[140.9337,38.34486],[140.93349,38.34413],[140.93361,38.34385],[140.93393,38.3437],[140.93426,38.34292],[140.93472,38.34282],[140.93491,38.34252],[140.93439,38.34114],[140.93438,38.3407],[140.93342,38.3407],[140.93274,38.34028],[140.93178,38.34002],[140.9311,38.34021],[140.92978,38.34004],[140.92926,38.33944],[140.92807,38.33874],[140.92763,38.33857],[140.92689,38.33859],[140.92709,38.33914],[140.92702,38.33939],[140.92618,38.34025],[140.9253,38.34213],[140.92451,38.34304],[140.92285,38.3437],[140.92201,38.34382],[140.9207,38.34506],[140.91928,38.34563],[140.91904,38.34737],[140.91928,38.34785],[140.91912,38.3491],[140.91822,38.35035],[140.91747,38.35107],[140.91678,38.35148],[140.91511,38.35388],[140.91471,38.35529],[140.91404,38.35647],[140.91255,38.35842],[140.91271,38.35965],[140.91255,38.36007],[140.90941,38.36202],[140.9092,38.36284],[140.91029,38.36502],[140.91029,38.36645],[140.9097,38.36751],[140.90851,38.36896],[140.90746,38.37125],[140.90823,38.37206],[140.90883,38.37325],[140.90922,38.3746],[140.90949,38.37695],[140.90945,38.38125],[140.90965,38.38157],[140.91224,38.38285],[140.91278,38.38327],[140.9136,38.3844],[140.91633,38.38326],[140.91657,38.38302],[140.91675,38.38235],[140.91681,38.38133],[140.9166,38.37935],[140.91613,38.3779],[140.91615,38.37697],[140.91636,38.37676]]]},"properties":{"key":"042160170","name":"石積","pref":"宮城県","prefCode":"04","municipality":"富谷市","areaM2":4885020.596,"population":130,"toponymIds":["04-34a48571ab","04-3c94b0a6af"]}},{"type":"Feature","geometry":{"type":"Polygon","coordinates":[[[140.887,38.41295],[140.88668,38.41165],[140.88585,38.41151],[140.88578,38.41132],[140.88497,38.41084],[140.88525,38.41027],[140.88553,38.41022],[140.88517,38.40943],[140.88467,38.40928],[140.8845,38.40946],[140.88309,38.40899],[140.88281,38.40948],[140.88228,38.40949],[140.88232,38.40908],[140.88267,38.40869],[140.88291,38.40806],[140.88281,38.40754],[140.88296,38.40696],[140.88339,38.40662],[140.88373,38.40606],[140.88291,38.40567],[140.8834,38.40504],[140.88321,38.40484],[140.88318,38.40417],[140.88246,38.40357],[140.88264,38.40317],[140.88216,38.40281],[140.88203,38.4023],[140.88138,38.40232],[140.88007,38.40194],[140.87895,38.40183],[140.87622,38.40184],[140.87619,38.4023],[140.87636,38.4026],[140.87561,38.40296],[140.87478,38.40369],[140.87505,38.40401],[140.87521,38.40466],[140.87517,38.40527],[140.87405,38.40577],[140.87363,38.40638],[140.8724,38.40586],[140.87243,38.4081],[140.87228,38.40842],[140.86984,38.4078],[140.86946,38.40719],[140.86873,38.4069],[140.86837,38.40685],[140.86799,38.407],[140.86685,38.40674],[140.86596,38.40639],[140.865,38.40567],[140.86457,38.40569],[140.8643,38.40553],[140.86368,38.40588],[140.86317,38.40517],[140.86231,38.40508],[140.862,38.40429],[140.86135,38.40462],[140.86068,38.40439],[140.86076,38.40387],[140.8594,38.403],[140.85888,38.40227],[140.8576,38.40228],[140.8573,38.40274],[140.85708,38.40384],[140.8571,38.40497],[140.85805,38.40626],[140.85871,38.4067],[140.85864,38.40701],[140.85894,38.40723],[140.85873,38.40768],[140.85928,38.40815],[140.85913,38.40835],[140.86067,38.40886],[140.86072,38.40961],[140.86111,38.40963],[140.86149,38.41028],[140.86323,38.41087],[140.86854,38.41158],[140.86933,38.41188],[140.87005,38.4124],[140.87157,38.41284],[140.8795,38.41254],[140.88073,38.41228],[140.88247,38.41152],[140.88295,38.41149],[140.88294,38.41122],[140.88264,38.41108],[140.88281,38.41079],[140.88436,38.41147],[140.88429,38.41183],[140.88511,38.4124],[140.88494,38.41251],[140.88696,38.41384],[140.88735,38.41401],[140.887,38.41295]]]},"properties":{"key":"042160080","name":"一ノ関","pref":"宮城県","prefCode":"04","municipality":"富谷市","areaM2":1753570.114,"population":514,"toponymIds":["04-3c2c6343f2"]}},{"type":"Feature","geometry":{"type":"Polygon","coordinates":[[[140.93576,38.40277],[140.93655,38.40147],[140.93585,38.40133],[140.93541,38.40093],[140.93491,38.40017],[140.93458,38.39889],[140.93396,38.39842],[140.93362,38.39754],[140.93379,38.39601],[140.93321,38.39513],[140.93321,38.39425],[140.93374,38.39338],[140.9347,38.39287],[140.93653,38.39086],[140.93701,38.3901],[140.93709,38.38912],[140.93594,38.3885],[140.93585,38.38808],[140.93638,38.38755],[140.93644,38.38719],[140.93607,38.38632],[140.93657,38.38535],[140.93685,38.38392],[140.93758,38.38301],[140.93763,38.38268],[140.93723,38.38228],[140.93717,38.38199],[140.93764,38.38089],[140.93742,38.37961],[140.93778,38.37821],[140.93783,38.37707],[140.93736,38.37671],[140.93722,38.3763],[140.93648,38.37585],[140.93678,38.37514],[140.93639,38.37483],[140.93652,38.37458],[140.93545,38.3744],[140.93451,38.37382],[140.93267,38.37613],[140.93129,38.37707],[140.93153,38.37904],[140.93147,38.37961],[140.9309,38.38093],[140.92956,38.38267],[140.92918,38.38372],[140.9282,38.3841],[140.9268,38.38425],[140.92613,38.38452],[140.92338,38.38377],[140.91986,38.37879],[140.91757,38.37681],[140.91636,38.37676],[140.91615,38.37697],[140.91613,38.3779],[140.9166,38.37935],[140.91681,38.38133],[140.91657,38.38302],[140.91633,38.38326],[140.9136,38.3844],[140.91371,38.38542],[140.91492,38.38883],[140.91461,38.39194],[140.91672,38.39243],[140.91904,38.39265],[140.92008,38.39302],[140.92055,38.39443],[140.92059,38.39555],[140.9204,38.3967],[140.91852,38.40166],[140.9153,38.40305],[140.91534,38.40396],[140.91644,38.40488],[140.91705,38.40486],[140.91732,38.40453],[140.9176,38.40449],[140.9188,38.40477],[140.92007,38.40543],[140.92062,38.40597],[140.92109,38.40599],[140.92186,38.40527],[140.92229,38.40516],[140.92262,38.40527],[140.92302,38.40588],[140.92449,38.40594],[140.92504,38.40586],[140.92544,38.40565],[140.92573,38.40524],[140.92779,38.4043],[140.92783,38.404],[140.92751,38.40365],[140.9276,38.40344],[140.92976,38.4027],[140.9306,38.40273],[140.93118,38.40258],[140.9316,38.40265],[140.932,38.40298],[140.93377,38.40682],[140.93576,38.40372],[140.93531,38.40351],[140.93576,38.40277]]]},"properties":{"key":"042160150","name":"今泉","pref":"宮城県","prefCode":"04","municipality":"富谷市","areaM2":4522687.766,"population":137,"toponymIds":["04-dfcecffa99"]}},{"type":"Feature","geometry":{"type":"Polygon","coordinates":[[[140.89965,38.39618],[140.90012,38.39579],[140.90044,38.39153],[140.90145,38.38889],[140.90144,38.38829],[140.90026,38.3864],[140.90021,38.38504],[140.89811,38.38215],[140.89778,38.38135],[140.89742,38.37896],[140.89638,38.37764],[140.89597,38.37668],[140.89486,38.37524],[140.89388,38.37209],[140.89285,38.37078],[140.89181,38.37017],[140.89204,38.3694],[140.8914,38.37005],[140.8909,38.3698],[140.89082,38.36938],[140.89065,38.36928],[140.89003,38.36898],[140.88957,38.36903],[140.88923,38.36845],[140.88932,38.36815],[140.88877,38.36802],[140.88784,38.36903],[140.88733,38.36912],[140.88623,38.36718],[140.88459,38.36655],[140.88474,38.36694],[140.88541,38.36725],[140.88438,38.36754],[140.88515,38.36884],[140.88474,38.369],[140.88407,38.36822],[140.88254,38.36822],[140.88222,38.368],[140.88171,38.36821],[140.88134,38.36796],[140.88112,38.36814],[140.87879,38.36786],[140.87875,38.36867],[140.87835,38.36928],[140.87873,38.36987],[140.87865,38.37019],[140.87887,38.3707],[140.87876,38.37087],[140.87893,38.37149],[140.87904,38.37166],[140.88039,38.37197],[140.88089,38.37225],[140.88079,38.37251],[140.88108,38.37327],[140.88072,38.37452],[140.881,38.37499],[140.88077,38.37549],[140.88122,38.3764],[140.881,38.37685],[140.88118,38.37728],[140.88075,38.37759],[140.88212,38.38038],[140.8827,38.38048],[140.88361,38.38131],[140.88376,38.38184],[140.88345,38.3828],[140.88445,38.3838],[140.88445,38.38444],[140.88507,38.38485],[140.88511,38.38607],[140.88589,38.38592],[140.88699,38.38601],[140.88876,38.38701],[140.8899,38.38799],[140.89171,38.38862],[140.89372,38.39054],[140.89509,38.39266],[140.89667,38.39457],[140.89703,38.39541],[140.89748,38.39542],[140.89757,38.39645],[140.89849,38.39652],[140.89806,38.39669],[140.8982,38.39679],[140.89965,38.39618]]]},"properties":{"key":"042160130","name":"穀田","pref":"宮城県","prefCode":"04","municipality":"富谷市","areaM2":3189007.234,"population":82,"toponymIds":["04-0fde7478ef"]}},{"type":"Feature","geometry":{"type":"Polygon","coordinates":[[[140.89748,38.42508],[140.90048,38.42486],[140.90082,38.42445],[140.90035,38.42371],[140.90031,38.42297],[140.90047,38.42253],[140.89983,38.42176],[140.89996,38.42143],[140.89987,38.42084],[140.90039,38.42079],[140.9004,38.42031],[140.90019,38.41994],[140.89892,38.41981],[140.89888,38.419],[140.89993,38.41926],[140.9,38.4186],[140.89953,38.41827],[140.89999,38.41776],[140.90176,38.41761],[140.90236,38.41681],[140.90369,38.41623],[140.90525,38.41508],[140.90512,38.41469],[140.90412,38.41409],[140.90312,38.41397],[140.90227,38.41363],[140.90218,38.41346],[140.90322,38.41251],[140.90421,38.41057],[140.90434,38.40776],[140.90361,38.40701],[140.90266,38.40638],[140.90168,38.40609],[140.8994,38.40617],[140.89843,38.4052],[140.89816,38.4045],[140.89772,38.40408],[140.89633,38.40387],[140.8957,38.40414],[140.89441,38.40417],[140.89351,38.40477],[140.89166,38.40503],[140.89138,38.40502],[140.89123,38.40467],[140.89059,38.40457],[140.89052,38.40481],[140.89011,38.40501],[140.89071,38.40516],[140.89037,38.40636],[140.89022,38.40764],[140.88824,38.40838],[140.88766,38.40893],[140.88705,38.40985],[140.8864,38.41001],[140.88635,38.40978],[140.88514,38.40952],[140.88553,38.41022],[140.88525,38.41027],[140.88497,38.41084],[140.88578,38.41132],[140.88585,38.41151],[140.88668,38.41165],[140.88735,38.41401],[140.88696,38.41384],[140.88743,38.41489],[140.88726,38.41499],[140.88745,38.41539],[140.88763,38.41537],[140.88813,38.41662],[140.88691,38.41655],[140.88635,38.42069],[140.88583,38.42074],[140.8858,38.42143],[140.88556,38.4215],[140.88546,38.4219],[140.88692,38.42254],[140.88708,38.42287],[140.88728,38.42293],[140.88783,38.42259],[140.88806,38.42275],[140.88862,38.42257],[140.88954,38.42256],[140.88938,38.42166],[140.88977,38.42163],[140.88981,38.42191],[140.89338,38.42159],[140.89369,38.42351],[140.89721,38.4232],[140.89748,38.42508]],[[140.89448,38.41667],[140.89287,38.41604],[140.89215,38.41596],[140.89236,38.41483],[140.89194,38.41439],[140.89098,38.41408],[140.89165,38.41346],[140.89069,38.41259],[140.88986,38.41248],[140.88978,38.41271],[140.8887,38.41289],[140.88892,38.41189],[140.89027,38.40933],[140.89198,38.40976],[140.89527,38.4141],[140.89541,38.41455],[140.89518,38.41503],[140.89545,38.4154],[140.89549,38.41581],[140.89511,38.41636],[140.89516,38.41661],[140.89448,38.41667]]]},"properties":{"key":"042160100","name":"三ノ関","pref":"宮城県","prefCode":"04","municipality":"富谷市","areaM2":2428597.259,"population":489,"toponymIds":["04-fb243c5b16","04-d25da3d36a"]}},{"type":"Feature","geometry":{"type":"Polygon","coordinates":[[[140.90776,38.37056],[140.90851,38.36896],[140.90602,38.36855],[140.90554,38.3683],[140.90487,38.36751],[140.9034,38.36869],[140.90287,38.36955],[140.90251,38.3692],[140.90118,38.36853],[140.9013,38.36836],[140.90088,38.36816],[140.89991,38.36811],[140.89929,38.3677],[140.89827,38.36758],[140.8983,38.36866],[140.89801,38.36872],[140.89803,38.36932],[140.89759,38.36944],[140.89736,38.36922],[140.897,38.36925],[140.89688,38.36895],[140.89635,38.36869],[140.89606,38.36872],[140.89605,38.36911],[140.89589,38.36923],[140.89544,38.36934],[140.89484,38.36869],[140.89465,38.36869],[140.89469,38.36952],[140.89418,38.3698],[140.89362,38.36962],[140.89374,38.36998],[140.89311,38.37017],[140.89318,38.37031],[140.89285,38.37078],[140.89388,38.37209],[140.89486,38.37524],[140.89597,38.37668],[140.89638,38.37764],[140.89742,38.37896],[140.89778,38.38135],[140.89811,38.38215],[140.8993,38.38391],[140.90021,38.38504],[140.90364,38.38629],[140.90517,38.38707],[140.9096,38.39056],[140.90988,38.39097],[140.9106,38.3932],[140.91112,38.39588],[140.91192,38.39607],[140.91388,38.39522],[140.91371,38.39268],[140.91461,38.39194],[140.91492,38.38883],[140.91371,38.38542],[140.9136,38.3844],[140.91278,38.38327],[140.91224,38.38285],[140.90965,38.38157],[140.90945,38.38125],[140.90949,38.37695],[140.90922,38.3746],[140.90883,38.37325],[140.90823,38.37206],[140.90746,38.37125],[140.90776,38.37056]]]},"properties":{"key":"042160190","name":"西成田","pref":"宮城県","prefCode":"04","municipality":"富谷市","areaM2":2801237.057,"population":208,"toponymIds":["04-e688621dcc","04-48c3ab9aea","04-f9c70b0747"]}},{"type":"Feature","geometry":{"type":"Polygon","coordinates":[[[140.88143,38.42843],[140.8816,38.4276],[140.88143,38.42744],[140.88166,38.42743],[140.88197,38.42665],[140.88187,38.42606],[140.8824,38.42491],[140.88349,38.42431],[140.88385,38.42442],[140.88704,38.4228],[140.88692,38.42254],[140.88546,38.4219],[140.88556,38.4215],[140.8858,38.42143],[140.88583,38.42074],[140.88635,38.42069],[140.88691,38.41655],[140.88813,38.41662],[140.88763,38.41537],[140.88745,38.41539],[140.88726,38.41499],[140.88743,38.41489],[140.88713,38.41406],[140.8869,38.41375],[140.88494,38.41251],[140.88511,38.4124],[140.88429,38.41183],[140.88436,38.41147],[140.88281,38.41079],[140.88264,38.41108],[140.88294,38.41122],[140.88295,38.41149],[140.88247,38.41152],[140.88073,38.41228],[140.8795,38.41254],[140.87157,38.41284],[140.87029,38.41247],[140.87027,38.41272],[140.87088,38.413],[140.87082,38.41354],[140.87199,38.41362],[140.87181,38.41577],[140.87241,38.41645],[140.87237,38.41717],[140.8725,38.41764],[140.87271,38.4178],[140.87276,38.41868],[140.87294,38.41912],[140.87266,38.41964],[140.87267,38.42024],[140.87333,38.42151],[140.87315,38.42182],[140.87329,38.42237],[140.87208,38.42343],[140.87188,38.42345],[140.8719,38.42379],[140.87276,38.42429],[140.87351,38.42504],[140.87575,38.42648],[140.87751,38.42721],[140.87821,38.42715],[140.87891,38.42743],[140.87943,38.42822],[140.87996,38.42846],[140.88019,38.42825],[140.88126,38.42865],[140.88143,38.42843]]]},"properties":{"key":"042160090","name":"二ノ関","pref":"宮城県","prefCode":"04","municipality":"富谷市","areaM2":1881227.194,"population":161,"toponymIds":["04-5d5b8b79bd"]}},{"type":"Feature","geometry":{"type":"Polygon","coordinates":[[[141.47051,38.83247],[141.47186,38.83222],[141.47325,38.83244],[141.47523,38.83377],[141.47561,38.83392],[141.47665,38.83387],[141.4781,38.83049],[141.47914,38.82849],[141.48052,38.82714],[141.48256,38.82581],[141.48408,38.82496],[141.48529,38.82463],[141.48527,38.82396],[141.48576,38.82169],[141.48643,38.82099],[141.48818,38.82071],[141.49058,38.81615],[141.492,38.8126],[141.49311,38.8105],[141.48563,38.81238],[141.48361,38.81321],[141.48233,38.81402],[141.48091,38.81076],[141.48088,38.81027],[141.47955,38.8102],[141.47896,38.80993],[141.47776,38.80807],[141.47703,38.8077],[141.47479,38.80757],[141.46338,38.80784],[141.46206,38.8093],[141.4599,38.81318],[141.45873,38.81498],[141.45875,38.81521],[141.45532,38.81603],[141.45385,38.81687],[141.45307,38.8189],[141.45398,38.8206],[141.4543,38.82183],[141.45429,38.82242],[141.45414,38.82272],[141.4533,38.82338],[141.45361,38.82457],[141.4534,38.825],[141.45264,38.82569],[141.45248,38.82618],[141.45253,38.82695],[141.4517,38.82811],[141.45179,38.82929],[141.45159,38.82989],[141.45176,38.83059],[141.45155,38.83103],[141.45083,38.83164],[141.45043,38.83272],[141.45072,38.83354],[141.45029,38.83425],[141.45118,38.83465],[141.45238,38.83483],[141.45383,38.8349],[141.45507,38.83468],[141.45642,38.83409],[141.45823,38.83285],[141.45933,38.83247],[141.46037,38.83238],[141.46151,38.83264],[141.46692,38.83555],[141.46783,38.8358],[141.46896,38.83555],[141.46957,38.83515],[141.47003,38.83399],[141.47012,38.83302],[141.47051,38.83247]]]},"properties":{"key":"04205020026","name":"本吉町上川内","pref":"宮城県","prefCode":"04","municipality":"気仙沼市","areaM2":7247519.412,"population":161,"toponymIds":["04-53ac457aab"]}},{"type":"Feature","geometry":{"type":"Polygon","coordinates":[[[141.58152,38.91996],[141.58223,38.91998],[141.58106,38.91612],[141.57979,38.91637],[141.58056,38.91821],[141.58104,38.92018],[141.58152,38.91996]]]},"properties":{"key":"042050660","name":"西みなと町","pref":"宮城県","prefCode":"04","municipality":"気仙沼市","areaM2":43899.965,"population":59,"toponymIds":["04-ac338a6d3d"]}},{"type":"Feature","geometry":{"type":"Polygon","coordinates":[[[141.55701,38.90045],[141.55823,38.90001],[141.55728,38.89884],[141.55735,38.89825],[141.5571,38.89809],[141.55712,38.89784],[141.5577,38.89752],[141.55818,38.89697],[141.55934,38.89663],[141.55723,38.89504],[141.55623,38.89565],[141.55623,38.8963],[141.55558,38.89721],[141.55577,38.89758],[141.55491,38.89786],[141.55529,38.89857],[141.55453,38.89864],[141.55438,38.90039],[141.55497,38.90031],[141.55624,38.90072],[141.55701,38.90045]]]},"properties":{"key":"04205001002","name":"九条","pref":"宮城県","prefCode":"04","municipality":"気仙沼市","areaM2":131577.282,"population":334,"toponymIds":["04-f479402709"]}},{"type":"Feature","geometry":{"type":"Polygon","coordinates":[[[141.02063,38.63014],[141.02487,38.62933],[141.02404,38.62846],[141.02389,38.62727],[141.0233,38.62626],[141.01974,38.62233],[141.01858,38.62079],[141.01857,38.6205],[141.0171,38.61865],[141.01719,38.61792],[141.01892,38.61508],[141.01964,38.61457],[141.01993,38.61398],[141.02008,38.61401],[141.02118,38.61087],[141.01545,38.61171],[141.01428,38.61136],[141.01241,38.61198],[141.01032,38.61242],[141.00982,38.61324],[141.00909,38.61356],[141.00875,38.61397],[141.00771,38.6141],[141.0081,38.61665],[141.00906,38.61809],[141.01014,38.61897],[141.00959,38.61949],[141.01035,38.61967],[141.01065,38.62003],[141.01223,38.62242],[141.01242,38.62355],[141.0135,38.62465],[141.01359,38.62542],[141.01325,38.62614],[141.01383,38.62757],[141.01374,38.62878],[141.01483,38.62852],[141.01477,38.62797],[141.01494,38.62796],[141.01511,38.62851],[141.01648,38.63018],[141.01688,38.63005],[141.01919,38.63055],[141.02063,38.63014]]]},"properties":{"key":"042151530","name":"田尻八幡","pref":"宮城県","prefCode":"04","municipality":"大崎市","areaM2":1648382.248,"population":195,"toponymIds":["04-a4b6e6618c"]}},{"type":"Feature","geometry":{"type":"Polygon","coordinates":[[[140.83272,38.21554],[140.83262,38.21542],[140.83217,38.21578],[140.83048,38.21604],[140.83023,38.2166],[140.83012,38.2181],[140.82871,38.21914],[140.831,38.22052],[140.83393,38.22137],[140.83554,38.21973],[140.83503,38.21922],[140.83272,38.21554]]]},"properties":{"key":"041040760","name":"山田上ノ台町","pref":"宮城県","prefCode":"04","municipality":"仙台市太白区","areaM2":214984.886,"population":975,"toponymIds":["04-46ea2e016c"]}},{"type":"Feature","geometry":{"type":"Polygon","coordinates":[[[140.73054,38.34634],[140.73278,38.34646],[140.7333,38.346],[140.73467,38.34583],[140.7348,38.34544],[140.73604,38.34536],[140.73676,38.34506],[140.7386,38.34387],[140.7412,38.34396],[140.74425,38.34282],[140.74615,38.34375],[140.74658,38.34372],[140.74697,38.34336],[140.74721,38.34334],[140.74762,38.34358],[140.74907,38.34375],[140.75056,38.34326],[140.75104,38.34339],[140.75123,38.34365],[140.75152,38.34342],[140.7519,38.34344],[140.75209,38.34388],[140.75277,38.34348],[140.75372,38.34345],[140.75389,38.34307],[140.75438,38.34333],[140.75491,38.34325],[140.75502,38.34367],[140.75519,38.34373],[140.75562,38.34362],[140.75631,38.34275],[140.75662,38.34282],[140.75666,38.34325],[140.75683,38.34338],[140.75724,38.34344],[140.75771,38.34284],[140.75793,38.34278],[140.7587,38.34307],[140.75969,38.3438],[140.76027,38.34398],[140.76161,38.34383],[140.76227,38.34336],[140.76269,38.34334],[140.76312,38.34255],[140.76353,38.34241],[140.76375,38.34286],[140.76452,38.34267],[140.7645,38.34302],[140.76526,38.34329],[140.76587,38.34336],[140.76625,38.3432],[140.76695,38.34336],[140.76679,38.34301],[140.76709,38.34234],[140.76686,38.34193],[140.76616,38.34143],[140.76605,38.34089],[140.76674,38.33993],[140.76776,38.33976],[140.7681,38.33945],[140.76714,38.33857],[140.76808,38.33857],[140.76801,38.33803],[140.76729,38.33792],[140.76715,38.33743],[140.76647,38.33673],[140.76635,38.33635],[140.76596,38.33711],[140.76555,38.33719],[140.76403,38.33665],[140.76336,38.33558],[140.76413,38.33519],[140.76526,38.33415],[140.76647,38.33402],[140.76685,38.33382],[140.76703,38.33322],[140.76816,38.33326],[140.76842,38.33309],[140.77117,38.33413],[140.77238,38.33481],[140.77363,38.33509],[140.77394,38.33549],[140.77393,38.33607],[140.77431,38.3364],[140.7765,38.33627],[140.77688,38.33613],[140.77747,38.33624],[140.77777,38.33695],[140.7779,38.33875],[140.7776,38.33937],[140.77798,38.34018],[140.77945,38.34015],[140.78006,38.34061],[140.78281,38.34175],[140.78256,38.342],[140.78232,38.34275],[140.78352,38.34287],[140.78481,38.34174],[140.78634,38.34108],[140.78858,38.34279],[140.79897,38.33433],[140.79657,38.33251],[140.79752,38.33171],[140.79654,38.33095],[140.79591,38.33066],[140.79441,38.33033],[140.79428,38.33087],[140.79296,38.33163],[140.7929,38.33185],[140.79207,38.33263],[140.79054,38.33376],[140.79058,38.33431],[140.78929,38.33472],[140.78756,38.33383],[140.78498,38.33345],[140.78455,38.33291],[140.78358,38.33297],[140.78261,38.33356],[140.77913,38.33354],[140.77872,38.3333],[140.77771,38.3333],[140.77668,38.33273],[140.77661,38.33164],[140.77466,38.33164],[140.7743,38.33193],[140.77309,38.33147],[140.77159,38.33146],[140.77098,38.33115],[140.77091,38.33072],[140.77026,38.33073],[140.77005,38.33041],[140.77053,38.32961],[140.77193,38.32954],[140.77262,38.3292],[140.77482,38.32943],[140.77568,38.32889],[140.77577,38.32851],[140.77604,38.32826],[140.77704,38.32783],[140.77768,38.32786],[140.77814,38.32815],[140.78027,38.3283],[140.78011,38.32812],[140.7802,38.32718],[140.78072,38.32685],[140.78096,38.32689],[140.78113,38.32667],[140.78084,38.32658],[140.78092,38.32651],[140.78073,38.32627],[140.78106,38.32551],[140.78105,38.32537],[140.78087,38.32534],[140.7813,38.32484],[140.78197,38.32495],[140.78291,38.3247],[140.784,38.32519],[140.78498,38.32431],[140.78528,38.32423],[140.7872,38.32487],[140.7892,38.32528],[140.7895,38.32568],[140.7895,38.32626],[140.7906,38.32724],[140.79008,38.32796],[140.79087,38.32751],[140.79268,38.32801],[140.7928,38.32868],[140.79268,38.32915],[140.79302,38.32964],[140.79344,38.32891],[140.79463,38.32764],[140.79489,38.32756],[140.79529,38.32778],[140.79595,38.32752],[140.79689,38.32562],[140.79566,38.3256],[140.79546,38.32496],[140.79504,38.32443],[140.79488,38.32375],[140.79453,38.32348],[140.79465,38.3231],[140.7946,38.32065],[140.79438,38.31942],[140.79512,38.31918],[140.79541,38.31885],[140.79467,38.31821],[140.79322,38.31822],[140.79199,38.3165],[140.792,38.31695],[140.79159,38.31742],[140.7908,38.31775],[140.79,38.31855],[140.78981,38.32033],[140.78955,38.32072],[140.78936,38.3218],[140.78878,38.32193],[140.78891,38.32221],[140.78772,38.32219],[140.78743,38.32263],[140.78701,38.32277],[140.78586,38.32225],[140.78439,38.32231],[140.78343,38.32187],[140.78255,38.32175],[140.78208,38.32188],[140.7812,38.32258],[140.78075,38.3224],[140.78033,38.322],[140.77995,38.3222],[140.77924,38.32196],[140.77885,38.32251],[140.77837,38.32271],[140.77808,38.3227],[140.77802,38.32229],[140.77731,38.3224],[140.77631,38.3223],[140.7761,38.32235],[140.77569,38.32284],[140.77503,38.32237],[140.77333,38.32345],[140.77296,38.32403],[140.77257,38.32426],[140.77229,38.32419],[140.77224,38.32402],[140.77274,38.32381],[140.77282,38.32362],[140.7721,38.32326],[140.77144,38.32327],[140.76991,38.32415],[140.76979,38.32385],[140.76931,38.32369],[140.76907,38.32336],[140.76799,38.32341],[140.7677,38.32283],[140.76728,38.32255],[140.76712,38.32265],[140.76722,38.32304],[140.76702,38.32328],[140.76636,38.32338],[140.76532,38.32291],[140.76592,38.32245],[140.76511,38.32176],[140.76468,38.32208],[140.76503,38.3224],[140.76482,38.32265],[140.76403,38.32223],[140.76371,38.32236],[140.76367,38.32276],[140.76343,38.32279],[140.76342,38.32233],[140.76318,38.32219],[140.76266,38.3224],[140.76267,38.32281],[140.76231,38.32308],[140.76198,38.32258],[140.76086,38.32252],[140.76029,38.32318],[140.75967,38.32227],[140.75899,38.32222],[140.7588,38.32267],[140.75856,38.32271],[140.75831,38.32265],[140.75801,38.32219],[140.75707,38.32228],[140.75655,38.32254],[140.75683,38.32294],[140.75642,38.3232],[140.756,38.32382],[140.75529,38.324],[140.75502,38.32433],[140.75459,38.324],[140.75422,38.32399],[140.75384,38.32491],[140.75319,38.32432],[140.7527,38.3243],[140.75264,38.32467],[140.7514,38.32519],[140.75109,38.32553],[140.75015,38.32603],[140.74948,38.32676],[140.74848,38.32705],[140.74848,38.32736],[140.74819,38.32764],[140.74771,38.32779],[140.74756,38.32814],[140.7471,38.32823],[140.74687,38.32856],[140.74628,38.32885],[140.74384,38.32941],[140.74324,38.32942],[140.74223,38.32908],[140.74087,38.32965],[140.73951,38.3296],[140.7392,38.32975],[140.73917,38.33036],[140.73834,38.33124],[140.73755,38.33264],[140.73706,38.33291],[140.73481,38.33377],[140.73426,38.33418],[140.73336,38.33406],[140.73068,38.33467],[140.73005,38.33536],[140.72904,38.33596],[140.72871,38.33561],[140.72838,38.33689],[140.7278,38.33722],[140.72626,38.33708],[140.72512,38.33648],[140.72424,38.33696],[140.72408,38.33741],[140.72413,38.33816],[140.72354,38.33879],[140.72253,38.33886],[140.72235,38.33935],[140.72185,38.33968],[140.72016,38.33998],[140.71959,38.34029],[140.71846,38.34041],[140.71681,38.34093],[140.71754,38.34182],[140.71687,38.3428],[140.71556,38.34351],[140.71639,38.34392],[140.71714,38.34404],[140.71792,38.34466],[140.71927,38.34481],[140.72111,38.34607],[140.7215,38.34616],[140.72173,38.3464],[140.7221,38.34763],[140.72399,38.34816],[140.72513,38.34869],[140.72681,38.34883],[140.72803,38.34861],[140.72998,38.34753],[140.73018,38.34733],[140.73024,38.34668],[140.73054,38.34634]]]},"properties":{"key":"041050290","name":"西田中","pref":"宮城県","prefCode":"04","municipality":"仙台市泉区","areaM2":10347607.418,"population":617,"toponymIds":["04-af5688cf23"]}},{"type":"Feature","geometry":{"type":"Polygon","coordinates":[[[141.51501,38.7958],[141.51494,38.79511],[141.51509,38.79442],[141.51406,38.79411],[141.51392,38.79363],[141.51332,38.79376],[141.51251,38.79369],[141.51262,38.79313],[141.51103,38.79279],[141.51145,38.79137],[141.50928,38.791],[141.50927,38.7911],[141.50869,38.79106],[141.50842,38.7914],[141.5078,38.79134],[141.50695,38.79267],[141.50638,38.79248],[141.50377,38.79401],[141.5035,38.79403],[141.50355,38.79371],[141.50312,38.79349],[141.50322,38.79336],[141.50299,38.79327],[141.50309,38.79308],[141.50241,38.79284],[141.50073,38.79428],[141.50153,38.79498],[141.50072,38.79573],[141.50126,38.79605],[141.50125,38.7959],[141.50214,38.79562],[141.50362,38.79664],[141.50579,38.79695],[141.50883,38.79797],[141.51041,38.79886],[141.51112,38.79946],[141.51272,38.799],[141.51272,38.79853],[141.51299,38.79779],[141.51371,38.79649],[141.51501,38.7958]]]},"properties":{"key":"04205020018","name":"本吉町津谷舘岡","pref":"宮城県","prefCode":"04","municipality":"気仙沼市","areaM2":616508.119,"population":480,"toponymIds":["04-6c18fed204"]}},{"type":"Feature","geometry":{"type":"Polygon","coordinates":[[[141.45942,38.36213],[141.45886,38.36194],[141.45792,38.36211],[141.45772,38.3614],[141.45721,38.36086],[141.45757,38.36],[141.45702,38.35918],[141.4571,38.35782],[141.45608,38.35763],[141.4559,38.35705],[141.45497,38.35689],[141.45442,38.35659],[141.45406,38.35604],[141.45365,38.35594],[141.45253,38.35487],[141.45233,38.35403],[141.4531,38.35365],[141.45346,38.35329],[141.45226,38.35263],[141.45208,38.35192],[141.45161,38.35148],[141.45236,38.35045],[141.45118,38.34879],[141.45101,38.34818],[141.45067,38.34773],[141.45096,38.34655],[141.4516,38.34614],[141.45077,38.3437],[141.44979,38.34242],[141.45039,38.34173],[141.45008,38.34016],[141.44977,38.3403],[141.4496,38.34064],[141.44964,38.34132],[141.44918,38.34132],[141.44902,38.34176],[141.44916,38.34192],[141.44901,38.34223],[141.44922,38.34282],[141.44947,38.34305],[141.45007,38.34459],[141.44962,38.34499],[141.44988,38.34559],[141.44932,38.34591],[141.44959,38.34708],[141.44957,38.34724],[141.44924,38.34718],[141.44913,38.34782],[141.44956,38.34856],[141.44957,38.34883],[141.44932,38.34899],[141.44929,38.34923],[141.44813,38.34999],[141.44718,38.35021],[141.44767,38.35051],[141.44815,38.35037],[141.44836,38.35046],[141.44825,38.35134],[141.44769,38.35188],[141.44791,38.3523],[141.44844,38.35258],[141.44839,38.35341],[141.44767,38.35343],[141.44727,38.35289],[141.44707,38.35285],[141.44671,38.35316],[141.44651,38.3539],[141.44598,38.35414],[141.44587,38.35386],[141.44493,38.35354],[141.44489,38.35169],[141.44465,38.35119],[141.44401,38.35102],[141.43447,38.35576],[141.43463,38.35607],[141.43517,38.35637],[141.43656,38.35579],[141.43714,38.35577],[141.43778,38.35657],[141.4384,38.35828],[141.44558,38.36068],[141.4549,38.3643],[141.45901,38.36286],[141.45911,38.36251],[141.45974,38.36232],[141.45942,38.36213]]]},"properties":{"key":"042020980","name":"福貴浦","pref":"宮城県","prefCode":"04","municipality":"石巻市","areaM2":1757101.875,"population":75,"toponymIds":["04-613f5a1fb8"]}},{"type":"Feature","geometry":{"type":"Polygon","coordinates":[[[141.55144,38.99528],[141.55243,38.99499],[141.55484,38.99499],[141.55554,38.99526],[141.55617,38.99614],[141.55862,38.99517],[141.55994,38.99397],[141.56101,38.99406],[141.56136,38.99432],[141.56205,38.99445],[141.56388,38.99461],[141.56504,38.9952],[141.56718,38.99596],[141.56802,38.99536],[141.56898,38.99492],[141.5693,38.99371],[141.57016,38.99297],[141.57069,38.9922],[141.57087,38.99107],[141.57144,38.99063],[141.572,38.98975],[141.57389,38.98801],[141.57409,38.98746],[141.57529,38.98688],[141.57645,38.98678],[141.57593,38.98543],[141.57592,38.98426],[141.57523,38.98225],[141.57623,38.98078],[141.57562,38.97983],[141.57606,38.97885],[141.57587,38.97827],[141.57508,38.97753],[141.57462,38.9768],[141.57276,38.9777],[141.57113,38.97809],[141.56959,38.97872],[141.56827,38.979],[141.56685,38.97894],[141.56468,38.97831],[141.56402,38.97783],[141.56348,38.97709],[141.56328,38.97621],[141.5634,38.97532],[141.56379,38.97447],[141.56644,38.97159],[141.56215,38.96962],[141.56107,38.96959],[141.55843,38.97001],[141.55524,38.96992],[141.55344,38.96955],[141.55128,38.96855],[141.54993,38.96827],[141.54719,38.96852],[141.54541,38.96935],[141.54459,38.97016],[141.54059,38.9699],[141.53929,38.96956],[141.53921,38.9712],[141.5396,38.97287],[141.53938,38.9734],[141.53785,38.97489],[141.53699,38.9784],[141.53675,38.97889],[141.53297,38.98353],[141.53228,38.98547],[141.53115,38.98732],[141.52804,38.98965],[141.52631,38.99217],[141.52632,38.99259],[141.52739,38.99259],[141.52859,38.99315],[141.53101,38.99398],[141.53213,38.99415],[141.53308,38.99466],[141.53579,38.99501],[141.53683,38.99539],[141.53929,38.99471],[141.5406,38.99471],[141.54265,38.99563],[141.54411,38.99527],[141.54601,38.99603],[141.54754,38.99611],[141.54831,38.99632],[141.5492,38.99576],[141.55028,38.99542],[141.55144,38.99528]]]},"properties":{"key":"04205002012","name":"上西側","pref":"宮城県","prefCode":"04","municipality":"気仙沼市","areaM2":9030738.352,"population":113,"toponymIds":["04-4ed6b8749c"]}},{"type":"Feature","geometry":{"type":"Polygon","coordinates":[[[141.11451,38.85646],[141.11497,38.85551],[141.11556,38.85516],[141.11615,38.85528],[141.11679,38.8559],[141.11972,38.85638],[141.12046,38.8562],[141.12065,38.85599],[141.12096,38.85435],[141.12125,38.85389],[141.1225,38.85359],[141.12306,38.85302],[141.12373,38.85283],[141.12467,38.85279],[141.12496,38.85329],[141.12553,38.85343],[141.1266,38.85299],[141.12719,38.85255],[141.13037,38.85243],[141.13126,38.85286],[141.13208,38.85215],[141.13232,38.85209],[141.13314,38.85243],[141.13375,38.85211],[141.13389,38.85175],[141.13354,38.85064],[141.13362,38.84912],[141.13342,38.84735],[141.1337,38.84674],[141.13447,38.8458],[141.13251,38.84519],[141.13013,38.84213],[141.13012,38.84009],[141.13,38.83995],[141.12497,38.8367],[141.1204,38.83521],[141.11852,38.83584],[141.11627,38.83633],[141.11498,38.83692],[141.11388,38.83719],[141.11331,38.83788],[141.11246,38.83803],[141.1116,38.83767],[141.10928,38.83739],[141.10875,38.8374],[141.10758,38.83784],[141.10648,38.83803],[141.10487,38.83744],[141.10443,38.83749],[141.10366,38.83785],[141.10252,38.83882],[141.10096,38.83888],[141.09489,38.84125],[141.09661,38.84207],[141.09717,38.84276],[141.0975,38.84477],[141.097,38.8453],[141.09644,38.84687],[141.09798,38.84674],[141.09827,38.84718],[141.09808,38.84861],[141.09849,38.84938],[141.09915,38.85174],[141.10198,38.85302],[141.10384,38.8531],[141.1045,38.85344],[141.10497,38.85396],[141.10517,38.8545],[141.10496,38.85592],[141.10511,38.8563],[141.10547,38.85659],[141.10593,38.85639],[141.10702,38.85695],[141.10779,38.85673],[141.10834,38.8569],[141.10863,38.85717],[141.10893,38.85717],[141.11005,38.85641],[141.11067,38.85632],[141.11148,38.85596],[141.11209,38.85636],[141.11265,38.85649],[141.11291,38.85687],[141.11332,38.85696],[141.11384,38.85739],[141.11451,38.85646]],[[141.09958,38.84686],[141.09937,38.84636],[141.09994,38.8459],[141.10031,38.8461],[141.10028,38.84671],[141.09958,38.84686]]]},"properties":{"key":"042130690","name":"金成末野","pref":"宮城県","prefCode":"04","municipality":"栗原市","areaM2":5621649.778,"population":397,"toponymIds":["04-52a9eeea75"]}},{"type":"Feature","geometry":{"type":"Polygon","coordinates":[[[140.72177,38.43367],[140.72274,38.43267],[140.72451,38.43259],[140.72462,38.43036],[140.7249,38.42992],[140.72479,38.42961],[140.72419,38.42927],[140.72426,38.42767],[140.72398,38.42713],[140.72404,38.42692],[140.7246,38.42667],[140.72473,38.42646],[140.72468,38.42609],[140.72519,38.42557],[140.72563,38.4255],[140.72611,38.42503],[140.72631,38.42389],[140.72705,38.4231],[140.7275,38.42294],[140.72768,38.42266],[140.72832,38.42258],[140.72927,38.42183],[140.73012,38.42105],[140.7301,38.42083],[140.73091,38.41999],[140.73278,38.41915],[140.73356,38.41862],[140.73395,38.41802],[140.73486,38.41766],[140.73471,38.41716],[140.7348,38.41696],[140.73518,38.41685],[140.73579,38.41695],[140.73571,38.41646],[140.73618,38.41602],[140.73651,38.41509],[140.73647,38.41476],[140.73619,38.41455],[140.73615,38.41382],[140.73597,38.41348],[140.73519,38.41311],[140.73487,38.41262],[140.73496,38.41203],[140.73545,38.41089],[140.73517,38.41062],[140.735,38.41009],[140.73508,38.40908],[140.73466,38.40858],[140.73474,38.40836],[140.73542,38.40788],[140.73531,38.40734],[140.73564,38.40693],[140.73545,38.40643],[140.73743,38.40538],[140.73728,38.4048],[140.73753,38.40427],[140.73801,38.40401],[140.73801,38.40331],[140.73877,38.40307],[140.73892,38.40258],[140.73943,38.4024],[140.7395,38.40178],[140.73994,38.40152],[140.74004,38.40116],[140.73982,38.40084],[140.73999,38.40026],[140.74053,38.39983],[140.74033,38.39928],[140.7404,38.39909],[140.74181,38.39808],[140.74252,38.3983],[140.74368,38.39727],[140.7453,38.39684],[140.74578,38.397],[140.74719,38.39674],[140.74837,38.39684],[140.74992,38.3966],[140.75052,38.39626],[140.75149,38.39626],[140.75164,38.39591],[140.75188,38.39585],[140.75248,38.39634],[140.75291,38.39652],[140.75327,38.39645],[140.75356,38.39595],[140.7543,38.39533],[140.75507,38.39511],[140.75569,38.39516],[140.75589,38.39492],[140.75601,38.39423],[140.75728,38.39349],[140.75762,38.39305],[140.75785,38.39299],[140.75847,38.39322],[140.75899,38.39314],[140.76057,38.39219],[140.76088,38.39216],[140.76176,38.3925],[140.762,38.39241],[140.76216,38.39189],[140.76262,38.39168],[140.76373,38.39178],[140.76538,38.39151],[140.76606,38.39164],[140.76655,38.3913],[140.7674,38.39104],[140.76819,38.39031],[140.76934,38.3903],[140.76985,38.39046],[140.77086,38.38945],[140.77117,38.38937],[140.77164,38.38973],[140.77338,38.38939],[140.7737,38.38904],[140.77373,38.38861],[140.7743,38.38809],[140.77572,38.38733],[140.7766,38.38632],[140.77676,38.38609],[140.77673,38.38564],[140.77624,38.38517],[140.77627,38.38495],[140.7769,38.3844],[140.77706,38.38389],[140.77888,38.38186],[140.77897,38.38146],[140.7795,38.38101],[140.78024,38.37937],[140.78021,38.37863],[140.78081,38.37761],[140.78109,38.37726],[140.78187,38.37702],[140.78187,38.37607],[140.78213,38.37603],[140.78269,38.37647],[140.78326,38.37628],[140.78334,38.37595],[140.78301,38.37537],[140.78308,38.37511],[140.78361,38.37491],[140.78468,38.37482],[140.78491,38.37438],[140.78525,38.37427],[140.78516,38.37405],[140.78413,38.37369],[140.78409,38.37333],[140.78428,38.37302],[140.78518,38.37275],[140.78573,38.37236],[140.7857,38.37224],[140.7852,38.37216],[140.78524,38.37186],[140.78499,38.37164],[140.78486,38.37077],[140.78555,38.37032],[140.78562,38.36976],[140.78465,38.36941],[140.78384,38.36879],[140.783,38.36683],[140.78198,38.36527],[140.78101,38.36451],[140.78183,38.36366],[140.7815,38.3635],[140.78225,38.36181],[140.78165,38.36157],[140.78177,38.36136],[140.78222,38.36158],[140.78252,38.36113],[140.78312,38.36153],[140.78347,38.361],[140.78353,38.3602],[140.78424,38.3601],[140.7845,38.36034],[140.78582,38.3597],[140.78596,38.35946],[140.78567,38.35837],[140.78739,38.3576],[140.78817,38.35745],[140.7891,38.35666],[140.78955,38.356],[140.79007,38.35436],[140.79052,38.35412],[140.79068,38.35383],[140.79071,38.35302],[140.79159,38.35277],[140.79211,38.3524],[140.79241,38.35179],[140.79387,38.35017],[140.79405,38.34985],[140.79382,38.34978],[140.79381,38.34889],[140.79304,38.34881],[140.79157,38.34911],[140.79144,38.34883],[140.78696,38.34553],[140.78511,38.34703],[140.78387,38.34613],[140.78355,38.34684],[140.78337,38.34689],[140.78284,38.34689],[140.78236,38.34651],[140.78208,38.34649],[140.78088,38.34661],[140.78021,38.34686],[140.77849,38.34671],[140.77826,38.3466],[140.77815,38.34623],[140.77716,38.34593],[140.77706,38.34528],[140.77649,38.3452],[140.77513,38.34462],[140.77156,38.34391],[140.77125,38.34454],[140.7705,38.34469],[140.7703,38.34443],[140.77034,38.3439],[140.76955,38.34369],[140.7694,38.34382],[140.76893,38.3438],[140.76709,38.34234],[140.76679,38.34301],[140.76695,38.34336],[140.76625,38.3432],[140.76587,38.34336],[140.76526,38.34329],[140.7645,38.34302],[140.76452,38.34267],[140.76375,38.34286],[140.76365,38.34252],[140.76334,38.34242],[140.76312,38.34255],[140.76269,38.34334],[140.76227,38.34336],[140.76161,38.34383],[140.76027,38.34398],[140.75969,38.3438],[140.7587,38.34307],[140.75793,38.34278],[140.75771,38.34284],[140.75724,38.34344],[140.75683,38.34338],[140.75666,38.34325],[140.75662,38.34282],[140.75631,38.34275],[140.75546,38.34369],[140.75502,38.34367],[140.75491,38.34325],[140.75438,38.34333],[140.75389,38.34307],[140.75372,38.34345],[140.75277,38.34348],[140.75209,38.34388],[140.7519,38.34344],[140.75152,38.34342],[140.75123,38.34365],[140.75104,38.34339],[140.75056,38.34326],[140.74907,38.34375],[140.74762,38.34358],[140.74721,38.34334],[140.74697,38.34336],[140.74658,38.34372],[140.74615,38.34375],[140.74448,38.34291],[140.74386,38.34286],[140.7412,38.34396],[140.7386,38.34387],[140.73676,38.34506],[140.73604,38.34536],[140.7348,38.34544],[140.73467,38.34583],[140.7333,38.346],[140.73278,38.34646],[140.7306,38.34627],[140.73024,38.34668],[140.73018,38.34733],[140.72998,38.34753],[140.72803,38.34861],[140.72681,38.34883],[140.72513,38.34869],[140.72399,38.34816],[140.7221,38.34763],[140.72368,38.34866],[140.72388,38.34912],[140.72451,38.3497],[140.72543,38.3502],[140.72601,38.35032],[140.72683,38.35022],[140.72732,38.35047],[140.72852,38.35066],[140.72989,38.3515],[140.72961,38.35236],[140.72973,38.35388],[140.73048,38.35388],[140.7306,38.35421],[140.73089,38.35432],[140.73074,38.35479],[140.73095,38.35535],[140.73237,38.35533],[140.7329,38.35573],[140.73338,38.35697],[140.73306,38.35775],[140.73317,38.35881],[140.73196,38.3588],[140.73088,38.35933],[140.72946,38.36035],[140.72563,38.36066],[140.72477,38.36095],[140.72438,38.3614],[140.72314,38.36203],[140.72206,38.36238],[140.71995,38.36267],[140.71857,38.36267],[140.71787,38.36348],[140.71622,38.3635],[140.71571,38.36384],[140.71544,38.36428],[140.71448,38.36447],[140.71416,38.36511],[140.71422,38.36558],[140.71395,38.36591],[140.71304,38.36592],[140.71221,38.36642],[140.71171,38.36697],[140.70995,38.36732],[140.70986,38.36776],[140.70949,38.36799],[140.70845,38.36802],[140.70754,38.36864],[140.70677,38.36871],[140.70549,38.37019],[140.70492,38.37049],[140.70459,38.37106],[140.70402,38.37132],[140.70341,38.37129],[140.70275,38.37173],[140.70204,38.37193],[140.70184,38.37223],[140.70134,38.3724],[140.70062,38.37301],[140.69939,38.37434],[140.69704,38.37441],[140.69617,38.37515],[140.69546,38.37538],[140.69454,38.37625],[140.693,38.37703],[140.69275,38.37738],[140.69165,38.37809],[140.69054,38.3783],[140.68999,38.3791],[140.68899,38.37982],[140.68883,38.38019],[140.68889,38.38071],[140.68776,38.38264],[140.68983,38.38505],[140.69074,38.38534],[140.691,38.38565],[140.69164,38.38704],[140.69167,38.3883],[140.69261,38.38866],[140.69296,38.38972],[140.69325,38.39009],[140.69401,38.39011],[140.69533,38.38975],[140.69608,38.39018],[140.69632,38.39119],[140.69762,38.39232],[140.69837,38.39418],[140.69902,38.39527],[140.69956,38.3958],[140.69946,38.39745],[140.69977,38.39871],[140.70029,38.39954],[140.69994,38.40168],[140.69905,38.40358],[140.69845,38.40609],[140.698,38.4071],[140.69713,38.41044],[140.69601,38.41174],[140.69447,38.41317],[140.69417,38.41357],[140.69414,38.41394],[140.69608,38.41499],[140.69676,38.4158],[140.70099,38.41649],[140.70341,38.41745],[140.70634,38.42039],[140.70727,38.42242],[140.70785,38.42475],[140.70862,38.42555],[140.70886,38.42678],[140.70915,38.42699],[140.71045,38.42727],[140.71173,38.42876],[140.71239,38.42991],[140.71406,38.43127],[140.71419,38.43237],[140.71522,38.43332],[140.71696,38.43379],[140.71818,38.43365],[140.71965,38.43393],[140.72129,38.43392],[140.72177,38.43367]]]},"properties":{"key":"041050340","name":"福岡","pref":"宮城県","prefCode":"04","municipality":"仙台市泉区","areaM2":46952271.356,"population":943,"toponymIds":["04-2e58360a15"]}},{"type":"Feature","geometry":{"type":"Polygon","coordinates":[[[141.32794,38.49246],[141.3283,38.48726],[141.32584,38.47777],[141.32504,38.47745],[141.31648,38.48208],[141.30852,38.48335],[141.30954,38.48554],[141.31052,38.4866],[141.31211,38.48899],[141.31226,38.4898],[141.31792,38.4893],[141.32794,38.49246]]]},"properties":{"key":"042021250","name":"東福田","pref":"宮城県","prefCode":"04","municipality":"石巻市","areaM2":1620496.151,"population":173,"toponymIds":["04-8ba6ac69d2"]}},{"type":"Feature","geometry":{"type":"Polygon","coordinates":[[[141.28283,38.59746],[141.28946,38.59712],[141.29056,38.59664],[141.29166,38.59542],[141.29171,38.59463],[141.29128,38.59408],[141.29074,38.59381],[141.29099,38.59253],[141.29041,38.59131],[141.29057,38.58998],[141.28243,38.59081],[141.27649,38.59637],[141.27598,38.59597],[141.27573,38.59511],[141.276,38.59345],[141.27283,38.59342],[141.27284,38.59551],[141.2719,38.59553],[141.27163,38.5961],[141.27042,38.59734],[141.27039,38.59838],[141.27154,38.60015],[141.27328,38.60122],[141.27413,38.60218],[141.27656,38.60099],[141.27674,38.60121],[141.2757,38.60291],[141.2781,38.60322],[141.27848,38.60317],[141.28046,38.6],[141.28012,38.59963],[141.2799,38.59904],[141.28007,38.5984],[141.28126,38.59771],[141.28283,38.59746]]]},"properties":{"key":"042021560","name":"倉埣","pref":"宮城県","prefCode":"04","municipality":"石巻市","areaM2":1337532.295,"population":0,"toponymIds":["04-e71702dd7f"]}},{"type":"Feature","geometry":{"type":"Polygon","coordinates":[[[140.89205,38.10778],[140.89223,38.10863],[140.89252,38.10891],[140.89403,38.10969],[140.89482,38.11042],[140.89518,38.11114],[140.8961,38.11185],[140.89624,38.11215],[140.8968,38.11241],[140.89817,38.114],[140.90141,38.11527],[140.90146,38.11553],[140.90183,38.11583],[140.90239,38.1168],[140.903,38.117],[140.90935,38.11778],[140.9098,38.11773],[140.92261,38.1116],[140.92574,38.10984],[140.92639,38.10996],[140.93398,38.10851],[140.93181,38.10233],[140.93098,38.09956],[140.93044,38.09688],[140.92641,38.09769],[140.92412,38.0985],[140.91962,38.09931],[140.92054,38.10084],[140.92074,38.10213],[140.9198,38.1022],[140.91433,38.10436],[140.90863,38.10523],[140.91118,38.10529],[140.91121,38.10599],[140.91048,38.10607],[140.91071,38.1067],[140.91044,38.10687],[140.91089,38.10688],[140.91097,38.10712],[140.91091,38.10754],[140.91058,38.10752],[140.91058,38.10772],[140.91127,38.10775],[140.91126,38.10787],[140.90924,38.10784],[140.90752,38.10906],[140.90651,38.11001],[140.90587,38.1109],[140.90366,38.1106],[140.90368,38.10973],[140.903,38.10996],[140.90255,38.10746],[140.90203,38.10627],[140.89205,38.10778]]]},"properties":{"key":"042110082","name":"押分","pref":"宮城県","prefCode":"04","municipality":"岩沼市","areaM2":3689088.76,"population":1839,"toponymIds":["04-a51e1fc0fe"]}},{"type":"Feature","geometry":{"type":"Polygon","coordinates":[[[140.66736,38.29741],[140.66806,38.29779],[140.66829,38.29808],[140.66868,38.2975],[140.66919,38.29731],[140.67007,38.29728],[140.67113,38.29641],[140.67185,38.29557],[140.67313,38.29473],[140.67393,38.29538],[140.67449,38.29546],[140.67529,38.29485],[140.67773,38.29486],[140.67742,38.29435],[140.6776,38.29333],[140.67749,38.29288],[140.67846,38.29211],[140.67904,38.292],[140.67947,38.29172],[140.67958,38.29115],[140.67889,38.29035],[140.67984,38.28989],[140.67802,38.28945],[140.67612,38.28749],[140.67605,38.28641],[140.67651,38.28621],[140.67692,38.28455],[140.67577,38.282],[140.67571,38.28127],[140.67584,38.28083],[140.67617,38.28038],[140.67723,38.28042],[140.67909,38.27983],[140.68075,38.28111],[140.68178,38.28136],[140.68349,38.28226],[140.68387,38.28272],[140.6838,38.28312],[140.68442,38.28342],[140.68471,38.28284],[140.68458,38.28079],[140.68531,38.27878],[140.68501,38.27676],[140.68462,38.27605],[140.6846,38.27542],[140.68555,38.2734],[140.68681,38.27344],[140.68722,38.27316],[140.68699,38.27264],[140.68489,38.2697],[140.68147,38.26322],[140.68128,38.26223],[140.68132,38.26133],[140.68163,38.25966],[140.68232,38.25737],[140.68127,38.25678],[140.68081,38.25606],[140.68114,38.25569],[140.68205,38.25542],[140.68235,38.25496],[140.68207,38.25384],[140.68116,38.25288],[140.68234,38.25267],[140.68212,38.2515],[140.68386,38.25062],[140.68375,38.25046],[140.68272,38.25039],[140.68265,38.25016],[140.68304,38.24997],[140.68451,38.25007],[140.68455,38.24953],[140.68408,38.24926],[140.68411,38.24899],[140.6856,38.24911],[140.68606,38.24855],[140.68577,38.24779],[140.68596,38.24761],[140.68644,38.2475],[140.68731,38.24797],[140.68766,38.24794],[140.68787,38.24765],[140.68794,38.24691],[140.68877,38.24649],[140.6889,38.24591],[140.6883,38.24511],[140.68744,38.24486],[140.68703,38.24434],[140.68688,38.24382],[140.68643,38.2433],[140.68642,38.24292],[140.68677,38.24198],[140.68828,38.24018],[140.6902,38.23739],[140.69053,38.23718],[140.68718,38.23563],[140.68553,38.23451],[140.68483,38.23386],[140.6844,38.23319],[140.68417,38.23216],[140.68433,38.22987],[140.68402,38.22965],[140.68297,38.22955],[140.68222,38.22983],[140.68165,38.22983],[140.68099,38.22952],[140.68077,38.22965],[140.67997,38.22949],[140.67978,38.22924],[140.67935,38.22946],[140.67884,38.23041],[140.67809,38.23069],[140.67748,38.23117],[140.67743,38.23202],[140.67707,38.23278],[140.67518,38.23336],[140.67489,38.23379],[140.67452,38.23374],[140.67445,38.23391],[140.67412,38.23391],[140.67349,38.23443],[140.67286,38.23451],[140.67193,38.23496],[140.67146,38.23557],[140.67113,38.23567],[140.67108,38.23591],[140.67022,38.23635],[140.67016,38.23655],[140.67059,38.23714],[140.6705,38.23747],[140.6702,38.23771],[140.67053,38.23811],[140.67052,38.23919],[140.67129,38.23944],[140.67141,38.23968],[140.67113,38.24032],[140.67056,38.23995],[140.66994,38.24002],[140.66845,38.23979],[140.66693,38.23985],[140.66528,38.23959],[140.66478,38.23981],[140.66371,38.23946],[140.66332,38.2389],[140.66304,38.23882],[140.66041,38.2395],[140.6582,38.23936],[140.65755,38.23994],[140.65724,38.24044],[140.65676,38.24041],[140.65655,38.24077],[140.65619,38.24074],[140.65604,38.24045],[140.65526,38.24005],[140.65454,38.23994],[140.65386,38.24006],[140.65326,38.24046],[140.6528,38.24058],[140.65054,38.24029],[140.65033,38.24066],[140.65088,38.24174],[140.6508,38.24282],[140.65125,38.24332],[140.6517,38.2444],[140.65312,38.24496],[140.65375,38.24499],[140.65469,38.24473],[140.65512,38.24556],[140.65481,38.24579],[140.65478,38.2461],[140.65401,38.24664],[140.65299,38.24697],[140.65269,38.24722],[140.65261,38.24754],[140.65217,38.2476],[140.65203,38.24796],[140.65108,38.24816],[140.64821,38.24946],[140.6473,38.24962],[140.64685,38.24998],[140.64631,38.25002],[140.64597,38.25036],[140.64457,38.25079],[140.6437,38.25136],[140.64314,38.25154],[140.64229,38.25263],[140.64192,38.2525],[140.64098,38.25316],[140.64015,38.25307],[140.63987,38.25341],[140.64026,38.25462],[140.643,38.25759],[140.6439,38.2583],[140.64824,38.25827],[140.64921,38.25895],[140.65022,38.26039],[140.65234,38.2646],[140.65286,38.26455],[140.65273,38.26527],[140.65236,38.26567],[140.65229,38.26608],[140.6513,38.26645],[140.65042,38.26729],[140.65042,38.26788],[140.65016,38.26795],[140.65014,38.26879],[140.64962,38.26909],[140.64963,38.26958],[140.6495,38.26973],[140.64885,38.26997],[140.64876,38.27038],[140.64898,38.27091],[140.64853,38.27115],[140.64964,38.2739],[140.65006,38.27438],[140.64982,38.27655],[140.64841,38.28043],[140.64848,38.28105],[140.64891,38.28267],[140.65113,38.28615],[140.65139,38.28754],[140.65131,38.28939],[140.65149,38.29013],[140.65293,38.29066],[140.65345,38.29155],[140.65553,38.29138],[140.65635,38.29219],[140.65699,38.2923],[140.65704,38.29263],[140.6591,38.29375],[140.65923,38.29439],[140.66044,38.29582],[140.66065,38.29631],[140.6614,38.29652],[140.66239,38.29739],[140.66255,38.29815],[140.66288,38.29867],[140.66328,38.30085],[140.66356,38.30072],[140.66375,38.30004],[140.66431,38.29944],[140.66509,38.29884],[140.66619,38.29868],[140.66736,38.29741]]]},"properties":{"key":"041040030","name":"秋保町長袋","pref":"宮城県","prefCode":"04","municipality":"仙台市太白区","areaM2":19155289.77,"population":1003,"toponymIds":["04-c69d638157"]}},{"type":"Feature","geometry":{"type":"Polygon","coordinates":[[[141.18257,38.67479],[141.1829,38.67179],[141.18005,38.67218],[141.17974,38.67075],[141.17948,38.66745],[141.17904,38.66712],[141.17055,38.66691],[141.17034,38.67272],[141.16879,38.67274],[141.16951,38.67347],[141.16481,38.67368],[141.1641,38.67421],[141.16371,38.67331],[141.15838,38.68054],[141.17944,38.69],[141.18045,38.69072],[141.17933,38.68681],[141.18626,38.6856],[141.18505,38.6818],[141.18439,38.68122],[141.18345,38.68072],[141.18458,38.67911],[141.18223,38.67767],[141.18257,38.67479]]]},"properties":{"key":"042120270","name":"板倉","pref":"宮城県","prefCode":"04","municipality":"登米市","areaM2":3423684.237,"population":257,"toponymIds":["04-78687aa708"]}},{"type":"Feature","geometry":{"type":"Polygon","coordinates":[[[140.94108,38.56651],[140.94285,38.5666],[140.94342,38.56339],[140.93755,38.56281],[140.93764,38.56323],[140.93746,38.56393],[140.93801,38.56602],[140.93794,38.56673],[140.93824,38.56772],[140.93933,38.567],[140.94108,38.56651]]]},"properties":{"key":"04215165006","name":"古川穂波六丁目","pref":"宮城県","prefCode":"04","municipality":"大崎市","areaM2":193956.24,"population":1022,"toponymIds":["04-8740fe671b"]}},{"type":"Feature","geometry":{"type":"Polygon","coordinates":[[[141.51817,38.80653],[141.5202,38.80637],[141.52145,38.80585],[141.52521,38.80138],[141.52767,38.79766],[141.52957,38.79615],[141.5271,38.79628],[141.5253,38.79616],[141.52451,38.79604],[141.5236,38.79561],[141.52304,38.79564],[141.52265,38.79578],[141.52237,38.79616],[141.51945,38.79703],[141.519,38.79745],[141.51797,38.79798],[141.51692,38.79705],[141.5172,38.79623],[141.51673,38.79525],[141.51628,38.79488],[141.51553,38.79471],[141.51509,38.79442],[141.51494,38.79511],[141.51501,38.7958],[141.51371,38.79649],[141.51299,38.79779],[141.51272,38.79853],[141.51272,38.799],[141.51112,38.79946],[141.51154,38.79976],[141.51169,38.80069],[141.51132,38.80183],[141.51137,38.80235],[141.51207,38.80346],[141.51239,38.80353],[141.51201,38.80471],[141.51209,38.80564],[141.51158,38.80601],[141.51101,38.80675],[141.50982,38.80758],[141.50882,38.80858],[141.50873,38.80898],[141.51209,38.80993],[141.51241,38.8104],[141.51453,38.81122],[141.51895,38.81431],[141.51778,38.80864],[141.51778,38.8073],[141.51817,38.80653]]]},"properties":{"key":"04205020022","name":"本吉町狼の巣","pref":"宮城県","prefCode":"04","municipality":"気仙沼市","areaM2":1654237.661,"population":157,"toponymIds":["04-6779f1c018"]}},{"type":"Feature","geometry":{"type":"Polygon","coordinates":[[[140.87207,38.31856],[140.87238,38.31854],[140.87247,38.31871],[140.87377,38.31774],[140.8747,38.31725],[140.87434,38.3169],[140.8725,38.31692],[140.8724,38.31606],[140.87033,38.31629],[140.87027,38.31756],[140.87087,38.31868],[140.87121,38.31902],[140.87207,38.31856]]]},"properties":{"key":"04105052002","name":"上谷刈二丁目","pref":"宮城県","prefCode":"04","municipality":"仙台市泉区","areaM2":72141.039,"population":530,"toponymIds":["04-6242d45507"]}},{"type":"Feature","geometry":{"type":"Polygon","coordinates":[[[141.55528,38.80828],[141.55639,38.80833],[141.5565,38.80861],[141.55674,38.80841],[141.55672,38.80809],[141.55643,38.80804],[141.55641,38.80828],[141.55584,38.80821],[141.55597,38.80809],[141.55579,38.80801],[141.55559,38.80818],[141.55528,38.80814],[141.55461,38.80737],[141.55106,38.80586],[141.55085,38.80533],[141.55001,38.80544],[141.54933,38.805],[141.54708,38.80528],[141.54788,38.80592],[141.54712,38.80581],[141.5463,38.80612],[141.54501,38.80709],[141.54386,38.80726],[141.54196,38.80854],[141.54037,38.81001],[141.53855,38.81251],[141.53834,38.81393],[141.53753,38.81448],[141.536,38.81494],[141.53583,38.81543],[141.53513,38.81618],[141.53501,38.8166],[141.53791,38.81721],[141.54021,38.81791],[141.54044,38.81813],[141.54044,38.81721],[141.54069,38.81686],[141.54199,38.81573],[141.54458,38.81396],[141.54629,38.81243],[141.54789,38.81143],[141.55068,38.81006],[141.55356,38.80885],[141.55506,38.80867],[141.55528,38.80828]]]},"properties":{"key":"04205022032","name":"本吉町山谷","pref":"宮城県","prefCode":"04","municipality":"気仙沼市","areaM2":942039.723,"population":219,"toponymIds":["04-d3d9c9c1b7"]}},{"type":"Feature","geometry":{"type":"Polygon","coordinates":[[[141.58786,38.87198],[141.58816,38.87197],[141.58794,38.87186],[141.58914,38.87146],[141.5897,38.87163],[141.59001,38.87101],[141.59051,38.87117],[141.59013,38.87102],[141.5907,38.86977],[141.59202,38.86985],[141.58924,38.86967],[141.58671,38.86848],[141.58597,38.86904],[141.5859,38.86947],[141.58323,38.86919],[141.58167,38.86817],[141.58018,38.86747],[141.58208,38.87031],[141.58786,38.87198]]]},"properties":{"key":"04205003002","name":"松崎尾崎","pref":"宮城県","prefCode":"04","municipality":"気仙沼市","areaM2":185206.843,"population":0,"toponymIds":["04-28130a2dc4"]}}]}
