{"type":"FeatureCollection","features":[{"type":"Feature","geometry":{"type":"Polygon","coordinates":[[[140.40728,37.73363],[140.4075,37.73267],[140.40744,37.73231],[140.40761,37.73199],[140.40762,37.73114],[140.40713,37.73102],[140.40717,37.73054],[140.40688,37.73007],[140.40624,37.72963],[140.4064,37.7292],[140.40632,37.72813],[140.4055,37.72653],[140.40481,37.7261],[140.40486,37.72524],[140.40529,37.72494],[140.40401,37.72346],[140.4031,37.72357],[140.40207,37.72239],[140.40028,37.72157],[140.40003,37.7211],[140.39944,37.72076],[140.39755,37.71994],[140.39614,37.71962],[140.39464,37.71973],[140.39328,37.71897],[140.39271,37.71785],[140.3928,37.71746],[140.39138,37.71648],[140.39126,37.71566],[140.39071,37.71481],[140.39066,37.71412],[140.38931,37.713],[140.38969,37.7127],[140.38979,37.7119],[140.38939,37.71144],[140.38913,37.71078],[140.39185,37.71052],[140.39248,37.70998],[140.39281,37.70916],[140.39238,37.70884],[140.39196,37.70814],[140.38964,37.70704],[140.39009,37.70628],[140.38933,37.70581],[140.38923,37.70536],[140.38941,37.70476],[140.3893,37.70454],[140.38763,37.70397],[140.38728,37.70327],[140.3869,37.70298],[140.3861,37.7019],[140.3855,37.70161],[140.38453,37.70178],[140.38411,37.70165],[140.3836,37.70064],[140.38145,37.69944],[140.38098,37.69876],[140.37932,37.6972],[140.37813,37.69668],[140.37591,37.69647],[140.37389,37.69564],[140.37374,37.69514],[140.3734,37.69475],[140.37028,37.6921],[140.36589,37.68935],[140.36495,37.68853],[140.36416,37.68747],[140.36019,37.68591],[140.35944,37.68496],[140.35679,37.68415],[140.35519,37.68397],[140.35348,37.68484],[140.35242,37.68499],[140.34884,37.68407],[140.34776,37.68397],[140.34741,37.6898],[140.34717,37.69048],[140.34679,37.69081],[140.3467,37.69129],[140.34634,37.69181],[140.34597,37.69325],[140.34556,37.69376],[140.34555,37.69456],[140.34608,37.69531],[140.34625,37.69614],[140.34611,37.69698],[140.34575,37.69775],[140.34667,37.6987],[140.34888,37.70447],[140.35094,37.70524],[140.35368,37.70787],[140.35534,37.71001],[140.35653,37.71087],[140.35758,37.71193],[140.35928,37.7145],[140.36143,37.7172],[140.3631,37.71775],[140.36458,37.71793],[140.36616,37.71898],[140.36807,37.7192],[140.36874,37.72001],[140.36981,37.72053],[140.37015,37.72035],[140.3715,37.7207],[140.37238,37.72069],[140.3733,37.72106],[140.37372,37.72162],[140.37483,37.72166],[140.37605,37.7221],[140.37722,37.72204],[140.37734,37.72233],[140.37757,37.72242],[140.37873,37.72234],[140.38036,37.72317],[140.38126,37.72321],[140.38191,37.72365],[140.38295,37.72385],[140.38408,37.72457],[140.38448,37.7252],[140.39335,37.72877],[140.39729,37.73062],[140.39756,37.73169],[140.39802,37.73203],[140.39848,37.7321],[140.39946,37.7319],[140.40054,37.73211],[140.40165,37.73279],[140.40198,37.73307],[140.40196,37.73327],[140.4023,37.73349],[140.40354,37.73366],[140.40435,37.73453],[140.40556,37.73462],[140.40624,37.7341],[140.4072,37.73382],[140.40728,37.73363]]]},"properties":{"key":"072010890","name":"荒井","pref":"福島県","prefCode":"07","municipality":"福島市","areaM2":12577404.483,"population":3798,"toponymIds":["07-da17c05173","07-21e1e4da65","07-5c612c78bd","07-1155b50f0b","07-1d040de5d6","07-324619c393","07-f7dcc2dd81","07-da5b03834c","07-d458091c92","07-c5c3dc5337","07-27df927a90","07-5231caa803","07-aed23173f8","07-f0063e36dc","07-c7f24aebcd","07-279076943b"]}},{"type":"Feature","geometry":{"type":"Polygon","coordinates":[[[140.40868,37.87289],[140.40945,37.87288],[140.40983,37.8726],[140.41025,37.87172],[140.41035,37.87061],[140.41133,37.87018],[140.41495,37.86901],[140.41743,37.86892],[140.41915,37.86791],[140.42013,37.86757],[140.42081,37.86772],[140.42216,37.86851],[140.4228,37.86845],[140.42432,37.86718],[140.42677,37.86769],[140.42957,37.86777],[140.42996,37.86705],[140.42953,37.86618],[140.42963,37.86592],[140.43274,37.86488],[140.43489,37.86442],[140.43498,37.86392],[140.43483,37.86364],[140.43408,37.86294],[140.43342,37.8626],[140.433,37.86167],[140.43219,37.86088],[140.43206,37.86047],[140.43227,37.86011],[140.43403,37.85929],[140.43436,37.85858],[140.43453,37.8574],[140.43405,37.85657],[140.43424,37.85549],[140.43396,37.85463],[140.43415,37.85406],[140.43433,37.85383],[140.43584,37.85353],[140.43631,37.85298],[140.43633,37.85267],[140.43568,37.85206],[140.43477,37.85059],[140.43459,37.84889],[140.43519,37.84735],[140.4362,37.84682],[140.43662,37.84636],[140.4364,37.84536],[140.43644,37.84381],[140.43681,37.84238],[140.43722,37.84207],[140.43836,37.84186],[140.44052,37.84247],[140.44346,37.84209],[140.44417,37.84185],[140.44446,37.8414],[140.44486,37.83985],[140.44511,37.83964],[140.44544,37.83956],[140.44731,37.83978],[140.44851,37.83952],[140.44938,37.8388],[140.45151,37.83587],[140.45251,37.83527],[140.4533,37.83436],[140.45518,37.83148],[140.45494,37.82911],[140.45547,37.82848],[140.45569,37.8285],[140.45576,37.82812],[140.45604,37.82815],[140.45624,37.82771],[140.45639,37.82775],[140.45648,37.82742],[140.45636,37.8274],[140.45717,37.82592],[140.45729,37.82544],[140.45721,37.82461],[140.45644,37.82354],[140.45499,37.82501],[140.45452,37.82417],[140.45454,37.82392],[140.45601,37.82124],[140.45756,37.81965],[140.45673,37.81904],[140.45649,37.8186],[140.45852,37.81797],[140.46013,37.81713],[140.45997,37.81513],[140.46092,37.81466],[140.4616,37.81372],[140.46107,37.8136],[140.461,37.81222],[140.46112,37.81152],[140.46313,37.81021],[140.46263,37.80937],[140.46282,37.80931],[140.46237,37.80873],[140.46058,37.80851],[140.45932,37.8087],[140.45934,37.80857],[140.45526,37.80931],[140.45304,37.81043],[140.45237,37.811],[140.45029,37.81218],[140.44784,37.81331],[140.4479,37.81344],[140.44747,37.81373],[140.44686,37.81545],[140.44675,37.81747],[140.44649,37.81754],[140.44685,37.8184],[140.44651,37.81845],[140.44682,37.81944],[140.44663,37.81949],[140.44682,37.8201],[140.44743,37.82072],[140.44782,37.821],[140.44834,37.82096],[140.44909,37.82173],[140.44848,37.82235],[140.44882,37.82312],[140.44671,37.82403],[140.44354,37.82476],[140.44407,37.82572],[140.44396,37.82638],[140.44417,37.82715],[140.44376,37.8274],[140.44382,37.82837],[140.44495,37.82821],[140.44459,37.82922],[140.44549,37.82922],[140.4479,37.82881],[140.44912,37.82882],[140.44968,37.82963],[140.44964,37.82981],[140.44901,37.8297],[140.44794,37.83005],[140.4452,37.83024],[140.44444,37.83066],[140.44257,37.83026],[140.44149,37.83052],[140.44117,37.83091],[140.43745,37.83099],[140.43614,37.83134],[140.43431,37.83124],[140.43361,37.833],[140.43395,37.8333],[140.43395,37.83352],[140.43481,37.8341],[140.4351,37.83462],[140.43473,37.83477],[140.43413,37.83539],[140.43313,37.83552],[140.43278,37.8354],[140.43272,37.83511],[140.4325,37.83507],[140.43136,37.83625],[140.43067,37.83591],[140.42936,37.83664],[140.42887,37.83627],[140.42867,37.83629],[140.42841,37.83736],[140.42793,37.8379],[140.42664,37.83865],[140.42619,37.83846],[140.42607,37.83794],[140.42566,37.83788],[140.4247,37.8387],[140.42308,37.83928],[140.42289,37.84008],[140.42268,37.84021],[140.42227,37.83986],[140.42178,37.83974],[140.42114,37.84028],[140.4202,37.84048],[140.41988,37.83976],[140.41965,37.83965],[140.41908,37.84033],[140.41755,37.84051],[140.41673,37.84096],[140.41513,37.8412],[140.41474,37.84154],[140.41457,37.84194],[140.4139,37.84205],[140.41327,37.84187],[140.41193,37.84281],[140.41146,37.84262],[140.4103,37.84258],[140.40996,37.84338],[140.40936,37.84345],[140.40941,37.84421],[140.40848,37.84436],[140.40818,37.84456],[140.4081,37.84475],[140.4084,37.84508],[140.40826,37.84533],[140.40723,37.84547],[140.40721,37.84631],[140.40589,37.8469],[140.40609,37.84732],[140.40586,37.84774],[140.40493,37.84766],[140.40539,37.84923],[140.40505,37.85106],[140.40427,37.85284],[140.40454,37.85482],[140.40404,37.85558],[140.40235,37.85727],[140.39985,37.85956],[140.39887,37.86007],[140.39663,37.8605],[140.39372,37.86131],[140.39241,37.86201],[140.39165,37.86218],[140.3871,37.86559],[140.38514,37.86765],[140.38417,37.87091],[140.38964,37.87111],[140.39113,37.87103],[140.39313,37.87034],[140.39599,37.87014],[140.39694,37.87032],[140.40049,37.87029],[140.40093,37.87042],[140.40136,37.87135],[140.40236,37.87218],[140.40449,37.8723],[140.40599,37.87276],[140.40633,37.87302],[140.40703,37.87314],[140.40868,37.87289]]]},"properties":{"key":"072011010","name":"飯坂町","pref":"福島県","prefCode":"07","municipality":"福島市","areaM2":14225454.838,"population":5761,"toponymIds":["07-723df39f3f","07-e01804cb3a","07-a08cfc09ab","07-8bfc558e3c","07-4736bb6c90","07-9486ac60d8","07-89dc3b9536","07-292c7a18f8","07-91d247e7be"]}},{"type":"Feature","geometry":{"type":"Polygon","coordinates":[[[140.37747,37.88685],[140.37897,37.88664],[140.38194,37.88737],[140.38262,37.88726],[140.38557,37.88447],[140.38633,37.88339],[140.38591,37.88182],[140.38535,37.88095],[140.38401,37.87946],[140.38324,37.87783],[140.38321,37.8737],[140.38345,37.87238],[140.38417,37.87091],[140.38514,37.86765],[140.3871,37.86559],[140.39165,37.86218],[140.39241,37.86201],[140.39372,37.86131],[140.39663,37.8605],[140.39887,37.86007],[140.39985,37.85956],[140.40235,37.85727],[140.40404,37.85558],[140.40454,37.85482],[140.40427,37.85284],[140.40505,37.85106],[140.40539,37.84923],[140.40493,37.84766],[140.40586,37.84774],[140.40609,37.84732],[140.40589,37.8469],[140.40721,37.84631],[140.40723,37.84547],[140.40826,37.84533],[140.4084,37.84508],[140.4081,37.84475],[140.40818,37.84456],[140.40848,37.84436],[140.40941,37.84421],[140.40936,37.84345],[140.40996,37.84338],[140.41026,37.8426],[140.41146,37.84262],[140.41193,37.84281],[140.41327,37.84187],[140.4139,37.84205],[140.41457,37.84194],[140.41474,37.84154],[140.41513,37.8412],[140.41673,37.84096],[140.41755,37.84051],[140.41908,37.84033],[140.41965,37.83965],[140.41988,37.83976],[140.4202,37.84048],[140.42114,37.84028],[140.42178,37.83974],[140.42227,37.83986],[140.42268,37.84021],[140.42289,37.84008],[140.42308,37.83928],[140.4247,37.8387],[140.42566,37.83788],[140.42607,37.83794],[140.42619,37.83846],[140.42664,37.83865],[140.42793,37.8379],[140.42841,37.83736],[140.42867,37.83629],[140.42887,37.83627],[140.42936,37.83664],[140.43067,37.83591],[140.43136,37.83625],[140.4325,37.83507],[140.43272,37.83511],[140.43278,37.8354],[140.43313,37.83552],[140.43413,37.83539],[140.43473,37.83477],[140.4351,37.83462],[140.43481,37.8341],[140.43395,37.83352],[140.43395,37.8333],[140.43361,37.833],[140.43431,37.83124],[140.43614,37.83134],[140.43745,37.83099],[140.44117,37.83091],[140.44149,37.83052],[140.44257,37.83026],[140.44444,37.83066],[140.4452,37.83024],[140.44794,37.83005],[140.44901,37.8297],[140.44964,37.82981],[140.44968,37.82963],[140.44912,37.82882],[140.4479,37.82881],[140.44549,37.82922],[140.44459,37.82922],[140.44495,37.82821],[140.44382,37.82837],[140.44376,37.8274],[140.44417,37.82715],[140.44396,37.82638],[140.44407,37.82572],[140.44354,37.82476],[140.44277,37.8248],[140.44027,37.82544],[140.4384,37.82505],[140.43523,37.82389],[140.4291,37.82353],[140.42688,37.82277],[140.42421,37.82255],[140.42065,37.82112],[140.41875,37.82129],[140.41748,37.82181],[140.41675,37.82152],[140.41583,37.82225],[140.41564,37.8227],[140.4124,37.82304],[140.41173,37.82328],[140.41149,37.82352],[140.41156,37.82488],[140.41131,37.82525],[140.41049,37.82483],[140.40856,37.82483],[140.40815,37.82565],[140.40722,37.82567],[140.40762,37.82665],[140.40741,37.82724],[140.4069,37.82723],[140.40649,37.82662],[140.40626,37.82655],[140.40504,37.82674],[140.40295,37.82665],[140.40236,37.82686],[140.40215,37.8273],[140.40238,37.82822],[140.40167,37.8287],[140.4008,37.8289],[140.39766,37.82863],[140.39586,37.82982],[140.39453,37.83],[140.39204,37.83144],[140.39084,37.83179],[140.38945,37.83135],[140.38787,37.83146],[140.38703,37.83253],[140.38717,37.83277],[140.38792,37.83298],[140.38801,37.83321],[140.38785,37.83347],[140.38673,37.83415],[140.38548,37.83414],[140.38505,37.83303],[140.38471,37.83309],[140.38431,37.83343],[140.38377,37.83321],[140.3836,37.83298],[140.38188,37.83299],[140.38164,37.83344],[140.38156,37.83459],[140.38133,37.83479],[140.38048,37.83485],[140.38009,37.83573],[140.37967,37.83612],[140.37827,37.83604],[140.37574,37.83501],[140.37495,37.83564],[140.37413,37.8355],[140.37304,37.8359],[140.37222,37.83592],[140.37061,37.83782],[140.36964,37.83823],[140.36705,37.83811],[140.36518,37.83833],[140.36321,37.83863],[140.35911,37.83962],[140.35816,37.83839],[140.35498,37.83511],[140.35336,37.8343],[140.35148,37.83376],[140.34903,37.83265],[140.34642,37.83226],[140.34001,37.83046],[140.33633,37.83052],[140.33465,37.82995],[140.33289,37.82965],[140.32808,37.82984],[140.32645,37.82914],[140.32427,37.82889],[140.32347,37.82864],[140.32078,37.82921],[140.31564,37.82918],[140.31266,37.82942],[140.30991,37.83059],[140.30871,37.83084],[140.30351,37.83082],[140.29764,37.83185],[140.29421,37.83173],[140.28649,37.83288],[140.28311,37.83416],[140.27702,37.83483],[140.27257,37.83597],[140.27152,37.83606],[140.27045,37.83583],[140.26998,37.83589],[140.2699,37.83603],[140.26985,37.84063],[140.26919,37.8449],[140.26841,37.84647],[140.26723,37.84765],[140.26713,37.84746],[140.26573,37.85019],[140.26575,37.85086],[140.26634,37.85209],[140.26634,37.85312],[140.26588,37.85416],[140.26524,37.85474],[140.26556,37.85517],[140.26674,37.85547],[140.26736,37.85725],[140.26716,37.85764],[140.26609,37.85826],[140.26565,37.85878],[140.26539,37.85952],[140.26548,37.86045],[140.26525,37.86123],[140.26537,37.86204],[140.2655,37.86247],[140.26601,37.86314],[140.26727,37.86412],[140.26784,37.86499],[140.27204,37.86559],[140.27616,37.86649],[140.28183,37.86719],[140.28459,37.86729],[140.28498,37.86712],[140.285,37.86689],[140.28334,37.865],[140.28227,37.86358],[140.28232,37.86335],[140.28532,37.8642],[140.28768,37.86461],[140.29771,37.86506],[140.30394,37.86735],[140.30635,37.86806],[140.30923,37.86849],[140.30818,37.86598],[140.30793,37.86363],[140.308,37.86296],[140.3078,37.86252],[140.30292,37.86239],[140.30229,37.86222],[140.30025,37.85894],[140.29883,37.85758],[140.29776,37.85626],[140.29775,37.85483],[140.29792,37.8545],[140.29992,37.85349],[140.30047,37.85265],[140.30042,37.85161],[140.29968,37.85014],[140.2997,37.84958],[140.30094,37.84937],[140.30273,37.8498],[140.30398,37.84932],[140.30442,37.84951],[140.30464,37.84987],[140.30582,37.85305],[140.30637,37.85384],[140.30755,37.85513],[140.30839,37.8556],[140.30948,37.85558],[140.3098,37.85545],[140.31016,37.8532],[140.31061,37.85289],[140.31293,37.85312],[140.31398,37.85373],[140.31494,37.85493],[140.3158,37.85655],[140.3169,37.85993],[140.31722,37.8603],[140.31836,37.86047],[140.31896,37.86028],[140.3213,37.85892],[140.32269,37.85787],[140.32342,37.85793],[140.32813,37.86332],[140.32823,37.86421],[140.3284,37.86447],[140.33698,37.87109],[140.34283,37.87665],[140.3499,37.88271],[140.35419,37.88524],[140.35886,37.88749],[140.35931,37.88736],[140.35991,37.88301],[140.36028,37.88217],[140.36068,37.88191],[140.36119,37.88196],[140.36247,37.8825],[140.36572,37.88456],[140.37296,37.88856],[140.37365,37.88876],[140.3746,37.88872],[140.37635,37.88737],[140.37747,37.88685]]]},"properties":{"key":"072011030","name":"飯坂町中野","pref":"福島県","prefCode":"07","municipality":"福島市","areaM2":55043457.022,"population":1005,"toponymIds":["07-ce31b27c87","07-8a5af545c7"]}},{"type":"Feature","geometry":{"type":"Polygon","coordinates":[[[140.4724,37.84023],[140.47236,37.8396],[140.47284,37.83936],[140.47354,37.83932],[140.47391,37.83876],[140.47452,37.83826],[140.47448,37.83807],[140.47398,37.83805],[140.47359,37.83784],[140.47385,37.8368],[140.47451,37.83636],[140.47485,37.83577],[140.47531,37.83542],[140.47536,37.83494],[140.47506,37.83431],[140.47608,37.8333],[140.47646,37.83264],[140.47742,37.832],[140.47807,37.83057],[140.47856,37.82992],[140.4782,37.82965],[140.47848,37.82944],[140.47858,37.82967],[140.47923,37.82964],[140.48027,37.83022],[140.48048,37.82985],[140.48087,37.82996],[140.48118,37.82942],[140.48108,37.82915],[140.48119,37.82858],[140.48163,37.82791],[140.48171,37.82725],[140.48263,37.8272],[140.48284,37.82707],[140.48394,37.82786],[140.48494,37.82682],[140.48659,37.82757],[140.48658,37.82831],[140.4894,37.82759],[140.48948,37.82739],[140.48923,37.82701],[140.48884,37.82681],[140.49172,37.8273],[140.49171,37.82687],[140.49142,37.82676],[140.49128,37.82599],[140.49058,37.82585],[140.49047,37.825],[140.48981,37.82508],[140.48974,37.82455],[140.48936,37.82421],[140.48965,37.82366],[140.48942,37.82109],[140.48845,37.82106],[140.48917,37.81736],[140.48878,37.8174],[140.48891,37.817],[140.48866,37.81699],[140.4886,37.81673],[140.48964,37.81631],[140.48968,37.81553],[140.48919,37.81522],[140.48845,37.81529],[140.48681,37.81584],[140.4844,37.81573],[140.48312,37.8161],[140.48396,37.8155],[140.48607,37.81474],[140.4869,37.81422],[140.48683,37.81401],[140.48617,37.81385],[140.48624,37.81369],[140.48606,37.81363],[140.48594,37.81303],[140.48603,37.81247],[140.48192,37.81276],[140.47615,37.81444],[140.47166,37.81532],[140.4725,37.81669],[140.47278,37.81667],[140.47334,37.81699],[140.47525,37.81693],[140.47557,37.81727],[140.47562,37.81761],[140.47556,37.81787],[140.4749,37.81836],[140.47487,37.81871],[140.47442,37.81916],[140.47365,37.81916],[140.47382,37.82051],[140.47407,37.82054],[140.47413,37.82071],[140.47333,37.8215],[140.47311,37.82357],[140.47236,37.82362],[140.47223,37.82543],[140.47143,37.82583],[140.47154,37.82621],[140.47107,37.82784],[140.47104,37.82813],[140.47131,37.82811],[140.47221,37.82745],[140.47326,37.82723],[140.47377,37.82733],[140.47528,37.82816],[140.47491,37.82872],[140.47509,37.82907],[140.47472,37.8312],[140.47406,37.83155],[140.47411,37.83225],[140.47425,37.83235],[140.47406,37.83255],[140.474,37.83302],[140.47368,37.8333],[140.47328,37.83404],[140.47301,37.83415],[140.4729,37.83514],[140.47307,37.83561],[140.47286,37.83636],[140.47067,37.83759],[140.46996,37.83886],[140.47009,37.83914],[140.47051,37.83935],[140.47052,37.83974],[140.47076,37.84007],[140.47136,37.84018],[140.47195,37.84074],[140.47255,37.84052],[140.4724,37.84023]]]},"properties":{"key":"072011050","name":"飯坂町東湯野","pref":"福島県","prefCode":"07","municipality":"福島市","areaM2":2580276.14,"population":683,"toponymIds":["07-51e96c9aa1"]}},{"type":"Feature","geometry":{"type":"Polygon","coordinates":[[[140.46059,37.86982],[140.46017,37.86928],[140.46045,37.86843],[140.46045,37.86789],[140.45986,37.86727],[140.45953,37.86646],[140.45883,37.86576],[140.45869,37.8651],[140.45873,37.86463],[140.45968,37.86354],[140.45955,37.86292],[140.46019,37.86258],[140.46003,37.8623],[140.46011,37.86205],[140.46041,37.86215],[140.46079,37.86203],[140.46279,37.86093],[140.46473,37.86057],[140.46548,37.85941],[140.46655,37.85879],[140.46695,37.85873],[140.46661,37.85814],[140.46678,37.85782],[140.46784,37.85739],[140.46854,37.85736],[140.46883,37.85765],[140.46916,37.85753],[140.46929,37.85726],[140.46902,37.85688],[140.46956,37.85636],[140.47262,37.8554],[140.47349,37.85545],[140.47472,37.85461],[140.47664,37.85446],[140.47675,37.85398],[140.47649,37.85307],[140.47654,37.85277],[140.47852,37.8515],[140.47975,37.85022],[140.48038,37.85013],[140.48208,37.84942],[140.48244,37.84863],[140.48324,37.84838],[140.48458,37.8475],[140.48442,37.84708],[140.48367,37.84636],[140.48345,37.84576],[140.48285,37.84569],[140.48255,37.84519],[140.48194,37.84483],[140.48129,37.8451],[140.48112,37.8458],[140.47915,37.8456],[140.47868,37.8457],[140.47778,37.84634],[140.47614,37.84637],[140.47432,37.84697],[140.47391,37.84693],[140.47362,37.84671],[140.4729,37.84549],[140.47275,37.8443],[140.47221,37.84407],[140.47152,37.8435],[140.47266,37.84263],[140.47182,37.84147],[140.47112,37.8408],[140.47115,37.84017],[140.47057,37.83987],[140.47051,37.83935],[140.47009,37.83914],[140.46996,37.83886],[140.47067,37.83759],[140.47286,37.83636],[140.47307,37.83561],[140.4729,37.83514],[140.47301,37.83415],[140.47328,37.83404],[140.47368,37.8333],[140.474,37.83302],[140.47406,37.83255],[140.47425,37.83235],[140.47411,37.83225],[140.47406,37.83155],[140.47472,37.8312],[140.47509,37.82907],[140.47491,37.82872],[140.47528,37.82816],[140.47377,37.82733],[140.47326,37.82723],[140.47221,37.82745],[140.47131,37.82811],[140.47104,37.82813],[140.47107,37.82784],[140.47154,37.82621],[140.47143,37.82583],[140.47223,37.82543],[140.47236,37.82362],[140.47311,37.82357],[140.47333,37.8215],[140.47413,37.82071],[140.47407,37.82054],[140.47382,37.82051],[140.47365,37.81916],[140.47442,37.81916],[140.47487,37.81871],[140.4749,37.81836],[140.47556,37.81787],[140.47562,37.81761],[140.47557,37.81727],[140.47525,37.81693],[140.47334,37.81699],[140.47278,37.81667],[140.4725,37.81669],[140.47166,37.81532],[140.46849,37.81548],[140.46047,37.81695],[140.45852,37.81797],[140.45649,37.8186],[140.45673,37.81904],[140.45756,37.81965],[140.45601,37.82124],[140.45482,37.82327],[140.45452,37.82417],[140.45499,37.82501],[140.45644,37.82354],[140.45721,37.82461],[140.45729,37.82544],[140.45717,37.82592],[140.45636,37.8274],[140.45648,37.82742],[140.45639,37.82775],[140.45624,37.82771],[140.45604,37.82815],[140.45576,37.82812],[140.45569,37.8285],[140.45547,37.82848],[140.45494,37.82911],[140.4552,37.83142],[140.455,37.83189],[140.4533,37.83436],[140.45251,37.83527],[140.45151,37.83587],[140.44938,37.8388],[140.44851,37.83952],[140.44731,37.83978],[140.44544,37.83956],[140.44511,37.83964],[140.44477,37.84009],[140.44433,37.84168],[140.44346,37.84209],[140.44052,37.84247],[140.43836,37.84186],[140.43722,37.84207],[140.43681,37.84238],[140.43644,37.84381],[140.4364,37.84536],[140.43662,37.84636],[140.4362,37.84682],[140.43519,37.84735],[140.43459,37.84889],[140.43477,37.85059],[140.43568,37.85206],[140.43633,37.85267],[140.43631,37.85298],[140.43584,37.85353],[140.43433,37.85383],[140.43415,37.85406],[140.43396,37.85463],[140.43424,37.85549],[140.43405,37.85657],[140.43453,37.8574],[140.43436,37.85858],[140.43403,37.85929],[140.43227,37.86011],[140.43206,37.86047],[140.43219,37.86088],[140.433,37.86167],[140.43342,37.8626],[140.43408,37.86294],[140.43483,37.86364],[140.43499,37.8642],[140.43483,37.86447],[140.43596,37.86436],[140.43706,37.86518],[140.4379,37.86485],[140.43818,37.86455],[140.44088,37.86523],[140.44187,37.86523],[140.44351,37.86579],[140.44427,37.86662],[140.44471,37.86651],[140.44523,37.86676],[140.44607,37.86673],[140.44698,37.8671],[140.4477,37.86719],[140.45104,37.86894],[140.45248,37.86906],[140.45289,37.86931],[140.4532,37.86986],[140.45356,37.87],[140.45521,37.86975],[140.4571,37.87046],[140.45989,37.87086],[140.46095,37.8713],[140.46113,37.87088],[140.46152,37.87058],[140.46071,37.87006],[140.46059,37.86982]]]},"properties":{"key":"072011040","name":"飯坂町湯野","pref":"福島県","prefCode":"07","municipality":"福島市","areaM2":13768491.686,"population":3709,"toponymIds":["07-ce651873a9","07-14d208589a","07-f295d17a76","07-31ca35cfe9","07-4d95ff493a","07-bfcdbbc11f"]}},{"type":"Feature","geometry":{"type":"Polygon","coordinates":[[[140.45448,37.7824],[140.45595,37.78232],[140.45511,37.77962],[140.45551,37.77954],[140.4569,37.77876],[140.45752,37.77773],[140.45748,37.77732],[140.45813,37.77715],[140.45465,37.77402],[140.4541,37.7734],[140.45366,37.77249],[140.45331,37.77237],[140.45319,37.77196],[140.45311,37.77224],[140.45194,37.77258],[140.45132,37.77238],[140.45104,37.77209],[140.45006,37.77227],[140.44885,37.77182],[140.44534,37.77203],[140.4449,37.77186],[140.44448,37.77204],[140.44431,37.77232],[140.44436,37.77257],[140.44409,37.7726],[140.44412,37.77277],[140.4438,37.77285],[140.44381,37.77298],[140.44344,37.77292],[140.44347,37.7735],[140.44311,37.77357],[140.44311,37.77374],[140.44227,37.77368],[140.44222,37.77393],[140.4417,37.77415],[140.44172,37.7743],[140.44111,37.77468],[140.4413,37.77499],[140.44127,37.77603],[140.44179,37.77785],[140.44204,37.77782],[140.44237,37.77803],[140.44327,37.77779],[140.44429,37.77872],[140.44401,37.77882],[140.444,37.77897],[140.44461,37.77916],[140.44488,37.77946],[140.44458,37.77973],[140.44462,37.78017],[140.44514,37.78016],[140.44516,37.7806],[140.44331,37.78073],[140.44239,37.78173],[140.44324,37.78197],[140.44562,37.78222],[140.44861,37.78218],[140.45448,37.7824]]]},"properties":{"key":"072010640","name":"泉","pref":"福島県","prefCode":"07","municipality":"福島市","areaM2":1285523.875,"population":6611,"toponymIds":["07-38def1f15a"]}},{"type":"Feature","geometry":{"type":"Polygon","coordinates":[[[140.52374,37.79558],[140.5241,37.79552],[140.52493,37.79585],[140.52677,37.79539],[140.52809,37.79464],[140.52834,37.79389],[140.52794,37.79346],[140.52507,37.79151],[140.52433,37.79073],[140.52346,37.79079],[140.52331,37.79],[140.52354,37.78932],[140.52256,37.788],[140.52227,37.78693],[140.52232,37.78608],[140.52287,37.78539],[140.52256,37.78476],[140.52268,37.78429],[140.52329,37.78338],[140.52433,37.78297],[140.5246,37.78248],[140.52461,37.7819],[140.52448,37.78142],[140.52371,37.78105],[140.52289,37.77999],[140.52242,37.78011],[140.52035,37.78001],[140.51855,37.78082],[140.51753,37.7811],[140.51667,37.77955],[140.51597,37.77864],[140.51528,37.77848],[140.51406,37.77848],[140.51397,37.77798],[140.51354,37.77781],[140.51253,37.77771],[140.51153,37.77731],[140.51128,37.77761],[140.50993,37.77721],[140.5095,37.77811],[140.5094,37.77872],[140.50877,37.77991],[140.50829,37.77974],[140.50716,37.77891],[140.50595,37.77876],[140.50606,37.77896],[140.50598,37.77967],[140.5038,37.77993],[140.5031,37.78022],[140.50271,37.78045],[140.50285,37.78087],[140.50218,37.78094],[140.50241,37.78229],[140.50097,37.78254],[140.50261,37.78393],[140.50309,37.78345],[140.50367,37.784],[140.50386,37.78386],[140.50538,37.78458],[140.5059,37.78468],[140.50608,37.78842],[140.50542,37.79022],[140.50692,37.79073],[140.50848,37.79045],[140.51098,37.79067],[140.51098,37.79084],[140.51266,37.79109],[140.51355,37.79078],[140.51519,37.79287],[140.51611,37.79273],[140.51793,37.79299],[140.51904,37.79384],[140.51944,37.79437],[140.52008,37.79478],[140.52057,37.79534],[140.52248,37.7957],[140.52288,37.79594],[140.52374,37.79558]]]},"properties":{"key":"072010700","name":"岡島","pref":"福島県","prefCode":"07","municipality":"福島市","areaM2":2571107.07,"population":1076,"toponymIds":["07-68b3800c93","07-3a0fe5607a","07-c4b90a3a65"]}},{"type":"Feature","geometry":{"type":"Polygon","coordinates":[[[140.50056,37.78447],[140.50115,37.78436],[140.50268,37.78442],[140.50254,37.78387],[140.50097,37.78254],[140.50241,37.78229],[140.50218,37.78094],[140.50285,37.78087],[140.50271,37.78045],[140.5031,37.78022],[140.5038,37.77993],[140.50598,37.77967],[140.50606,37.77896],[140.50595,37.77876],[140.50716,37.77891],[140.50829,37.77974],[140.50877,37.77991],[140.51041,37.77619],[140.51019,37.7754],[140.50948,37.77439],[140.50804,37.77339],[140.50805,37.77215],[140.50597,37.77168],[140.50551,37.76945],[140.50447,37.76953],[140.50384,37.76838],[140.5027,37.76789],[140.50124,37.76753],[140.49928,37.76545],[140.49873,37.76545],[140.49826,37.76515],[140.49726,37.76517],[140.49665,37.76596],[140.49579,37.7661],[140.49569,37.7665],[140.495,37.76738],[140.49509,37.76779],[140.49496,37.7682],[140.49476,37.76832],[140.49417,37.76813],[140.49424,37.76768],[140.49374,37.76705],[140.4937,37.76613],[140.49428,37.76536],[140.49447,37.76454],[140.49387,37.76331],[140.48957,37.76447],[140.49337,37.7721],[140.49482,37.77669],[140.49435,37.77833],[140.49311,37.78113],[140.4923,37.78237],[140.49084,37.78534],[140.49344,37.78642],[140.4954,37.78667],[140.49652,37.78629],[140.49724,37.78535],[140.49787,37.78501],[140.50056,37.78447]]]},"properties":{"key":"072010680","name":"岡部","pref":"福島県","prefCode":"07","municipality":"福島市","areaM2":2484242.216,"population":5748,"toponymIds":["07-1dd1b82c64","07-cf051db249","07-86480637a0","07-939f23ef7b","07-a8ff133d2f","07-cf34d1f4ef","07-5da261c0bc"]}},{"type":"Feature","geometry":{"type":"Polygon","coordinates":[[[140.47482,37.72291],[140.47479,37.72273],[140.47453,37.72273],[140.47441,37.72387],[140.47554,37.72439],[140.47564,37.72359],[140.47485,37.72318],[140.47482,37.72291]]]},"properties":{"key":"072010550","name":"小倉寺","pref":"福島県","prefCode":"07","municipality":"福島市","areaM2":11930.825,"population":0,"toponymIds":["07-2258342488"]}},{"type":"Feature","geometry":{"type":"Polygon","coordinates":[[[140.46606,37.74429],[140.46608,37.74381],[140.46404,37.74424],[140.46419,37.7454],[140.46527,37.74702],[140.46597,37.74844],[140.46739,37.74769],[140.46691,37.74703],[140.4664,37.74585],[140.46606,37.74429]]]},"properties":{"key":"072010020","name":"御倉町","pref":"福島県","prefCode":"07","municipality":"福島市","areaM2":73803.875,"population":138,"toponymIds":["07-6e68df1ef3"]}},{"type":"Feature","geometry":{"type":"Polygon","coordinates":[[[140.44604,37.71952],[140.44584,37.71916],[140.44554,37.71908],[140.44593,37.71758],[140.44519,37.71723],[140.44583,37.71676],[140.44681,37.71637],[140.44705,37.71591],[140.44724,37.71585],[140.44695,37.7155],[140.44663,37.71448],[140.44615,37.71444],[140.445,37.7127],[140.44504,37.71166],[140.44523,37.71137],[140.44516,37.70955],[140.44484,37.70925],[140.44468,37.70933],[140.44462,37.70887],[140.44321,37.70822],[140.44199,37.70714],[140.44184,37.70692],[140.44183,37.70619],[140.44131,37.70546],[140.44046,37.70468],[140.44006,37.70396],[140.43982,37.70301],[140.4398,37.70204],[140.43811,37.70097],[140.43759,37.70088],[140.43717,37.7004],[140.43436,37.69942],[140.43034,37.69686],[140.42693,37.69487],[140.42628,37.69467],[140.42472,37.69347],[140.42435,37.69286],[140.42352,37.69262],[140.42304,37.69178],[140.42151,37.69131],[140.42074,37.69059],[140.41968,37.69006],[140.41892,37.68922],[140.41876,37.68867],[140.41765,37.68773],[140.41452,37.68427],[140.41313,37.68206],[140.40774,37.6787],[140.40519,37.67884],[140.40459,37.67867],[140.40328,37.67775],[140.40279,37.67708],[140.40253,37.67628],[140.40198,37.6758],[140.40136,37.6759],[140.39947,37.67743],[140.3978,37.67734],[140.39697,37.67702],[140.39603,37.67696],[140.39281,37.67789],[140.39091,37.67778],[140.38966,37.67749],[140.38774,37.6779],[140.38693,37.67841],[140.38997,37.68289],[140.38909,37.68362],[140.38901,37.68441],[140.38928,37.68523],[140.39056,37.68755],[140.39281,37.69047],[140.39385,37.69157],[140.39556,37.69264],[140.3975,37.69329],[140.39882,37.6935],[140.39935,37.69504],[140.40081,37.69682],[140.40186,37.69762],[140.40635,37.7001],[140.40944,37.7023],[140.41235,37.70335],[140.41695,37.7044],[140.41606,37.70517],[140.41575,37.70593],[140.41627,37.70743],[140.41653,37.70776],[140.41721,37.70796],[140.41751,37.70849],[140.41783,37.71035],[140.41881,37.71055],[140.42067,37.71138],[140.42354,37.71115],[140.42571,37.71218],[140.42694,37.7117],[140.42886,37.71193],[140.42822,37.71351],[140.42955,37.71384],[140.43216,37.71376],[140.43713,37.71506],[140.43943,37.71897],[140.43976,37.71808],[140.44034,37.71717],[140.44079,37.7177],[140.44114,37.71749],[140.44186,37.71834],[140.44149,37.71852],[140.44222,37.71944],[140.44091,37.71923],[140.44075,37.7204],[140.44096,37.72143],[140.44044,37.72217],[140.44039,37.72244],[140.44067,37.7233],[140.44041,37.72381],[140.44203,37.72307],[140.4425,37.72246],[140.44294,37.72116],[140.44409,37.72058],[140.4449,37.71992],[140.44604,37.71952]]]},"properties":{"key":"072013070","name":"小田","pref":"福島県","prefCode":"07","municipality":"福島市","areaM2":9717407.25,"population":1131,"toponymIds":["07-08107bd62e"]}},{"type":"Feature","geometry":{"type":"Polygon","coordinates":[[[140.46337,37.78588],[140.46387,37.78574],[140.46392,37.78556],[140.46419,37.78547],[140.46413,37.78524],[140.46466,37.78488],[140.46477,37.78378],[140.46398,37.78365],[140.46525,37.78146],[140.46636,37.7813],[140.46619,37.78104],[140.46704,37.78077],[140.46706,37.78105],[140.46774,37.78092],[140.46763,37.77955],[140.47054,37.77933],[140.47002,37.77908],[140.46979,37.77888],[140.46988,37.77878],[140.46965,37.77869],[140.47119,37.77795],[140.4731,37.77742],[140.47443,37.7763],[140.47473,37.77534],[140.47417,37.77219],[140.47396,37.77156],[140.47353,37.77115],[140.47273,37.77152],[140.47234,37.77245],[140.4714,37.77241],[140.47032,37.7716],[140.46997,37.77091],[140.46994,37.77005],[140.4695,37.76979],[140.4664,37.76827],[140.46368,37.76788],[140.46123,37.76817],[140.46057,37.76953],[140.4596,37.76999],[140.45885,37.77107],[140.45762,37.77123],[140.45614,37.77107],[140.45501,37.77226],[140.45484,37.77277],[140.45453,37.77306],[140.45366,37.77249],[140.4541,37.7734],[140.45465,37.77402],[140.45813,37.77715],[140.45748,37.77732],[140.45752,37.77773],[140.4569,37.77876],[140.45551,37.77954],[140.45511,37.77962],[140.45625,37.78326],[140.45633,37.78341],[140.45656,37.78339],[140.4565,37.78426],[140.45709,37.78425],[140.45851,37.78518],[140.45933,37.7853],[140.45939,37.78553],[140.45966,37.78532],[140.46144,37.78549],[140.46166,37.7859],[140.4619,37.78596],[140.46217,37.78549],[140.46265,37.78549],[140.46309,37.78564],[140.46294,37.7861],[140.46337,37.78588]]]},"properties":{"key":"072010650","name":"御山","pref":"福島県","prefCode":"07","municipality":"福島市","areaM2":2194077.051,"population":5564,"toponymIds":["07-ba8c83fb63","07-f4bbff9ef5"]}},{"type":"Feature","geometry":{"type":"Polygon","coordinates":[[[140.41628,37.72719],[140.4164,37.72705],[140.41672,37.72716],[140.41749,37.72706],[140.41743,37.72686],[140.41909,37.7264],[140.41916,37.72544],[140.41869,37.7251],[140.41924,37.7245],[140.41928,37.72374],[140.41909,37.72349],[140.41747,37.72308],[140.41674,37.72367],[140.41699,37.72446],[140.41577,37.72494],[140.41541,37.72691],[140.41596,37.72712],[140.41605,37.72731],[140.41628,37.72719]]]},"properties":{"key":"072013050","name":"上鳥渡","pref":"福島県","prefCode":"07","municipality":"福島市","areaM2":105005.448,"population":0,"toponymIds":["07-a475eb86c9","07-911c8f3379"]}},{"type":"Feature","geometry":{"type":"Polygon","coordinates":[[[140.39899,37.7412],[140.39944,37.74121],[140.39978,37.74082],[140.39826,37.74024],[140.39776,37.73973],[140.3984,37.73869],[140.39701,37.7381],[140.39671,37.7381],[140.39642,37.73843],[140.39588,37.7382],[140.39544,37.73777],[140.39607,37.73735],[140.39675,37.73728],[140.39727,37.73688],[140.39672,37.73585],[140.39526,37.73489],[140.39551,37.73477],[140.39807,37.73559],[140.39868,37.73618],[140.39884,37.73605],[140.39952,37.73664],[140.39947,37.73689],[140.40009,37.73736],[140.39955,37.73854],[140.39959,37.73901],[140.39946,37.73903],[140.39966,37.73937],[140.40035,37.73938],[140.40087,37.73855],[140.40126,37.73839],[140.40142,37.73806],[140.40212,37.73826],[140.4023,37.73814],[140.40321,37.73839],[140.40477,37.73842],[140.4052,37.73957],[140.40638,37.73956],[140.40682,37.73971],[140.40697,37.74004],[140.40783,37.73981],[140.40682,37.73902],[140.4063,37.73898],[140.40614,37.73917],[140.40557,37.73895],[140.40581,37.73853],[140.4044,37.73787],[140.40409,37.73743],[140.40422,37.737],[140.4046,37.73692],[140.40464,37.73674],[140.40514,37.73678],[140.40557,37.7353],[140.40539,37.73465],[140.40428,37.73451],[140.40347,37.73362],[140.4023,37.73349],[140.40196,37.73327],[140.40198,37.73307],[140.40165,37.73279],[140.40054,37.73211],[140.39946,37.7319],[140.39848,37.7321],[140.39802,37.73203],[140.39756,37.73169],[140.39729,37.73062],[140.39335,37.72877],[140.38448,37.7252],[140.38408,37.72457],[140.38295,37.72385],[140.38191,37.72365],[140.38126,37.72321],[140.38036,37.72317],[140.37873,37.72234],[140.37757,37.72242],[140.37734,37.72233],[140.37722,37.72204],[140.37605,37.7221],[140.37483,37.72166],[140.37372,37.72162],[140.3733,37.72106],[140.37238,37.72069],[140.3715,37.7207],[140.37015,37.72035],[140.36981,37.72053],[140.36874,37.72001],[140.36807,37.7192],[140.36616,37.71898],[140.36458,37.71793],[140.3631,37.71775],[140.36143,37.7172],[140.36119,37.71761],[140.36145,37.71881],[140.3621,37.71942],[140.3634,37.72022],[140.36361,37.72058],[140.3636,37.72379],[140.36386,37.72534],[140.36515,37.72658],[140.36543,37.72732],[140.36685,37.72824],[140.36695,37.72859],[140.36799,37.72972],[140.3682,37.7303],[140.36893,37.73016],[140.36983,37.73034],[140.3704,37.73059],[140.37068,37.73088],[140.37202,37.73121],[140.37212,37.73111],[140.37194,37.73078],[140.37206,37.73063],[140.37533,37.73025],[140.37654,37.73143],[140.38253,37.73345],[140.38417,37.73272],[140.38429,37.73303],[140.3849,37.73333],[140.38571,37.73265],[140.38598,37.73306],[140.3874,37.73321],[140.38783,37.73391],[140.38825,37.73423],[140.38871,37.73432],[140.38912,37.73474],[140.3886,37.73535],[140.39009,37.73639],[140.39082,37.73731],[140.39532,37.74003],[140.39803,37.74213],[140.39899,37.7412]]]},"properties":{"key":"072010870","name":"上名倉","pref":"福島県","prefCode":"07","municipality":"福島市","areaM2":3490839.342,"population":1826,"toponymIds":["07-579b4f4ba6","07-f2b47a302f","07-1c970a7abe","07-d11720f3b0","07-595d64148d","07-de0b5cf72c","07-bbee061ae8"]}},{"type":"Feature","geometry":{"type":"Polygon","coordinates":[[[140.40093,37.76594],[140.40199,37.76594],[140.40201,37.76561],[140.40174,37.76534],[140.40259,37.76512],[140.40502,37.76507],[140.40609,37.76413],[140.40743,37.76378],[140.40893,37.76311],[140.41159,37.7627],[140.41213,37.76289],[140.41413,37.76185],[140.4144,37.76207],[140.41478,37.76189],[140.41513,37.76232],[140.41511,37.76254],[140.41458,37.7628],[140.41547,37.76305],[140.41547,37.76317],[140.41591,37.76314],[140.41665,37.76384],[140.41703,37.76354],[140.41693,37.7634],[140.41704,37.76294],[140.41793,37.76273],[140.41805,37.76177],[140.4175,37.76044],[140.41718,37.75886],[140.41721,37.75808],[140.41766,37.75807],[140.41765,37.75762],[140.41808,37.75739],[140.418,37.75667],[140.41746,37.75655],[140.41788,37.75423],[140.41451,37.75529],[140.4128,37.75559],[140.40886,37.7553],[140.40513,37.75468],[140.40348,37.7549],[140.40265,37.75524],[140.4019,37.75532],[140.40175,37.75504],[140.40113,37.75473],[140.39829,37.75604],[140.39734,37.75624],[140.39576,37.75601],[140.39538,37.75783],[140.39439,37.75888],[140.39496,37.75929],[140.39483,37.75963],[140.39392,37.75994],[140.39259,37.75989],[140.39052,37.76086],[140.39006,37.76126],[140.38932,37.76258],[140.38716,37.76221],[140.38643,37.76226],[140.3857,37.764],[140.38705,37.76442],[140.38931,37.76582],[140.39128,37.76595],[140.39268,37.76559],[140.39555,37.76601],[140.40093,37.76594]]]},"properties":{"key":"072014020","name":"上野寺","pref":"福島県","prefCode":"07","municipality":"福島市","areaM2":2364728.3,"population":830,"toponymIds":["07-c23bb82efa"]}},{"type":"Feature","geometry":{"type":"Polygon","coordinates":[[[140.42144,37.74993],[140.41993,37.74794],[140.41868,37.74739],[140.41965,37.74688],[140.42051,37.74663],[140.42074,37.74637],[140.42513,37.74586],[140.42595,37.74512],[140.42463,37.74499],[140.42395,37.74551],[140.42264,37.74556],[140.42217,37.74541],[140.4214,37.74581],[140.41926,37.74539],[140.41858,37.74593],[140.41798,37.746],[140.41744,37.74576],[140.4172,37.74532],[140.41723,37.745],[140.41601,37.7448],[140.41601,37.74417],[140.4166,37.7439],[140.41496,37.74301],[140.41479,37.74231],[140.41535,37.74246],[140.4156,37.74236],[140.41516,37.74154],[140.41534,37.74138],[140.41479,37.74079],[140.41523,37.74001],[140.41552,37.73841],[140.41339,37.73813],[140.41263,37.73702],[140.41192,37.73688],[140.41171,37.73666],[140.41047,37.7368],[140.4093,37.73633],[140.40893,37.73643],[140.40896,37.7367],[140.40875,37.7368],[140.40838,37.73655],[140.40776,37.7364],[140.40663,37.7349],[140.4057,37.73456],[140.40539,37.73465],[140.40557,37.7353],[140.40514,37.73678],[140.40464,37.73674],[140.4046,37.73692],[140.40422,37.737],[140.40409,37.73743],[140.4044,37.73787],[140.40581,37.73853],[140.40557,37.73895],[140.40614,37.73917],[140.4063,37.73898],[140.40682,37.73902],[140.40782,37.73986],[140.40697,37.74004],[140.40682,37.73971],[140.40638,37.73956],[140.4052,37.73957],[140.40477,37.73842],[140.40321,37.73839],[140.40282,37.73821],[140.4023,37.73814],[140.40212,37.73826],[140.40142,37.73806],[140.40126,37.73839],[140.40087,37.73855],[140.40035,37.73938],[140.39966,37.73937],[140.39946,37.73903],[140.39959,37.73901],[140.39955,37.73854],[140.40009,37.73736],[140.39947,37.73689],[140.39952,37.73664],[140.39884,37.73605],[140.39868,37.73618],[140.39807,37.73559],[140.39551,37.73477],[140.39526,37.73489],[140.39672,37.73585],[140.39727,37.73688],[140.39675,37.73728],[140.39607,37.73735],[140.39544,37.73777],[140.39588,37.7382],[140.39642,37.73843],[140.39671,37.7381],[140.39701,37.7381],[140.3984,37.73869],[140.39776,37.73973],[140.39826,37.74024],[140.39978,37.74082],[140.39944,37.74121],[140.39899,37.7412],[140.39803,37.74213],[140.39965,37.74331],[140.40315,37.74546],[140.40518,37.747],[140.40718,37.74803],[140.40953,37.7488],[140.41066,37.74897],[140.41373,37.74904],[140.41613,37.74965],[140.41834,37.75045],[140.41864,37.74988],[140.42013,37.7507],[140.42186,37.75013],[140.42144,37.74993]]]},"properties":{"key":"072010860","name":"佐倉下","pref":"福島県","prefCode":"07","municipality":"福島市","areaM2":1941812.86,"population":883,"toponymIds":["07-05a120b78d"]}},{"type":"Feature","geometry":{"type":"Polygon","coordinates":[[[140.40096,37.75476],[140.40153,37.75488],[140.4019,37.75532],[140.40265,37.75524],[140.40348,37.7549],[140.40513,37.75468],[140.40886,37.7553],[140.4085,37.75358],[140.40877,37.752],[140.40808,37.75186],[140.40881,37.74989],[140.40969,37.74884],[140.40718,37.74803],[140.40518,37.747],[140.40315,37.74546],[140.39965,37.74331],[140.39723,37.74159],[140.39581,37.74249],[140.39569,37.74314],[140.39597,37.74386],[140.39641,37.74399],[140.39631,37.74435],[140.39561,37.74448],[140.39578,37.74553],[140.39562,37.74626],[140.39667,37.74664],[140.39522,37.749],[140.39496,37.74897],[140.39478,37.74927],[140.39493,37.74952],[140.39464,37.75002],[140.39383,37.74976],[140.39282,37.75147],[140.3916,37.75109],[140.3898,37.75108],[140.38937,37.75089],[140.38915,37.75114],[140.38929,37.75144],[140.38822,37.75078],[140.38694,37.74922],[140.38315,37.74922],[140.37962,37.74898],[140.3779,37.74865],[140.37608,37.74868],[140.37458,37.7479],[140.37301,37.74638],[140.37208,37.74589],[140.37073,37.74469],[140.36906,37.74403],[140.36804,37.74285],[140.367,37.74224],[140.36564,37.74219],[140.36493,37.74198],[140.36439,37.74204],[140.3627,37.74164],[140.36218,37.74178],[140.36134,37.74146],[140.36098,37.74097],[140.36024,37.74074],[140.3592,37.74011],[140.35667,37.73984],[140.35455,37.73923],[140.35382,37.73883],[140.35397,37.73813],[140.35429,37.73777],[140.35417,37.7369],[140.35441,37.73626],[140.35353,37.73612],[140.35302,37.73621],[140.35254,37.73605],[140.35221,37.73577],[140.35196,37.73517],[140.35142,37.73489],[140.35056,37.73492],[140.34991,37.73514],[140.3494,37.73499],[140.34489,37.73245],[140.34158,37.72953],[140.34104,37.72929],[140.3385,37.72891],[140.33595,37.72713],[140.33618,37.72541],[140.33589,37.72455],[140.33297,37.72282],[140.33178,37.72193],[140.33091,37.72202],[140.32934,37.72166],[140.32611,37.72218],[140.32518,37.7219],[140.3233,37.72048],[140.32194,37.72066],[140.3198,37.72045],[140.31955,37.7204],[140.31893,37.71983],[140.31835,37.71965],[140.31682,37.72023],[140.31575,37.72],[140.31465,37.72016],[140.31353,37.72056],[140.31171,37.72015],[140.30988,37.72136],[140.30746,37.72331],[140.306,37.72282],[140.30358,37.72071],[140.30163,37.71943],[140.29947,37.71848],[140.29667,37.71772],[140.29408,37.71896],[140.29332,37.71954],[140.29228,37.71971],[140.29061,37.71953],[140.28785,37.71956],[140.28479,37.71987],[140.28204,37.71969],[140.28031,37.71995],[140.27864,37.72066],[140.27756,37.72082],[140.27504,37.71974],[140.27383,37.71944],[140.27301,37.7196],[140.27236,37.72022],[140.26392,37.72212],[140.26352,37.72218],[140.26201,37.72161],[140.2612,37.72171],[140.25977,37.72233],[140.2573,37.72394],[140.25247,37.72596],[140.25081,37.72831],[140.24828,37.7281],[140.24599,37.72861],[140.24565,37.7293],[140.24468,37.73058],[140.24476,37.73134],[140.24519,37.73209],[140.24523,37.73278],[140.24425,37.73537],[140.24241,37.73602],[140.2418,37.73662],[140.24148,37.73719],[140.24151,37.73804],[140.24086,37.7388],[140.24531,37.73943],[140.24599,37.73856],[140.24671,37.73803],[140.25016,37.73711],[140.2527,37.73579],[140.25426,37.73636],[140.25457,37.73661],[140.25568,37.738],[140.2574,37.73973],[140.25877,37.74035],[140.25946,37.74012],[140.25982,37.74016],[140.26223,37.74075],[140.26284,37.74077],[140.26308,37.74102],[140.26366,37.74111],[140.26375,37.74124],[140.26358,37.74149],[140.26425,37.74219],[140.26488,37.74259],[140.26541,37.7425],[140.26591,37.74279],[140.26602,37.74312],[140.26581,37.74374],[140.26659,37.7438],[140.26756,37.74324],[140.2694,37.74266],[140.27494,37.74118],[140.27701,37.74095],[140.2783,37.74128],[140.27887,37.74173],[140.28,37.74198],[140.28082,37.74182],[140.28272,37.74111],[140.28319,37.74072],[140.2847,37.74023],[140.28835,37.73821],[140.29001,37.73785],[140.29181,37.73784],[140.29336,37.73896],[140.29486,37.73948],[140.29884,37.7398],[140.30338,37.73972],[140.30456,37.73988],[140.30554,37.74018],[140.30655,37.7412],[140.30726,37.74161],[140.30987,37.742],[140.31299,37.7422],[140.3135,37.7423],[140.31418,37.74273],[140.31496,37.74275],[140.31547,37.74295],[140.31613,37.7429],[140.31676,37.74311],[140.31737,37.74309],[140.31782,37.74282],[140.31885,37.74286],[140.31923,37.74298],[140.31996,37.7437],[140.32084,37.74351],[140.32139,37.74396],[140.32207,37.74412],[140.32256,37.74395],[140.32385,37.74454],[140.32477,37.74452],[140.32534,37.74425],[140.32713,37.74436],[140.32885,37.74372],[140.32957,37.74317],[140.33009,37.74301],[140.33034,37.7426],[140.33176,37.74327],[140.33211,37.74385],[140.33237,37.74397],[140.33268,37.74338],[140.33291,37.74326],[140.33384,37.74313],[140.33461,37.74323],[140.33556,37.74365],[140.33615,37.74371],[140.33678,37.74436],[140.33789,37.7446],[140.33798,37.74502],[140.33848,37.7455],[140.3385,37.74675],[140.33875,37.74728],[140.33943,37.74741],[140.3406,37.7483],[140.34222,37.74802],[140.34237,37.74813],[140.34225,37.74845],[140.3425,37.74877],[140.3439,37.749],[140.34504,37.75006],[140.3464,37.75025],[140.34795,37.75085],[140.34841,37.75088],[140.3486,37.75105],[140.34857,37.75143],[140.348,37.75201],[140.3483,37.75244],[140.34937,37.75278],[140.35105,37.75272],[140.35167,37.75337],[140.35226,37.75283],[140.35257,37.75279],[140.35528,37.75299],[140.35597,37.75284],[140.35634,37.75305],[140.35719,37.75302],[140.35775,37.75271],[140.35834,37.75209],[140.35917,37.75077],[140.36099,37.75009],[140.36179,37.74996],[140.36679,37.75067],[140.36878,37.75129],[140.36944,37.75182],[140.37006,37.75207],[140.37141,37.75226],[140.37234,37.75188],[140.37434,37.75249],[140.37687,37.75182],[140.37823,37.75209],[140.38207,37.75239],[140.38598,37.75154],[140.38977,37.75183],[140.39166,37.75181],[140.39247,37.75209],[140.39321,37.75257],[140.39436,37.75406],[140.39662,37.75566],[140.39888,37.7558],[140.40096,37.75476]]]},"properties":{"key":"072014110","name":"桜本","pref":"福島県","prefCode":"07","municipality":"福島市","areaM2":24126111.983,"population":672,"toponymIds":["07-c6a261a352","07-69ee6ff9be","07-0f370bd3c9"]}},{"type":"Feature","geometry":{"type":"Polygon","coordinates":[[[140.37311,37.77021],[140.37395,37.76976],[140.37584,37.76977],[140.37599,37.76943],[140.37581,37.76905],[140.37671,37.76824],[140.37787,37.76782],[140.37821,37.76721],[140.3782,37.76703],[140.37653,37.76535],[140.377,37.76488],[140.3766,37.76483],[140.37668,37.76392],[140.37696,37.76374],[140.37799,37.76385],[140.3778,37.76362],[140.37905,37.76313],[140.37877,37.7626],[140.37741,37.76183],[140.37704,37.76129],[140.37717,37.76098],[140.37804,37.76123],[140.37835,37.76078],[140.37837,37.76034],[140.37785,37.7599],[140.37844,37.75949],[140.37822,37.75931],[140.37891,37.7587],[140.37896,37.7584],[140.37855,37.75783],[140.37847,37.75702],[140.37772,37.75644],[140.37812,37.75627],[140.37816,37.75587],[140.37766,37.75477],[140.37774,37.75453],[140.37751,37.75395],[140.37703,37.75334],[140.37505,37.75303],[140.37425,37.75326],[140.37394,37.75299],[140.37326,37.75312],[140.37261,37.75299],[140.37207,37.75261],[140.3722,37.75191],[140.37173,37.75223],[140.37063,37.75218],[140.36975,37.75201],[140.36878,37.75129],[140.36679,37.75067],[140.36156,37.74996],[140.35917,37.75077],[140.35834,37.75209],[140.35775,37.75271],[140.35719,37.75302],[140.35634,37.75305],[140.35597,37.75284],[140.35528,37.75299],[140.35257,37.75279],[140.35226,37.75283],[140.35167,37.75337],[140.35105,37.75272],[140.34937,37.75278],[140.3483,37.75244],[140.348,37.75201],[140.34857,37.75143],[140.3486,37.75105],[140.34841,37.75088],[140.34795,37.75085],[140.3464,37.75025],[140.34504,37.75006],[140.3439,37.749],[140.3425,37.74877],[140.34225,37.74845],[140.34237,37.74813],[140.34222,37.74802],[140.3406,37.7483],[140.33943,37.74741],[140.33875,37.74728],[140.3385,37.74675],[140.33848,37.7455],[140.33798,37.74502],[140.33789,37.7446],[140.33678,37.74436],[140.33615,37.74371],[140.33556,37.74365],[140.33461,37.74323],[140.33384,37.74313],[140.33291,37.74326],[140.33268,37.74338],[140.33237,37.74397],[140.33211,37.74385],[140.33176,37.74327],[140.33034,37.7426],[140.33009,37.74301],[140.32957,37.74317],[140.32885,37.74372],[140.32713,37.74436],[140.32534,37.74425],[140.32477,37.74452],[140.32385,37.74454],[140.32256,37.74395],[140.32207,37.74412],[140.32139,37.74396],[140.32084,37.74351],[140.31996,37.7437],[140.31923,37.74298],[140.31885,37.74286],[140.31782,37.74282],[140.31737,37.74309],[140.31676,37.74311],[140.31613,37.7429],[140.31547,37.74295],[140.31496,37.74275],[140.31418,37.74273],[140.3135,37.7423],[140.31299,37.7422],[140.30987,37.742],[140.30726,37.74161],[140.30655,37.7412],[140.30554,37.74018],[140.30456,37.73988],[140.30338,37.73972],[140.29884,37.7398],[140.29486,37.73948],[140.29336,37.73896],[140.29181,37.73784],[140.29001,37.73785],[140.28835,37.73821],[140.2847,37.74023],[140.28319,37.74072],[140.28272,37.74111],[140.28082,37.74182],[140.28,37.74198],[140.27887,37.74173],[140.2783,37.74128],[140.27701,37.74095],[140.27494,37.74118],[140.2694,37.74266],[140.26756,37.74324],[140.26659,37.7438],[140.26581,37.74374],[140.26591,37.74418],[140.26661,37.74473],[140.26815,37.74444],[140.26968,37.74475],[140.27037,37.74471],[140.27111,37.74501],[140.27187,37.74511],[140.27347,37.74493],[140.27424,37.74537],[140.2746,37.74605],[140.27567,37.74618],[140.27662,37.74694],[140.27824,37.74707],[140.27921,37.74769],[140.27971,37.74827],[140.28146,37.74844],[140.28316,37.74836],[140.28373,37.74878],[140.28571,37.74912],[140.28713,37.74877],[140.28823,37.74828],[140.28899,37.74812],[140.28987,37.74823],[140.29023,37.74794],[140.29157,37.74753],[140.29206,37.74752],[140.29336,37.74703],[140.29578,37.74769],[140.29646,37.74752],[140.29699,37.74774],[140.29759,37.74764],[140.29801,37.74795],[140.30059,37.74799],[140.30206,37.74758],[140.3025,37.74642],[140.30445,37.74653],[140.30542,37.74558],[140.30604,37.74536],[140.30649,37.74534],[140.30769,37.74569],[140.31005,37.74545],[140.31073,37.74557],[140.31229,37.74688],[140.31362,37.74729],[140.31387,37.74909],[140.31437,37.75074],[140.31436,37.75156],[140.31292,37.7524],[140.31105,37.75308],[140.30934,37.75466],[140.30673,37.75615],[140.30674,37.75845],[140.31028,37.75725],[140.31345,37.75749],[140.31456,37.75722],[140.3162,37.7577],[140.31859,37.75909],[140.32021,37.7596],[140.32092,37.76033],[140.32183,37.76057],[140.32222,37.7609],[140.32464,37.76125],[140.32682,37.76213],[140.32999,37.76294],[140.33038,37.76327],[140.33016,37.76419],[140.33045,37.7648],[140.32874,37.76654],[140.32881,37.76712],[140.32903,37.76746],[140.3293,37.76758],[140.33104,37.76781],[140.33207,37.76759],[140.33545,37.76793],[140.33593,37.76785],[140.33699,37.76828],[140.33763,37.76809],[140.33828,37.76829],[140.33857,37.76818],[140.33909,37.76756],[140.34032,37.76753],[140.34076,37.76713],[140.34189,37.76739],[140.34229,37.76712],[140.3435,37.7672],[140.34421,37.76753],[140.34483,37.76736],[140.34538,37.76767],[140.34712,37.76776],[140.34801,37.76831],[140.34868,37.76832],[140.34915,37.76878],[140.34966,37.7683],[140.35007,37.76824],[140.35094,37.76859],[140.3512,37.76885],[140.35237,37.76927],[140.35253,37.76956],[140.35384,37.77047],[140.35436,37.77108],[140.3564,37.77042],[140.35802,37.77029],[140.35916,37.76997],[140.36118,37.77025],[140.36249,37.77151],[140.36464,37.77102],[140.36474,37.7706],[140.3652,37.77043],[140.3653,37.77061],[140.36589,37.77047],[140.36582,37.7702],[140.36699,37.77047],[140.36865,37.77139],[140.37013,37.77177],[140.37284,37.77063],[140.37311,37.77021]]]},"properties":{"key":"072014080","name":"在庭坂","pref":"福島県","prefCode":"07","municipality":"福島市","areaM2":14842202.436,"population":1490,"toponymIds":["07-449bab5dbd","07-c1f234093e"]}},{"type":"Feature","geometry":{"type":"Polygon","coordinates":[[[140.4704,37.81532],[140.47181,37.81533],[140.47753,37.81402],[140.47758,37.81358],[140.47678,37.81165],[140.47665,37.81092],[140.47622,37.81061],[140.47609,37.81017],[140.47714,37.80992],[140.47788,37.80953],[140.47745,37.80918],[140.47806,37.80893],[140.47794,37.80819],[140.4777,37.80795],[140.4774,37.80792],[140.47571,37.80807],[140.47546,37.8077],[140.47481,37.80748],[140.47396,37.80787],[140.47412,37.80743],[140.47482,37.80671],[140.47089,37.80723],[140.4693,37.80785],[140.4684,37.80789],[140.46693,37.80766],[140.46598,37.80802],[140.4658,37.80829],[140.465,37.80869],[140.46436,37.80885],[140.46368,37.8087],[140.46357,37.80886],[140.46371,37.8091],[140.46263,37.80937],[140.46313,37.81021],[140.46112,37.81152],[140.461,37.81222],[140.46107,37.8136],[140.4616,37.81372],[140.46092,37.81466],[140.46029,37.81491],[140.45996,37.81527],[140.46013,37.81713],[140.46047,37.81695],[140.46849,37.81548],[140.4704,37.81532]]]},"properties":{"key":"072010760","name":"下飯坂","pref":"福島県","prefCode":"07","municipality":"福島市","areaM2":1185144.366,"population":355,"toponymIds":["07-7a9d8976a2","07-190be00f62","07-fc4a7a1385"]}},{"type":"Feature","geometry":{"type":"Polygon","coordinates":[[[140.39733,37.70984],[140.39719,37.70983],[140.3972,37.71052],[140.39786,37.71147],[140.40009,37.71223],[140.4002,37.71251],[140.4001,37.71281],[140.40037,37.71333],[140.40028,37.71374],[140.402,37.71405],[140.40276,37.71475],[140.40355,37.71503],[140.40482,37.71492],[140.40579,37.71445],[140.4053,37.71409],[140.4039,37.7137],[140.40305,37.71305],[140.40037,37.71149],[140.39917,37.71114],[140.39789,37.71001],[140.39733,37.70984]]]},"properties":{"key":"072013040","name":"下鳥渡","pref":"福島県","prefCode":"07","municipality":"福島市","areaM2":112826.207,"population":0,"toponymIds":["07-87b5e91beb"]}},{"type":"Feature","geometry":{"type":"Polygon","coordinates":[[[140.42702,37.75832],[140.42726,37.75668],[140.42823,37.75712],[140.42986,37.75718],[140.43061,37.75706],[140.43066,37.7574],[140.43104,37.75737],[140.43113,37.75693],[140.43138,37.75681],[140.4318,37.75733],[140.43274,37.75748],[140.43521,37.75684],[140.43721,37.75697],[140.43751,37.7565],[140.43851,37.75697],[140.43958,37.75697],[140.4397,37.75685],[140.43968,37.75529],[140.43651,37.75494],[140.43241,37.75419],[140.43228,37.75482],[140.4288,37.75431],[140.42451,37.75472],[140.42456,37.75572],[140.42425,37.75573],[140.4236,37.75626],[140.42332,37.75746],[140.42339,37.75808],[140.42366,37.75809],[140.42362,37.75824],[140.42402,37.75872],[140.42482,37.75827],[140.42549,37.75846],[140.42615,37.7591],[140.42523,37.75928],[140.42532,37.75973],[140.42625,37.75989],[140.42714,37.75972],[140.42702,37.75832]]]},"properties":{"key":"072014030","name":"下野寺","pref":"福島県","prefCode":"07","municipality":"福島市","areaM2":437777.4,"population":0,"toponymIds":["07-ef0334454d"]}},{"type":"Feature","geometry":{"type":"Polygon","coordinates":[[[140.39362,37.75012],[140.39383,37.74976],[140.39464,37.75002],[140.39493,37.74952],[140.39478,37.74927],[140.39496,37.74897],[140.39522,37.749],[140.39667,37.74664],[140.39562,37.74626],[140.39578,37.74553],[140.39561,37.74448],[140.39631,37.74435],[140.39641,37.74399],[140.39597,37.74386],[140.39569,37.74314],[140.39581,37.74249],[140.39723,37.74159],[140.39642,37.74086],[140.39532,37.74003],[140.39082,37.73731],[140.39009,37.73639],[140.3886,37.73535],[140.38912,37.73474],[140.38871,37.73432],[140.38825,37.73423],[140.38783,37.73391],[140.3874,37.73321],[140.38598,37.73306],[140.38571,37.73265],[140.3849,37.73333],[140.38429,37.73303],[140.38417,37.73272],[140.38253,37.73345],[140.37654,37.73143],[140.37533,37.73025],[140.37229,37.73058],[140.37194,37.73078],[140.37209,37.73119],[140.37159,37.73104],[140.3731,37.73266],[140.37414,37.73297],[140.37451,37.73373],[140.37508,37.73415],[140.37498,37.73446],[140.37384,37.73472],[140.37236,37.73587],[140.37304,37.73619],[140.37329,37.73609],[140.37544,37.73655],[140.3772,37.73745],[140.37763,37.73812],[140.37686,37.73867],[140.3774,37.73906],[140.37755,37.73938],[140.37847,37.73959],[140.37957,37.74043],[140.37991,37.74098],[140.37967,37.74119],[140.37975,37.74128],[140.38032,37.74129],[140.38273,37.74229],[140.38346,37.74278],[140.38419,37.74374],[140.38502,37.74412],[140.38652,37.74525],[140.38626,37.74554],[140.38772,37.74608],[140.38714,37.74699],[140.39046,37.74829],[140.39102,37.74738],[140.39387,37.74847],[140.39276,37.75027],[140.39339,37.75054],[140.39362,37.75012]]]},"properties":{"key":"072014100","name":"庄野","pref":"福島県","prefCode":"07","municipality":"福島市","areaM2":2103921.704,"population":404,"toponymIds":["07-7afe8f096f","07-dbdb0f98c3","07-baa5923202","07-f6fbba7106","07-80743ac89a","07-07e23b7ced","07-e0297829f3","07-b41edd9306","07-adc335b843"]}},{"type":"Feature","geometry":{"type":"Polygon","coordinates":[[[140.50287,37.8142],[140.50302,37.81408],[140.50268,37.81401],[140.50272,37.81385],[140.50385,37.81385],[140.50612,37.81333],[140.50771,37.81276],[140.50751,37.81215],[140.50855,37.81163],[140.50945,37.81146],[140.50905,37.81106],[140.50973,37.81058],[140.50957,37.80942],[140.51127,37.80905],[140.51205,37.80849],[140.51276,37.80827],[140.51273,37.8075],[140.51395,37.80775],[140.51526,37.80834],[140.51609,37.80835],[140.51694,37.80809],[140.51809,37.80805],[140.51924,37.80779],[140.51896,37.80734],[140.51955,37.80737],[140.51982,37.80713],[140.52017,37.80589],[140.51965,37.80461],[140.51826,37.80343],[140.51864,37.8032],[140.51931,37.80388],[140.52026,37.80442],[140.52086,37.80419],[140.518,37.80135],[140.51723,37.80028],[140.51698,37.7993],[140.5174,37.79788],[140.51526,37.79863],[140.51494,37.79823],[140.5141,37.79843],[140.51407,37.79889],[140.51123,37.79857],[140.51073,37.79752],[140.50628,37.79887],[140.50458,37.79641],[140.50305,37.79734],[140.49946,37.79685],[140.49927,37.79695],[140.49919,37.79724],[140.4996,37.79707],[140.49983,37.79724],[140.49982,37.79742],[140.49858,37.79795],[140.49814,37.79784],[140.49748,37.7984],[140.49707,37.79797],[140.49591,37.79814],[140.49574,37.79773],[140.49516,37.79776],[140.49505,37.79804],[140.49457,37.79794],[140.49422,37.79778],[140.49395,37.7974],[140.49402,37.79715],[140.49369,37.79695],[140.49315,37.79712],[140.49271,37.79705],[140.49267,37.79728],[140.49233,37.79732],[140.4924,37.79753],[140.49184,37.79811],[140.4921,37.79823],[140.49197,37.79848],[140.49162,37.7987],[140.49095,37.79867],[140.49083,37.79918],[140.49018,37.79918],[140.48999,37.79893],[140.48965,37.79907],[140.48921,37.79853],[140.48865,37.79873],[140.489,37.79946],[140.48699,37.80076],[140.48659,37.80135],[140.48671,37.80212],[140.48734,37.8021],[140.48735,37.80196],[140.48792,37.80205],[140.48792,37.80354],[140.4875,37.80356],[140.48798,37.80393],[140.4891,37.80395],[140.48956,37.80524],[140.4894,37.80588],[140.48954,37.80586],[140.48958,37.80613],[140.48996,37.80644],[140.49011,37.80719],[140.49139,37.80734],[140.49165,37.80766],[140.49179,37.80844],[140.49129,37.8084],[140.49127,37.80853],[140.4904,37.80886],[140.49105,37.80902],[140.49146,37.80935],[140.49074,37.80952],[140.48915,37.81025],[140.48891,37.81068],[140.48715,37.81087],[140.48728,37.81173],[140.48715,37.8126],[140.48876,37.81276],[140.49102,37.81256],[140.49289,37.81192],[140.49616,37.81049],[140.4967,37.81105],[140.49669,37.81131],[140.49705,37.81132],[140.49736,37.81186],[140.49794,37.81187],[140.49785,37.81218],[140.49834,37.81335],[140.49835,37.8139],[140.49914,37.81421],[140.4994,37.81422],[140.4994,37.81407],[140.50052,37.81429],[140.50125,37.8141],[140.50127,37.81429],[140.50174,37.8141],[140.50223,37.8144],[140.50287,37.8142]]]},"properties":{"key":"072010740","name":"瀬上町","pref":"福島県","prefCode":"07","municipality":"福島市","areaM2":3918038.931,"population":6970,"toponymIds":["07-768ef36c8f","07-740d2ed788","07-1411ceb13b","07-5bc135ffbe","07-da24bc77dc","07-243080f2e7","07-6339adb965","07-7a000f2ded"]}},{"type":"Feature","geometry":{"type":"Polygon","coordinates":[[[140.45809,37.73582],[140.45789,37.73407],[140.46221,37.73354],[140.46211,37.73251],[140.46229,37.73208],[140.46286,37.73148],[140.46272,37.73087],[140.46187,37.7304],[140.46146,37.73045],[140.46127,37.73003],[140.46134,37.72982],[140.46104,37.72959],[140.46072,37.72872],[140.45935,37.72839],[140.45928,37.72774],[140.45402,37.72836],[140.45361,37.72625],[140.45046,37.72738],[140.4488,37.7277],[140.44873,37.72791],[140.44893,37.72844],[140.45005,37.72958],[140.45023,37.73004],[140.45228,37.73121],[140.45283,37.73193],[140.45437,37.73302],[140.45454,37.73335],[140.4543,37.73345],[140.45434,37.73372],[140.45402,37.73376],[140.45404,37.73394],[140.45418,37.73393],[140.45422,37.73419],[140.45514,37.73427],[140.45539,37.73543],[140.45562,37.73539],[140.45557,37.73569],[140.45604,37.73571],[140.45616,37.73648],[140.45643,37.73682],[140.45571,37.73725],[140.45752,37.73769],[140.45822,37.73814],[140.4585,37.73805],[140.45809,37.73582]]]},"properties":{"key":"072010580","name":"太平寺","pref":"福島県","prefCode":"07","municipality":"福島市","areaM2":709124.527,"population":2602,"toponymIds":["07-7efa13e85b"]}},{"type":"Feature","geometry":{"type":"Polygon","coordinates":[[[140.49088,37.71982],[140.49236,37.71989],[140.49304,37.71978],[140.4954,37.71869],[140.49608,37.71699],[140.49646,37.71656],[140.4983,37.71546],[140.49867,37.7144],[140.4987,37.71361],[140.49778,37.71127],[140.49784,37.71004],[140.49739,37.70664],[140.49633,37.70465],[140.49652,37.70019],[140.49641,37.69956],[140.49519,37.69772],[140.49485,37.6966],[140.49493,37.69619],[140.4956,37.69501],[140.49685,37.69463],[140.49709,37.69437],[140.49701,37.69331],[140.49609,37.69193],[140.49634,37.6906],[140.49529,37.69072],[140.4947,37.69006],[140.49395,37.68983],[140.49182,37.68978],[140.49031,37.68895],[140.48975,37.68833],[140.48909,37.68811],[140.48866,37.68819],[140.48813,37.68871],[140.48717,37.68921],[140.48678,37.68982],[140.48658,37.68986],[140.48624,37.68954],[140.48603,37.68958],[140.48589,37.68991],[140.48604,37.69003],[140.48583,37.69036],[140.48609,37.69043],[140.48698,37.68987],[140.48736,37.6892],[140.48761,37.68914],[140.48742,37.69092],[140.48761,37.69084],[140.48835,37.6914],[140.48898,37.69135],[140.48923,37.69117],[140.4911,37.69117],[140.49154,37.69152],[140.49142,37.6918],[140.49052,37.69205],[140.49053,37.69222],[140.49001,37.69215],[140.48985,37.69247],[140.48988,37.69302],[140.4896,37.69349],[140.49022,37.69352],[140.49045,37.69388],[140.49031,37.69411],[140.49059,37.69438],[140.49036,37.6947],[140.4904,37.69549],[140.49018,37.6965],[140.48932,37.69805],[140.48891,37.69962],[140.48791,37.69931],[140.48799,37.69865],[140.48776,37.69864],[140.48777,37.69828],[140.48708,37.69724],[140.48637,37.69665],[140.48633,37.69634],[140.48758,37.69575],[140.4876,37.69534],[140.48554,37.69534],[140.48476,37.69467],[140.48349,37.69463],[140.48264,37.69432],[140.48121,37.69438],[140.48199,37.69578],[140.48191,37.69645],[140.48247,37.69727],[140.48292,37.69751],[140.4825,37.69822],[140.48272,37.69837],[140.48256,37.69882],[140.48174,37.69916],[140.4819,37.69953],[140.48348,37.69994],[140.48357,37.7006],[140.48329,37.70091],[140.48331,37.7012],[140.48396,37.70225],[140.48424,37.70244],[140.48481,37.70243],[140.48517,37.70226],[140.48541,37.70241],[140.48477,37.7027],[140.48416,37.70323],[140.48129,37.70408],[140.47862,37.70349],[140.47765,37.70314],[140.47548,37.70319],[140.47434,37.70303],[140.47256,37.70345],[140.4714,37.70294],[140.4695,37.70255],[140.46987,37.70381],[140.47038,37.70429],[140.47076,37.70505],[140.4715,37.70548],[140.47123,37.70596],[140.47167,37.70643],[140.47169,37.70733],[140.47129,37.70733],[140.47128,37.70755],[140.4707,37.70801],[140.47064,37.70854],[140.46984,37.70906],[140.4701,37.70934],[140.4699,37.71037],[140.47025,37.71062],[140.47001,37.71088],[140.47055,37.71102],[140.47132,37.711],[140.47229,37.71064],[140.47263,37.71068],[140.47354,37.70958],[140.47409,37.70912],[140.47439,37.70907],[140.47713,37.71015],[140.47846,37.70991],[140.47879,37.70962],[140.47955,37.70985],[140.48039,37.70988],[140.48156,37.71094],[140.48244,37.71122],[140.48297,37.71178],[140.48309,37.71323],[140.48386,37.71543],[140.48417,37.71598],[140.48538,37.71717],[140.48632,37.71842],[140.48706,37.72012],[140.49088,37.71982]]]},"properties":{"key":"072010620","name":"田沢","pref":"福島県","prefCode":"07","municipality":"福島市","areaM2":4343699.752,"population":1544,"toponymIds":["07-0ff7351ed6","07-d8200c2876"]}},{"type":"Feature","geometry":{"type":"Polygon","coordinates":[[[140.39282,37.75147],[140.39339,37.75054],[140.39276,37.75027],[140.39387,37.74847],[140.39102,37.74738],[140.39046,37.74829],[140.38714,37.74699],[140.38772,37.74608],[140.38626,37.74554],[140.38652,37.74525],[140.38502,37.74412],[140.38419,37.74374],[140.38346,37.74278],[140.38273,37.74229],[140.38032,37.74129],[140.37975,37.74128],[140.37967,37.74119],[140.37991,37.74098],[140.37957,37.74043],[140.37847,37.73959],[140.37755,37.73938],[140.3774,37.73906],[140.37686,37.73867],[140.37763,37.73812],[140.3772,37.73745],[140.37544,37.73655],[140.37329,37.73609],[140.37304,37.73619],[140.37236,37.73587],[140.37384,37.73472],[140.37498,37.73446],[140.37508,37.73415],[140.37451,37.73373],[140.37414,37.73297],[140.3731,37.73266],[140.37159,37.73104],[140.37068,37.73088],[140.3704,37.73059],[140.36983,37.73034],[140.36893,37.73016],[140.3682,37.7303],[140.36898,37.73132],[140.36921,37.73217],[140.36897,37.73296],[140.36839,37.73311],[140.36751,37.73301],[140.36668,37.73218],[140.36613,37.73222],[140.3655,37.73276],[140.36065,37.73252],[140.35943,37.73275],[140.35875,37.73327],[140.35798,37.73468],[140.35749,37.73526],[140.35568,37.73661],[140.35441,37.73626],[140.35419,37.73679],[140.35429,37.73777],[140.35397,37.73813],[140.35382,37.73883],[140.35439,37.73916],[140.35667,37.73984],[140.3592,37.74011],[140.36024,37.74074],[140.36098,37.74097],[140.36134,37.74146],[140.36218,37.74178],[140.3627,37.74164],[140.36439,37.74204],[140.36493,37.74198],[140.36564,37.74219],[140.367,37.74224],[140.36804,37.74285],[140.36906,37.74403],[140.37073,37.74469],[140.37208,37.74589],[140.37301,37.74638],[140.37458,37.7479],[140.37608,37.74868],[140.3779,37.74865],[140.37962,37.74898],[140.38315,37.74922],[140.38694,37.74922],[140.38822,37.75078],[140.38929,37.75144],[140.38915,37.75114],[140.38937,37.75089],[140.3898,37.75108],[140.3916,37.75109],[140.39282,37.75147]]]},"properties":{"key":"072014090","name":"土船","pref":"福島県","prefCode":"07","municipality":"福島市","areaM2":2997432.502,"population":599,"toponymIds":["07-710a1bfb91"]}},{"type":"Feature","geometry":{"type":"Polygon","coordinates":[[[140.24523,37.73278],[140.24519,37.73209],[140.24476,37.73134],[140.24468,37.73058],[140.24565,37.7293],[140.24599,37.72861],[140.24828,37.7281],[140.25081,37.72831],[140.25247,37.72596],[140.2573,37.72394],[140.25977,37.72233],[140.2612,37.72171],[140.26201,37.72161],[140.26352,37.72218],[140.26359,37.72171],[140.26301,37.72038],[140.26299,37.7195],[140.26344,37.71634],[140.2639,37.71491],[140.26448,37.71372],[140.26507,37.71318],[140.26568,37.71204],[140.26705,37.71087],[140.2673,37.71027],[140.26714,37.70988],[140.26723,37.70964],[140.26757,37.70938],[140.26844,37.70914],[140.26887,37.70866],[140.27057,37.70816],[140.2718,37.70843],[140.27323,37.70761],[140.27487,37.70741],[140.27618,37.707],[140.27693,37.70641],[140.27814,37.70647],[140.28103,37.70597],[140.28312,37.70651],[140.28343,37.70684],[140.28415,37.70703],[140.28577,37.70719],[140.28699,37.70698],[140.28842,37.70734],[140.28892,37.70729],[140.29033,37.70652],[140.29272,37.70558],[140.29485,37.70314],[140.29513,37.70218],[140.29538,37.70188],[140.29707,37.70101],[140.29953,37.70066],[140.30003,37.70088],[140.30086,37.7023],[140.30433,37.70281],[140.30521,37.70254],[140.30618,37.70269],[140.30761,37.70232],[140.30986,37.70294],[140.31092,37.70407],[140.31251,37.70489],[140.3144,37.70537],[140.31613,37.70614],[140.31665,37.70617],[140.31768,37.70587],[140.31816,37.70552],[140.31871,37.70551],[140.3194,37.70521],[140.31991,37.70471],[140.32003,37.70416],[140.32046,37.70385],[140.32117,37.70388],[140.32202,37.70443],[140.32342,37.70387],[140.32441,37.70376],[140.32473,37.70346],[140.32469,37.70236],[140.32527,37.7018],[140.32746,37.70172],[140.32812,37.70093],[140.32937,37.70073],[140.33009,37.7002],[140.33122,37.69892],[140.33196,37.69845],[140.33276,37.69838],[140.33391,37.69785],[140.33484,37.69817],[140.3355,37.69813],[140.33668,37.69701],[140.33696,37.6964],[140.33809,37.69641],[140.33865,37.69603],[140.33867,37.69582],[140.33826,37.69518],[140.33972,37.69478],[140.34035,37.69482],[140.34139,37.69411],[140.34182,37.6941],[140.34249,37.6945],[140.34411,37.69646],[140.34575,37.69775],[140.34611,37.69698],[140.34625,37.69614],[140.34608,37.69531],[140.34555,37.69456],[140.34556,37.69376],[140.34597,37.69325],[140.34634,37.69181],[140.3467,37.69129],[140.34679,37.69081],[140.34717,37.69048],[140.34741,37.6898],[140.34776,37.68397],[140.34691,37.68373],[140.34668,37.68336],[140.34656,37.68242],[140.34627,37.68217],[140.3406,37.68068],[140.34074,37.679],[140.34038,37.67605],[140.34102,37.67545],[140.34117,37.67496],[140.34042,37.67365],[140.34052,37.67248],[140.34036,37.6719],[140.33977,37.67075],[140.33893,37.67003],[140.33903,37.66943],[140.33863,37.6678],[140.33934,37.6669],[140.33953,37.66599],[140.33889,37.66472],[140.33889,37.66331],[140.338,37.66193],[140.33756,37.65861],[140.33276,37.6563],[140.33216,37.6555],[140.33167,37.65365],[140.32995,37.65282],[140.32752,37.65084],[140.32701,37.65027],[140.32628,37.64842],[140.32304,37.64769],[140.31728,37.64711],[140.31602,37.64667],[140.31439,37.64694],[140.31265,37.64673],[140.31198,37.64679],[140.30921,37.64619],[140.30655,37.64468],[140.30432,37.64535],[140.30327,37.64525],[140.30118,37.64584],[140.30093,37.64576],[140.30065,37.64532],[140.29942,37.6453],[140.29795,37.64473],[140.2974,37.64561],[140.29618,37.64424],[140.29479,37.64345],[140.29474,37.64326],[140.29502,37.64293],[140.29371,37.64187],[140.2896,37.64142],[140.28728,37.64008],[140.28676,37.6402],[140.28584,37.63997],[140.2854,37.64007],[140.28513,37.64046],[140.28316,37.64054],[140.28203,37.64177],[140.28061,37.64194],[140.28134,37.64414],[140.28151,37.64549],[140.28196,37.64714],[140.28063,37.64707],[140.28058,37.64749],[140.28115,37.64992],[140.28203,37.65138],[140.28216,37.65192],[140.28204,37.65395],[140.28167,37.65487],[140.28045,37.65675],[140.2797,37.65829],[140.27839,37.66016],[140.27807,37.66159],[140.27781,37.66203],[140.2755,37.66289],[140.27479,37.66277],[140.27278,37.6629],[140.27126,37.66271],[140.27053,37.66289],[140.26898,37.66372],[140.26791,37.66466],[140.26598,37.66479],[140.26426,37.66559],[140.2635,37.66525],[140.26299,37.66608],[140.25861,37.66769],[140.25589,37.66966],[140.25414,37.67054],[140.25333,37.67137],[140.25246,37.67162],[140.2516,37.67243],[140.25054,37.67286],[140.24906,37.67282],[140.24798,37.67322],[140.247,37.67463],[140.24621,37.67514],[140.24525,37.67616],[140.24243,37.67634],[140.24171,37.67691],[140.24053,37.67722],[140.23831,37.67814],[140.23594,37.67771],[140.23292,37.67819],[140.23161,37.67856],[140.23084,37.67939],[140.23094,37.68049],[140.23144,37.6826],[140.23254,37.68521],[140.23271,37.68533],[140.23278,37.68615],[140.23269,37.68818],[140.23245,37.68947],[140.23182,37.69008],[140.2318,37.69034],[140.23334,37.69203],[140.23623,37.69418],[140.23736,37.69579],[140.23755,37.69628],[140.23531,37.70567],[140.23475,37.7063],[140.23136,37.70793],[140.23115,37.70998],[140.23001,37.71271],[140.22999,37.71487],[140.23047,37.7183],[140.23118,37.72026],[140.2313,37.72195],[140.23094,37.72349],[140.23009,37.72497],[140.23015,37.72538],[140.23101,37.72662],[140.23176,37.72993],[140.23222,37.73049],[140.23813,37.73207],[140.23849,37.73282],[140.23892,37.73316],[140.23962,37.73288],[140.24113,37.73273],[140.24211,37.73352],[140.24373,37.73426],[140.24427,37.73531],[140.24523,37.73278]]]},"properties":{"key":"072010900","name":"土湯温泉町","pref":"福島県","prefCode":"07","municipality":"福島市","areaM2":57441107.178,"population":344,"toponymIds":["07-a93d433c14","07-5c5609327a","07-7f6567a621"]}},{"type":"Feature","geometry":{"type":"Polygon","coordinates":[[[140.47233,37.72904],[140.47239,37.72875],[140.47002,37.72871],[140.4694,37.72863],[140.46941,37.72844],[140.4668,37.72834],[140.46678,37.72885],[140.46607,37.72871],[140.46399,37.73078],[140.46272,37.73158],[140.46215,37.73234],[140.46233,37.73403],[140.46549,37.73726],[140.46611,37.73819],[140.46634,37.73905],[140.46677,37.73976],[140.46717,37.74033],[140.46782,37.74082],[140.47032,37.73773],[140.47121,37.73607],[140.4718,37.73402],[140.47177,37.73071],[140.47233,37.72904]]]},"properties":{"key":"072010570","name":"鳥谷野","pref":"福島県","prefCode":"07","municipality":"福島市","areaM2":776508.831,"population":2252,"toponymIds":["07-9b8a739353"]}},{"type":"Feature","geometry":{"type":"Polygon","coordinates":[[[140.41821,37.74597],[140.41869,37.74589],[140.41926,37.74539],[140.4214,37.74581],[140.42217,37.74541],[140.42264,37.74556],[140.42378,37.74554],[140.42424,37.74537],[140.42463,37.74499],[140.42562,37.74501],[140.42585,37.74409],[140.42689,37.74381],[140.42697,37.74335],[140.42672,37.74256],[140.42761,37.74204],[140.42836,37.74289],[140.42895,37.74271],[140.42982,37.74316],[140.43001,37.74301],[140.43035,37.74315],[140.43069,37.74282],[140.4309,37.74332],[140.43202,37.74278],[140.43382,37.7428],[140.43398,37.74235],[140.43354,37.74204],[140.43282,37.74188],[140.43261,37.7411],[140.43419,37.74066],[140.43533,37.74045],[140.43541,37.74089],[140.43577,37.74109],[140.43608,37.7416],[140.43596,37.74176],[140.43619,37.74176],[140.43623,37.74192],[140.43691,37.74186],[140.43686,37.74169],[140.43702,37.74166],[140.43708,37.74177],[140.43783,37.74168],[140.43816,37.74141],[140.43789,37.74114],[140.43817,37.7405],[140.43844,37.74006],[140.43896,37.7397],[140.43958,37.73989],[140.4401,37.74053],[140.44038,37.74065],[140.44138,37.74043],[140.44218,37.74068],[140.44224,37.74093],[140.44258,37.74108],[140.44393,37.74118],[140.44379,37.74014],[140.44359,37.73993],[140.44374,37.73952],[140.44319,37.73905],[140.44248,37.73772],[140.4417,37.73759],[140.4404,37.73788],[140.43994,37.73739],[140.43942,37.73721],[140.43752,37.73725],[140.43736,37.7368],[140.43578,37.73724],[140.43587,37.73669],[140.43575,37.736],[140.43452,37.7359],[140.4345,37.73614],[140.43347,37.73629],[140.4321,37.73623],[140.43148,37.7364],[140.42998,37.7363],[140.42993,37.73666],[140.42787,37.73652],[140.4278,37.73701],[140.42293,37.73664],[140.42277,37.73794],[140.42069,37.73779],[140.42064,37.7382],[140.41785,37.73803],[140.4179,37.73759],[140.41556,37.73743],[140.41523,37.74001],[140.41479,37.74079],[140.41534,37.74138],[140.41516,37.74154],[140.4156,37.74236],[140.41535,37.74246],[140.41479,37.74231],[140.41496,37.74301],[140.4166,37.7439],[140.41601,37.74417],[140.41601,37.7448],[140.41723,37.745],[140.4172,37.74532],[140.41744,37.74576],[140.41821,37.74597]]]},"properties":{"key":"072013030","name":"成川","pref":"福島県","prefCode":"07","municipality":"福島市","areaM2":1636857.789,"population":1698,"toponymIds":["07-2e56bd0761","07-cba3fc70da"]}},{"type":"Feature","geometry":{"type":"Polygon","coordinates":[[[140.42036,37.75352],[140.42087,37.75348],[140.42343,37.754],[140.42612,37.75358],[140.42905,37.7537],[140.43651,37.75494],[140.43993,37.75532],[140.43983,37.75353],[140.44009,37.7535],[140.43931,37.75211],[140.43952,37.75215],[140.43922,37.75104],[140.43919,37.74991],[140.43896,37.7499],[140.43916,37.74888],[140.43796,37.74873],[140.43804,37.74819],[140.43752,37.74814],[140.4376,37.74749],[140.4361,37.7476],[140.43483,37.74744],[140.43358,37.74702],[140.43113,37.74549],[140.43089,37.74514],[140.428,37.74452],[140.42722,37.74477],[140.42657,37.74474],[140.42513,37.74586],[140.42074,37.74637],[140.42051,37.74663],[140.41965,37.74688],[140.41868,37.74739],[140.41993,37.74794],[140.42144,37.74993],[140.42186,37.75013],[140.42013,37.7507],[140.41864,37.74988],[140.41834,37.75045],[140.41613,37.74965],[140.41373,37.74904],[140.40969,37.74884],[140.40918,37.74958],[140.40896,37.74964],[140.40808,37.75186],[140.40877,37.752],[140.4085,37.75358],[140.40886,37.7553],[140.4128,37.75559],[140.41451,37.75529],[140.42036,37.75352]]]},"properties":{"key":"072010850","name":"仁井田","pref":"福島県","prefCode":"07","municipality":"福島市","areaM2":2092493.421,"population":1559,"toponymIds":["07-214279b8cf","07-b19baf09c8","07-7ff58575c3","07-661504742d","07-77f6602580"]}},{"type":"Feature","geometry":{"type":"Polygon","coordinates":[[[140.44732,37.71578],[140.44928,37.71584],[140.44971,37.71574],[140.44982,37.71551],[140.4513,37.71559],[140.45144,37.71512],[140.45098,37.71496],[140.45093,37.71462],[140.45118,37.71454],[140.45112,37.71404],[140.45133,37.71354],[140.45117,37.71279],[140.45104,37.71275],[140.45102,37.7121],[140.45163,37.71161],[140.45188,37.71159],[140.45203,37.71289],[140.45589,37.71298],[140.45706,37.71324],[140.4588,37.7144],[140.45911,37.7151],[140.46039,37.71543],[140.46253,37.71382],[140.46467,37.71281],[140.46516,37.7116],[140.4648,37.71081],[140.4644,37.7109],[140.46407,37.71024],[140.4645,37.70997],[140.46405,37.70953],[140.46419,37.7093],[140.46347,37.70793],[140.46315,37.70512],[140.46287,37.70409],[140.46232,37.70314],[140.46029,37.7007],[140.45977,37.6996],[140.45972,37.69838],[140.4601,37.69715],[140.45889,37.697],[140.45856,37.69647],[140.45737,37.69574],[140.45666,37.69494],[140.45658,37.69464],[140.45611,37.69446],[140.45547,37.69359],[140.45462,37.6932],[140.4544,37.6919],[140.45348,37.69111],[140.44999,37.69045],[140.44992,37.68947],[140.44931,37.6883],[140.44911,37.68745],[140.44872,37.6874],[140.44675,37.68591],[140.44629,37.68581],[140.44478,37.68492],[140.44478,37.68411],[140.44441,37.6838],[140.44385,37.68362],[140.4425,37.68369],[140.44151,37.68399],[140.44096,37.68351],[140.44083,37.68284],[140.44034,37.68273],[140.44011,37.68242],[140.43993,37.68187],[140.43944,37.68137],[140.43808,37.68059],[140.43783,37.68008],[140.43679,37.67986],[140.43287,37.68],[140.43092,37.67927],[140.42859,37.67896],[140.42781,37.67845],[140.42684,37.67847],[140.42601,37.67789],[140.42596,37.67811],[140.4253,37.67751],[140.42416,37.67712],[140.42351,37.67629],[140.42195,37.67588],[140.42079,37.67588],[140.42018,37.67568],[140.4198,37.67514],[140.41917,37.67483],[140.4178,37.67455],[140.417,37.67421],[140.41584,37.67404],[140.41535,37.67418],[140.41368,37.6752],[140.41241,37.67636],[140.41008,37.67787],[140.40774,37.6787],[140.41313,37.68206],[140.41452,37.68427],[140.41765,37.68773],[140.41876,37.68867],[140.41892,37.68922],[140.41968,37.69006],[140.42074,37.69059],[140.42151,37.69131],[140.42304,37.69178],[140.42352,37.69262],[140.42435,37.69286],[140.42472,37.69347],[140.42628,37.69467],[140.42693,37.69487],[140.43034,37.69686],[140.43436,37.69942],[140.43717,37.7004],[140.43759,37.70088],[140.43811,37.70097],[140.43971,37.70194],[140.44006,37.70396],[140.44046,37.70468],[140.44131,37.70546],[140.44183,37.70619],[140.44184,37.70692],[140.44199,37.70714],[140.44321,37.70822],[140.44462,37.70887],[140.44468,37.70933],[140.44484,37.70925],[140.44516,37.70955],[140.44523,37.71137],[140.44504,37.71166],[140.445,37.7127],[140.44615,37.71444],[140.44663,37.71448],[140.44695,37.7155],[140.44724,37.71585],[140.44732,37.71578]]]},"properties":{"key":"072013080","name":"平石","pref":"福島県","prefCode":"07","municipality":"福島市","areaM2":9383718.176,"population":659,"toponymIds":["07-a6470b22f2"]}},{"type":"Feature","geometry":{"type":"Polygon","coordinates":[[[140.35227,37.80432],[140.35443,37.80413],[140.35558,37.80303],[140.35781,37.8021],[140.35844,37.80168],[140.35867,37.80139],[140.35879,37.80079],[140.35914,37.80041],[140.36157,37.80003],[140.3624,37.79959],[140.36286,37.79875],[140.36405,37.7987],[140.36511,37.79903],[140.36723,37.79899],[140.36831,37.79862],[140.36861,37.79822],[140.36982,37.79815],[140.37034,37.79767],[140.37095,37.7974],[140.37271,37.79721],[140.37421,37.79563],[140.37465,37.79539],[140.37493,37.7954],[140.37563,37.79597],[140.37619,37.79601],[140.37703,37.79522],[140.37694,37.79439],[140.37717,37.79395],[140.37849,37.79278],[140.38036,37.79182],[140.38243,37.78994],[140.38357,37.7895],[140.38645,37.78911],[140.38777,37.78875],[140.3885,37.78798],[140.38909,37.78667],[140.39007,37.78543],[140.39097,37.78508],[140.39163,37.78272],[140.39388,37.78178],[140.3975,37.77466],[140.39732,37.77448],[140.39773,37.77422],[140.39832,37.77297],[140.39858,37.77295],[140.39849,37.77251],[140.39868,37.77249],[140.39863,37.7722],[140.39889,37.77216],[140.39881,37.77188],[140.39913,37.77183],[140.39903,37.77144],[140.39928,37.7714],[140.39924,37.7712],[140.39961,37.77042],[140.40096,37.76842],[140.4015,37.76842],[140.40142,37.76806],[140.40181,37.76799],[140.40128,37.76705],[140.40141,37.76703],[140.40133,37.76677],[140.4015,37.76668],[140.40161,37.76593],[140.39555,37.76601],[140.39268,37.76559],[140.39128,37.76595],[140.38952,37.76587],[140.38705,37.76442],[140.3857,37.764],[140.38643,37.76226],[140.38455,37.76293],[140.3828,37.76301],[140.37717,37.76098],[140.37704,37.76129],[140.3772,37.76166],[140.37877,37.7626],[140.37907,37.76306],[140.3778,37.76362],[140.37799,37.76385],[140.37696,37.76374],[140.37668,37.76392],[140.3766,37.76483],[140.377,37.76488],[140.37653,37.76535],[140.3782,37.76703],[140.37787,37.76782],[140.37671,37.76824],[140.37581,37.76905],[140.37599,37.76943],[140.37584,37.76977],[140.37395,37.76976],[140.37311,37.77021],[140.37284,37.77063],[140.37026,37.77176],[140.36865,37.77139],[140.36699,37.77047],[140.36582,37.7702],[140.36589,37.77047],[140.3653,37.77061],[140.3652,37.77043],[140.36474,37.7706],[140.36464,37.77102],[140.36249,37.77151],[140.36118,37.77025],[140.35916,37.76997],[140.35802,37.77029],[140.3564,37.77042],[140.35436,37.77108],[140.35384,37.77047],[140.35253,37.76956],[140.35237,37.76927],[140.3512,37.76885],[140.35094,37.76859],[140.35007,37.76824],[140.34966,37.7683],[140.34922,37.76879],[140.34868,37.76832],[140.34801,37.76831],[140.34685,37.76768],[140.34552,37.7677],[140.34483,37.76736],[140.34421,37.76753],[140.3435,37.7672],[140.34229,37.76712],[140.34189,37.76739],[140.34076,37.76713],[140.34032,37.76753],[140.33909,37.76756],[140.33857,37.76818],[140.33828,37.76829],[140.33763,37.76809],[140.33699,37.76828],[140.33593,37.76785],[140.33545,37.76793],[140.33207,37.76759],[140.33104,37.76781],[140.32957,37.76763],[140.32903,37.76746],[140.32881,37.76712],[140.32874,37.76654],[140.33045,37.7648],[140.33016,37.76419],[140.33038,37.76327],[140.32999,37.76294],[140.32682,37.76213],[140.32464,37.76125],[140.32222,37.7609],[140.32183,37.76057],[140.32092,37.76033],[140.32021,37.7596],[140.31859,37.75909],[140.3162,37.7577],[140.31456,37.75722],[140.31345,37.75749],[140.31028,37.75725],[140.30674,37.75845],[140.30673,37.75615],[140.30934,37.75466],[140.31105,37.75308],[140.31292,37.7524],[140.31436,37.75156],[140.31437,37.75074],[140.31387,37.74909],[140.31362,37.74729],[140.31229,37.74688],[140.31073,37.74557],[140.31005,37.74545],[140.30769,37.74569],[140.30649,37.74534],[140.30604,37.74536],[140.30542,37.74558],[140.30445,37.74653],[140.3025,37.74642],[140.30206,37.74758],[140.30059,37.74799],[140.29801,37.74795],[140.29759,37.74764],[140.29699,37.74774],[140.29646,37.74752],[140.29578,37.74769],[140.29336,37.74703],[140.29206,37.74752],[140.29157,37.74753],[140.29023,37.74794],[140.28987,37.74823],[140.28899,37.74812],[140.28823,37.74828],[140.28713,37.74877],[140.28571,37.74912],[140.28373,37.74878],[140.28316,37.74836],[140.28146,37.74844],[140.27971,37.74827],[140.27921,37.74769],[140.27824,37.74707],[140.27662,37.74694],[140.27567,37.74618],[140.2746,37.74605],[140.27424,37.74537],[140.27347,37.74493],[140.27187,37.74511],[140.27111,37.74501],[140.27037,37.74471],[140.26968,37.74475],[140.26815,37.74444],[140.26756,37.74464],[140.26647,37.7447],[140.26591,37.74418],[140.26584,37.74393],[140.26602,37.74312],[140.26591,37.74279],[140.26541,37.7425],[140.26488,37.74259],[140.26425,37.74219],[140.26358,37.74149],[140.26375,37.74124],[140.26366,37.74111],[140.26308,37.74102],[140.26284,37.74077],[140.26223,37.74075],[140.25982,37.74016],[140.25946,37.74012],[140.25877,37.74035],[140.25819,37.74015],[140.25693,37.73935],[140.25426,37.73636],[140.2527,37.73579],[140.25016,37.73711],[140.24671,37.73803],[140.24599,37.73856],[140.24531,37.73943],[140.24086,37.7388],[140.24053,37.73925],[140.24026,37.73991],[140.24021,37.74067],[140.24086,37.74242],[140.24053,37.74383],[140.24017,37.74427],[140.23899,37.74454],[140.23787,37.74517],[140.23725,37.74608],[140.23711,37.74657],[140.23863,37.74778],[140.23999,37.7501],[140.24034,37.75124],[140.24008,37.75304],[140.24041,37.75367],[140.24353,37.75678],[140.24414,37.75809],[140.24465,37.75869],[140.2462,37.75946],[140.24877,37.76033],[140.25029,37.76195],[140.25172,37.76246],[140.25247,37.76347],[140.25376,37.76385],[140.25451,37.7645],[140.25485,37.76459],[140.25523,37.76658],[140.25515,37.76779],[140.25532,37.7682],[140.25569,37.7684],[140.25695,37.76965],[140.25795,37.77011],[140.26008,37.77072],[140.26055,37.77101],[140.26171,37.77226],[140.26293,37.77297],[140.26348,37.7739],[140.26339,37.77421],[140.26268,37.77503],[140.26268,37.77526],[140.26307,37.77589],[140.26529,37.77774],[140.26592,37.77707],[140.26919,37.77516],[140.27689,37.77501],[140.28413,37.77574],[140.28618,37.77575],[140.28891,37.7747],[140.29072,37.77511],[140.29156,37.77559],[140.29245,37.77558],[140.29314,37.77525],[140.29299,37.7748],[140.29314,37.77459],[140.29367,37.77485],[140.29402,37.77477],[140.29529,37.77424],[140.29591,37.77363],[140.29693,37.77367],[140.29838,37.77401],[140.2986,37.77417],[140.29847,37.7747],[140.29858,37.7753],[140.29906,37.77597],[140.29848,37.77706],[140.29888,37.77809],[140.29978,37.77896],[140.29972,37.77938],[140.29927,37.77965],[140.29923,37.77984],[140.30046,37.78025],[140.30111,37.78099],[140.3009,37.78132],[140.30096,37.7816],[140.30257,37.78202],[140.30322,37.78265],[140.30394,37.78248],[140.30436,37.78264],[140.30472,37.7836],[140.30577,37.78453],[140.30649,37.78639],[140.30575,37.78701],[140.30589,37.78719],[140.30659,37.78745],[140.30745,37.78727],[140.30814,37.78737],[140.30858,37.78766],[140.30876,37.78826],[140.30989,37.78826],[140.31105,37.78886],[140.31165,37.78838],[140.31229,37.78816],[140.31273,37.78821],[140.31347,37.78872],[140.31429,37.78835],[140.31565,37.78856],[140.31629,37.78823],[140.31807,37.78857],[140.31849,37.78835],[140.31926,37.78836],[140.32011,37.7877],[140.32057,37.78759],[140.32199,37.78769],[140.32299,37.78706],[140.32321,37.78715],[140.32333,37.78793],[140.32375,37.78864],[140.32407,37.78857],[140.32432,37.7877],[140.32518,37.78755],[140.32602,37.78807],[140.3268,37.78822],[140.32852,37.78917],[140.32928,37.78925],[140.33102,37.78872],[140.33238,37.78884],[140.3329,37.78859],[140.33634,37.79204],[140.33575,37.79595],[140.33556,37.79938],[140.3414,37.80415],[140.34189,37.80396],[140.34261,37.80403],[140.34303,37.80423],[140.34338,37.80497],[140.3438,37.80532],[140.3456,37.80552],[140.34746,37.8051],[140.34914,37.80424],[140.34945,37.80445],[140.35007,37.80571],[140.35039,37.80597],[140.35074,37.80587],[140.35137,37.80488],[140.35227,37.80432]]]},"properties":{"key":"072014060","name":"町庭坂","pref":"福島県","prefCode":"07","municipality":"福島市","areaM2":44237958.067,"population":5256,"toponymIds":["07-e46c7ed20b","07-c36bd61403"]}},{"type":"Feature","geometry":{"type":"Polygon","coordinates":[[[140.44167,37.66683],[140.44297,37.66558],[140.44407,37.66561],[140.44608,37.66632],[140.44847,37.66614],[140.44893,37.66654],[140.44966,37.66659],[140.44978,37.66675],[140.44993,37.66593],[140.44963,37.66459],[140.45016,37.66422],[140.45098,37.6641],[140.45081,37.66319],[140.4518,37.66279],[140.45223,37.66312],[140.45318,37.66239],[140.45358,37.66253],[140.45371,37.66283],[140.4549,37.66311],[140.4573,37.66332],[140.45773,37.6616],[140.45864,37.66167],[140.45852,37.66258],[140.45905,37.66267],[140.4617,37.66286],[140.46171,37.66249],[140.46209,37.66248],[140.46207,37.66198],[140.46543,37.66237],[140.46592,37.66236],[140.46596,37.66214],[140.46662,37.66225],[140.46664,37.66211],[140.46691,37.6621],[140.46748,37.66066],[140.46782,37.66047],[140.46798,37.65995],[140.46858,37.65989],[140.46855,37.65953],[140.46894,37.65957],[140.46891,37.65979],[140.46948,37.65993],[140.46944,37.66007],[140.46998,37.66054],[140.47048,37.66059],[140.47058,37.66083],[140.47211,37.66148],[140.47265,37.66123],[140.47389,37.66125],[140.47409,37.66094],[140.47452,37.66107],[140.47476,37.66137],[140.47479,37.66085],[140.4754,37.66076],[140.47571,37.66035],[140.47606,37.66062],[140.47703,37.6606],[140.47686,37.66116],[140.47717,37.66269],[140.47698,37.66287],[140.47721,37.66304],[140.4767,37.66352],[140.47636,37.66331],[140.47657,37.66313],[140.47597,37.66279],[140.47576,37.66299],[140.47555,37.66297],[140.47412,37.6621],[140.47242,37.66169],[140.47193,37.66245],[140.47255,37.66272],[140.47318,37.66276],[140.473,37.66294],[140.47318,37.66306],[140.47344,37.66278],[140.47415,37.66285],[140.47453,37.6631],[140.47418,37.66337],[140.4746,37.66371],[140.47437,37.6639],[140.47436,37.6651],[140.47602,37.66545],[140.47546,37.66598],[140.47607,37.66624],[140.47568,37.66711],[140.47526,37.66753],[140.47776,37.66765],[140.47836,37.66743],[140.47906,37.6674],[140.47935,37.66712],[140.48046,37.66464],[140.48129,37.66404],[140.48204,37.66302],[140.48268,37.66249],[140.48371,37.66242],[140.48336,37.66193],[140.48332,37.66159],[140.48524,37.66014],[140.48676,37.65843],[140.48747,37.65807],[140.48794,37.65649],[140.48834,37.65608],[140.48756,37.65583],[140.48826,37.65561],[140.48799,37.65513],[140.48716,37.65538],[140.48672,37.65451],[140.48686,37.65313],[140.48636,37.65265],[140.48612,37.65285],[140.48586,37.65245],[140.48649,37.65221],[140.48645,37.65205],[140.48673,37.65173],[140.48627,37.65127],[140.4858,37.65134],[140.48535,37.65115],[140.48547,37.6508],[140.48511,37.65064],[140.48491,37.65143],[140.4761,37.65104],[140.47628,37.64805],[140.47374,37.64852],[140.47348,37.64838],[140.46562,37.6476],[140.46331,37.64755],[140.46179,37.64693],[140.46086,37.64686],[140.4563,37.64707],[140.44339,37.64919],[140.44174,37.64784],[140.44076,37.64747],[140.44041,37.64878],[140.43879,37.65039],[140.43558,37.65141],[140.43393,37.65139],[140.43273,37.6516],[140.43213,37.65187],[140.43219,37.65228],[140.43382,37.65324],[140.43508,37.65474],[140.43707,37.65493],[140.4375,37.65514],[140.43772,37.65617],[140.43815,37.65707],[140.44118,37.65859],[140.44029,37.66],[140.43942,37.66016],[140.43886,37.6606],[140.43866,37.66111],[140.43886,37.66155],[140.43784,37.66256],[140.43747,37.66337],[140.43725,37.66503],[140.43813,37.66598],[140.43817,37.66665],[140.43877,37.66778],[140.44007,37.66793],[140.44073,37.66826],[140.44167,37.66683]]]},"properties":{"key":"072012010","name":"松川町","pref":"福島県","prefCode":"07","municipality":"福島市","areaM2":7259362.57,"population":4928,"toponymIds":["07-fd55284487","07-f6676ccc3b"]}},{"type":"Feature","geometry":{"type":"Polygon","coordinates":[[[140.46352,37.69553],[140.46322,37.69474],[140.46609,37.69366],[140.46673,37.69314],[140.46723,37.69298],[140.469,37.69275],[140.47015,37.69309],[140.47093,37.69356],[140.47194,37.69313],[140.47263,37.69318],[140.47262,37.69247],[140.47077,37.69249],[140.46875,37.6921],[140.46812,37.69155],[140.46811,37.69133],[140.46845,37.69099],[140.46617,37.69007],[140.46594,37.68959],[140.46446,37.68916],[140.46446,37.689],[140.4651,37.6887],[140.46465,37.68855],[140.46512,37.68835],[140.4743,37.68827],[140.47516,37.68851],[140.47551,37.68873],[140.47416,37.6901],[140.47485,37.69002],[140.47527,37.69014],[140.47635,37.69077],[140.47599,37.69128],[140.47602,37.69187],[140.4758,37.69204],[140.47369,37.6923],[140.47458,37.69291],[140.47539,37.69293],[140.47606,37.69259],[140.47683,37.69251],[140.47794,37.69203],[140.47843,37.69166],[140.47907,37.69082],[140.48005,37.69046],[140.48081,37.69043],[140.48075,37.69028],[140.48094,37.69005],[140.48268,37.68972],[140.48308,37.68936],[140.48402,37.68956],[140.48471,37.68994],[140.48513,37.69062],[140.48588,37.69047],[140.48603,37.68958],[140.48624,37.68954],[140.48658,37.68986],[140.48678,37.68982],[140.48717,37.68921],[140.48813,37.68871],[140.48866,37.68819],[140.48909,37.68811],[140.48975,37.68833],[140.49031,37.68895],[140.49182,37.68978],[140.49395,37.68983],[140.4947,37.69006],[140.49529,37.69072],[140.49634,37.6906],[140.49595,37.68963],[140.49431,37.6888],[140.49344,37.68869],[140.49327,37.68841],[140.49321,37.6875],[140.49419,37.68628],[140.4947,37.68591],[140.49409,37.68547],[140.49315,37.68542],[140.49303,37.68495],[140.49239,37.68443],[140.4913,37.68422],[140.49047,37.68438],[140.49043,37.68306],[140.49007,37.68256],[140.48995,37.68205],[140.48944,37.68206],[140.48888,37.68244],[140.4881,37.68237],[140.48792,37.68178],[140.48756,37.68151],[140.48678,37.6815],[140.48555,37.68182],[140.48465,37.68183],[140.4838,37.68272],[140.48187,37.68282],[140.48172,37.68337],[140.48006,37.68314],[140.47829,37.68372],[140.47773,37.68345],[140.47594,37.6833],[140.47549,37.68241],[140.47604,37.68148],[140.47581,37.67945],[140.47591,37.67826],[140.47669,37.67787],[140.47704,37.67683],[140.4758,37.6764],[140.47494,37.6763],[140.47474,37.67576],[140.4759,37.6751],[140.47705,37.67293],[140.47538,37.67219],[140.47496,37.6717],[140.47384,37.67124],[140.47329,37.67077],[140.47255,37.67047],[140.47151,37.6704],[140.47033,37.67055],[140.46953,37.6719],[140.46872,37.67189],[140.46792,37.67151],[140.46796,37.67087],[140.46706,37.67088],[140.4666,37.67024],[140.4663,37.67056],[140.46574,37.66984],[140.46565,37.66896],[140.46537,37.66936],[140.46515,37.66905],[140.4654,37.66905],[140.46547,37.66886],[140.46522,37.66879],[140.4655,37.66765],[140.46461,37.66731],[140.4648,37.66648],[140.46477,37.66579],[140.46501,37.66548],[140.46529,37.66456],[140.46493,37.66449],[140.46423,37.66585],[140.46371,37.66583],[140.46335,37.6665],[140.46289,37.66633],[140.46237,37.66541],[140.46268,37.66539],[140.46278,37.66466],[140.46229,37.66465],[140.46218,37.66444],[140.46216,37.66402],[140.46366,37.66398],[140.46435,37.66304],[140.46493,37.66271],[140.46495,37.66233],[140.46207,37.66198],[140.46209,37.66248],[140.46171,37.66249],[140.4617,37.66286],[140.45905,37.66267],[140.45852,37.66258],[140.45864,37.66167],[140.45773,37.6616],[140.4573,37.66332],[140.4549,37.66311],[140.45371,37.66283],[140.45358,37.66253],[140.45318,37.66239],[140.45223,37.66312],[140.45171,37.6628],[140.45081,37.66319],[140.45098,37.6641],[140.45016,37.66422],[140.44963,37.66459],[140.44993,37.66593],[140.44978,37.66675],[140.45014,37.66696],[140.45159,37.66863],[140.4528,37.66929],[140.45304,37.66975],[140.45369,37.66989],[140.45326,37.67041],[140.45307,37.67112],[140.4536,37.6723],[140.45472,37.67271],[140.45637,37.67377],[140.45664,37.67437],[140.45827,37.67555],[140.45779,37.6756],[140.45741,37.67585],[140.45721,37.67635],[140.45727,37.67692],[140.45669,37.67753],[140.45663,37.67778],[140.45681,37.67788],[140.45771,37.67763],[140.45813,37.67814],[140.45696,37.67905],[140.45746,37.67978],[140.45873,37.68067],[140.45917,37.68143],[140.45837,37.68223],[140.4578,37.68201],[140.45752,37.68257],[140.45703,37.6825],[140.45614,37.68322],[140.45615,37.68338],[140.45673,37.68424],[140.4582,37.68406],[140.45838,37.68425],[140.45837,37.68464],[140.46015,37.68461],[140.4606,37.68476],[140.46052,37.68491],[140.46002,37.68466],[140.45694,37.68466],[140.45651,37.68509],[140.45623,37.68482],[140.45465,37.68617],[140.45432,37.68594],[140.45469,37.68562],[140.45467,37.68543],[140.45325,37.68556],[140.45068,37.68758],[140.44992,37.68947],[140.44994,37.69038],[140.4503,37.69058],[140.45157,37.69067],[140.45238,37.69097],[140.45296,37.69094],[140.45348,37.69111],[140.4544,37.6919],[140.45462,37.6932],[140.45547,37.69359],[140.45611,37.69446],[140.45663,37.69466],[140.45868,37.69478],[140.45867,37.69441],[140.45914,37.69436],[140.45934,37.6948],[140.46124,37.69472],[140.46146,37.6955],[140.46183,37.69547],[140.4619,37.69593],[140.46254,37.69609],[140.46352,37.69553]]]},"properties":{"key":"072012031","name":"松川町浅川","pref":"福島県","prefCode":"07","municipality":"福島市","areaM2":6657467.385,"population":1172,"toponymIds":["07-59d25d214b","07-23771d9483","07-9da5e933d3","07-c7528a3c0f","07-73e7b66042","07-e86e612f6e","07-a3a9311d65"]}},{"type":"Feature","geometry":{"type":"Polygon","coordinates":[[[140.49534,37.68565],[140.49692,37.68491],[140.49753,37.68424],[140.49767,37.6838],[140.49774,37.68214],[140.49762,37.68143],[140.49739,37.68104],[140.49658,37.68041],[140.49653,37.68013],[140.49671,37.67976],[140.49835,37.67728],[140.50005,37.67672],[140.50052,37.67587],[140.50023,37.67439],[140.50047,37.67365],[140.50143,37.67275],[140.50208,37.67237],[140.50241,37.67173],[140.50193,37.67104],[140.50048,37.67013],[140.5,37.66911],[140.49897,37.66771],[140.49893,37.66737],[140.50103,37.66654],[140.50248,37.66645],[140.50321,37.66671],[140.50276,37.66633],[140.50114,37.66582],[140.49997,37.66519],[140.49952,37.66468],[140.49942,37.66409],[140.49869,37.66342],[140.49875,37.66313],[140.49907,37.66287],[140.499,37.66252],[140.4985,37.66234],[140.49761,37.66112],[140.49666,37.66036],[140.49628,37.6602],[140.49352,37.66026],[140.49275,37.65898],[140.49223,37.6572],[140.49244,37.65675],[140.49095,37.65589],[140.48987,37.65606],[140.48889,37.65593],[140.4881,37.65624],[140.48747,37.65807],[140.48676,37.65843],[140.48524,37.66014],[140.48332,37.66159],[140.48336,37.66193],[140.48371,37.66242],[140.48268,37.66249],[140.48204,37.66302],[140.48129,37.66404],[140.48046,37.66464],[140.47935,37.66712],[140.47906,37.6674],[140.47836,37.66743],[140.47776,37.66765],[140.47526,37.66753],[140.47568,37.66711],[140.47607,37.66624],[140.4756,37.66604],[140.47377,37.667],[140.47219,37.66687],[140.47129,37.66705],[140.47018,37.66756],[140.47002,37.66777],[140.46902,37.66803],[140.46845,37.66693],[140.46908,37.66618],[140.46702,37.66608],[140.46705,37.66675],[140.46742,37.66706],[140.46744,37.66746],[140.46709,37.668],[140.46709,37.6684],[140.46646,37.66854],[140.46584,37.66844],[140.46565,37.66896],[140.46574,37.66984],[140.4663,37.67056],[140.4666,37.67024],[140.46706,37.67088],[140.46796,37.67087],[140.46792,37.67151],[140.46872,37.67189],[140.46953,37.6719],[140.47033,37.67055],[140.47151,37.6704],[140.47255,37.67047],[140.47329,37.67077],[140.47384,37.67124],[140.47496,37.6717],[140.47538,37.67219],[140.47705,37.67293],[140.4759,37.6751],[140.47474,37.67576],[140.47494,37.6763],[140.4758,37.6764],[140.47704,37.67683],[140.47669,37.67787],[140.47591,37.67826],[140.47581,37.67945],[140.47604,37.68148],[140.47549,37.68241],[140.47594,37.6833],[140.47773,37.68345],[140.47829,37.68372],[140.48006,37.68314],[140.48172,37.68337],[140.48187,37.68282],[140.4838,37.68272],[140.48465,37.68183],[140.48555,37.68182],[140.4873,37.68148],[140.48786,37.68169],[140.4881,37.68237],[140.48888,37.68244],[140.48944,37.68206],[140.48995,37.68205],[140.49007,37.68256],[140.49043,37.68306],[140.49047,37.68438],[140.4913,37.68422],[140.49239,37.68443],[140.49303,37.68495],[140.49328,37.6855],[140.49409,37.68547],[140.4947,37.68591],[140.49534,37.68565]]]},"properties":{"key":"072012040","name":"松川町金沢","pref":"福島県","prefCode":"07","municipality":"福島市","areaM2":5519725.635,"population":543,"toponymIds":["07-67fc9a44b0","07-04f2941d9d","07-2b23b9ab99","07-07b964efc9"]}},{"type":"Feature","geometry":{"type":"Polygon","coordinates":[[[140.3578,37.68233],[140.35831,37.68174],[140.35923,37.68269],[140.36065,37.68213],[140.36399,37.68022],[140.36454,37.68009],[140.36573,37.68008],[140.37037,37.67948],[140.37188,37.67942],[140.37251,37.67914],[140.37551,37.67941],[140.37758,37.68044],[140.37958,37.6807],[140.38229,37.68071],[140.38337,37.68048],[140.38416,37.68008],[140.38494,37.6794],[140.38656,37.67866],[140.38774,37.6779],[140.38966,37.67749],[140.39091,37.67778],[140.39281,37.67789],[140.39603,37.67696],[140.39697,37.67702],[140.3978,37.67734],[140.39947,37.67743],[140.40159,37.67582],[140.40222,37.67589],[140.40328,37.67775],[140.40459,37.67867],[140.40519,37.67884],[140.40774,37.6787],[140.41008,37.67787],[140.41241,37.67636],[140.41368,37.6752],[140.41535,37.67418],[140.41584,37.67404],[140.417,37.67421],[140.4178,37.67455],[140.41917,37.67483],[140.4198,37.67514],[140.42018,37.67568],[140.42079,37.67588],[140.42195,37.67588],[140.42351,37.67629],[140.42416,37.67712],[140.4253,37.67751],[140.42596,37.67811],[140.42611,37.67736],[140.42693,37.67662],[140.42986,37.67607],[140.43314,37.67456],[140.43569,37.67485],[140.436,37.67505],[140.4362,37.6745],[140.43619,37.67321],[140.43632,37.67287],[140.4359,37.67164],[140.43591,37.67048],[140.43548,37.66914],[140.43549,37.66878],[140.43631,37.66738],[140.43817,37.66665],[140.43813,37.66598],[140.43728,37.6652],[140.43747,37.66337],[140.43784,37.66256],[140.43886,37.66155],[140.43866,37.66111],[140.43886,37.6606],[140.43942,37.66016],[140.44029,37.66],[140.44118,37.65859],[140.43815,37.65707],[140.43772,37.65617],[140.4375,37.65514],[140.43707,37.65493],[140.43508,37.65474],[140.43382,37.65324],[140.43219,37.65228],[140.43213,37.65187],[140.43273,37.6516],[140.43393,37.65139],[140.43558,37.65141],[140.43879,37.65039],[140.44041,37.64878],[140.44076,37.64747],[140.44024,37.64735],[140.4372,37.64539],[140.43633,37.64554],[140.43528,37.64508],[140.43314,37.64532],[140.43249,37.64519],[140.43131,37.64464],[140.43002,37.64485],[140.42865,37.64483],[140.42804,37.64462],[140.42688,37.64453],[140.42446,37.64523],[140.42213,37.64379],[140.42078,37.64375],[140.41957,37.64301],[140.41911,37.64301],[140.41844,37.64333],[140.41756,37.64313],[140.4168,37.64335],[140.41542,37.64264],[140.4146,37.64249],[140.41384,37.64263],[140.41302,37.6431],[140.4123,37.64311],[140.41179,37.64354],[140.41024,37.64401],[140.4092,37.64466],[140.40805,37.64422],[140.40747,37.64424],[140.40691,37.64448],[140.40613,37.64486],[140.40492,37.6462],[140.40443,37.64697],[140.40249,37.64794],[140.40123,37.64838],[140.39906,37.64856],[140.39785,37.64849],[140.39526,37.64758],[140.39388,37.6469],[140.39171,37.64696],[140.39043,37.6479],[140.38954,37.64827],[140.3877,37.64731],[140.38342,37.6478],[140.38227,37.64799],[140.38111,37.64889],[140.37845,37.65046],[140.37778,37.65131],[140.37632,37.65112],[140.37397,37.65118],[140.37033,37.6506],[140.36933,37.64955],[140.36678,37.64848],[140.36626,37.64837],[140.36466,37.64859],[140.3621,37.64858],[140.36167,37.64772],[140.3598,37.64797],[140.35742,37.64731],[140.35456,37.64783],[140.35098,37.64719],[140.34655,37.64704],[140.34543,37.64815],[140.34465,37.64852],[140.34213,37.64872],[140.33835,37.64961],[140.33661,37.64953],[140.33555,37.65001],[140.33384,37.65036],[140.33312,37.65023],[140.3327,37.64999],[140.33156,37.64883],[140.33057,37.64822],[140.32958,37.64803],[140.32829,37.64808],[140.32628,37.64842],[140.32701,37.65027],[140.32752,37.65084],[140.32995,37.65282],[140.33167,37.65365],[140.33216,37.6555],[140.33276,37.6563],[140.33756,37.65861],[140.338,37.66193],[140.33889,37.66331],[140.33889,37.66472],[140.33953,37.66599],[140.33934,37.6669],[140.33863,37.6678],[140.33903,37.66943],[140.33893,37.67003],[140.33977,37.67075],[140.34036,37.6719],[140.34052,37.67248],[140.34042,37.67365],[140.34117,37.67496],[140.34102,37.67545],[140.34038,37.67605],[140.34074,37.679],[140.3406,37.68068],[140.34627,37.68217],[140.34656,37.68242],[140.34668,37.68336],[140.3472,37.68391],[140.34884,37.68407],[140.35242,37.68499],[140.35348,37.68484],[140.35461,37.68431],[140.35752,37.6827],[140.3578,37.68233]]]},"properties":{"key":"072012050","name":"松川町水原","pref":"福島県","prefCode":"07","municipality":"福島市","areaM2":31307330.26,"population":943,"toponymIds":["07-522b3c975a","07-7c1f3da56e","07-e095bb1bca"]}},{"type":"Feature","geometry":{"type":"Polygon","coordinates":[[[140.48668,37.79004],[140.49073,37.78994],[140.49005,37.78822],[140.48705,37.78712],[140.48449,37.78676],[140.4846,37.78655],[140.48431,37.78596],[140.48419,37.78512],[140.48382,37.78513],[140.48376,37.78458],[140.48349,37.78431],[140.48298,37.78417],[140.48209,37.7842],[140.4813,37.78312],[140.48118,37.78315],[140.48099,37.78255],[140.48076,37.78262],[140.48061,37.78249],[140.48087,37.78231],[140.48041,37.78147],[140.47957,37.78172],[140.47817,37.78142],[140.47608,37.78182],[140.47505,37.78178],[140.4743,37.78155],[140.4741,37.78122],[140.47527,37.7812],[140.47463,37.77826],[140.47474,37.77774],[140.47436,37.77635],[140.47297,37.77749],[140.47119,37.77795],[140.46965,37.77869],[140.46988,37.77878],[140.46979,37.77888],[140.47002,37.77908],[140.47054,37.77933],[140.46763,37.77955],[140.46774,37.78092],[140.46706,37.78105],[140.46704,37.78077],[140.46619,37.78104],[140.46636,37.7813],[140.46525,37.78146],[140.46398,37.78365],[140.46528,37.78388],[140.46601,37.78352],[140.46684,37.78356],[140.4669,37.78316],[140.46718,37.78315],[140.46728,37.78289],[140.46843,37.78268],[140.46848,37.78293],[140.4682,37.7836],[140.46857,37.78368],[140.46852,37.78402],[140.4687,37.78438],[140.46995,37.78485],[140.47027,37.78513],[140.47067,37.78515],[140.47183,37.78612],[140.4728,37.78624],[140.47336,37.78602],[140.47351,37.78559],[140.47496,37.7856],[140.47504,37.78546],[140.47588,37.78569],[140.4764,37.78551],[140.47663,37.78581],[140.47643,37.78619],[140.47642,37.78677],[140.47758,37.78758],[140.47782,37.78827],[140.4789,37.78802],[140.47921,37.78833],[140.47975,37.78834],[140.48021,37.78863],[140.48054,37.78849],[140.48169,37.78904],[140.48286,37.78927],[140.48283,37.78941],[140.48496,37.7896],[140.485,37.78997],[140.48668,37.79004]]]},"properties":{"key":"072010720","name":"丸子","pref":"福島県","prefCode":"07","municipality":"福島市","areaM2":1217286.735,"population":5080,"toponymIds":["07-62bac1b3cb","07-475931bfbf"]}},{"type":"Feature","geometry":{"type":"Polygon","coordinates":[[[140.44615,37.79617],[140.44606,37.79584],[140.44629,37.7959],[140.44678,37.79538],[140.45144,37.79416],[140.45153,37.79383],[140.45717,37.79359],[140.45697,37.79064],[140.4598,37.79033],[140.46061,37.79038],[140.46097,37.79088],[140.46076,37.79147],[140.46123,37.79136],[140.46128,37.79335],[140.46212,37.7933],[140.46279,37.79346],[140.46347,37.79338],[140.46426,37.79279],[140.46556,37.79177],[140.46555,37.79164],[140.46515,37.7916],[140.46578,37.79137],[140.46579,37.79116],[140.46625,37.79088],[140.46796,37.79033],[140.46804,37.79059],[140.46878,37.79031],[140.46978,37.79045],[140.46978,37.78967],[140.47082,37.78934],[140.47415,37.78942],[140.47483,37.78928],[140.47743,37.78925],[140.47767,37.78944],[140.47847,37.78955],[140.47913,37.79022],[140.47956,37.79029],[140.47965,37.79047],[140.48023,37.7903],[140.48098,37.7903],[140.48116,37.78981],[140.48188,37.78937],[140.48158,37.78888],[140.48117,37.78869],[140.48051,37.78848],[140.48017,37.78862],[140.47975,37.78834],[140.47921,37.78833],[140.4789,37.78802],[140.47782,37.78827],[140.47758,37.78758],[140.47642,37.78677],[140.47643,37.78619],[140.47663,37.78581],[140.4764,37.78551],[140.47588,37.78569],[140.47504,37.78546],[140.47496,37.7856],[140.47351,37.78559],[140.47336,37.78602],[140.47274,37.78626],[140.47174,37.78608],[140.47067,37.78515],[140.47027,37.78513],[140.46995,37.78485],[140.4687,37.78438],[140.46852,37.78402],[140.46857,37.78368],[140.4682,37.7836],[140.46845,37.78269],[140.46778,37.78275],[140.46728,37.78289],[140.46718,37.78315],[140.4669,37.78316],[140.46684,37.78356],[140.46632,37.78346],[140.46528,37.78388],[140.46477,37.78378],[140.46466,37.78488],[140.46413,37.78524],[140.46419,37.78547],[140.46392,37.78556],[140.46387,37.78574],[140.46312,37.78606],[140.46294,37.7861],[140.46309,37.78564],[140.46265,37.78549],[140.46217,37.78549],[140.46207,37.78583],[140.46186,37.78596],[140.46166,37.7859],[140.46144,37.78549],[140.45966,37.78532],[140.45939,37.78553],[140.45849,37.78565],[140.45871,37.7857],[140.45879,37.78594],[140.45813,37.78607],[140.45822,37.78639],[140.45803,37.78642],[140.45818,37.78701],[140.45729,37.78702],[140.45542,37.78664],[140.45479,37.7867],[140.45406,37.78652],[140.45273,37.78583],[140.45179,37.78623],[140.45201,37.78648],[140.45168,37.78659],[140.45062,37.7869],[140.45049,37.78677],[140.44997,37.78687],[140.44976,37.78674],[140.45024,37.78911],[140.44752,37.78937],[140.4481,37.79284],[140.44521,37.79313],[140.44533,37.794],[140.44336,37.79407],[140.44268,37.7943],[140.44414,37.79739],[140.44441,37.79719],[140.44458,37.79682],[140.44438,37.79682],[140.44458,37.79667],[140.44615,37.79617]]]},"properties":{"key":"072010790","name":"南矢野目","pref":"福島県","prefCode":"07","municipality":"福島市","areaM2":1874683.202,"population":6075,"toponymIds":["07-8742f24148","07-b28283b50c","07-49c04dcf2f","07-2869d46d89"]}},{"type":"Feature","geometry":{"type":"Polygon","coordinates":[[[140.48512,37.81252],[140.48715,37.8126],[140.48728,37.81173],[140.48715,37.81087],[140.48891,37.81068],[140.48915,37.81025],[140.49074,37.80952],[140.49146,37.80935],[140.49105,37.80902],[140.4904,37.80886],[140.49127,37.80853],[140.49129,37.8084],[140.49179,37.80844],[140.49165,37.80766],[140.49139,37.80734],[140.49011,37.80719],[140.48996,37.80644],[140.48958,37.80613],[140.48954,37.80586],[140.4894,37.80588],[140.48956,37.80524],[140.4891,37.80395],[140.48798,37.80393],[140.4875,37.80356],[140.48792,37.80354],[140.48792,37.80205],[140.48735,37.80196],[140.48734,37.8021],[140.48671,37.80212],[140.48659,37.80135],[140.4871,37.80066],[140.48812,37.80004],[140.48816,37.79941],[140.48753,37.79925],[140.48666,37.79978],[140.48652,37.79971],[140.48677,37.79939],[140.48583,37.79911],[140.48584,37.80011],[140.4853,37.80021],[140.4851,37.79969],[140.48537,37.7996],[140.48521,37.79932],[140.4849,37.79931],[140.48487,37.79911],[140.48366,37.79913],[140.48365,37.79872],[140.48319,37.79872],[140.48319,37.79893],[140.48136,37.79886],[140.48062,37.79895],[140.48061,37.79916],[140.47879,37.79917],[140.47879,37.79959],[140.478,37.79985],[140.47655,37.79981],[140.47529,37.80007],[140.47382,37.79976],[140.47372,37.8008],[140.47422,37.801],[140.47435,37.80124],[140.47432,37.80192],[140.47184,37.80187],[140.47184,37.8024],[140.47241,37.80307],[140.47255,37.80405],[140.47309,37.80426],[140.47298,37.80496],[140.47218,37.80554],[140.47228,37.80653],[140.4717,37.80669],[140.47178,37.80718],[140.47482,37.80671],[140.47412,37.80743],[140.47396,37.80787],[140.47481,37.80748],[140.47546,37.8077],[140.47571,37.80807],[140.4774,37.80792],[140.4777,37.80795],[140.47794,37.80819],[140.47806,37.80893],[140.47745,37.80918],[140.47788,37.80953],[140.47714,37.80992],[140.47609,37.81017],[140.47622,37.81061],[140.47665,37.81092],[140.47678,37.81165],[140.47758,37.81358],[140.47753,37.81402],[140.48192,37.81276],[140.48512,37.81252]]]},"properties":{"key":"072010750","name":"宮代","pref":"福島県","prefCode":"07","municipality":"福島市","areaM2":1880661.129,"population":5975,"toponymIds":["07-b789232f42"]}},{"type":"Feature","geometry":{"type":"Polygon","coordinates":[[[140.49437,37.77826],[140.49482,37.77669],[140.49377,37.77307],[140.4931,37.7716],[140.4913,37.77186],[140.48416,37.77192],[140.48613,37.77809],[140.48768,37.77763],[140.48943,37.77785],[140.49238,37.77911],[140.49363,37.77993],[140.49437,37.77826]]]},"properties":{"key":"07201045002","name":"本内","pref":"福島県","prefCode":"07","municipality":"福島市","areaM2":578633.215,"population":2327,"toponymIds":["07-23817c9386","07-172611edf8","07-a70adfa1a5"]}},{"type":"Feature","geometry":{"type":"Polygon","coordinates":[[[140.44827,37.75358],[140.45115,37.75194],[140.45237,37.75037],[140.45162,37.74997],[140.4512,37.75001],[140.45111,37.74952],[140.45044,37.74958],[140.45027,37.74851],[140.44965,37.74859],[140.44941,37.74704],[140.44982,37.74699],[140.44963,37.7462],[140.44933,37.74623],[140.44901,37.74563],[140.4473,37.74564],[140.44679,37.74547],[140.44631,37.74554],[140.44631,37.74578],[140.44594,37.74559],[140.44594,37.74575],[140.44533,37.74587],[140.44533,37.74609],[140.44493,37.7461],[140.44494,37.74626],[140.44458,37.74635],[140.44462,37.74649],[140.44393,37.74651],[140.44395,37.74632],[140.44382,37.74632],[140.44366,37.7477],[140.44316,37.74801],[140.44236,37.74806],[140.44223,37.74786],[140.441,37.74775],[140.44059,37.74725],[140.43991,37.7469],[140.43897,37.74729],[140.4376,37.74749],[140.43752,37.74814],[140.43804,37.74819],[140.43796,37.74873],[140.43916,37.74888],[140.43896,37.7499],[140.43919,37.74991],[140.43922,37.75104],[140.43952,37.75215],[140.43931,37.75211],[140.44009,37.7535],[140.43983,37.75353],[140.43993,37.75532],[140.44463,37.75472],[140.44673,37.75419],[140.44827,37.75358]]]},"properties":{"key":"072010840","name":"八木田","pref":"福島県","prefCode":"07","municipality":"福島市","areaM2":869882.365,"population":3440,"toponymIds":["07-47e5ecc50a"]}},{"type":"Feature","geometry":{"type":"Polygon","coordinates":[[[140.51986,37.78022],[140.52035,37.78001],[140.52214,37.78007],[140.52216,37.77956],[140.52196,37.77918],[140.52227,37.7788],[140.5229,37.77851],[140.52352,37.77769],[140.52405,37.7773],[140.52314,37.77493],[140.52447,37.77342],[140.52485,37.7733],[140.52674,37.77349],[140.52697,37.77335],[140.52782,37.77203],[140.52829,37.77072],[140.52833,37.76996],[140.52896,37.7695],[140.52885,37.76858],[140.52817,37.76749],[140.52813,37.76623],[140.5279,37.7655],[140.52796,37.76466],[140.52707,37.76324],[140.53004,37.762],[140.53312,37.76113],[140.53203,37.76024],[140.53207,37.75943],[140.53149,37.75781],[140.53189,37.75718],[140.52938,37.75699],[140.52921,37.75684],[140.52914,37.75576],[140.52893,37.75542],[140.528,37.755],[140.52796,37.75468],[140.52907,37.75327],[140.52909,37.75274],[140.52797,37.75245],[140.52781,37.75186],[140.52728,37.75168],[140.52621,37.75097],[140.52604,37.75011],[140.52676,37.74953],[140.52691,37.74882],[140.52679,37.74862],[140.52534,37.74834],[140.52438,37.74616],[140.52372,37.74532],[140.52277,37.74481],[140.52255,37.74385],[140.52162,37.74262],[140.52063,37.74149],[140.51911,37.74046],[140.5175,37.73905],[140.51698,37.73988],[140.51607,37.74081],[140.51449,37.74171],[140.51351,37.74253],[140.51326,37.74385],[140.51345,37.74479],[140.51275,37.74547],[140.51252,37.74603],[140.51145,37.74708],[140.51135,37.74773],[140.50988,37.749],[140.50967,37.75009],[140.50896,37.75085],[140.5089,37.75138],[140.50863,37.75183],[140.50686,37.75268],[140.50635,37.75321],[140.50591,37.75334],[140.50556,37.75336],[140.50477,37.7528],[140.50293,37.75339],[140.50166,37.75393],[140.50134,37.75448],[140.501,37.75468],[140.49843,37.75445],[140.49811,37.75515],[140.49726,37.7556],[140.49725,37.75618],[140.49699,37.75655],[140.49723,37.75734],[140.49687,37.75796],[140.49383,37.75926],[140.49408,37.76059],[140.49393,37.76121],[140.49409,37.76229],[140.49406,37.76293],[140.49385,37.76328],[140.49447,37.76454],[140.49428,37.76536],[140.49367,37.76622],[140.49374,37.76705],[140.49424,37.76768],[140.49417,37.76813],[140.49476,37.76832],[140.49496,37.7682],[140.49509,37.76779],[140.495,37.76738],[140.49569,37.7665],[140.49579,37.7661],[140.49665,37.76596],[140.49726,37.76517],[140.49826,37.76515],[140.49873,37.76545],[140.49928,37.76545],[140.50124,37.76753],[140.5027,37.76789],[140.50384,37.76838],[140.50447,37.76953],[140.50551,37.76945],[140.50604,37.77173],[140.50805,37.77215],[140.50804,37.77339],[140.50948,37.77439],[140.51028,37.77559],[140.51041,37.77619],[140.50993,37.77721],[140.51128,37.77761],[140.51153,37.77731],[140.51253,37.77771],[140.51354,37.77781],[140.51397,37.77798],[140.51406,37.77848],[140.51528,37.77848],[140.51597,37.77864],[140.51667,37.77955],[140.51753,37.7811],[140.51986,37.78022]]]},"properties":{"key":"072010690","name":"山口","pref":"福島県","prefCode":"07","municipality":"福島市","areaM2":8334943.675,"population":1714,"toponymIds":["07-4cc1cf7951","07-8885ef498d"]}},{"type":"Feature","geometry":{"type":"Polygon","coordinates":[[[140.42618,37.72288],[140.42825,37.72296],[140.42906,37.7228],[140.42991,37.72301],[140.43022,37.72344],[140.43202,37.723],[140.43133,37.72236],[140.43279,37.72143],[140.4327,37.72118],[140.43296,37.72089],[140.43202,37.7203],[140.43486,37.71947],[140.43474,37.71837],[140.43547,37.7183],[140.43597,37.71739],[140.43686,37.71661],[140.4377,37.71645],[140.43777,37.71711],[140.43833,37.71708],[140.43713,37.71506],[140.43216,37.71376],[140.42955,37.71384],[140.42822,37.71351],[140.42886,37.71193],[140.42694,37.7117],[140.42571,37.71218],[140.42354,37.71115],[140.42067,37.71138],[140.41881,37.71055],[140.41783,37.71035],[140.41751,37.70849],[140.41721,37.70796],[140.41653,37.70776],[140.41627,37.70743],[140.41575,37.70593],[140.41606,37.70517],[140.41695,37.7044],[140.41235,37.70335],[140.40944,37.7023],[140.40635,37.7001],[140.40186,37.69762],[140.40081,37.69682],[140.39935,37.69504],[140.39882,37.6935],[140.3975,37.69329],[140.39556,37.69264],[140.39385,37.69157],[140.39281,37.69047],[140.39056,37.68755],[140.38928,37.68523],[140.38901,37.68441],[140.38909,37.68362],[140.38997,37.68289],[140.38693,37.67841],[140.38494,37.6794],[140.38416,37.68008],[140.38337,37.68048],[140.38229,37.68071],[140.37958,37.6807],[140.37758,37.68044],[140.37551,37.67941],[140.37266,37.67914],[140.37188,37.67942],[140.37037,37.67948],[140.36573,37.68008],[140.36454,37.68009],[140.36399,37.68022],[140.36065,37.68213],[140.35923,37.68269],[140.35831,37.68174],[140.35752,37.6827],[140.35519,37.68397],[140.35679,37.68415],[140.35944,37.68496],[140.36019,37.68591],[140.36416,37.68747],[140.36495,37.68853],[140.36589,37.68935],[140.37028,37.6921],[140.3734,37.69475],[140.37374,37.69514],[140.37389,37.69564],[140.37411,37.69577],[140.37591,37.69647],[140.37813,37.69668],[140.37932,37.6972],[140.38098,37.69876],[140.38145,37.69944],[140.3836,37.70064],[140.38411,37.70165],[140.38453,37.70178],[140.3855,37.70161],[140.3861,37.7019],[140.3869,37.70298],[140.38728,37.70327],[140.38763,37.70397],[140.3893,37.70454],[140.38941,37.70476],[140.38923,37.70536],[140.38933,37.70581],[140.39009,37.70628],[140.38964,37.70704],[140.39196,37.70814],[140.39272,37.70915],[140.39396,37.70892],[140.39506,37.70903],[140.39573,37.70975],[140.39789,37.71001],[140.39917,37.71114],[140.40037,37.71149],[140.40129,37.71196],[140.4039,37.7137],[140.4053,37.71409],[140.406,37.71461],[140.40684,37.71485],[140.40889,37.71483],[140.41117,37.71573],[140.41356,37.71645],[140.41556,37.71594],[140.41677,37.71595],[140.41703,37.71725],[140.41841,37.71914],[140.41971,37.72035],[140.42102,37.72094],[140.42249,37.72269],[140.42502,37.72351],[140.42587,37.72316],[140.42581,37.72293],[140.42618,37.72288]]]},"properties":{"key":"072013060","name":"山田","pref":"福島県","prefCode":"07","municipality":"福島市","areaM2":10178421.372,"population":561,"toponymIds":["07-5f7d961a83","07-f37d7aceaa","07-4011dfa993","07-330a51f109","07-caba2eb2e7","07-0126c7b208","07-cf22a938a5","07-e51db14738"]}},{"type":"Feature","geometry":{"type":"Polygon","coordinates":[[[140.44254,37.74806],[140.44316,37.74801],[140.44366,37.7477],[140.44382,37.74632],[140.44395,37.74632],[140.44393,37.74651],[140.44462,37.74649],[140.44458,37.74635],[140.44494,37.74626],[140.44493,37.7461],[140.44533,37.74609],[140.44533,37.74587],[140.44594,37.74575],[140.44594,37.74559],[140.44609,37.74559],[140.44616,37.7458],[140.44631,37.74578],[140.44631,37.74554],[140.44679,37.74547],[140.4473,37.74564],[140.44901,37.74563],[140.44933,37.74623],[140.44952,37.74615],[140.44925,37.74594],[140.44918,37.74519],[140.44774,37.74529],[140.44615,37.74133],[140.44561,37.74054],[140.44533,37.74066],[140.44509,37.74029],[140.44481,37.74039],[140.44485,37.74054],[140.44392,37.74087],[140.44393,37.74118],[140.44258,37.74108],[140.44224,37.74093],[140.44218,37.74068],[140.44138,37.74043],[140.44065,37.74066],[140.44024,37.7406],[140.43958,37.73989],[140.43896,37.7397],[140.43844,37.74006],[140.43792,37.741],[140.43791,37.7412],[140.43816,37.74141],[140.43783,37.74168],[140.43686,37.74169],[140.43691,37.74186],[140.43662,37.74192],[140.43596,37.74176],[140.43608,37.7416],[140.43577,37.74109],[140.43541,37.74089],[140.43533,37.74045],[140.43419,37.74066],[140.43261,37.7411],[140.43282,37.74188],[140.43354,37.74204],[140.43398,37.74235],[140.43382,37.7428],[140.43202,37.74278],[140.4309,37.74332],[140.43069,37.74282],[140.43035,37.74315],[140.43001,37.74301],[140.42982,37.74316],[140.42895,37.74271],[140.42836,37.74289],[140.42761,37.74204],[140.42672,37.74256],[140.42697,37.74335],[140.42689,37.74381],[140.42585,37.74409],[140.42562,37.74501],[140.42595,37.74512],[140.42657,37.74474],[140.42722,37.74477],[140.42787,37.74453],[140.42943,37.74475],[140.43089,37.74514],[140.43113,37.74549],[140.43358,37.74702],[140.43483,37.74744],[140.4361,37.7476],[140.43835,37.74743],[140.43991,37.7469],[140.44059,37.74725],[140.441,37.74775],[140.44223,37.74786],[140.44254,37.74806]]]},"properties":{"key":"072010830","name":"吉倉","pref":"福島県","prefCode":"07","municipality":"福島市","areaM2":1015905.092,"population":2404,"toponymIds":["07-f2e4e27b8f","07-121d18a4e7"]}},{"type":"Feature","geometry":{"type":"Polygon","coordinates":[[[139.97707,37.52548],[139.97787,37.52542],[139.97861,37.52514],[139.97987,37.52507],[139.9808,37.52474],[139.98148,37.52419],[139.98246,37.52255],[139.98301,37.52227],[139.98403,37.52218],[139.97987,37.52001],[139.98,37.51975],[139.97979,37.51954],[139.97846,37.51948],[139.97843,37.51824],[139.97823,37.51805],[139.97336,37.51766],[139.9727,37.51652],[139.97244,37.51534],[139.97242,37.51349],[139.97082,37.51321],[139.97043,37.5129],[139.97035,37.51262],[139.97057,37.51217],[139.97135,37.51191],[139.97184,37.51152],[139.97206,37.51008],[139.97244,37.50924],[139.97415,37.50792],[139.9743,37.50735],[139.97607,37.50665],[139.97687,37.50489],[139.97762,37.50395],[139.97993,37.50288],[139.98089,37.50205],[139.98318,37.4992],[139.98291,37.49784],[139.98177,37.4957],[139.97786,37.49259],[139.97836,37.49196],[139.97885,37.49069],[139.97896,37.48882],[139.97866,37.48706],[139.97929,37.48473],[139.97932,37.48411],[139.97907,37.48397],[139.97601,37.48413],[139.97445,37.48457],[139.97378,37.48508],[139.9728,37.48639],[139.97242,37.48739],[139.97209,37.48927],[139.97215,37.49025],[139.97184,37.49155],[139.97138,37.49237],[139.97023,37.49311],[139.96997,37.4938],[139.96971,37.49592],[139.96884,37.49704],[139.96884,37.49777],[139.96921,37.49824],[139.96915,37.49854],[139.96875,37.4986],[139.96744,37.49832],[139.96594,37.49731],[139.96234,37.49692],[139.96179,37.49699],[139.96079,37.4974],[139.95686,37.50042],[139.95485,37.5008],[139.95344,37.50147],[139.95321,37.50173],[139.95321,37.50208],[139.95376,37.5028],[139.95336,37.50332],[139.95341,37.50383],[139.95363,37.50392],[139.95338,37.50428],[139.95227,37.5045],[139.95234,37.50422],[139.94757,37.50411],[139.94779,37.50494],[139.94738,37.50485],[139.94409,37.50538],[139.94453,37.50858],[139.94389,37.50866],[139.94384,37.50825],[139.94153,37.50846],[139.94212,37.5125],[139.94337,37.51186],[139.94473,37.51172],[139.94685,37.51053],[139.94836,37.51006],[139.94889,37.50968],[139.95107,37.5093],[139.95161,37.50793],[139.95204,37.50841],[139.9521,37.50877],[139.95186,37.50905],[139.95269,37.51099],[139.95259,37.51115],[139.95338,37.51637],[139.95284,37.51648],[139.95331,37.51717],[139.95324,37.51769],[139.95453,37.51757],[139.95451,37.51726],[139.95529,37.51721],[139.95537,37.51674],[139.95503,37.51668],[139.95504,37.51526],[139.95523,37.51508],[139.95725,37.51487],[139.95713,37.51546],[139.95789,37.51586],[139.95798,37.51606],[139.95787,37.51622],[139.95699,37.51646],[139.95687,37.51665],[139.95763,37.51691],[139.9573,37.51762],[139.95779,37.51801],[139.95758,37.5188],[139.95773,37.51897],[139.95799,37.51898],[139.95867,37.5185],[139.959,37.51862],[139.95931,37.51916],[139.96004,37.51898],[139.96022,37.5184],[139.95981,37.51724],[139.96028,37.51703],[139.96022,37.51625],[139.96038,37.51608],[139.96103,37.51634],[139.96143,37.5162],[139.96176,37.51627],[139.96191,37.51641],[139.96191,37.51677],[139.96164,37.51754],[139.96218,37.51762],[139.96258,37.51727],[139.96266,37.51696],[139.9636,37.51612],[139.96448,37.51407],[139.9648,37.51485],[139.96585,37.51399],[139.96659,37.51393],[139.9673,37.51411],[139.96964,37.51655],[139.97002,37.51736],[139.97003,37.51832],[139.97052,37.51893],[139.97079,37.51997],[139.97046,37.52077],[139.97095,37.52082],[139.97152,37.52114],[139.97228,37.52181],[139.9727,37.52258],[139.97308,37.52376],[139.97232,37.52469],[139.97278,37.52507],[139.97326,37.52491],[139.9736,37.52514],[139.9744,37.5252],[139.97515,37.52547],[139.9767,37.52563],[139.97707,37.52548]]]},"properties":{"key":"072020932","name":"一箕町大字八幡","pref":"福島県","prefCode":"07","municipality":"会津若松市","areaM2":6404846.459,"population":2100,"toponymIds":["07-7920e0f8ce"]}},{"type":"Feature","geometry":{"type":"Polygon","coordinates":[[[139.93008,37.52169],[139.93193,37.52154],[139.93178,37.51628],[139.93111,37.51276],[139.93018,37.51321],[139.93018,37.51307],[139.9296,37.51281],[139.92935,37.51174],[139.92917,37.51166],[139.92734,37.5116],[139.92703,37.51179],[139.92332,37.51118],[139.92153,37.51851],[139.92554,37.51905],[139.92708,37.51899],[139.92707,37.52163],[139.93008,37.52169]]]},"properties":{"key":"072020880","name":"町北町大字上荒久田","pref":"福島県","prefCode":"07","municipality":"会津若松市","areaM2":764637.871,"population":1934,"toponymIds":["07-db81deaae2"]}},{"type":"Feature","geometry":{"type":"Polygon","coordinates":[[[139.92588,37.52785],[139.93009,37.52161],[139.92707,37.52163],[139.92708,37.51899],[139.92554,37.51905],[139.92153,37.51851],[139.92253,37.51452],[139.91662,37.51369],[139.91622,37.51551],[139.9164,37.51553],[139.91594,37.5171],[139.91577,37.51713],[139.91574,37.51774],[139.91513,37.51766],[139.91484,37.51932],[139.9182,37.51978],[139.91773,37.52181],[139.91728,37.52262],[139.9165,37.52292],[139.91617,37.52333],[139.91632,37.52375],[139.91707,37.52424],[139.91649,37.52727],[139.91879,37.52657],[139.91914,37.52708],[139.91965,37.52741],[139.92006,37.52739],[139.92074,37.52701],[139.92033,37.52776],[139.92414,37.52913],[139.92502,37.52911],[139.92588,37.52785]]]},"properties":{"key":"072020892","name":"町北町大字始","pref":"福島県","prefCode":"07","municipality":"会津若松市","areaM2":1244614.489,"population":434,"toponymIds":["07-09d62786eb"]}},{"type":"Feature","geometry":{"type":"Polygon","coordinates":[[[139.90506,37.51318],[139.90586,37.51212],[139.90653,37.51234],[139.91265,37.51314],[139.91381,37.5079],[139.9158,37.50816],[139.91617,37.50649],[139.91086,37.50577],[139.91049,37.50583],[139.91009,37.50552],[139.90991,37.50554],[139.91011,37.50483],[139.91002,37.50401],[139.91085,37.50227],[139.91018,37.5032],[139.90983,37.50321],[139.90946,37.50388],[139.90953,37.50458],[139.90893,37.50463],[139.90325,37.50342],[139.90236,37.50634],[139.90121,37.50611],[139.89979,37.51069],[139.90337,37.5114],[139.90323,37.51187],[139.90372,37.51197],[139.90355,37.51248],[139.90469,37.51253],[139.90455,37.51295],[139.90506,37.51318]]]},"properties":{"key":"072021160","name":"神指町大字黒川","pref":"福島県","prefCode":"07","municipality":"会津若松市","areaM2":984614.385,"population":653,"toponymIds":["07-e7a6b701f7","07-94fbfd4b70","07-7de6b4d80f","07-14cc798526","07-9b097520a9"]}},{"type":"Feature","geometry":{"type":"Polygon","coordinates":[[[139.92183,37.45125],[139.92205,37.45097],[139.92404,37.45028],[139.92552,37.45034],[139.9261,37.45017],[139.92624,37.45048],[139.9271,37.45053],[139.92736,37.4508],[139.92765,37.45064],[139.92812,37.45078],[139.93091,37.44783],[139.93387,37.44378],[139.93583,37.44076],[139.93633,37.44024],[139.93782,37.43989],[139.93931,37.43933],[139.94027,37.43883],[139.94194,37.4375],[139.94323,37.43675],[139.94688,37.43624],[139.94836,37.43563],[139.94921,37.43548],[139.94956,37.43506],[139.95096,37.43474],[139.95453,37.43294],[139.95573,37.43182],[139.95705,37.43088],[139.9563,37.43004],[139.95605,37.42895],[139.95626,37.42823],[139.95656,37.42782],[139.95718,37.42738],[139.95813,37.42707],[139.95952,37.42618],[139.96044,37.42605],[139.96082,37.42576],[139.96294,37.4257],[139.96304,37.42551],[139.96377,37.42514],[139.96423,37.42439],[139.96517,37.42353],[139.96627,37.42196],[139.96731,37.42159],[139.969,37.42155],[139.96946,37.4207],[139.97107,37.41948],[139.96882,37.41922],[139.96436,37.41778],[139.96093,37.41606],[139.95727,37.41368],[139.955,37.4127],[139.95403,37.41203],[139.95301,37.41097],[139.95173,37.40907],[139.94996,37.40951],[139.94863,37.40964],[139.94686,37.41335],[139.94566,37.41438],[139.94345,37.41547],[139.93938,37.41606],[139.93757,37.41679],[139.93617,37.41766],[139.93392,37.41818],[139.93312,37.41927],[139.93286,37.41936],[139.9316,37.41942],[139.93013,37.41869],[139.92963,37.41822],[139.92894,37.41799],[139.92706,37.41853],[139.92707,37.41956],[139.92681,37.42017],[139.92707,37.42112],[139.92717,37.42264],[139.92698,37.42324],[139.92626,37.42339],[139.92599,37.42366],[139.92602,37.4242],[139.92567,37.42478],[139.9255,37.42545],[139.92484,37.42623],[139.92447,37.42694],[139.92397,37.42727],[139.92381,37.42803],[139.92302,37.42789],[139.92252,37.42813],[139.91936,37.43225],[139.91841,37.43276],[139.91725,37.43304],[139.91693,37.43257],[139.91498,37.4331],[139.91503,37.43348],[139.90815,37.43298],[139.9081,37.43426],[139.90786,37.43531],[139.90811,37.43663],[139.90789,37.44511],[139.90799,37.44804],[139.91652,37.44763],[139.91655,37.44832],[139.91685,37.44824],[139.91719,37.44867],[139.91826,37.4512],[139.92096,37.45109],[139.921,37.45133],[139.92183,37.45125]]]},"properties":{"key":"072021250","name":"門田町大字面川","pref":"福島県","prefCode":"07","municipality":"会津若松市","areaM2":11491342.765,"population":406,"toponymIds":["07-ce6bbc0356"]}},{"type":"Feature","geometry":{"type":"Polygon","coordinates":[[[139.90781,37.48348],[139.90777,37.48318],[139.90863,37.48322],[139.90878,37.48149],[139.9091,37.48107],[139.9095,37.47987],[139.90977,37.47962],[139.90993,37.47877],[139.90962,37.47869],[139.9096,37.47775],[139.90991,37.47774],[139.91052,37.47612],[139.91043,37.47557],[139.90936,37.47386],[139.9082,37.47274],[139.90953,37.47243],[139.90805,37.46997],[139.90839,37.46518],[139.90763,37.46485],[139.90745,37.46443],[139.90347,37.46343],[139.89711,37.48014],[139.90246,37.48138],[139.90239,37.48184],[139.90205,37.48228],[139.9028,37.4825],[139.90282,37.48299],[139.90382,37.48285],[139.90402,37.48171],[139.90478,37.48177],[139.90473,37.48223],[139.90592,37.48268],[139.90728,37.48344],[139.90767,37.48358],[139.90781,37.48348]]]},"properties":{"key":"072021222","name":"門田町大字飯寺","pref":"福島県","prefCode":"07","municipality":"会津若松市","areaM2":1593632.879,"population":5348,"toponymIds":["07-64998a42b1"]}},{"type":"Feature","geometry":{"type":"Polygon","coordinates":[[[139.94841,37.48364],[139.9498,37.48324],[139.95154,37.48202],[139.95343,37.47931],[139.95452,37.47815],[139.95631,37.47747],[139.95957,37.47571],[139.96015,37.47446],[139.96035,37.47212],[139.96058,37.47181],[139.96233,37.47102],[139.96251,37.46912],[139.9619,37.46843],[139.96185,37.46813],[139.96259,37.46739],[139.96268,37.46712],[139.96322,37.46693],[139.9652,37.46701],[139.96556,37.466],[139.9646,37.46471],[139.96449,37.46395],[139.96032,37.46375],[139.95517,37.46287],[139.95391,37.46287],[139.95207,37.46317],[139.95062,37.46369],[139.94981,37.46417],[139.94899,37.46596],[139.9469,37.4674],[139.94639,37.46756],[139.94516,37.4675],[139.9408,37.46703],[139.93947,37.46764],[139.93894,37.46817],[139.93813,37.46842],[139.93782,37.4691],[139.93727,37.46968],[139.93612,37.4703],[139.93451,37.47086],[139.93042,37.47137],[139.93082,37.47336],[139.93067,37.47338],[139.93099,37.47497],[139.93097,37.47569],[139.93122,37.47566],[139.93166,37.47771],[139.93423,37.47736],[139.93483,37.47877],[139.93557,37.47866],[139.93572,37.47887],[139.93763,37.47804],[139.93847,37.47789],[139.93953,37.47744],[139.93946,37.4779],[139.94025,37.47949],[139.94073,37.47934],[139.94091,37.47949],[139.94109,37.47992],[139.94091,37.48094],[139.94207,37.48243],[139.9419,37.48286],[139.94357,37.48351],[139.94382,37.48435],[139.94441,37.48451],[139.94473,37.48431],[139.94495,37.48357],[139.94541,37.48351],[139.94559,37.48396],[139.94525,37.48469],[139.94676,37.48499],[139.94719,37.48402],[139.94841,37.48364]]]},"properties":{"key":"072021280","name":"門田町大字黒岩","pref":"福島県","prefCode":"07","municipality":"会津若松市","areaM2":4091777.405,"population":2655,"toponymIds":["07-2901b2f664"]}},{"type":"Feature","geometry":{"type":"Polygon","coordinates":[[[139.95359,37.55043],[139.95392,37.55047],[139.95235,37.54945],[139.95355,37.5495],[139.95373,37.54905],[139.95314,37.54912],[139.95243,37.54856],[139.95143,37.54861],[139.95084,37.54847],[139.95067,37.54377],[139.95165,37.54374],[139.95185,37.54388],[139.95355,37.54296],[139.95429,37.54313],[139.95445,37.54343],[139.95462,37.54297],[139.95449,37.54251],[139.95392,37.54248],[139.95326,37.54279],[139.95284,37.54217],[139.95328,37.54208],[139.95362,37.5418],[139.95394,37.54183],[139.95443,37.54147],[139.95399,37.54108],[139.95392,37.54071],[139.9546,37.54057],[139.9552,37.54002],[139.95469,37.53936],[139.95383,37.53964],[139.95351,37.53952],[139.95388,37.53912],[139.9539,37.53871],[139.95426,37.53849],[139.9543,37.53796],[139.95496,37.53721],[139.95523,37.53662],[139.95665,37.53576],[139.95703,37.53527],[139.95712,37.53503],[139.95693,37.53467],[139.95651,37.53507],[139.95658,37.5355],[139.9564,37.53563],[139.95493,37.53581],[139.95356,37.53561],[139.95304,37.53612],[139.95206,37.53615],[139.9518,37.53646],[139.95186,37.53718],[139.95113,37.53721],[139.94955,37.53759],[139.94941,37.53704],[139.94975,37.53608],[139.94958,37.53233],[139.94905,37.53233],[139.94847,37.53274],[139.94561,37.53404],[139.94543,37.53431],[139.94507,37.53442],[139.94454,37.53512],[139.94397,37.53539],[139.94438,37.53489],[139.94433,37.53457],[139.94447,37.53458],[139.94452,37.5343],[139.94492,37.53403],[139.94504,37.53343],[139.94568,37.5328],[139.94558,37.53224],[139.94497,37.53178],[139.94536,37.53157],[139.94465,37.53062],[139.94419,37.53079],[139.94434,37.53231],[139.94368,37.53251],[139.94329,37.53332],[139.93674,37.53334],[139.93923,37.53639],[139.935,37.53858],[139.93275,37.53576],[139.93206,37.53543],[139.93125,37.54076],[139.93282,37.54094],[139.93247,37.54285],[139.93306,37.54293],[139.93287,37.54394],[139.93301,37.54405],[139.93249,37.54466],[139.93252,37.54523],[139.94373,37.5449],[139.94383,37.54452],[139.94432,37.54447],[139.94472,37.54677],[139.94795,37.54668],[139.94865,37.54731],[139.94939,37.54771],[139.94931,37.5481],[139.95018,37.54881],[139.95132,37.54923],[139.95113,37.5498],[139.95163,37.55091],[139.95199,37.55102],[139.95209,37.55133],[139.95291,37.55135],[139.95323,37.55067],[139.95359,37.55043]]]},"properties":{"key":"072021640","name":"河東町金田","pref":"福島県","prefCode":"07","municipality":"会津若松市","areaM2":2337719.011,"population":655,"toponymIds":["07-0219e35d8c"]}},{"type":"Feature","geometry":{"type":"Polygon","coordinates":[[[139.93145,37.53936],[139.93206,37.53543],[139.93275,37.53576],[139.935,37.53858],[139.93923,37.53639],[139.93674,37.53334],[139.94329,37.53332],[139.94368,37.53251],[139.94434,37.53231],[139.94419,37.53079],[139.9437,37.53097],[139.94343,37.53064],[139.94354,37.52923],[139.94229,37.52916],[139.94204,37.52926],[139.94199,37.52953],[139.94075,37.52954],[139.94074,37.53046],[139.94042,37.53052],[139.94041,37.53142],[139.93975,37.53143],[139.9387,37.53054],[139.93861,37.52864],[139.93806,37.52866],[139.93742,37.52808],[139.93622,37.52814],[139.93552,37.52794],[139.93501,37.52748],[139.93392,37.52738],[139.93352,37.52782],[139.93204,37.52875],[139.93136,37.52896],[139.92926,37.52893],[139.92802,37.53005],[139.92668,37.53022],[139.9245,37.53093],[139.92346,37.53165],[139.92247,37.53159],[139.92147,37.53178],[139.92052,37.53251],[139.9196,37.53265],[139.91799,37.53355],[139.91748,37.53424],[139.91648,37.53486],[139.91618,37.5356],[139.91861,37.53561],[139.92089,37.53588],[139.92242,37.53568],[139.92193,37.53753],[139.92847,37.5386],[139.92847,37.53891],[139.92885,37.53886],[139.92887,37.53914],[139.92941,37.53913],[139.92917,37.5405],[139.93125,37.54076],[139.93145,37.53936]]]},"properties":{"key":"072021630","name":"河東町倉橋","pref":"福島県","prefCode":"07","municipality":"会津若松市","areaM2":1724071.757,"population":267,"toponymIds":["07-ffa6f141a0","07-4df1576fc1","07-92d2aec5ec"]}},{"type":"Feature","geometry":{"type":"Polygon","coordinates":[[[139.93667,37.57492],[139.93684,37.57413],[139.93822,37.57363],[139.93863,37.5732],[139.93891,37.57274],[139.93912,37.57152],[139.93954,37.57112],[139.94044,37.57094],[139.94293,37.57134],[139.94353,37.57119],[139.94402,37.57081],[139.94442,37.57],[139.94496,37.56971],[139.94431,37.56663],[139.94216,37.56633],[139.94044,37.56581],[139.93956,37.56517],[139.93899,37.56436],[139.93884,37.56365],[139.93887,37.56233],[139.93844,37.5621],[139.93619,37.56222],[139.93536,37.56169],[139.93615,37.56028],[139.93558,37.56034],[139.92963,37.55771],[139.92452,37.5651],[139.92417,37.56598],[139.92621,37.56633],[139.92622,37.56644],[139.93109,37.56752],[139.92884,37.57406],[139.93059,37.57368],[139.93039,37.57487],[139.93225,37.5747],[139.93389,37.57484],[139.93604,37.57538],[139.93651,37.57524],[139.93667,37.57492]]]},"properties":{"key":"072021700","name":"河東町広野","pref":"福島県","prefCode":"07","municipality":"会津若松市","areaM2":1834763.409,"population":206,"toponymIds":["07-3903b43f98"]}},{"type":"Feature","geometry":{"type":"Polygon","coordinates":[[[139.92301,37.55697],[139.92418,37.55534],[139.92664,37.5564],[139.92809,37.55427],[139.92793,37.55243],[139.9296,37.55192],[139.92948,37.55171],[139.92968,37.55163],[139.92967,37.55113],[139.92924,37.55121],[139.92853,37.55034],[139.92858,37.55017],[139.92756,37.55009],[139.92787,37.54956],[139.92705,37.54921],[139.92513,37.54899],[139.92464,37.54871],[139.92513,37.54677],[139.9265,37.54707],[139.92671,37.54614],[139.92537,37.54592],[139.92561,37.54496],[139.92022,37.5441],[139.91951,37.5469],[139.91569,37.54627],[139.91541,37.54694],[139.91181,37.54607],[139.91158,37.54656],[139.90874,37.54588],[139.90798,37.5479],[139.90735,37.54862],[139.90678,37.54898],[139.90661,37.54942],[139.90887,37.54999],[139.90832,37.55137],[139.90947,37.55167],[139.90905,37.55265],[139.91034,37.55299],[139.90976,37.55439],[139.91066,37.55436],[139.91035,37.55551],[139.91082,37.55552],[139.91076,37.55567],[139.91122,37.55574],[139.91072,37.55645],[139.91604,37.55637],[139.91604,37.55658],[139.91916,37.55643],[139.92049,37.55607],[139.92067,37.55583],[139.92301,37.55697]]]},"properties":{"key":"072021760","name":"河東町郡山","pref":"福島県","prefCode":"07","municipality":"会津若松市","areaM2":1882019.597,"population":509,"toponymIds":["07-f10eec4cf8"]}},{"type":"Feature","geometry":{"type":"Polygon","coordinates":[[[139.94862,37.56966],[139.94941,37.5688],[139.94991,37.5685],[139.95025,37.56851],[139.95115,37.56932],[139.95177,37.56954],[139.95271,37.56931],[139.95377,37.56853],[139.95381,37.56837],[139.95338,37.56805],[139.95093,37.56724],[139.95071,37.56676],[139.95136,37.56624],[139.95225,37.56627],[139.95286,37.56657],[139.95345,37.56662],[139.95427,37.56639],[139.95496,37.56598],[139.95538,37.56516],[139.95531,37.56398],[139.95544,37.56343],[139.95583,37.56294],[139.95702,37.5623],[139.95707,37.56166],[139.9568,37.56009],[139.95716,37.55832],[139.95781,37.55781],[139.9609,37.55705],[139.95994,37.556],[139.95963,37.55546],[139.95948,37.55477],[139.95868,37.55388],[139.95766,37.55444],[139.955,37.55387],[139.95207,37.55426],[139.95228,37.55577],[139.95175,37.5557],[139.95132,37.55584],[139.9505,37.55645],[139.94966,37.55672],[139.94938,37.55704],[139.9481,37.55727],[139.94756,37.558],[139.94659,37.55796],[139.9462,37.55874],[139.94561,37.55935],[139.94589,37.55965],[139.94479,37.56008],[139.94379,37.56023],[139.94298,37.56008],[139.94133,37.55827],[139.93879,37.55844],[139.93726,37.55777],[139.93667,37.55863],[139.93379,37.5574],[139.93267,37.55904],[139.93558,37.56034],[139.93615,37.56028],[139.93535,37.56155],[139.93602,37.56219],[139.93844,37.5621],[139.93887,37.56233],[139.93884,37.56365],[139.93899,37.56436],[139.93996,37.56551],[139.94044,37.56581],[139.94216,37.56633],[139.94431,37.56663],[139.94496,37.56971],[139.946,37.5697],[139.94748,37.5701],[139.94822,37.56996],[139.94862,37.56966]]]},"properties":{"key":"072021670","name":"河東町東長原","pref":"福島県","prefCode":"07","municipality":"会津若松市","areaM2":2071085.466,"population":459,"toponymIds":["07-ab5ab1356f"]}},{"type":"Feature","geometry":{"type":"Polygon","coordinates":[[[139.91736,37.48741],[139.91812,37.48606],[139.91469,37.48635],[139.91477,37.48758],[139.91404,37.4876],[139.9142,37.4882],[139.9143,37.49108],[139.91582,37.491],[139.91654,37.49055],[139.91681,37.49007],[139.91694,37.4882],[139.91736,37.48741]]]},"properties":{"key":"072020470","name":"川原町","pref":"福島県","prefCode":"07","municipality":"会津若松市","areaM2":125928.652,"population":471,"toponymIds":["07-3a8c0dea3f"]}},{"type":"Feature","geometry":{"type":"Polygon","coordinates":[[[139.86254,37.5123],[139.86305,37.51043],[139.86536,37.51084],[139.86544,37.51058],[139.86502,37.5102],[139.86796,37.51034],[139.86828,37.50906],[139.87062,37.50945],[139.87249,37.50251],[139.87212,37.50248],[139.87217,37.50195],[139.87265,37.50177],[139.8735,37.49865],[139.86645,37.49746],[139.86574,37.50015],[139.85868,37.499],[139.85656,37.50711],[139.86127,37.5079],[139.86067,37.51006],[139.86034,37.51],[139.86003,37.51084],[139.86044,37.51095],[139.86,37.51252],[139.86254,37.5123]]]},"properties":{"key":"072021420","name":"北会津町下荒井","pref":"福島県","prefCode":"07","municipality":"会津若松市","areaM2":1555736.864,"population":369,"toponymIds":["07-152f75a7e8","07-16f14cbf12"]}},{"type":"Feature","geometry":{"type":"Polygon","coordinates":[[[139.8785,37.4982],[139.88063,37.49015],[139.87124,37.48857],[139.86878,37.49786],[139.87817,37.49943],[139.8785,37.4982]],[[139.8748,37.49539],[139.87505,37.49526],[139.87553,37.49553],[139.87527,37.49655],[139.87409,37.49639],[139.8743,37.4957],[139.8748,37.49539]]]},"properties":{"key":"072021501","name":"北会津町中荒井","pref":"福島県","prefCode":"07","municipality":"会津若松市","areaM2":882324.852,"population":153,"toponymIds":["07-de8fdf4dde"]}},{"type":"Feature","geometry":{"type":"Polygon","coordinates":[[[139.89063,37.47545],[139.89132,37.47287],[139.89251,37.47305],[139.8943,37.4663],[139.8872,37.46512],[139.88475,37.47445],[139.89063,37.47545]]]},"properties":{"key":"072021576","name":"北会津町東小松","pref":"福島県","prefCode":"07","municipality":"会津若松市","areaM2":648337.875,"population":575,"toponymIds":["07-149141c4cc","07-ac0b4a4f7e"]}},{"type":"Feature","geometry":{"type":"Polygon","coordinates":[[[139.8821,37.50009],[139.88222,37.49965],[139.88241,37.49956],[139.88807,37.50005],[139.88947,37.49502],[139.89095,37.4919],[139.88063,37.49015],[139.87817,37.49943],[139.8821,37.50009]]]},"properties":{"key":"072021502","name":"北会津町二日町","pref":"福島県","prefCode":"07","municipality":"会津若松市","areaM2":884886.759,"population":75,"toponymIds":["07-f4df841540"]}},{"type":"Feature","geometry":{"type":"Polygon","coordinates":[[[139.94093,37.47962],[139.94073,37.47934],[139.94025,37.47949],[139.93946,37.4779],[139.93958,37.47747],[139.93947,37.47743],[139.93572,37.47887],[139.93557,37.47866],[139.93483,37.47877],[139.93731,37.48238],[139.93816,37.48223],[139.93806,37.48178],[139.93877,37.48165],[139.93877,37.48128],[139.94091,37.48094],[139.94109,37.47992],[139.94093,37.47962]]]},"properties":{"key":"072021390","name":"北青木","pref":"福島県","prefCode":"07","municipality":"会津若松市","areaM2":161930.603,"population":694,"toponymIds":["07-e52f2f3753"]}},{"type":"Feature","geometry":{"type":"Polygon","coordinates":[[[139.9325,37.49741],[139.93223,37.4968],[139.93142,37.49702],[139.93102,37.49677],[139.93026,37.49691],[139.9318,37.50056],[139.93367,37.50004],[139.9325,37.49741]]]},"properties":{"key":"072020050","name":"馬場町","pref":"福島県","prefCode":"07","municipality":"会津若松市","areaM2":70413.038,"population":377,"toponymIds":["07-58e4e5e8cf"]}},{"type":"Feature","geometry":{"type":"Polygon","coordinates":[[[139.93372,37.50015],[139.93367,37.50004],[139.9318,37.50056],[139.93302,37.50333],[139.93485,37.50269],[139.93372,37.50015]]]},"properties":{"key":"072020040","name":"馬場本町","pref":"福島県","prefCode":"07","municipality":"会津若松市","areaM2":55910.978,"population":239,"toponymIds":["07-acddc083c6"]}},{"type":"Feature","geometry":{"type":"Polygon","coordinates":[[[139.93142,37.47659],[139.93122,37.47566],[139.92467,37.47651],[139.92511,37.47858],[139.93166,37.47771],[139.93142,37.47659]]]},"properties":{"key":"072021291","name":"古川町","pref":"福島県","prefCode":"07","municipality":"会津若松市","areaM2":135735.985,"population":679,"toponymIds":["07-74ed13e3f9"]}},{"type":"Feature","geometry":{"type":"Polygon","coordinates":[[[139.92708,37.4906],[139.92686,37.48943],[139.92405,37.48974],[139.92414,37.49031],[139.92323,37.49041],[139.92313,37.48984],[139.92292,37.48987],[139.92288,37.48964],[139.92242,37.48968],[139.92236,37.4893],[139.92085,37.48949],[139.92206,37.49239],[139.9273,37.49177],[139.92708,37.4906]]]},"properties":{"key":"072020330","name":"山鹿町","pref":"福島県","prefCode":"07","municipality":"会津若松市","areaM2":134715.866,"population":653,"toponymIds":["07-07e95b794a"]}},{"type":"Feature","geometry":{"type":"Polygon","coordinates":[[[140.40127,37.38361],[140.4014,37.38362],[140.40132,37.38385],[140.4015,37.38391],[140.40348,37.3826],[140.40373,37.38272],[140.40416,37.38237],[140.40399,37.38212],[140.4043,37.38169],[140.40471,37.38199],[140.40521,37.38169],[140.40518,37.38129],[140.40441,37.37933],[140.40428,37.37836],[140.40437,37.37741],[140.40379,37.37739],[140.40279,37.37427],[140.40173,37.37437],[140.4013,37.37238],[140.40026,37.37162],[140.39942,37.3724],[140.39915,37.37223],[140.39738,37.37379],[140.39781,37.3741],[140.39726,37.37486],[140.39702,37.37488],[140.3971,37.37545],[140.39674,37.3755],[140.39681,37.37597],[140.39713,37.37594],[140.39718,37.37645],[140.39631,37.37654],[140.39638,37.37704],[140.39618,37.37706],[140.39623,37.37757],[140.39573,37.37762],[140.3958,37.37811],[140.39544,37.37814],[140.39548,37.37861],[140.39499,37.37866],[140.39504,37.37911],[140.39435,37.37918],[140.39448,37.38015],[140.39397,37.38019],[140.3939,37.37976],[140.39357,37.37979],[140.39351,37.37938],[140.39272,37.37945],[140.39164,37.3801],[140.39707,37.38433],[140.39959,37.38593],[140.40065,37.38519],[140.40092,37.38407],[140.40127,37.38361]]]},"properties":{"key":"072030660","name":"字十貫河原","pref":"福島県","prefCode":"07","municipality":"郡山市","areaM2":946662.422,"population":208,"toponymIds":["07-d5a271fafc"]}},{"type":"Feature","geometry":{"type":"Polygon","coordinates":[[[140.39883,37.38672],[140.39959,37.38593],[140.39707,37.38433],[140.3938,37.38184],[140.39294,37.38242],[140.39337,37.38566],[140.39434,37.38612],[140.39556,37.38638],[140.39603,37.38633],[140.39625,37.38689],[140.39613,37.3874],[140.39862,37.38697],[140.39883,37.38672]]]},"properties":{"key":"072030670","name":"字古川","pref":"福島県","prefCode":"07","municipality":"郡山市","areaM2":176644.585,"population":476,"toponymIds":["07-699df83221"]}},{"type":"Feature","geometry":{"type":"Polygon","coordinates":[[[140.36542,37.37221],[140.36549,37.37277],[140.36535,37.37278],[140.36411,37.37451],[140.36418,37.37524],[140.3646,37.37596],[140.36425,37.37643],[140.36428,37.37688],[140.36334,37.37711],[140.36334,37.3776],[140.36606,37.37707],[140.36995,37.37687],[140.36986,37.37648],[140.37031,37.37629],[140.37033,37.37605],[140.37246,37.37506],[140.3724,37.37453],[140.36542,37.37221]]]},"properties":{"key":"072030740","name":"字名倉","pref":"福島県","prefCode":"07","municipality":"郡山市","areaM2":263149.467,"population":1668,"toponymIds":["07-5b8ee4dfe6"]}},{"type":"Feature","geometry":{"type":"Polygon","coordinates":[[[140.37902,37.37622],[140.37897,37.37599],[140.3787,37.37602],[140.37863,37.37558],[140.37904,37.37553],[140.37896,37.37504],[140.37959,37.37498],[140.37941,37.37357],[140.3792,37.37358],[140.37918,37.37342],[140.37861,37.37315],[140.37804,37.37314],[140.37792,37.37291],[140.37729,37.37293],[140.37598,37.37202],[140.37679,37.37567],[140.37701,37.37611],[140.37881,37.37668],[140.37876,37.37625],[140.37902,37.37622]]]},"properties":{"key":"072030700","name":"字深田台","pref":"福島県","prefCode":"07","municipality":"郡山市","areaM2":90563.678,"population":277,"toponymIds":["07-1d6052b228"]}},{"type":"Feature","geometry":{"type":"Polygon","coordinates":[[[140.36617,37.39942],[140.37193,37.39941],[140.37192,37.39689],[140.36937,37.39686],[140.36937,37.39809],[140.36449,37.39815],[140.36475,37.39945],[140.36617,37.39942]]]},"properties":{"key":"07203002001","name":"長者一丁目","pref":"福島県","prefCode":"07","municipality":"郡山市","areaM2":124932.145,"population":656,"toponymIds":["07-995465a14c"]}},{"type":"Feature","geometry":{"type":"Polygon","coordinates":[[[140.39057,37.40525],[140.39163,37.40508],[140.3926,37.40466],[140.39496,37.40317],[140.39612,37.40309],[140.39603,37.40002],[140.38948,37.40036],[140.39021,37.40401],[140.38992,37.40523],[140.39057,37.40525]]]},"properties":{"key":"072030510","name":"向河原町","pref":"福島県","prefCode":"07","municipality":"郡山市","areaM2":247621.141,"population":98,"toponymIds":["07-5ec29cb6d4"]}},{"type":"Feature","geometry":{"type":"Polygon","coordinates":[[[140.86526,36.96048],[140.86564,36.96014],[140.86694,36.96035],[140.86742,36.95991],[140.8672,36.95952],[140.8674,36.95927],[140.86901,36.95884],[140.86922,36.95837],[140.86993,36.95819],[140.87038,36.9577],[140.87111,36.95753],[140.87104,36.95737],[140.87215,36.95745],[140.87315,36.95618],[140.87423,36.95605],[140.87498,36.95568],[140.87696,36.95547],[140.87706,36.95522],[140.87772,36.95483],[140.8777,36.95448],[140.87824,36.95368],[140.87901,36.95322],[140.87666,36.95126],[140.87559,36.95099],[140.87278,36.95072],[140.87143,36.95031],[140.8693,36.94912],[140.86808,36.94792],[140.86752,36.94712],[140.86711,36.94601],[140.86718,36.94472],[140.86759,36.94334],[140.8684,36.94214],[140.8694,36.94105],[140.87052,36.94032],[140.8697,36.93982],[140.86874,36.94052],[140.86658,36.9407],[140.86531,36.94106],[140.86543,36.94127],[140.86424,36.94178],[140.86123,36.94401],[140.86053,36.94411],[140.85953,36.94391],[140.8577,36.94387],[140.85619,36.94408],[140.85576,36.94431],[140.85893,36.94669],[140.85845,36.94719],[140.85879,36.95471],[140.85755,36.95481],[140.8579,36.95645],[140.8576,36.9569],[140.86011,36.9595],[140.86081,36.96002],[140.86181,36.9603],[140.86301,36.96014],[140.86329,36.96063],[140.86473,36.96041],[140.86488,36.96068],[140.86526,36.96048]]]},"properties":{"key":"072040790","name":"泉町滝尻","pref":"福島県","prefCode":"07","municipality":"いわき市","areaM2":2313010.175,"population":5290,"toponymIds":["07-e475ca13e5"]}},{"type":"Feature","geometry":{"type":"Polygon","coordinates":[[[140.87805,36.97319],[140.87846,36.97292],[140.87898,36.97312],[140.87908,36.97225],[140.87888,36.97006],[140.87896,36.96941],[140.87926,36.96845],[140.87991,36.96742],[140.87767,36.96729],[140.87742,36.96715],[140.87734,36.96688],[140.87609,36.96674],[140.8762,36.96621],[140.87611,36.9658],[140.87558,36.96569],[140.87505,36.96535],[140.87473,36.96355],[140.87426,36.96356],[140.87374,36.96288],[140.8737,36.96171],[140.87412,36.96137],[140.87427,36.96039],[140.87258,36.96037],[140.87156,36.96003],[140.87139,36.95991],[140.87103,36.95886],[140.87033,36.95881],[140.86993,36.95819],[140.86922,36.95837],[140.86901,36.95884],[140.86838,36.95902],[140.86917,36.95946],[140.8696,36.95948],[140.87049,36.96012],[140.87106,36.96004],[140.87153,36.96121],[140.87168,36.96213],[140.87148,36.96253],[140.87081,36.96262],[140.87075,36.96326],[140.87095,36.96349],[140.87087,36.96449],[140.87166,36.96453],[140.87124,36.96712],[140.86657,36.96674],[140.86495,36.96612],[140.86458,36.96571],[140.86418,36.96571],[140.86399,36.96341],[140.86329,36.96063],[140.86301,36.96014],[140.86181,36.9603],[140.86081,36.96002],[140.86093,36.96038],[140.86028,36.96075],[140.86077,36.96124],[140.86005,36.96137],[140.86004,36.96156],[140.86049,36.96161],[140.86058,36.96189],[140.86085,36.96205],[140.86068,36.96216],[140.86073,36.96232],[140.8616,36.96223],[140.86201,36.96252],[140.86209,36.96303],[140.8618,36.9634],[140.86224,36.96386],[140.86251,36.96506],[140.86351,36.96535],[140.86342,36.96563],[140.86266,36.96539],[140.86183,36.96549],[140.86249,36.96625],[140.86305,36.9665],[140.86331,36.96634],[140.86305,36.96686],[140.86344,36.96724],[140.86325,36.96762],[140.86364,36.96821],[140.86365,36.96847],[140.86495,36.96867],[140.86553,36.96903],[140.86562,36.96965],[140.86626,36.96973],[140.86722,36.9695],[140.86827,36.96956],[140.86817,36.96985],[140.8683,36.9701],[140.8687,36.9704],[140.86946,36.97033],[140.87067,36.97078],[140.87304,36.9709],[140.87407,36.97117],[140.87499,36.97173],[140.87496,36.97219],[140.87542,36.97277],[140.87647,36.97319],[140.87678,36.97317],[140.87715,36.97412],[140.87779,36.97367],[140.87805,36.97319]]]},"properties":{"key":"072040782","name":"泉町本谷","pref":"福島県","prefCode":"07","municipality":"いわき市","areaM2":1023737.999,"population":775,"toponymIds":["07-00d93b7293"]}},{"type":"Feature","geometry":{"type":"Polygon","coordinates":[[[140.97597,37.00812],[140.97634,37.00814],[140.9766,37.00777],[140.97785,37.00742],[140.97822,37.00708],[140.97824,37.00663],[140.9788,37.00642],[140.97956,37.00647],[140.97987,37.00547],[140.97872,37.00538],[140.97987,37.00539],[140.98041,37.00443],[140.98028,37.00385],[140.979,37.00352],[140.97895,37.00367],[140.97733,37.00369],[140.97713,37.00283],[140.97678,37.00247],[140.97662,37.00258],[140.97641,37.00326],[140.97643,37.00572],[140.97609,37.00622],[140.97593,37.00617],[140.97567,37.00674],[140.97603,37.00693],[140.97602,37.00725],[140.97435,37.00706],[140.97418,37.00761],[140.97584,37.00827],[140.97597,37.00812]]]},"properties":{"key":"07204026101","name":"薄磯一丁目","pref":"福島県","prefCode":"07","municipality":"いわき市","areaM2":150350.308,"population":8,"toponymIds":["07-5e659cf081"]}},{"type":"Feature","geometry":{"type":"Polygon","coordinates":[[[140.80677,37.04035],[140.8071,37.04035],[140.80761,37.03945],[140.80977,37.03844],[140.80991,37.03811],[140.80976,37.03799],[140.80905,37.038],[140.80868,37.03781],[140.80858,37.03759],[140.81136,37.03626],[140.81255,37.03612],[140.81303,37.03576],[140.81321,37.03526],[140.81392,37.03552],[140.81524,37.03494],[140.81539,37.03518],[140.81581,37.03506],[140.81605,37.03408],[140.81691,37.03357],[140.81797,37.03325],[140.8186,37.03267],[140.82023,37.03305],[140.82157,37.03269],[140.82217,37.03281],[140.82303,37.03399],[140.82361,37.03401],[140.8243,37.03339],[140.82446,37.03342],[140.82473,37.03391],[140.82605,37.03472],[140.8265,37.03523],[140.82679,37.03618],[140.82805,37.03688],[140.8284,37.03686],[140.82886,37.03656],[140.82915,37.03661],[140.82993,37.03712],[140.83038,37.03701],[140.83068,37.03748],[140.83107,37.03754],[140.83111,37.03785],[140.83184,37.0373],[140.83271,37.03724],[140.83274,37.03745],[140.83298,37.03756],[140.83375,37.03708],[140.83449,37.03701],[140.83465,37.03744],[140.83504,37.03755],[140.83507,37.03797],[140.83539,37.03811],[140.83604,37.03796],[140.83623,37.03807],[140.83787,37.03766],[140.83836,37.03737],[140.83833,37.03703],[140.83896,37.03697],[140.83956,37.03668],[140.83989,37.0363],[140.8398,37.03546],[140.84017,37.03496],[140.84007,37.03449],[140.84018,37.03433],[140.84065,37.03394],[140.84279,37.03294],[140.84447,37.0337],[140.84451,37.03403],[140.84503,37.03408],[140.8465,37.03348],[140.84801,37.03346],[140.84903,37.03321],[140.85012,37.03338],[140.8509,37.0338],[140.85116,37.03365],[140.85186,37.03385],[140.85105,37.0334],[140.85035,37.0323],[140.85025,37.03203],[140.85054,37.0321],[140.85104,37.03179],[140.8521,37.03291],[140.85221,37.03267],[140.85175,37.03225],[140.85178,37.03167],[140.85042,37.03069],[140.84984,37.03],[140.84982,37.02918],[140.84955,37.02904],[140.85009,37.02829],[140.84942,37.02802],[140.8494,37.02775],[140.84866,37.02787],[140.84882,37.02713],[140.84857,37.02675],[140.84704,37.02565],[140.84682,37.02522],[140.84631,37.02515],[140.84599,37.02478],[140.84547,37.02489],[140.84481,37.0243],[140.84331,37.02425],[140.84237,37.02486],[140.84154,37.02563],[140.84068,37.02573],[140.83965,37.02649],[140.83869,37.02611],[140.83721,37.02615],[140.83663,37.02594],[140.83623,37.02604],[140.83608,37.02517],[140.8351,37.02492],[140.83385,37.02545],[140.83286,37.02531],[140.83229,37.02486],[140.83162,37.02487],[140.83121,37.02471],[140.83043,37.02491],[140.82967,37.0248],[140.82883,37.02356],[140.82856,37.02286],[140.82855,37.02228],[140.82719,37.02225],[140.82658,37.02202],[140.82549,37.02236],[140.82474,37.0228],[140.82418,37.02273],[140.82369,37.02288],[140.8214,37.02245],[140.81951,37.02245],[140.81754,37.02136],[140.81714,37.02125],[140.81693,37.02141],[140.81628,37.02141],[140.8159,37.02125],[140.81504,37.0215],[140.81471,37.02129],[140.8141,37.02175],[140.81364,37.02177],[140.81182,37.0224],[140.81121,37.02212],[140.81054,37.02211],[140.80915,37.02237],[140.80657,37.02255],[140.80321,37.02252],[140.80096,37.02307],[140.80035,37.02285],[140.79968,37.0229],[140.79714,37.02255],[140.79623,37.02373],[140.79418,37.02546],[140.794,37.02605],[140.79454,37.0266],[140.79451,37.02758],[140.79362,37.02875],[140.79326,37.02895],[140.79414,37.0296],[140.79567,37.02997],[140.79619,37.03038],[140.79668,37.03047],[140.79908,37.03217],[140.79961,37.03302],[140.80054,37.03369],[140.80246,37.03597],[140.80271,37.03674],[140.80379,37.03734],[140.80407,37.03777],[140.80482,37.03829],[140.8051,37.0388],[140.80495,37.03964],[140.80503,37.03985],[140.80557,37.03994],[140.80632,37.04042],[140.80677,37.04035]]]},"properties":{"key":"072041310","name":"内郷白水町","pref":"福島県","prefCode":"07","municipality":"いわき市","areaM2":6374413.438,"population":1278,"toponymIds":["07-6a662c8170"]}},{"type":"Feature","geometry":{"type":"Polygon","coordinates":[[[140.86793,37.04002],[140.86818,37.03978],[140.86932,37.03981],[140.86992,37.03936],[140.87043,37.03934],[140.87073,37.03755],[140.87058,37.03707],[140.87088,37.03649],[140.86893,37.03551],[140.86754,37.03533],[140.86643,37.03551],[140.86589,37.03521],[140.86511,37.03537],[140.86472,37.03506],[140.86424,37.03515],[140.86353,37.03489],[140.86342,37.03456],[140.86367,37.03383],[140.86355,37.03354],[140.86295,37.03298],[140.86249,37.03191],[140.8611,37.03101],[140.86134,37.03048],[140.86109,37.02995],[140.86181,37.02969],[140.86233,37.02968],[140.86185,37.02933],[140.8608,37.02902],[140.86039,37.02821],[140.8598,37.02756],[140.86025,37.02624],[140.86085,37.02595],[140.86156,37.02457],[140.86105,37.02416],[140.86138,37.02349],[140.86062,37.02265],[140.85971,37.02205],[140.85825,37.02203],[140.85799,37.02184],[140.85642,37.02201],[140.85554,37.02133],[140.85537,37.02076],[140.85462,37.02058],[140.85441,37.01992],[140.85284,37.01957],[140.85145,37.02049],[140.85122,37.02086],[140.85074,37.02113],[140.85038,37.02174],[140.85,37.02186],[140.84936,37.02261],[140.84948,37.02268],[140.8493,37.02336],[140.84949,37.02383],[140.84911,37.02434],[140.84875,37.02423],[140.84826,37.02331],[140.84788,37.02314],[140.84742,37.02335],[140.84682,37.02315],[140.84635,37.02319],[140.84615,37.02336],[140.84642,37.02359],[140.84638,37.02454],[140.84599,37.02478],[140.84631,37.02515],[140.84682,37.02522],[140.84704,37.02565],[140.84857,37.02675],[140.84882,37.02713],[140.84866,37.02787],[140.8494,37.02775],[140.84942,37.02802],[140.85009,37.02829],[140.84955,37.02904],[140.84982,37.02918],[140.84984,37.03],[140.85042,37.03069],[140.85178,37.03167],[140.85175,37.03225],[140.85221,37.03267],[140.8521,37.03291],[140.85104,37.03179],[140.85054,37.0321],[140.85025,37.03203],[140.85035,37.0323],[140.85105,37.0334],[140.85183,37.03374],[140.8524,37.03472],[140.85312,37.03518],[140.8533,37.03554],[140.85347,37.03708],[140.85442,37.03695],[140.85515,37.03812],[140.8556,37.03831],[140.85556,37.03861],[140.85618,37.03896],[140.85833,37.03937],[140.8585,37.03954],[140.85938,37.03954],[140.86146,37.04045],[140.86206,37.04052],[140.86205,37.03953],[140.8624,37.03915],[140.86543,37.04132],[140.86571,37.04107],[140.86704,37.04084],[140.86694,37.04053],[140.86763,37.0403],[140.86793,37.04002]]]},"properties":{"key":"072041340","name":"内郷綴町","pref":"福島県","prefCode":"07","municipality":"いわき市","areaM2":2381986.952,"population":3021,"toponymIds":["07-162e89bdf4","07-f692666fdd"]}},{"type":"Feature","geometry":{"type":"Polygon","coordinates":[[[140.86609,37.05669],[140.86624,37.05649],[140.86741,37.05641],[140.86917,37.05582],[140.87043,37.05579],[140.87052,37.05562],[140.87114,37.05548],[140.87247,37.05462],[140.8729,37.05472],[140.8733,37.05462],[140.8743,37.05516],[140.87576,37.05546],[140.87647,37.0554],[140.87789,37.05576],[140.87943,37.05565],[140.8796,37.0553],[140.88067,37.05508],[140.88131,37.05472],[140.88229,37.05349],[140.88128,37.05227],[140.87932,37.05293],[140.87869,37.0524],[140.87694,37.05251],[140.87646,37.05321],[140.87619,37.0542],[140.87601,37.05426],[140.87511,37.05403],[140.87464,37.05359],[140.8735,37.05328],[140.87336,37.05341],[140.87264,37.05312],[140.87129,37.05246],[140.87009,37.05151],[140.87002,37.05124],[140.87044,37.05081],[140.86855,37.04951],[140.86712,37.04687],[140.86661,37.04703],[140.86585,37.04757],[140.86477,37.04927],[140.86304,37.04852],[140.8623,37.04848],[140.86183,37.04873],[140.86192,37.04888],[140.86099,37.04919],[140.86047,37.04975],[140.85984,37.04985],[140.8595,37.04961],[140.85909,37.04996],[140.85789,37.05005],[140.85847,37.05078],[140.85727,37.05231],[140.85755,37.05262],[140.85882,37.05242],[140.8603,37.05294],[140.86037,37.05313],[140.85986,37.0539],[140.85823,37.0555],[140.85709,37.05628],[140.85756,37.05618],[140.8584,37.05647],[140.85993,37.05605],[140.86073,37.05605],[140.86114,37.05626],[140.86182,37.05591],[140.86205,37.05597],[140.86236,37.05637],[140.86285,37.05654],[140.86321,37.05654],[140.86361,37.05631],[140.86486,37.05685],[140.86609,37.05669]]]},"properties":{"key":"072041370","name":"内郷御台境町","pref":"福島県","prefCode":"07","municipality":"いわき市","areaM2":1113668.215,"population":2220,"toponymIds":["07-fd241afbdc"]}},{"type":"Feature","geometry":{"type":"Polygon","coordinates":[[[140.95142,36.97872],[140.95251,36.97847],[140.95416,36.97873],[140.95466,36.97798],[140.95488,36.97708],[140.95533,36.97704],[140.95588,36.9766],[140.95688,36.97654],[140.95789,36.97671],[140.9582,36.97622],[140.96118,36.97651],[140.96149,36.9769],[140.96195,36.97704],[140.96322,36.97684],[140.96504,36.97545],[140.96512,36.97478],[140.96582,36.97419],[140.9663,36.97353],[140.96822,36.97356],[140.96897,36.97324],[140.96954,36.97342],[140.9695,36.97315],[140.96914,36.97282],[140.96868,36.97306],[140.96805,36.97314],[140.96782,36.97293],[140.96812,36.97288],[140.96795,36.97267],[140.96643,36.97242],[140.96556,36.97212],[140.96567,36.97153],[140.96633,36.97156],[140.96732,36.97091],[140.9672,36.97076],[140.96672,36.9707],[140.96677,36.97048],[140.96718,36.97041],[140.96699,36.97013],[140.96715,36.97022],[140.96735,36.97004],[140.96631,36.9698],[140.96659,36.96974],[140.96641,36.96946],[140.96649,36.96932],[140.96605,36.96895],[140.96525,36.96893],[140.96481,36.96971],[140.96379,36.96984],[140.96247,36.96928],[140.9626,36.96899],[140.96227,36.96888],[140.96223,36.9687],[140.96207,36.9687],[140.96221,36.96888],[140.96182,36.96907],[140.96188,36.9693],[140.96132,36.96926],[140.96096,36.96885],[140.9613,36.96931],[140.96251,36.96941],[140.96272,36.96979],[140.96303,36.96986],[140.96296,36.97043],[140.96168,36.97048],[140.96103,36.96993],[140.96125,36.96976],[140.96109,36.9697],[140.95998,36.97057],[140.95874,36.96978],[140.95983,36.96773],[140.95941,36.96709],[140.95747,36.96584],[140.95772,36.96516],[140.95708,36.96535],[140.95584,36.96381],[140.95439,36.96445],[140.95398,36.9637],[140.95285,36.96419],[140.95279,36.96402],[140.95172,36.96365],[140.94979,36.96368],[140.94914,36.96449],[140.94961,36.9652],[140.94936,36.96572],[140.94903,36.96601],[140.94881,36.96578],[140.94819,36.96569],[140.94823,36.96639],[140.94769,36.96664],[140.94742,36.96695],[140.94731,36.96775],[140.94781,36.96818],[140.94694,36.96905],[140.94766,36.97026],[140.94721,36.97122],[140.94723,36.97179],[140.94661,36.97186],[140.94653,36.97217],[140.94594,36.97246],[140.94536,36.97315],[140.9459,36.97432],[140.94511,36.97508],[140.94504,36.97563],[140.94573,36.9763],[140.94589,36.97689],[140.9461,36.97709],[140.94717,36.97729],[140.94721,36.97765],[140.94744,36.97786],[140.94758,36.97888],[140.9488,36.97867],[140.94998,36.97898],[140.95142,36.97872]]]},"properties":{"key":"072040510","name":"江名","pref":"福島県","prefCode":"07","municipality":"いわき市","areaM2":2105789.889,"population":2461,"toponymIds":["07-f41d4d176a","07-7efe0a3c94","07-bb68d093ac"]}},{"type":"Feature","geometry":{"type":"Polygon","coordinates":[[[140.89031,37.22142],[140.89106,37.22114],[140.89144,37.2208],[140.89319,37.22111],[140.89471,37.22039],[140.89695,37.22015],[140.89724,37.22016],[140.89844,37.22137],[140.89913,37.22148],[140.89986,37.22133],[140.90089,37.22043],[140.90127,37.21945],[140.90227,37.21877],[140.90234,37.21737],[140.90313,37.21671],[140.90435,37.2164],[140.90452,37.21582],[140.90442,37.21495],[140.90405,37.21415],[140.90428,37.21385],[140.90502,37.21346],[140.90621,37.21342],[140.90673,37.21325],[140.90729,37.21256],[140.90765,37.21132],[140.90787,37.21107],[140.90861,37.21094],[140.90961,37.21024],[140.91073,37.21014],[140.91183,37.20894],[140.91321,37.20844],[140.9151,37.20828],[140.91599,37.20764],[140.91627,37.2071],[140.91572,37.20562],[140.91603,37.20397],[140.91597,37.20336],[140.91866,37.20336],[140.91963,37.20358],[140.92093,37.2036],[140.92254,37.20451],[140.92394,37.20428],[140.92442,37.20476],[140.9252,37.2046],[140.92572,37.204],[140.92633,37.20379],[140.92639,37.20354],[140.92623,37.20282],[140.92556,37.20236],[140.92541,37.20166],[140.9256,37.20122],[140.92636,37.20071],[140.92833,37.2003],[140.92843,37.19955],[140.92916,37.19886],[140.93066,37.19823],[140.93199,37.19861],[140.93305,37.19856],[140.93378,37.19802],[140.93526,37.19612],[140.93645,37.19527],[140.93699,37.195],[140.93784,37.19498],[140.93869,37.1943],[140.94063,37.19392],[140.94159,37.19305],[140.9428,37.19294],[140.94334,37.19258],[140.94481,37.19207],[140.9459,37.19115],[140.94642,37.19102],[140.94771,37.18993],[140.94893,37.18943],[140.94959,37.18843],[140.95026,37.18819],[140.95097,37.18769],[140.95359,37.18759],[140.95477,37.18785],[140.95518,37.18781],[140.95544,37.1875],[140.95576,37.18653],[140.9562,37.18612],[140.95689,37.18596],[140.95914,37.18386],[140.96091,37.18154],[140.96094,37.17882],[140.96154,37.17737],[140.96244,37.17649],[140.96376,37.17576],[140.96711,37.17535],[140.9683,37.17482],[140.9687,37.17485],[140.96911,37.17526],[140.96969,37.17532],[140.9704,37.17494],[140.97211,37.17456],[140.97293,37.17384],[140.97342,37.17217],[140.97419,37.17059],[140.97485,37.16859],[140.97558,37.16724],[140.97752,37.16434],[140.97964,37.16142],[140.98047,37.16059],[140.9818,37.15955],[140.98242,37.15947],[140.98278,37.15916],[140.98336,37.15913],[140.98362,37.1589],[140.98379,37.15801],[140.98446,37.15767],[140.98476,37.15719],[140.98447,37.157],[140.98468,37.15674],[140.98547,37.15658],[140.98723,37.15662],[140.98758,37.15635],[140.98843,37.15624],[140.98879,37.15596],[140.98885,37.15523],[140.98955,37.15434],[140.99084,37.15444],[140.99151,37.15408],[140.99217,37.15439],[140.9934,37.15446],[140.99413,37.15417],[140.9948,37.15414],[140.99509,37.15385],[140.99432,37.15328],[140.99452,37.1529],[140.99486,37.15252],[140.99627,37.15227],[140.99621,37.15169],[140.99551,37.15127],[140.99476,37.1512],[140.99408,37.15069],[140.99352,37.151],[140.99269,37.15086],[140.99191,37.15035],[140.99131,37.15026],[140.99128,37.14994],[140.99148,37.14967],[140.99132,37.14931],[140.99157,37.1492],[140.99163,37.14856],[140.99042,37.14844],[140.98954,37.14871],[140.9895,37.14857],[140.98875,37.14887],[140.98716,37.14837],[140.98634,37.14766],[140.98579,37.14742],[140.98509,37.14736],[140.98466,37.14754],[140.98464,37.14776],[140.98419,37.1477],[140.98387,37.14792],[140.98289,37.14719],[140.98253,37.14731],[140.98254,37.14747],[140.98234,37.14743],[140.98232,37.14772],[140.98065,37.14749],[140.98059,37.14775],[140.97992,37.1479],[140.97992,37.14808],[140.97949,37.14805],[140.97862,37.14838],[140.97774,37.14991],[140.9774,37.14994],[140.97714,37.14992],[140.9766,37.14925],[140.97494,37.14912],[140.97375,37.14932],[140.97329,37.14918],[140.97257,37.14745],[140.97203,37.14789],[140.97112,37.14755],[140.97057,37.14696],[140.97023,37.14689],[140.96906,37.14842],[140.96778,37.14953],[140.96774,37.14992],[140.96799,37.15078],[140.96749,37.15121],[140.96747,37.15178],[140.96419,37.15264],[140.96147,37.15363],[140.95963,37.15493],[140.95856,37.15523],[140.95602,37.1564],[140.95473,37.15751],[140.9521,37.15816],[140.95072,37.15888],[140.95,37.15984],[140.94937,37.16124],[140.94891,37.16403],[140.9469,37.16336],[140.94564,37.16236],[140.94358,37.16108],[140.94285,37.1608],[140.94184,37.16058],[140.94032,37.16106],[140.93865,37.16082],[140.93842,37.16074],[140.93841,37.16016],[140.93806,37.16006],[140.93596,37.16089],[140.93537,37.16069],[140.93463,37.16069],[140.93316,37.1614],[140.93219,37.16152],[140.92833,37.16087],[140.92674,37.16135],[140.92596,37.16185],[140.92305,37.16406],[140.92296,37.16457],[140.92259,37.16517],[140.92302,37.16628],[140.92279,37.1673],[140.92112,37.16936],[140.92049,37.16983],[140.91932,37.16956],[140.91875,37.16989],[140.91872,37.17008],[140.91941,37.17109],[140.91929,37.17212],[140.92004,37.17261],[140.91989,37.17287],[140.91935,37.1731],[140.91968,37.17378],[140.91836,37.17471],[140.91856,37.17509],[140.91922,37.175],[140.91943,37.17513],[140.91979,37.17611],[140.91942,37.17714],[140.91881,37.1777],[140.9148,37.1788],[140.91439,37.17917],[140.91412,37.18207],[140.91162,37.18646],[140.9115,37.1869],[140.91185,37.18825],[140.91109,37.19063],[140.91046,37.19355],[140.90907,37.19565],[140.90861,37.19604],[140.90708,37.19668],[140.90278,37.19701],[140.90062,37.19767],[140.89812,37.19899],[140.89626,37.19967],[140.89094,37.20073],[140.8881,37.20182],[140.88279,37.20492],[140.88076,37.20588],[140.87981,37.20672],[140.87959,37.20766],[140.8797,37.20987],[140.87947,37.21079],[140.87765,37.21375],[140.87741,37.2151],[140.87729,37.21745],[140.87555,37.21903],[140.87513,37.22075],[140.87721,37.22154],[140.8805,37.22092],[140.88184,37.22101],[140.8824,37.22071],[140.88315,37.22063],[140.88552,37.22135],[140.88807,37.22153],[140.88906,37.22133],[140.88981,37.22176],[140.89031,37.22142]]]},"properties":{"key":"072042130","name":"大久町大久","pref":"福島県","prefCode":"07","municipality":"いわき市","areaM2":27087258.982,"population":1043,"toponymIds":["07-0a03367ae4"]}},{"type":"Feature","geometry":{"type":"Polygon","coordinates":[[[140.97341,37.13894],[140.97417,37.13918],[140.97466,37.13915],[140.9739,37.13859],[140.97432,37.13798],[140.97504,37.13801],[140.97548,37.1382],[140.97566,37.13805],[140.97565,37.1379],[140.97363,37.13673],[140.97386,37.13636],[140.97409,37.13462],[140.97431,37.13415],[140.97421,37.13383],[140.97445,37.13346],[140.97395,37.13283],[140.97304,37.13244],[140.97264,37.13203],[140.97228,37.1313],[140.97172,37.13076],[140.97161,37.12978],[140.97061,37.12845],[140.96921,37.12769],[140.96877,37.12811],[140.96836,37.12762],[140.96672,37.12772],[140.96569,37.12798],[140.96455,37.12889],[140.95962,37.13036],[140.95785,37.13286],[140.95566,37.13384],[140.95458,37.13497],[140.95354,37.13911],[140.95291,37.13998],[140.95182,37.14066],[140.95034,37.14099],[140.94897,37.14189],[140.95006,37.14268],[140.95196,37.14353],[140.95398,37.14381],[140.95499,37.14379],[140.95551,37.14365],[140.95606,37.14323],[140.95625,37.1428],[140.95635,37.1414],[140.95654,37.14107],[140.95828,37.14084],[140.96031,37.13981],[140.96261,37.1394],[140.96534,37.13845],[140.96788,37.13812],[140.97172,37.13832],[140.97341,37.13894]]]},"properties":{"key":"072042150","name":"大久町小山田","pref":"福島県","prefCode":"07","municipality":"いわき市","areaM2":1970941.923,"population":47,"toponymIds":["07-069837cbff"]}},{"type":"Feature","geometry":{"type":"Polygon","coordinates":[[[140.94937,37.16124],[140.95034,37.15929],[140.9511,37.15862],[140.95258,37.158],[140.95473,37.15751],[140.95602,37.1564],[140.95856,37.15523],[140.95963,37.15493],[140.96147,37.15363],[140.96419,37.15264],[140.96747,37.15178],[140.96749,37.15121],[140.96799,37.15078],[140.96774,37.14992],[140.96778,37.14953],[140.96906,37.14842],[140.97023,37.14689],[140.97057,37.14696],[140.97112,37.14755],[140.97203,37.14789],[140.97257,37.14745],[140.97329,37.14918],[140.97375,37.14932],[140.97494,37.14912],[140.9766,37.14925],[140.97714,37.14992],[140.9774,37.14994],[140.97774,37.14991],[140.97862,37.14838],[140.97949,37.14805],[140.97992,37.14808],[140.97992,37.1479],[140.98059,37.14775],[140.98065,37.14749],[140.98087,37.14749],[140.98102,37.147],[140.98084,37.14654],[140.98101,37.14606],[140.98206,37.14617],[140.98221,37.14578],[140.98298,37.1455],[140.98391,37.14561],[140.98455,37.14596],[140.98432,37.14632],[140.98377,37.14624],[140.98332,37.14667],[140.98319,37.14712],[140.98399,37.14732],[140.98412,37.14689],[140.9849,37.147],[140.98534,37.14666],[140.98584,37.1468],[140.98612,37.14663],[140.98629,37.14679],[140.98729,37.1466],[140.98777,37.14671],[140.98785,37.14592],[140.98772,37.14577],[140.98702,37.14596],[140.98663,37.14564],[140.98557,37.14572],[140.98623,37.14543],[140.98621,37.14512],[140.98672,37.14496],[140.98672,37.14471],[140.98795,37.14467],[140.98812,37.14539],[140.98894,37.14565],[140.98991,37.14564],[140.99092,37.14519],[140.99181,37.14522],[140.99221,37.14473],[140.99208,37.14427],[140.99224,37.14422],[140.99223,37.14387],[140.99199,37.14363],[140.99201,37.14302],[140.99131,37.143],[140.99113,37.14263],[140.99028,37.14282],[140.98971,37.14162],[140.9901,37.14055],[140.99061,37.14052],[140.99089,37.14011],[140.99082,37.13954],[140.9902,37.13869],[140.99012,37.13794],[140.99018,37.13648],[140.99059,37.13603],[140.98987,37.13591],[140.98967,37.13573],[140.9897,37.13551],[140.99026,37.13555],[140.98989,37.13526],[140.98979,37.13492],[140.9904,37.13463],[140.9903,37.13444],[140.99046,37.13414],[140.99049,37.13347],[140.99088,37.13296],[140.99093,37.13263],[140.99145,37.13229],[140.99123,37.13218],[140.991,37.13243],[140.9908,37.13241],[140.99104,37.13131],[140.9904,37.1313],[140.99014,37.13161],[140.98986,37.13167],[140.98954,37.13156],[140.9894,37.132],[140.98851,37.13295],[140.98736,37.13276],[140.98637,37.13197],[140.98649,37.13137],[140.98697,37.13082],[140.98689,37.13061],[140.98575,37.13029],[140.98575,37.13101],[140.98517,37.13154],[140.98404,37.13108],[140.98291,37.13024],[140.98308,37.13004],[140.98295,37.1299],[140.98228,37.1296],[140.98197,37.12876],[140.98122,37.12895],[140.98061,37.12843],[140.97988,37.1282],[140.97961,37.12753],[140.97966,37.12722],[140.97934,37.12608],[140.97891,37.12617],[140.97876,37.1266],[140.97743,37.12722],[140.97547,37.12738],[140.97478,37.12829],[140.9728,37.12923],[140.97203,37.12869],[140.9714,37.12869],[140.97105,37.12888],[140.97161,37.12978],[140.97172,37.13076],[140.97228,37.1313],[140.97264,37.13203],[140.97304,37.13244],[140.97395,37.13283],[140.97445,37.13346],[140.97421,37.13383],[140.97431,37.13415],[140.97409,37.13462],[140.97386,37.13636],[140.97363,37.13673],[140.97565,37.1379],[140.97566,37.13805],[140.97548,37.1382],[140.97504,37.13801],[140.97432,37.13798],[140.9739,37.13859],[140.97466,37.13915],[140.97379,37.13909],[140.97172,37.13832],[140.96788,37.13812],[140.96574,37.13834],[140.96261,37.1394],[140.96031,37.13981],[140.95828,37.14084],[140.95654,37.14107],[140.95635,37.1414],[140.95625,37.1428],[140.95606,37.14323],[140.95551,37.14365],[140.95499,37.14379],[140.95398,37.14381],[140.95196,37.14353],[140.95006,37.14268],[140.94897,37.14189],[140.94859,37.14232],[140.94768,37.14416],[140.94704,37.14481],[140.94482,37.14649],[140.94192,37.15049],[140.93969,37.15149],[140.93764,37.15211],[140.93269,37.15209],[140.93166,37.15225],[140.93032,37.15282],[140.92847,37.15426],[140.92758,37.15516],[140.92635,37.15748],[140.92598,37.15788],[140.92415,37.15898],[140.92314,37.16004],[140.92288,37.16158],[140.92305,37.16406],[140.92674,37.16135],[140.92791,37.16097],[140.92872,37.16089],[140.9299,37.16122],[140.93219,37.16152],[140.93316,37.1614],[140.93463,37.16069],[140.93537,37.16069],[140.93596,37.16089],[140.93806,37.16006],[140.93841,37.16016],[140.93842,37.16074],[140.93865,37.16082],[140.94032,37.16106],[140.94184,37.16058],[140.94285,37.1608],[140.94358,37.16108],[140.94564,37.16236],[140.9469,37.16336],[140.94891,37.16403],[140.94937,37.16124]]]},"properties":{"key":"072042140","name":"大久町小久","pref":"福島県","prefCode":"07","municipality":"いわき市","areaM2":8774061.491,"population":376,"toponymIds":["07-acbc108f0c"]}},{"type":"Feature","geometry":{"type":"Polygon","coordinates":[[[140.8834,37.1355],[140.88292,37.13516],[140.88338,37.13465],[140.88361,37.13392],[140.88269,37.13285],[140.88272,37.13261],[140.88314,37.13217],[140.88363,37.13093],[140.88323,37.13079],[140.88278,37.13005],[140.88275,37.12887],[140.88246,37.12819],[140.88273,37.1276],[140.88107,37.1267],[140.87981,37.12647],[140.87875,37.12586],[140.87851,37.12517],[140.87794,37.12487],[140.87715,37.12475],[140.87658,37.12382],[140.87572,37.12317],[140.87616,37.1226],[140.87522,37.12282],[140.87451,37.12243],[140.87386,37.12247],[140.87292,37.12208],[140.87143,37.12217],[140.87178,37.12324],[140.87177,37.12363],[140.87119,37.12598],[140.87094,37.12635],[140.86845,37.12713],[140.86545,37.12766],[140.86501,37.12784],[140.86419,37.12896],[140.86258,37.12914],[140.85902,37.12777],[140.85871,37.12871],[140.85792,37.1288],[140.85672,37.12869],[140.85671,37.12903],[140.85619,37.12931],[140.85695,37.13065],[140.85824,37.13051],[140.86165,37.133],[140.86184,37.13482],[140.86262,37.13567],[140.86274,37.13565],[140.86285,37.13504],[140.86333,37.13493],[140.86357,37.13523],[140.86376,37.13521],[140.86377,37.13479],[140.8641,37.13454],[140.86769,37.13461],[140.86827,37.13508],[140.8691,37.13531],[140.86981,37.13511],[140.87037,37.13464],[140.87075,37.13468],[140.87131,37.13522],[140.872,37.13501],[140.87246,37.13542],[140.87462,37.13571],[140.87946,37.1374],[140.88085,37.13778],[140.88254,37.1379],[140.88382,37.13782],[140.88388,37.13719],[140.88333,37.137],[140.88264,37.1362],[140.88279,37.13596],[140.88271,37.13579],[140.88312,37.13576],[140.8834,37.1355]]]},"properties":{"key":"072041700","name":"小川町上平","pref":"福島県","prefCode":"07","municipality":"いわき市","areaM2":2216505.893,"population":518,"toponymIds":["07-6b8300f7ce"]}},{"type":"Feature","geometry":{"type":"Polygon","coordinates":[[[140.88489,37.12111],[140.88639,37.12112],[140.88725,37.12069],[140.88728,37.12009],[140.88689,37.1189],[140.88688,37.11811],[140.88696,37.11785],[140.88795,37.11762],[140.88911,37.11676],[140.88923,37.11646],[140.88888,37.11583],[140.88894,37.11551],[140.88857,37.11529],[140.88842,37.11484],[140.88807,37.11449],[140.88707,37.11415],[140.88597,37.11454],[140.88522,37.11544],[140.88445,37.115],[140.88271,37.11464],[140.88191,37.11567],[140.88132,37.11606],[140.87861,37.11579],[140.87868,37.1155],[140.87847,37.11456],[140.87877,37.11439],[140.87929,37.11298],[140.87885,37.11236],[140.87912,37.11184],[140.87837,37.11107],[140.87825,37.11064],[140.87838,37.11025],[140.87787,37.10991],[140.87821,37.10929],[140.87791,37.10886],[140.87787,37.1085],[140.87912,37.10745],[140.88066,37.10745],[140.88048,37.10694],[140.87951,37.10642],[140.879,37.10651],[140.87834,37.10586],[140.87769,37.10574],[140.87738,37.10521],[140.87633,37.10518],[140.87624,37.10466],[140.87643,37.1041],[140.87623,37.10377],[140.87449,37.10387],[140.87432,37.10364],[140.87391,37.10357],[140.87279,37.10121],[140.87276,37.09988],[140.87252,37.09877],[140.87195,37.09882],[140.87179,37.09829],[140.8712,37.09741],[140.87055,37.0974],[140.86997,37.09715],[140.86728,37.09745],[140.86671,37.0985],[140.86631,37.09875],[140.86598,37.09864],[140.86606,37.09886],[140.86496,37.09933],[140.86426,37.09936],[140.86347,37.09905],[140.86158,37.09905],[140.86136,37.09942],[140.86276,37.09961],[140.86322,37.10061],[140.86415,37.10064],[140.86482,37.10098],[140.86501,37.10134],[140.86536,37.10123],[140.86526,37.10198],[140.86537,37.10333],[140.86521,37.10355],[140.86422,37.10393],[140.86316,37.10461],[140.86269,37.1054],[140.86304,37.10716],[140.86407,37.10809],[140.86439,37.1087],[140.86418,37.10969],[140.86363,37.11073],[140.86333,37.11362],[140.86298,37.11413],[140.861,37.11498],[140.86019,37.11551],[140.86083,37.11568],[140.86156,37.11564],[140.86256,37.11502],[140.86615,37.11478],[140.8686,37.11406],[140.8693,37.11367],[140.8696,37.11372],[140.87375,37.11506],[140.87403,37.11578],[140.87427,37.11592],[140.87679,37.11625],[140.87811,37.11714],[140.87897,37.11796],[140.87912,37.11829],[140.87905,37.11927],[140.88153,37.11991],[140.88489,37.12111]]]},"properties":{"key":"072041680","name":"小川町下小川","pref":"福島県","prefCode":"07","municipality":"いわき市","areaM2":2638848.747,"population":352,"toponymIds":["07-43542bdfc9","07-aa05da47c2"]}},{"type":"Feature","geometry":{"type":"Polygon","coordinates":[[[140.88418,37.12646],[140.88453,37.12598],[140.88445,37.12527],[140.88314,37.1241],[140.88259,37.12229],[140.88301,37.12187],[140.8847,37.12115],[140.88153,37.11991],[140.87905,37.11927],[140.87912,37.11829],[140.87897,37.11796],[140.87811,37.11714],[140.87679,37.11625],[140.87427,37.11592],[140.87403,37.11578],[140.87375,37.11506],[140.8693,37.11367],[140.8686,37.11406],[140.86615,37.11478],[140.86256,37.11502],[140.86156,37.11564],[140.86083,37.11568],[140.86019,37.11551],[140.8603,37.11631],[140.86073,37.11712],[140.86188,37.11805],[140.86253,37.11832],[140.86374,37.11847],[140.86748,37.11855],[140.86912,37.11888],[140.87039,37.11971],[140.87088,37.12051],[140.87143,37.12217],[140.87292,37.12208],[140.87386,37.12247],[140.87451,37.12243],[140.87522,37.12282],[140.87616,37.1226],[140.87572,37.12317],[140.87658,37.12382],[140.87712,37.12472],[140.87794,37.12487],[140.87851,37.12517],[140.87875,37.12586],[140.87981,37.12647],[140.88107,37.1267],[140.88273,37.1276],[140.88281,37.12737],[140.88418,37.12646]]]},"properties":{"key":"072041690","name":"小川町関場","pref":"福島県","prefCode":"07","municipality":"いわき市","areaM2":1307740.987,"population":152,"toponymIds":["07-7a048cd999"]}},{"type":"Feature","geometry":{"type":"Polygon","coordinates":[[[140.83165,37.12981],[140.8325,37.13001],[140.83389,37.12956],[140.83478,37.12871],[140.83609,37.1289],[140.83772,37.12845],[140.83987,37.12856],[140.84317,37.12808],[140.84493,37.12826],[140.84564,37.12811],[140.84699,37.12817],[140.84764,37.12797],[140.84759,37.12786],[140.85017,37.12746],[140.85077,37.12711],[140.85387,37.12677],[140.85361,37.12755],[140.85441,37.12784],[140.8548,37.12747],[140.85562,37.1272],[140.85767,37.12736],[140.86258,37.12914],[140.86419,37.12896],[140.86501,37.12784],[140.86454,37.12769],[140.8643,37.1265],[140.86297,37.12546],[140.86288,37.1234],[140.85835,37.12304],[140.85529,37.12364],[140.85407,37.12418],[140.85278,37.12504],[140.85075,37.12526],[140.84914,37.12564],[140.84726,37.12515],[140.84608,37.12524],[140.84466,37.12513],[140.84395,37.12534],[140.8433,37.12588],[140.84283,37.12679],[140.84234,37.12727],[140.8396,37.12734],[140.83886,37.12722],[140.83776,37.12659],[140.83599,37.12695],[140.83457,37.12643],[140.83187,37.12602],[140.83137,37.12557],[140.83046,37.12548],[140.83026,37.12498],[140.82955,37.12479],[140.82928,37.12417],[140.82952,37.1239],[140.82943,37.12358],[140.82721,37.12349],[140.82624,37.12376],[140.82525,37.12359],[140.82521,37.12281],[140.82499,37.12239],[140.82386,37.12164],[140.82351,37.12317],[140.8235,37.12637],[140.82357,37.12863],[140.82386,37.12975],[140.82481,37.12988],[140.82612,37.12965],[140.8304,37.1297],[140.83099,37.12975],[140.83129,37.13016],[140.83149,37.13021],[140.83165,37.12981]]]},"properties":{"key":"072041750","name":"小川町高萩","pref":"福島県","prefCode":"07","municipality":"いわき市","areaM2":1414923.256,"population":1390,"toponymIds":["07-8b85cf3ba6","07-fdde1ce984"]}},{"type":"Feature","geometry":{"type":"Polygon","coordinates":[[[140.81954,37.14739],[140.82087,37.14738],[140.82127,37.14703],[140.82208,37.1473],[140.82248,37.14655],[140.82452,37.14402],[140.82656,37.14187],[140.82747,37.14052],[140.82878,37.13819],[140.82906,37.13682],[140.82881,37.13535],[140.82405,37.1303],[140.8239,37.1299],[140.82357,37.12863],[140.8235,37.12637],[140.82351,37.12317],[140.82386,37.12164],[140.82499,37.12239],[140.82521,37.12281],[140.82525,37.12359],[140.82624,37.12376],[140.82721,37.12349],[140.82943,37.12358],[140.82952,37.1239],[140.82928,37.12417],[140.82955,37.12479],[140.83026,37.12498],[140.83046,37.12548],[140.83137,37.12557],[140.83187,37.12602],[140.83457,37.12643],[140.83599,37.12695],[140.83776,37.12659],[140.83886,37.12722],[140.8396,37.12734],[140.84234,37.12727],[140.84283,37.12679],[140.8433,37.12588],[140.84395,37.12534],[140.84466,37.12513],[140.84608,37.12524],[140.84726,37.12515],[140.84914,37.12564],[140.85075,37.12526],[140.85278,37.12504],[140.85407,37.12418],[140.85529,37.12364],[140.85835,37.12304],[140.86288,37.1234],[140.8655,37.12295],[140.86727,37.12286],[140.86778,37.12257],[140.86819,37.12176],[140.86825,37.12069],[140.86701,37.11892],[140.86662,37.1186],[140.86374,37.11847],[140.86253,37.11832],[140.86188,37.11805],[140.86073,37.11712],[140.8603,37.11631],[140.86021,37.11579],[140.86019,37.11551],[140.861,37.11498],[140.86298,37.11413],[140.86333,37.11362],[140.86363,37.11073],[140.86418,37.10969],[140.86439,37.1087],[140.86407,37.10809],[140.86304,37.10716],[140.86269,37.1054],[140.86316,37.10461],[140.86422,37.10393],[140.86521,37.10355],[140.86537,37.10333],[140.86526,37.10198],[140.86536,37.10123],[140.86501,37.10134],[140.86482,37.10098],[140.86415,37.10064],[140.86322,37.10061],[140.86276,37.09961],[140.85996,37.09933],[140.85968,37.09909],[140.85986,37.09843],[140.85879,37.09862],[140.85734,37.09905],[140.85641,37.09912],[140.85561,37.09985],[140.85557,37.10011],[140.85257,37.10135],[140.8513,37.10072],[140.85077,37.10086],[140.84828,37.10086],[140.84793,37.10113],[140.84788,37.10165],[140.84741,37.10176],[140.84742,37.10231],[140.84669,37.10241],[140.84616,37.10376],[140.8449,37.10429],[140.83598,37.10699],[140.83383,37.10734],[140.83112,37.10738],[140.83076,37.10751],[140.82661,37.10752],[140.82648,37.10726],[140.82569,37.10668],[140.82324,37.10577],[140.82282,37.10528],[140.81967,37.10551],[140.81803,37.10538],[140.81718,37.10516],[140.81645,37.10542],[140.81574,37.10514],[140.815,37.10508],[140.81392,37.10528],[140.81335,37.10525],[140.81315,37.10509],[140.81264,37.10525],[140.81204,37.10492],[140.8102,37.10483],[140.80941,37.10442],[140.80842,37.10486],[140.80793,37.10489],[140.80711,37.10449],[140.80649,37.1044],[140.80741,37.10804],[140.80903,37.10913],[140.80958,37.10933],[140.80949,37.10949],[140.80891,37.10968],[140.80843,37.11046],[140.80818,37.11165],[140.80735,37.1136],[140.80608,37.11465],[140.80482,37.11511],[140.80354,37.11537],[140.80272,37.11575],[140.80179,37.11658],[140.80067,37.11701],[140.80064,37.11786],[140.80084,37.11881],[140.80033,37.121],[140.80031,37.12193],[140.80048,37.12274],[140.80096,37.12408],[140.80142,37.12451],[140.80289,37.12513],[140.80728,37.12593],[140.80758,37.12694],[140.80735,37.12732],[140.80637,37.12794],[140.80617,37.12848],[140.80632,37.12878],[140.80773,37.129],[140.80919,37.12884],[140.81071,37.12838],[140.81212,37.12893],[140.81355,37.12904],[140.81412,37.12923],[140.81543,37.12905],[140.81464,37.12956],[140.81403,37.13047],[140.81394,37.13094],[140.81422,37.13196],[140.81445,37.13229],[140.81486,37.1325],[140.81647,37.13272],[140.81734,37.13313],[140.81751,37.13405],[140.818,37.13495],[140.81941,37.13671],[140.81991,37.13917],[140.81966,37.13991],[140.81917,37.14058],[140.81739,37.14166],[140.81636,37.14283],[140.81654,37.14404],[140.81701,37.14475],[140.81716,37.14534],[140.81775,37.14584],[140.81803,37.14714],[140.81856,37.14738],[140.81954,37.14739]]]},"properties":{"key":"072041770","name":"小川町西小川","pref":"福島県","prefCode":"07","municipality":"いわき市","areaM2":14521811.032,"population":1025,"toponymIds":["07-0186256411","07-05ec7ae6cf"]}},{"type":"Feature","geometry":{"type":"Polygon","coordinates":[[[140.86671,37.12746],[140.86845,37.12713],[140.87094,37.12635],[140.87119,37.12598],[140.87177,37.12363],[140.87178,37.12324],[140.87088,37.12051],[140.87039,37.11971],[140.86912,37.11888],[140.86802,37.11859],[140.86662,37.1186],[140.86701,37.11892],[140.86825,37.12069],[140.86819,37.12176],[140.86778,37.12257],[140.86727,37.12286],[140.8655,37.12295],[140.86288,37.1234],[140.86297,37.12546],[140.8643,37.1265],[140.86454,37.12769],[140.86501,37.12784],[140.86671,37.12746]]]},"properties":{"key":"072041760","name":"小川町三島","pref":"福島県","prefCode":"07","municipality":"いわき市","areaM2":459467.958,"population":141,"toponymIds":["07-86e1282af6"]}},{"type":"Feature","geometry":{"type":"Polygon","coordinates":[[[140.89091,36.9715],[140.89099,36.9712],[140.89233,36.97119],[140.89297,36.9713],[140.89353,36.9716],[140.89401,36.97156],[140.89443,36.97096],[140.89431,36.97068],[140.89447,36.97016],[140.89512,36.96964],[140.89598,36.96931],[140.89543,36.96858],[140.89598,36.96649],[140.89847,36.9664],[140.8975,36.965],[140.89683,36.96476],[140.89607,36.96393],[140.89695,36.96334],[140.89698,36.96276],[140.89742,36.96247],[140.89784,36.96067],[140.89738,36.96041],[140.89683,36.96096],[140.89684,36.95998],[140.89638,36.96],[140.89613,36.95952],[140.89646,36.95939],[140.89658,36.95884],[140.89384,36.95819],[140.89235,36.95806],[140.8926,36.95518],[140.89025,36.95438],[140.89014,36.95475],[140.88913,36.95449],[140.88889,36.95472],[140.88816,36.95439],[140.88803,36.9546],[140.8863,36.95398],[140.88553,36.95483],[140.88372,36.95409],[140.88294,36.9545],[140.88183,36.95459],[140.88076,36.95518],[140.88254,36.95761],[140.88567,36.96083],[140.8905,36.9723],[140.89091,36.9715]]]},"properties":{"key":"072040600","name":"小名浜大原","pref":"福島県","prefCode":"07","municipality":"いわき市","areaM2":1584211.995,"population":7231,"toponymIds":["07-7c5712747b"]}},{"type":"Feature","geometry":{"type":"Polygon","coordinates":[[[140.91065,36.97742],[140.91199,36.97695],[140.9125,36.97646],[140.91347,36.97596],[140.9137,36.97532],[140.91381,36.97401],[140.91412,36.97283],[140.9144,36.97224],[140.91482,36.9719],[140.91428,36.97068],[140.91368,36.96986],[140.91412,36.96934],[140.91354,36.96865],[140.91385,36.96801],[140.91358,36.96736],[140.91372,36.96688],[140.91479,36.96676],[140.91554,36.96599],[140.91503,36.96414],[140.91456,36.96295],[140.9142,36.96255],[140.91232,36.96249],[140.91154,36.96283],[140.91148,36.96252],[140.91183,36.96206],[140.91105,36.96186],[140.91065,36.96159],[140.91041,36.96118],[140.91053,36.96069],[140.91113,36.96031],[140.91112,36.95939],[140.91155,36.95929],[140.91148,36.95896],[140.91173,36.9585],[140.91126,36.95828],[140.91033,36.95827],[140.91039,36.95808],[140.9108,36.95821],[140.91093,36.95793],[140.91115,36.95806],[140.91136,36.95761],[140.91192,36.95808],[140.91222,36.95808],[140.91169,36.95746],[140.91209,36.95725],[140.91316,36.95779],[140.9125,36.95717],[140.91243,36.95704],[140.91264,36.95687],[140.91287,36.95688],[140.91293,36.95716],[140.91364,36.95769],[140.91373,36.95759],[140.9136,36.95729],[140.91328,36.95726],[140.91333,36.95696],[140.91304,36.95673],[140.91328,36.95669],[140.91431,36.95723],[140.91481,36.95633],[140.91494,36.95539],[140.91417,36.95497],[140.91317,36.95538],[140.91267,36.9543],[140.9116,36.95483],[140.9104,36.9558],[140.90909,36.95654],[140.9082,36.95668],[140.90816,36.9569],[140.90768,36.95727],[140.9073,36.95678],[140.90645,36.95728],[140.90604,36.95707],[140.90546,36.95729],[140.90577,36.95773],[140.90514,36.95816],[140.90478,36.95786],[140.90447,36.95797],[140.90394,36.95852],[140.9037,36.95853],[140.90377,36.95898],[140.90054,36.95986],[140.90013,36.9596],[140.89936,36.96023],[140.89852,36.96001],[140.89778,36.96078],[140.89742,36.96247],[140.89698,36.96276],[140.89695,36.96334],[140.89607,36.96393],[140.89683,36.96476],[140.8975,36.965],[140.89847,36.9664],[140.89598,36.96649],[140.89543,36.96858],[140.89573,36.9691],[140.89638,36.96962],[140.8965,36.97007],[140.89676,36.9702],[140.89675,36.97079],[140.89714,36.97113],[140.89699,36.9721],[140.89744,36.972],[140.89788,36.97217],[140.89785,36.973],[140.89865,36.97315],[140.89917,36.97361],[140.89971,36.97377],[140.89975,36.97432],[140.90038,36.97479],[140.90078,36.97485],[140.90207,36.97448],[140.90302,36.97447],[140.90388,36.97418],[140.90484,36.97411],[140.90514,36.97435],[140.90588,36.97439],[140.90606,36.97468],[140.90644,36.97484],[140.9066,36.9753],[140.9062,36.97553],[140.90628,36.97627],[140.90684,36.97638],[140.90711,36.97683],[140.90786,36.97715],[140.90838,36.97766],[140.90866,36.97771],[140.90912,36.97738],[140.90948,36.97796],[140.91013,36.97812],[140.91025,36.9777],[140.91065,36.97742]]]},"properties":{"key":"072040580","name":"小名浜岡小名","pref":"福島県","prefCode":"07","municipality":"いわき市","areaM2":2894860.349,"population":5212,"toponymIds":["07-d6f79edb02","07-73f8c87946"]}},{"type":"Feature","geometry":{"type":"Polygon","coordinates":[[[140.88921,36.98131],[140.88947,36.98095],[140.8916,36.98022],[140.89051,36.97815],[140.89271,36.97826],[140.89194,36.97647],[140.8909,36.97324],[140.88631,36.96233],[140.88443,36.96232],[140.88457,36.96265],[140.88283,36.96371],[140.88186,36.9645],[140.88102,36.96557],[140.87926,36.96845],[140.87888,36.97006],[140.87906,36.97164],[140.87898,36.97312],[140.87794,36.97649],[140.88065,36.9769],[140.88331,36.9764],[140.88346,36.97701],[140.88406,36.97755],[140.88417,36.97804],[140.88407,36.9786],[140.88358,36.97948],[140.88374,36.97998],[140.8836,36.98069],[140.8837,36.98112],[140.88921,36.98131]]]},"properties":{"key":"072040620","name":"小名浜住吉","pref":"福島県","prefCode":"07","municipality":"いわき市","areaM2":1662706.875,"population":2104,"toponymIds":["07-fe6ba05cba"]}},{"type":"Feature","geometry":{"type":"Polygon","coordinates":[[[140.87993,36.98888],[140.88076,36.98873],[140.88082,36.9884],[140.88125,36.98834],[140.88134,36.98804],[140.88175,36.98773],[140.8818,36.987],[140.88125,36.98705],[140.88132,36.98667],[140.88098,36.98671],[140.8808,36.98623],[140.88094,36.98616],[140.88065,36.98574],[140.87939,36.98499],[140.87951,36.98399],[140.8792,36.98379],[140.87991,36.98362],[140.88068,36.98318],[140.88074,36.98283],[140.88377,36.98165],[140.8837,36.98146],[140.8839,36.98139],[140.8836,36.98069],[140.88374,36.97998],[140.88358,36.97948],[140.88407,36.9786],[140.88417,36.97804],[140.88406,36.97755],[140.88346,36.97701],[140.88331,36.9764],[140.88065,36.9769],[140.87794,36.97649],[140.87752,36.9778],[140.87714,36.9783],[140.87475,36.9801],[140.87364,36.98131],[140.87237,36.98315],[140.87263,36.9836],[140.87305,36.98377],[140.87339,36.98362],[140.87398,36.984],[140.87473,36.98387],[140.87523,36.98426],[140.87541,36.98512],[140.87619,36.98568],[140.87726,36.98696],[140.87786,36.98714],[140.87805,36.98737],[140.87795,36.98761],[140.87824,36.98844],[140.87861,36.98848],[140.87885,36.98874],[140.87936,36.98889],[140.87993,36.98888]]]},"properties":{"key":"072040640","name":"小名浜野田","pref":"福島県","prefCode":"07","municipality":"いわき市","areaM2":762822.261,"population":846,"toponymIds":["07-5aa0412b11"]}},{"type":"Feature","geometry":{"type":"Polygon","coordinates":[[[140.95584,36.96381],[140.95488,36.96243],[140.9535,36.96142],[140.95271,36.96142],[140.95181,36.96021],[140.95192,36.96059],[140.95256,36.96148],[140.9523,36.96162],[140.9526,36.96152],[140.95282,36.96183],[140.95272,36.96234],[140.9518,36.96204],[140.95197,36.9616],[140.95175,36.96202],[140.95149,36.96193],[140.9513,36.96226],[140.95105,36.96215],[140.95057,36.96253],[140.95025,36.96248],[140.94979,36.96368],[140.95172,36.96365],[140.95279,36.96402],[140.95285,36.96419],[140.95398,36.9637],[140.95439,36.96445],[140.95584,36.96381]]]},"properties":{"key":"072040520","name":"折戸","pref":"福島県","prefCode":"07","municipality":"いわき市","areaM2":100494.824,"population":112,"toponymIds":["07-d79045e668"]}},{"type":"Feature","geometry":{"type":"Polygon","coordinates":[[[140.90073,36.99185],[140.90161,36.99182],[140.90225,36.99133],[140.90289,36.99162],[140.90325,36.99131],[140.90195,36.98927],[140.8996,36.98654],[140.89862,36.98582],[140.89803,36.99037],[140.89865,36.99045],[140.89921,36.99028],[140.89888,36.99066],[140.89897,36.99137],[140.89949,36.99177],[140.90045,36.99201],[140.90073,36.99185]]]},"properties":{"key":"072040770","name":"鹿島町飯田","pref":"福島県","prefCode":"07","municipality":"いわき市","areaM2":167781.098,"population":370,"toponymIds":["07-4f87e31dc1"]}},{"type":"Feature","geometry":{"type":"Polygon","coordinates":[[[140.93902,36.9968],[140.93926,36.9963],[140.93911,36.99619],[140.93906,36.99569],[140.93881,36.99547],[140.93906,36.99491],[140.93961,36.99461],[140.94018,36.99399],[140.94201,36.99334],[140.94262,36.99279],[140.94216,36.99202],[140.9422,36.99076],[140.94253,36.99052],[140.94356,36.99035],[140.94564,36.98904],[140.94568,36.98783],[140.94629,36.98692],[140.94704,36.98626],[140.94751,36.9856],[140.9474,36.98424],[140.9476,36.98375],[140.94724,36.98346],[140.9472,36.9832],[140.94661,36.98289],[140.94654,36.98268],[140.94679,36.98219],[140.94629,36.98173],[140.94639,36.98138],[140.94688,36.98119],[140.94685,36.98048],[140.94654,36.98037],[140.94583,36.9805],[140.94496,36.98037],[140.94416,36.98125],[140.94355,36.98125],[140.94299,36.98148],[140.94214,36.98116],[140.94136,36.98149],[140.941,36.98115],[140.94058,36.98108],[140.94047,36.98082],[140.94006,36.9807],[140.93864,36.98092],[140.93849,36.98108],[140.93811,36.98089],[140.9374,36.98087],[140.93605,36.98193],[140.93509,36.98205],[140.93424,36.98249],[140.93363,36.98238],[140.93312,36.98273],[140.93221,36.98273],[140.93142,36.98315],[140.93118,36.98355],[140.93046,36.98404],[140.92998,36.98376],[140.92965,36.98385],[140.92923,36.98369],[140.92847,36.98386],[140.92812,36.98371],[140.9278,36.9833],[140.9268,36.98304],[140.92594,36.9832],[140.92558,36.98402],[140.92536,36.9851],[140.92339,36.98621],[140.92337,36.98724],[140.92358,36.98754],[140.92307,36.98843],[140.92409,36.98912],[140.92397,36.98937],[140.92311,36.98933],[140.92249,36.98967],[140.92189,36.98958],[140.92175,36.99017],[140.92131,36.99022],[140.92137,36.99077],[140.92196,36.99104],[140.92196,36.99139],[140.92235,36.99208],[140.92384,36.9933],[140.92247,36.99424],[140.92189,36.99444],[140.92137,36.9949],[140.92032,36.9949],[140.92015,36.99525],[140.91931,36.99556],[140.91921,36.99589],[140.9204,36.99587],[140.92114,36.99511],[140.92136,36.99501],[140.92157,36.99516],[140.92155,36.99488],[140.92174,36.99479],[140.92207,36.99475],[140.92234,36.99498],[140.92235,36.99466],[140.92282,36.99465],[140.92359,36.99405],[140.92442,36.99396],[140.92477,36.99426],[140.92479,36.99452],[140.92416,36.99562],[140.92379,36.996],[140.92301,36.99611],[140.92254,36.99639],[140.92366,36.99636],[140.92399,36.99695],[140.92367,36.99759],[140.92371,36.99781],[140.92431,36.99732],[140.92462,36.9973],[140.92625,36.99796],[140.92708,36.99861],[140.92835,36.99922],[140.92807,36.99886],[140.92827,36.99871],[140.92735,36.99851],[140.92702,36.99815],[140.92759,36.9978],[140.9268,36.99809],[140.92624,36.99766],[140.92621,36.99738],[140.92599,36.99741],[140.92598,36.99722],[140.92557,36.99723],[140.92405,36.99636],[140.92455,36.99577],[140.9253,36.99611],[140.92561,36.99609],[140.92484,36.99553],[140.92482,36.99526],[140.92522,36.99441],[140.92569,36.99449],[140.92611,36.99488],[140.92585,36.99572],[140.92645,36.99568],[140.92655,36.9954],[140.92685,36.99565],[140.92697,36.99546],[140.92591,36.99437],[140.92523,36.99416],[140.92445,36.99336],[140.92411,36.99321],[140.92403,36.99302],[140.92418,36.99268],[140.92398,36.9923],[140.92289,36.99165],[140.92242,36.99088],[140.92437,36.99153],[140.92473,36.99197],[140.92471,36.99238],[140.92524,36.99311],[140.92636,36.99363],[140.92738,36.99449],[140.92797,36.99554],[140.92788,36.99597],[140.92755,36.99623],[140.92757,36.99685],[140.92819,36.99696],[140.92859,36.99773],[140.92965,36.99774],[140.92992,36.99834],[140.93074,36.99926],[140.93058,36.99991],[140.93011,37.00056],[140.93038,37.00036],[140.93089,37.00029],[140.93166,37.00081],[140.93205,37.00077],[140.93411,37.00124],[140.935,37.00171],[140.93531,37.00148],[140.9362,37.0014],[140.93664,37.00118],[140.93681,37.0007],[140.93733,37.00041],[140.93745,36.99995],[140.93867,36.99886],[140.93812,36.9976],[140.93828,36.99729],[140.93902,36.9968]]]},"properties":{"key":"072046080","name":"鹿島町上蔵持","pref":"福島県","prefCode":"07","municipality":"いわき市","areaM2":3223200.694,"population":117,"toponymIds":["07-363935f179","07-e9867e2f7c"]}},{"type":"Feature","geometry":{"type":"Polygon","coordinates":[[[140.9019,37.00124],[140.90279,37.001],[140.90333,37.00131],[140.90354,37.00089],[140.90439,37.00066],[140.90446,37.00026],[140.90473,36.99993],[140.90585,36.99975],[140.90595,36.99911],[140.90673,36.99876],[140.90678,36.9985],[140.90785,36.99858],[140.90771,36.99644],[140.90633,36.99342],[140.90589,36.99297],[140.9036,36.99192],[140.90364,36.99146],[140.90341,36.99114],[140.90289,36.99162],[140.90225,36.99133],[140.90161,36.99182],[140.90084,36.9918],[140.90045,36.99201],[140.90048,36.99264],[140.90012,36.99386],[140.90041,36.99506],[140.89987,36.99573],[140.89989,36.99628],[140.89919,36.99695],[140.89809,36.99717],[140.8976,36.99772],[140.89831,36.99907],[140.89832,36.99952],[140.89877,37.00016],[140.89923,37.00049],[140.89909,37.0007],[140.89936,37.00107],[140.8998,37.00085],[140.90043,37.00129],[140.89993,37.00173],[140.90049,37.00253],[140.90118,37.00229],[140.90126,37.0019],[140.9019,37.00124]]]},"properties":{"key":"072040760","name":"鹿島町米田","pref":"福島県","prefCode":"07","municipality":"いわき市","areaM2":662829.429,"population":653,"toponymIds":["07-c1da0af34a","07-c839999240","07-da93239596"]}},{"type":"Feature","geometry":{"type":"Polygon","coordinates":[[[140.93058,36.99991],[140.93074,36.99926],[140.92992,36.99834],[140.92983,36.9979],[140.92946,36.99766],[140.92922,36.99779],[140.92859,36.99773],[140.92819,36.99696],[140.92757,36.99685],[140.92755,36.99623],[140.92788,36.99597],[140.92797,36.99554],[140.92738,36.99449],[140.92636,36.99363],[140.92524,36.99311],[140.92471,36.99238],[140.92473,36.99197],[140.92437,36.99153],[140.92242,36.99088],[140.92289,36.99165],[140.92398,36.9923],[140.92418,36.99268],[140.92403,36.99302],[140.92411,36.99321],[140.92445,36.99336],[140.92523,36.99416],[140.92591,36.99437],[140.92697,36.99546],[140.92685,36.99565],[140.92655,36.9954],[140.92645,36.99568],[140.92585,36.99572],[140.92611,36.99488],[140.92569,36.99449],[140.92522,36.99441],[140.92482,36.99526],[140.92484,36.99553],[140.92561,36.99609],[140.9253,36.99611],[140.92455,36.99577],[140.92405,36.99636],[140.92557,36.99723],[140.92598,36.99722],[140.92599,36.99741],[140.92621,36.99738],[140.92624,36.99766],[140.9268,36.99809],[140.92759,36.9978],[140.92702,36.99815],[140.92735,36.99851],[140.92827,36.99871],[140.92807,36.99886],[140.92835,36.99922],[140.92708,36.99861],[140.92625,36.99796],[140.92462,36.9973],[140.92431,36.99732],[140.92371,36.99781],[140.92367,36.99759],[140.92399,36.99695],[140.92366,36.99636],[140.92254,36.99639],[140.92301,36.99611],[140.92379,36.996],[140.92416,36.99562],[140.92479,36.99452],[140.92477,36.99426],[140.92442,36.99396],[140.92359,36.99405],[140.92282,36.99465],[140.92235,36.99466],[140.92234,36.99498],[140.92207,36.99475],[140.92174,36.99479],[140.92155,36.99488],[140.92157,36.99516],[140.92136,36.99501],[140.92114,36.99511],[140.9204,36.99587],[140.91921,36.99589],[140.91931,36.99556],[140.92015,36.99525],[140.92032,36.9949],[140.92137,36.9949],[140.92189,36.99444],[140.92247,36.99424],[140.92384,36.9933],[140.92235,36.99208],[140.92196,36.99139],[140.92196,36.99104],[140.92137,36.99077],[140.92131,36.99022],[140.92175,36.99017],[140.92189,36.98958],[140.92249,36.98967],[140.92311,36.98933],[140.92397,36.98937],[140.92409,36.98912],[140.92307,36.98843],[140.92358,36.98754],[140.92337,36.98724],[140.92339,36.98621],[140.92536,36.9851],[140.92558,36.98402],[140.92594,36.9832],[140.92498,36.98303],[140.92459,36.98275],[140.92362,36.98267],[140.92316,36.98165],[140.92239,36.98112],[140.9219,36.98098],[140.92024,36.98177],[140.919,36.98153],[140.91849,36.98166],[140.91808,36.98274],[140.91727,36.98358],[140.91725,36.98415],[140.91613,36.98547],[140.91609,36.98569],[140.91576,36.9859],[140.91524,36.9858],[140.91465,36.98601],[140.91211,36.98744],[140.9121,36.98812],[140.91368,36.98971],[140.91234,36.99058],[140.9111,36.99067],[140.90902,36.99108],[140.90897,36.99263],[140.9092,36.99309],[140.9095,36.99303],[140.90996,36.99334],[140.91161,36.99338],[140.91153,36.99362],[140.91274,36.99372],[140.91339,36.99434],[140.91397,36.99392],[140.91558,36.99409],[140.9163,36.99446],[140.91692,36.99394],[140.91807,36.99423],[140.91828,36.99487],[140.91816,36.99578],[140.91846,36.99621],[140.91894,36.99639],[140.91924,36.99679],[140.92034,36.99728],[140.92033,36.99779],[140.92101,36.99753],[140.92129,36.9972],[140.92355,36.99759],[140.92372,36.9982],[140.92383,36.99783],[140.92419,36.99755],[140.92514,36.99819],[140.92543,36.99895],[140.92612,36.99924],[140.9268,37.0002],[140.92853,36.99994],[140.92887,37.00004],[140.92913,37.00042],[140.92997,37.00059],[140.93058,36.99991]]]},"properties":{"key":"072040720","name":"鹿島町下蔵持","pref":"福島県","prefCode":"07","municipality":"いわき市","areaM2":1629387.66,"population":539,"toponymIds":["07-b77e772559"]}},{"type":"Feature","geometry":{"type":"Polygon","coordinates":[[[140.90527,37.01037],[140.90584,37.01025],[140.90607,37.0106],[140.90695,37.01025],[140.90709,37.01003],[140.90707,37.00885],[140.90761,37.00869],[140.90809,37.00876],[140.90861,37.00945],[140.90931,37.00949],[140.90996,37.0102],[140.91092,37.01024],[140.911,37.00982],[140.91086,37.00941],[140.91034,37.00889],[140.91042,37.00873],[140.91068,37.00874],[140.91074,37.00814],[140.91033,37.00808],[140.91027,37.00747],[140.90981,37.00689],[140.91004,37.00667],[140.90966,37.00646],[140.90997,37.00603],[140.91012,37.00603],[140.91017,37.00521],[140.90973,37.00511],[140.90968,37.00494],[140.91011,37.00474],[140.91085,37.00391],[140.91143,37.00386],[140.91241,37.00149],[140.9127,37.00131],[140.91233,37.00109],[140.91139,37.00107],[140.91087,37.00046],[140.90872,37.00029],[140.90798,36.99997],[140.90736,36.99935],[140.90659,36.9992],[140.90624,36.99896],[140.90587,36.99925],[140.90585,36.99975],[140.90473,36.99993],[140.90446,37.00026],[140.90439,37.00066],[140.90354,37.00089],[140.90333,37.00131],[140.90279,37.001],[140.9019,37.00124],[140.90126,37.0019],[140.90118,37.00229],[140.90049,37.00253],[140.90036,37.00275],[140.89992,37.00296],[140.89986,37.00321],[140.89933,37.00337],[140.89891,37.00373],[140.89717,37.00424],[140.89712,37.00454],[140.89671,37.00495],[140.89698,37.00559],[140.89665,37.0062],[140.89727,37.00699],[140.89799,37.00662],[140.89884,37.00711],[140.89939,37.00707],[140.89971,37.00742],[140.90069,37.00754],[140.90142,37.00792],[140.90227,37.00793],[140.901,37.00846],[140.90012,37.00848],[140.89961,37.00913],[140.89965,37.00949],[140.90095,37.01064],[140.90173,37.01106],[140.90527,37.01037]]]},"properties":{"key":"072040750","name":"鹿島町下矢田","pref":"福島県","prefCode":"07","municipality":"いわき市","areaM2":1118892.265,"population":243,"toponymIds":["07-ef5ff7dd8b"]}},{"type":"Feature","geometry":{"type":"Polygon","coordinates":[[[140.91605,37.00116],[140.91714,37.00123],[140.91701,37.00099],[140.91749,37.00072],[140.91759,37.00085],[140.91792,37.00069],[140.91819,37.00122],[140.91958,37.00124],[140.91948,37.0009],[140.92008,37.00066],[140.92055,37.00011],[140.92049,36.99882],[140.92001,36.99855],[140.92008,36.99782],[140.92033,36.99779],[140.92034,36.99728],[140.91924,36.99679],[140.91902,36.99646],[140.91859,36.99632],[140.91827,36.99595],[140.91816,36.9943],[140.91692,36.99394],[140.9163,36.99446],[140.91558,36.99409],[140.91411,36.99392],[140.91339,36.99434],[140.91258,36.99367],[140.91153,36.99362],[140.91166,36.99346],[140.91155,36.99336],[140.90996,36.99334],[140.9095,36.99303],[140.9092,36.99309],[140.90872,36.99283],[140.90729,36.99294],[140.90713,36.99358],[140.90643,36.99361],[140.90771,36.99644],[140.90785,36.99858],[140.90678,36.9985],[140.90673,36.99876],[140.90624,36.99896],[140.90633,36.99907],[140.90736,36.99935],[140.90798,36.99997],[140.90872,37.00029],[140.91087,37.00046],[140.91139,37.00107],[140.91233,37.00109],[140.9127,37.00131],[140.91394,37.00097],[140.91446,37.00013],[140.91476,37.00026],[140.91529,36.99983],[140.91563,36.99999],[140.91529,37.0016],[140.91599,37.00194],[140.91611,37.00179],[140.91597,37.00152],[140.91605,37.00116]]]},"properties":{"key":"072040740","name":"鹿島町走熊","pref":"福島県","prefCode":"07","municipality":"いわき市","areaM2":851795.245,"population":414,"toponymIds":["07-e1e52226a1"]}},{"type":"Feature","geometry":{"type":"Polygon","coordinates":[[[140.9008,36.98292],[140.90119,36.98285],[140.90194,36.98301],[140.90237,36.98222],[140.90357,36.98184],[140.90388,36.98103],[140.90363,36.98082],[140.90378,36.9803],[140.90351,36.97978],[140.90355,36.97957],[140.90472,36.97927],[140.90528,36.97882],[140.90567,36.97801],[140.90692,36.97739],[140.90711,36.97683],[140.90684,36.97638],[140.90628,36.97627],[140.90621,36.97612],[140.9062,36.97553],[140.9066,36.9753],[140.90662,36.97507],[140.90588,36.97439],[140.90514,36.97435],[140.90484,36.97411],[140.90388,36.97418],[140.90078,36.97485],[140.90038,36.97479],[140.89975,36.97432],[140.89974,36.97489],[140.89958,36.97501],[140.89809,36.97503],[140.89653,36.97576],[140.89539,36.97607],[140.89509,36.9765],[140.8951,36.97746],[140.89478,36.97766],[140.89412,36.97771],[140.89334,36.97832],[140.89271,36.97826],[140.89368,36.98051],[140.89555,36.98048],[140.89557,36.98157],[140.89531,36.98157],[140.89534,36.98251],[140.89446,36.98255],[140.89497,36.98347],[140.89594,36.98349],[140.89939,36.98429],[140.89932,36.98448],[140.89949,36.98476],[140.90121,36.98419],[140.90088,36.98351],[140.9008,36.98292]]]},"properties":{"key":"072040690","name":"鹿島町船戸","pref":"福島県","prefCode":"07","municipality":"いわき市","areaM2":891043.767,"population":1315,"toponymIds":["07-d182176fdb","07-00d35ec3ef"]}},{"type":"Feature","geometry":{"type":"Polygon","coordinates":[[[140.88862,37.0259],[140.88933,37.02577],[140.88937,37.02552],[140.89097,37.02503],[140.89153,37.02505],[140.89207,37.02418],[140.89304,37.02368],[140.89344,37.02434],[140.89429,37.02477],[140.89458,37.02524],[140.8955,37.02539],[140.8965,37.02597],[140.89707,37.02608],[140.89825,37.02503],[140.90042,37.02158],[140.90044,37.02209],[140.9016,37.02201],[140.90178,37.02225],[140.90237,37.0225],[140.90235,37.02233],[140.90268,37.02226],[140.90247,37.0218],[140.90278,37.02144],[140.90224,37.02087],[140.90254,37.02097],[140.90282,37.02034],[140.9033,37.02088],[140.90385,37.01977],[140.90371,37.01951],[140.9038,37.01921],[140.90471,37.01895],[140.9045,37.01845],[140.90489,37.01806],[140.90486,37.01762],[140.90457,37.01725],[140.90474,37.0171],[140.90307,37.01684],[140.90328,37.01648],[140.9045,37.0161],[140.90511,37.01626],[140.90502,37.01558],[140.90694,37.01521],[140.90827,37.01375],[140.90881,37.01286],[140.9109,37.01322],[140.91106,37.01259],[140.91086,37.01256],[140.91087,37.01241],[140.91121,37.01217],[140.91128,37.01109],[140.91103,37.01079],[140.91092,37.01024],[140.90996,37.0102],[140.90931,37.00949],[140.90846,37.00935],[140.90809,37.00876],[140.90761,37.00869],[140.90707,37.00885],[140.90709,37.01003],[140.90695,37.01025],[140.90607,37.0106],[140.90584,37.01025],[140.90527,37.01037],[140.9053,37.01146],[140.90426,37.01149],[140.90417,37.01199],[140.90393,37.01213],[140.90247,37.01254],[140.90168,37.01249],[140.90123,37.01294],[140.89992,37.01304],[140.89935,37.01362],[140.89876,37.01367],[140.89868,37.01388],[140.89798,37.01432],[140.89731,37.01412],[140.89607,37.01445],[140.89568,37.01483],[140.89574,37.01521],[140.895,37.01595],[140.89483,37.01636],[140.8942,37.01649],[140.89359,37.01701],[140.89335,37.01746],[140.89285,37.01755],[140.89261,37.01778],[140.8918,37.01789],[140.89107,37.019],[140.89071,37.01912],[140.88959,37.0188],[140.88815,37.01955],[140.88763,37.02014],[140.8876,37.02038],[140.88792,37.02141],[140.88825,37.02188],[140.88786,37.02248],[140.88814,37.02291],[140.88776,37.02387],[140.8875,37.02393],[140.88733,37.02486],[140.88746,37.02543],[140.88779,37.02566],[140.88812,37.0263],[140.88862,37.0259]],[[140.89539,37.02015],[140.89544,37.01996],[140.89473,37.01942],[140.89497,37.01923],[140.89493,37.01878],[140.89443,37.01836],[140.89457,37.0177],[140.89496,37.0171],[140.89458,37.0166],[140.89575,37.01631],[140.89634,37.01596],[140.89705,37.01615],[140.89767,37.01535],[140.8982,37.01533],[140.89886,37.0156],[140.89959,37.01616],[140.89992,37.01676],[140.8999,37.01707],[140.90108,37.01727],[140.9012,37.01751],[140.90141,37.01753],[140.90141,37.01777],[140.90184,37.01787],[140.90146,37.01834],[140.9016,37.01856],[140.9015,37.01877],[140.90113,37.01901],[140.90072,37.0196],[140.90056,37.02028],[140.9,37.02074],[140.89959,37.02075],[140.89883,37.0201],[140.89855,37.02014],[140.89822,37.02062],[140.8983,37.02085],[140.89767,37.02123],[140.89827,37.02163],[140.89828,37.02178],[140.8978,37.02199],[140.89733,37.02208],[140.89627,37.02136],[140.89629,37.02121],[140.89589,37.02105],[140.8959,37.02078],[140.89564,37.02069],[140.89533,37.02027],[140.89539,37.02015]]]},"properties":{"key":"072041280","name":"常磐上矢田町","pref":"福島県","prefCode":"07","municipality":"いわき市","areaM2":1382685.075,"population":278,"toponymIds":["07-c5a056f163","07-b7b61ce2c7"]}},{"type":"Feature","geometry":{"type":"Polygon","coordinates":[[[140.83878,36.99474],[140.83875,36.99296],[140.83759,36.9939],[140.83685,36.99532],[140.83779,36.9954],[140.83785,36.99446],[140.83823,36.99449],[140.83826,36.99471],[140.83878,36.99474]]]},"properties":{"key":"07204125214","name":"常磐上湯長谷町","pref":"福島県","prefCode":"07","municipality":"いわき市","areaM2":21075.29,"population":0,"toponymIds":["07-0f7fc10903","07-2cf93d08d1"]}},{"type":"Feature","geometry":{"type":"Polygon","coordinates":[[[140.8792,37.00294],[140.88006,37.00164],[140.88124,37.00105],[140.88241,37.00099],[140.88278,37.00121],[140.88384,37.00085],[140.88469,37.00099],[140.88525,37.00048],[140.88537,36.99816],[140.88588,36.9976],[140.8863,36.99751],[140.88546,36.99629],[140.88508,36.99614],[140.88499,36.99582],[140.88319,36.9949],[140.88429,36.99364],[140.88393,36.99247],[140.8834,36.9922],[140.88324,36.99092],[140.88281,36.99109],[140.8822,36.99066],[140.88209,36.99017],[140.88153,36.98978],[140.8814,36.98905],[140.88076,36.98873],[140.87936,36.98889],[140.87885,36.98874],[140.87861,36.98848],[140.87824,36.98844],[140.87795,36.98761],[140.87805,36.98737],[140.87786,36.98714],[140.87726,36.98696],[140.87619,36.98568],[140.87541,36.98512],[140.87523,36.98426],[140.87473,36.98387],[140.87398,36.984],[140.87339,36.98362],[140.87305,36.98377],[140.87263,36.9836],[140.87251,36.98324],[140.87219,36.98304],[140.87063,36.9845],[140.86989,36.98463],[140.86867,36.98516],[140.86788,36.98583],[140.86694,36.98711],[140.86674,36.98775],[140.86669,36.98823],[140.86706,36.98823],[140.86719,36.98841],[140.86715,36.98928],[140.8661,36.98993],[140.86584,36.98978],[140.86451,36.99099],[140.86362,36.99126],[140.8644,36.99181],[140.86295,36.99292],[140.86311,36.99311],[140.86293,36.99372],[140.86223,36.99408],[140.86162,36.99402],[140.86101,36.99506],[140.86174,36.99601],[140.86268,36.9968],[140.86293,36.99715],[140.8629,36.99757],[140.86343,36.99789],[140.86399,36.99747],[140.86467,36.99748],[140.86514,36.99718],[140.86593,36.99713],[140.86669,36.99733],[140.86762,36.99701],[140.86807,36.99728],[140.86862,36.99719],[140.86944,36.99687],[140.86961,36.99655],[140.86984,36.99658],[140.86992,36.99723],[140.86979,36.99774],[140.87021,36.99841],[140.87073,36.99886],[140.87128,36.99904],[140.87155,36.99937],[140.87231,36.99964],[140.87294,37.00008],[140.87292,37.00095],[140.87375,37.00142],[140.87435,37.00154],[140.87469,37.00177],[140.87475,37.00207],[140.87641,37.0021],[140.87687,37.00262],[140.87804,37.00336],[140.87841,37.00383],[140.8792,37.00294]]]},"properties":{"key":"072041230","name":"常磐下船尾町","pref":"福島県","prefCode":"07","municipality":"いわき市","areaM2":2718734.088,"population":1353,"toponymIds":["07-8c78bbc7d2"]}},{"type":"Feature","geometry":{"type":"Polygon","coordinates":[[[140.85027,36.9958],[140.85034,36.99565],[140.85062,36.99575],[140.85109,36.9956],[140.85199,36.99442],[140.85193,36.99388],[140.85262,36.99356],[140.85309,36.99309],[140.85337,36.99353],[140.85528,36.99353],[140.8557,36.99409],[140.85748,36.99229],[140.85817,36.99215],[140.85914,36.99226],[140.86102,36.99167],[140.86087,36.99118],[140.86112,36.9909],[140.86046,36.99015],[140.85995,36.98996],[140.85934,36.98877],[140.85888,36.98856],[140.85564,36.98832],[140.8538,36.9878],[140.85238,36.98771],[140.85002,36.98708],[140.84992,36.98725],[140.84888,36.98697],[140.8486,36.98765],[140.84688,36.9885],[140.84684,36.98868],[140.84611,36.98892],[140.84528,36.98897],[140.84188,36.99197],[140.84271,36.99197],[140.84299,36.99222],[140.84339,36.99223],[140.84367,36.99265],[140.84564,36.99353],[140.84574,36.99401],[140.84606,36.99385],[140.84658,36.99386],[140.8477,36.99441],[140.84763,36.99453],[140.84777,36.9946],[140.84755,36.99479],[140.8478,36.99507],[140.84752,36.99579],[140.84761,36.99615],[140.84807,36.99672],[140.84855,36.99699],[140.84924,36.9966],[140.84957,36.99592],[140.85027,36.9958]]]},"properties":{"key":"072041240","name":"常磐下湯長谷町","pref":"福島県","prefCode":"07","municipality":"いわき市","areaM2":951555.168,"population":2766,"toponymIds":["07-f46dd12149"]}},{"type":"Feature","geometry":{"type":"Polygon","coordinates":[[[140.83689,36.99524],[140.83759,36.9939],[140.83873,36.99304],[140.83852,36.99294],[140.83823,36.99326],[140.83772,36.99324],[140.83817,36.99256],[140.83901,36.9918],[140.8393,36.99094],[140.83912,36.99047],[140.83961,36.99042],[140.83967,36.99001],[140.84013,36.98982],[140.84055,36.99004],[140.84067,36.98988],[140.84097,36.99027],[140.8408,36.99062],[140.84128,36.99076],[140.84106,36.99086],[140.84114,36.99118],[140.84134,36.99122],[140.8417,36.99091],[140.84226,36.99117],[140.84141,36.992],[140.84175,36.99209],[140.84535,36.98893],[140.84611,36.98892],[140.84684,36.98868],[140.84688,36.9885],[140.8486,36.98765],[140.84888,36.98697],[140.84992,36.98725],[140.85002,36.98708],[140.8491,36.98618],[140.84777,36.98521],[140.84741,36.98507],[140.84651,36.98517],[140.84592,36.98449],[140.84568,36.98226],[140.8454,36.98215],[140.84536,36.98174],[140.84574,36.98167],[140.84577,36.98112],[140.84508,36.98065],[140.84502,36.98037],[140.84469,36.98006],[140.84394,36.98008],[140.84323,36.98046],[140.84248,36.98031],[140.84241,36.98008],[140.84207,36.97991],[140.84153,36.98014],[140.84088,36.97971],[140.8402,36.97899],[140.8399,36.97889],[140.83916,36.97915],[140.83962,36.98026],[140.83951,36.98071],[140.83972,36.98066],[140.83996,36.98089],[140.83991,36.98143],[140.84015,36.98184],[140.84001,36.98208],[140.84022,36.98275],[140.84019,36.98303],[140.83915,36.98356],[140.83921,36.98393],[140.83942,36.98394],[140.83928,36.98488],[140.83937,36.98592],[140.83952,36.98602],[140.83937,36.98628],[140.83898,36.98645],[140.83867,36.98716],[140.83881,36.98758],[140.83784,36.98773],[140.83744,36.98824],[140.83712,36.98823],[140.83622,36.98868],[140.83568,36.98848],[140.83545,36.9882],[140.83514,36.98823],[140.83477,36.98862],[140.83437,36.9895],[140.83327,36.99],[140.83291,36.99043],[140.83314,36.99126],[140.83273,36.99226],[140.8329,36.99329],[140.83269,36.99366],[140.83347,36.99356],[140.83398,36.99432],[140.83514,36.99443],[140.83508,36.995],[140.83475,36.99499],[140.83489,36.99533],[140.83551,36.99537],[140.83574,36.9952],[140.83602,36.99541],[140.83664,36.99543],[140.83689,36.99524]]]},"properties":{"key":"072041180","name":"常磐白鳥町","pref":"福島県","prefCode":"07","municipality":"いわき市","areaM2":1092009.461,"population":1191,"toponymIds":["07-53773fd767"]}},{"type":"Feature","geometry":{"type":"Polygon","coordinates":[[[140.77752,37.04843],[140.77747,37.04795],[140.77763,37.04762],[140.77806,37.04714],[140.77931,37.0465],[140.77998,37.04534],[140.77961,37.04462],[140.77968,37.0439],[140.78016,37.043],[140.78084,37.04237],[140.78099,37.0416],[140.78151,37.04037],[140.78344,37.03944],[140.78382,37.03828],[140.78468,37.03658],[140.78667,37.03612],[140.78705,37.03571],[140.78813,37.03547],[140.78828,37.03481],[140.78911,37.03326],[140.789,37.03196],[140.78952,37.03169],[140.79024,37.03057],[140.79105,37.02971],[140.79362,37.02875],[140.79451,37.02758],[140.79454,37.0266],[140.794,37.02605],[140.79414,37.02553],[140.79623,37.02373],[140.79708,37.02265],[140.797,37.02165],[140.79657,37.02084],[140.79723,37.02016],[140.79851,37.01826],[140.8018,37.01567],[140.80231,37.01574],[140.80664,37.01435],[140.80807,37.01347],[140.80906,37.01355],[140.80955,37.01403],[140.81163,37.01436],[140.81267,37.01355],[140.81341,37.01339],[140.81332,37.01304],[140.81347,37.01262],[140.81366,37.01239],[140.81428,37.0122],[140.81427,37.01179],[140.81517,37.01091],[140.81685,37.01087],[140.8169,37.01065],[140.81744,37.01016],[140.81833,37.00858],[140.81799,37.00811],[140.81838,37.00814],[140.81879,37.00783],[140.81904,37.00795],[140.81921,37.00747],[140.82036,37.00662],[140.82171,37.00655],[140.82198,37.0068],[140.82245,37.0065],[140.82255,37.00586],[140.82281,37.00545],[140.82271,37.00478],[140.82299,37.00458],[140.82321,37.00409],[140.82392,37.00354],[140.82467,37.00326],[140.82468,37.00272],[140.82524,37.00237],[140.82488,37.00106],[140.82509,37.00039],[140.8246,36.99976],[140.82492,36.999],[140.82596,36.99874],[140.82598,36.99814],[140.82646,36.99744],[140.82685,36.99718],[140.82667,36.99719],[140.82688,36.99639],[140.8283,36.99641],[140.82857,36.99554],[140.82889,36.9953],[140.83003,36.99529],[140.83018,36.99489],[140.83087,36.9944],[140.83097,36.99379],[140.83279,36.99358],[140.8329,36.99329],[140.83273,36.99226],[140.83314,36.99126],[140.83291,36.99043],[140.83327,36.99],[140.83437,36.9895],[140.83477,36.98862],[140.83514,36.98823],[140.83545,36.9882],[140.83568,36.98848],[140.83622,36.98868],[140.83712,36.98823],[140.83744,36.98824],[140.83784,36.98773],[140.83881,36.98758],[140.83867,36.98716],[140.83898,36.98645],[140.83937,36.98628],[140.83952,36.98602],[140.83937,36.98592],[140.83928,36.98488],[140.83942,36.98394],[140.83921,36.98393],[140.83915,36.98356],[140.84019,36.98303],[140.84022,36.98275],[140.84001,36.98208],[140.84015,36.98184],[140.83991,36.98143],[140.83996,36.98089],[140.83972,36.98066],[140.83951,36.98071],[140.83962,36.98026],[140.83916,36.97915],[140.8387,36.97947],[140.83859,36.97973],[140.83783,36.97995],[140.83699,36.97974],[140.83679,36.98011],[140.83656,36.98015],[140.83533,36.97982],[140.8352,36.97953],[140.83416,36.97898],[140.83252,36.97904],[140.83219,36.97988],[140.83155,36.9805],[140.83098,36.97988],[140.83084,36.97922],[140.83033,36.97883],[140.8303,36.97842],[140.82985,36.97789],[140.82956,36.97784],[140.82904,36.97739],[140.82787,36.97734],[140.82722,36.97698],[140.82679,36.97698],[140.82649,36.976],[140.82579,36.97542],[140.82492,36.97529],[140.82432,36.97482],[140.82323,36.97504],[140.82277,36.97483],[140.82228,36.97488],[140.82094,36.97414],[140.81942,36.97386],[140.81898,36.97437],[140.81838,36.97441],[140.81709,36.97492],[140.81761,36.976],[140.81759,36.97625],[140.8164,36.97739],[140.81608,36.97905],[140.81534,36.97974],[140.81504,36.98034],[140.81455,36.98073],[140.81331,36.9811],[140.81309,36.98147],[140.81206,36.98155],[140.81175,36.98188],[140.81141,36.98183],[140.811,36.98204],[140.81095,36.98307],[140.81057,36.98328],[140.81046,36.9836],[140.8098,36.98419],[140.80988,36.98506],[140.80956,36.98582],[140.80897,36.98599],[140.80863,36.98627],[140.80829,36.98673],[140.80809,36.98749],[140.80727,36.9879],[140.80654,36.98904],[140.80573,36.98907],[140.80533,36.98942],[140.80376,36.98986],[140.80377,36.9903],[140.80326,36.99049],[140.80295,36.99096],[140.80243,36.99124],[140.80258,36.99185],[140.80211,36.99217],[140.80192,36.99266],[140.80172,36.99285],[140.80121,36.99276],[140.8009,36.99371],[140.79996,36.99346],[140.79978,36.99417],[140.80005,36.99514],[140.79974,36.99523],[140.79948,36.99567],[140.79899,36.9956],[140.79875,36.99518],[140.79838,36.9952],[140.79825,36.99569],[140.79838,36.99633],[140.79798,36.99648],[140.79736,36.9962],[140.79707,36.99623],[140.79677,36.9964],[140.79658,36.99689],[140.79568,36.99718],[140.79522,37.0003],[140.79455,36.99999],[140.79527,36.99709],[140.79447,36.99661],[140.79419,36.99673],[140.79428,36.99732],[140.79383,36.99808],[140.79284,36.9984],[140.79381,36.99912],[140.79398,36.99956],[140.79327,36.99992],[140.79191,37.00099],[140.79227,37.00126],[140.79236,37.00156],[140.79164,37.003],[140.79206,37.00315],[140.79243,37.00351],[140.79241,37.00389],[140.79154,37.00464],[140.79155,37.00495],[140.7911,37.00544],[140.79039,37.00598],[140.79053,37.00635],[140.79039,37.00717],[140.7899,37.00785],[140.78961,37.00786],[140.78933,37.00826],[140.78953,37.00914],[140.78909,37.00951],[140.78927,37.01002],[140.7891,37.01042],[140.78739,37.01162],[140.78644,37.01178],[140.78614,37.01233],[140.7852,37.0129],[140.78462,37.0128],[140.78419,37.01291],[140.78379,37.01377],[140.78274,37.01407],[140.78185,37.01387],[140.7816,37.01435],[140.78163,37.01452],[140.78232,37.01506],[140.78209,37.01561],[140.78125,37.0162],[140.78084,37.01682],[140.77966,37.01724],[140.77959,37.01767],[140.77796,37.01939],[140.77784,37.02009],[140.7774,37.02055],[140.77751,37.02202],[140.77774,37.02333],[140.77838,37.02454],[140.77743,37.02493],[140.77723,37.02524],[140.77725,37.02574],[140.77685,37.02614],[140.77576,37.02633],[140.77502,37.02716],[140.77477,37.02791],[140.77461,37.03019],[140.77417,37.03046],[140.77314,37.03198],[140.77296,37.03435],[140.77251,37.03667],[140.77251,37.03765],[140.77228,37.03793],[140.77195,37.03802],[140.76981,37.038],[140.76973,37.0387],[140.76935,37.03945],[140.76902,37.04091],[140.76839,37.04155],[140.76789,37.04179],[140.76742,37.04272],[140.7668,37.04296],[140.76676,37.04353],[140.7664,37.04412],[140.76499,37.04462],[140.76448,37.04549],[140.76379,37.04753],[140.76377,37.04845],[140.76435,37.0493],[140.76603,37.04851],[140.76659,37.04845],[140.76997,37.05057],[140.77506,37.05095],[140.77628,37.0507],[140.77688,37.04983],[140.77667,37.04911],[140.77752,37.04843]]]},"properties":{"key":"072041170","name":"常磐藤原町","pref":"福島県","prefCode":"07","municipality":"いわき市","areaM2":16576832.106,"population":1624,"toponymIds":["07-e60af42cd3","07-1a34420c66","07-cbf4a9b082"]}},{"type":"Feature","geometry":{"type":"Polygon","coordinates":[[[140.86722,36.97577],[140.86759,36.97578],[140.86779,36.97437],[140.86803,36.97393],[140.86836,36.9739],[140.86842,36.97352],[140.86867,36.97353],[140.86879,36.97259],[140.86853,36.97185],[140.87007,36.97163],[140.8711,36.97196],[140.8717,36.97131],[140.87187,36.971],[140.87178,36.97081],[140.87031,36.97071],[140.86946,36.97033],[140.8687,36.9704],[140.8683,36.9701],[140.86817,36.96985],[140.86827,36.96956],[140.86722,36.9695],[140.86626,36.96973],[140.86562,36.96965],[140.86553,36.96903],[140.86495,36.96867],[140.86365,36.96847],[140.8634,36.96983],[140.86089,36.96994],[140.85991,36.96906],[140.85959,36.96903],[140.85931,36.96947],[140.85815,36.96976],[140.85801,36.97077],[140.85773,36.97102],[140.85683,36.97134],[140.85772,36.97209],[140.85861,36.97213],[140.85876,36.97272],[140.85925,36.9733],[140.8602,36.97397],[140.86028,36.97463],[140.86121,36.97542],[140.86134,36.976],[140.86206,36.97593],[140.86282,36.97608],[140.86312,36.97541],[140.86722,36.97577]]]},"properties":{"key":"072041220","name":"常磐馬玉町","pref":"福島県","prefCode":"07","municipality":"いわき市","areaM2":614122.29,"population":116,"toponymIds":["07-ed96b62336"]}},{"type":"Feature","geometry":{"type":"Polygon","coordinates":[[[140.87233,37.01625],[140.8728,37.01671],[140.87381,37.01714],[140.87431,37.01684],[140.87464,37.01643],[140.87539,37.01639],[140.87599,37.01582],[140.87682,37.01581],[140.87711,37.01594],[140.87724,37.01628],[140.87792,37.01696],[140.87863,37.01699],[140.87899,37.0175],[140.87973,37.01773],[140.88009,37.01835],[140.88127,37.01842],[140.88247,37.01883],[140.88291,37.01853],[140.88376,37.01876],[140.88434,37.01858],[140.88551,37.01946],[140.88751,37.01962],[140.88763,37.02014],[140.88815,37.01955],[140.88959,37.0188],[140.89071,37.01912],[140.89107,37.019],[140.8918,37.01789],[140.89261,37.01778],[140.89285,37.01755],[140.89335,37.01746],[140.89359,37.01701],[140.8942,37.01649],[140.89483,37.01636],[140.895,37.01595],[140.89574,37.01521],[140.89568,37.01483],[140.89607,37.01445],[140.89731,37.01412],[140.89798,37.01432],[140.89868,37.01388],[140.89876,37.01367],[140.89935,37.01362],[140.89992,37.01304],[140.90123,37.01294],[140.90168,37.01249],[140.90247,37.01254],[140.90393,37.01213],[140.90417,37.01199],[140.90426,37.01149],[140.9053,37.01146],[140.90527,37.01037],[140.9016,37.01103],[140.89965,37.00949],[140.89958,37.00921],[140.90012,37.00848],[140.901,37.00846],[140.90227,37.00793],[140.90142,37.00792],[140.90069,37.00754],[140.89971,37.00742],[140.89939,37.00707],[140.89884,37.00711],[140.89799,37.00662],[140.89727,37.00699],[140.89665,37.0062],[140.896,37.00632],[140.89528,37.00613],[140.89494,37.00646],[140.89416,37.00643],[140.89384,37.00703],[140.89331,37.00695],[140.8928,37.00713],[140.89253,37.00789],[140.89171,37.00805],[140.89091,37.00789],[140.88988,37.00794],[140.88832,37.00891],[140.88827,37.00921],[140.88754,37.00935],[140.88655,37.00992],[140.88481,37.01044],[140.8833,37.01016],[140.883,37.00993],[140.8829,37.00947],[140.88245,37.00921],[140.88197,37.00926],[140.88172,37.0089],[140.88106,37.00859],[140.88053,37.00877],[140.88047,37.00916],[140.87941,37.01019],[140.87931,37.01065],[140.87911,37.0108],[140.87725,37.01028],[140.87712,37.01004],[140.87614,37.00998],[140.87502,37.01106],[140.87394,37.01151],[140.87316,37.01241],[140.8724,37.01276],[140.87149,37.01236],[140.87125,37.01313],[140.87067,37.01318],[140.87089,37.01377],[140.87079,37.01419],[140.8714,37.01555],[140.87186,37.01575],[140.87233,37.01625]]]},"properties":{"key":"072041270","name":"常磐松久須根町","pref":"福島県","prefCode":"07","municipality":"いわき市","areaM2":2409363.619,"population":55,"toponymIds":["07-c63438d22c","07-fcf07d02d5"]}},{"type":"Feature","geometry":{"type":"Polygon","coordinates":[[[140.72019,36.89209],[140.72092,36.89143],[140.72124,36.89179],[140.72234,36.8917],[140.72322,36.89223],[140.72516,36.89174],[140.72556,36.89107],[140.72447,36.88948],[140.72533,36.8891],[140.7254,36.88865],[140.7258,36.88877],[140.72609,36.88862],[140.72643,36.88868],[140.72733,36.88815],[140.72805,36.88815],[140.7287,36.88838],[140.7299,36.88812],[140.7317,36.88858],[140.73161,36.88878],[140.73286,36.88907],[140.73316,36.88971],[140.73357,36.89002],[140.73412,36.89029],[140.73452,36.89021],[140.73498,36.89034],[140.73515,36.89087],[140.73589,36.89092],[140.73605,36.89086],[140.73562,36.89056],[140.73677,36.89048],[140.73711,36.89006],[140.73763,36.88975],[140.73783,36.8894],[140.73771,36.88862],[140.73985,36.88846],[140.74246,36.88916],[140.74556,36.88934],[140.74596,36.88904],[140.74654,36.8882],[140.74668,36.88749],[140.74631,36.88601],[140.74164,36.88629],[140.74018,36.88693],[140.7395,36.88674],[140.73913,36.88603],[140.73841,36.88555],[140.73832,36.8846],[140.73789,36.88439],[140.73815,36.88415],[140.7375,36.88376],[140.73749,36.88346],[140.73706,36.88265],[140.73698,36.88193],[140.73613,36.88181],[140.73483,36.88132],[140.73474,36.8812],[140.73486,36.88056],[140.73446,36.88023],[140.73243,36.88014],[140.73172,36.87884],[140.73107,36.87853],[140.73021,36.87851],[140.73009,36.87822],[140.73017,36.87789],[140.72994,36.87738],[140.73006,36.87692],[140.72959,36.8764],[140.72955,36.87557],[140.72896,36.87512],[140.72891,36.87432],[140.72815,36.87426],[140.72728,36.87442],[140.72507,36.87372],[140.72457,36.87337],[140.72407,36.87271],[140.72335,36.87111],[140.72123,36.87074],[140.72027,36.87133],[140.71986,36.87251],[140.71936,36.8726],[140.71763,36.87229],[140.71698,36.87233],[140.71573,36.87253],[140.71322,36.87346],[140.71211,36.87434],[140.71014,36.87628],[140.70971,36.87713],[140.70841,36.87752],[140.70778,36.87816],[140.70568,36.87852],[140.70551,36.87877],[140.70542,36.8797],[140.7051,36.88007],[140.7051,36.88039],[140.70599,36.88107],[140.70605,36.88147],[140.70427,36.88169],[140.70395,36.88196],[140.70364,36.88198],[140.70345,36.88289],[140.70247,36.8835],[140.70088,36.88374],[140.69886,36.88367],[140.69829,36.88446],[140.6972,36.88513],[140.6963,36.88618],[140.69641,36.8866],[140.69687,36.88716],[140.69685,36.88745],[140.69563,36.88807],[140.69503,36.88883],[140.69455,36.8886],[140.69339,36.88846],[140.69233,36.88753],[140.69086,36.88851],[140.68914,36.8882],[140.68821,36.88841],[140.68805,36.88861],[140.68843,36.88916],[140.68838,36.88939],[140.68665,36.89027],[140.68664,36.89042],[140.68749,36.89126],[140.68784,36.89199],[140.68865,36.89231],[140.68915,36.89278],[140.69097,36.89322],[140.69198,36.89275],[140.69325,36.89296],[140.69475,36.89258],[140.6962,36.89322],[140.69651,36.89269],[140.6973,36.89227],[140.69978,36.89217],[140.70203,36.89242],[140.70655,36.89254],[140.70909,36.89288],[140.71386,36.89316],[140.71779,36.89282],[140.71901,36.89259],[140.72019,36.89209]]]},"properties":{"key":"072041090","name":"瀬戸町","pref":"福島県","prefCode":"07","municipality":"いわき市","areaM2":6421259.41,"population":187,"toponymIds":["07-99611b0318"]}},{"type":"Feature","geometry":{"type":"Polygon","coordinates":[[[140.82229,36.94869],[140.82259,36.94861],[140.82266,36.94842],[140.82306,36.94846],[140.82348,36.94814],[140.82349,36.94783],[140.82477,36.94774],[140.82522,36.94643],[140.82615,36.94634],[140.82664,36.94592],[140.82723,36.94581],[140.82764,36.94542],[140.82823,36.94533],[140.82865,36.94501],[140.82852,36.94453],[140.82752,36.94379],[140.82734,36.94339],[140.827,36.94315],[140.82684,36.94259],[140.82711,36.94221],[140.82689,36.94134],[140.82727,36.94092],[140.82741,36.93934],[140.82768,36.93892],[140.82778,36.93805],[140.82806,36.93767],[140.82775,36.93729],[140.82816,36.93683],[140.82797,36.9365],[140.82648,36.93664],[140.82564,36.93625],[140.82494,36.93716],[140.82447,36.93748],[140.82426,36.93807],[140.82383,36.93789],[140.82318,36.93596],[140.82282,36.93559],[140.82164,36.93546],[140.82122,36.93524],[140.81869,36.93563],[140.81706,36.93606],[140.81629,36.93592],[140.81637,36.93523],[140.8161,36.93436],[140.81702,36.93422],[140.81714,36.93388],[140.81655,36.93356],[140.81621,36.93266],[140.81572,36.93311],[140.81513,36.93328],[140.81437,36.93401],[140.81402,36.93402],[140.81309,36.93446],[140.81286,36.9352],[140.81316,36.93572],[140.81292,36.93587],[140.81202,36.93604],[140.81151,36.93581],[140.80994,36.9359],[140.80898,36.93558],[140.80855,36.93565],[140.80818,36.93511],[140.80764,36.93493],[140.80709,36.93497],[140.8068,36.93438],[140.8062,36.93431],[140.8055,36.93385],[140.80517,36.93393],[140.80481,36.93443],[140.80444,36.93446],[140.80314,36.93541],[140.80226,36.93659],[140.8018,36.93672],[140.80168,36.9371],[140.80091,36.93717],[140.80056,36.93758],[140.80016,36.93721],[140.79926,36.93775],[140.79763,36.93568],[140.79638,36.93325],[140.79547,36.93589],[140.79508,36.93767],[140.7941,36.93924],[140.79325,36.93986],[140.79387,36.94016],[140.79423,36.94092],[140.795,36.9416],[140.79545,36.94254],[140.79592,36.94277],[140.79609,36.9433],[140.79655,36.9435],[140.79705,36.94302],[140.79753,36.94302],[140.79875,36.94359],[140.79903,36.94351],[140.79985,36.94379],[140.80054,36.94369],[140.80105,36.9439],[140.80158,36.94373],[140.80186,36.94392],[140.80363,36.94428],[140.80425,36.94478],[140.80416,36.94507],[140.80511,36.94662],[140.80654,36.94727],[140.80705,36.94721],[140.80706,36.94755],[140.80744,36.94775],[140.80739,36.94797],[140.80851,36.9482],[140.80915,36.94885],[140.80961,36.94869],[140.81065,36.9487],[140.81094,36.94831],[140.81219,36.94801],[140.81235,36.94719],[140.81265,36.94664],[140.81322,36.94608],[140.813,36.94585],[140.81319,36.94565],[140.81303,36.94547],[140.81349,36.94492],[140.8139,36.94486],[140.81381,36.94474],[140.81426,36.94412],[140.8147,36.94397],[140.81491,36.9437],[140.81539,36.94378],[140.81578,36.94359],[140.81621,36.94379],[140.81617,36.94392],[140.81717,36.94483],[140.81742,36.94488],[140.81752,36.94517],[140.81868,36.94576],[140.81873,36.9463],[140.81818,36.9469],[140.81833,36.94746],[140.81812,36.94771],[140.81818,36.94817],[140.81743,36.94847],[140.81705,36.94834],[140.81694,36.94853],[140.81708,36.9487],[140.81709,36.95081],[140.81738,36.95112],[140.81825,36.95129],[140.81865,36.95185],[140.81878,36.95234],[140.81921,36.95232],[140.81961,36.95197],[140.82009,36.95193],[140.82099,36.95146],[140.82124,36.9502],[140.82106,36.94969],[140.82156,36.94918],[140.82189,36.94916],[140.82229,36.94869]]]},"properties":{"key":"072040970","name":"添野町","pref":"福島県","prefCode":"07","municipality":"いわき市","areaM2":3508786.897,"population":146,"toponymIds":["07-f0c1c6f6d2"]}},{"type":"Feature","geometry":{"type":"Polygon","coordinates":[[[140.83098,37.10749],[140.83383,37.10734],[140.83598,37.10699],[140.8459,37.10393],[140.84639,37.10334],[140.84669,37.10241],[140.84742,37.10231],[140.84741,37.10176],[140.84788,37.10165],[140.84793,37.10113],[140.84828,37.10086],[140.85077,37.10086],[140.8513,37.10072],[140.85257,37.10135],[140.85557,37.10011],[140.85561,37.09985],[140.85641,37.09912],[140.85734,37.09905],[140.85783,37.09882],[140.85986,37.09843],[140.86079,37.09595],[140.86093,37.09577],[140.86151,37.0958],[140.8624,37.09485],[140.86222,37.09346],[140.86171,37.09309],[140.86181,37.09289],[140.86351,37.09117],[140.8641,37.09016],[140.86435,37.09],[140.86459,37.09034],[140.8647,37.0907],[140.86461,37.09165],[140.86474,37.0917],[140.86335,37.09428],[140.86469,37.09474],[140.86665,37.09117],[140.86977,37.09014],[140.87216,37.08786],[140.87172,37.08766],[140.87071,37.08755],[140.86974,37.08708],[140.86995,37.08632],[140.87049,37.08572],[140.87006,37.08567],[140.8706,37.08493],[140.8714,37.08429],[140.87394,37.08284],[140.87472,37.08153],[140.87501,37.08004],[140.8746,37.07929],[140.87299,37.07862],[140.87218,37.07776],[140.87227,37.07687],[140.87283,37.07636],[140.87136,37.07532],[140.87008,37.07471],[140.86882,37.0745],[140.86519,37.07431],[140.8629,37.07531],[140.86169,37.07542],[140.85807,37.0767],[140.85653,37.07758],[140.85615,37.07793],[140.85575,37.07866],[140.85563,37.07924],[140.85535,37.07941],[140.85423,37.08097],[140.85355,37.08148],[140.85387,37.08213],[140.85281,37.08321],[140.84821,37.08449],[140.84603,37.08461],[140.84561,37.08505],[140.84435,37.08506],[140.84391,37.08558],[140.84296,37.08578],[140.84291,37.08524],[140.84269,37.085],[140.84245,37.08499],[140.84222,37.08601],[140.84011,37.0861],[140.83937,37.08553],[140.8388,37.08562],[140.83831,37.0853],[140.83689,37.08514],[140.8343,37.08533],[140.83355,37.0851],[140.8331,37.0845],[140.83386,37.08339],[140.83338,37.08276],[140.83284,37.08259],[140.83328,37.08202],[140.83278,37.08159],[140.83311,37.08101],[140.83258,37.08062],[140.83264,37.08014],[140.83187,37.07953],[140.83049,37.07973],[140.8298,37.07959],[140.82737,37.08081],[140.8268,37.08082],[140.82648,37.08154],[140.82617,37.08171],[140.82589,37.08217],[140.82541,37.08229],[140.82515,37.0831],[140.82422,37.0834],[140.8238,37.08326],[140.82331,37.08332],[140.82317,37.08429],[140.82246,37.08538],[140.82251,37.08554],[140.82187,37.08594],[140.82135,37.08653],[140.82122,37.08772],[140.82105,37.0878],[140.82132,37.09036],[140.82006,37.09041],[140.81932,37.09107],[140.8186,37.09124],[140.81845,37.09119],[140.81817,37.09023],[140.81738,37.09005],[140.81669,37.0903],[140.81571,37.09109],[140.81476,37.0913],[140.81383,37.09176],[140.81307,37.09149],[140.81254,37.09152],[140.81108,37.09246],[140.81056,37.09302],[140.81051,37.09336],[140.80937,37.0939],[140.80921,37.09418],[140.80637,37.0954],[140.80489,37.09532],[140.80195,37.09412],[140.80131,37.0937],[140.80017,37.09257],[140.79868,37.09431],[140.79993,37.09621],[140.80037,37.09746],[140.80099,37.09839],[140.80177,37.09876],[140.80349,37.10003],[140.8039,37.10078],[140.80529,37.10225],[140.80649,37.1044],[140.80711,37.10449],[140.80793,37.10489],[140.80842,37.10486],[140.80941,37.10442],[140.8102,37.10483],[140.81204,37.10492],[140.81264,37.10525],[140.81315,37.10509],[140.81335,37.10525],[140.81392,37.10528],[140.815,37.10508],[140.81574,37.10514],[140.81645,37.10542],[140.81718,37.10516],[140.81803,37.10538],[140.81967,37.10551],[140.82282,37.10528],[140.82324,37.10577],[140.82569,37.10668],[140.82648,37.10726],[140.82661,37.10752],[140.83098,37.10749]]]},"properties":{"key":"072040450","name":"平赤井","pref":"福島県","prefCode":"07","municipality":"いわき市","areaM2":12577458.603,"population":4466,"toponymIds":["07-9f6494cda1","07-60ebc6db0c","07-95160c7a38","07-26d92ab288"]}},{"type":"Feature","geometry":{"type":"Polygon","coordinates":[[[140.94895,37.05922],[140.95114,37.05791],[140.95206,37.05766],[140.9541,37.05754],[140.9531,37.0543],[140.95246,37.05324],[140.953,37.05302],[140.95283,37.05263],[140.95198,37.05259],[140.95207,37.05214],[140.9516,37.05196],[140.95109,37.05107],[140.95114,37.05071],[140.95091,37.05044],[140.95042,37.05037],[140.94976,37.05064],[140.94944,37.05056],[140.94934,37.05149],[140.94291,37.05121],[140.94284,37.05226],[140.94043,37.05226],[140.94038,37.05276],[140.94,37.05309],[140.93914,37.05326],[140.93825,37.05389],[140.93877,37.05526],[140.93993,37.05527],[140.93958,37.0555],[140.93958,37.05579],[140.94114,37.05583],[140.9411,37.05632],[140.94364,37.0564],[140.94354,37.05796],[140.94334,37.05847],[140.94424,37.05843],[140.94428,37.059],[140.94517,37.05922],[140.9455,37.05946],[140.94701,37.06108],[140.94782,37.06045],[140.94895,37.05922]]]},"properties":{"key":"072040340","name":"平荒田目","pref":"福島県","prefCode":"07","municipality":"いわき市","areaM2":904211.924,"population":312,"toponymIds":["07-4737225a3c"]}},{"type":"Feature","geometry":{"type":"Polygon","coordinates":[[[140.94105,37.08297],[140.9418,37.08261],[140.94183,37.08232],[140.9424,37.08151],[140.94356,37.08145],[140.9439,37.08161],[140.94448,37.08151],[140.94502,37.08167],[140.94577,37.08113],[140.94603,37.08134],[140.94781,37.0806],[140.9487,37.08004],[140.94943,37.08012],[140.95103,37.07965],[140.95258,37.07947],[140.95357,37.08133],[140.9556,37.081],[140.95543,37.0802],[140.95794,37.07845],[140.95761,37.07808],[140.95711,37.07818],[140.95673,37.07789],[140.95679,37.07698],[140.95651,37.07658],[140.95633,37.07666],[140.95616,37.07647],[140.95621,37.0762],[140.95585,37.07596],[140.95447,37.07607],[140.95452,37.07635],[140.95251,37.07641],[140.95164,37.07618],[140.95035,37.07457],[140.94902,37.07149],[140.94687,37.07164],[140.94682,37.07114],[140.94621,37.07117],[140.94615,37.07064],[140.94572,37.07067],[140.94566,37.07006],[140.94256,37.07046],[140.94208,37.0708],[140.94203,37.07104],[140.93951,37.07065],[140.93874,37.07212],[140.93845,37.07218],[140.93863,37.0724],[140.9388,37.07333],[140.93806,37.07401],[140.93777,37.07485],[140.93778,37.07504],[140.93816,37.07502],[140.93802,37.07948],[140.93844,37.07967],[140.93843,37.07993],[140.93816,37.07999],[140.93852,37.08053],[140.93818,37.08095],[140.9384,37.08134],[140.939,37.08165],[140.93879,37.08293],[140.93976,37.08293],[140.94008,37.0834],[140.94065,37.08354],[140.94105,37.08297]]]},"properties":{"key":"072040380","name":"平泉崎","pref":"福島県","prefCode":"07","municipality":"いわき市","areaM2":1508427.843,"population":1994,"toponymIds":["07-91c381c893"]}},{"type":"Feature","geometry":{"type":"Polygon","coordinates":[[[140.97585,37.00833],[140.97648,37.00829],[140.97753,37.00764],[140.97798,37.00757],[140.97857,37.00711],[140.97954,37.00801],[140.97968,37.00767],[140.97957,37.00757],[140.97956,37.00666],[140.97929,37.00654],[140.97826,37.00665],[140.97822,37.00708],[140.97785,37.00742],[140.9766,37.00777],[140.97634,37.00814],[140.97597,37.00812],[140.97584,37.00827],[140.97418,37.00761],[140.97435,37.00706],[140.97602,37.00725],[140.97603,37.00693],[140.97567,37.00674],[140.97593,37.00617],[140.97609,37.00622],[140.97643,37.00572],[140.97648,37.00483],[140.97614,37.00476],[140.97621,37.0046],[140.97599,37.00452],[140.97597,37.0042],[140.97504,37.00422],[140.97506,37.0045],[140.97554,37.00513],[140.97458,37.00531],[140.97471,37.00552],[140.97404,37.00555],[140.9736,37.00535],[140.9736,37.00569],[140.97343,37.00578],[140.97347,37.0069],[140.97309,37.0069],[140.97291,37.00575],[140.97243,37.00467],[140.9725,37.00433],[140.9722,37.00422],[140.97224,37.00381],[140.97195,37.0035],[140.97248,37.00291],[140.9723,37.00288],[140.97233,37.00271],[140.97213,37.00269],[140.97212,37.00252],[140.97248,37.00239],[140.97326,37.00143],[140.97493,37.00176],[140.97516,37.00138],[140.97589,37.00167],[140.97567,37.00202],[140.9761,37.00209],[140.97652,37.00245],[140.97656,37.00211],[140.97602,37.00172],[140.97611,37.0013],[140.97625,37.00118],[140.97675,37.00131],[140.97695,37.00118],[140.97833,36.99909],[140.97895,36.99854],[140.97911,36.99868],[140.97967,36.99858],[140.97982,36.99884],[140.98032,36.99891],[140.97935,37.00003],[140.97918,37.00103],[140.98015,37.0009],[140.98068,36.99971],[140.98131,36.99915],[140.98147,36.99779],[140.98165,36.99777],[140.98143,36.99772],[140.98128,36.99743],[140.98145,36.99676],[140.98174,36.99652],[140.98243,36.99676],[140.98265,36.99669],[140.98208,36.99649],[140.98201,36.99621],[140.98222,36.99615],[140.98158,36.9961],[140.98168,36.99577],[140.98296,36.99551],[140.98243,36.99497],[140.9812,36.99454],[140.98019,36.99489],[140.97954,36.99444],[140.97857,36.99424],[140.97801,36.99473],[140.97793,36.99573],[140.97717,36.99573],[140.97656,36.99624],[140.97541,36.99645],[140.97505,36.99688],[140.97493,36.99757],[140.97456,36.99796],[140.97388,36.9978],[140.97299,36.99844],[140.97251,36.99796],[140.97215,36.99798],[140.97181,36.99739],[140.97065,36.998],[140.9695,36.99809],[140.97004,36.9988],[140.96962,36.99943],[140.97026,36.99976],[140.97082,37.00081],[140.97094,37.00236],[140.97006,37.00245],[140.97005,37.00382],[140.96944,37.00415],[140.96983,37.0048],[140.96806,37.00643],[140.96788,37.00692],[140.96942,37.00786],[140.97086,37.00775],[140.97268,37.00789],[140.97346,37.00814],[140.97374,37.00793],[140.97453,37.0079],[140.97551,37.00835],[140.97585,37.00833]]]},"properties":{"key":"072040260","name":"平薄磯","pref":"福島県","prefCode":"07","municipality":"いわき市","areaM2":790278.937,"population":217,"toponymIds":["07-300cdb482b"]}},{"type":"Feature","geometry":{"type":"Polygon","coordinates":[[[140.91103,37.09397],[140.9121,37.09397],[140.91252,37.09366],[140.91291,37.09368],[140.91352,37.09331],[140.91467,37.09345],[140.91504,37.09327],[140.91591,37.09342],[140.91745,37.09305],[140.91823,37.0932],[140.91919,37.09248],[140.92022,37.09268],[140.92094,37.09237],[140.9209,37.09148],[140.92115,37.09122],[140.92149,37.09114],[140.92228,37.09137],[140.92281,37.09068],[140.9238,37.09102],[140.92425,37.09076],[140.92473,37.08935],[140.92523,37.08873],[140.92591,37.08848],[140.9262,37.08797],[140.92642,37.08683],[140.92613,37.08598],[140.92662,37.08469],[140.92654,37.0841],[140.92589,37.08355],[140.92646,37.08317],[140.92659,37.0829],[140.92625,37.08178],[140.92679,37.08137],[140.92705,37.08085],[140.92807,37.08042],[140.92855,37.08039],[140.92967,37.07978],[140.92966,37.07957],[140.93024,37.07952],[140.93003,37.07936],[140.931,37.07918],[140.9305,37.07732],[140.93161,37.07721],[140.93188,37.07701],[140.93251,37.07704],[140.93259,37.07648],[140.93218,37.07633],[140.93183,37.07558],[140.93173,37.07562],[140.93179,37.07612],[140.93166,37.0762],[140.93127,37.07598],[140.93068,37.07598],[140.93054,37.07575],[140.93092,37.07495],[140.93076,37.07444],[140.92933,37.07357],[140.92897,37.0739],[140.92862,37.07399],[140.92857,37.07377],[140.9288,37.0736],[140.92892,37.07302],[140.92849,37.07367],[140.9279,37.0741],[140.92831,37.07312],[140.92776,37.07301],[140.92733,37.07305],[140.92664,37.07346],[140.92239,37.07327],[140.92144,37.07406],[140.92037,37.07467],[140.91934,37.07443],[140.91807,37.07518],[140.91826,37.07471],[140.918,37.07489],[140.91752,37.07485],[140.91729,37.07453],[140.91733,37.07413],[140.9168,37.07358],[140.91664,37.07368],[140.91694,37.07401],[140.917,37.07452],[140.91605,37.07403],[140.91598,37.07429],[140.91646,37.07456],[140.91629,37.07486],[140.91646,37.07495],[140.91669,37.07464],[140.91721,37.07491],[140.91747,37.07565],[140.9178,37.07586],[140.91779,37.076],[140.91698,37.07557],[140.91737,37.07593],[140.91699,37.07615],[140.91612,37.07616],[140.91495,37.07585],[140.91495,37.07645],[140.91465,37.07667],[140.91549,37.07681],[140.91647,37.07652],[140.91639,37.07684],[140.91657,37.07698],[140.91686,37.0766],[140.91741,37.07657],[140.91769,37.07683],[140.91789,37.07649],[140.91793,37.07695],[140.91755,37.07705],[140.91753,37.07728],[140.91766,37.0775],[140.91828,37.07776],[140.91738,37.0779],[140.91687,37.07731],[140.91735,37.07793],[140.91666,37.07827],[140.91631,37.07782],[140.91583,37.07742],[140.91572,37.07749],[140.91564,37.07803],[140.91605,37.07792],[140.91629,37.07816],[140.91622,37.07842],[140.9165,37.07827],[140.91635,37.07856],[140.91592,37.07856],[140.91541,37.07829],[140.91513,37.0779],[140.91521,37.07829],[140.91501,37.07833],[140.91502,37.07864],[140.91561,37.07865],[140.91509,37.07876],[140.91436,37.07858],[140.91375,37.07779],[140.91375,37.07733],[140.91308,37.07685],[140.91261,37.07683],[140.91281,37.07695],[140.91211,37.07721],[140.91109,37.07832],[140.91021,37.07879],[140.90998,37.07929],[140.9091,37.07967],[140.90838,37.08087],[140.90766,37.08137],[140.90716,37.08257],[140.90458,37.08494],[140.9042,37.08565],[140.90416,37.08653],[140.90332,37.08737],[140.90294,37.08798],[140.90373,37.08815],[140.90385,37.0888],[140.90479,37.08999],[140.90471,37.09016],[140.90559,37.09015],[140.90593,37.09043],[140.90646,37.09136],[140.90653,37.0919],[140.90637,37.09233],[140.9048,37.09346],[140.9056,37.09359],[140.90605,37.09396],[140.90775,37.09293],[140.90852,37.09272],[140.90915,37.09316],[140.90953,37.09367],[140.91013,37.09373],[140.91072,37.09403],[140.91103,37.09397]]]},"properties":{"key":"072040230","name":"平上片寄","pref":"福島県","prefCode":"07","municipality":"いわき市","areaM2":3576624.456,"population":450,"toponymIds":["07-de44f46200"]}},{"type":"Feature","geometry":{"type":"Polygon","coordinates":[[[140.91561,37.07865],[140.91502,37.07864],[140.91501,37.07833],[140.91521,37.07829],[140.9151,37.07791],[140.91541,37.07829],[140.91592,37.07856],[140.91635,37.07856],[140.91649,37.0784],[140.9165,37.07827],[140.91622,37.07842],[140.91629,37.07816],[140.91605,37.07792],[140.91564,37.07803],[140.91583,37.07742],[140.91666,37.07827],[140.91735,37.07793],[140.91687,37.07731],[140.91738,37.0779],[140.91828,37.07776],[140.91766,37.0775],[140.91753,37.07728],[140.91755,37.07705],[140.91793,37.07695],[140.91789,37.07649],[140.91769,37.07683],[140.91741,37.07657],[140.91686,37.0766],[140.91657,37.07698],[140.91639,37.07684],[140.91647,37.07652],[140.91549,37.07681],[140.91485,37.07677],[140.91465,37.07667],[140.91495,37.07645],[140.91493,37.07586],[140.91612,37.07616],[140.91699,37.07615],[140.91737,37.07593],[140.91698,37.07557],[140.91779,37.076],[140.9178,37.07586],[140.91747,37.07565],[140.91721,37.07491],[140.91669,37.07464],[140.91646,37.07495],[140.91629,37.07486],[140.91646,37.07456],[140.91598,37.07429],[140.91605,37.07403],[140.917,37.07452],[140.91694,37.07401],[140.91664,37.07368],[140.9168,37.07358],[140.91733,37.07413],[140.91729,37.07453],[140.91752,37.07485],[140.918,37.07489],[140.91826,37.07471],[140.91807,37.07518],[140.91922,37.0746],[140.91934,37.07443],[140.9185,37.07411],[140.91795,37.07408],[140.91788,37.07358],[140.91726,37.0732],[140.91719,37.07262],[140.91741,37.07228],[140.91809,37.07226],[140.91834,37.07178],[140.9187,37.07155],[140.91902,37.07143],[140.91963,37.07154],[140.92062,37.07079],[140.92167,37.07057],[140.92216,37.06965],[140.92252,37.06957],[140.92274,37.06745],[140.92336,37.06748],[140.92346,37.06666],[140.92283,37.0666],[140.92303,37.06459],[140.91427,37.06423],[140.91443,37.06477],[140.91391,37.06472],[140.91302,37.06516],[140.91282,37.06568],[140.91305,37.06615],[140.91281,37.06686],[140.91321,37.06752],[140.91312,37.0677],[140.91367,37.06798],[140.91341,37.06776],[140.91353,37.06764],[140.9149,37.06892],[140.91472,37.06918],[140.9145,37.06897],[140.91433,37.06917],[140.91445,37.06974],[140.91427,37.07003],[140.91411,37.06978],[140.91424,37.06881],[140.91393,37.06848],[140.91363,37.06857],[140.9138,37.06874],[140.91334,37.06977],[140.91311,37.06937],[140.91333,37.06916],[140.91352,37.0685],[140.91294,37.06855],[140.91282,37.06973],[140.91297,37.06993],[140.91286,37.06996],[140.91397,37.07072],[140.91447,37.07137],[140.91438,37.07173],[140.91497,37.0722],[140.91483,37.07247],[140.91512,37.07393],[140.91394,37.07461],[140.91354,37.07526],[140.91232,37.07537],[140.91271,37.07597],[140.9121,37.07675],[140.91211,37.07721],[140.91281,37.07695],[140.91261,37.07683],[140.91308,37.07685],[140.91375,37.07733],[140.91375,37.07779],[140.91436,37.07858],[140.91509,37.07876],[140.91561,37.07865]]]},"properties":{"key":"072040220","name":"平上神谷","pref":"福島県","prefCode":"07","municipality":"いわき市","areaM2":861882.478,"population":251,"toponymIds":["07-af67964ead"]}},{"type":"Feature","geometry":{"type":"Polygon","coordinates":[[[140.92629,37.03878],[140.92716,37.03877],[140.92827,37.03824],[140.92871,37.03828],[140.92941,37.03873],[140.93004,37.03859],[140.93091,37.03812],[140.9318,37.03828],[140.93219,37.03752],[140.93244,37.03743],[140.93345,37.0374],[140.93409,37.03806],[140.93602,37.03665],[140.93739,37.03693],[140.93955,37.03655],[140.94025,37.03792],[140.94052,37.0376],[140.94113,37.03745],[140.94141,37.03719],[140.9423,37.03701],[140.94252,37.03656],[140.94219,37.03521],[140.94154,37.03426],[140.94151,37.034],[140.94188,37.03324],[140.94217,37.0332],[140.94208,37.03278],[140.94243,37.03236],[140.94213,37.0321],[140.9422,37.03153],[140.94269,37.03101],[140.94278,37.03071],[140.94276,37.03052],[140.94249,37.03055],[140.94284,37.02946],[140.94295,37.0285],[140.94277,37.02844],[140.94287,37.02635],[140.94149,37.02634],[140.9414,37.02783],[140.94087,37.02765],[140.94022,37.02807],[140.94026,37.02825],[140.93908,37.02844],[140.93903,37.02882],[140.93789,37.02886],[140.9357,37.02987],[140.93476,37.02981],[140.93479,37.02907],[140.93438,37.02855],[140.9354,37.0278],[140.9355,37.02756],[140.93498,37.02606],[140.93447,37.02596],[140.93406,37.02535],[140.93412,37.02441],[140.93462,37.0236],[140.93367,37.02359],[140.93171,37.02317],[140.93145,37.0232],[140.93118,37.02368],[140.93069,37.02352],[140.93025,37.0231],[140.9291,37.02282],[140.92906,37.02256],[140.92846,37.02199],[140.92782,37.02164],[140.92808,37.02114],[140.92759,37.02034],[140.92779,37.01959],[140.92734,37.01921],[140.92778,37.01873],[140.92797,37.01819],[140.92753,37.01695],[140.92909,37.01642],[140.92675,37.017],[140.92535,37.01673],[140.92688,37.01621],[140.92831,37.01533],[140.92835,37.01475],[140.92813,37.0141],[140.92588,37.01227],[140.92535,37.0115],[140.92442,37.00944],[140.92359,37.00892],[140.92229,37.00852],[140.92129,37.00743],[140.92077,37.00752],[140.9205,37.00734],[140.91935,37.00737],[140.91901,37.00747],[140.91897,37.00809],[140.91859,37.00831],[140.91857,37.00877],[140.91819,37.00826],[140.91792,37.00821],[140.91744,37.00847],[140.91688,37.00853],[140.91674,37.00893],[140.91679,37.00967],[140.91653,37.00999],[140.91576,37.0099],[140.91565,37.01017],[140.91528,37.01016],[140.91774,37.01262],[140.92014,37.01393],[140.92112,37.01486],[140.92275,37.01863],[140.9241,37.02018],[140.92463,37.02207],[140.92411,37.02262],[140.92318,37.02257],[140.9221,37.02299],[140.92222,37.02363],[140.92247,37.02401],[140.92358,37.02451],[140.92358,37.0254],[140.92475,37.02584],[140.92543,37.02745],[140.92613,37.02779],[140.92829,37.02964],[140.92827,37.03024],[140.92804,37.03057],[140.92847,37.03085],[140.92854,37.03119],[140.92813,37.03169],[140.92806,37.03226],[140.92736,37.03237],[140.92645,37.03278],[140.92613,37.03306],[140.92565,37.03391],[140.92408,37.03389],[140.92435,37.03431],[140.92364,37.03525],[140.92342,37.03654],[140.92406,37.03774],[140.924,37.03825],[140.92448,37.03853],[140.92463,37.039],[140.92531,37.03905],[140.92629,37.03878]]]},"properties":{"key":"072040180","name":"平上高久","pref":"福島県","prefCode":"07","municipality":"いわき市","areaM2":2980537.209,"population":264,"toponymIds":["07-b1f55e709b","07-ea6dd13a5b"]}},{"type":"Feature","geometry":{"type":"Polygon","coordinates":[[[140.89011,37.11625],[140.89087,37.11632],[140.89171,37.11585],[140.89258,37.11461],[140.89237,37.11415],[140.89188,37.11366],[140.89195,37.11346],[140.8929,37.11296],[140.89362,37.11231],[140.89348,37.11145],[140.89306,37.11101],[140.89291,37.11052],[140.89309,37.11005],[140.89354,37.10959],[140.89415,37.10675],[140.89443,37.10618],[140.89538,37.10589],[140.89597,37.10621],[140.89652,37.10598],[140.89759,37.10516],[140.89734,37.10419],[140.89865,37.10411],[140.90051,37.10324],[140.90078,37.1027],[140.90082,37.10191],[140.90116,37.10119],[140.9015,37.101],[140.90154,37.10069],[140.90202,37.10028],[140.90174,37.09982],[140.90108,37.09969],[140.90087,37.09866],[140.90008,37.09869],[140.90004,37.09856],[140.9008,37.09776],[140.90054,37.09705],[140.90058,37.0955],[140.89934,37.09526],[140.89929,37.09506],[140.89853,37.09473],[140.89809,37.0943],[140.89739,37.09431],[140.89732,37.0941],[140.89747,37.0939],[140.89636,37.09398],[140.89607,37.09381],[140.89583,37.09409],[140.89555,37.09408],[140.89224,37.09271],[140.89079,37.09238],[140.89042,37.09249],[140.89089,37.09301],[140.89078,37.09316],[140.89006,37.09279],[140.88947,37.09181],[140.88912,37.09177],[140.88899,37.09206],[140.88869,37.09174],[140.88781,37.09162],[140.88768,37.09218],[140.88709,37.09191],[140.88593,37.09193],[140.88359,37.09149],[140.88343,37.09118],[140.88242,37.09122],[140.88216,37.09098],[140.8828,37.09007],[140.88314,37.08917],[140.88291,37.08898],[140.88287,37.08847],[140.87658,37.08785],[140.87584,37.08825],[140.87762,37.08973],[140.87869,37.09094],[140.87365,37.09048],[140.87316,37.09107],[140.87293,37.09166],[140.87087,37.09231],[140.87122,37.09309],[140.87111,37.09313],[140.87115,37.09353],[140.87022,37.09485],[140.86885,37.09537],[140.86872,37.09475],[140.86718,37.09584],[140.86653,37.09667],[140.86651,37.09739],[140.86678,37.09733],[140.86656,37.09817],[140.86671,37.0985],[140.86728,37.09745],[140.86768,37.09735],[140.86997,37.09715],[140.87055,37.0974],[140.8712,37.09741],[140.87179,37.09829],[140.87195,37.09882],[140.87252,37.09877],[140.87276,37.09988],[140.87279,37.10121],[140.87391,37.10357],[140.87432,37.10364],[140.87449,37.10387],[140.87623,37.10377],[140.87643,37.1041],[140.87624,37.10466],[140.87633,37.10518],[140.87738,37.10521],[140.87769,37.10574],[140.87834,37.10586],[140.879,37.10651],[140.87951,37.10642],[140.88048,37.10694],[140.88066,37.10745],[140.87912,37.10745],[140.87787,37.1085],[140.87791,37.10886],[140.87821,37.10929],[140.87787,37.10991],[140.87838,37.11025],[140.87825,37.11064],[140.87837,37.11107],[140.87912,37.11184],[140.87885,37.11236],[140.87929,37.11298],[140.87877,37.11439],[140.87847,37.11456],[140.87868,37.1155],[140.87861,37.11579],[140.88132,37.11606],[140.88191,37.11567],[140.88271,37.11464],[140.88445,37.115],[140.88522,37.11544],[140.88597,37.11454],[140.88707,37.11415],[140.88784,37.11435],[140.88834,37.11471],[140.88857,37.11529],[140.88894,37.11551],[140.88888,37.11583],[140.88924,37.11647],[140.88952,37.11666],[140.89011,37.11625]]]},"properties":{"key":"072040020","name":"平上平窪","pref":"福島県","prefCode":"07","municipality":"いわき市","areaM2":5342333.454,"population":765,"toponymIds":["07-0ca0948407","07-3788d73282","07-e861b00aaf"]}},{"type":"Feature","geometry":{"type":"Polygon","coordinates":[[[140.93962,37.02226],[140.94015,37.0218],[140.94034,37.02137],[140.94092,37.02115],[140.94141,37.02052],[140.94068,37.02045],[140.94016,37.02005],[140.9401,37.01984],[140.94037,37.01933],[140.94117,37.01926],[140.94215,37.01947],[140.94265,37.01833],[140.9425,37.01716],[140.94289,37.01666],[140.94323,37.01476],[140.94607,37.0134],[140.94635,37.01319],[140.94678,37.0124],[140.94749,37.01218],[140.9484,37.01215],[140.94848,37.01148],[140.94915,37.01084],[140.94988,37.01135],[140.9512,37.01092],[140.9517,37.01034],[140.9515,37.00984],[140.95155,37.00952],[140.95238,37.00835],[140.95163,37.00808],[140.95097,37.00727],[140.95003,37.00713],[140.94952,37.00669],[140.94972,37.00632],[140.94973,37.00546],[140.94886,37.00442],[140.94837,37.00348],[140.94872,37.00254],[140.94924,37.0018],[140.94991,37.00165],[140.95007,37.00132],[140.94987,37.00091],[140.95019,37.00064],[140.94925,37.00044],[140.94865,37.00049],[140.94753,36.99985],[140.94689,37.00007],[140.94633,36.9998],[140.94545,36.99987],[140.94415,36.9988],[140.94414,36.99851],[140.94371,36.99775],[140.94256,36.99745],[140.94237,36.99707],[140.94174,36.99689],[140.94153,36.9965],[140.94122,36.99632],[140.9398,36.9965],[140.93926,36.9963],[140.93902,36.9968],[140.93828,36.99729],[140.93812,36.9976],[140.93867,36.99886],[140.93745,36.99995],[140.93733,37.00041],[140.93681,37.0007],[140.93664,37.00118],[140.9362,37.0014],[140.93531,37.00148],[140.935,37.00171],[140.93478,37.00285],[140.93444,37.00346],[140.9346,37.0037],[140.93446,37.00408],[140.93455,37.00463],[140.93412,37.00521],[140.93446,37.00586],[140.93424,37.0061],[140.93443,37.00676],[140.93225,37.0079],[140.93014,37.00832],[140.93032,37.00944],[140.93219,37.00944],[140.93254,37.00986],[140.93395,37.00984],[140.93417,37.01015],[140.9348,37.01014],[140.93489,37.01133],[140.93445,37.01135],[140.93446,37.01167],[140.93357,37.0117],[140.93352,37.01246],[140.93307,37.01316],[140.93162,37.01364],[140.93178,37.01454],[140.93248,37.01492],[140.93169,37.0166],[140.93177,37.01697],[140.93331,37.01834],[140.93376,37.01856],[140.9344,37.01855],[140.93497,37.01748],[140.93551,37.01783],[140.93548,37.01818],[140.93571,37.01842],[140.93765,37.01925],[140.93723,37.01995],[140.93765,37.02037],[140.93787,37.02052],[140.93975,37.0208],[140.93914,37.02123],[140.93889,37.02227],[140.93962,37.02226]]]},"properties":{"key":"072040300","name":"平上山口","pref":"福島県","prefCode":"07","municipality":"いわき市","areaM2":2912235.277,"population":157,"toponymIds":["07-476f85f880"]}},{"type":"Feature","geometry":{"type":"Polygon","coordinates":[[[140.94428,37.10104],[140.94489,37.10029],[140.9454,37.10007],[140.94585,37.09951],[140.94652,37.09927],[140.94662,37.09894],[140.94696,37.09877],[140.94704,37.09827],[140.94657,37.09786],[140.94679,37.09733],[140.94732,37.09719],[140.9482,37.09722],[140.94893,37.09692],[140.94958,37.09619],[140.95076,37.09532],[140.95095,37.0945],[140.95347,37.09337],[140.95349,37.09242],[140.95277,37.09165],[140.95115,37.09211],[140.95092,37.09133],[140.95182,37.09099],[140.95176,37.09027],[140.95255,37.09015],[140.95251,37.08994],[140.95289,37.08988],[140.9527,37.08902],[140.95231,37.08908],[140.95246,37.08961],[140.94994,37.08999],[140.95007,37.09052],[140.94569,37.09133],[140.94577,37.09175],[140.94439,37.09219],[140.94443,37.09244],[140.94352,37.0926],[140.94338,37.09209],[140.94241,37.09235],[140.94207,37.09307],[140.9417,37.09288],[140.94124,37.09349],[140.94105,37.09343],[140.94036,37.09436],[140.9395,37.09439],[140.93914,37.09478],[140.93763,37.09465],[140.93703,37.09434],[140.93561,37.0945],[140.93522,37.09431],[140.93406,37.09426],[140.9333,37.09489],[140.93308,37.09538],[140.93278,37.09554],[140.93213,37.09552],[140.93004,37.0961],[140.92948,37.09729],[140.92921,37.09754],[140.92942,37.09763],[140.92952,37.09847],[140.92982,37.09872],[140.93022,37.10003],[140.93011,37.10061],[140.93076,37.10128],[140.93095,37.10212],[140.93111,37.10227],[140.9321,37.10237],[140.93423,37.10193],[140.93591,37.10055],[140.93773,37.10032],[140.93917,37.10117],[140.93943,37.10181],[140.93948,37.10382],[140.93969,37.10393],[140.94019,37.10376],[140.94059,37.10401],[140.94172,37.10369],[140.94179,37.10339],[140.94239,37.10297],[140.94339,37.10301],[140.94411,37.1028],[140.94395,37.10153],[140.94428,37.10104]]]},"properties":{"key":"072040430","name":"平北神谷","pref":"福島県","prefCode":"07","municipality":"いわき市","areaM2":1609829.691,"population":138,"toponymIds":["07-15e237768d","07-4361e182da"]}},{"type":"Feature","geometry":{"type":"Polygon","coordinates":[[[140.924,37.06464],[140.9242,37.06268],[140.92334,37.06235],[140.92339,37.06115],[140.92362,37.06101],[140.92367,37.06049],[140.92408,37.06054],[140.92394,37.0604],[140.92449,37.05962],[140.92571,37.05946],[140.9263,37.05915],[140.92518,37.058],[140.92467,37.05677],[140.92348,37.05578],[140.92261,37.05538],[140.92165,37.05544],[140.91708,37.05607],[140.91391,37.05688],[140.91293,37.05682],[140.91172,37.0564],[140.91168,37.05682],[140.91213,37.05748],[140.91204,37.05772],[140.9129,37.05814],[140.91293,37.05886],[140.91354,37.05901],[140.91358,37.05938],[140.91415,37.05944],[140.9143,37.06155],[140.91413,37.06422],[140.924,37.06464]]]},"properties":{"key":"072040200","name":"平塩","pref":"福島県","prefCode":"07","municipality":"いわき市","areaM2":899272.842,"population":995,"toponymIds":["07-755849fc58","07-32d313c439"]}},{"type":"Feature","geometry":{"type":"Polygon","coordinates":[[[140.90305,37.04093],[140.90442,37.04089],[140.90442,37.04101],[140.90528,37.04116],[140.90581,37.04079],[140.90598,37.0403],[140.90633,37.04021],[140.90707,37.04038],[140.90703,37.04084],[140.90723,37.04104],[140.9083,37.04102],[140.90857,37.04026],[140.90881,37.04007],[140.91011,37.04014],[140.91024,37.03978],[140.91011,37.03882],[140.91091,37.03846],[140.91085,37.03805],[140.91112,37.0373],[140.91051,37.03693],[140.9102,37.0359],[140.91,37.03519],[140.9105,37.03509],[140.90917,37.03375],[140.90822,37.0336],[140.90827,37.03324],[140.90781,37.0332],[140.908,37.03205],[140.90698,37.03194],[140.90703,37.03158],[140.90683,37.03156],[140.9068,37.03176],[140.90575,37.03166],[140.90578,37.03146],[140.90557,37.03145],[140.90562,37.03106],[140.90487,37.03086],[140.90465,37.03039],[140.90425,37.03045],[140.90394,37.03027],[140.9033,37.03052],[140.9029,37.03047],[140.90188,37.02973],[140.90145,37.02964],[140.90123,37.02887],[140.90009,37.02861],[140.89944,37.02811],[140.89829,37.02868],[140.8982,37.02857],[140.89771,37.02865],[140.89733,37.02908],[140.89714,37.02908],[140.8958,37.02815],[140.89551,37.02872],[140.89492,37.02918],[140.89473,37.03017],[140.89478,37.0306],[140.8952,37.03107],[140.8962,37.03125],[140.89632,37.03208],[140.89544,37.03225],[140.89648,37.0338],[140.89593,37.03514],[140.89585,37.03555],[140.89608,37.0358],[140.89561,37.03623],[140.89551,37.03668],[140.89499,37.03666],[140.895,37.03699],[140.89621,37.03714],[140.89629,37.03815],[140.89621,37.03836],[140.89595,37.03844],[140.89617,37.03872],[140.89619,37.03911],[140.89657,37.03931],[140.89685,37.03972],[140.89739,37.03996],[140.89827,37.04092],[140.89919,37.04032],[140.8998,37.04036],[140.90047,37.04129],[140.90305,37.04093]]]},"properties":{"key":"072040140","name":"平下荒川","pref":"福島県","prefCode":"07","municipality":"いわき市","areaM2":1457804.07,"population":3685,"toponymIds":["07-ce759f5143","07-806bc291da"]}},{"type":"Feature","geometry":{"type":"Polygon","coordinates":[[[140.9747,37.05673],[140.97493,37.05666],[140.97537,37.05683],[140.97531,37.0561],[140.97499,37.05401],[140.97378,37.04869],[140.97372,37.04689],[140.97185,37.04714],[140.97136,37.04753],[140.97103,37.04759],[140.97068,37.04723],[140.97054,37.04642],[140.96675,37.04633],[140.96672,37.04687],[140.96715,37.04688],[140.96706,37.04792],[140.96596,37.04787],[140.96602,37.04737],[140.96557,37.04736],[140.96566,37.04628],[140.96502,37.04625],[140.96506,37.04572],[140.96335,37.04562],[140.96339,37.04511],[140.96267,37.04507],[140.96268,37.04486],[140.96234,37.04486],[140.9624,37.04403],[140.96219,37.04402],[140.96222,37.04356],[140.96176,37.04353],[140.96193,37.04193],[140.96022,37.04184],[140.95967,37.04297],[140.95938,37.04298],[140.95896,37.04221],[140.95832,37.04203],[140.95827,37.04162],[140.95731,37.04131],[140.95691,37.041],[140.95551,37.04075],[140.95505,37.03972],[140.95443,37.03894],[140.95412,37.03743],[140.95347,37.03739],[140.95266,37.03788],[140.95202,37.03804],[140.95123,37.03882],[140.94992,37.0389],[140.94975,37.03939],[140.9492,37.03979],[140.94838,37.04006],[140.94724,37.04012],[140.94713,37.04052],[140.94639,37.04109],[140.94646,37.04172],[140.94666,37.04173],[140.94709,37.04276],[140.94706,37.04334],[140.94774,37.04358],[140.94819,37.04354],[140.94829,37.04335],[140.94867,37.04362],[140.94981,37.04314],[140.95018,37.04343],[140.95183,37.04349],[140.95207,37.04381],[140.95256,37.04375],[140.95324,37.04419],[140.95429,37.0445],[140.95446,37.04542],[140.95425,37.04541],[140.95396,37.04576],[140.95373,37.04563],[140.95331,37.04655],[140.95356,37.04688],[140.95361,37.04733],[140.9538,37.04772],[140.95463,37.04755],[140.9564,37.04773],[140.95605,37.04978],[140.9568,37.04986],[140.95767,37.05119],[140.95592,37.05189],[140.95808,37.05545],[140.95922,37.05634],[140.95945,37.05581],[140.96034,37.05498],[140.96123,37.05446],[140.96305,37.05458],[140.96388,37.05504],[140.96517,37.05738],[140.96555,37.05778],[140.96666,37.05864],[140.96775,37.05902],[140.96896,37.05903],[140.97212,37.05819],[140.97375,37.05759],[140.9753,37.05732],[140.9747,37.05673]]]},"properties":{"key":"072040360","name":"平下大越","pref":"福島県","prefCode":"07","municipality":"いわき市","areaM2":2601189.17,"population":516,"toponymIds":["07-43c092d801"]}},{"type":"Feature","geometry":{"type":"Polygon","coordinates":[[[140.96906,37.07655],[140.9702,37.07642],[140.97062,37.076],[140.97041,37.07375],[140.96987,37.07278],[140.96988,37.07232],[140.97012,37.07182],[140.97072,37.07178],[140.97307,37.07043],[140.97356,37.07046],[140.97477,37.07133],[140.9751,37.07088],[140.97506,37.07067],[140.97423,37.07039],[140.97744,37.07001],[140.97654,37.06614],[140.97594,37.06189],[140.9752,37.05816],[140.9753,37.05732],[140.97375,37.05759],[140.97212,37.05819],[140.96896,37.05903],[140.96775,37.05902],[140.96666,37.05864],[140.96555,37.05778],[140.96517,37.05738],[140.96388,37.05504],[140.96351,37.05473],[140.96247,37.05444],[140.96123,37.05446],[140.96034,37.05498],[140.95945,37.05581],[140.95894,37.05705],[140.95798,37.05812],[140.95723,37.05856],[140.95628,37.05854],[140.9544,37.05757],[140.95179,37.0577],[140.94953,37.05879],[140.94734,37.06087],[140.94537,37.06192],[140.94337,37.06228],[140.94136,37.06199],[140.94027,37.06148],[140.94036,37.06199],[140.9402,37.06236],[140.93972,37.06252],[140.93955,37.0629],[140.93973,37.06301],[140.93975,37.06351],[140.93991,37.06365],[140.93923,37.06482],[140.93723,37.06396],[140.93657,37.06396],[140.93684,37.06425],[140.9358,37.07055],[140.93727,37.07074],[140.93759,37.07102],[140.93823,37.07103],[140.93915,37.07146],[140.93951,37.07065],[140.94203,37.07104],[140.94208,37.0708],[140.94256,37.07046],[140.94566,37.07006],[140.94572,37.07067],[140.94615,37.07064],[140.94621,37.07117],[140.94682,37.07114],[140.94687,37.07164],[140.94902,37.07149],[140.95035,37.07457],[140.95164,37.07618],[140.95251,37.07641],[140.95452,37.07635],[140.95447,37.07607],[140.95585,37.07596],[140.95611,37.07609],[140.95614,37.0758],[140.95681,37.07475],[140.95688,37.07401],[140.95782,37.07425],[140.95882,37.07404],[140.95868,37.07312],[140.95953,37.07293],[140.95969,37.07237],[140.96002,37.0723],[140.96028,37.07287],[140.96056,37.07303],[140.96124,37.0729],[140.96157,37.07237],[140.96125,37.0712],[140.96137,37.07035],[140.96204,37.07025],[140.96322,37.06958],[140.96379,37.06906],[140.96408,37.06905],[140.96454,37.06919],[140.96533,37.06975],[140.96529,37.0701],[140.9656,37.07075],[140.96592,37.07103],[140.96651,37.07114],[140.96676,37.07158],[140.96626,37.07159],[140.96586,37.07242],[140.9658,37.07442],[140.96611,37.07517],[140.96643,37.07521],[140.96655,37.07569],[140.96718,37.07621],[140.96767,37.0763],[140.96798,37.07657],[140.96906,37.07655]]]},"properties":{"key":"072040390","name":"平下神谷","pref":"福島県","prefCode":"07","municipality":"いわき市","areaM2":5314596.015,"population":5561,"toponymIds":["07-39e593c7b8","07-36d73a9ba6","07-40c9ea78be","07-d05d70130d"]}},{"type":"Feature","geometry":{"type":"Polygon","coordinates":[[[140.87892,37.07913],[140.87873,37.07852],[140.87821,37.07864],[140.8778,37.07848],[140.87789,37.08059],[140.87913,37.08056],[140.87892,37.07913]]]},"properties":{"key":"07204004004","name":"平下平窪古川町","pref":"福島県","prefCode":"07","municipality":"いわき市","areaM2":23145.517,"population":163,"toponymIds":["07-5434bed86d"]}},{"type":"Feature","geometry":{"type":"Polygon","coordinates":[[[140.93825,37.05389],[140.93914,37.05326],[140.94,37.05309],[140.94038,37.05276],[140.94043,37.05226],[140.94284,37.05226],[140.94291,37.05121],[140.94934,37.05149],[140.94954,37.05033],[140.94871,37.05056],[140.94833,37.04962],[140.94776,37.04891],[140.94648,37.04806],[140.94647,37.04706],[140.94703,37.04663],[140.94702,37.04623],[140.94768,37.04556],[140.94768,37.04507],[140.94792,37.04459],[140.94758,37.04416],[140.94743,37.04345],[140.94706,37.04334],[140.94709,37.04276],[140.94666,37.04173],[140.94646,37.04172],[140.94639,37.04109],[140.94594,37.04096],[140.94409,37.04122],[140.94379,37.04104],[140.94268,37.04108],[140.9419,37.04133],[140.94154,37.04169],[140.94148,37.04205],[140.94057,37.04183],[140.93967,37.04214],[140.93928,37.04188],[140.93921,37.04154],[140.93858,37.04111],[140.93758,37.04073],[140.93691,37.04019],[140.93634,37.04014],[140.93492,37.04045],[140.93449,37.04006],[140.93461,37.03887],[140.93409,37.03806],[140.93338,37.03739],[140.93225,37.03748],[140.9318,37.03828],[140.93091,37.03812],[140.93004,37.03859],[140.92941,37.03873],[140.92871,37.03828],[140.92827,37.03824],[140.92716,37.03877],[140.92629,37.03878],[140.92531,37.03905],[140.92463,37.039],[140.92457,37.04109],[140.92304,37.04197],[140.92263,37.0433],[140.92293,37.04369],[140.92301,37.04434],[140.92388,37.04466],[140.92404,37.0451],[140.92399,37.04565],[140.92263,37.04706],[140.92381,37.04765],[140.92359,37.04847],[140.92417,37.04909],[140.92543,37.04942],[140.92702,37.05029],[140.92714,37.05082],[140.92665,37.05133],[140.92639,37.05211],[140.92649,37.05275],[140.92728,37.05331],[140.92758,37.05336],[140.92918,37.05243],[140.93003,37.05275],[140.93126,37.05196],[140.93193,37.05221],[140.93215,37.05263],[140.93265,37.0523],[140.93324,37.05222],[140.93347,37.05185],[140.93436,37.05189],[140.93492,37.05216],[140.93575,37.05226],[140.93613,37.05322],[140.93716,37.05314],[140.93825,37.05389]]]},"properties":{"key":"072040330","name":"平菅波","pref":"福島県","prefCode":"07","municipality":"いわき市","areaM2":2856973.1,"population":265,"toponymIds":["07-f46add29f1","07-8f151335a7"]}},{"type":"Feature","geometry":{"type":"Polygon","coordinates":[[[140.95338,37.00062],[140.95379,36.99992],[140.95451,36.99942],[140.95522,36.9996],[140.95573,36.99926],[140.95632,36.99961],[140.95679,36.99933],[140.95726,36.99961],[140.95867,36.9996],[140.95882,36.99913],[140.95935,36.99883],[140.96127,36.99928],[140.96187,36.99871],[140.96284,36.99875],[140.96335,36.9986],[140.96389,36.99896],[140.96417,36.99898],[140.96492,36.99823],[140.96584,36.99834],[140.96666,36.99802],[140.96763,36.99808],[140.969,36.99784],[140.96917,36.99808],[140.97019,36.9981],[140.97094,36.99789],[140.97181,36.99739],[140.97215,36.99798],[140.97251,36.99796],[140.97299,36.99844],[140.97388,36.9978],[140.97444,36.99797],[140.97466,36.99787],[140.97498,36.99745],[140.97513,36.9967],[140.97541,36.99645],[140.97656,36.99624],[140.97717,36.99573],[140.97793,36.99573],[140.97801,36.99473],[140.97857,36.99424],[140.97954,36.99444],[140.98019,36.99489],[140.98116,36.99456],[140.98084,36.99423],[140.98033,36.99413],[140.97977,36.99376],[140.97988,36.99358],[140.97975,36.99374],[140.978,36.9934],[140.97776,36.99207],[140.97831,36.99206],[140.97842,36.9927],[140.97831,36.99275],[140.97848,36.99297],[140.97985,36.99331],[140.98066,36.99332],[140.9785,36.99295],[140.97837,36.99276],[140.97848,36.99275],[140.97836,36.992],[140.97775,36.99202],[140.97784,36.99184],[140.9777,36.99202],[140.97556,36.99214],[140.97442,36.99189],[140.97336,36.99138],[140.97251,36.99201],[140.97338,36.99124],[140.97332,36.99111],[140.97237,36.99033],[140.97159,36.99057],[140.97152,36.99074],[140.97154,36.99057],[140.97223,36.99027],[140.97227,36.9901],[140.97151,36.9891],[140.96957,36.98587],[140.96891,36.9852],[140.96835,36.98406],[140.96775,36.9841],[140.9676,36.98464],[140.96741,36.98464],[140.96756,36.98454],[140.96771,36.98379],[140.96758,36.98338],[140.9672,36.98345],[140.96761,36.98333],[140.96795,36.98381],[140.96834,36.98354],[140.96755,36.98147],[140.96688,36.9786],[140.96682,36.97739],[140.96649,36.97737],[140.96636,36.97775],[140.96605,36.97785],[140.96504,36.97742],[140.96603,36.97781],[140.96632,36.97767],[140.96636,36.97734],[140.96683,36.97726],[140.96689,36.97647],[140.96774,36.97487],[140.96861,36.97403],[140.96895,36.97423],[140.9694,36.97398],[140.96954,36.97342],[140.96897,36.97324],[140.96822,36.97356],[140.9663,36.97353],[140.96582,36.97419],[140.96512,36.97478],[140.96504,36.97545],[140.96322,36.97684],[140.96248,36.97705],[140.96155,36.97692],[140.96118,36.97651],[140.9582,36.97622],[140.95789,36.97671],[140.95688,36.97654],[140.95588,36.9766],[140.95533,36.97704],[140.95488,36.97708],[140.95466,36.97798],[140.95416,36.97873],[140.95251,36.97847],[140.94998,36.97898],[140.9488,36.97867],[140.94758,36.97888],[140.9468,36.98056],[140.94688,36.98119],[140.94639,36.98138],[140.94626,36.98159],[140.94679,36.98219],[140.94654,36.98268],[140.94661,36.98289],[140.9472,36.9832],[140.94724,36.98346],[140.9476,36.98375],[140.9474,36.98424],[140.94751,36.9856],[140.94704,36.98626],[140.94629,36.98692],[140.94568,36.98783],[140.94564,36.98904],[140.94356,36.99035],[140.94253,36.99052],[140.9422,36.99076],[140.94216,36.99202],[140.94262,36.99279],[140.9425,36.993],[140.94201,36.99334],[140.93987,36.99419],[140.93961,36.99461],[140.93906,36.99491],[140.93881,36.99547],[140.93906,36.99569],[140.93911,36.99619],[140.93926,36.9963],[140.9398,36.9965],[140.94137,36.99633],[140.94174,36.99689],[140.94237,36.99707],[140.94256,36.99745],[140.94371,36.99775],[140.94414,36.99851],[140.94415,36.9988],[140.9456,36.99992],[140.94633,36.9998],[140.9466,37.00002],[140.94705,37.00007],[140.94753,36.99985],[140.94865,37.00049],[140.94925,37.00044],[140.95019,37.00064],[140.95338,37.00062]]]},"properties":{"key":"072040250","name":"平豊間","pref":"福島県","prefCode":"07","municipality":"いわき市","areaM2":5929330.946,"population":1346,"toponymIds":["07-a788ea9252","07-af10da3e6a"]}},{"type":"Feature","geometry":{"type":"Polygon","coordinates":[[[140.92144,37.07406],[140.92239,37.07327],[140.92664,37.07346],[140.92733,37.07305],[140.92831,37.07312],[140.92865,37.07243],[140.92945,37.07282],[140.93051,37.07266],[140.93058,37.07238],[140.93146,37.07155],[140.9314,37.07057],[140.93255,37.0702],[140.93302,37.07014],[140.93431,37.07036],[140.93415,37.07047],[140.93438,37.07052],[140.9358,37.07055],[140.93684,37.06425],[140.93657,37.06396],[140.93723,37.06396],[140.93923,37.06482],[140.93991,37.06365],[140.93975,37.06351],[140.93973,37.06301],[140.93955,37.0629],[140.93972,37.06252],[140.9402,37.06236],[140.94036,37.06199],[140.94027,37.06148],[140.93874,37.06017],[140.93839,37.05924],[140.93709,37.0579],[140.9354,37.05726],[140.93414,37.05748],[140.93236,37.05836],[140.9309,37.05938],[140.92982,37.05967],[140.92761,37.05987],[140.92695,37.05966],[140.9263,37.05915],[140.92571,37.05946],[140.92449,37.05962],[140.92394,37.0604],[140.92408,37.06054],[140.92367,37.06049],[140.92362,37.06101],[140.92339,37.06115],[140.92334,37.06235],[140.9242,37.06268],[140.92411,37.06361],[140.924,37.06464],[140.92303,37.06459],[140.92283,37.0666],[140.92346,37.06666],[140.92336,37.06748],[140.92274,37.06745],[140.92252,37.06957],[140.92216,37.06965],[140.92167,37.07057],[140.92062,37.07079],[140.91963,37.07154],[140.91902,37.07143],[140.9187,37.07155],[140.91834,37.07178],[140.91809,37.07226],[140.91741,37.07228],[140.91719,37.07262],[140.91726,37.0732],[140.91788,37.07358],[140.91795,37.07408],[140.9185,37.07411],[140.92027,37.0747],[140.92144,37.07406]]]},"properties":{"key":"072040190","name":"平中神谷","pref":"福島県","prefCode":"07","municipality":"いわき市","areaM2":2041805.254,"population":3595,"toponymIds":["07-0617c802df","07-21bf525f00","07-16af9b5c8a"]}},{"type":"Feature","geometry":{"type":"Polygon","coordinates":[[[140.89622,37.08197],[140.89589,37.08144],[140.8964,37.0802],[140.8962,37.0801],[140.89638,37.07988],[140.89633,37.07962],[140.89664,37.07942],[140.89643,37.07913],[140.89659,37.07902],[140.8964,37.07864],[140.89706,37.07811],[140.897,37.0778],[140.89754,37.07735],[140.89736,37.07704],[140.89736,37.07653],[140.8968,37.07659],[140.89649,37.07639],[140.89648,37.07575],[140.89674,37.0749],[140.89731,37.07481],[140.89749,37.07436],[140.89758,37.07484],[140.89787,37.07493],[140.89803,37.07522],[140.8983,37.07515],[140.89866,37.07396],[140.89895,37.07389],[140.89936,37.07339],[140.89957,37.07352],[140.8996,37.07336],[140.9004,37.07302],[140.90145,37.07315],[140.90186,37.07291],[140.90203,37.07253],[140.90248,37.07247],[140.90261,37.07266],[140.90227,37.0727],[140.90231,37.07284],[140.90139,37.07344],[140.90174,37.07342],[140.90138,37.07368],[140.90186,37.07391],[140.90236,37.07367],[140.90244,37.07342],[140.90296,37.07339],[140.90287,37.07311],[140.90304,37.07291],[140.90395,37.07286],[140.90422,37.07259],[140.90503,37.07279],[140.90548,37.07249],[140.90538,37.07112],[140.90458,37.07117],[140.90388,37.07065],[140.90285,37.07061],[140.90181,37.06995],[140.90188,37.0692],[140.89954,37.06894],[140.89884,37.0684],[140.89755,37.06796],[140.8968,37.06671],[140.89547,37.0655],[140.89488,37.06631],[140.89506,37.06654],[140.89489,37.06698],[140.89408,37.06805],[140.89196,37.06871],[140.89006,37.06958],[140.89033,37.07012],[140.88963,37.07051],[140.88971,37.07088],[140.88835,37.07115],[140.88847,37.07182],[140.88713,37.07197],[140.88693,37.07217],[140.8863,37.0722],[140.886,37.07244],[140.88585,37.0722],[140.88461,37.07277],[140.88629,37.07284],[140.88622,37.07335],[140.88642,37.07366],[140.88772,37.07429],[140.88833,37.07417],[140.88914,37.07541],[140.88993,37.07607],[140.89013,37.07589],[140.89075,37.07659],[140.89059,37.07698],[140.89075,37.07722],[140.89072,37.07758],[140.89037,37.07804],[140.89037,37.07858],[140.89022,37.07878],[140.89056,37.07924],[140.8916,37.0798],[140.892,37.08027],[140.89201,37.08144],[140.89178,37.08188],[140.89199,37.0831],[140.89176,37.08365],[140.893,37.08458],[140.89274,37.08531],[140.89318,37.08581],[140.89405,37.08604],[140.89473,37.08586],[140.89484,37.08472],[140.89659,37.08345],[140.89648,37.08258],[140.89622,37.08197]]]},"properties":{"key":"072040050","name":"平中塩","pref":"福島県","prefCode":"07","municipality":"いわき市","areaM2":1464793.532,"population":255,"toponymIds":["07-0f8cf3a585"]}},{"type":"Feature","geometry":{"type":"Polygon","coordinates":[[[140.90898,37.04235],[140.90921,37.04223],[140.90983,37.04231],[140.91135,37.04131],[140.91234,37.04115],[140.91354,37.04071],[140.91466,37.04049],[140.91517,37.04065],[140.91579,37.04056],[140.91604,37.03949],[140.91645,37.03933],[140.91696,37.03969],[140.91802,37.03997],[140.91822,37.03962],[140.91905,37.03999],[140.91948,37.03966],[140.92074,37.0395],[140.92146,37.03973],[140.92322,37.03845],[140.924,37.03825],[140.92406,37.03774],[140.92342,37.03654],[140.92364,37.03525],[140.92436,37.03417],[140.92381,37.03372],[140.92212,37.03305],[140.9207,37.03287],[140.92052,37.03275],[140.92061,37.03205],[140.91991,37.03144],[140.91926,37.03136],[140.91832,37.03094],[140.91829,37.03121],[140.91787,37.03122],[140.91781,37.03138],[140.91796,37.03152],[140.91734,37.0317],[140.91702,37.03208],[140.91605,37.03213],[140.91586,37.03266],[140.91574,37.03235],[140.91417,37.03159],[140.91402,37.03128],[140.91422,37.0308],[140.91394,37.03061],[140.91369,37.02999],[140.91348,37.02994],[140.91359,37.0298],[140.91322,37.02976],[140.91284,37.02994],[140.91265,37.0302],[140.91294,37.03047],[140.91269,37.03074],[140.91244,37.03054],[140.91189,37.03089],[140.912,37.03118],[140.91152,37.03122],[140.90985,37.03108],[140.90849,37.03067],[140.90753,37.03008],[140.90701,37.03029],[140.90657,37.02962],[140.90588,37.02947],[140.9053,37.03019],[140.90474,37.03027],[140.90474,37.03072],[140.90502,37.03096],[140.90562,37.03106],[140.90557,37.03145],[140.90578,37.03146],[140.90575,37.03166],[140.9068,37.03176],[140.90683,37.03156],[140.90703,37.03158],[140.90698,37.03194],[140.908,37.03205],[140.90781,37.0332],[140.90827,37.03324],[140.90822,37.0336],[140.90917,37.03375],[140.9105,37.03509],[140.91,37.03519],[140.9102,37.0359],[140.91051,37.03693],[140.91112,37.0373],[140.91085,37.03805],[140.91091,37.03846],[140.91011,37.03882],[140.91024,37.03978],[140.91011,37.04014],[140.90881,37.04007],[140.90857,37.04026],[140.90836,37.041],[140.90732,37.04107],[140.90703,37.04084],[140.90707,37.04038],[140.90619,37.04021],[140.90592,37.04036],[140.90574,37.04087],[140.90528,37.04116],[140.90664,37.04118],[140.90695,37.04155],[140.90742,37.04156],[140.90829,37.04231],[140.90898,37.04235]]]},"properties":{"key":"072040150","name":"平中山","pref":"福島県","prefCode":"07","municipality":"いわき市","areaM2":1285781.29,"population":1837,"toponymIds":["07-5339f5b0ea","07-63498e0a8b"]}},{"type":"Feature","geometry":{"type":"Polygon","coordinates":[[[140.90522,37.06846],[140.90456,37.06794],[140.90455,37.06733],[140.90416,37.06699],[140.90427,37.06675],[140.90236,37.06641],[140.9016,37.06649],[140.90056,37.06612],[140.89923,37.06507],[140.89837,37.06462],[140.89779,37.06402],[140.89593,37.065],[140.89547,37.0655],[140.8968,37.06671],[140.89755,37.06796],[140.89884,37.0684],[140.89954,37.06894],[140.90188,37.0692],[140.90177,37.06963],[140.90191,37.07004],[140.90296,37.07064],[140.90388,37.07065],[140.90458,37.07117],[140.90538,37.07112],[140.90551,37.07037],[140.90597,37.0699],[140.9059,37.06956],[140.90538,37.06901],[140.90543,37.06874],[140.90522,37.06846]]]},"properties":{"key":"072040070","name":"平幕ノ内","pref":"福島県","prefCode":"07","municipality":"いわき市","areaM2":314086.836,"population":253,"toponymIds":["07-2636624f31","07-95bc4151d4"]}},{"type":"Feature","geometry":{"type":"Polygon","coordinates":[[[140.94527,37.05939],[140.94517,37.05922],[140.94428,37.059],[140.94424,37.05843],[140.94334,37.05847],[140.94354,37.05796],[140.94364,37.0564],[140.9411,37.05632],[140.94114,37.05583],[140.93958,37.05579],[140.93958,37.0555],[140.93993,37.05527],[140.93877,37.05526],[140.93825,37.05389],[140.93716,37.05314],[140.93613,37.05322],[140.93575,37.05226],[140.9356,37.0522],[140.93492,37.05216],[140.93436,37.05189],[140.93347,37.05185],[140.93324,37.05222],[140.93265,37.0523],[140.93215,37.05263],[140.93193,37.05221],[140.93126,37.05196],[140.93003,37.05275],[140.92918,37.05243],[140.92769,37.05333],[140.92728,37.05331],[140.92649,37.05275],[140.92572,37.05296],[140.92548,37.05337],[140.92572,37.0545],[140.92645,37.05567],[140.92632,37.05658],[140.92599,37.05713],[140.92607,37.05734],[140.9251,37.05775],[140.92514,37.05793],[140.92662,37.05944],[140.92723,37.05978],[140.92788,37.05987],[140.93053,37.0595],[140.93358,37.05773],[140.93454,37.05736],[140.9354,37.05726],[140.93709,37.0579],[140.93839,37.05924],[140.93874,37.06017],[140.94051,37.06169],[140.94136,37.06199],[140.94361,37.06228],[140.94537,37.06192],[140.94701,37.06108],[140.9455,37.05946],[140.94527,37.05939]]]},"properties":{"key":"072040320","name":"平山崎","pref":"福島県","prefCode":"07","municipality":"いわき市","areaM2":1110680.787,"population":389,"toponymIds":["07-dc5a1c0022","07-f31762a0b5","07-782b939812"]}},{"type":"Feature","geometry":{"type":"Polygon","coordinates":[[[140.78719,36.95128],[140.7879,36.9506],[140.78797,36.95014],[140.78892,36.94965],[140.78941,36.94904],[140.79006,36.94872],[140.79009,36.94839],[140.79042,36.94829],[140.79045,36.94806],[140.79021,36.94766],[140.79083,36.94669],[140.79037,36.94615],[140.79034,36.94518],[140.78982,36.94511],[140.78902,36.94388],[140.78891,36.9436],[140.78911,36.94308],[140.78889,36.94277],[140.78904,36.9425],[140.78885,36.94222],[140.78849,36.9422],[140.78845,36.94151],[140.78829,36.94125],[140.78796,36.94132],[140.78773,36.94103],[140.78774,36.94047],[140.78742,36.94003],[140.78742,36.93918],[140.78707,36.93897],[140.7869,36.93763],[140.78729,36.93713],[140.78731,36.93676],[140.78767,36.9361],[140.78743,36.9359],[140.7864,36.93575],[140.78632,36.93494],[140.78508,36.93483],[140.7848,36.93498],[140.7837,36.93429],[140.78375,36.93408],[140.78338,36.93346],[140.78297,36.93342],[140.78234,36.93407],[140.78125,36.93428],[140.78108,36.93359],[140.78083,36.93358],[140.78078,36.93334],[140.78002,36.93291],[140.77961,36.933],[140.77779,36.93276],[140.77721,36.93313],[140.77663,36.93376],[140.77671,36.93394],[140.77614,36.93476],[140.77563,36.935],[140.77582,36.93544],[140.77654,36.9357],[140.77624,36.93691],[140.77577,36.93762],[140.77574,36.93804],[140.77598,36.93819],[140.77623,36.93886],[140.77674,36.93895],[140.7773,36.93976],[140.77804,36.94013],[140.77835,36.94055],[140.77845,36.94082],[140.7782,36.94137],[140.77848,36.94175],[140.77857,36.94219],[140.77886,36.94238],[140.77886,36.943],[140.77911,36.94324],[140.77883,36.94383],[140.77891,36.94415],[140.77868,36.9448],[140.77837,36.94507],[140.77849,36.9455],[140.77912,36.946],[140.77969,36.94696],[140.77942,36.94737],[140.77964,36.94793],[140.7799,36.94822],[140.78049,36.94835],[140.78111,36.94942],[140.7823,36.94979],[140.78254,36.95053],[140.78292,36.95031],[140.78426,36.95043],[140.78451,36.95096],[140.78571,36.95124],[140.78625,36.95168],[140.78719,36.95128]]]},"properties":{"key":"072040950","name":"高倉町","pref":"福島県","prefCode":"07","municipality":"いわき市","areaM2":1704875.563,"population":175,"toponymIds":["07-4730557afa"]}},{"type":"Feature","geometry":{"type":"Polygon","coordinates":[[[140.916,37.00672],[140.91724,37.00496],[140.91813,37.00418],[140.91937,37.00366],[140.92123,37.00335],[140.92099,37.00232],[140.92052,37.00241],[140.91958,37.00124],[140.91819,37.00122],[140.91792,37.00069],[140.91759,37.00085],[140.91749,37.00072],[140.91701,37.00099],[140.91714,37.00123],[140.91612,37.00111],[140.91596,37.00137],[140.91611,37.00179],[140.91599,37.00194],[140.91529,37.0016],[140.91563,36.99999],[140.91529,36.99983],[140.91476,37.00026],[140.91446,37.00013],[140.91394,37.00097],[140.91296,37.00119],[140.91241,37.00149],[140.91143,37.00386],[140.91085,37.00391],[140.91011,37.00474],[140.90968,37.00494],[140.90973,37.00511],[140.91017,37.00521],[140.91012,37.00603],[140.90997,37.00603],[140.90966,37.00646],[140.91027,37.00641],[140.9117,37.00684],[140.91274,37.00753],[140.91376,37.00859],[140.91516,37.00766],[140.916,37.00672]]]},"properties":{"key":"07204602001","name":"中央台鹿島一丁目","pref":"福島県","prefCode":"07","municipality":"いわき市","areaM2":473155.273,"population":1523,"toponymIds":["07-debaaf9b35"]}},{"type":"Feature","geometry":{"type":"Polygon","coordinates":[[[140.74996,37.0342],[140.74894,37.03298],[140.74624,37.03199],[140.7458,37.03165],[140.74545,37.0309],[140.74555,37.02932],[140.74585,37.02825],[140.74553,37.02736],[140.7459,37.02658],[140.74604,37.02583],[140.74521,37.02443],[140.74632,37.02304],[140.74585,37.02225],[140.74619,37.02078],[140.74577,37.01892],[140.74631,37.01808],[140.74776,37.01698],[140.74802,37.0164],[140.74749,37.01549],[140.74625,37.01442],[140.74555,37.01357],[140.74433,37.01087],[140.74313,37.01014],[140.74254,37.00996],[140.74063,37.00982],[140.73797,37.01001],[140.73791,37.00771],[140.7366,37.00617],[140.7346,37.0043],[140.73356,37.00289],[140.73338,37.00217],[140.73363,37.00087],[140.73355,37.00049],[140.73141,37.00042],[140.72949,36.99841],[140.72778,36.99982],[140.72449,37.00086],[140.72275,37.0009],[140.72134,37.00157],[140.71972,37.00264],[140.71833,37.00295],[140.71858,37.00352],[140.71835,37.00491],[140.71871,37.00687],[140.71871,37.00773],[140.72027,37.00841],[140.72068,37.00873],[140.72116,37.00944],[140.72191,37.00962],[140.72401,37.00982],[140.72678,37.00944],[140.72767,37.01129],[140.72802,37.01253],[140.72803,37.01306],[140.72759,37.01436],[140.72709,37.01549],[140.72598,37.01699],[140.72549,37.01815],[140.7247,37.01941],[140.72658,37.01997],[140.72882,37.02116],[140.73186,37.0221],[140.73236,37.02266],[140.73321,37.02324],[140.73523,37.02606],[140.73568,37.02694],[140.73596,37.02778],[140.73579,37.0282],[140.73633,37.02878],[140.73633,37.02918],[140.73665,37.02989],[140.73649,37.03048],[140.73697,37.03097],[140.73894,37.0317],[140.73996,37.0317],[140.74082,37.03143],[140.74176,37.0325],[140.74248,37.03299],[140.74455,37.03392],[140.74649,37.03391],[140.74925,37.03429],[140.74996,37.0342]]]},"properties":{"key":"072041640","name":"遠野町根岸","pref":"福島県","prefCode":"07","municipality":"いわき市","areaM2":4904193.042,"population":517,"toponymIds":["07-190cd20948"]}},{"type":"Feature","geometry":{"type":"Polygon","coordinates":[[[140.94916,36.96586],[140.94961,36.96528],[140.94917,36.96458],[140.94918,36.96436],[140.94999,36.96341],[140.95003,36.96285],[140.95025,36.96248],[140.95057,36.96253],[140.95105,36.96215],[140.9513,36.96226],[140.95149,36.96193],[140.95021,36.96139],[140.94908,36.9604],[140.94911,36.95979],[140.94931,36.9598],[140.94917,36.95924],[140.94946,36.95922],[140.94944,36.95906],[140.95035,36.9589],[140.95066,36.95929],[140.95006,36.95766],[140.94937,36.95645],[140.95128,36.95541],[140.95257,36.95656],[140.95269,36.95647],[140.95102,36.95507],[140.94739,36.95523],[140.94701,36.95546],[140.9475,36.95666],[140.94734,36.95675],[140.94701,36.9566],[140.94559,36.95726],[140.94573,36.9575],[140.94562,36.95779],[140.94604,36.95793],[140.94656,36.95891],[140.94613,36.95944],[140.94597,36.96011],[140.94634,36.96059],[140.94585,36.96087],[140.94538,36.96141],[140.94572,36.96213],[140.94532,36.96273],[140.94437,36.96284],[140.94404,36.96334],[140.94478,36.96369],[140.94474,36.96386],[140.94504,36.96405],[140.94502,36.96421],[140.94556,36.96418],[140.94567,36.96402],[140.94612,36.96433],[140.94631,36.96457],[140.94618,36.96465],[140.9469,36.96547],[140.94675,36.96561],[140.94687,36.96581],[140.94792,36.96544],[140.94825,36.96551],[140.94819,36.96569],[140.9484,36.9658],[140.94881,36.96578],[140.94903,36.96601],[140.94916,36.96586]]]},"properties":{"key":"072040530","name":"中之作","pref":"福島県","prefCode":"07","municipality":"いわき市","areaM2":408138.2,"population":404,"toponymIds":["07-7ef14a9eef"]}},{"type":"Feature","geometry":{"type":"Polygon","coordinates":[[[140.93278,36.9748],[140.9302,36.97165],[140.93022,36.9708],[140.93147,36.96952],[140.93127,36.96928],[140.93193,36.96904],[140.9332,36.96912],[140.93334,36.96855],[140.9331,36.96825],[140.93273,36.96659],[140.93215,36.96629],[140.93111,36.96633],[140.93086,36.96547],[140.93012,36.96574],[140.92992,36.96551],[140.93031,36.96528],[140.93021,36.96447],[140.93071,36.96371],[140.93066,36.96181],[140.93347,36.96155],[140.93382,36.96285],[140.93407,36.96302],[140.9339,36.96323],[140.93439,36.96334],[140.93445,36.96278],[140.93487,36.9626],[140.93548,36.96198],[140.93715,36.96306],[140.93742,36.96415],[140.93792,36.96413],[140.93855,36.96451],[140.93845,36.96514],[140.93966,36.96502],[140.94017,36.96579],[140.9407,36.96591],[140.94077,36.9661],[140.94073,36.96658],[140.94023,36.96685],[140.94002,36.96765],[140.94025,36.96853],[140.93984,36.96931],[140.94211,36.9697],[140.94757,36.97014],[140.94694,36.96905],[140.94781,36.96818],[140.94731,36.96775],[140.94739,36.96705],[140.94769,36.96664],[140.94823,36.96639],[140.94814,36.96584],[140.94825,36.96551],[140.94792,36.96544],[140.94687,36.96581],[140.94675,36.96561],[140.9469,36.96547],[140.94618,36.96465],[140.94631,36.96457],[140.94612,36.96433],[140.94567,36.96402],[140.94556,36.96418],[140.94502,36.96421],[140.94504,36.96405],[140.94474,36.96386],[140.94478,36.96369],[140.94404,36.96334],[140.94437,36.96284],[140.94532,36.96273],[140.94572,36.96213],[140.94538,36.96141],[140.94585,36.96087],[140.94634,36.96059],[140.94597,36.96011],[140.94613,36.95944],[140.94656,36.95891],[140.94604,36.95793],[140.94562,36.95779],[140.94573,36.9575],[140.94559,36.95726],[140.94701,36.9566],[140.94734,36.95675],[140.9475,36.95666],[140.94701,36.95546],[140.94739,36.95523],[140.94797,36.95527],[140.9464,36.9553],[140.94581,36.9541],[140.94598,36.95462],[140.94551,36.95462],[140.94601,36.95466],[140.94617,36.95514],[140.94585,36.95523],[140.94455,36.95531],[140.9446,36.95503],[140.94441,36.95447],[140.94534,36.95447],[140.94433,36.95441],[140.94457,36.95499],[140.94408,36.95506],[140.94314,36.95478],[140.94099,36.95466],[140.93895,36.95337],[140.93785,36.95295],[140.93711,36.95248],[140.93602,36.95109],[140.93503,36.95075],[140.93383,36.94999],[140.93237,36.94767],[140.93154,36.94702],[140.93135,36.94768],[140.93143,36.94795],[140.93045,36.94809],[140.93042,36.94841],[140.93014,36.94867],[140.93009,36.94918],[140.92934,36.94912],[140.92854,36.95025],[140.92869,36.95046],[140.92837,36.95091],[140.9282,36.95085],[140.92773,36.95116],[140.92732,36.95193],[140.92705,36.95203],[140.9271,36.95231],[140.9268,36.95255],[140.92696,36.95276],[140.92653,36.95298],[140.92661,36.95307],[140.92635,36.95334],[140.92596,36.95431],[140.92492,36.95491],[140.92414,36.95509],[140.92373,36.95548],[140.92414,36.9559],[140.92415,36.95624],[140.92433,36.95648],[140.92475,36.9567],[140.92482,36.9578],[140.92454,36.95848],[140.92459,36.95877],[140.9241,36.95914],[140.92375,36.9598],[140.92445,36.96084],[140.92557,36.96072],[140.92596,36.96116],[140.92587,36.96178],[140.92626,36.96226],[140.92587,36.96308],[140.9253,36.9634],[140.92615,36.96417],[140.92614,36.96467],[140.92655,36.96503],[140.92683,36.96564],[140.92653,36.96694],[140.92617,36.96747],[140.92633,36.96821],[140.92615,36.96952],[140.92783,36.97071],[140.92773,36.97131],[140.92683,36.97199],[140.92811,36.97205],[140.92846,36.97284],[140.92883,36.9732],[140.92873,36.97339],[140.92888,36.97403],[140.92924,36.97428],[140.93007,36.97411],[140.9307,36.97434],[140.93164,36.97544],[140.93278,36.9748]]]},"properties":{"key":"072040540","name":"永崎","pref":"福島県","prefCode":"07","municipality":"いわき市","areaM2":3233148.302,"population":1222,"toponymIds":["07-b828ab836b"]}},{"type":"Feature","geometry":{"type":"Polygon","coordinates":[[[141.00178,37.16357],[141.0019,37.16116],[141.00169,37.16072],[141.002,37.16013],[141.002,37.15979],[141.00129,37.15913],[141.0012,37.15756],[141.00055,37.15559],[140.99986,37.15589],[141.0001,37.15553],[141.00055,37.15553],[141.00184,37.15337],[141.0018,37.15311],[141.00201,37.15313],[141.00229,37.15277],[141.00267,37.15274],[141.00292,37.15241],[141.00328,37.15227],[141.00323,37.15184],[141.00273,37.15175],[141.00257,37.15108],[141.00369,37.15017],[141.00386,37.1503],[141.00496,37.14936],[141.00504,37.14741],[141.0049,37.14741],[141.00483,37.14877],[141.00467,37.14882],[141.00482,37.14935],[141.00261,37.15099],[141.00249,37.15091],[141.00243,37.15108],[141.00215,37.15112],[141.00178,37.15104],[141.0018,37.15089],[141.0004,37.15056],[140.99978,37.15002],[140.99981,37.14973],[140.998,37.15039],[140.9968,37.15047],[140.99621,37.15036],[140.99595,37.15077],[140.99561,37.15091],[140.99551,37.15127],[140.99621,37.15169],[140.99627,37.15227],[140.99486,37.15252],[140.99432,37.15328],[140.99509,37.15385],[140.9948,37.15414],[140.99413,37.15417],[140.9934,37.15446],[140.99217,37.15439],[140.99151,37.15408],[140.99084,37.15444],[140.98955,37.15434],[140.98885,37.15523],[140.98879,37.15596],[140.98862,37.15614],[140.98805,37.15638],[140.98758,37.15635],[140.98723,37.15662],[140.98547,37.15658],[140.98468,37.15674],[140.98447,37.157],[140.98476,37.15719],[140.98446,37.15767],[140.98379,37.15801],[140.98362,37.1589],[140.98336,37.15913],[140.98278,37.15916],[140.98242,37.15947],[140.9818,37.15955],[140.97959,37.16148],[140.98174,37.16281],[140.98212,37.16373],[140.98338,37.16373],[140.98417,37.16333],[140.98731,37.16403],[140.98778,37.16385],[140.98804,37.16316],[140.9895,37.16315],[140.99147,37.16452],[140.9927,37.16504],[140.99538,37.16392],[140.99801,37.16415],[141.00076,37.16358],[141.00178,37.16357]]]},"properties":{"key":"072042100","name":"久之浜町金ケ沢","pref":"福島県","prefCode":"07","municipality":"いわき市","areaM2":1946100.376,"population":27,"toponymIds":["07-e19cbb6798"]}},{"type":"Feature","geometry":{"type":"Polygon","coordinates":[[[140.98947,37.13165],[140.99014,37.13161],[140.9904,37.1313],[140.99104,37.13131],[140.99152,37.13103],[140.99224,37.12918],[140.99209,37.12879],[140.99262,37.12849],[140.99303,37.12874],[140.99313,37.12759],[140.99453,37.1273],[140.99492,37.12779],[140.99524,37.12784],[140.99598,37.12832],[140.99642,37.12834],[140.99692,37.12818],[140.99754,37.12826],[140.99753,37.12777],[140.99818,37.12766],[140.99794,37.12478],[140.99751,37.12478],[140.99792,37.12472],[140.99777,37.12376],[140.99796,37.12291],[140.99802,37.12021],[140.99785,37.11986],[140.99766,37.12011],[140.9974,37.12006],[140.99763,37.12009],[140.99791,37.11974],[140.99781,37.11981],[140.99802,37.12013],[140.9986,37.11929],[140.9992,37.11898],[141.00001,37.11892],[141.00004,37.1188],[141.0003,37.11893],[141.00016,37.1192],[141.00056,37.11951],[141.00055,37.11907],[141.0001,37.1187],[141.00016,37.11856],[141.00029,37.11875],[141.00062,37.11874],[141.00077,37.11855],[140.99978,37.11742],[141.00027,37.11703],[141.00067,37.11733],[141.00056,37.11618],[140.99988,37.11555],[140.99949,37.11584],[140.99905,37.11575],[140.99848,37.11512],[140.99858,37.11473],[140.99879,37.11473],[140.99865,37.11442],[140.99889,37.114],[140.99922,37.11395],[140.99928,37.1141],[140.99936,37.11397],[140.99843,37.11369],[140.99794,37.1133],[140.99723,37.11322],[140.9964,37.1138],[140.99563,37.11391],[140.99504,37.11461],[140.99446,37.11463],[140.99397,37.1143],[140.99333,37.11415],[140.99018,37.11505],[140.98982,37.11551],[140.98988,37.11593],[140.98955,37.11647],[140.98891,37.1167],[140.98879,37.11763],[140.98826,37.11771],[140.98772,37.11749],[140.98734,37.11774],[140.98719,37.11872],[140.98691,37.11934],[140.98701,37.12009],[140.98677,37.12081],[140.9861,37.1208],[140.98615,37.12108],[140.98591,37.12134],[140.98551,37.12153],[140.98486,37.1215],[140.9848,37.12175],[140.98447,37.1219],[140.98355,37.12177],[140.98319,37.12206],[140.98181,37.12172],[140.98131,37.12204],[140.98114,37.1219],[140.98052,37.12203],[140.97998,37.12169],[140.97928,37.12211],[140.97914,37.12244],[140.97937,37.12274],[140.98025,37.12302],[140.98026,37.12354],[140.98104,37.12365],[140.98144,37.12425],[140.98145,37.12487],[140.98125,37.12515],[140.98094,37.12516],[140.98029,37.12593],[140.98004,37.12609],[140.97935,37.12594],[140.97966,37.12722],[140.97961,37.12753],[140.97988,37.1282],[140.98061,37.12843],[140.98122,37.12895],[140.98197,37.12876],[140.98228,37.1296],[140.98295,37.1299],[140.98308,37.13004],[140.98291,37.13024],[140.98312,37.13045],[140.98496,37.13148],[140.98521,37.13153],[140.98575,37.13101],[140.98575,37.13029],[140.9868,37.13055],[140.98697,37.13082],[140.98649,37.13137],[140.98637,37.13197],[140.98736,37.13276],[140.98858,37.13292],[140.9894,37.132],[140.98947,37.13165]]]},"properties":{"key":"072042120","name":"久之浜町田之網","pref":"福島県","prefCode":"07","municipality":"いわき市","areaM2":2269709.988,"population":197,"toponymIds":["07-27cf7908f2","07-e9efd65a5a"]}},{"type":"Feature","geometry":{"type":"Polygon","coordinates":[[[140.99219,37.14488],[140.99242,37.14439],[140.99349,37.1439],[140.99398,37.14386],[140.99407,37.14432],[140.99535,37.14419],[140.99443,37.14882],[140.99456,37.15011],[140.99493,37.15119],[140.99551,37.15127],[140.99561,37.15091],[140.99595,37.15077],[140.9963,37.15032],[140.9968,37.15047],[140.998,37.15039],[140.99981,37.14973],[140.99991,37.14907],[141.00014,37.14915],[141.00035,37.14879],[141.00137,37.14914],[141.0021,37.14912],[141.00115,37.14903],[141.00211,37.14729],[141.00283,37.14731],[141.0029,37.14814],[141.00242,37.14887],[141.00297,37.14815],[141.0029,37.1473],[141.00357,37.14615],[141.00283,37.14725],[141.00159,37.14704],[141.0021,37.14643],[141.00271,37.14593],[141.00329,37.14585],[141.00342,37.14553],[141.00364,37.14551],[141.00389,37.14589],[141.00437,37.14585],[141.0042,37.14634],[141.00443,37.14646],[141.00448,37.14634],[141.00427,37.14628],[141.00435,37.14603],[141.00456,37.14606],[141.00463,37.1459],[141.0048,37.1461],[141.00515,37.14568],[141.00537,37.14449],[141.00524,37.14449],[141.00501,37.14547],[141.00507,37.14479],[141.00494,37.14515],[141.00475,37.14505],[141.00462,37.14522],[141.00425,37.14506],[141.00347,37.14518],[141.00266,37.14486],[141.00239,37.14451],[141.00169,37.14429],[141.00131,37.14355],[141.00112,37.14247],[141.00045,37.14175],[141.0002,37.14178],[141.00043,37.14169],[140.99899,37.13863],[140.99869,37.13698],[140.99847,37.13344],[140.9983,37.13301],[140.99798,37.13301],[140.99839,37.13112],[140.99923,37.13109],[140.99923,37.13088],[140.99911,37.13105],[140.99823,37.13095],[140.99803,37.12948],[140.99818,37.12766],[140.99753,37.12777],[140.99754,37.12826],[140.99692,37.12818],[140.99642,37.12834],[140.99598,37.12832],[140.99524,37.12784],[140.99492,37.12779],[140.99453,37.1273],[140.99313,37.12759],[140.99303,37.12874],[140.99262,37.12849],[140.99212,37.12873],[140.99224,37.12918],[140.99171,37.13065],[140.99152,37.13103],[140.99104,37.13131],[140.9908,37.13241],[140.991,37.13243],[140.99123,37.13218],[140.99145,37.13229],[140.99093,37.13263],[140.99088,37.13296],[140.99049,37.13347],[140.99046,37.13414],[140.9903,37.13444],[140.9904,37.13463],[140.98979,37.13492],[140.98989,37.13526],[140.99026,37.13555],[140.9897,37.13551],[140.98967,37.13573],[140.98987,37.13591],[140.99059,37.13603],[140.99018,37.13648],[140.99012,37.13794],[140.9902,37.13869],[140.99082,37.13954],[140.99089,37.14011],[140.99061,37.14052],[140.9901,37.14055],[140.98971,37.14162],[140.99028,37.14282],[140.99113,37.14263],[140.99131,37.143],[140.99201,37.14302],[140.99199,37.14363],[140.99223,37.14387],[140.99224,37.14422],[140.99208,37.14427],[140.99219,37.14488]]]},"properties":{"key":"072042110","name":"久之浜町久之浜","pref":"福島県","prefCode":"07","municipality":"いわき市","areaM2":1762370.587,"population":1871,"toponymIds":["07-26ed80e3b7","07-0a9ba50b9e"]}},{"type":"Feature","geometry":{"type":"Polygon","coordinates":[[[140.77161,36.98339],[140.77193,36.98334],[140.77197,36.98315],[140.7717,36.9827],[140.77151,36.98124],[140.77216,36.98059],[140.77204,36.9803],[140.77215,36.9797],[140.77192,36.97883],[140.77291,36.97875],[140.77305,36.97832],[140.77338,36.97818],[140.77348,36.97776],[140.77339,36.97645],[140.77386,36.97628],[140.77472,36.97528],[140.77505,36.97415],[140.77452,36.97282],[140.77503,36.97225],[140.77523,36.97176],[140.77517,36.97083],[140.77662,36.97112],[140.77728,36.97101],[140.77789,36.97058],[140.7783,36.97134],[140.77891,36.97133],[140.77942,36.97075],[140.77931,36.97035],[140.77942,36.9697],[140.77976,36.9691],[140.77961,36.96876],[140.77859,36.96842],[140.77873,36.96791],[140.77934,36.96705],[140.7793,36.96671],[140.77963,36.96588],[140.78017,36.96577],[140.78063,36.96534],[140.78062,36.96453],[140.78099,36.96437],[140.78102,36.96411],[140.78158,36.96356],[140.78193,36.9624],[140.7827,36.96238],[140.78317,36.96181],[140.78356,36.96175],[140.78386,36.96097],[140.78505,36.96045],[140.78524,36.9602],[140.785,36.95978],[140.78467,36.95964],[140.78464,36.95905],[140.78518,36.95873],[140.78517,36.95837],[140.78537,36.95809],[140.78467,36.9572],[140.7852,36.95669],[140.78521,36.95605],[140.785,36.95587],[140.78508,36.95547],[140.78559,36.95479],[140.78531,36.95435],[140.78563,36.95367],[140.78536,36.95346],[140.78546,36.95311],[140.78526,36.95293],[140.78538,36.9525],[140.7851,36.95178],[140.78557,36.95127],[140.78525,36.95106],[140.78451,36.95096],[140.78426,36.95043],[140.78292,36.95031],[140.78254,36.95053],[140.7823,36.94979],[140.78111,36.94942],[140.78049,36.94835],[140.77974,36.94811],[140.77942,36.94737],[140.77969,36.94696],[140.77912,36.946],[140.77849,36.9455],[140.77837,36.94507],[140.77868,36.9448],[140.77891,36.94415],[140.77883,36.94383],[140.77911,36.94324],[140.77886,36.943],[140.77886,36.94238],[140.77857,36.94219],[140.77848,36.94175],[140.7782,36.94137],[140.77845,36.94082],[140.77835,36.94055],[140.77804,36.94013],[140.7773,36.93976],[140.77674,36.93895],[140.77623,36.93886],[140.77598,36.93819],[140.77574,36.93804],[140.77577,36.93762],[140.77624,36.93691],[140.77654,36.9357],[140.77582,36.93544],[140.77516,36.93432],[140.7749,36.9336],[140.77496,36.93332],[140.77368,36.9338],[140.77349,36.93352],[140.77359,36.93319],[140.77124,36.93269],[140.77175,36.93151],[140.77247,36.9311],[140.77372,36.93081],[140.77416,36.93053],[140.77439,36.92872],[140.77462,36.92819],[140.77508,36.92774],[140.77485,36.9276],[140.77494,36.92733],[140.77554,36.92706],[140.77616,36.92732],[140.77637,36.92768],[140.77727,36.92751],[140.77804,36.92701],[140.7784,36.92647],[140.77867,36.92541],[140.77844,36.92351],[140.77923,36.91987],[140.77901,36.92005],[140.77827,36.9201],[140.77769,36.92045],[140.77649,36.91877],[140.77456,36.91964],[140.77443,36.91938],[140.77476,36.91917],[140.77366,36.9195],[140.77304,36.91942],[140.77295,36.91929],[140.77226,36.91934],[140.77168,36.91975],[140.77139,36.92052],[140.77048,36.92072],[140.77054,36.92093],[140.77148,36.92065],[140.77154,36.92094],[140.77136,36.92106],[140.77221,36.92175],[140.77087,36.92221],[140.76876,36.92198],[140.76846,36.92117],[140.76771,36.92074],[140.76615,36.92058],[140.76618,36.92012],[140.76506,36.92],[140.76442,36.92008],[140.76413,36.92023],[140.76404,36.92184],[140.76205,36.92119],[140.75868,36.92331],[140.75598,36.92363],[140.7558,36.92379],[140.75598,36.92409],[140.75548,36.92447],[140.75446,36.92488],[140.75337,36.92619],[140.75281,36.92633],[140.75275,36.92604],[140.75209,36.92627],[140.75195,36.92596],[140.75171,36.92598],[140.75139,36.9252],[140.75162,36.92516],[140.7503,36.92207],[140.75075,36.92215],[140.75119,36.92153],[140.75122,36.92129],[140.7511,36.92129],[140.75082,36.92036],[140.75004,36.92024],[140.74967,36.91986],[140.7482,36.92012],[140.74814,36.91993],[140.74772,36.91997],[140.74652,36.92039],[140.74136,36.92318],[140.74139,36.92395],[140.74027,36.92522],[140.7402,36.92694],[140.7398,36.92796],[140.7387,36.92999],[140.73788,36.93079],[140.73774,36.93173],[140.73703,36.93178],[140.73443,36.93276],[140.73235,36.93272],[140.7318,36.9331],[140.73106,36.93449],[140.73082,36.93526],[140.73234,36.93803],[140.73254,36.93872],[140.73283,36.9387],[140.73367,36.93964],[140.73351,36.94036],[140.73176,36.9415],[140.73055,36.9431],[140.7306,36.9438],[140.73209,36.94651],[140.73211,36.94709],[140.7313,36.94814],[140.73127,36.949],[140.73195,36.95027],[140.73261,36.95084],[140.73353,36.95253],[140.73395,36.9553],[140.73387,36.95556],[140.73241,36.95698],[140.73162,36.95723],[140.7315,36.9596],[140.73136,36.95996],[140.73092,36.9606],[140.72985,36.96144],[140.72877,36.96267],[140.72741,36.965],[140.72893,36.96478],[140.73055,36.96399],[140.7315,36.96374],[140.73212,36.96375],[140.73519,36.96502],[140.73574,36.96418],[140.73595,36.96345],[140.73576,36.96254],[140.73531,36.96177],[140.73467,36.96113],[140.7349,36.96076],[140.73596,36.95982],[140.73675,36.95943],[140.73772,36.95957],[140.74037,36.9589],[140.74075,36.95909],[140.74069,36.95954],[140.74103,36.96012],[140.7411,36.96081],[140.74254,36.96148],[140.74664,36.96432],[140.74883,36.96455],[140.74882,36.96556],[140.7494,36.96637],[140.74975,36.96804],[140.7512,36.9685],[140.75134,36.96883],[140.75179,36.96881],[140.7522,36.96899],[140.75201,36.96947],[140.75227,36.96993],[140.75292,36.97033],[140.75417,36.97045],[140.75543,36.9712],[140.75538,36.97137],[140.755,36.97139],[140.75494,36.97217],[140.75475,36.97234],[140.75501,36.97307],[140.75474,36.97433],[140.75475,36.97555],[140.75507,36.9762],[140.75552,36.9766],[140.75618,36.97675],[140.75685,36.97654],[140.75732,36.97721],[140.75902,36.97711],[140.7593,36.977],[140.75942,36.97651],[140.76054,36.9761],[140.76039,36.97548],[140.76061,36.9751],[140.76102,36.97488],[140.76139,36.97385],[140.76157,36.97371],[140.76252,36.97375],[140.76288,36.97336],[140.76346,36.97355],[140.76355,36.97364],[140.76335,36.97403],[140.76347,36.97451],[140.76303,36.97482],[140.76315,36.97499],[140.76295,36.97521],[140.76275,36.97523],[140.76272,36.97592],[140.76399,36.97696],[140.76274,36.97671],[140.76323,36.97704],[140.76345,36.97754],[140.76302,36.97788],[140.76319,36.97842],[140.76256,36.97865],[140.76308,36.97872],[140.76286,36.97927],[140.7625,36.97935],[140.76275,36.98014],[140.76322,36.98019],[140.76342,36.9809],[140.76363,36.9808],[140.76401,36.98109],[140.76327,36.98128],[140.76335,36.98156],[140.76429,36.98159],[140.76477,36.98143],[140.76558,36.9817],[140.76631,36.98139],[140.76706,36.98127],[140.76751,36.98141],[140.76776,36.98122],[140.76852,36.98165],[140.76862,36.98194],[140.76848,36.9834],[140.76981,36.98352],[140.77089,36.98338],[140.77115,36.98352],[140.77161,36.98339]],[[140.74798,36.94284],[140.74753,36.94204],[140.74646,36.94151],[140.74571,36.94091],[140.74554,36.94112],[140.74623,36.94211],[140.74701,36.94258],[140.74617,36.94237],[140.74533,36.94256],[140.74504,36.94242],[140.74456,36.9412],[140.74416,36.94068],[140.74304,36.94069],[140.74286,36.94047],[140.74256,36.94057],[140.74191,36.9403],[140.74151,36.94051],[140.74169,36.94064],[140.74226,36.9406],[140.7428,36.94093],[140.74255,36.94144],[140.74192,36.94149],[140.74195,36.94108],[140.74154,36.94106],[140.74157,36.9413],[140.74086,36.94098],[140.73969,36.94167],[140.73943,36.94147],[140.74004,36.94104],[140.7405,36.94036],[140.73918,36.9395],[140.73876,36.93943],[140.73877,36.93844],[140.73883,36.93828],[140.73911,36.93826],[140.73978,36.9389],[140.74043,36.93829],[140.74015,36.9381],[140.74057,36.93783],[140.74073,36.93747],[140.74016,36.93679],[140.74026,36.93654],[140.74099,36.93654],[140.74146,36.93607],[140.74156,36.93554],[140.7399,36.93557],[140.73972,36.93513],[140.74079,36.9352],[140.74096,36.93473],[140.74196,36.93383],[140.7422,36.93299],[140.74135,36.93264],[140.74075,36.93258],[140.74211,36.93171],[140.74256,36.93165],[140.7437,36.93016],[140.74401,36.93002],[140.74382,36.9299],[140.74401,36.92962],[140.74456,36.93013],[140.74488,36.92997],[140.74541,36.93121],[140.74561,36.93092],[140.74777,36.93048],[140.74842,36.9301],[140.74842,36.9303],[140.74891,36.93006],[140.74928,36.92938],[140.74919,36.92905],[140.74962,36.92858],[140.74957,36.92829],[140.74986,36.9276],[140.75139,36.92746],[140.75156,36.92755],[140.75079,36.92777],[140.7509,36.92829],[140.75105,36.92824],[140.75107,36.92877],[140.75133,36.92889],[140.75151,36.92961],[140.75185,36.92998],[140.75203,36.92996],[140.75223,36.93035],[140.75241,36.93031],[140.75238,36.93118],[140.75332,36.93116],[140.75334,36.92973],[140.75355,36.9299],[140.75374,36.92978],[140.75391,36.92989],[140.75431,36.92958],[140.75486,36.92961],[140.75499,36.92904],[140.75535,36.92913],[140.75508,36.92973],[140.75555,36.93022],[140.75486,36.93093],[140.75508,36.93125],[140.75439,36.93101],[140.75429,36.93119],[140.75389,36.93113],[140.75379,36.93138],[140.75401,36.93158],[140.75363,36.93279],[140.75296,36.93337],[140.75311,36.93477],[140.7522,36.93478],[140.75132,36.93535],[140.75063,36.93516],[140.75095,36.93558],[140.75145,36.93578],[140.75122,36.93612],[140.7514,36.93643],[140.75226,36.93658],[140.75238,36.93756],[140.75433,36.93807],[140.75438,36.93865],[140.75411,36.93965],[140.75419,36.94007],[140.75387,36.94016],[140.75325,36.93982],[140.75227,36.9399],[140.75093,36.94151],[140.75162,36.94176],[140.75243,36.94181],[140.75273,36.94225],[140.75216,36.94274],[140.75057,36.94355],[140.75058,36.94372],[140.7504,36.94375],[140.75031,36.94351],[140.74966,36.94359],[140.74935,36.94379],[140.7492,36.94415],[140.74798,36.94284]]]},"properties":{"key":"072041110","name":"山田町","pref":"福島県","prefCode":"07","municipality":"いわき市","areaM2":20955537.767,"population":2977,"toponymIds":["07-1c7ea50d00","07-e9607b35e8","07-cd71630bdc","07-26a4a44c5d","07-49273b233a"]}},{"type":"Feature","geometry":{"type":"Polygon","coordinates":[[[140.85316,37.06764],[140.85328,37.06686],[140.85295,37.06679],[140.85164,37.06555],[140.85296,37.06463],[140.85124,37.06304],[140.85142,37.06291],[140.85097,37.06244],[140.85255,37.06092],[140.85312,37.06082],[140.85383,37.06102],[140.85368,37.06073],[140.85247,37.05986],[140.85194,37.05972],[140.84966,37.06017],[140.84885,37.06069],[140.84746,37.0609],[140.84726,37.06033],[140.8454,37.06043],[140.84432,37.0602],[140.84368,37.06029],[140.8435,37.06004],[140.84311,37.06018],[140.84247,37.06012],[140.84219,37.05943],[140.84205,37.05821],[140.84019,37.05726],[140.83985,37.05652],[140.83985,37.0561],[140.84077,37.05428],[140.8409,37.0535],[140.84177,37.05233],[140.84134,37.05184],[140.83812,37.05268],[140.8367,37.05352],[140.83317,37.0547],[140.83109,37.0548],[140.82831,37.05385],[140.82712,37.05304],[140.82673,37.05304],[140.82659,37.05268],[140.82579,37.05231],[140.8241,37.05213],[140.82121,37.05252],[140.82002,37.05231],[140.81831,37.05162],[140.8181,37.05063],[140.81698,37.04993],[140.8163,37.04883],[140.8164,37.04847],[140.81625,37.04825],[140.81586,37.04826],[140.81515,37.0486],[140.81377,37.04755],[140.8118,37.04713],[140.81231,37.04786],[140.81264,37.04921],[140.81199,37.04976],[140.81144,37.05051],[140.81196,37.05114],[140.81204,37.05195],[140.81249,37.05247],[140.81238,37.05349],[140.81266,37.05375],[140.81291,37.05487],[140.81359,37.05623],[140.8123,37.05679],[140.81231,37.05868],[140.81211,37.05961],[140.81239,37.06025],[140.81146,37.06216],[140.81393,37.06235],[140.81575,37.06229],[140.81707,37.06218],[140.81776,37.0619],[140.81917,37.06207],[140.82029,37.06251],[140.82113,37.06249],[140.8222,37.06222],[140.82393,37.06058],[140.82518,37.06027],[140.82716,37.06057],[140.83003,37.06154],[140.83061,37.06142],[140.83118,37.06105],[140.83162,37.06105],[140.8349,37.06294],[140.83635,37.0643],[140.83893,37.06592],[140.8395,37.06651],[140.84014,37.06765],[140.84112,37.06835],[140.8426,37.06782],[140.84316,37.06738],[140.84353,37.0679],[140.8431,37.06809],[140.84383,37.069],[140.84409,37.06968],[140.84398,37.0703],[140.84788,37.07157],[140.84867,37.0716],[140.85146,37.07032],[140.85257,37.06921],[140.85306,37.06836],[140.85316,37.06764]]]},"properties":{"key":"072041810","name":"好間町上好間","pref":"福島県","prefCode":"07","municipality":"いわき市","areaM2":4021147.102,"population":2447,"toponymIds":["07-276356ed6c","07-65f2cde0d2","07-3e27c73b94"]}},{"type":"Feature","geometry":{"type":"Polygon","coordinates":[[[140.81254,37.09152],[140.81307,37.09149],[140.81383,37.09176],[140.81476,37.0913],[140.81571,37.09109],[140.81669,37.0903],[140.81738,37.09005],[140.81817,37.09023],[140.81845,37.09119],[140.8186,37.09124],[140.81932,37.09107],[140.82006,37.09041],[140.82132,37.09036],[140.82105,37.0878],[140.82122,37.08772],[140.82135,37.08653],[140.82187,37.08594],[140.82251,37.08554],[140.82246,37.08538],[140.82317,37.08429],[140.82331,37.08332],[140.8238,37.08326],[140.82422,37.0834],[140.82515,37.0831],[140.82541,37.08229],[140.82589,37.08217],[140.82617,37.08171],[140.82648,37.08154],[140.8268,37.08082],[140.82737,37.08081],[140.8298,37.07959],[140.83049,37.07973],[140.83227,37.07944],[140.83308,37.07925],[140.83376,37.07882],[140.83492,37.07845],[140.83511,37.0781],[140.83506,37.0771],[140.83477,37.07624],[140.83437,37.0758],[140.83449,37.07502],[140.83404,37.07454],[140.83315,37.07445],[140.83283,37.07398],[140.83319,37.07284],[140.83457,37.07333],[140.83517,37.07298],[140.83647,37.07372],[140.83716,37.07375],[140.83772,37.07416],[140.84056,37.0734],[140.84117,37.07339],[140.84137,37.07322],[140.84214,37.07362],[140.8452,37.07379],[140.84547,37.07395],[140.84539,37.07416],[140.84696,37.07445],[140.84785,37.07507],[140.84853,37.07465],[140.84781,37.07405],[140.84921,37.07393],[140.85388,37.06905],[140.85437,37.06871],[140.85496,37.06865],[140.85606,37.06972],[140.85621,37.07013],[140.85589,37.07036],[140.85628,37.07096],[140.85703,37.07106],[140.85752,37.0708],[140.85847,37.07138],[140.85922,37.07123],[140.85888,37.07059],[140.85975,37.07018],[140.85953,37.07003],[140.85973,37.06983],[140.86063,37.06942],[140.86048,37.06852],[140.86058,37.06761],[140.86078,37.06721],[140.86173,37.0665],[140.86325,37.06622],[140.86333,37.06575],[140.86395,37.06525],[140.86477,37.06551],[140.86546,37.06527],[140.86764,37.06328],[140.86626,37.06358],[140.86625,37.06409],[140.86579,37.06471],[140.86525,37.06514],[140.86475,37.06529],[140.86465,37.0651],[140.86493,37.06498],[140.86475,37.06459],[140.86407,37.06466],[140.8638,37.06436],[140.8636,37.06444],[140.86331,37.06419],[140.86229,37.06406],[140.8616,37.06501],[140.86015,37.06588],[140.85729,37.06629],[140.85661,37.06657],[140.85553,37.06767],[140.8551,37.06845],[140.85458,37.06842],[140.85383,37.06867],[140.85365,37.06829],[140.8531,37.06806],[140.85257,37.06921],[140.85124,37.07048],[140.84867,37.0716],[140.84819,37.07159],[140.84641,37.07116],[140.84398,37.0703],[140.84409,37.06968],[140.84383,37.069],[140.8431,37.06809],[140.84353,37.0679],[140.84316,37.06738],[140.8426,37.06782],[140.84112,37.06835],[140.84014,37.06765],[140.8395,37.06651],[140.83893,37.06592],[140.83635,37.0643],[140.8349,37.06294],[140.83162,37.06105],[140.83118,37.06105],[140.83061,37.06142],[140.83003,37.06154],[140.82716,37.06057],[140.82518,37.06027],[140.82393,37.06058],[140.8222,37.06222],[140.82155,37.06241],[140.82029,37.06251],[140.81917,37.06207],[140.81776,37.0619],[140.81642,37.06226],[140.81673,37.06382],[140.81644,37.06409],[140.81623,37.06656],[140.81628,37.0669],[140.81651,37.06708],[140.8165,37.06768],[140.81613,37.06814],[140.81658,37.06839],[140.81872,37.06841],[140.81949,37.06919],[140.81938,37.06945],[140.81961,37.06941],[140.81985,37.0703],[140.81962,37.07063],[140.82066,37.07163],[140.82168,37.07194],[140.82402,37.07186],[140.82408,37.07198],[140.82323,37.07204],[140.8226,37.07244],[140.82204,37.07224],[140.82209,37.07268],[140.82163,37.07263],[140.82118,37.07292],[140.81859,37.07359],[140.81801,37.07429],[140.81777,37.07412],[140.81698,37.07423],[140.81094,37.07324],[140.81035,37.07423],[140.81045,37.0748],[140.81024,37.0759],[140.81106,37.07673],[140.81158,37.07922],[140.81211,37.07977],[140.81198,37.08025],[140.81203,37.08104],[140.81259,37.08203],[140.81352,37.08291],[140.81381,37.08371],[140.8138,37.08414],[140.81354,37.08471],[140.81275,37.08556],[140.81276,37.08616],[140.81326,37.08689],[140.81265,37.08871],[140.8112,37.0893],[140.81051,37.0902],[140.80774,37.09161],[140.80633,37.09287],[140.80679,37.09399],[140.80651,37.09443],[140.8064,37.09539],[140.80921,37.09418],[140.80937,37.0939],[140.81051,37.09336],[140.81056,37.09302],[140.81108,37.09246],[140.81254,37.09152]]]},"properties":{"key":"072041800","name":"好間町北好間","pref":"福島県","prefCode":"07","municipality":"いわき市","areaM2":5906116.947,"population":1552,"toponymIds":["07-221a17d00f","07-4ed1f01389"]}},{"type":"Feature","geometry":{"type":"Polygon","coordinates":[[[140.86086,37.06108],[140.85969,37.06002],[140.85992,37.05789],[140.8597,37.05768],[140.85934,37.05762],[140.85889,37.05793],[140.85805,37.05797],[140.85777,37.05767],[140.85741,37.05769],[140.85736,37.0579],[140.85681,37.05783],[140.85592,37.05831],[140.85571,37.05801],[140.85514,37.058],[140.85461,37.05744],[140.85439,37.05743],[140.8545,37.05709],[140.85483,37.05717],[140.85537,37.05682],[140.85709,37.05628],[140.85771,37.05588],[140.85986,37.0539],[140.86037,37.05313],[140.8603,37.05294],[140.85882,37.05242],[140.85755,37.05262],[140.85735,37.05253],[140.85731,37.05221],[140.85847,37.05078],[140.85789,37.05005],[140.85719,37.05038],[140.85709,37.05074],[140.85585,37.05111],[140.85142,37.05114],[140.84966,37.05174],[140.84953,37.05228],[140.84841,37.05301],[140.84796,37.0529],[140.84725,37.0519],[140.84678,37.05153],[140.84651,37.04974],[140.84283,37.05097],[140.84134,37.05184],[140.84177,37.05233],[140.8409,37.0535],[140.84077,37.05428],[140.83985,37.0561],[140.83985,37.05652],[140.84019,37.05726],[140.84205,37.05821],[140.84219,37.05943],[140.84247,37.06012],[140.84311,37.06018],[140.8435,37.06004],[140.84368,37.06029],[140.84432,37.0602],[140.8454,37.06043],[140.84726,37.06033],[140.84746,37.0609],[140.84885,37.06069],[140.84966,37.06017],[140.85194,37.05972],[140.85247,37.05986],[140.85368,37.06073],[140.85383,37.06102],[140.85312,37.06082],[140.85255,37.06092],[140.85097,37.06244],[140.85142,37.06291],[140.85124,37.06304],[140.85296,37.06463],[140.85164,37.06555],[140.85295,37.06679],[140.85328,37.06686],[140.8534,37.06632],[140.85398,37.06555],[140.85587,37.0646],[140.85904,37.06231],[140.86051,37.06217],[140.86055,37.06139],[140.86086,37.06108]]]},"properties":{"key":"072041820","name":"好間町中好間","pref":"福島県","prefCode":"07","municipality":"いわき市","areaM2":1887174.621,"population":1439,"toponymIds":["07-bf556e25a9","07-7e35d9a202"]}},{"type":"Feature","geometry":{"type":"Polygon","coordinates":[[[140.96201,37.12967],[140.96455,37.12889],[140.96569,37.12798],[140.96672,37.12772],[140.96825,37.1276],[140.96877,37.12811],[140.96921,37.12769],[140.96953,37.12777],[140.97105,37.12888],[140.97189,37.12865],[140.9728,37.12923],[140.97478,37.12829],[140.97547,37.12738],[140.97743,37.12722],[140.97876,37.1266],[140.97891,37.12617],[140.97934,37.12608],[140.9794,37.1259],[140.98011,37.12606],[140.98094,37.12516],[140.98125,37.12515],[140.98145,37.12487],[140.98144,37.12425],[140.98104,37.12365],[140.98026,37.12354],[140.98025,37.12302],[140.97937,37.12274],[140.97914,37.12244],[140.97928,37.12211],[140.97998,37.12169],[140.98052,37.12203],[140.98114,37.1219],[140.98131,37.12204],[140.98181,37.12172],[140.98319,37.12206],[140.98355,37.12177],[140.98447,37.1219],[140.9848,37.12175],[140.98486,37.1215],[140.98551,37.12153],[140.98591,37.12134],[140.98615,37.12108],[140.9861,37.1208],[140.98677,37.12081],[140.98701,37.12009],[140.98691,37.11934],[140.98719,37.11872],[140.98734,37.11774],[140.98772,37.11749],[140.98826,37.11771],[140.98879,37.11763],[140.98891,37.1167],[140.98955,37.11647],[140.98988,37.11593],[140.98982,37.11551],[140.99018,37.11505],[140.99333,37.11415],[140.99397,37.1143],[140.99446,37.11463],[140.99504,37.11461],[140.99563,37.11391],[140.9964,37.1138],[140.99723,37.11322],[140.99794,37.1133],[140.99843,37.11369],[140.99936,37.11397],[140.99917,37.11368],[140.99938,37.11337],[140.99963,37.11352],[140.99969,37.11304],[140.99947,37.11297],[140.99993,37.11242],[140.99925,37.11079],[140.99946,37.11045],[141.00038,37.11006],[141.00052,37.10891],[141.00032,37.10974],[140.99984,37.10889],[140.99967,37.10889],[141.00035,37.10983],[141.00034,37.11006],[140.99937,37.11044],[140.99926,37.11067],[140.99893,37.11056],[140.999,37.11041],[140.99802,37.10926],[140.9989,37.10874],[140.99934,37.10879],[140.99874,37.1088],[140.9986,37.10858],[140.99879,37.10849],[140.99871,37.10837],[140.99846,37.10849],[140.99818,37.10821],[140.99842,37.10851],[140.99769,37.10885],[140.99682,37.10784],[140.99659,37.10795],[140.9965,37.10784],[140.99734,37.10736],[140.99787,37.10785],[140.99713,37.10699],[140.99611,37.10747],[140.99474,37.1056],[140.99584,37.10514],[140.99693,37.10507],[140.99561,37.10506],[140.99483,37.10455],[140.9943,37.10385],[140.99364,37.1042],[140.99336,37.10413],[140.99325,37.10484],[140.99249,37.10477],[140.99093,37.10409],[140.99022,37.10351],[140.98959,37.10268],[140.98839,37.10013],[140.98768,37.09907],[140.98695,37.09827],[140.98558,37.09824],[140.98534,37.09754],[140.98318,37.09843],[140.98357,37.09901],[140.98269,37.09939],[140.98075,37.10015],[140.98048,37.1],[140.9787,37.10027],[140.9789,37.10045],[140.97824,37.10068],[140.97886,37.10137],[140.9781,37.10202],[140.97726,37.10313],[140.97629,37.10274],[140.97532,37.10309],[140.97431,37.10219],[140.97301,37.1021],[140.9715,37.1028],[140.97123,37.10267],[140.97032,37.1027],[140.96964,37.1034],[140.9698,37.10395],[140.96963,37.10441],[140.96975,37.10511],[140.97004,37.10549],[140.96998,37.10668],[140.96966,37.10719],[140.96997,37.108],[140.96977,37.10845],[140.96987,37.10884],[140.96921,37.10918],[140.96879,37.11079],[140.96849,37.11129],[140.96726,37.11192],[140.96664,37.11188],[140.96592,37.11218],[140.96547,37.11283],[140.96628,37.11326],[140.96633,37.11349],[140.96667,37.11357],[140.96621,37.11415],[140.96584,37.11507],[140.9659,37.11526],[140.96551,37.11589],[140.96498,37.11625],[140.96433,37.11622],[140.96409,37.11644],[140.96406,37.11629],[140.96324,37.1161],[140.96296,37.1164],[140.96114,37.11634],[140.96025,37.11673],[140.96025,37.11732],[140.95929,37.11809],[140.95973,37.11892],[140.95977,37.11929],[140.95926,37.11964],[140.95906,37.12],[140.95936,37.12128],[140.95895,37.12162],[140.95894,37.12182],[140.95931,37.1222],[140.95885,37.12302],[140.95868,37.12379],[140.95814,37.12426],[140.95805,37.12461],[140.95735,37.12554],[140.95729,37.12587],[140.95755,37.12649],[140.9579,37.12685],[140.95957,37.12732],[140.95983,37.12784],[140.95954,37.12834],[140.95986,37.12857],[140.96061,37.12869],[140.96078,37.12944],[140.96188,37.12931],[140.96201,37.12967]]]},"properties":{"key":"072041410","name":"四倉町","pref":"福島県","prefCode":"07","municipality":"いわき市","areaM2":6915816.063,"population":6716,"toponymIds":["07-fee89810f2","07-4d52e79f60","07-c5ccf23ddd"]}},{"type":"Feature","geometry":{"type":"Polygon","coordinates":[[[140.95522,37.09249],[140.95547,37.09161],[140.95563,37.09197],[140.95576,37.09171],[140.95675,37.09209],[140.95718,37.09177],[140.95733,37.09133],[140.95781,37.0909],[140.95819,37.09001],[140.95882,37.08943],[140.95901,37.089],[140.9603,37.08756],[140.96086,37.08739],[140.96083,37.08725],[140.96109,37.08715],[140.96136,37.08634],[140.96149,37.08555],[140.96102,37.08313],[140.96082,37.0828],[140.96168,37.0824],[140.96033,37.08099],[140.96081,37.08062],[140.9602,37.08084],[140.95992,37.08055],[140.96055,37.0802],[140.96042,37.07949],[140.95943,37.08003],[140.95794,37.07845],[140.95543,37.0802],[140.9556,37.081],[140.95357,37.08133],[140.95404,37.0832],[140.95244,37.08351],[140.95273,37.08479],[140.95312,37.08474],[140.95362,37.08679],[140.95303,37.08688],[140.95315,37.08739],[140.95192,37.08758],[140.95231,37.08908],[140.9527,37.08902],[140.95289,37.08988],[140.95251,37.08994],[140.95255,37.09015],[140.95176,37.09027],[140.95182,37.09099],[140.95092,37.09133],[140.95115,37.09211],[140.95277,37.09165],[140.9534,37.09221],[140.95348,37.09333],[140.95455,37.09314],[140.95522,37.09249]]]},"properties":{"key":"072041460","name":"四倉町大森","pref":"福島県","prefCode":"07","municipality":"いわき市","areaM2":886439.896,"population":245,"toponymIds":["07-c1ae785cd6"]}},{"type":"Feature","geometry":{"type":"Polygon","coordinates":[[[140.89279,37.15572],[140.8933,37.15598],[140.89543,37.15613],[140.89634,37.15512],[140.89792,37.15482],[140.89828,37.15401],[140.89768,37.15293],[140.8976,37.15213],[140.89825,37.15089],[140.89963,37.14893],[140.89993,37.14733],[140.9004,37.14659],[140.90091,37.14513],[140.89992,37.14418],[140.89952,37.14319],[140.89927,37.14311],[140.89888,37.14257],[140.89804,37.14222],[140.89799,37.14202],[140.89795,37.14076],[140.89821,37.13996],[140.89858,37.13959],[140.89823,37.13837],[140.89822,37.13733],[140.89879,37.13611],[140.89801,37.13595],[140.89823,37.13566],[140.89889,37.13577],[140.89912,37.13551],[140.89827,37.13517],[140.89738,37.13448],[140.89629,37.13437],[140.89504,37.13465],[140.89503,37.13452],[140.89383,37.13433],[140.89313,37.1346],[140.89365,37.13427],[140.89386,37.13351],[140.89376,37.13321],[140.89299,37.1335],[140.89276,37.13338],[140.89333,37.13324],[140.89356,37.13282],[140.89354,37.13242],[140.89315,37.13134],[140.89241,37.13092],[140.89236,37.13117],[140.89189,37.13165],[140.89051,37.13251],[140.89042,37.13219],[140.88992,37.13181],[140.88911,37.1316],[140.88938,37.13106],[140.88856,37.13121],[140.88801,37.13158],[140.88831,37.13064],[140.88812,37.1304],[140.88852,37.12997],[140.88848,37.12978],[140.88885,37.12964],[140.88878,37.12937],[140.88918,37.1292],[140.88869,37.12885],[140.88934,37.12872],[140.88948,37.1283],[140.89019,37.12846],[140.89043,37.12822],[140.89075,37.12836],[140.89055,37.12802],[140.89019,37.12813],[140.89008,37.12832],[140.88957,37.128],[140.88921,37.12812],[140.88909,37.12845],[140.8888,37.12846],[140.8883,37.1288],[140.88828,37.12954],[140.88791,37.13005],[140.88785,37.13123],[140.88736,37.13121],[140.88715,37.13165],[140.88723,37.13298],[140.88662,37.13313],[140.88744,37.13353],[140.8865,37.13424],[140.88605,37.13521],[140.8859,37.13607],[140.88419,37.13634],[140.8861,37.13655],[140.88613,37.13696],[140.88639,37.13731],[140.88619,37.13771],[140.88554,37.13764],[140.88533,37.13776],[140.88534,37.13794],[140.88565,37.13784],[140.88594,37.13798],[140.8861,37.13835],[140.88554,37.13975],[140.88461,37.14102],[140.88475,37.14116],[140.88524,37.14101],[140.88574,37.14112],[140.88651,37.14154],[140.88694,37.14152],[140.88716,37.14192],[140.88758,37.1422],[140.88783,37.14322],[140.88753,37.1441],[140.88801,37.1447],[140.88845,37.14611],[140.88847,37.14823],[140.88883,37.14834],[140.88938,37.149],[140.89098,37.14941],[140.89155,37.14992],[140.89309,37.15041],[140.89306,37.1516],[140.89324,37.15244],[140.89312,37.15349],[140.89284,37.15419],[140.89296,37.15464],[140.89354,37.15535],[140.89279,37.15572]]]},"properties":{"key":"072041600","name":"四倉町上岡","pref":"福島県","prefCode":"07","municipality":"いわき市","areaM2":2295518.666,"population":52,"toponymIds":["07-1c215eecbf"]}},{"type":"Feature","geometry":{"type":"Polygon","coordinates":[[[140.97726,37.10313],[140.9781,37.10202],[140.97886,37.10137],[140.97824,37.10068],[140.9789,37.10045],[140.9787,37.10027],[140.98048,37.1],[140.98075,37.10015],[140.98269,37.09939],[140.98357,37.09901],[140.98318,37.09843],[140.98534,37.09754],[140.98558,37.09824],[140.98695,37.09827],[140.98357,37.09002],[140.98141,37.09003],[140.97995,37.08935],[140.97934,37.08936],[140.9787,37.08979],[140.97769,37.09104],[140.9772,37.09128],[140.97643,37.09152],[140.97567,37.09079],[140.97444,37.09154],[140.9736,37.09172],[140.97319,37.09163],[140.97277,37.09204],[140.97262,37.09247],[140.97283,37.09301],[140.97319,37.09309],[140.97342,37.09295],[140.97331,37.09331],[140.9739,37.09345],[140.97341,37.09454],[140.97257,37.0951],[140.96991,37.09537],[140.96943,37.09579],[140.96941,37.09668],[140.96983,37.09789],[140.97046,37.09767],[140.97075,37.09776],[140.97096,37.09889],[140.96997,37.09929],[140.9692,37.09924],[140.96798,37.09945],[140.96779,37.09975],[140.96716,37.09947],[140.967,37.09972],[140.96719,37.10058],[140.96833,37.10066],[140.96903,37.10164],[140.96926,37.10186],[140.96983,37.10203],[140.96993,37.10237],[140.97032,37.1027],[140.97123,37.10267],[140.9715,37.1028],[140.97301,37.1021],[140.97431,37.10219],[140.97532,37.10309],[140.97629,37.10274],[140.97726,37.10313]]]},"properties":{"key":"072041420","name":"四倉町上仁井田","pref":"福島県","prefCode":"07","municipality":"いわき市","areaM2":1503407.775,"population":3781,"toponymIds":["07-f3dbe65a47","07-df26e193a1"]}},{"type":"Feature","geometry":{"type":"Polygon","coordinates":[[[140.90789,37.10573],[140.90731,37.10539],[140.90634,37.10519],[140.90594,37.10465],[140.90564,37.1046],[140.905,37.10501],[140.90414,37.10505],[140.90388,37.10417],[140.90324,37.10429],[140.90205,37.10408],[140.90208,37.10338],[140.90188,37.10295],[140.90125,37.10288],[140.90079,37.1026],[140.90051,37.10324],[140.89942,37.10382],[140.89865,37.10411],[140.89734,37.10419],[140.8976,37.10511],[140.89808,37.10526],[140.89916,37.10606],[140.89988,37.1074],[140.90056,37.10792],[140.90053,37.10924],[140.90148,37.11031],[140.90159,37.11092],[140.90311,37.11117],[140.90343,37.11139],[140.90403,37.11211],[140.90402,37.11264],[140.9049,37.11272],[140.90462,37.11363],[140.90626,37.1136],[140.9071,37.11445],[140.90737,37.11494],[140.90831,37.11479],[140.90977,37.11491],[140.91103,37.11435],[140.91132,37.11511],[140.91358,37.11472],[140.9141,37.11426],[140.91402,37.11321],[140.9115,37.11269],[140.90991,37.11175],[140.90773,37.1113],[140.90779,37.11005],[140.90738,37.10953],[140.90744,37.10872],[140.90674,37.10818],[140.90642,37.10706],[140.90704,37.1071],[140.90768,37.10694],[140.9079,37.10661],[140.90789,37.10573]]]},"properties":{"key":"072041570","name":"四倉町上柳生","pref":"福島県","prefCode":"07","municipality":"いわき市","areaM2":774906.203,"population":78,"toponymIds":["07-b5bce103cf"]}},{"type":"Feature","geometry":{"type":"Polygon","coordinates":[[[140.97124,37.08855],[140.97057,37.08834],[140.96984,37.08849],[140.96922,37.08818],[140.96879,37.08768],[140.96893,37.08742],[140.96839,37.0869],[140.96774,37.08723],[140.9672,37.0878],[140.96475,37.0863],[140.96442,37.08644],[140.96382,37.08629],[140.96273,37.08633],[140.96281,37.08698],[140.96242,37.08728],[140.96109,37.08715],[140.96083,37.08725],[140.96086,37.08739],[140.9603,37.08756],[140.95901,37.089],[140.95868,37.08961],[140.95819,37.09001],[140.95781,37.0909],[140.95733,37.09133],[140.95718,37.09177],[140.95675,37.09209],[140.95783,37.09223],[140.95785,37.09243],[140.95826,37.09245],[140.9582,37.09399],[140.95727,37.09503],[140.95694,37.10139],[140.96046,37.10148],[140.96048,37.10035],[140.96595,37.09534],[140.96623,37.09527],[140.96875,37.09274],[140.96887,37.0913],[140.97029,37.09081],[140.97134,37.09016],[140.97141,37.08881],[140.97124,37.08855]]]},"properties":{"key":"072041470","name":"四倉町狐塚","pref":"福島県","prefCode":"07","municipality":"いわき市","areaM2":1225043.428,"population":559,"toponymIds":["07-7802d4d21c"]}},{"type":"Feature","geometry":{"type":"Polygon","coordinates":[[[140.88594,37.13798],[140.88531,37.13785],[140.88545,37.13765],[140.88626,37.13768],[140.88639,37.13731],[140.88613,37.13696],[140.8861,37.13655],[140.88419,37.13634],[140.8859,37.13607],[140.88605,37.13521],[140.8865,37.13424],[140.88744,37.13353],[140.88662,37.13313],[140.88723,37.13298],[140.88715,37.13165],[140.88736,37.13121],[140.88785,37.13123],[140.88791,37.13005],[140.88828,37.12954],[140.8883,37.1288],[140.8888,37.12846],[140.88909,37.12845],[140.88921,37.12812],[140.88957,37.128],[140.89008,37.12832],[140.89019,37.12813],[140.89055,37.12802],[140.89075,37.12836],[140.89043,37.12822],[140.89019,37.12846],[140.88948,37.1283],[140.88934,37.12872],[140.88869,37.12885],[140.88918,37.1292],[140.88878,37.12937],[140.88885,37.12964],[140.88848,37.12978],[140.88852,37.12997],[140.88812,37.1304],[140.88831,37.13064],[140.88801,37.13158],[140.88856,37.13121],[140.88938,37.13106],[140.88911,37.1316],[140.88992,37.13181],[140.89042,37.13219],[140.89051,37.13251],[140.89189,37.13165],[140.89236,37.13117],[140.89241,37.13092],[140.89287,37.13109],[140.89334,37.1317],[140.89356,37.13282],[140.89333,37.13324],[140.89276,37.13338],[140.89299,37.1335],[140.89376,37.13321],[140.89389,37.13371],[140.89365,37.13427],[140.89313,37.1346],[140.89383,37.13433],[140.89503,37.13452],[140.89504,37.13465],[140.89629,37.13437],[140.89738,37.13448],[140.89787,37.13492],[140.89897,37.13549],[140.89912,37.13551],[140.8996,37.13503],[140.89972,37.13537],[140.89954,37.13564],[140.89973,37.13578],[140.90046,37.13556],[140.90074,37.1351],[140.90179,37.13496],[140.90314,37.13393],[140.90365,37.13375],[140.90394,37.13292],[140.90428,37.13272],[140.90522,37.13251],[140.90548,37.13285],[140.90572,37.1329],[140.90599,37.13352],[140.90641,37.13394],[140.90626,37.13444],[140.90644,37.13451],[140.90714,37.13452],[140.90745,37.13424],[140.90781,37.13341],[140.9078,37.13299],[140.90744,37.1323],[140.90741,37.13121],[140.90758,37.13063],[140.90801,37.13026],[140.90757,37.12839],[140.90796,37.12795],[140.90891,37.12774],[140.90875,37.1272],[140.90729,37.12657],[140.90964,37.12417],[140.90937,37.12322],[140.90883,37.12274],[140.90911,37.12239],[140.90911,37.12185],[140.90952,37.12174],[140.90952,37.12049],[140.9097,37.12035],[140.90964,37.12006],[140.90909,37.11984],[140.90898,37.11962],[140.90955,37.11902],[140.90963,37.11869],[140.91036,37.1182],[140.91082,37.11739],[140.91174,37.11674],[140.91132,37.11511],[140.91103,37.11435],[140.90977,37.11491],[140.90831,37.11479],[140.90737,37.11494],[140.9071,37.11445],[140.90626,37.1136],[140.90462,37.11363],[140.9049,37.11272],[140.90402,37.11264],[140.90403,37.11211],[140.90311,37.11117],[140.90159,37.11092],[140.90148,37.11031],[140.90053,37.10924],[140.90056,37.10792],[140.89988,37.1074],[140.89916,37.10606],[140.89808,37.10526],[140.8976,37.10511],[140.89652,37.10598],[140.89597,37.10621],[140.89538,37.10589],[140.89456,37.10607],[140.89433,37.10632],[140.89369,37.10856],[140.89354,37.10959],[140.89309,37.11005],[140.89291,37.11052],[140.89306,37.11101],[140.89348,37.11145],[140.89362,37.11231],[140.8929,37.11296],[140.89195,37.11346],[140.89188,37.11366],[140.89237,37.11415],[140.89258,37.11461],[140.89171,37.11585],[140.89087,37.11632],[140.88997,37.11628],[140.88952,37.11666],[140.88923,37.11646],[140.88911,37.11676],[140.88795,37.11762],[140.88696,37.11785],[140.88689,37.1189],[140.88728,37.12009],[140.88725,37.12069],[140.88706,37.12089],[140.88639,37.12112],[140.8852,37.12105],[140.8846,37.12117],[140.88301,37.12187],[140.88259,37.12229],[140.88314,37.1241],[140.88445,37.12527],[140.88457,37.12561],[140.88453,37.12598],[140.88418,37.12646],[140.88281,37.12737],[140.88246,37.12819],[140.88275,37.12887],[140.88268,37.12923],[140.88289,37.13034],[140.88323,37.13079],[140.88363,37.13093],[140.88314,37.13217],[140.88272,37.13261],[140.88269,37.13285],[140.88361,37.13392],[140.88338,37.13465],[140.88292,37.13516],[140.8834,37.1355],[140.88312,37.13576],[140.88271,37.13579],[140.88279,37.13596],[140.88264,37.1362],[140.88333,37.137],[140.88388,37.13719],[140.88382,37.13782],[140.88419,37.13815],[140.88457,37.1391],[140.88436,37.13947],[140.88465,37.13963],[140.88449,37.14069],[140.88461,37.14102],[140.885,37.14064],[140.88511,37.14019],[140.88583,37.1392],[140.88611,37.13826],[140.88594,37.13798]]]},"properties":{"key":"072041580","name":"四倉町駒込","pref":"福島県","prefCode":"07","municipality":"いわき市","areaM2":5363673.058,"population":326,"toponymIds":["07-d8b3ef96f7"]}},{"type":"Feature","geometry":{"type":"Polygon","coordinates":[[[140.96604,37.10155],[140.96783,37.10156],[140.96782,37.10134],[140.96865,37.10124],[140.96833,37.10066],[140.96719,37.10058],[140.967,37.09972],[140.96716,37.09947],[140.96779,37.09975],[140.96798,37.09945],[140.9692,37.09924],[140.96997,37.09929],[140.97096,37.09889],[140.97075,37.09776],[140.97046,37.09767],[140.96983,37.09789],[140.96935,37.09625],[140.96943,37.09579],[140.96965,37.09554],[140.97017,37.09531],[140.97257,37.0951],[140.97358,37.09431],[140.97374,37.09389],[140.97282,37.09383],[140.97214,37.09344],[140.97243,37.0928],[140.97209,37.0921],[140.97213,37.0917],[140.97087,37.09107],[140.97056,37.09057],[140.96978,37.09105],[140.96887,37.0913],[140.96875,37.09274],[140.96623,37.09527],[140.96595,37.09534],[140.96048,37.10035],[140.96046,37.10148],[140.96604,37.10155]]]},"properties":{"key":"072041430","name":"四倉町塩木","pref":"福島県","prefCode":"07","municipality":"いわき市","areaM2":587918.032,"population":120,"toponymIds":["07-895502bfb8"]}},{"type":"Feature","geometry":{"type":"Polygon","coordinates":[[[140.97343,37.09309],[140.97342,37.09295],[140.97319,37.09309],[140.97283,37.09301],[140.97264,37.09268],[140.97277,37.09204],[140.97319,37.09163],[140.9736,37.09172],[140.97444,37.09154],[140.97567,37.09079],[140.97643,37.09152],[140.9772,37.09128],[140.97769,37.09104],[140.9787,37.08979],[140.97934,37.08936],[140.97995,37.08935],[140.98141,37.09003],[140.98357,37.09002],[140.98295,37.08802],[140.98279,37.0879],[140.98289,37.08771],[140.98265,37.08669],[140.98227,37.08596],[140.98217,37.08524],[140.98195,37.08507],[140.98196,37.08463],[140.98175,37.08446],[140.98184,37.08434],[140.98158,37.08394],[140.98163,37.0837],[140.98139,37.08329],[140.98118,37.08221],[140.98099,37.08202],[140.98105,37.0817],[140.98063,37.08067],[140.98066,37.08037],[140.98008,37.07908],[140.97946,37.07689],[140.97929,37.07677],[140.97933,37.07654],[140.97793,37.07219],[140.97744,37.07001],[140.97423,37.07039],[140.97506,37.07067],[140.9751,37.07088],[140.97477,37.07133],[140.9749,37.07198],[140.97541,37.07269],[140.97495,37.07356],[140.97498,37.07451],[140.97515,37.07472],[140.97557,37.07684],[140.97608,37.07777],[140.97622,37.07862],[140.97671,37.0798],[140.97704,37.08139],[140.97767,37.08202],[140.97888,37.08235],[140.97939,37.08271],[140.97863,37.08281],[140.97852,37.08258],[140.9784,37.08259],[140.97842,37.08277],[140.97714,37.08282],[140.97696,37.0824],[140.97665,37.08217],[140.97652,37.08121],[140.97562,37.08134],[140.97619,37.08227],[140.97556,37.0822],[140.9749,37.08266],[140.97496,37.08204],[140.9748,37.08186],[140.97495,37.08134],[140.97521,37.08121],[140.97513,37.08065],[140.97221,37.08131],[140.9722,37.08175],[140.9716,37.08174],[140.97055,37.08203],[140.97033,37.08215],[140.97026,37.08245],[140.97044,37.08277],[140.97099,37.08277],[140.97098,37.08252],[140.97124,37.08269],[140.97167,37.08248],[140.97222,37.08297],[140.97165,37.08308],[140.97129,37.08349],[140.97117,37.0851],[140.97142,37.08546],[140.97171,37.08559],[140.97189,37.08599],[140.97179,37.08616],[140.97124,37.08614],[140.97147,37.08573],[140.97102,37.08569],[140.97085,37.08599],[140.97016,37.08621],[140.96965,37.08691],[140.9688,37.08758],[140.96897,37.08794],[140.96972,37.08846],[140.97072,37.08835],[140.9714,37.0887],[140.97138,37.09009],[140.97056,37.09057],[140.97087,37.09107],[140.97213,37.0917],[140.97209,37.0921],[140.97243,37.0928],[140.97214,37.09344],[140.97282,37.09383],[140.97374,37.09389],[140.9739,37.09345],[140.97331,37.09331],[140.97343,37.09309]]]},"properties":{"key":"072041440","name":"四倉町下仁井田","pref":"福島県","prefCode":"07","municipality":"いわき市","areaM2":1446789.453,"population":557,"toponymIds":["07-7b66654f7b","07-580193c9f7"]}},{"type":"Feature","geometry":{"type":"Polygon","coordinates":[[[140.91174,37.11674],[140.91245,37.1165],[140.91256,37.11611],[140.91296,37.11573],[140.91425,37.11576],[140.91547,37.11532],[140.91636,37.11437],[140.91678,37.11343],[140.91928,37.11222],[140.92042,37.11179],[140.92229,37.1116],[140.92447,37.11096],[140.92511,37.11094],[140.92649,37.11128],[140.92661,37.11087],[140.92676,37.11087],[140.92671,37.11068],[140.92705,37.11062],[140.92684,37.10968],[140.92572,37.10849],[140.92556,37.10743],[140.92507,37.10704],[140.92443,37.10712],[140.92416,37.10683],[140.92264,37.10664],[140.92242,37.1064],[140.92208,37.10638],[140.92146,37.10502],[140.92082,37.10495],[140.92077,37.10458],[140.92034,37.10425],[140.92032,37.10392],[140.91983,37.1035],[140.92019,37.10272],[140.91983,37.10212],[140.91924,37.10182],[140.91854,37.10203],[140.91797,37.10246],[140.91694,37.10267],[140.91655,37.10198],[140.91562,37.10191],[140.91433,37.10213],[140.91373,37.10251],[140.91279,37.10248],[140.91185,37.10321],[140.91165,37.10399],[140.90963,37.10476],[140.90789,37.10573],[140.9079,37.10661],[140.90768,37.10694],[140.90704,37.1071],[140.90642,37.10706],[140.90674,37.10818],[140.90744,37.10872],[140.90738,37.10953],[140.90779,37.11005],[140.90773,37.1113],[140.90991,37.11175],[140.9115,37.11269],[140.91402,37.11321],[140.9141,37.11426],[140.91398,37.11447],[140.91275,37.11496],[140.91132,37.11511],[140.91174,37.11674]]]},"properties":{"key":"072041560","name":"四倉町下柳生","pref":"福島県","prefCode":"07","municipality":"いわき市","areaM2":1564149.107,"population":76,"toponymIds":["07-3cdae0eeed"]}},{"type":"Feature","geometry":{"type":"Polygon","coordinates":[[[140.94897,37.14189],[140.95034,37.14099],[140.95182,37.14066],[140.95291,37.13998],[140.95354,37.13911],[140.95458,37.13497],[140.95566,37.13384],[140.95785,37.13286],[140.95962,37.13036],[140.96201,37.12967],[140.96188,37.12931],[140.96078,37.12944],[140.96061,37.12869],[140.95986,37.12857],[140.95954,37.12834],[140.95983,37.12784],[140.95957,37.12732],[140.9579,37.12685],[140.95755,37.12649],[140.95729,37.12587],[140.95735,37.12554],[140.95805,37.12461],[140.95814,37.12426],[140.95868,37.12379],[140.95885,37.12302],[140.95931,37.1222],[140.95894,37.12182],[140.95895,37.12162],[140.95936,37.12128],[140.95906,37.12],[140.95926,37.11964],[140.95977,37.11929],[140.95973,37.11892],[140.95927,37.11824],[140.95982,37.11755],[140.95932,37.11702],[140.95864,37.11728],[140.95757,37.11698],[140.95747,37.11689],[140.95761,37.11664],[140.95729,37.11644],[140.95722,37.11614],[140.95667,37.11606],[140.95642,37.11503],[140.95608,37.11532],[140.95519,37.11508],[140.95366,37.11511],[140.95368,37.11484],[140.95243,37.11487],[140.95243,37.11558],[140.95176,37.11728],[140.95199,37.11825],[140.95203,37.11957],[140.95135,37.12065],[140.95124,37.12192],[140.95043,37.12193],[140.95014,37.12237],[140.95064,37.12327],[140.95068,37.12386],[140.95048,37.12447],[140.94918,37.12515],[140.94806,37.12658],[140.94724,37.1269],[140.94704,37.12742],[140.9473,37.12897],[140.94718,37.12985],[140.94477,37.13231],[140.9442,37.13357],[140.94396,37.13377],[140.94323,37.13355],[140.94232,37.13294],[140.94143,37.13287],[140.9403,37.13318],[140.93912,37.13415],[140.93881,37.1342],[140.93821,37.13468],[140.9373,37.13494],[140.93652,37.13562],[140.93479,37.13619],[140.93536,37.13666],[140.93589,37.13836],[140.93671,37.13912],[140.93667,37.14039],[140.93636,37.14134],[140.93582,37.14187],[140.93479,37.14218],[140.93411,37.14263],[140.93376,37.14351],[140.93315,37.14403],[140.93153,37.14459],[140.93098,37.14613],[140.9302,37.14648],[140.92982,37.14691],[140.92893,37.14715],[140.92861,37.14739],[140.92833,37.14794],[140.9278,37.1483],[140.92692,37.15041],[140.92641,37.15109],[140.92545,37.15169],[140.92555,37.15251],[140.92541,37.15335],[140.92457,37.15564],[140.92413,37.15763],[140.92316,37.15888],[140.92314,37.16004],[140.92415,37.15898],[140.92598,37.15788],[140.92635,37.15748],[140.92758,37.15516],[140.92847,37.15426],[140.93063,37.15266],[140.93166,37.15225],[140.93269,37.15209],[140.93764,37.15211],[140.93969,37.15149],[140.94192,37.15049],[140.94482,37.14649],[140.94704,37.14481],[140.94768,37.14416],[140.94859,37.14232],[140.94897,37.14189]]]},"properties":{"key":"072041510","name":"四倉町白岩","pref":"福島県","prefCode":"07","municipality":"いわき市","areaM2":4840658.673,"population":105,"toponymIds":["07-34229f8dd4","07-d0755d604b"]}},{"type":"Feature","geometry":{"type":"Polygon","coordinates":[[[140.91943,37.17513],[140.91922,37.175],[140.91856,37.17509],[140.91834,37.17484],[140.91849,37.17457],[140.91968,37.17378],[140.91935,37.1731],[140.91989,37.17287],[140.92004,37.17261],[140.91929,37.17212],[140.91941,37.17109],[140.91871,37.16999],[140.91924,37.16957],[140.9204,37.16983],[140.92074,37.16968],[140.92188,37.16851],[140.92279,37.1673],[140.92302,37.16628],[140.92259,37.16517],[140.92296,37.16457],[140.92305,37.16406],[140.92288,37.16158],[140.92314,37.16004],[140.92307,37.15928],[140.92316,37.15888],[140.92413,37.15763],[140.92457,37.15564],[140.92541,37.15335],[140.92555,37.15251],[140.92545,37.15169],[140.92641,37.15109],[140.92692,37.15041],[140.9278,37.1483],[140.92833,37.14794],[140.92861,37.14739],[140.92893,37.14715],[140.92982,37.14691],[140.9302,37.14648],[140.93098,37.14613],[140.93153,37.14459],[140.93315,37.14403],[140.93376,37.14351],[140.93411,37.14263],[140.93479,37.14218],[140.93582,37.14187],[140.93636,37.14134],[140.93667,37.14039],[140.93671,37.13912],[140.93589,37.13836],[140.93536,37.13666],[140.93461,37.13598],[140.93456,37.13499],[140.93491,37.13482],[140.93545,37.13406],[140.93546,37.13343],[140.93641,37.13248],[140.93673,37.13221],[140.93769,37.132],[140.93802,37.13169],[140.93833,37.13121],[140.93837,37.13048],[140.93877,37.13026],[140.93871,37.12969],[140.93947,37.1296],[140.93916,37.12871],[140.9393,37.12819],[140.93903,37.12804],[140.93846,37.12818],[140.93822,37.12794],[140.93831,37.12761],[140.93894,37.12702],[140.93898,37.1264],[140.93925,37.12631],[140.93925,37.12614],[140.93994,37.12598],[140.9401,37.12541],[140.94062,37.12504],[140.94112,37.12435],[140.9424,37.12359],[140.94253,37.1231],[140.94347,37.12258],[140.94372,37.12267],[140.94472,37.12216],[140.9447,37.12168],[140.94519,37.12153],[140.94527,37.12108],[140.94515,37.12085],[140.9456,37.1205],[140.94558,37.12031],[140.94612,37.11953],[140.94598,37.11931],[140.94605,37.11844],[140.94577,37.11807],[140.94689,37.1167],[140.94729,37.11565],[140.94877,37.11551],[140.94974,37.11483],[140.95152,37.11493],[140.95237,37.11405],[140.95294,37.11193],[140.95267,37.11076],[140.95212,37.1105],[140.95021,37.11036],[140.95022,37.10991],[140.94184,37.10968],[140.94155,37.10969],[140.94155,37.11017],[140.93946,37.10999],[140.93853,37.10926],[140.93668,37.10879],[140.93639,37.11278],[140.93561,37.11391],[140.93457,37.11398],[140.93466,37.11439],[140.93439,37.11466],[140.93405,37.11477],[140.93374,37.11515],[140.93327,37.11517],[140.93314,37.11568],[140.9327,37.11572],[140.93227,37.11629],[140.93202,37.11636],[140.93177,37.117],[140.93076,37.11769],[140.93031,37.11777],[140.92978,37.11749],[140.92908,37.11742],[140.92901,37.11767],[140.92817,37.11778],[140.92795,37.11848],[140.92666,37.11833],[140.92624,37.11875],[140.92574,37.11941],[140.92578,37.11965],[140.92542,37.12033],[140.92494,37.12074],[140.92569,37.12198],[140.92567,37.12222],[140.92512,37.12271],[140.92502,37.12298],[140.92425,37.12351],[140.92379,37.1242],[140.92312,37.12449],[140.92278,37.12508],[140.92226,37.12539],[140.92253,37.12681],[140.9221,37.12693],[140.92131,37.12804],[140.9205,37.12776],[140.92028,37.12803],[140.91949,37.12792],[140.91914,37.12859],[140.91897,37.12985],[140.91798,37.1318],[140.91694,37.13284],[140.91651,37.13384],[140.91591,37.13404],[140.91557,37.13443],[140.91543,37.13487],[140.91571,37.13595],[140.9156,37.13612],[140.91585,37.13765],[140.91565,37.13795],[140.91585,37.13816],[140.91584,37.13893],[140.91573,37.13923],[140.91523,37.13953],[140.91528,37.13981],[140.91578,37.14],[140.91638,37.14131],[140.91574,37.14143],[140.91499,37.14235],[140.91542,37.14296],[140.91504,37.14318],[140.91475,37.14361],[140.91573,37.14459],[140.91594,37.14501],[140.91626,37.14607],[140.91626,37.14672],[140.91594,37.14743],[140.91568,37.14964],[140.91504,37.15093],[140.91494,37.15145],[140.91546,37.15292],[140.91546,37.15413],[140.91581,37.15441],[140.91623,37.15532],[140.91614,37.15609],[140.91572,37.15706],[140.91586,37.15736],[140.91712,37.15859],[140.91754,37.15971],[140.91754,37.1601],[140.91824,37.16159],[140.91784,37.16186],[140.91437,37.16314],[140.91504,37.16427],[140.91501,37.16496],[140.91406,37.16588],[140.91369,37.16659],[140.91376,37.16751],[140.91348,37.16796],[140.9134,37.16862],[140.91294,37.16932],[140.9128,37.16991],[140.91176,37.17191],[140.9115,37.1733],[140.91161,37.17392],[140.91236,37.17421],[140.91289,37.17468],[140.91307,37.17656],[140.9148,37.1788],[140.91881,37.1777],[140.91942,37.17714],[140.91979,37.17611],[140.91943,37.17513]]]},"properties":{"key":"072041530","name":"四倉町玉山","pref":"福島県","prefCode":"07","municipality":"いわき市","areaM2":9213886.09,"population":449,"toponymIds":["07-1810ea4d52","07-3de5db0b0a"]}},{"type":"Feature","geometry":{"type":"Polygon","coordinates":[[[140.96031,37.11713],[140.96025,37.11673],[140.96114,37.11634],[140.96296,37.1164],[140.96324,37.1161],[140.96406,37.11629],[140.96409,37.11644],[140.96433,37.11622],[140.96498,37.11625],[140.96551,37.11589],[140.9659,37.11526],[140.96584,37.11507],[140.96621,37.11415],[140.96667,37.11357],[140.96633,37.11349],[140.96628,37.11326],[140.96547,37.11283],[140.96592,37.11218],[140.96664,37.11188],[140.96726,37.11192],[140.96849,37.11129],[140.96879,37.11079],[140.96921,37.10918],[140.96987,37.10884],[140.96977,37.10845],[140.96997,37.108],[140.96966,37.10719],[140.96998,37.10668],[140.97004,37.10549],[140.96975,37.10511],[140.96963,37.10441],[140.9698,37.10395],[140.96964,37.1034],[140.97032,37.1027],[140.96993,37.10237],[140.96983,37.10203],[140.96926,37.10186],[140.96868,37.10114],[140.96782,37.10134],[140.96783,37.10156],[140.95684,37.10139],[140.95645,37.10959],[140.95658,37.10995],[140.95644,37.11002],[140.95677,37.1107],[140.95294,37.11193],[140.95247,37.11331],[140.95229,37.11454],[140.95243,37.11487],[140.95368,37.11484],[140.95366,37.11511],[140.95519,37.11508],[140.95608,37.11532],[140.95642,37.11503],[140.95667,37.11606],[140.95722,37.11614],[140.95729,37.11644],[140.95761,37.11664],[140.95747,37.11689],[140.95757,37.11698],[140.95864,37.11728],[140.95932,37.11702],[140.95982,37.11755],[140.96025,37.11732],[140.96031,37.11713]]]},"properties":{"key":"072041500","name":"四倉町戸田","pref":"福島県","prefCode":"07","municipality":"いわき市","areaM2":1901343.022,"population":237,"toponymIds":["07-5481783f8b","07-6bb3b4357f"]}},{"type":"Feature","geometry":{"type":"Polygon","coordinates":[[[140.93479,37.13619],[140.93652,37.13562],[140.9373,37.13494],[140.93821,37.13468],[140.93881,37.1342],[140.93912,37.13415],[140.9403,37.13318],[140.94143,37.13287],[140.94232,37.13294],[140.94323,37.13355],[140.94396,37.13377],[140.9442,37.13357],[140.94477,37.13231],[140.94718,37.12985],[140.9473,37.12897],[140.94704,37.12742],[140.94724,37.1269],[140.94806,37.12658],[140.94918,37.12515],[140.95048,37.12447],[140.95068,37.12386],[140.95064,37.12327],[140.95014,37.12237],[140.95043,37.12193],[140.95124,37.12192],[140.95135,37.12065],[140.95207,37.11941],[140.95176,37.11728],[140.95243,37.11558],[140.95237,37.11405],[140.95152,37.11493],[140.94974,37.11483],[140.94877,37.11551],[140.94729,37.11565],[140.94689,37.1167],[140.94577,37.11807],[140.94605,37.11844],[140.94598,37.11931],[140.94612,37.11953],[140.94558,37.12031],[140.9456,37.1205],[140.94515,37.12085],[140.94527,37.12108],[140.94519,37.12153],[140.9447,37.12168],[140.94472,37.12216],[140.94372,37.12267],[140.94347,37.12258],[140.94253,37.1231],[140.9424,37.12359],[140.94112,37.12435],[140.94062,37.12504],[140.9401,37.12541],[140.93994,37.12598],[140.93925,37.12614],[140.93925,37.12631],[140.93893,37.12649],[140.93894,37.12702],[140.93831,37.12761],[140.93822,37.12794],[140.93846,37.12818],[140.93903,37.12804],[140.9393,37.12819],[140.93916,37.12871],[140.93947,37.1296],[140.93871,37.12969],[140.93877,37.13026],[140.93837,37.13048],[140.93833,37.13121],[140.93769,37.132],[140.93673,37.13221],[140.93546,37.13343],[140.93545,37.13406],[140.93491,37.13482],[140.93456,37.13499],[140.93461,37.13598],[140.93479,37.13619]]]},"properties":{"key":"072041520","name":"四倉町中島","pref":"福島県","prefCode":"07","municipality":"いわき市","areaM2":1377411.155,"population":119,"toponymIds":["07-8d0aa3d7a9"]}},{"type":"Feature","geometry":{"type":"Polygon","coordinates":[[[140.95677,37.1107],[140.95644,37.11002],[140.95658,37.10995],[140.95645,37.10959],[140.95685,37.10128],[140.95294,37.1012],[140.95272,37.10142],[140.95262,37.10185],[140.95137,37.10153],[140.94899,37.1015],[140.94595,37.10061],[140.9453,37.1001],[140.94475,37.10043],[140.94395,37.10153],[140.94411,37.1028],[140.94339,37.10301],[140.94239,37.10297],[140.94179,37.10339],[140.94172,37.10369],[140.94114,37.10375],[140.94074,37.10399],[140.94019,37.10376],[140.93966,37.10386],[140.93976,37.10414],[140.93951,37.10425],[140.93948,37.1053],[140.93913,37.10643],[140.93822,37.10686],[140.93764,37.10797],[140.937,37.10839],[140.93681,37.1088],[140.93853,37.10926],[140.93946,37.10999],[140.9408,37.11011],[140.94155,37.11017],[140.94155,37.10969],[140.95022,37.10991],[140.95021,37.11036],[140.95212,37.1105],[140.95267,37.11076],[140.95294,37.11193],[140.95677,37.1107]]]},"properties":{"key":"072041490","name":"四倉町長友","pref":"福島県","prefCode":"07","municipality":"いわき市","areaM2":1494036.591,"population":192,"toponymIds":["07-5593a785a5","07-2ba33cc9ea"]}},{"type":"Feature","geometry":{"type":"Polygon","coordinates":[[[140.95694,37.10139],[140.95727,37.09503],[140.9582,37.09399],[140.95826,37.09245],[140.95785,37.09243],[140.95783,37.09223],[140.95675,37.09209],[140.95576,37.09171],[140.95563,37.09197],[140.95547,37.09161],[140.95522,37.09249],[140.95492,37.09288],[140.95455,37.09314],[140.95348,37.09333],[140.9519,37.09396],[140.95095,37.0945],[140.95076,37.09532],[140.94958,37.09619],[140.94893,37.09692],[140.9482,37.09722],[140.94732,37.09719],[140.94679,37.09733],[140.94659,37.09797],[140.94704,37.09827],[140.947,37.09869],[140.94662,37.09894],[140.94652,37.09927],[140.94573,37.09959],[140.9453,37.1001],[140.94595,37.10061],[140.94899,37.1015],[140.95137,37.10153],[140.95262,37.10185],[140.95272,37.10142],[140.95294,37.1012],[140.95685,37.10128],[140.95694,37.10139]]]},"properties":{"key":"072041480","name":"四倉町名木","pref":"福島県","prefCode":"07","municipality":"いわき市","areaM2":739017.349,"population":102,"toponymIds":["07-20b0e6e18a"]}},{"type":"Feature","geometry":{"type":"Polygon","coordinates":[[[140.96821,37.08699],[140.96839,37.0869],[140.96893,37.08742],[140.96914,37.08734],[140.97016,37.08621],[140.97085,37.08599],[140.97102,37.08569],[140.97147,37.08573],[140.97124,37.08614],[140.97179,37.08616],[140.97183,37.08576],[140.97117,37.0851],[140.97129,37.08349],[140.97165,37.08308],[140.97222,37.08297],[140.97167,37.08248],[140.97124,37.08269],[140.97098,37.08252],[140.97099,37.08277],[140.97044,37.08277],[140.97026,37.08245],[140.97033,37.08215],[140.97075,37.08195],[140.9722,37.08175],[140.97221,37.08131],[140.97513,37.08065],[140.97521,37.08121],[140.97495,37.08134],[140.9748,37.08186],[140.97496,37.08204],[140.9749,37.08266],[140.97556,37.0822],[140.97619,37.08227],[140.97562,37.08134],[140.97652,37.08121],[140.97665,37.08217],[140.97696,37.0824],[140.97714,37.08282],[140.97842,37.08277],[140.9784,37.08259],[140.97852,37.08258],[140.97863,37.08281],[140.97939,37.08271],[140.97888,37.08235],[140.97767,37.08202],[140.97704,37.08139],[140.97671,37.0798],[140.97622,37.07862],[140.97608,37.07777],[140.97557,37.07684],[140.97515,37.07472],[140.97498,37.07451],[140.97495,37.07356],[140.97541,37.07269],[140.9749,37.07198],[140.97477,37.07133],[140.97346,37.07043],[140.97307,37.07043],[140.97225,37.0708],[140.97072,37.07178],[140.97012,37.07182],[140.96988,37.07232],[140.96987,37.07278],[140.97041,37.07375],[140.97062,37.076],[140.9702,37.07642],[140.96798,37.07657],[140.96661,37.07576],[140.96634,37.07514],[140.9645,37.07528],[140.96425,37.07545],[140.96429,37.07575],[140.96348,37.07519],[140.96306,37.07554],[140.96356,37.0759],[140.96023,37.07749],[140.96028,37.078],[140.96055,37.07853],[140.96016,37.07864],[140.96051,37.07944],[140.96055,37.0802],[140.95992,37.08055],[140.9602,37.08084],[140.96081,37.08062],[140.96033,37.08099],[140.96168,37.0824],[140.96082,37.0828],[140.96102,37.08313],[140.96149,37.08555],[140.96109,37.08715],[140.96242,37.08728],[140.96281,37.08698],[140.96273,37.08633],[140.96382,37.08629],[140.96442,37.08644],[140.96475,37.0863],[140.9672,37.0878],[140.96774,37.08723],[140.96821,37.08699]]]},"properties":{"key":"072041450","name":"四倉町細谷","pref":"福島県","prefCode":"07","municipality":"いわき市","areaM2":1622410.857,"population":528,"toponymIds":["07-b7b9725f29","07-2eeeb33c24"]}},{"type":"Feature","geometry":{"type":"Polygon","coordinates":[[[140.91391,37.12254],[140.91427,37.12228],[140.91473,37.12243],[140.91559,37.12206],[140.91609,37.12215],[140.91639,37.12192],[140.91738,37.1218],[140.9176,37.12198],[140.91839,37.12207],[140.91873,37.12174],[140.91898,37.12173],[140.91932,37.1214],[140.9193,37.12111],[140.91924,37.12102],[140.91873,37.12121],[140.91851,37.1201],[140.91859,37.11963],[140.91896,37.11932],[140.91933,37.11953],[140.91962,37.11916],[140.91955,37.11884],[140.9198,37.11873],[140.92011,37.11882],[140.92047,37.11864],[140.92113,37.11862],[140.92177,37.11767],[140.92242,37.11749],[140.92289,37.117],[140.92342,37.1169],[140.92358,37.11654],[140.92389,37.11655],[140.92466,37.1152],[140.9258,37.11464],[140.92565,37.11433],[140.92638,37.11404],[140.92634,37.11388],[140.92651,37.11383],[140.92648,37.11311],[140.93016,37.11319],[140.93018,37.11194],[140.92895,37.1119],[140.92896,37.11208],[140.92786,37.11213],[140.92783,37.11161],[140.92669,37.11161],[140.92649,37.11128],[140.92511,37.11094],[140.92409,37.11101],[140.92229,37.1116],[140.92042,37.11179],[140.91678,37.11343],[140.91636,37.11437],[140.91547,37.11532],[140.91425,37.11576],[140.91296,37.11573],[140.91256,37.11611],[140.91245,37.1165],[140.91105,37.11715],[140.91036,37.1182],[140.90963,37.11869],[140.90955,37.11902],[140.90898,37.11962],[140.90909,37.11984],[140.90964,37.12006],[140.90945,37.12148],[140.9097,37.12188],[140.91084,37.122],[140.91112,37.12258],[140.91174,37.12269],[140.91268,37.12259],[140.91297,37.12234],[140.91346,37.12275],[140.91391,37.12254]]]},"properties":{"key":"072041550","name":"四倉町薬王寺","pref":"福島県","prefCode":"07","municipality":"いわき市","areaM2":1085135.552,"population":98,"toponymIds":["07-1140aa3f11","07-65eb69ecaa"]}},{"type":"Feature","geometry":{"type":"Polygon","coordinates":[[[140.91614,37.15609],[140.91623,37.15532],[140.91581,37.15441],[140.91546,37.15413],[140.91546,37.15292],[140.91493,37.15124],[140.91568,37.14964],[140.91594,37.14743],[140.91626,37.14672],[140.91626,37.14607],[140.91573,37.14459],[140.91475,37.14361],[140.91504,37.14318],[140.91542,37.14296],[140.91499,37.14235],[140.91574,37.14143],[140.91638,37.14131],[140.91578,37.14],[140.91528,37.13981],[140.91523,37.13953],[140.91573,37.13923],[140.91584,37.13893],[140.91585,37.13816],[140.91565,37.13795],[140.91585,37.13765],[140.9156,37.13612],[140.91571,37.13595],[140.91543,37.13487],[140.91593,37.13383],[140.91555,37.13302],[140.91544,37.13182],[140.91553,37.13059],[140.91522,37.12977],[140.91533,37.12844],[140.915,37.12811],[140.91515,37.12779],[140.91583,37.12755],[140.91612,37.12726],[140.9159,37.12663],[140.9153,37.12599],[140.91498,37.12469],[140.91464,37.1244],[140.91462,37.12391],[140.91506,37.12369],[140.91468,37.12324],[140.91421,37.12303],[140.91391,37.12254],[140.91346,37.12275],[140.91297,37.12234],[140.91268,37.12259],[140.91174,37.12269],[140.91112,37.12258],[140.91084,37.122],[140.91,37.12196],[140.90952,37.12174],[140.90911,37.12185],[140.90911,37.12239],[140.90884,37.12283],[140.90937,37.12322],[140.90964,37.12417],[140.90729,37.12657],[140.90875,37.1272],[140.90891,37.12774],[140.90796,37.12795],[140.90757,37.12839],[140.90801,37.13026],[140.90742,37.13096],[140.90744,37.1323],[140.9078,37.13299],[140.90781,37.13341],[140.90745,37.13424],[140.90714,37.13452],[140.90626,37.13444],[140.90641,37.13394],[140.90599,37.13352],[140.90572,37.1329],[140.90548,37.13285],[140.90522,37.13251],[140.90405,37.13279],[140.90365,37.13375],[140.90314,37.13393],[140.90179,37.13496],[140.90074,37.1351],[140.90046,37.13556],[140.89973,37.13578],[140.89954,37.13564],[140.89972,37.13537],[140.89954,37.13503],[140.89889,37.13577],[140.89836,37.13561],[140.89809,37.13577],[140.89801,37.13595],[140.89879,37.13611],[140.89822,37.13733],[140.89823,37.13837],[140.89858,37.13959],[140.89821,37.13996],[140.89795,37.14076],[140.89804,37.14222],[140.89888,37.14257],[140.89927,37.14311],[140.89952,37.14319],[140.89992,37.14418],[140.90091,37.14513],[140.9004,37.14659],[140.89993,37.14733],[140.89963,37.14893],[140.89825,37.15089],[140.8976,37.15213],[140.89768,37.15293],[140.89828,37.15401],[140.89804,37.15458],[140.89783,37.15488],[140.89634,37.15512],[140.89543,37.15613],[140.8933,37.15598],[140.89279,37.15572],[140.89243,37.15598],[140.89212,37.15668],[140.89027,37.15716],[140.88906,37.15807],[140.88752,37.15862],[140.88718,37.15976],[140.88522,37.16122],[140.88777,37.16196],[140.88911,37.16276],[140.89042,37.16309],[140.88909,37.16669],[140.88816,37.16728],[140.88773,37.168],[140.88735,37.17011],[140.88626,37.17079],[140.88609,37.1725],[140.88593,37.17278],[140.8861,37.17392],[140.88569,37.17458],[140.88503,37.17638],[140.8842,37.17673],[140.88281,37.17677],[140.88226,37.17698],[140.88146,37.17854],[140.8821,37.17976],[140.88168,37.1813],[140.88166,37.18199],[140.88237,37.18402],[140.88124,37.18571],[140.88147,37.18657],[140.8808,37.18813],[140.88039,37.19068],[140.87949,37.19159],[140.87944,37.19235],[140.8805,37.19649],[140.88104,37.20059],[140.8821,37.20235],[140.8829,37.20471],[140.88279,37.20492],[140.8881,37.20182],[140.89094,37.20073],[140.89626,37.19967],[140.89812,37.19899],[140.90062,37.19767],[140.90278,37.19701],[140.90642,37.1968],[140.90794,37.19636],[140.90907,37.19565],[140.91016,37.19406],[140.91046,37.19355],[140.91109,37.19063],[140.91175,37.18888],[140.91185,37.18825],[140.9115,37.1869],[140.91162,37.18646],[140.91412,37.18207],[140.91428,37.18144],[140.91429,37.1796],[140.91439,37.17917],[140.9148,37.1788],[140.91307,37.17656],[140.91289,37.17468],[140.91236,37.17421],[140.91161,37.17392],[140.91151,37.17272],[140.91238,37.1705],[140.9134,37.16862],[140.91348,37.16796],[140.91376,37.16751],[140.91369,37.16659],[140.91406,37.16588],[140.91501,37.16496],[140.91504,37.16427],[140.91437,37.16314],[140.91784,37.16186],[140.91824,37.16159],[140.91754,37.1601],[140.91754,37.15971],[140.91712,37.15859],[140.91586,37.15736],[140.91572,37.15706],[140.91614,37.15609]]]},"properties":{"key":"072041590","name":"四倉町八茎","pref":"福島県","prefCode":"07","municipality":"いわき市","areaM2":16914018.444,"population":68,"toponymIds":["07-45e5425c51"]}},{"type":"Feature","geometry":{"type":"Polygon","coordinates":[[[140.92253,37.12681],[140.92221,37.12546],[140.92278,37.12508],[140.92312,37.12449],[140.92379,37.1242],[140.92425,37.12351],[140.92502,37.12298],[140.92512,37.12271],[140.92567,37.12222],[140.92569,37.12198],[140.92494,37.12074],[140.92542,37.12033],[140.92589,37.11913],[140.92666,37.11833],[140.92795,37.11848],[140.92817,37.11778],[140.92901,37.11767],[140.92908,37.11742],[140.92978,37.11749],[140.93031,37.11777],[140.93076,37.11769],[140.93177,37.117],[140.93202,37.11636],[140.93227,37.11629],[140.9327,37.11572],[140.93314,37.11568],[140.93327,37.11517],[140.93374,37.11515],[140.93405,37.11477],[140.93439,37.11466],[140.93466,37.11439],[140.93457,37.11398],[140.93561,37.11391],[140.93639,37.11278],[140.93668,37.10879],[140.93764,37.10797],[140.93808,37.10713],[140.9373,37.10676],[140.93591,37.10642],[140.93427,37.10633],[140.93244,37.10675],[140.93059,37.10685],[140.93043,37.10739],[140.93024,37.10746],[140.92938,37.10748],[140.92832,37.10708],[140.92701,37.10696],[140.92639,37.10729],[140.92556,37.10743],[140.92572,37.10849],[140.92684,37.10968],[140.927,37.11036],[140.92705,37.11062],[140.92671,37.11068],[140.92648,37.11145],[140.92667,37.11147],[140.92669,37.11161],[140.92783,37.11161],[140.92786,37.11213],[140.92896,37.11208],[140.92895,37.1119],[140.93012,37.11188],[140.93016,37.11319],[140.92648,37.11311],[140.92651,37.11383],[140.92634,37.11388],[140.92638,37.11404],[140.92565,37.11433],[140.9258,37.11464],[140.92466,37.1152],[140.92389,37.11655],[140.92358,37.11654],[140.92342,37.1169],[140.92289,37.117],[140.92242,37.11749],[140.92177,37.11767],[140.92113,37.11862],[140.92047,37.11864],[140.92011,37.11882],[140.9198,37.11873],[140.91955,37.11884],[140.91962,37.11916],[140.91933,37.11953],[140.91896,37.11932],[140.91859,37.11963],[140.91851,37.1201],[140.91873,37.12121],[140.91924,37.12102],[140.9193,37.12111],[140.91932,37.1214],[140.91898,37.12173],[140.91873,37.12174],[140.91839,37.12207],[140.9176,37.12198],[140.91738,37.1218],[140.91639,37.12192],[140.91609,37.12215],[140.91559,37.12206],[140.91473,37.12243],[140.91427,37.12228],[140.91391,37.12254],[140.91421,37.12303],[140.91468,37.12324],[140.91506,37.12369],[140.91462,37.12391],[140.91464,37.1244],[140.91498,37.12469],[140.9153,37.12599],[140.9161,37.12707],[140.91601,37.12739],[140.91515,37.12779],[140.915,37.12811],[140.91533,37.12844],[140.91522,37.12977],[140.91553,37.13059],[140.91544,37.13182],[140.91555,37.13302],[140.91582,37.13344],[140.91591,37.13404],[140.91651,37.13384],[140.91694,37.13284],[140.91798,37.1318],[140.91897,37.12985],[140.91914,37.12859],[140.91949,37.12792],[140.92028,37.12803],[140.9205,37.12776],[140.92131,37.12804],[140.9221,37.12693],[140.92253,37.12681]]]},"properties":{"key":"072041540","name":"四倉町山田小湊","pref":"福島県","prefCode":"07","municipality":"いわき市","areaM2":1907357.999,"population":122,"toponymIds":["07-0cb0d28503"]}},{"type":"Feature","geometry":{"type":"Polygon","coordinates":[[[140.84502,36.98037],[140.84629,36.98003],[140.84704,36.97927],[140.84729,36.97861],[140.84809,36.97803],[140.84848,36.97753],[140.84964,36.97789],[140.84988,36.97765],[140.85006,36.97654],[140.84966,36.97607],[140.85061,36.97513],[140.85104,36.97495],[140.85114,36.97451],[140.85069,36.97396],[140.85075,36.97353],[140.85157,36.97273],[140.85148,36.97227],[140.85066,36.97119],[140.85068,36.97064],[140.85085,36.97032],[140.85134,36.97016],[140.85163,36.96953],[140.85328,36.97006],[140.85331,36.96936],[140.85291,36.96867],[140.85318,36.96827],[140.85317,36.96767],[140.85349,36.96753],[140.85289,36.96711],[140.85214,36.96602],[140.85141,36.96566],[140.85134,36.96537],[140.85092,36.96493],[140.85076,36.96553],[140.85011,36.96521],[140.85025,36.96493],[140.84901,36.96469],[140.84863,36.96524],[140.84827,36.96523],[140.84738,36.96581],[140.84733,36.96651],[140.84603,36.96678],[140.84565,36.96708],[140.84473,36.9672],[140.84408,36.9679],[140.8433,36.96813],[140.8433,36.96879],[140.84278,36.96891],[140.84258,36.96943],[140.84206,36.96929],[140.84165,36.96885],[140.84141,36.96899],[140.84113,36.96967],[140.84072,36.96976],[140.8407,36.97018],[140.83997,36.97082],[140.83998,36.9713],[140.8403,36.9717],[140.83991,36.97208],[140.83955,36.97381],[140.83914,36.97402],[140.83877,36.97374],[140.83832,36.97382],[140.83763,36.97359],[140.83717,36.97366],[140.83701,36.97339],[140.83706,36.973],[140.83607,36.97295],[140.8359,36.97235],[140.83556,36.97195],[140.83505,36.97203],[140.83508,36.97243],[140.83477,36.97265],[140.83432,36.97247],[140.83321,36.97258],[140.83288,36.97226],[140.83304,36.97167],[140.83282,36.97143],[140.83328,36.97083],[140.83321,36.97069],[140.83245,36.97071],[140.83229,36.97029],[140.83199,36.9702],[140.83158,36.97038],[140.83154,36.97097],[140.83109,36.97139],[140.83014,36.97151],[140.82938,36.97113],[140.82905,36.97046],[140.82773,36.96968],[140.82645,36.96979],[140.82583,36.96949],[140.82551,36.96911],[140.82538,36.96934],[140.82501,36.96941],[140.8224,36.96825],[140.82076,36.9687],[140.82088,36.96912],[140.82041,36.97004],[140.82061,36.97064],[140.82045,36.97113],[140.82076,36.97175],[140.81999,36.97252],[140.81982,36.97294],[140.81999,36.97325],[140.81942,36.97386],[140.82094,36.97414],[140.82228,36.97488],[140.82277,36.97483],[140.82323,36.97504],[140.82432,36.97482],[140.82492,36.97529],[140.82579,36.97542],[140.82649,36.976],[140.82679,36.97698],[140.82722,36.97698],[140.82787,36.97734],[140.82904,36.97739],[140.82956,36.97784],[140.82985,36.97789],[140.8303,36.97842],[140.83033,36.97883],[140.83084,36.97922],[140.83098,36.97988],[140.83155,36.9805],[140.83219,36.97988],[140.83252,36.97904],[140.83391,36.97894],[140.8352,36.97953],[140.83548,36.97989],[140.83656,36.98015],[140.83679,36.98011],[140.83699,36.97974],[140.83783,36.97995],[140.83859,36.97973],[140.8387,36.97947],[140.83916,36.97915],[140.8399,36.97889],[140.8402,36.97899],[140.84088,36.97971],[140.84153,36.98014],[140.84207,36.97991],[140.84241,36.98008],[140.84248,36.98031],[140.84323,36.98046],[140.84394,36.98008],[140.84469,36.98006],[140.84502,36.98037]]]},"properties":{"key":"072040850","name":"渡辺町泉田","pref":"福島県","prefCode":"07","municipality":"いわき市","areaM2":2679708.63,"population":64,"toponymIds":["07-abcd265989"]}},{"type":"Feature","geometry":{"type":"Polygon","coordinates":[[[140.8284,36.96977],[140.82851,36.96872],[140.82803,36.96861],[140.82821,36.96805],[140.82815,36.96743],[140.82912,36.96601],[140.83003,36.96515],[140.83041,36.96414],[140.83157,36.96278],[140.83193,36.96257],[140.83252,36.96261],[140.83282,36.96238],[140.83334,36.96238],[140.83352,36.96262],[140.83397,36.96257],[140.83433,36.96291],[140.83534,36.96301],[140.83585,36.96279],[140.83656,36.96378],[140.8372,36.96427],[140.83867,36.96422],[140.83856,36.95896],[140.83889,36.95888],[140.83869,36.95858],[140.83924,36.95765],[140.83882,36.95723],[140.83909,36.95668],[140.83902,36.95635],[140.83917,36.95592],[140.84015,36.9554],[140.83891,36.95491],[140.83919,36.95409],[140.83811,36.95343],[140.83791,36.95293],[140.83686,36.95253],[140.83694,36.95216],[140.83725,36.95184],[140.83679,36.95108],[140.83563,36.95107],[140.83495,36.95051],[140.83495,36.95006],[140.83398,36.94999],[140.8332,36.94965],[140.83218,36.94966],[140.83168,36.94933],[140.83097,36.94952],[140.8306,36.94911],[140.8301,36.94932],[140.8293,36.94897],[140.82908,36.94862],[140.82828,36.9486],[140.82778,36.94833],[140.82754,36.94839],[140.82748,36.94879],[140.827,36.94898],[140.82648,36.94836],[140.82579,36.94838],[140.82544,36.94793],[140.82477,36.94774],[140.82349,36.94783],[140.82348,36.94814],[140.82306,36.94846],[140.82266,36.94842],[140.82189,36.94916],[140.82156,36.94918],[140.82106,36.94969],[140.82124,36.9502],[140.82099,36.95146],[140.82197,36.95243],[140.82224,36.95362],[140.82213,36.95397],[140.82187,36.95395],[140.82149,36.95422],[140.82171,36.95509],[140.82144,36.95518],[140.82121,36.9575],[140.82151,36.95765],[140.82256,36.95887],[140.82386,36.95917],[140.82411,36.95985],[140.82449,36.96003],[140.82488,36.96069],[140.82487,36.9615],[140.82427,36.96183],[140.82398,36.96217],[140.82412,36.96259],[140.82371,36.96328],[140.82383,36.96381],[140.82326,36.96427],[140.8227,36.96443],[140.8227,36.96472],[140.82218,36.96505],[140.82199,36.96549],[140.82207,36.96578],[140.82156,36.96617],[140.82124,36.96711],[140.82053,36.96813],[140.82053,36.96837],[140.82076,36.9687],[140.8224,36.96825],[140.82501,36.96941],[140.82538,36.96934],[140.82551,36.96911],[140.82583,36.96949],[140.82645,36.96979],[140.82773,36.96968],[140.82848,36.97012],[140.8284,36.96977]]]},"properties":{"key":"072040870","name":"渡辺町田部","pref":"福島県","prefCode":"07","municipality":"いわき市","areaM2":2650691.023,"population":413,"toponymIds":["07-8992836d0b"]}},{"type":"Feature","geometry":{"type":"Polygon","coordinates":[[[140.81709,36.97492],[140.81838,36.97441],[140.81898,36.97437],[140.81993,36.97335],[140.81998,36.9731],[140.81982,36.97294],[140.81999,36.97252],[140.82076,36.97175],[140.82045,36.97113],[140.82061,36.97064],[140.82041,36.97004],[140.81996,36.97],[140.81952,36.97018],[140.81921,36.96989],[140.81782,36.96954],[140.81734,36.9691],[140.81663,36.96916],[140.81655,36.96869],[140.8159,36.96821],[140.8158,36.9678],[140.81547,36.96749],[140.81533,36.96688],[140.81459,36.96645],[140.8142,36.96651],[140.81305,36.96613],[140.81273,36.96623],[140.81165,36.96606],[140.8115,36.96544],[140.8116,36.96516],[140.81131,36.96425],[140.81051,36.96369],[140.81077,36.96287],[140.81018,36.96233],[140.81055,36.96185],[140.80888,36.96144],[140.80798,36.96074],[140.8077,36.95986],[140.80737,36.95948],[140.80541,36.95932],[140.80486,36.95899],[140.80269,36.95833],[140.80219,36.9587],[140.79996,36.95888],[140.79951,36.95835],[140.79916,36.95836],[140.79682,36.95894],[140.79627,36.95948],[140.79592,36.95951],[140.79537,36.95989],[140.79487,36.96062],[140.79348,36.96184],[140.79362,36.96276],[140.79351,36.96316],[140.79333,36.96329],[140.79348,36.9638],[140.79333,36.96578],[140.79395,36.96598],[140.7948,36.966],[140.79566,36.96565],[140.79633,36.9656],[140.79734,36.96619],[140.79767,36.96679],[140.7985,36.96696],[140.79988,36.96668],[140.80033,36.96681],[140.80059,36.96653],[140.80137,36.96635],[140.80168,36.96642],[140.80194,36.96665],[140.80221,36.9674],[140.80268,36.96752],[140.80277,36.96776],[140.80228,36.96818],[140.80138,36.96833],[140.80122,36.96854],[140.80138,36.96896],[140.80251,36.96955],[140.80296,36.97002],[140.80253,36.97081],[140.80255,36.97148],[140.80332,36.97206],[140.80443,36.97191],[140.80523,36.97225],[140.80545,36.97315],[140.80642,36.97368],[140.80678,36.97446],[140.80721,36.97483],[140.80829,36.97519],[140.80878,36.97519],[140.80933,36.97561],[140.80956,36.97557],[140.8101,36.97606],[140.811,36.97599],[140.81151,36.97648],[140.81234,36.97598],[140.81339,36.97612],[140.81386,36.97597],[140.81499,36.97513],[140.81547,36.97546],[140.81593,36.9754],[140.81589,36.97507],[140.81637,36.97466],[140.81709,36.97492]]]},"properties":{"key":"072040890","name":"渡辺町中釜戸","pref":"福島県","prefCode":"07","municipality":"いわき市","areaM2":2484278.042,"population":113,"toponymIds":["07-4d17075ae3"]}},{"type":"Feature","geometry":{"type":"Polygon","coordinates":[[[140.84055,36.96476],[140.84116,36.96478],[140.84177,36.96458],[140.84272,36.96379],[140.84335,36.96361],[140.84409,36.96303],[140.8436,36.96243],[140.84391,36.95967],[140.8434,36.95966],[140.84357,36.95644],[140.84323,36.95641],[140.84318,36.95624],[140.84019,36.95756],[140.83966,36.95709],[140.83923,36.95713],[140.83909,36.95739],[140.83924,36.95765],[140.83869,36.95858],[140.83889,36.95888],[140.83856,36.95896],[140.83867,36.96422],[140.83798,36.96426],[140.83835,36.9647],[140.84055,36.96476]]]},"properties":{"key":"072040840","name":"渡辺町洞","pref":"福島県","prefCode":"07","municipality":"いわき市","areaM2":366284.607,"population":558,"toponymIds":["07-4259db9d87"]}},{"type":"Feature","geometry":{"type":"Polygon","coordinates":[[[140.24862,37.13248],[140.24849,37.13215],[140.249,37.1324],[140.24958,37.13178],[140.25135,37.13103],[140.25228,37.13022],[140.25268,37.13044],[140.25281,37.12961],[140.25263,37.1288],[140.25279,37.12846],[140.25481,37.12787],[140.25558,37.1274],[140.25723,37.1231],[140.25783,37.12192],[140.25831,37.122],[140.25861,37.11988],[140.25557,37.11864],[140.25135,37.11739],[140.24988,37.11701],[140.24503,37.11634],[140.2452,37.11534],[140.2466,37.11357],[140.24819,37.11083],[140.24834,37.10998],[140.24817,37.10971],[140.24733,37.10944],[140.24708,37.10873],[140.24832,37.1081],[140.24636,37.10628],[140.24619,37.10516],[140.24253,37.10562],[140.24115,37.10543],[140.24185,37.10381],[140.24194,37.10205],[140.23876,37.10233],[140.23713,37.10299],[140.23578,37.10326],[140.23429,37.10285],[140.23345,37.10373],[140.23178,37.10398],[140.23068,37.10505],[140.23085,37.10653],[140.23111,37.107],[140.23065,37.10724],[140.22997,37.10716],[140.22965,37.10761],[140.23028,37.10797],[140.23013,37.10944],[140.22994,37.11014],[140.22953,37.11054],[140.22938,37.11145],[140.22881,37.1121],[140.22842,37.11296],[140.22887,37.1134],[140.22973,37.11314],[140.23145,37.11319],[140.23177,37.11294],[140.23193,37.11173],[140.23254,37.11105],[140.23326,37.11165],[140.23375,37.11239],[140.23408,37.11406],[140.23498,37.11395],[140.23595,37.11514],[140.23642,37.11633],[140.23748,37.11615],[140.23866,37.11653],[140.23865,37.11675],[140.23706,37.11757],[140.23489,37.11961],[140.23456,37.12108],[140.23423,37.12168],[140.23463,37.12193],[140.23338,37.12327],[140.23376,37.1241],[140.23427,37.12451],[140.23419,37.12536],[140.23381,37.12595],[140.23637,37.12638],[140.23779,37.12588],[140.23834,37.12599],[140.2388,37.12682],[140.23924,37.12717],[140.24198,37.12763],[140.24345,37.1283],[140.24475,37.12912],[140.24515,37.12957],[140.2445,37.12975],[140.24299,37.13065],[140.24174,37.13198],[140.24086,37.13185],[140.23937,37.13238],[140.2386,37.13219],[140.23818,37.13234],[140.24205,37.13446],[140.2486,37.13394],[140.24862,37.13248]]]},"properties":{"key":"07205003031","name":"大久保","pref":"福島県","prefCode":"07","municipality":"白河市","areaM2":4721902.907,"population":2023,"toponymIds":["07-b48a44d618"]}},{"type":"Feature","geometry":{"type":"Polygon","coordinates":[[[140.30887,37.0676],[140.30916,37.06717],[140.30945,37.06762],[140.30991,37.06765],[140.3104,37.0675],[140.31023,37.06716],[140.31245,37.06645],[140.31189,37.06545],[140.31151,37.06517],[140.31028,37.06481],[140.30987,37.06434],[140.31084,37.06378],[140.31155,37.06458],[140.31277,37.06349],[140.31365,37.06206],[140.31258,37.06088],[140.31219,37.0598],[140.3083,37.0557],[140.30869,37.05562],[140.308,37.05529],[140.30786,37.05508],[140.30501,37.05515],[140.30453,37.05201],[140.30409,37.0511],[140.30193,37.0483],[140.30136,37.04721],[140.30062,37.04416],[140.30009,37.0435],[140.29793,37.0424],[140.2961,37.04046],[140.29422,37.03923],[140.29347,37.03847],[140.29301,37.03781],[140.29195,37.0342],[140.29136,37.03331],[140.29067,37.03144],[140.2912,37.03062],[140.29219,37.02958],[140.29216,37.02917],[140.29359,37.027],[140.29532,37.02007],[140.29281,37.01917],[140.29226,37.01856],[140.29077,37.01827],[140.28997,37.01754],[140.28902,37.01754],[140.28866,37.01715],[140.28798,37.01681],[140.2862,37.01654],[140.28379,37.01531],[140.28135,37.01493],[140.28007,37.01502],[140.27859,37.01453],[140.27792,37.01412],[140.27707,37.0141],[140.276,37.01441],[140.27436,37.01361],[140.27371,37.01293],[140.27248,37.01255],[140.27207,37.01184],[140.27061,37.01126],[140.2705,37.01009],[140.26967,37.00943],[140.26893,37.00858],[140.26898,37.00747],[140.26814,37.00656],[140.26792,37.00497],[140.26702,37.00312],[140.26696,37.00197],[140.26755,37.00106],[140.26745,37.00012],[140.26676,37.0002],[140.26554,37.00065],[140.26436,37.0005],[140.26316,37.00071],[140.26291,37.00166],[140.26227,37.00253],[140.26234,37.0033],[140.26263,37.00372],[140.26251,37.00392],[140.25989,37.00503],[140.25791,37.0051],[140.25719,37.00529],[140.25698,37.00561],[140.25621,37.00609],[140.25547,37.0064],[140.25467,37.0064],[140.25412,37.00681],[140.254,37.00732],[140.25289,37.0074],[140.25175,37.00821],[140.25136,37.00872],[140.25134,37.00902],[140.25201,37.01025],[140.25109,37.01076],[140.25071,37.01215],[140.25097,37.01308],[140.25123,37.01343],[140.25082,37.01408],[140.25108,37.01458],[140.25028,37.01486],[140.24932,37.0165],[140.24959,37.01718],[140.2489,37.01849],[140.24954,37.01938],[140.24932,37.02023],[140.24937,37.02079],[140.2501,37.02196],[140.24915,37.02349],[140.24956,37.02466],[140.24953,37.02502],[140.24877,37.02594],[140.24919,37.02675],[140.24907,37.02748],[140.25042,37.02943],[140.25041,37.02994],[140.25118,37.03012],[140.25174,37.03002],[140.25222,37.03022],[140.25297,37.02997],[140.25478,37.03012],[140.25689,37.03121],[140.25878,37.03138],[140.26098,37.03132],[140.26312,37.0316],[140.26295,37.03482],[140.26483,37.03549],[140.26557,37.03632],[140.26608,37.03778],[140.26673,37.03862],[140.26733,37.03905],[140.26849,37.03922],[140.27045,37.04065],[140.27148,37.04176],[140.27227,37.04321],[140.27232,37.04472],[140.27328,37.04632],[140.2736,37.04744],[140.27484,37.04863],[140.27579,37.05052],[140.2762,37.05284],[140.27682,37.053],[140.27684,37.05317],[140.27661,37.05327],[140.27666,37.05353],[140.27732,37.05399],[140.27896,37.05422],[140.28036,37.0547],[140.28109,37.05687],[140.28189,37.05743],[140.28201,37.05781],[140.28445,37.05663],[140.28522,37.0566],[140.28556,37.05798],[140.28599,37.05819],[140.28586,37.05851],[140.28601,37.05857],[140.28947,37.05815],[140.28977,37.05845],[140.29217,37.0577],[140.29248,37.05793],[140.29324,37.058],[140.29354,37.05815],[140.29378,37.05878],[140.29454,37.05935],[140.29504,37.06008],[140.29535,37.06238],[140.29574,37.06274],[140.2967,37.0631],[140.29769,37.06373],[140.29806,37.06447],[140.29956,37.06565],[140.30082,37.06774],[140.30211,37.06825],[140.30362,37.0695],[140.30539,37.06976],[140.30695,37.06942],[140.30819,37.06868],[140.30887,37.0676]]]},"properties":{"key":"072050080","name":"表郷金山","pref":"福島県","prefCode":"07","municipality":"白河市","areaM2":17650228.266,"population":1783,"toponymIds":["07-9a3ad53cdf","07-8bd000704c","07-bc04a1a4ef","07-c3a850c100"]}},{"type":"Feature","geometry":{"type":"Polygon","coordinates":[[[140.23608,37.08953],[140.23636,37.08937],[140.23845,37.08942],[140.23842,37.08921],[140.2377,37.08839],[140.23705,37.08672],[140.23723,37.08633],[140.23713,37.08533],[140.23755,37.08507],[140.23722,37.08451],[140.23723,37.084],[140.23782,37.0835],[140.2376,37.08149],[140.23812,37.08027],[140.24014,37.07912],[140.24089,37.0802],[140.24166,37.08068],[140.2447,37.07701],[140.24776,37.07639],[140.25358,37.07373],[140.25339,37.07335],[140.25704,37.07131],[140.25692,37.07087],[140.25861,37.07043],[140.25844,37.0694],[140.25368,37.06855],[140.24965,37.06651],[140.24899,37.06603],[140.24537,37.06754],[140.24413,37.06774],[140.2429,37.06759],[140.24247,37.0644],[140.24223,37.06395],[140.24137,37.0639],[140.23718,37.06292],[140.23499,37.06261],[140.23461,37.06161],[140.23466,37.06094],[140.23318,37.06119],[140.23289,37.06137],[140.23474,37.0629],[140.23498,37.06364],[140.23478,37.06474],[140.23512,37.06557],[140.23508,37.0658],[140.23336,37.06621],[140.23318,37.06704],[140.23217,37.06744],[140.23218,37.06828],[140.23197,37.06851],[140.23104,37.06891],[140.23046,37.06889],[140.22852,37.06982],[140.22796,37.07037],[140.2275,37.07133],[140.22651,37.07252],[140.22553,37.07313],[140.22281,37.0744],[140.22246,37.0748],[140.22181,37.07802],[140.22214,37.07878],[140.22281,37.07946],[140.22322,37.08042],[140.22394,37.08108],[140.22463,37.08206],[140.22541,37.08124],[140.22622,37.08105],[140.2273,37.08152],[140.22772,37.0819],[140.22894,37.08179],[140.22962,37.08199],[140.23001,37.08248],[140.23013,37.08293],[140.22999,37.0831],[140.22936,37.08317],[140.22967,37.08377],[140.22944,37.08422],[140.22989,37.08407],[140.23018,37.08418],[140.23014,37.08481],[140.23042,37.08492],[140.23042,37.0853],[140.2311,37.08559],[140.23124,37.08616],[140.23148,37.08647],[140.2314,37.0869],[140.23307,37.0863],[140.23378,37.08743],[140.2339,37.08799],[140.23359,37.08856],[140.23385,37.08914],[140.23428,37.08957],[140.23509,37.0895],[140.23565,37.08965],[140.23608,37.08953]]]},"properties":{"key":"072050130","name":"表郷内松","pref":"福島県","prefCode":"07","municipality":"白河市","areaM2":4275211.597,"population":117,"toponymIds":["07-77da2178db","07-838979e86d"]}},{"type":"Feature","geometry":{"type":"Polygon","coordinates":[[[140.27562,37.07585],[140.27753,37.07409],[140.2781,37.0733],[140.27864,37.07332],[140.27929,37.07212],[140.27963,37.07212],[140.27889,37.07123],[140.28132,37.06951],[140.28115,37.06896],[140.28237,37.06848],[140.28401,37.06742],[140.28375,37.06717],[140.28462,37.06693],[140.28633,37.06684],[140.28814,37.06722],[140.29053,37.06807],[140.29285,37.0683],[140.29377,37.06824],[140.2958,37.06905],[140.29684,37.0697],[140.2981,37.07007],[140.29892,37.07004],[140.30196,37.06904],[140.30415,37.06984],[140.30534,37.0699],[140.3053,37.06976],[140.30362,37.0695],[140.30211,37.06825],[140.30097,37.06787],[140.29956,37.06565],[140.29806,37.06447],[140.29769,37.06373],[140.2967,37.0631],[140.29574,37.06274],[140.29535,37.06238],[140.29504,37.06008],[140.29454,37.05935],[140.29378,37.05878],[140.29354,37.05815],[140.29248,37.05793],[140.29217,37.0577],[140.28977,37.05845],[140.28947,37.05815],[140.28601,37.05857],[140.28586,37.05851],[140.28599,37.05819],[140.28556,37.05798],[140.28522,37.0566],[140.28445,37.05663],[140.28201,37.05781],[140.28189,37.05743],[140.28109,37.05687],[140.28036,37.0547],[140.27896,37.05422],[140.27732,37.05399],[140.27666,37.05353],[140.27661,37.05327],[140.27684,37.05317],[140.27682,37.053],[140.2762,37.05284],[140.27586,37.05083],[140.27254,37.05153],[140.27078,37.05072],[140.26936,37.05166],[140.27196,37.05378],[140.27238,37.05436],[140.27222,37.05501],[140.2723,37.05632],[140.2728,37.05728],[140.27292,37.05859],[140.27238,37.05965],[140.2707,37.05935],[140.27006,37.05945],[140.26944,37.05974],[140.26342,37.06112],[140.26088,37.06362],[140.26234,37.0641],[140.26333,37.06463],[140.26385,37.06521],[140.26465,37.06698],[140.26217,37.06885],[140.26186,37.06824],[140.25961,37.06887],[140.25985,37.06946],[140.25844,37.0694],[140.25861,37.07043],[140.25692,37.07087],[140.25704,37.07131],[140.25339,37.07335],[140.25358,37.07373],[140.25513,37.07438],[140.2608,37.07579],[140.26311,37.07577],[140.26763,37.0764],[140.26843,37.0757],[140.26904,37.07552],[140.26978,37.07571],[140.27325,37.07758],[140.27562,37.07585]]]},"properties":{"key":"072050150","name":"表郷番沢","pref":"福島県","prefCode":"07","municipality":"白河市","areaM2":5468634.698,"population":1218,"toponymIds":["07-32f4cbdf5c","07-a92a487570"]}},{"type":"Feature","geometry":{"type":"Polygon","coordinates":[[[140.22292,37.11835],[140.22312,37.11832],[140.22348,37.11876],[140.22455,37.11819],[140.22582,37.11784],[140.22559,37.11727],[140.2258,37.1172],[140.225,37.11681],[140.22451,37.11552],[140.22399,37.11561],[140.22395,37.11585],[140.22341,37.11582],[140.22272,37.11557],[140.22251,37.11533],[140.22212,37.11535],[140.22193,37.11382],[140.22251,37.11238],[140.22076,37.11203],[140.21913,37.11313],[140.21883,37.11316],[140.21842,37.1126],[140.21827,37.11267],[140.2176,37.11387],[140.21759,37.11434],[140.21726,37.11445],[140.21905,37.11597],[140.21875,37.11601],[140.21849,37.11631],[140.2188,37.11673],[140.21982,37.11681],[140.2203,37.11705],[140.2211,37.11782],[140.22125,37.1181],[140.22105,37.11837],[140.22163,37.1191],[140.22216,37.11899],[140.22264,37.1184],[140.22292,37.11835]]]},"properties":{"key":"07205001021","name":"鍛冶町","pref":"福島県","prefCode":"07","municipality":"白河市","areaM2":279779.138,"population":977,"toponymIds":["07-6503c56b7a"]}},{"type":"Feature","geometry":{"type":"Polygon","coordinates":[[[140.20419,37.13554],[140.20521,37.1352],[140.20483,37.13405],[140.20499,37.13363],[140.20504,37.13221],[140.2044,37.13219],[140.20441,37.13188],[140.20422,37.13165],[140.20487,37.13114],[140.20446,37.12954],[140.20391,37.12928],[140.20364,37.12863],[140.20517,37.12818],[140.20512,37.1268],[140.20355,37.12682],[140.20308,37.12713],[140.20317,37.1276],[140.20307,37.12764],[140.20024,37.12771],[140.20055,37.1289],[140.19975,37.12904],[140.19918,37.12935],[140.19905,37.12918],[140.19881,37.12926],[140.19833,37.12952],[140.19821,37.12977],[140.19588,37.13078],[140.19527,37.13015],[140.19299,37.13082],[140.19111,37.13099],[140.191,37.13029],[140.19113,37.12937],[140.18915,37.12909],[140.18816,37.12931],[140.1877,37.12925],[140.18751,37.12957],[140.18632,37.12921],[140.18397,37.12922],[140.1832,37.12876],[140.18297,37.12806],[140.18259,37.12775],[140.18179,37.12752],[140.17965,37.12758],[140.17947,37.12833],[140.17975,37.12834],[140.17963,37.12855],[140.17931,37.12857],[140.17908,37.12907],[140.17833,37.12901],[140.17815,37.12941],[140.17816,37.12958],[140.17843,37.12958],[140.17838,37.13009],[140.17773,37.13006],[140.17773,37.13018],[140.18382,37.13169],[140.18394,37.1316],[140.187,37.13251],[140.18827,37.1312],[140.1892,37.13114],[140.18897,37.13073],[140.18993,37.13084],[140.19,37.1311],[140.19016,37.1311],[140.19038,37.13202],[140.19062,37.13231],[140.19135,37.13296],[140.19222,37.13341],[140.19292,37.13428],[140.19405,37.13458],[140.19486,37.13595],[140.19564,37.13648],[140.19642,37.13654],[140.1985,37.13549],[140.19927,37.13578],[140.19971,37.13614],[140.20004,37.13696],[140.2006,37.13727],[140.20419,37.13554]]]},"properties":{"key":"07205001006","name":"五番町川原","pref":"福島県","prefCode":"07","municipality":"白河市","areaM2":1188632.768,"population":3183,"toponymIds":["07-020cba31ac"]}},{"type":"Feature","geometry":{"type":"Polygon","coordinates":[[[140.21805,37.1228],[140.21811,37.12226],[140.21684,37.12138],[140.21678,37.12093],[140.21634,37.12067],[140.21564,37.12081],[140.21643,37.12176],[140.21692,37.12201],[140.21667,37.12236],[140.21608,37.12252],[140.21519,37.12201],[140.21512,37.12213],[140.21538,37.12241],[140.21515,37.12241],[140.21514,37.1227],[140.21447,37.12273],[140.21384,37.12194],[140.21317,37.1218],[140.21488,37.1242],[140.21567,37.12475],[140.21508,37.12518],[140.21515,37.12546],[140.2144,37.12561],[140.21443,37.12575],[140.21553,37.1258],[140.21552,37.12531],[140.21567,37.12515],[140.21766,37.12425],[140.21736,37.12366],[140.21788,37.1234],[140.21805,37.1228]]]},"properties":{"key":"07205001014","name":"新蔵町","pref":"福島県","prefCode":"07","municipality":"白河市","areaM2":98908.893,"population":180,"toponymIds":["07-ba38170e76"]}},{"type":"Feature","geometry":{"type":"Polygon","coordinates":[[[140.21246,37.1181],[140.21339,37.11807],[140.21319,37.11756],[140.21387,37.11734],[140.21419,37.11752],[140.21484,37.11748],[140.21487,37.11775],[140.21471,37.11787],[140.2157,37.1174],[140.21583,37.11729],[140.2156,37.11662],[140.21502,37.11582],[140.21533,37.11527],[140.21638,37.11474],[140.21709,37.11467],[140.21759,37.11434],[140.2176,37.11387],[140.21827,37.11267],[140.21842,37.1126],[140.21883,37.11316],[140.21913,37.11313],[140.22076,37.11203],[140.22251,37.11238],[140.22193,37.11382],[140.22212,37.11535],[140.22251,37.11533],[140.22272,37.11557],[140.22341,37.11582],[140.22395,37.11585],[140.22399,37.11561],[140.22536,37.11529],[140.22552,37.11496],[140.22533,37.1147],[140.22525,37.11403],[140.22565,37.11393],[140.22596,37.11408],[140.22623,37.11395],[140.22564,37.113],[140.22652,37.11328],[140.2268,37.11293],[140.22666,37.11226],[140.2263,37.11208],[140.22601,37.1114],[140.22682,37.11122],[140.22707,37.11203],[140.22757,37.1118],[140.22799,37.11194],[140.22762,37.11218],[140.22791,37.11236],[140.22727,37.11321],[140.22755,37.11387],[140.2279,37.1135],[140.22825,37.11348],[140.22867,37.11438],[140.22901,37.11428],[140.22923,37.11453],[140.23087,37.11406],[140.23138,37.11404],[140.23152,37.11433],[140.23252,37.11383],[140.23239,37.11195],[140.23254,37.11105],[140.23193,37.11173],[140.23177,37.11294],[140.23145,37.11319],[140.22973,37.11314],[140.22887,37.1134],[140.22842,37.11296],[140.22881,37.1121],[140.22938,37.11145],[140.22953,37.11054],[140.22994,37.11014],[140.23013,37.10944],[140.23028,37.10797],[140.22965,37.10761],[140.22997,37.10716],[140.23065,37.10724],[140.23111,37.107],[140.23085,37.10653],[140.23068,37.10505],[140.23178,37.10398],[140.23345,37.10373],[140.23429,37.10285],[140.23369,37.10249],[140.2338,37.10204],[140.23287,37.10118],[140.23417,37.10066],[140.23355,37.1003],[140.23465,37.0967],[140.2354,37.09629],[140.2369,37.09631],[140.23778,37.09605],[140.23867,37.0964],[140.24004,37.09642],[140.24011,37.09579],[140.23996,37.09464],[140.23729,37.09486],[140.23751,37.09395],[140.23743,37.09353],[140.23717,37.09327],[140.23683,37.0932],[140.23603,37.09183],[140.23673,37.09011],[140.23627,37.09013],[140.23543,37.0906],[140.23496,37.08991],[140.23417,37.09006],[140.23267,37.08939],[140.23222,37.08871],[140.23229,37.08842],[140.23214,37.0881],[140.2314,37.0869],[140.23148,37.08647],[140.23124,37.08616],[140.2311,37.08559],[140.23034,37.08519],[140.23043,37.08498],[140.23014,37.08481],[140.23023,37.08436],[140.23011,37.08411],[140.22944,37.08422],[140.22967,37.08377],[140.22936,37.08317],[140.22999,37.0831],[140.23013,37.08293],[140.23001,37.08248],[140.22962,37.08199],[140.22894,37.08179],[140.22772,37.0819],[140.22649,37.08108],[140.2257,37.0811],[140.22463,37.08206],[140.22421,37.08141],[140.22367,37.08157],[140.22337,37.08172],[140.22298,37.08247],[140.22243,37.08281],[140.22054,37.08353],[140.21831,37.08397],[140.21788,37.08541],[140.21887,37.08756],[140.22052,37.09035],[140.22082,37.09243],[140.22083,37.09333],[140.22044,37.09462],[140.22075,37.09472],[140.22062,37.09525],[140.21965,37.09666],[140.21973,37.09772],[140.21774,37.09718],[140.21751,37.09773],[140.21734,37.09777],[140.2171,37.09876],[140.2167,37.09893],[140.216,37.10003],[140.21276,37.09989],[140.20985,37.09946],[140.20972,37.10374],[140.20871,37.10367],[140.20645,37.10304],[140.20599,37.10272],[140.20605,37.10211],[140.20358,37.10187],[140.20271,37.10222],[140.20233,37.10276],[140.20166,37.1026],[140.20125,37.10272],[140.20039,37.10236],[140.20006,37.10288],[140.1993,37.10266],[140.19866,37.10298],[140.19765,37.10317],[140.19744,37.10428],[140.19764,37.10649],[140.19797,37.10744],[140.19696,37.10998],[140.19705,37.11052],[140.19865,37.1109],[140.19894,37.11024],[140.19953,37.11034],[140.19951,37.10919],[140.1996,37.10864],[140.19977,37.10856],[140.20229,37.1089],[140.20431,37.10851],[140.20471,37.10877],[140.2056,37.109],[140.20658,37.10895],[140.21054,37.11451],[140.21217,37.11233],[140.2117,37.11166],[140.21252,37.11134],[140.21281,37.11239],[140.21178,37.11364],[140.21214,37.11389],[140.21144,37.11452],[140.21108,37.11439],[140.21067,37.11484],[140.21027,37.11533],[140.21051,37.11545],[140.20992,37.1165],[140.21013,37.11713],[140.21081,37.11686],[140.21104,37.11715],[140.21065,37.11744],[140.21063,37.11769],[140.21112,37.11802],[140.21104,37.11819],[140.21128,37.11838],[140.21105,37.11871],[140.21147,37.11912],[140.21231,37.11907],[140.2123,37.11814],[140.21246,37.1181]]]},"properties":{"key":"07205001023","name":"菅生舘","pref":"福島県","prefCode":"07","municipality":"白河市","areaM2":6568089.906,"population":3522,"toponymIds":["07-86de4416f1"]}},{"type":"Feature","geometry":{"type":"Polygon","coordinates":[[[140.35466,37.11492],[140.35534,37.11453],[140.35551,37.11241],[140.35577,37.11212],[140.35666,37.11175],[140.35656,37.11102],[140.35636,37.11073],[140.35476,37.10994],[140.35436,37.10904],[140.35457,37.10898],[140.35235,37.106],[140.35209,37.10613],[140.34444,37.10534],[140.33591,37.10742],[140.33609,37.10828],[140.33498,37.10992],[140.33496,37.11003],[140.33662,37.11023],[140.33971,37.11135],[140.34138,37.11155],[140.34116,37.11075],[140.34126,37.10944],[140.34208,37.10944],[140.34275,37.10923],[140.34523,37.1097],[140.3459,37.1096],[140.34605,37.10969],[140.34562,37.10971],[140.34535,37.10993],[140.34443,37.11233],[140.3459,37.11238],[140.3469,37.11403],[140.34809,37.11433],[140.34909,37.11501],[140.35018,37.11507],[140.35077,37.11491],[140.35216,37.11522],[140.35377,37.11516],[140.35466,37.11492]]]},"properties":{"key":"072050230","name":"東釜子","pref":"福島県","prefCode":"07","municipality":"白河市","areaM2":1205609.352,"population":711,"toponymIds":["07-f20f75512c"]}},{"type":"Feature","geometry":{"type":"Polygon","coordinates":[[[140.36477,37.12163],[140.36504,37.12016],[140.3675,37.11607],[140.36804,37.11114],[140.36713,37.11106],[140.36143,37.11138],[140.35891,37.11019],[140.35728,37.11142],[140.35558,37.11226],[140.35534,37.11453],[140.35466,37.11492],[140.35348,37.11518],[140.3535,37.1158],[140.35328,37.11583],[140.35386,37.11748],[140.35355,37.11799],[140.35674,37.11782],[140.358,37.11739],[140.35941,37.11732],[140.36155,37.11877],[140.36179,37.11932],[140.36265,37.12003],[140.36264,37.12023],[140.36221,37.12057],[140.36303,37.12099],[140.3628,37.12132],[140.36367,37.12164],[140.36477,37.12163]]]},"properties":{"key":"072050360","name":"東上野出島","pref":"福島県","prefCode":"07","municipality":"白河市","areaM2":966957.506,"population":163,"toponymIds":["07-36dc24b306"]}},{"type":"Feature","geometry":{"type":"Polygon","coordinates":[[[140.34134,37.11332],[140.34164,37.11218],[140.34138,37.11155],[140.33971,37.11135],[140.33662,37.11023],[140.33535,37.11002],[140.33466,37.11015],[140.33428,37.11048],[140.33388,37.11139],[140.33419,37.112],[140.33173,37.11312],[140.33081,37.11243],[140.32999,37.11284],[140.32991,37.11299],[140.33038,37.11329],[140.33077,37.11382],[140.33144,37.11413],[140.33184,37.11511],[140.33175,37.11859],[140.3309,37.12131],[140.34027,37.12321],[140.34166,37.11867],[140.34113,37.11862],[140.34027,37.11791],[140.34171,37.1158],[140.34036,37.11522],[140.34077,37.11469],[140.34046,37.11456],[140.34134,37.11332]]]},"properties":{"key":"072050340","name":"東深仁井田","pref":"福島県","prefCode":"07","municipality":"白河市","areaM2":1061377.267,"population":162,"toponymIds":["07-4d0df91d38"]}},{"type":"Feature","geometry":{"type":"Polygon","coordinates":[[[140.2697,37.14554],[140.27108,37.14548],[140.27205,37.14503],[140.27286,37.14516],[140.27368,37.14453],[140.27364,37.14429],[140.27412,37.14408],[140.2744,37.14374],[140.27675,37.14276],[140.27755,37.14188],[140.27763,37.14121],[140.27747,37.14094],[140.2777,37.1405],[140.27874,37.13954],[140.27862,37.13897],[140.27924,37.1389],[140.27988,37.1383],[140.28104,37.1388],[140.28136,37.13945],[140.28178,37.13959],[140.28246,37.13949],[140.28327,37.13987],[140.28428,37.14094],[140.29114,37.1403],[140.29231,37.14002],[140.29308,37.13964],[140.29339,37.13939],[140.29395,37.13825],[140.29346,37.13746],[140.29291,37.13569],[140.29253,37.13525],[140.29259,37.13463],[140.29228,37.13385],[140.29264,37.13326],[140.29267,37.13285],[140.29307,37.13248],[140.29312,37.13224],[140.29284,37.13175],[140.29292,37.13155],[140.29346,37.13051],[140.29421,37.12979],[140.29413,37.12932],[140.29095,37.12967],[140.28683,37.12915],[140.28262,37.12965],[140.28115,37.12952],[140.27888,37.12825],[140.27753,37.12707],[140.27695,37.12638],[140.27582,37.12442],[140.27535,37.12323],[140.27277,37.12081],[140.2716,37.11999],[140.26921,37.11928],[140.26837,37.11927],[140.26526,37.11948],[140.26154,37.1201],[140.25861,37.11988],[140.25831,37.122],[140.25956,37.12218],[140.26062,37.12392],[140.26309,37.12634],[140.26504,37.1276],[140.26673,37.12833],[140.26793,37.12861],[140.26944,37.12847],[140.27064,37.13322],[140.27391,37.133],[140.27459,37.13343],[140.27493,37.13391],[140.26979,37.13673],[140.2682,37.13701],[140.26808,37.1377],[140.26785,37.13771],[140.26771,37.13982],[140.26866,37.14034],[140.26763,37.14073],[140.26694,37.143],[140.2687,37.14621],[140.26929,37.14624],[140.2697,37.14554]]]},"properties":{"key":"07205003034","name":"本沼","pref":"福島県","prefCode":"07","municipality":"白河市","areaM2":4156433.262,"population":596,"toponymIds":["07-f78b12aa5c","07-1bef2a2515"]}},{"type":"Feature","geometry":{"type":"Polygon","coordinates":[[[140.38464,37.29523],[140.3862,37.29545],[140.38699,37.29507],[140.38746,37.29423],[140.3877,37.29423],[140.38771,37.29484],[140.38816,37.29454],[140.38868,37.29474],[140.38862,37.29494],[140.38873,37.295],[140.38929,37.29423],[140.38949,37.29423],[140.38945,37.29383],[140.38904,37.29349],[140.38904,37.29323],[140.38867,37.29302],[140.38923,37.29263],[140.38994,37.29249],[140.38953,37.28999],[140.38932,37.28952],[140.38591,37.28978],[140.38471,37.28962],[140.38414,37.29128],[140.3827,37.2921],[140.38277,37.29223],[140.38257,37.29243],[140.38275,37.29271],[140.38274,37.29339],[140.38259,37.29405],[140.3823,37.29432],[140.3816,37.29413],[140.38124,37.29424],[140.38402,37.29552],[140.38417,37.29529],[140.38464,37.29523]]]},"properties":{"key":"072070010","name":"芦田塚","pref":"福島県","prefCode":"07","municipality":"須賀川市","areaM2":331562.684,"population":804,"toponymIds":["07-a82dd59948"]}},{"type":"Feature","geometry":{"type":"Polygon","coordinates":[[[140.46232,37.2932],[140.46282,37.29307],[140.46341,37.29316],[140.46628,37.29125],[140.46769,37.29101],[140.47166,37.29156],[140.473,37.29201],[140.47342,37.29169],[140.48039,37.28824],[140.48325,37.28659],[140.48417,37.28518],[140.48437,37.28509],[140.48484,37.28496],[140.4869,37.28526],[140.48734,37.2852],[140.48937,37.28431],[140.48986,37.28362],[140.49085,37.28359],[140.49323,37.28241],[140.49397,37.28245],[140.49453,37.28269],[140.49544,37.28259],[140.49598,37.28333],[140.4965,37.28295],[140.49723,37.28322],[140.49832,37.28247],[140.49871,37.28243],[140.49931,37.28267],[140.50045,37.28221],[140.50066,37.28206],[140.50068,37.28161],[140.50132,37.28138],[140.50225,37.28145],[140.50252,37.28119],[140.50531,37.28081],[140.50684,37.28037],[140.50806,37.27969],[140.50875,37.27836],[140.50948,37.27777],[140.50968,37.27653],[140.5102,37.27579],[140.51233,37.27468],[140.51335,37.27323],[140.51419,37.27274],[140.51484,37.27279],[140.51524,37.27251],[140.51723,37.2737],[140.51728,37.27355],[140.51592,37.27227],[140.51574,37.27193],[140.51589,37.27168],[140.51672,37.27194],[140.51769,37.27166],[140.51832,37.27191],[140.51863,37.27185],[140.51918,37.2738],[140.51971,37.27466],[140.51983,37.27561],[140.52003,37.27561],[140.5214,37.27269],[140.52135,37.27216],[140.5217,37.27111],[140.52257,37.26981],[140.52548,37.26811],[140.5269,37.26832],[140.52836,37.26822],[140.53013,37.26743],[140.53077,37.26695],[140.5343,37.2661],[140.53476,37.26585],[140.53103,37.26512],[140.52555,37.26458],[140.522,37.26332],[140.52122,37.26278],[140.52022,37.26242],[140.51963,37.26201],[140.51884,37.26105],[140.51513,37.26197],[140.51337,37.26222],[140.51228,37.26229],[140.51126,37.26212],[140.50972,37.26161],[140.50306,37.26545],[140.50184,37.26622],[140.50099,37.2671],[140.4993,37.26703],[140.49458,37.2679],[140.49191,37.26898],[140.49018,37.26924],[140.48904,37.26961],[140.48794,37.26961],[140.48657,37.26989],[140.48596,37.27021],[140.48306,37.27093],[140.48255,37.27077],[140.48134,37.27199],[140.47944,37.27333],[140.47882,37.27359],[140.47625,37.27352],[140.47518,37.27326],[140.47528,37.27299],[140.47511,37.27287],[140.47305,37.27201],[140.47202,37.27108],[140.47133,37.27098],[140.47101,37.27018],[140.46983,37.27034],[140.46767,37.26974],[140.46709,37.26944],[140.46698,37.26905],[140.46591,37.26882],[140.4652,37.26785],[140.46471,37.26767],[140.46337,37.26885],[140.4623,37.26931],[140.46151,37.27011],[140.46011,37.26989],[140.4597,37.27015],[140.45861,37.27023],[140.45757,37.27111],[140.45658,37.27132],[140.45555,37.27209],[140.45493,37.27228],[140.45414,37.27219],[140.4529,37.27154],[140.45185,37.27164],[140.45107,37.27191],[140.45056,37.27181],[140.44835,37.272],[140.44664,37.27417],[140.44571,37.27461],[140.44343,37.27512],[140.44205,37.27586],[140.44057,37.27638],[140.44014,37.27708],[140.43944,37.27967],[140.43745,37.27972],[140.43661,37.2796],[140.43585,37.27929],[140.43537,37.27841],[140.43454,37.27833],[140.43345,37.27773],[140.43238,37.27748],[140.43112,37.27684],[140.43052,37.27693],[140.42937,37.27737],[140.42893,37.27846],[140.42821,37.27924],[140.42738,37.27972],[140.42487,37.28011],[140.42521,37.28082],[140.42487,37.28091],[140.4243,37.28047],[140.42328,37.28108],[140.42181,37.28131],[140.42137,37.28153],[140.42076,37.28204],[140.42076,37.28237],[140.4186,37.28279],[140.41964,37.28377],[140.41923,37.28414],[140.41928,37.28459],[140.41899,37.28528],[140.41932,37.28524],[140.41973,37.2848],[140.42021,37.28391],[140.42278,37.28369],[140.42317,37.2841],[140.42438,37.28404],[140.42475,37.28355],[140.42574,37.28353],[140.42875,37.28493],[140.42914,37.28503],[140.42939,37.28476],[140.42976,37.28482],[140.42966,37.2853],[140.43083,37.28614],[140.43128,37.28702],[140.43242,37.2875],[140.43276,37.28778],[140.43288,37.28819],[140.43351,37.28832],[140.43378,37.28866],[140.43375,37.28895],[140.43447,37.28931],[140.43439,37.28952],[140.43452,37.28977],[140.4354,37.29011],[140.43552,37.2899],[140.43573,37.29017],[140.43681,37.2905],[140.43776,37.29133],[140.43946,37.29126],[140.44081,37.29016],[140.44257,37.2894],[140.44405,37.28998],[140.44439,37.29036],[140.44561,37.29071],[140.44726,37.29072],[140.44811,37.29043],[140.44971,37.2909],[140.45181,37.29055],[140.45224,37.29083],[140.45308,37.29091],[140.45386,37.29129],[140.45524,37.291],[140.45593,37.29139],[140.4567,37.29149],[140.45757,37.292],[140.45886,37.29335],[140.46076,37.2932],[140.46199,37.29342],[140.46232,37.2932]]]},"properties":{"key":"072070160","name":"小倉","pref":"福島県","prefCode":"07","municipality":"須賀川市","areaM2":15315930.36,"population":579,"toponymIds":["07-fcf825f2c4"]}},{"type":"Feature","geometry":{"type":"Polygon","coordinates":[[[140.37497,37.28877],[140.3748,37.28728],[140.37199,37.28768],[140.37247,37.28815],[140.37127,37.28837],[140.371,37.28929],[140.37383,37.28838],[140.37409,37.28944],[140.37511,37.28937],[140.37497,37.28877]]]},"properties":{"key":"072070740","name":"加治町","pref":"福島県","prefCode":"07","municipality":"須賀川市","areaM2":48466.798,"population":157,"toponymIds":["07-7cf4bf0da4"]}},{"type":"Feature","geometry":{"type":"Polygon","coordinates":[[[140.37892,37.30289],[140.37893,37.30232],[140.37931,37.30162],[140.37906,37.30136],[140.37869,37.30128],[140.3779,37.30154],[140.37839,37.30227],[140.37713,37.30289],[140.37675,37.30286],[140.37672,37.3027],[140.37642,37.30283],[140.37728,37.30423],[140.37887,37.30364],[140.37871,37.30331],[140.37892,37.30289]]]},"properties":{"key":"072070770","name":"崩免","pref":"福島県","prefCode":"07","municipality":"須賀川市","areaM2":38338.663,"population":60,"toponymIds":["07-7d72ab00f1"]}},{"type":"Feature","geometry":{"type":"Polygon","coordinates":[[[140.41451,37.2886],[140.41546,37.28863],[140.41613,37.28826],[140.41878,37.28807],[140.41859,37.28714],[140.41864,37.28631],[140.41803,37.28615],[140.41828,37.28564],[140.41812,37.28536],[140.41825,37.28474],[140.41876,37.28429],[140.41865,37.28344],[140.41887,37.28334],[140.41922,37.28347],[140.4186,37.28279],[140.42076,37.28237],[140.42076,37.28204],[140.42137,37.28153],[140.42181,37.28131],[140.42328,37.28108],[140.4243,37.28047],[140.42487,37.28091],[140.42521,37.28082],[140.42487,37.28011],[140.42738,37.27972],[140.42821,37.27924],[140.42893,37.27846],[140.42937,37.27737],[140.43052,37.27693],[140.43112,37.27684],[140.43238,37.27748],[140.43345,37.27773],[140.43454,37.27833],[140.43537,37.27841],[140.43585,37.27929],[140.43661,37.2796],[140.43745,37.27972],[140.43944,37.27967],[140.44014,37.27708],[140.44057,37.27638],[140.44425,37.27489],[140.44308,37.27384],[140.44313,37.27206],[140.44249,37.27003],[140.44178,37.27018],[140.43994,37.26996],[140.43737,37.26882],[140.43451,37.27258],[140.43307,37.27189],[140.43056,37.27204],[140.42838,37.27122],[140.42684,37.27151],[140.42509,37.27162],[140.42288,37.27143],[140.42153,37.27104],[140.41971,37.27251],[140.41956,37.27268],[140.41963,37.27299],[140.41899,37.27297],[140.41905,37.27199],[140.41879,37.27193],[140.41838,37.27242],[140.41835,37.27279],[140.41798,37.27299],[140.41739,37.2729],[140.41592,37.27317],[140.41576,37.27405],[140.41551,37.27433],[140.41545,37.27501],[140.4128,37.27506],[140.41179,37.27464],[140.41107,37.27493],[140.40944,37.27505],[140.41033,37.2777],[140.41144,37.2796],[140.41273,37.28294],[140.41276,37.28386],[140.4131,37.28512],[140.4131,37.28604],[140.41338,37.28721],[140.41328,37.28801],[140.41288,37.2889],[140.41374,37.28907],[140.41451,37.2886]]]},"properties":{"key":"072070280","name":"下小山田","pref":"福島県","prefCode":"07","municipality":"須賀川市","areaM2":2867703.88,"population":379,"toponymIds":["07-c1fbff2258"]}},{"type":"Feature","geometry":{"type":"Polygon","coordinates":[[[140.35238,37.28254],[140.35331,37.28244],[140.35375,37.28261],[140.35465,37.2823],[140.35509,37.28288],[140.35621,37.28265],[140.35579,37.28175],[140.35608,37.28157],[140.35599,37.28122],[140.35623,37.2802],[140.3561,37.27956],[140.35622,37.27928],[140.35577,37.27869],[140.35574,37.27772],[140.3546,37.27621],[140.35298,37.27657],[140.35225,37.27738],[140.35128,37.27772],[140.3505,37.27846],[140.35059,37.28352],[140.35234,37.283],[140.35196,37.28272],[140.35238,37.28254]]]},"properties":{"key":"072071410","name":"芹沢町","pref":"福島県","prefCode":"07","municipality":"須賀川市","areaM2":306409.267,"population":613,"toponymIds":["07-0ac63a6053"]}},{"type":"Feature","geometry":{"type":"Polygon","coordinates":[[[140.29131,37.33863],[140.29316,37.33775],[140.30029,37.33844],[140.30015,37.33781],[140.30112,37.33836],[140.30114,37.33756],[140.30331,37.33694],[140.30346,37.33503],[140.30418,37.33505],[140.30414,37.33451],[140.30449,37.33453],[140.30452,37.33424],[140.30365,37.33427],[140.30423,37.33211],[140.30474,37.33219],[140.30522,37.33056],[140.3055,37.33058],[140.30561,37.33033],[140.30537,37.32996],[140.30481,37.32999],[140.30479,37.32954],[140.30634,37.32911],[140.30679,37.32913],[140.30827,37.32853],[140.30732,37.32844],[140.30699,37.32867],[140.30663,37.32865],[140.30503,37.32786],[140.30637,37.32616],[140.30798,37.3258],[140.31072,37.32451],[140.31045,37.32327],[140.31158,37.32292],[140.3118,37.32203],[140.31233,37.32186],[140.31309,37.3219],[140.3138,37.32147],[140.31324,37.32114],[140.31279,37.32126],[140.31113,37.321],[140.31087,37.31883],[140.30889,37.31952],[140.30747,37.31976],[140.30603,37.3205],[140.30169,37.32061],[140.30159,37.32039],[140.30134,37.3203],[140.30054,37.32047],[140.2995,37.32035],[140.29906,37.32053],[140.29808,37.32036],[140.29764,37.32072],[140.29744,37.32115],[140.29685,37.32133],[140.2959,37.32077],[140.29497,37.32076],[140.29373,37.32137],[140.2938,37.32186],[140.29293,37.32184],[140.2918,37.32155],[140.29131,37.32164],[140.28798,37.32099],[140.28471,37.32079],[140.2853,37.32313],[140.28587,37.32292],[140.28592,37.32325],[140.28738,37.32386],[140.28794,37.32535],[140.28786,37.32653],[140.2871,37.32798],[140.28655,37.32854],[140.28604,37.33118],[140.28558,37.33165],[140.28546,37.33344],[140.28633,37.33374],[140.28646,37.33472],[140.28619,37.33539],[140.28572,37.33577],[140.28628,37.3358],[140.28674,37.33602],[140.28715,37.33682],[140.28837,37.33838],[140.28922,37.33861],[140.29063,37.33956],[140.29093,37.3396],[140.29131,37.33863]]]},"properties":{"key":"072070230","name":"舘ケ岡","pref":"福島県","prefCode":"07","municipality":"須賀川市","areaM2":3453712.274,"population":378,"toponymIds":["07-3f937a9b33"]}},{"type":"Feature","geometry":{"type":"Polygon","coordinates":[[[140.38893,37.29986],[140.38885,37.29955],[140.38789,37.29836],[140.38765,37.29764],[140.38652,37.2972],[140.38593,37.29668],[140.38625,37.29714],[140.38599,37.29734],[140.38577,37.29724],[140.3849,37.29743],[140.38485,37.29773],[140.38449,37.29781],[140.38431,37.29818],[140.384,37.29808],[140.38346,37.29828],[140.38323,37.29866],[140.38356,37.29873],[140.38333,37.29921],[140.38347,37.29932],[140.3839,37.29874],[140.3842,37.29891],[140.38473,37.29871],[140.38669,37.30042],[140.38738,37.30056],[140.38893,37.29986]]]},"properties":{"key":"072071040","name":"古河","pref":"福島県","prefCode":"07","municipality":"須賀川市","areaM2":99655.06,"population":29,"toponymIds":["07-9a4a3e441c"]}},{"type":"Feature","geometry":{"type":"Polygon","coordinates":[[[139.87613,37.65416],[139.87651,37.654],[139.87674,37.65422],[139.87837,37.65401],[139.87834,37.65417],[139.87891,37.65415],[139.87891,37.65403],[139.87941,37.65397],[139.87951,37.65314],[139.88044,37.65323],[139.881,37.65205],[139.88063,37.65204],[139.88065,37.65095],[139.8811,37.65096],[139.88116,37.64761],[139.87739,37.64715],[139.87742,37.64647],[139.87655,37.6463],[139.8763,37.64875],[139.87656,37.65013],[139.87657,37.65226],[139.87569,37.65388],[139.8758,37.65471],[139.87601,37.65467],[139.87613,37.65416]]]},"properties":{"key":"07208001020","name":"字中川原","pref":"福島県","prefCode":"07","municipality":"喜多方市","areaM2":299928.773,"population":785,"toponymIds":["07-e4de45e68e"]}},{"type":"Feature","geometry":{"type":"Polygon","coordinates":[[[139.82897,37.70147],[139.82965,37.70145],[139.8306,37.70171],[139.83268,37.70169],[139.83369,37.70162],[139.83458,37.70129],[139.83517,37.70147],[139.83673,37.70134],[139.83757,37.70065],[139.83927,37.7004],[139.83962,37.69978],[139.84051,37.69915],[139.84103,37.69912],[139.84165,37.69945],[139.84441,37.69859],[139.84401,37.69787],[139.84598,37.6972],[139.84497,37.6959],[139.84972,37.69348],[139.85322,37.69315],[139.85444,37.68995],[139.85518,37.68699],[139.84851,37.68751],[139.84912,37.69265],[139.84682,37.68978],[139.84377,37.69126],[139.84185,37.69163],[139.84032,37.69165],[139.83921,37.69124],[139.83692,37.69155],[139.83584,37.69028],[139.83558,37.68961],[139.83549,37.68862],[139.8361,37.68754],[139.83653,37.68738],[139.83754,37.68768],[139.84052,37.68927],[139.84108,37.68908],[139.8412,37.68715],[139.84244,37.68446],[139.84283,37.68397],[139.84138,37.683],[139.84267,37.68192],[139.84278,37.68134],[139.83968,37.67969],[139.83939,37.67927],[139.83944,37.67886],[139.83992,37.67823],[139.84186,37.67686],[139.84244,37.67585],[139.84269,37.67466],[139.8425,37.67305],[139.84267,37.67236],[139.84372,37.67017],[139.84335,37.66922],[139.84293,37.66884],[139.84103,37.6681],[139.84112,37.66793],[139.84338,37.66712],[139.84371,37.66678],[139.84373,37.66634],[139.84301,37.66558],[139.843,37.66536],[139.8441,37.66384],[139.84421,37.66336],[139.8441,37.66283],[139.84237,37.6602],[139.84289,37.65993],[139.84212,37.65902],[139.84202,37.65841],[139.84035,37.65843],[139.83828,37.6589],[139.83732,37.6594],[139.83601,37.66054],[139.83407,37.66127],[139.83161,37.66157],[139.82934,37.66156],[139.82994,37.66202],[139.82759,37.66301],[139.82741,37.66297],[139.82771,37.66115],[139.82729,37.66138],[139.82509,37.66357],[139.82502,37.66459],[139.82322,37.66598],[139.82269,37.66616],[139.82245,37.66607],[139.82178,37.66542],[139.82019,37.66613],[139.8195,37.66668],[139.81612,37.66687],[139.8149,37.6668],[139.81416,37.66691],[139.81365,37.6673],[139.8141,37.66798],[139.81489,37.6681],[139.81496,37.66857],[139.81522,37.66884],[139.81559,37.66895],[139.81658,37.66872],[139.81693,37.66878],[139.81687,37.6693],[139.8165,37.66952],[139.81636,37.6698],[139.81703,37.67119],[139.81654,37.67215],[139.81549,37.67581],[139.81582,37.67664],[139.81569,37.67803],[139.81622,37.68016],[139.81601,37.68281],[139.81612,37.6854],[139.81591,37.68571],[139.81395,37.68708],[139.81395,37.68787],[139.81444,37.69086],[139.8144,37.69248],[139.81396,37.69447],[139.81336,37.69518],[139.81384,37.69551],[139.81456,37.69567],[139.81603,37.69739],[139.81741,37.69806],[139.81803,37.69863],[139.81863,37.69891],[139.82227,37.69776],[139.82425,37.69673],[139.82485,37.69669],[139.82534,37.69692],[139.82615,37.69936],[139.82675,37.70034],[139.82662,37.7019],[139.82817,37.70176],[139.82897,37.70147]]]},"properties":{"key":"07208003008","name":"上三宮町三谷","pref":"福島県","prefCode":"07","municipality":"喜多方市","areaM2":10268211.798,"population":90,"toponymIds":["07-2fefd46b9e"]}},{"type":"Feature","geometry":{"type":"Polygon","coordinates":[[[139.95134,37.6514],[139.95313,37.65126],[139.95442,37.65146],[139.9551,37.65129],[139.9571,37.65155],[139.95764,37.65129],[139.95865,37.64941],[139.95994,37.6479],[139.9616,37.64641],[139.96228,37.64547],[139.96327,37.64486],[139.96463,37.6444],[139.96522,37.64395],[139.96612,37.64262],[139.97026,37.6411],[139.97296,37.63956],[139.97517,37.63949],[139.97788,37.63844],[139.97859,37.63778],[139.97964,37.6372],[139.98008,37.63611],[139.98052,37.63575],[139.98341,37.63544],[139.9844,37.63518],[139.98536,37.63397],[139.98652,37.63347],[139.98764,37.6325],[139.98884,37.63187],[139.99627,37.63152],[139.99686,37.63137],[139.99769,37.6304],[139.99941,37.63],[140.0001,37.62969],[140.00057,37.62931],[140.00077,37.62872],[140.00035,37.62677],[139.99991,37.62603],[139.99953,37.62566],[139.99843,37.62509],[139.99794,37.62385],[139.99736,37.62327],[139.99658,37.62273],[139.99529,37.62221],[139.99563,37.62128],[139.99578,37.61975],[139.99578,37.61929],[139.99556,37.61877],[139.99498,37.61835],[139.99417,37.61826],[139.99398,37.61809],[139.98979,37.61769],[139.98608,37.61821],[139.98383,37.61784],[139.98292,37.61743],[139.98073,37.61765],[139.98004,37.61755],[139.97922,37.61786],[139.97706,37.61795],[139.97556,37.61853],[139.97407,37.61978],[139.973,37.6211],[139.97205,37.62161],[139.97173,37.62199],[139.97145,37.622],[139.96994,37.62164],[139.96924,37.62179],[139.96766,37.62136],[139.96688,37.62055],[139.96577,37.61876],[139.96456,37.61851],[139.96351,37.61799],[139.96284,37.61788],[139.96059,37.61812],[139.9587,37.61905],[139.95711,37.61906],[139.95635,37.61896],[139.9545,37.61807],[139.9512,37.61766],[139.95008,37.61736],[139.94723,37.61714],[139.94505,37.61634],[139.94874,37.61861],[139.95065,37.62061],[139.94947,37.62169],[139.94847,37.62427],[139.9478,37.62418],[139.94575,37.62629],[139.94669,37.62672],[139.94694,37.62725],[139.94777,37.62712],[139.948,37.62735],[139.94951,37.62788],[139.94994,37.62828],[139.94692,37.62805],[139.94548,37.62768],[139.9453,37.6278],[139.94497,37.62771],[139.94405,37.62801],[139.94236,37.62908],[139.94141,37.62928],[139.94108,37.63],[139.94244,37.63055],[139.94386,37.63151],[139.94173,37.63169],[139.9425,37.63397],[139.94305,37.63513],[139.94777,37.63414],[139.95144,37.63392],[139.95663,37.63334],[139.95977,37.63333],[139.9599,37.63542],[139.96113,37.63543],[139.96193,37.63563],[139.96232,37.63595],[139.96248,37.63631],[139.96228,37.63697],[139.96182,37.63718],[139.96031,37.63744],[139.96035,37.63771],[139.96123,37.63832],[139.9612,37.63859],[139.96079,37.63872],[139.95857,37.6384],[139.95725,37.63881],[139.95622,37.63941],[139.95542,37.64046],[139.95537,37.64083],[139.95613,37.64198],[139.95613,37.64221],[139.95405,37.64181],[139.95278,37.64197],[139.95233,37.64214],[139.95171,37.64291],[139.95121,37.64314],[139.94996,37.64545],[139.95034,37.64644],[139.95013,37.6474],[139.9499,37.6475],[139.9484,37.64695],[139.94802,37.64773],[139.94969,37.64852],[139.94929,37.64967],[139.94878,37.64967],[139.94785,37.64997],[139.94709,37.65076],[139.94672,37.65154],[139.94595,37.6519],[139.94563,37.65265],[139.94609,37.65289],[139.94664,37.6529],[139.94938,37.65217],[139.95134,37.6514]]]},"properties":{"key":"07208006016","name":"熊倉町雄国","pref":"福島県","prefCode":"07","municipality":"喜多方市","areaM2":10170731.284,"population":55,"toponymIds":["07-97ef78ed27"]}},{"type":"Feature","geometry":{"type":"Polygon","coordinates":[[[139.84035,37.65843],[139.84472,37.6586],[139.84423,37.65434],[139.84375,37.65197],[139.84308,37.65015],[139.84253,37.64918],[139.84535,37.64845],[139.84555,37.64774],[139.84792,37.64809],[139.84754,37.6502],[139.85233,37.64984],[139.85532,37.65013],[139.85563,37.6467],[139.8554,37.64572],[139.8551,37.64577],[139.85435,37.64453],[139.85168,37.6427],[139.84217,37.64127],[139.84153,37.64397],[139.83824,37.64421],[139.83506,37.64236],[139.83392,37.64151],[139.8303,37.63803],[139.82978,37.63774],[139.82899,37.63815],[139.82837,37.63827],[139.82814,37.63812],[139.82814,37.63784],[139.82988,37.63643],[139.82945,37.63606],[139.82838,37.63581],[139.82815,37.63562],[139.82744,37.63596],[139.8271,37.63588],[139.82671,37.63617],[139.82596,37.63589],[139.82605,37.63607],[139.82585,37.63608],[139.82604,37.63632],[139.82543,37.63619],[139.82549,37.63638],[139.82519,37.63619],[139.82522,37.63639],[139.82433,37.6358],[139.82345,37.63586],[139.82265,37.63624],[139.82135,37.63638],[139.82109,37.63661],[139.82072,37.63754],[139.82049,37.63765],[139.82026,37.63758],[139.81959,37.63672],[139.81871,37.63656],[139.81813,37.6369],[139.81686,37.63836],[139.81628,37.63853],[139.81322,37.63845],[139.81172,37.63755],[139.81114,37.6375],[139.81297,37.63862],[139.81419,37.63897],[139.81419,37.6394],[139.81453,37.64023],[139.81541,37.64096],[139.81548,37.64118],[139.81482,37.64125],[139.81459,37.64173],[139.81468,37.64189],[139.81571,37.64193],[139.81582,37.6421],[139.81477,37.64243],[139.81422,37.64299],[139.81518,37.64365],[139.81602,37.64455],[139.81732,37.64397],[139.81807,37.64343],[139.81873,37.64265],[139.81908,37.6416],[139.82006,37.6404],[139.82186,37.64249],[139.8222,37.64321],[139.82242,37.6444],[139.82307,37.64482],[139.82342,37.64532],[139.82352,37.64643],[139.82503,37.64828],[139.82435,37.64965],[139.82563,37.6518],[139.82566,37.65242],[139.82539,37.65315],[139.82557,37.65372],[139.8284,37.65729],[139.82876,37.65824],[139.82888,37.65919],[139.82877,37.66076],[139.82892,37.66117],[139.82934,37.66156],[139.83161,37.66157],[139.83407,37.66127],[139.83601,37.66054],[139.83732,37.6594],[139.83828,37.6589],[139.84035,37.65843]]]},"properties":{"key":"07208007002","name":"慶徳町松舞家","pref":"福島県","prefCode":"07","municipality":"喜多方市","areaM2":4867624.242,"population":108,"toponymIds":["07-9b2618b10c"]}},{"type":"Feature","geometry":{"type":"Polygon","coordinates":[[[139.81579,37.62974],[139.81811,37.6298],[139.82167,37.63021],[139.82297,37.63017],[139.82484,37.62964],[139.82597,37.6291],[139.82779,37.62765],[139.82886,37.62601],[139.8289,37.62406],[139.82616,37.62448],[139.8243,37.62447],[139.82334,37.62487],[139.82296,37.62488],[139.82283,37.62471],[139.82398,37.62379],[139.82472,37.62259],[139.82508,37.62242],[139.82608,37.62234],[139.82724,37.62141],[139.82801,37.61966],[139.8281,37.61766],[139.82788,37.61672],[139.82936,37.61555],[139.83062,37.61412],[139.83137,37.61411],[139.83415,37.61319],[139.83342,37.61134],[139.82975,37.60667],[139.82965,37.60582],[139.83063,37.60554],[139.83009,37.60463],[139.82653,37.60275],[139.8243,37.60329],[139.82332,37.60631],[139.81898,37.60875],[139.80958,37.61208],[139.80679,37.61255],[139.80382,37.61243],[139.80501,37.61379],[139.80611,37.61463],[139.81046,37.6152],[139.81211,37.61663],[139.81011,37.61837],[139.80983,37.61835],[139.80965,37.61797],[139.81003,37.61654],[139.80104,37.61367],[139.80051,37.61592],[139.79981,37.61675],[139.79938,37.61788],[139.79956,37.62243],[139.79919,37.62347],[139.7984,37.62444],[139.79735,37.62509],[139.79543,37.6256],[139.79412,37.62558],[139.79133,37.62486],[139.78755,37.62442],[139.78653,37.62472],[139.78609,37.62534],[139.78603,37.62608],[139.78641,37.62689],[139.78711,37.62752],[139.78789,37.62761],[139.78993,37.62706],[139.79104,37.62729],[139.79316,37.62833],[139.79424,37.62868],[139.79523,37.62877],[139.79642,37.62859],[139.80107,37.62671],[139.80399,37.62539],[139.80656,37.6235],[139.80701,37.6233],[139.80821,37.62315],[139.80875,37.62323],[139.80991,37.62389],[139.81032,37.62445],[139.81109,37.62667],[139.81117,37.62838],[139.81034,37.63119],[139.8133,37.63017],[139.81579,37.62974]]]},"properties":{"key":"07208007007","name":"慶徳町山科","pref":"福島県","prefCode":"07","municipality":"喜多方市","areaM2":5605324.986,"population":122,"toponymIds":["07-46fee06d9a"]}},{"type":"Feature","geometry":{"type":"Polygon","coordinates":[[[140.83376,37.76068],[140.83412,37.76005],[140.83412,37.75877],[140.83379,37.758],[140.83378,37.75742],[140.83411,37.75712],[140.83467,37.75694],[140.8354,37.75705],[140.83534,37.75669],[140.83556,37.75595],[140.83657,37.75431],[140.8362,37.75292],[140.83293,37.75277],[140.83157,37.75399],[140.82998,37.75472],[140.82812,37.75476],[140.82514,37.75427],[140.82459,37.75436],[140.82416,37.75468],[140.82484,37.75712],[140.82575,37.75846],[140.82569,37.7605],[140.82737,37.76054],[140.82762,37.76066],[140.828,37.76139],[140.8285,37.76151],[140.82954,37.76252],[140.83022,37.76284],[140.83107,37.76297],[140.83162,37.76289],[140.83252,37.76244],[140.83376,37.76068]]]},"properties":{"key":"07209033083","name":"山上","pref":"福島県","prefCode":"07","municipality":"相馬市","areaM2":736414.559,"population":0,"toponymIds":["07-b9a244839b"]}},{"type":"Feature","geometry":{"type":"Polygon","coordinates":[[[140.48735,37.54197],[140.48681,37.53982],[140.48794,37.53753],[140.48908,37.53641],[140.48899,37.53502],[140.48955,37.5343],[140.48942,37.534],[140.48893,37.53375],[140.48862,37.53307],[140.48773,37.53255],[140.48549,37.53227],[140.48476,37.53096],[140.48446,37.53075],[140.48253,37.53047],[140.48045,37.52984],[140.48035,37.52966],[140.48054,37.52915],[140.48032,37.52876],[140.47909,37.5284],[140.47883,37.5284],[140.4784,37.52887],[140.47774,37.52921],[140.47737,37.52973],[140.47653,37.53041],[140.47435,37.53003],[140.47222,37.52914],[140.47151,37.52991],[140.46998,37.52975],[140.4683,37.52883],[140.46776,37.52871],[140.46952,37.5323],[140.47033,37.53275],[140.47171,37.53321],[140.47226,37.53388],[140.47228,37.53443],[140.47315,37.53514],[140.47284,37.53601],[140.4732,37.53682],[140.47317,37.5375],[140.47336,37.53786],[140.47324,37.5385],[140.47066,37.5418],[140.4725,37.54247],[140.47493,37.54176],[140.47578,37.54194],[140.47649,37.54241],[140.47667,37.54283],[140.47648,37.54433],[140.47811,37.54332],[140.47861,37.54347],[140.47937,37.54342],[140.47981,37.54372],[140.48034,37.54373],[140.48082,37.54398],[140.4834,37.54307],[140.48555,37.54331],[140.48735,37.54197]]]},"properties":{"key":"07210005014","name":"大久保一丁目","pref":"福島県","prefCode":"07","municipality":"二本松市","areaM2":2051853.372,"population":133,"toponymIds":["07-8fda040789"]}},{"type":"Feature","geometry":{"type":"Polygon","coordinates":[[[140.38291,37.64787],[140.3877,37.64731],[140.38954,37.64827],[140.39043,37.6479],[140.39171,37.64696],[140.39388,37.6469],[140.39526,37.64758],[140.39785,37.64849],[140.39906,37.64856],[140.40123,37.64838],[140.40249,37.64794],[140.40443,37.64697],[140.40492,37.6462],[140.40613,37.64486],[140.40691,37.64448],[140.40747,37.64424],[140.40805,37.64422],[140.4092,37.64466],[140.41024,37.64401],[140.41179,37.64354],[140.4123,37.64311],[140.41302,37.6431],[140.41384,37.64263],[140.4146,37.64249],[140.41542,37.64264],[140.4168,37.64335],[140.41756,37.64313],[140.41844,37.64333],[140.41911,37.64301],[140.41957,37.64301],[140.42078,37.64375],[140.42213,37.64379],[140.42446,37.64523],[140.42688,37.64453],[140.42804,37.64462],[140.42865,37.64483],[140.43002,37.64485],[140.43131,37.64464],[140.43249,37.64519],[140.43314,37.64532],[140.43173,37.64407],[140.42962,37.64407],[140.42932,37.64255],[140.43063,37.64262],[140.43172,37.64291],[140.43161,37.64252],[140.43121,37.64217],[140.43142,37.64189],[140.42978,37.64148],[140.42985,37.64103],[140.43149,37.64139],[140.43211,37.64183],[140.4338,37.64232],[140.43367,37.64133],[140.4338,37.64069],[140.43351,37.64001],[140.43289,37.64018],[140.43192,37.64016],[140.43026,37.63871],[140.4297,37.63766],[140.42986,37.63748],[140.43023,37.63745],[140.42953,37.63533],[140.42818,37.63576],[140.42721,37.63565],[140.42614,37.6363],[140.42527,37.63658],[140.42314,37.6369],[140.41989,37.63668],[140.41942,37.63612],[140.41983,37.63559],[140.41927,37.6357],[140.41867,37.63548],[140.41742,37.63541],[140.4171,37.63425],[140.41593,37.63372],[140.41569,37.63346],[140.41566,37.63321],[140.41603,37.63277],[140.41512,37.63188],[140.41552,37.63128],[140.41488,37.63079],[140.41521,37.62948],[140.41455,37.62956],[140.41052,37.63126],[140.40959,37.63217],[140.409,37.63246],[140.40798,37.63267],[140.40625,37.63223],[140.40462,37.63254],[140.40378,37.63358],[140.40347,37.63437],[140.40246,37.63446],[140.40183,37.63473],[140.40108,37.63539],[140.39897,37.63551],[140.39848,37.63575],[140.39732,37.63546],[140.39655,37.63545],[140.39599,37.63583],[140.39532,37.63603],[140.39377,37.63587],[140.39176,37.63674],[140.39003,37.63679],[140.38882,37.63709],[140.3882,37.63755],[140.38385,37.6389],[140.383,37.63926],[140.38138,37.64034],[140.38088,37.64105],[140.3808,37.6417],[140.38126,37.6419],[140.38113,37.642],[140.38198,37.64259],[140.38004,37.6433],[140.37934,37.64371],[140.37867,37.64449],[140.37853,37.64489],[140.37747,37.64508],[140.37625,37.64489],[140.37307,37.64575],[140.37062,37.64608],[140.36905,37.64702],[140.36682,37.64754],[140.36626,37.64837],[140.36768,37.64875],[140.36933,37.64955],[140.37018,37.65055],[140.37397,37.65118],[140.37632,37.65112],[140.37778,37.65131],[140.37845,37.65046],[140.38111,37.64889],[140.38227,37.64799],[140.38291,37.64787]]]},"properties":{"key":"07210008008","name":"渋川","pref":"福島県","prefCode":"07","municipality":"二本松市","areaM2":5832924.047,"population":54,"toponymIds":["07-a6d6dc2820","07-871c272e8d","07-d0cfd2f57b","07-e8bdaf8b42"]}},{"type":"Feature","geometry":{"type":"Polygon","coordinates":[[[140.4395,37.56306],[140.43998,37.55825],[140.43971,37.55694],[140.43919,37.55597],[140.43844,37.55539],[140.43585,37.55393],[140.43323,37.5521],[140.43144,37.55031],[140.43055,37.54912],[140.42815,37.54698],[140.42502,37.54372],[140.42386,37.5429],[140.42345,37.5434],[140.42282,37.54574],[140.42317,37.54675],[140.42312,37.54703],[140.4224,37.54757],[140.42312,37.54817],[140.42366,37.54939],[140.4246,37.54995],[140.42465,37.55054],[140.4249,37.55084],[140.42666,37.55139],[140.42688,37.5517],[140.42665,37.55244],[140.42647,37.5527],[140.4259,37.55291],[140.42427,37.55301],[140.42333,37.55359],[140.42133,37.55424],[140.41992,37.55516],[140.41926,37.55677],[140.41735,37.55837],[140.41708,37.55907],[140.41789,37.55899],[140.42019,37.55913],[140.41988,37.56047],[140.4237,37.56183],[140.42505,37.56191],[140.42588,37.56221],[140.42761,37.56225],[140.42965,37.56309],[140.43188,37.56256],[140.43314,37.56272],[140.4342,37.56325],[140.43575,37.56374],[140.43926,37.56601],[140.4395,37.56306]]]},"properties":{"key":"07210004013","name":"長者宮","pref":"福島県","prefCode":"07","municipality":"二本松市","areaM2":2329831.466,"population":687,"toponymIds":["07-afc8d497d4"]}},{"type":"Feature","geometry":{"type":"Polygon","coordinates":[[[140.35269,37.584],[140.35251,37.58352],[140.35272,37.58236],[140.3527,37.58125],[140.35182,37.57916],[140.35139,37.57758],[140.35185,37.57648],[140.35189,37.57601],[140.35358,37.57558],[140.35528,37.57478],[140.3552,37.57526],[140.35552,37.57547],[140.35546,37.57582],[140.35563,37.57601],[140.35561,37.57646],[140.35583,37.57706],[140.3558,37.57754],[140.35551,37.57766],[140.35547,37.57785],[140.35559,37.57835],[140.35551,37.57893],[140.355,37.57928],[140.35462,37.58033],[140.35485,37.58183],[140.35404,37.58248],[140.35349,37.58353],[140.35322,37.58358],[140.35269,37.584],[140.35313,37.58438],[140.35332,37.5848],[140.35349,37.58482],[140.35592,37.583],[140.36291,37.57971],[140.36517,37.57841],[140.36486,37.57834],[140.36381,37.57754],[140.36339,37.57671],[140.36319,37.57607],[140.36327,37.57567],[140.36342,37.57536],[140.36409,37.57478],[140.36426,37.57402],[140.36401,37.57309],[140.36273,37.57152],[140.36251,37.57091],[140.3626,37.57033],[140.36526,37.56986],[140.36734,37.56846],[140.36822,37.56818],[140.37224,37.56774],[140.37316,37.56678],[140.37401,37.56622],[140.37456,37.5656],[140.37477,37.56488],[140.37606,37.5638],[140.377,37.56242],[140.37565,37.5624],[140.37298,37.56136],[140.36908,37.5576],[140.36393,37.5571],[140.36005,37.55615],[140.35847,37.55626],[140.35796,37.55676],[140.35679,37.55701],[140.35617,37.55739],[140.35503,37.55876],[140.35463,37.55893],[140.35406,37.55888],[140.3538,37.55907],[140.35379,37.55955],[140.35339,37.55972],[140.35304,37.56073],[140.35242,37.56125],[140.35222,37.56293],[140.35263,37.5635],[140.35257,37.56485],[140.3535,37.5652],[140.3539,37.56553],[140.35425,37.56686],[140.35421,37.5676],[140.35357,37.56786],[140.3536,37.56834],[140.35286,37.56885],[140.35281,37.56949],[140.35228,37.56965],[140.35199,37.57012],[140.35198,37.57076],[140.35138,37.57131],[140.35124,37.57208],[140.3507,37.57239],[140.35052,37.57279],[140.35005,37.57317],[140.35043,37.57394],[140.34966,37.57433],[140.3495,37.57468],[140.34892,37.57486],[140.3483,37.5755],[140.34775,37.57553],[140.34793,37.57627],[140.34768,37.57685],[140.34658,37.57697],[140.3463,37.57745],[140.34585,37.57764],[140.34493,37.57867],[140.34398,37.57866],[140.34366,37.57941],[140.34315,37.57939],[140.34287,37.57983],[140.34229,37.57999],[140.34193,37.58067],[140.34101,37.58097],[140.34034,37.58101],[140.3398,37.58153],[140.33892,37.5819],[140.33867,37.58253],[140.33797,37.5829],[140.33759,37.58342],[140.33772,37.58415],[140.33756,37.58445],[140.33704,37.58477],[140.33698,37.58531],[140.33639,37.58561],[140.33606,37.58628],[140.33507,37.58672],[140.33499,37.58725],[140.33463,37.58739],[140.33441,37.58799],[140.33576,37.59023],[140.33709,37.59183],[140.33958,37.5913],[140.34168,37.59038],[140.34474,37.58965],[140.3469,37.58982],[140.3473,37.58915],[140.34757,37.58807],[140.34885,37.58675],[140.34849,37.58629],[140.34737,37.58566],[140.34909,37.58482],[140.35086,37.58485],[140.35192,37.58463],[140.35243,37.58439],[140.35269,37.584]]]},"properties":{"key":"07210004023","name":"馬場平","pref":"福島県","prefCode":"07","municipality":"二本松市","areaM2":5196196.727,"population":216,"toponymIds":["07-7f6a5e963a"]}},{"type":"Feature","geometry":{"type":"Polygon","coordinates":[[[140.63587,37.39619],[140.63668,37.39646],[140.63724,37.39615],[140.63807,37.39601],[140.63853,37.39501],[140.63923,37.39461],[140.64094,37.39421],[140.642,37.39433],[140.64278,37.39476],[140.64434,37.39473],[140.64545,37.39545],[140.64701,37.39546],[140.64887,37.39475],[140.64913,37.39449],[140.64898,37.39362],[140.64923,37.39313],[140.65103,37.39134],[140.65004,37.39024],[140.65035,37.38965],[140.65019,37.38938],[140.65025,37.38901],[140.64991,37.38857],[140.65095,37.38781],[140.65074,37.38666],[140.65129,37.38657],[140.6514,37.38636],[140.65122,37.38536],[140.65172,37.38494],[140.65246,37.38501],[140.65349,37.38422],[140.65593,37.38388],[140.65607,37.38276],[140.65642,37.38221],[140.65815,37.38065],[140.65862,37.37846],[140.65851,37.37705],[140.65941,37.37643],[140.6604,37.37611],[140.6641,37.37554],[140.6653,37.37443],[140.66554,37.37392],[140.66609,37.37336],[140.66703,37.37298],[140.6674,37.37261],[140.66753,37.37231],[140.66739,37.37209],[140.66787,37.37101],[140.66858,37.37031],[140.66998,37.36938],[140.67005,37.36831],[140.66838,37.36643],[140.66808,37.36586],[140.66814,37.36563],[140.66546,37.36443],[140.66352,37.36494],[140.6619,37.36507],[140.65857,37.36494],[140.65766,37.36454],[140.65448,37.36567],[140.65384,37.3647],[140.65138,37.36329],[140.64799,37.36346],[140.64615,37.36385],[140.64555,37.36361],[140.64525,37.36308],[140.64462,37.36319],[140.64412,37.36304],[140.6441,37.36249],[140.64366,37.36177],[140.64267,37.36136],[140.64222,37.36141],[140.64151,37.36205],[140.64122,37.36265],[140.64043,37.36328],[140.63946,37.36459],[140.63889,37.36466],[140.63633,37.36302],[140.63293,37.3628],[140.63191,37.36209],[140.63141,37.36135],[140.63016,37.36178],[140.62967,37.36175],[140.62922,37.36149],[140.62861,37.36083],[140.62719,37.36081],[140.62643,37.36059],[140.62641,37.36045],[140.62549,37.36078],[140.62674,37.36163],[140.62676,37.36191],[140.62654,37.36234],[140.62507,37.36406],[140.62481,37.36466],[140.62376,37.36469],[140.62328,37.36528],[140.62223,37.36582],[140.62214,37.36605],[140.62241,37.36652],[140.62225,37.36692],[140.62061,37.36688],[140.62028,37.3672],[140.61977,37.36683],[140.61926,37.36681],[140.61902,37.36692],[140.61889,37.36743],[140.61775,37.36674],[140.617,37.3673],[140.61686,37.36697],[140.61572,37.36624],[140.61464,37.3662],[140.61383,37.36596],[140.61348,37.36616],[140.61293,37.36714],[140.61241,37.3676],[140.6127,37.36994],[140.6117,37.37026],[140.61114,37.37098],[140.61036,37.37135],[140.61011,37.37233],[140.60946,37.37314],[140.6095,37.37434],[140.60921,37.37486],[140.60982,37.37505],[140.61071,37.37458],[140.61092,37.3747],[140.61114,37.37531],[140.61337,37.3753],[140.61393,37.37546],[140.61422,37.37582],[140.61455,37.37583],[140.61475,37.37638],[140.6143,37.37665],[140.61424,37.37727],[140.61351,37.37746],[140.6133,37.37823],[140.61298,37.37842],[140.6128,37.37875],[140.61312,37.3789],[140.61401,37.37996],[140.61469,37.38002],[140.61527,37.38078],[140.61551,37.38173],[140.61507,37.38272],[140.6142,37.38306],[140.61346,37.38493],[140.61293,37.38511],[140.61295,37.38588],[140.61319,37.38625],[140.61409,37.38635],[140.61422,37.38656],[140.6142,37.3868],[140.61308,37.38751],[140.61452,37.38911],[140.61512,37.38923],[140.61513,37.38975],[140.61558,37.39032],[140.61525,37.39075],[140.61544,37.3911],[140.61601,37.39141],[140.61634,37.39143],[140.61692,37.39102],[140.61801,37.39136],[140.61878,37.39189],[140.61901,37.39225],[140.61981,37.39245],[140.62097,37.39363],[140.62301,37.39299],[140.62566,37.39353],[140.62625,37.3921],[140.62697,37.39237],[140.62669,37.39369],[140.62797,37.39391],[140.63093,37.39514],[140.63107,37.39559],[140.63145,37.39593],[140.63284,37.39669],[140.63378,37.39698],[140.63483,37.39674],[140.63587,37.39619]]]},"properties":{"key":"072110240","name":"大越町上大越","pref":"福島県","prefCode":"07","municipality":"田村市","areaM2":13600011.656,"population":2303,"toponymIds":["07-c0aba9cdec","07-2bda57474c","07-ca8d262607","07-b480f822f4"]}},{"type":"Feature","geometry":{"type":"Polygon","coordinates":[[[140.61926,37.36681],[140.61977,37.36683],[140.62028,37.3672],[140.62061,37.36688],[140.62225,37.36692],[140.62241,37.36652],[140.62214,37.36605],[140.62223,37.36582],[140.62328,37.36528],[140.62376,37.36469],[140.62481,37.36466],[140.62507,37.36406],[140.62609,37.36299],[140.62676,37.36191],[140.62662,37.36149],[140.6255,37.36084],[140.6256,37.36068],[140.62641,37.36045],[140.62638,37.35997],[140.62499,37.35955],[140.62445,37.35918],[140.62329,37.35924],[140.62253,37.35887],[140.62208,37.35776],[140.62023,37.35655],[140.6187,37.35434],[140.61738,37.35349],[140.61463,37.34971],[140.61443,37.34898],[140.61467,37.34858],[140.61428,37.34796],[140.61284,37.34773],[140.61255,37.34797],[140.61158,37.34819],[140.61015,37.34822],[140.60948,37.34915],[140.60892,37.34964],[140.60768,37.34988],[140.60724,37.34969],[140.60728,37.34913],[140.60558,37.34893],[140.60466,37.34898],[140.60276,37.34802],[140.60228,37.34794],[140.59974,37.34811],[140.59793,37.34718],[140.59732,37.34713],[140.59598,37.34764],[140.59479,37.34842],[140.59474,37.34939],[140.59393,37.35002],[140.59397,37.35113],[140.59329,37.35123],[140.59268,37.35205],[140.59166,37.35218],[140.58991,37.353],[140.59026,37.35342],[140.58986,37.35402],[140.58979,37.35443],[140.59032,37.35487],[140.59214,37.35446],[140.59469,37.355],[140.59558,37.35559],[140.59586,37.35617],[140.59649,37.35656],[140.59669,37.35643],[140.59788,37.35706],[140.60004,37.35766],[140.60071,37.35807],[140.60192,37.35845],[140.60363,37.35965],[140.60384,37.35998],[140.60335,37.36088],[140.60345,37.36126],[140.6042,37.36169],[140.60521,37.36166],[140.60526,37.36181],[140.60571,37.36185],[140.60563,37.36215],[140.6058,37.36239],[140.60743,37.36213],[140.60786,37.36158],[140.60893,37.36222],[140.60969,37.36183],[140.61031,37.36179],[140.61041,37.36279],[140.61092,37.36324],[140.6114,37.36332],[140.61232,37.36293],[140.61343,37.3632],[140.61364,37.36391],[140.61305,37.36472],[140.61309,37.36501],[140.61357,37.3655],[140.61473,37.36621],[140.61586,37.36631],[140.61686,37.36697],[140.617,37.3673],[140.61775,37.36674],[140.61891,37.36743],[140.61902,37.36692],[140.61926,37.36681]]]},"properties":{"key":"072110270","name":"大越町栗出","pref":"福島県","prefCode":"07","municipality":"田村市","areaM2":3642303.134,"population":269,"toponymIds":["07-b6081013e8"]}},{"type":"Feature","geometry":{"type":"Polygon","coordinates":[[[140.62797,37.41684],[140.62956,37.41655],[140.63051,37.41604],[140.63082,37.41512],[140.63158,37.41487],[140.63185,37.41426],[140.63322,37.41401],[140.63353,37.41363],[140.63358,37.41331],[140.63447,37.41275],[140.6344,37.41249],[140.63475,37.41208],[140.63548,37.41167],[140.63638,37.41162],[140.63767,37.4118],[140.63862,37.41267],[140.64017,37.41279],[140.64106,37.4131],[140.64171,37.41275],[140.64295,37.41267],[140.64351,37.41242],[140.64391,37.41209],[140.64391,37.41155],[140.6444,37.41135],[140.64472,37.41089],[140.64536,37.41065],[140.64558,37.41001],[140.64605,37.4098],[140.64644,37.40933],[140.64607,37.40866],[140.64635,37.4076],[140.64737,37.40699],[140.64762,37.40631],[140.64799,37.40612],[140.64814,37.40552],[140.64842,37.40526],[140.64832,37.40431],[140.64894,37.40346],[140.6489,37.40303],[140.64861,37.40279],[140.64881,37.40194],[140.6495,37.40139],[140.65047,37.40105],[140.65085,37.40039],[140.65074,37.39943],[140.6522,37.3994],[140.6535,37.39846],[140.65432,37.39832],[140.65442,37.39724],[140.65388,37.397],[140.65361,37.39645],[140.65405,37.39559],[140.65409,37.39499],[140.65468,37.39427],[140.6546,37.39354],[140.65474,37.39314],[140.65438,37.39285],[140.65341,37.39266],[140.65315,37.39247],[140.65266,37.39156],[140.65297,37.39097],[140.65049,37.38993],[140.65035,37.38965],[140.65004,37.39024],[140.65103,37.39134],[140.64923,37.39313],[140.64898,37.39362],[140.64913,37.39449],[140.64887,37.39475],[140.64728,37.3954],[140.64545,37.39545],[140.64434,37.39473],[140.64278,37.39476],[140.642,37.39433],[140.64094,37.39421],[140.63923,37.39461],[140.63853,37.39501],[140.63807,37.39601],[140.63724,37.39615],[140.63668,37.39646],[140.63587,37.39619],[140.63483,37.39674],[140.63378,37.39698],[140.63217,37.3964],[140.63107,37.39559],[140.63093,37.39514],[140.62797,37.39391],[140.62669,37.39369],[140.62697,37.39237],[140.62625,37.3921],[140.62566,37.39353],[140.62301,37.39299],[140.62097,37.39363],[140.61981,37.39245],[140.61901,37.39225],[140.61878,37.39189],[140.61801,37.39136],[140.61692,37.39102],[140.61634,37.39143],[140.61572,37.39132],[140.61528,37.39089],[140.61558,37.39032],[140.61513,37.38975],[140.61512,37.38923],[140.61452,37.38911],[140.61308,37.38751],[140.61253,37.3877],[140.61191,37.38831],[140.6113,37.38961],[140.60987,37.3901],[140.60983,37.39041],[140.61016,37.39066],[140.61028,37.39103],[140.60966,37.39126],[140.60984,37.39143],[140.60907,37.39207],[140.60896,37.39237],[140.6086,37.3925],[140.60847,37.39282],[140.60869,37.39339],[140.6082,37.39398],[140.60749,37.39416],[140.60712,37.39466],[140.6061,37.39529],[140.60431,37.39511],[140.60417,37.39602],[140.60541,37.39596],[140.60573,37.39616],[140.60657,37.39817],[140.60657,37.39861],[140.60585,37.39941],[140.60587,37.39979],[140.60544,37.40034],[140.60416,37.4014],[140.6042,37.40213],[140.60535,37.40246],[140.60585,37.40275],[140.60668,37.4027],[140.60747,37.40343],[140.60812,37.4033],[140.60965,37.40481],[140.61165,37.40565],[140.61161,37.40582],[140.61033,37.40706],[140.61002,37.40767],[140.61003,37.40833],[140.60965,37.40833],[140.60931,37.40879],[140.60912,37.40929],[140.6092,37.40965],[140.60884,37.40983],[140.60873,37.41009],[140.60906,37.41094],[140.60854,37.41159],[140.60816,37.41147],[140.60766,37.41078],[140.60549,37.41041],[140.60508,37.41014],[140.60417,37.41052],[140.60317,37.4103],[140.60253,37.40988],[140.60058,37.40993],[140.59951,37.40887],[140.5991,37.40907],[140.59984,37.41041],[140.60393,37.41281],[140.6051,37.41431],[140.60565,37.41462],[140.60759,37.41441],[140.60794,37.41391],[140.60835,37.41427],[140.60908,37.41348],[140.60948,37.41366],[140.60944,37.41456],[140.61038,37.41482],[140.61169,37.41582],[140.61366,37.41529],[140.61411,37.41563],[140.61489,37.41559],[140.61558,37.41509],[140.61626,37.41543],[140.61666,37.4154],[140.61728,37.41523],[140.61763,37.41484],[140.61793,37.41478],[140.6192,37.41525],[140.61993,37.41607],[140.62032,37.41617],[140.62057,37.41599],[140.62075,37.41528],[140.62099,37.41522],[140.62116,37.41462],[140.62202,37.41412],[140.62229,37.41412],[140.62281,37.41461],[140.62333,37.41468],[140.62381,37.41504],[140.62404,37.41549],[140.62458,37.41554],[140.62522,37.416],[140.62612,37.41631],[140.62651,37.41678],[140.62657,37.41724],[140.62738,37.41725],[140.62797,37.41684]]]},"properties":{"key":"072110250","name":"大越町下大越","pref":"福島県","prefCode":"07","municipality":"田村市","areaM2":8841758.666,"population":987,"toponymIds":["07-f44fb33e2a"]}},{"type":"Feature","geometry":{"type":"Polygon","coordinates":[[[140.60853,37.37482],[140.60921,37.37486],[140.60949,37.37439],[140.60946,37.37314],[140.61011,37.37233],[140.61036,37.37135],[140.61114,37.37098],[140.6117,37.37026],[140.6127,37.36994],[140.61238,37.36784],[140.61248,37.36746],[140.61293,37.36714],[140.61312,37.36663],[140.61371,37.36599],[140.61473,37.36621],[140.61357,37.3655],[140.61309,37.36501],[140.61305,37.36472],[140.61364,37.36391],[140.61343,37.3632],[140.61232,37.36293],[140.6114,37.36332],[140.61106,37.3633],[140.61046,37.36289],[140.61038,37.36195],[140.61023,37.36178],[140.60969,37.36183],[140.60893,37.36222],[140.60786,37.36158],[140.60743,37.36213],[140.6058,37.36239],[140.60563,37.36215],[140.60571,37.36185],[140.60526,37.36181],[140.60521,37.36166],[140.6042,37.36169],[140.60345,37.36126],[140.60335,37.36088],[140.60384,37.35995],[140.60324,37.35932],[140.60192,37.35845],[140.60071,37.35807],[140.60004,37.35766],[140.59788,37.35706],[140.59669,37.35643],[140.59649,37.35656],[140.59586,37.35617],[140.59558,37.35559],[140.59469,37.355],[140.59214,37.35446],[140.59032,37.35487],[140.58979,37.35443],[140.58986,37.35402],[140.59026,37.35342],[140.58991,37.353],[140.5863,37.35174],[140.58544,37.3517],[140.58371,37.35263],[140.58197,37.35419],[140.58173,37.35529],[140.58083,37.35574],[140.58059,37.35601],[140.58132,37.35653],[140.58171,37.3579],[140.5816,37.36026],[140.58293,37.36159],[140.58332,37.36371],[140.58355,37.3637],[140.58498,37.36482],[140.58541,37.36486],[140.58602,37.36525],[140.58658,37.36654],[140.58691,37.36648],[140.58726,37.36663],[140.58739,37.36696],[140.58731,37.36744],[140.58754,37.36772],[140.58883,37.3683],[140.58888,37.36905],[140.5891,37.3696],[140.58851,37.37005],[140.5884,37.37086],[140.58811,37.37149],[140.58836,37.37205],[140.58877,37.37244],[140.58866,37.37288],[140.58893,37.37313],[140.5889,37.37347],[140.58913,37.37367],[140.58956,37.37389],[140.59018,37.37373],[140.59069,37.37317],[140.59113,37.37307],[140.59198,37.37327],[140.59253,37.37394],[140.59249,37.37442],[140.59292,37.37446],[140.59421,37.37337],[140.59461,37.37325],[140.59578,37.3739],[140.59666,37.37352],[140.59772,37.37386],[140.59886,37.3738],[140.5996,37.3734],[140.59984,37.37284],[140.60016,37.37258],[140.60212,37.37325],[140.60255,37.37376],[140.60323,37.37418],[140.60464,37.37445],[140.6049,37.37414],[140.60623,37.37401],[140.60764,37.37517],[140.60853,37.37482]]]},"properties":{"key":"072110260","name":"大越町牧野","pref":"福島県","prefCode":"07","municipality":"田村市","areaM2":4420365.939,"population":287,"toponymIds":["07-868f3efb43"]}},{"type":"Feature","geometry":{"type":"Polygon","coordinates":[[[140.70478,37.35325],[140.70523,37.35233],[140.70527,37.35148],[140.70669,37.34912],[140.70651,37.34703],[140.70874,37.34607],[140.71084,37.3463],[140.71167,37.34627],[140.71225,37.34607],[140.7126,37.3455],[140.71281,37.34442],[140.71275,37.34285],[140.71448,37.34082],[140.71631,37.33778],[140.71543,37.33612],[140.71547,37.33557],[140.71596,37.33516],[140.71713,37.33463],[140.71876,37.3344],[140.71875,37.3318],[140.71943,37.33126],[140.71926,37.32991],[140.71976,37.32896],[140.72004,37.32765],[140.71981,37.3269],[140.71959,37.32407],[140.72211,37.32227],[140.72281,37.31953],[140.72171,37.31929],[140.71829,37.31959],[140.71755,37.31933],[140.71713,37.3189],[140.71607,37.31855],[140.71372,37.31907],[140.71289,37.31834],[140.71191,37.31793],[140.71092,37.31774],[140.70955,37.31782],[140.70764,37.31713],[140.70781,37.31667],[140.70773,37.31617],[140.70706,37.31514],[140.70556,37.31508],[140.70306,37.31408],[140.70224,37.31428],[140.70099,37.31412],[140.6993,37.31437],[140.69796,37.31433],[140.69694,37.31472],[140.69635,37.31519],[140.69604,37.31521],[140.69553,37.31485],[140.69472,37.3131],[140.66318,37.30947],[140.66253,37.31067],[140.66338,37.31091],[140.66322,37.31178],[140.66248,37.31184],[140.66218,37.31287],[140.6627,37.31325],[140.66314,37.31455],[140.66366,37.31509],[140.66402,37.316],[140.66463,37.31619],[140.66394,37.31779],[140.66347,37.31788],[140.66299,37.31846],[140.66255,37.31867],[140.66233,37.31913],[140.66134,37.31959],[140.6607,37.31952],[140.65998,37.31972],[140.65961,37.31969],[140.65955,37.31956],[140.65881,37.3201],[140.65823,37.32096],[140.65485,37.32075],[140.65522,37.32196],[140.65516,37.32297],[140.65241,37.32245],[140.65174,37.32171],[140.65085,37.32164],[140.64848,37.32257],[140.64827,37.32389],[140.64862,37.32491],[140.64848,37.32563],[140.64805,37.32594],[140.64664,37.32597],[140.64612,37.32652],[140.64552,37.32688],[140.64555,37.32721],[140.64579,37.3275],[140.64524,37.32938],[140.64517,37.33018],[140.64532,37.33111],[140.65587,37.33309],[140.65629,37.33259],[140.6591,37.33303],[140.66077,37.33265],[140.6641,37.33238],[140.66457,37.33252],[140.66489,37.33288],[140.66687,37.33268],[140.66671,37.33225],[140.66847,37.33212],[140.6691,37.33238],[140.67048,37.33254],[140.67067,37.33329],[140.6726,37.33443],[140.67265,37.33472],[140.67369,37.33614],[140.67847,37.34141],[140.67662,37.34615],[140.67789,37.34578],[140.6786,37.34534],[140.67916,37.3453],[140.68091,37.3458],[140.68155,37.34613],[140.68233,37.34615],[140.6833,37.34653],[140.6862,37.34681],[140.68633,37.3475],[140.68621,37.34899],[140.68684,37.34971],[140.68705,37.35047],[140.68801,37.35128],[140.6884,37.35219],[140.68899,37.3526],[140.6903,37.35283],[140.69162,37.35334],[140.69558,37.3532],[140.69808,37.35426],[140.70055,37.35468],[140.70404,37.35396],[140.70467,37.35356],[140.70478,37.35325]]]},"properties":{"key":"072110210","name":"滝根町神俣","pref":"福島県","prefCode":"07","municipality":"田村市","areaM2":19134537.32,"population":1850,"toponymIds":["07-b041b47b30"]}},{"type":"Feature","geometry":{"type":"Polygon","coordinates":[[[140.6576,37.36455],[140.65857,37.36494],[140.6619,37.36507],[140.66352,37.36494],[140.6656,37.36437],[140.66696,37.3617],[140.66914,37.35936],[140.66972,37.35847],[140.67091,37.35527],[140.67123,37.35357],[140.6724,37.35243],[140.67303,37.35156],[140.67397,37.34829],[140.67514,37.34655],[140.67662,37.34615],[140.67847,37.34141],[140.67369,37.33614],[140.67265,37.33472],[140.6726,37.33443],[140.67067,37.33329],[140.67048,37.33254],[140.6691,37.33238],[140.66847,37.33212],[140.66671,37.33225],[140.66687,37.33268],[140.66489,37.33288],[140.66457,37.33252],[140.6641,37.33238],[140.66077,37.33265],[140.6591,37.33303],[140.65629,37.33259],[140.65587,37.33309],[140.64532,37.33111],[140.64486,37.33164],[140.64357,37.33192],[140.64142,37.33355],[140.64151,37.33374],[140.64393,37.33464],[140.64285,37.33675],[140.64279,37.3377],[140.64212,37.33833],[140.64159,37.33986],[140.64121,37.34028],[140.63948,37.34035],[140.63658,37.34092],[140.6362,37.34136],[140.63633,37.3422],[140.63612,37.34238],[140.63373,37.34243],[140.63026,37.3418],[140.62961,37.34221],[140.62776,37.34281],[140.62714,37.34258],[140.62481,37.34298],[140.624,37.34283],[140.6222,37.34287],[140.62111,37.34327],[140.6204,37.34395],[140.61717,37.34408],[140.61616,37.34471],[140.61531,37.3448],[140.61484,37.34502],[140.61345,37.34666],[140.61284,37.34773],[140.61433,37.34799],[140.61467,37.34858],[140.61443,37.34898],[140.61463,37.34971],[140.61738,37.35349],[140.6187,37.35434],[140.62023,37.35655],[140.62208,37.35776],[140.62253,37.35887],[140.62329,37.35924],[140.62445,37.35918],[140.62499,37.35955],[140.62637,37.35991],[140.62643,37.36059],[140.62746,37.36086],[140.62861,37.36083],[140.62922,37.36149],[140.62967,37.36175],[140.63016,37.36178],[140.63141,37.36135],[140.63191,37.36209],[140.63293,37.3628],[140.63633,37.36302],[140.63889,37.36466],[140.63946,37.36459],[140.64043,37.36328],[140.64122,37.36265],[140.64151,37.36205],[140.64222,37.36141],[140.64267,37.36136],[140.64366,37.36177],[140.6441,37.36249],[140.64412,37.36304],[140.64462,37.36319],[140.64525,37.36308],[140.64555,37.36361],[140.64615,37.36385],[140.64799,37.36346],[140.65138,37.36329],[140.65384,37.3647],[140.65448,37.36567],[140.6576,37.36455]]]},"properties":{"key":"072110230","name":"滝根町菅谷","pref":"福島県","prefCode":"07","municipality":"田村市","areaM2":14261398.076,"population":1422,"toponymIds":["07-8fa6681809","07-1ffd744970","07-39d6a6b4fc","07-55648ad60e","07-41e268bd43","07-4c340c6957","07-16857d25e9"]}},{"type":"Feature","geometry":{"type":"Polygon","coordinates":[[[140.65513,37.3217],[140.65485,37.32075],[140.65823,37.32096],[140.65881,37.3201],[140.65955,37.31956],[140.65961,37.31969],[140.65998,37.31972],[140.6607,37.31952],[140.66134,37.31959],[140.66233,37.31913],[140.66255,37.31867],[140.66299,37.31846],[140.66347,37.31788],[140.66394,37.31779],[140.66463,37.31619],[140.66402,37.316],[140.66366,37.31509],[140.66314,37.31455],[140.6627,37.31325],[140.66218,37.31287],[140.66248,37.31184],[140.66322,37.31178],[140.66338,37.31091],[140.66253,37.31067],[140.66318,37.30947],[140.69472,37.3131],[140.69366,37.31009],[140.69272,37.30871],[140.69268,37.30715],[140.69072,37.30556],[140.69087,37.30526],[140.69152,37.30476],[140.69154,37.30418],[140.6911,37.3036],[140.69081,37.3027],[140.69112,37.3022],[140.69098,37.30166],[140.69021,37.30031],[140.69043,37.30003],[140.69129,37.29965],[140.6918,37.29905],[140.69378,37.29952],[140.6943,37.29933],[140.69468,37.2989],[140.69393,37.29699],[140.69394,37.29633],[140.69414,37.29598],[140.69468,37.29567],[140.69479,37.29497],[140.69406,37.29429],[140.69426,37.29291],[140.69415,37.29227],[140.69378,37.29144],[140.69312,37.29054],[140.69072,37.28832],[140.68965,37.28771],[140.68928,37.28706],[140.68893,37.28722],[140.68688,37.28703],[140.6851,37.28722],[140.68128,37.28722],[140.67979,37.28683],[140.67834,37.2876],[140.67677,37.28774],[140.67444,37.28828],[140.67302,37.28941],[140.6718,37.2893],[140.67094,37.28873],[140.67041,37.28862],[140.66967,37.28806],[140.66681,37.28731],[140.6667,37.28704],[140.66677,37.28614],[140.66595,37.28397],[140.66591,37.28274],[140.66519,37.28167],[140.66412,37.28099],[140.66364,37.28019],[140.66222,37.27924],[140.66242,37.27844],[140.66215,37.27799],[140.6614,37.27789],[140.66097,37.27701],[140.65888,37.27613],[140.65751,37.27482],[140.65684,37.27451],[140.65559,37.27447],[140.65441,37.27528],[140.65377,37.27599],[140.65328,37.27553],[140.65188,37.27482],[140.65143,37.27474],[140.6507,37.27492],[140.65009,37.27479],[140.64919,37.27567],[140.64871,37.27591],[140.64709,37.27616],[140.64611,37.27701],[140.64543,37.27677],[140.64453,37.27749],[140.64364,37.27763],[140.64338,37.2779],[140.64294,37.27803],[140.64293,37.27901],[140.6427,37.27979],[140.64296,37.28022],[140.64255,37.28056],[140.64222,37.2816],[140.64151,37.28189],[140.64105,37.28261],[140.6403,37.2829],[140.64024,37.28332],[140.63985,37.28382],[140.63939,37.28369],[140.6388,37.28385],[140.63867,37.28481],[140.63764,37.28577],[140.63753,37.28633],[140.63715,37.28681],[140.63706,37.28766],[140.6373,37.28774],[140.63753,37.28849],[140.638,37.28904],[140.63823,37.28972],[140.6389,37.28993],[140.63863,37.29076],[140.63934,37.29118],[140.63979,37.2922],[140.63857,37.29334],[140.63919,37.29419],[140.63894,37.29513],[140.63846,37.29567],[140.63844,37.29611],[140.63909,37.29656],[140.63904,37.29718],[140.63876,37.29782],[140.63938,37.29847],[140.63943,37.29891],[140.63985,37.29951],[140.63958,37.29984],[140.6396,37.30027],[140.63931,37.30048],[140.63764,37.30048],[140.63744,37.3008],[140.63756,37.30161],[140.63744,37.30198],[140.63629,37.30304],[140.63624,37.30398],[140.63654,37.30437],[140.63723,37.30452],[140.63754,37.30482],[140.63722,37.30662],[140.63743,37.30695],[140.63729,37.30718],[140.63764,37.30794],[140.63871,37.30923],[140.63883,37.31029],[140.64017,37.31169],[140.6411,37.31217],[140.64153,37.31304],[140.64196,37.31325],[140.64334,37.31338],[140.64379,37.31369],[140.64407,37.31476],[140.64407,37.31528],[140.64367,37.31616],[140.64379,37.31645],[140.64408,37.31666],[140.64534,37.3168],[140.64565,37.317],[140.64587,37.31802],[140.64646,37.3184],[140.64651,37.31928],[140.64722,37.31985],[140.64708,37.32034],[140.64739,37.32111],[140.64819,37.3214],[140.64807,37.32186],[140.64848,37.32257],[140.65085,37.32164],[140.65174,37.32171],[140.65241,37.32245],[140.65516,37.32297],[140.65513,37.3217]]]},"properties":{"key":"072110220","name":"滝根町広瀬","pref":"福島県","prefCode":"07","municipality":"田村市","areaM2":17181334.064,"population":920,"toponymIds":["07-f143af09ba","07-21d16c44c7","07-035bbccd75","07-1d011d9c1d"]}},{"type":"Feature","geometry":{"type":"Polygon","coordinates":[[[140.52368,37.43145],[140.52455,37.43115],[140.52611,37.43013],[140.53231,37.43004],[140.53435,37.429],[140.53505,37.42845],[140.53489,37.42717],[140.53467,37.42672],[140.53473,37.42594],[140.53589,37.42589],[140.53829,37.42447],[140.53907,37.42468],[140.5403,37.42439],[140.54151,37.42479],[140.54231,37.42479],[140.54358,37.42416],[140.54566,37.42342],[140.54637,37.42282],[140.54639,37.42232],[140.54613,37.4215],[140.54619,37.42109],[140.54701,37.42014],[140.54809,37.4193],[140.54922,37.41903],[140.55212,37.41893],[140.55303,37.41923],[140.5543,37.42041],[140.55497,37.42083],[140.55559,37.42084],[140.55707,37.41989],[140.56053,37.4191],[140.56536,37.41907],[140.56697,37.41872],[140.56718,37.41757],[140.5671,37.41691],[140.56739,37.41544],[140.56913,37.4134],[140.57,37.41269],[140.57024,37.41218],[140.56993,37.4113],[140.569,37.41032],[140.56346,37.40667],[140.56241,37.40635],[140.56036,37.4062],[140.55926,37.40593],[140.55859,37.40535],[140.55783,37.40409],[140.55488,37.40145],[140.55485,37.40072],[140.55562,37.39967],[140.5574,37.39882],[140.55925,37.39829],[140.56006,37.39763],[140.56035,37.39618],[140.56033,37.39491],[140.56007,37.39449],[140.5555,37.39349],[140.55388,37.39162],[140.55233,37.39035],[140.54731,37.38814],[140.54478,37.38745],[140.54335,37.38651],[140.54302,37.38604],[140.54281,37.38526],[140.54315,37.38281],[140.54343,37.38239],[140.54372,37.38073],[140.544,37.37814],[140.54354,37.37442],[140.54291,37.37431],[140.54247,37.37452],[140.54136,37.37673],[140.53806,37.38059],[140.53751,37.38239],[140.53686,37.38362],[140.5363,37.3852],[140.53368,37.38549],[140.53191,37.3859],[140.532,37.38636],[140.53149,37.38703],[140.53164,37.38806],[140.53088,37.38885],[140.5291,37.3887],[140.5287,37.38908],[140.52854,37.38984],[140.52836,37.39001],[140.52764,37.38985],[140.52528,37.39037],[140.52477,37.39063],[140.52445,37.39112],[140.52361,37.39144],[140.52252,37.39131],[140.52204,37.39159],[140.52126,37.39142],[140.52023,37.39154],[140.51966,37.39036],[140.51849,37.39013],[140.51886,37.39036],[140.51824,37.39096],[140.51671,37.39136],[140.5163,37.3917],[140.51569,37.39291],[140.51522,37.39315],[140.51507,37.3934],[140.51527,37.39379],[140.51515,37.39451],[140.51617,37.3949],[140.5159,37.3956],[140.51649,37.39652],[140.5153,37.397],[140.51633,37.39727],[140.51685,37.39798],[140.5178,37.39789],[140.51873,37.39824],[140.51891,37.39893],[140.51914,37.39914],[140.52024,37.39944],[140.52035,37.39968],[140.52024,37.40004],[140.52048,37.40062],[140.52037,37.40101],[140.51947,37.40142],[140.51944,37.40203],[140.51906,37.40249],[140.51923,37.40321],[140.51908,37.40349],[140.51768,37.40397],[140.51705,37.40516],[140.51598,37.40621],[140.51584,37.40717],[140.51553,37.40754],[140.51536,37.40838],[140.51471,37.40864],[140.51384,37.40852],[140.51283,37.40878],[140.51192,37.40875],[140.51159,37.40942],[140.51073,37.41],[140.51072,37.41162],[140.51054,37.41207],[140.51026,37.41229],[140.50903,37.41242],[140.50853,37.41298],[140.50774,37.41349],[140.50795,37.41431],[140.50714,37.41519],[140.50696,37.4157],[140.50608,37.41679],[140.50596,37.41731],[140.50633,37.41765],[140.50657,37.41831],[140.5079,37.41895],[140.50871,37.41917],[140.50956,37.41916],[140.50983,37.41851],[140.51025,37.41846],[140.51159,37.41931],[140.51323,37.41968],[140.51541,37.41872],[140.51659,37.41724],[140.51844,37.41701],[140.51866,37.41744],[140.51904,37.41953],[140.51858,37.42013],[140.51873,37.42058],[140.5185,37.42115],[140.51778,37.42152],[140.5177,37.42171],[140.51798,37.42234],[140.518,37.42309],[140.51701,37.42375],[140.51683,37.42407],[140.51684,37.42482],[140.5172,37.4255],[140.51748,37.4266],[140.51737,37.42705],[140.51691,37.42751],[140.51653,37.42904],[140.51606,37.42998],[140.51818,37.43134],[140.51895,37.43088],[140.51981,37.43059],[140.52077,37.43071],[140.52163,37.43132],[140.52368,37.43145]]]},"properties":{"key":"072110150","name":"船引町芦沢","pref":"福島県","prefCode":"07","municipality":"田村市","areaM2":17270572.595,"population":1148,"toponymIds":["07-f62e5979f8","07-e701683a74","07-680536d5d0"]}},{"type":"Feature","geometry":{"type":"Polygon","coordinates":[[[140.60903,37.43122],[140.61096,37.43148],[140.61161,37.43116],[140.61202,37.4312],[140.6129,37.43046],[140.61377,37.4303],[140.61427,37.42967],[140.61538,37.42931],[140.61549,37.42838],[140.61587,37.42809],[140.6166,37.4283],[140.61862,37.42783],[140.62081,37.42758],[140.62147,37.42814],[140.6219,37.42815],[140.62235,37.42796],[140.62287,37.42743],[140.62294,37.42701],[140.62281,37.42684],[140.62144,37.42726],[140.6214,37.42643],[140.62083,37.42571],[140.62004,37.42574],[140.61959,37.42525],[140.61805,37.42506],[140.61808,37.42368],[140.61775,37.4229],[140.61641,37.42148],[140.61516,37.4212],[140.61593,37.42034],[140.6171,37.42001],[140.61831,37.41987],[140.61943,37.42014],[140.62001,37.41993],[140.61966,37.41742],[140.61974,37.4168],[140.62025,37.41616],[140.61993,37.41607],[140.6192,37.41525],[140.6178,37.41478],[140.61728,37.41523],[140.61666,37.4154],[140.61626,37.41543],[140.61558,37.41509],[140.61489,37.41559],[140.61411,37.41563],[140.61366,37.41529],[140.61169,37.41582],[140.61038,37.41482],[140.60944,37.41456],[140.60948,37.41366],[140.60908,37.41348],[140.60835,37.41427],[140.60794,37.41391],[140.60759,37.41441],[140.60565,37.41462],[140.6051,37.41431],[140.60393,37.41281],[140.59984,37.41041],[140.59913,37.40904],[140.595,37.40836],[140.59233,37.40858],[140.59189,37.40886],[140.5922,37.40952],[140.59212,37.41018],[140.59079,37.41234],[140.59077,37.41373],[140.59046,37.41421],[140.5873,37.41371],[140.58656,37.41334],[140.58707,37.41409],[140.58696,37.41456],[140.58722,37.41489],[140.58662,37.4157],[140.58661,37.41687],[140.58698,37.41827],[140.58783,37.4195],[140.58918,37.41947],[140.58989,37.42029],[140.58937,37.42196],[140.58821,37.42296],[140.58776,37.42371],[140.58781,37.42398],[140.58814,37.42415],[140.5882,37.4244],[140.58822,37.42468],[140.58787,37.42505],[140.58801,37.4253],[140.5897,37.42641],[140.59028,37.4272],[140.59034,37.42812],[140.5894,37.42928],[140.59071,37.42938],[140.59136,37.43013],[140.59216,37.43022],[140.5932,37.43077],[140.59369,37.43163],[140.59449,37.43129],[140.59522,37.43164],[140.59692,37.43185],[140.59743,37.43138],[140.59787,37.43158],[140.59796,37.43123],[140.59867,37.43094],[140.59861,37.43074],[140.59914,37.43039],[140.60089,37.43049],[140.60125,37.43008],[140.60212,37.4297],[140.60379,37.42948],[140.60493,37.42967],[140.60551,37.43041],[140.60602,37.43037],[140.60664,37.43004],[140.60703,37.43059],[140.6078,37.43041],[140.60781,37.4309],[140.60756,37.43089],[140.60771,37.43132],[140.60842,37.43202],[140.6091,37.4324],[140.60885,37.43261],[140.60947,37.4329],[140.60969,37.43214],[140.60871,37.43156],[140.60869,37.43135],[140.60903,37.43122]]]},"properties":{"key":"072110010","name":"船引町今泉","pref":"福島県","prefCode":"07","municipality":"田村市","areaM2":5312135.491,"population":685,"toponymIds":["07-1f3e0b4563"]}},{"type":"Feature","geometry":{"type":"Polygon","coordinates":[[[140.57477,37.50303],[140.57401,37.50247],[140.57281,37.50106],[140.57178,37.4992],[140.56976,37.49743],[140.57015,37.4967],[140.57029,37.49594],[140.57144,37.49538],[140.5715,37.49483],[140.57262,37.49321],[140.57447,37.49131],[140.57561,37.49093],[140.57673,37.48947],[140.57733,37.4877],[140.57827,37.48748],[140.57847,37.48622],[140.57898,37.4847],[140.58139,37.48207],[140.58169,37.48154],[140.58158,37.48094],[140.58175,37.47954],[140.58138,37.47876],[140.58091,37.47839],[140.57937,37.47791],[140.57882,37.47761],[140.57839,37.47702],[140.57782,37.47568],[140.57796,37.4739],[140.57786,37.47335],[140.57671,37.47188],[140.57533,37.47129],[140.57516,37.46871],[140.57473,37.46788],[140.5741,37.46733],[140.57283,37.46699],[140.57172,37.46684],[140.56959,37.46709],[140.56839,37.466],[140.56486,37.46411],[140.56463,37.46543],[140.56429,37.46605],[140.56306,37.46697],[140.56274,37.46741],[140.56237,37.46862],[140.56113,37.47002],[140.56167,37.47142],[140.56181,37.47314],[140.5608,37.47441],[140.56041,37.47526],[140.56118,37.47551],[140.56149,37.47577],[140.56036,37.4766],[140.55985,37.47717],[140.56004,37.47869],[140.55968,37.47932],[140.55992,37.47988],[140.56085,37.48065],[140.561,37.48216],[140.56158,37.48336],[140.56297,37.48297],[140.56289,37.48408],[140.56258,37.48487],[140.56109,37.48549],[140.55965,37.4855],[140.55903,37.48565],[140.5586,37.48606],[140.55847,37.48651],[140.55865,37.48724],[140.55924,37.48746],[140.56057,37.48705],[140.56124,37.487],[140.56278,37.48701],[140.5632,37.48739],[140.56369,37.48811],[140.56374,37.48856],[140.56333,37.48949],[140.56339,37.49016],[140.56416,37.4911],[140.56448,37.49189],[140.56429,37.49252],[140.56409,37.4927],[140.56336,37.49293],[140.56123,37.49407],[140.56149,37.49515],[140.56126,37.49583],[140.56128,37.49702],[140.56098,37.49775],[140.56013,37.49839],[140.55866,37.49895],[140.55698,37.50034],[140.5569,37.50067],[140.55785,37.50112],[140.55871,37.50121],[140.56099,37.50253],[140.56187,37.50247],[140.56294,37.50215],[140.56334,37.50225],[140.56405,37.50285],[140.56562,37.50282],[140.56643,37.50299],[140.56716,37.50385],[140.56648,37.50543],[140.56953,37.50573],[140.57098,37.50756],[140.57222,37.50865],[140.57253,37.50936],[140.57353,37.50972],[140.57402,37.50933],[140.57429,37.50881],[140.57476,37.50651],[140.576,37.50577],[140.57654,37.50529],[140.57667,37.50488],[140.57636,37.50374],[140.57606,37.50347],[140.57477,37.50303]]]},"properties":{"key":"072110100","name":"船引町大倉","pref":"福島県","prefCode":"07","municipality":"田村市","areaM2":5690357.265,"population":548,"toponymIds":["07-29e66e234c"]}},{"type":"Feature","geometry":{"type":"Polygon","coordinates":[[[140.59337,37.4449],[140.59444,37.44489],[140.59537,37.44441],[140.59569,37.4445],[140.59595,37.44516],[140.59681,37.44517],[140.59753,37.44486],[140.59784,37.44459],[140.59796,37.44317],[140.59897,37.44241],[140.59921,37.44252],[140.6,37.44175],[140.60142,37.44122],[140.60169,37.43988],[140.60207,37.43927],[140.60319,37.43838],[140.60328,37.43815],[140.60293,37.43666],[140.60342,37.43618],[140.60478,37.43577],[140.60559,37.43518],[140.60644,37.43557],[140.60737,37.43559],[140.60829,37.43629],[140.60909,37.43628],[140.61045,37.43596],[140.61142,37.43595],[140.61195,37.43614],[140.61221,37.43534],[140.61213,37.4347],[140.61144,37.43551],[140.61103,37.43569],[140.61058,37.43559],[140.61098,37.43514],[140.61029,37.43518],[140.61033,37.43489],[140.611,37.43461],[140.61134,37.43394],[140.60885,37.43261],[140.6091,37.4324],[140.60842,37.43202],[140.60771,37.43132],[140.60756,37.43089],[140.60781,37.4309],[140.6078,37.43041],[140.60703,37.43059],[140.60664,37.43004],[140.60602,37.43037],[140.60551,37.43041],[140.60493,37.42967],[140.60434,37.42951],[140.60212,37.4297],[140.60125,37.43008],[140.60089,37.43049],[140.59914,37.43039],[140.59861,37.43074],[140.59867,37.43094],[140.59796,37.43123],[140.59787,37.43158],[140.59743,37.43138],[140.59692,37.43185],[140.59522,37.43164],[140.59449,37.43129],[140.59369,37.43163],[140.5932,37.43077],[140.59216,37.43022],[140.59136,37.43013],[140.59071,37.42938],[140.5894,37.42928],[140.59034,37.42812],[140.59028,37.4272],[140.5897,37.42641],[140.58801,37.4253],[140.58787,37.42505],[140.58822,37.42468],[140.5882,37.4244],[140.58814,37.42415],[140.58781,37.42398],[140.58776,37.42371],[140.58821,37.42296],[140.58937,37.42196],[140.58969,37.4212],[140.58983,37.42008],[140.58918,37.41947],[140.58783,37.4195],[140.58698,37.41827],[140.58661,37.41687],[140.58662,37.4157],[140.58722,37.41489],[140.58696,37.41456],[140.58707,37.41409],[140.58656,37.41334],[140.58618,37.41308],[140.58569,37.41306],[140.58344,37.41351],[140.5828,37.41388],[140.58255,37.4145],[140.58197,37.41519],[140.58126,37.41501],[140.58062,37.41514],[140.58039,37.41572],[140.5805,37.41694],[140.57905,37.41819],[140.57848,37.41928],[140.57934,37.41999],[140.57966,37.42068],[140.5804,37.42089],[140.58111,37.42152],[140.58014,37.4224],[140.5805,37.423],[140.5803,37.42363],[140.58083,37.42374],[140.58094,37.42392],[140.57971,37.42516],[140.57939,37.42613],[140.57975,37.42615],[140.58018,37.42685],[140.58016,37.42734],[140.5798,37.42785],[140.58023,37.42899],[140.58034,37.43005],[140.58095,37.43033],[140.58148,37.43005],[140.58171,37.43009],[140.58185,37.43063],[140.58252,37.43166],[140.5842,37.43105],[140.58722,37.43177],[140.58716,37.43203],[140.58736,37.43249],[140.58707,37.43329],[140.58643,37.43365],[140.58726,37.43394],[140.5852,37.43544],[140.58493,37.43588],[140.58634,37.43574],[140.58693,37.43538],[140.58812,37.43509],[140.58874,37.43538],[140.5887,37.43625],[140.58889,37.43686],[140.5895,37.43678],[140.58977,37.43738],[140.59028,37.43718],[140.59052,37.43727],[140.58991,37.43838],[140.58839,37.4404],[140.58781,37.44195],[140.58648,37.44338],[140.58591,37.44457],[140.58881,37.44427],[140.58927,37.44412],[140.59013,37.44346],[140.591,37.44429],[140.59101,37.4447],[140.59158,37.44529],[140.59292,37.44552],[140.59337,37.4449]]]},"properties":{"key":"072110020","name":"船引町船引","pref":"福島県","prefCode":"07","municipality":"田村市","areaM2":3719067.92,"population":792,"toponymIds":["07-fcac20efe3","07-99599925a2"]}},{"type":"Feature","geometry":{"type":"Polygon","coordinates":[[[140.99752,37.57479],[140.99869,37.57456],[140.9989,37.57428],[141.0,37.57441],[141.00058,37.57431],[141.00107,37.57395],[141.00137,37.57409],[141.00211,37.57352],[141.00247,37.57359],[141.00263,37.57389],[141.00283,37.57368],[141.00348,37.5736],[141.00492,37.57422],[141.0058,37.57415],[141.006,37.57426],[141.0059,37.5747],[141.00731,37.57481],[141.00752,37.57504],[141.00758,37.57487],[141.00841,37.57452],[141.00986,37.57468],[141.0108,37.57451],[141.01148,37.57521],[141.01151,37.57465],[141.01125,37.57443],[141.01239,37.57424],[141.01243,37.57356],[141.01351,37.57254],[141.0138,37.57138],[141.01309,37.57093],[141.01247,37.56962],[141.00997,37.56776],[141.00851,37.56689],[141.00719,37.56664],[141.00425,37.56666],[141.00422,37.56636],[141.00316,37.56641],[141.00272,37.565],[141.00452,37.56365],[141.00417,37.56283],[141.00315,37.56311],[141.0029,37.56258],[141.00205,37.56283],[141.00205,37.5608],[141.00239,37.5597],[140.99614,37.56138],[140.99697,37.56712],[140.9951,37.56747],[140.99502,37.57004],[140.99538,37.57004],[140.99547,37.57048],[140.99503,37.57095],[140.9951,37.57141],[140.99393,37.5722],[140.99358,37.57263],[140.99351,37.57421],[140.99435,37.57462],[140.99559,37.5759],[140.99595,37.57601],[140.99752,37.57479]]]},"properties":{"key":"072120770","name":"小高区大井","pref":"福島県","prefCode":"07","municipality":"南相馬市","areaM2":1725246.279,"population":262,"toponymIds":["07-2e93dab550"]}},{"type":"Feature","geometry":{"type":"Polygon","coordinates":[[[140.95055,37.55163],[140.9508,37.55107],[140.95076,37.55049],[140.9512,37.55048],[140.9521,37.54879],[140.95254,37.54847],[140.95328,37.54838],[140.95463,37.54629],[140.95256,37.54505],[140.9508,37.54504],[140.94969,37.54473],[140.9489,37.54486],[140.94916,37.54379],[140.94916,37.54303],[140.94826,37.54227],[140.94855,37.54094],[140.9427,37.53903],[140.94034,37.53898],[140.93981,37.53902],[140.93989,37.53965],[140.93946,37.53989],[140.93958,37.54095],[140.9392,37.54115],[140.93882,37.54163],[140.9385,37.54171],[140.93764,37.54145],[140.93688,37.54157],[140.93705,37.54211],[140.93691,37.54403],[140.93754,37.54417],[140.93779,37.54441],[140.93864,37.54435],[140.93935,37.54408],[140.93964,37.54368],[140.94077,37.54325],[140.94132,37.54331],[140.94148,37.54291],[140.94259,37.54302],[140.94295,37.54288],[140.94347,37.54348],[140.94376,37.54587],[140.94251,37.54655],[140.94264,37.54707],[140.94181,37.54732],[140.94144,37.54763],[140.9425,37.54868],[140.94352,37.54904],[140.94363,37.54934],[140.9444,37.5496],[140.94378,37.55098],[140.94417,37.55184],[140.9448,37.55151],[140.94488,37.55126],[140.94582,37.55109],[140.94705,37.55131],[140.9475,37.55154],[140.94796,37.55117],[140.94815,37.55128],[140.94805,37.55162],[140.94879,37.55198],[140.95026,37.55211],[140.95055,37.55163]]]},"properties":{"key":"072120890","name":"小高区大田和","pref":"福島県","prefCode":"07","municipality":"南相馬市","areaM2":1088936.088,"population":62,"toponymIds":["07-ff0ae4ee94"]}},{"type":"Feature","geometry":{"type":"Polygon","coordinates":[[[140.94795,37.56696],[140.94631,37.56685],[140.94569,37.56641],[140.94536,37.56647],[140.94482,37.5661],[140.94441,37.56612],[140.94109,37.56511],[140.94092,37.56573],[140.93733,37.56538],[140.93765,37.56369],[140.93316,37.56354],[140.93276,37.56388],[140.93293,37.56421],[140.93367,37.56417],[140.93482,37.56475],[140.93462,37.5654],[140.93533,37.56571],[140.93509,37.56684],[140.93557,37.56708],[140.938,37.56737],[140.93723,37.56784],[140.93799,37.5678],[140.9389,37.56815],[140.93891,37.56901],[140.93926,37.56936],[140.93972,37.56946],[140.93972,37.56988],[140.93993,37.56999],[140.94106,37.56991],[140.9411,37.56951],[140.94519,37.57006],[140.94551,37.56975],[140.94564,37.56899],[140.94616,37.56841],[140.94674,37.56859],[140.94694,37.56792],[140.94727,37.5678],[140.94795,37.56696]]]},"properties":{"key":"072120821","name":"小高区大富","pref":"福島県","prefCode":"07","municipality":"南相馬市","areaM2":428630.046,"population":12,"toponymIds":["07-065a9e8bed"]}},{"type":"Feature","geometry":{"type":"Polygon","coordinates":[[[141.0102,37.5575],[141.01046,37.55723],[141.01189,37.56047],[141.01681,37.55889],[141.01868,37.55868],[141.02041,37.55881],[141.0214,37.55906],[141.02241,37.55945],[141.02415,37.56045],[141.02467,37.56048],[141.02493,37.55958],[141.02571,37.55832],[141.02519,37.55732],[141.02487,37.55686],[141.02257,37.55647],[141.02198,37.55629],[141.02144,37.55587],[141.0214,37.5552],[141.02162,37.55468],[141.0213,37.55416],[141.02193,37.55354],[141.0214,37.55299],[141.02164,37.55278],[141.02191,37.55198],[141.0217,37.54999],[141.02127,37.54845],[141.02081,37.54842],[141.02093,37.54808],[141.01944,37.548],[141.01831,37.54631],[141.01793,37.54624],[141.01743,37.54644],[141.01637,37.54545],[141.01617,37.54574],[141.01641,37.54697],[141.01632,37.54816],[141.01403,37.54811],[141.01326,37.55094],[141.01374,37.55199],[141.01369,37.55259],[141.01343,37.55315],[141.0128,37.5534],[141.0103,37.55342],[141.0096,37.55378],[141.00789,37.55512],[141.00331,37.55511],[141.00288,37.55451],[141.00207,37.55451],[141.00187,37.55414],[141.00116,37.55367],[141.00102,37.55349],[141.00111,37.55328],[141.00079,37.55297],[141.00103,37.55279],[141.00082,37.55247],[140.99981,37.55265],[140.99941,37.55251],[140.99915,37.55147],[140.99989,37.55084],[140.99997,37.55059],[140.9996,37.5507],[140.9993,37.55058],[140.99891,37.55092],[140.999,37.55017],[140.99887,37.54988],[141.00012,37.54755],[140.99979,37.54687],[140.9991,37.54665],[140.99892,37.54633],[140.99849,37.54649],[140.99828,37.54629],[140.99797,37.54637],[140.99769,37.54624],[140.99759,37.54642],[140.99699,37.54654],[140.99634,37.54697],[140.99616,37.54742],[140.99563,37.54766],[140.99444,37.54736],[140.99444,37.54781],[140.99424,37.54807],[140.99394,37.54777],[140.99332,37.54779],[140.99316,37.54813],[140.99323,37.54853],[140.99284,37.54873],[140.99291,37.54898],[140.99276,37.54948],[140.99173,37.54971],[140.99195,37.55004],[140.9925,37.55031],[140.99081,37.55147],[140.99071,37.55181],[140.99103,37.55398],[140.99099,37.55465],[140.99187,37.55573],[140.99221,37.55817],[140.992,37.55882],[140.99194,37.56056],[140.99245,37.56212],[140.99614,37.56138],[141.0102,37.5575]]]},"properties":{"key":"072120750","name":"小高区岡田","pref":"福島県","prefCode":"07","municipality":"南相馬市","areaM2":2782595.741,"population":227,"toponymIds":["07-486522a915","07-9c43a93a08"]}},{"type":"Feature","geometry":{"type":"Polygon","coordinates":[[[140.9592,37.57734],[140.95996,37.57694],[140.96049,37.57756],[140.96146,37.57746],[140.96218,37.57717],[140.96262,37.57667],[140.96361,37.57627],[140.96492,37.57618],[140.96615,37.57569],[140.96634,37.57528],[140.96599,37.57488],[140.96689,37.57436],[140.96622,37.57356],[140.96995,37.57151],[140.96953,37.57101],[140.97324,37.56922],[140.97279,37.5686],[140.97295,37.56843],[140.97257,37.56794],[140.97489,37.56656],[140.97411,37.56555],[140.97511,37.56508],[140.96999,37.565],[140.96791,37.56473],[140.96715,37.56426],[140.96597,37.56415],[140.96536,37.56378],[140.9644,37.56367],[140.96279,37.56318],[140.96136,37.56251],[140.96103,37.56353],[140.96104,37.56405],[140.96015,37.56363],[140.95848,37.56326],[140.95823,37.56408],[140.95719,37.56434],[140.95653,37.56488],[140.95639,37.56526],[140.95647,37.56559],[140.95694,37.5657],[140.95708,37.56644],[140.95781,37.56683],[140.95782,37.56704],[140.95646,37.56739],[140.95416,37.56725],[140.95388,37.56759],[140.953,37.56774],[140.95458,37.56832],[140.95447,37.56872],[140.95552,37.56973],[140.95591,37.57073],[140.95649,37.57099],[140.95697,37.57195],[140.95721,37.57215],[140.95725,37.57273],[140.9584,37.57412],[140.95767,37.57462],[140.95603,37.57681],[140.95732,37.57835],[140.9592,37.57734]]]},"properties":{"key":"072120810","name":"小高区小谷","pref":"福島県","prefCode":"07","municipality":"南相馬市","areaM2":1760932.38,"population":67,"toponymIds":["07-da00f2a384"]}},{"type":"Feature","geometry":{"type":"Polygon","coordinates":[[[140.97781,37.55528],[140.97776,37.555],[140.97738,37.5546],[140.97788,37.55418],[140.97892,37.55395],[140.9786,37.55354],[140.9785,37.55238],[140.97798,37.55184],[140.97731,37.55149],[140.9768,37.55173],[140.97614,37.55075],[140.97613,37.55019],[140.97636,37.55021],[140.97653,37.54995],[140.97669,37.5487],[140.9765,37.54718],[140.97663,37.54641],[140.97634,37.54636],[140.9765,37.54365],[140.97635,37.54263],[140.97755,37.54143],[140.97749,37.54025],[140.97764,37.53996],[140.97836,37.53919],[140.97944,37.53851],[140.97961,37.53822],[140.97948,37.53815],[140.97946,37.53739],[140.97914,37.53686],[140.97719,37.53698],[140.97634,37.53671],[140.97491,37.53662],[140.97455,37.53559],[140.97461,37.53464],[140.97425,37.53421],[140.97326,37.53366],[140.97211,37.53415],[140.97059,37.53429],[140.96884,37.53547],[140.96828,37.53552],[140.96673,37.53496],[140.96565,37.53518],[140.9648,37.535],[140.9643,37.53473],[140.96422,37.5342],[140.96397,37.534],[140.9632,37.53396],[140.96223,37.53349],[140.96144,37.53343],[140.96013,37.53363],[140.95916,37.53312],[140.95784,37.53305],[140.95637,37.53257],[140.95625,37.5323],[140.95584,37.53243],[140.95541,37.53213],[140.95453,37.53238],[140.95376,37.53238],[140.95313,37.53298],[140.95252,37.53262],[140.95261,37.5323],[140.95224,37.53185],[140.95199,37.53207],[140.95138,37.5319],[140.94885,37.53224],[140.94767,37.53301],[140.94571,37.53383],[140.94551,37.53425],[140.94707,37.53547],[140.94801,37.53706],[140.94692,37.53767],[140.94558,37.53889],[140.9454,37.53908],[140.9455,37.53969],[140.94523,37.5399],[140.94855,37.54094],[140.94826,37.54227],[140.94916,37.54303],[140.94916,37.54379],[140.9489,37.54486],[140.94969,37.54473],[140.9508,37.54504],[140.95256,37.54505],[140.95463,37.54629],[140.95328,37.54838],[140.95356,37.54864],[140.95565,37.54971],[140.95756,37.5499],[140.95825,37.5504],[140.95989,37.55119],[140.96152,37.55172],[140.96176,37.55138],[140.96227,37.5511],[140.96358,37.55162],[140.96417,37.55222],[140.96472,37.55219],[140.96497,37.55184],[140.96542,37.55187],[140.96792,37.55257],[140.97115,37.55297],[140.97269,37.55392],[140.97378,37.55414],[140.97448,37.55519],[140.97566,37.5554],[140.9763,37.55572],[140.97672,37.55629],[140.97784,37.5568],[140.97781,37.55528]]]},"properties":{"key":"072120900","name":"小高区小屋木","pref":"福島県","prefCode":"07","municipality":"南相馬市","areaM2":4963322.788,"population":103,"toponymIds":["07-f728aa8ae7","07-05607b04aa"]}},{"type":"Feature","geometry":{"type":"Polygon","coordinates":[[[140.93851,37.58905],[140.94212,37.58821],[140.94338,37.58763],[140.94667,37.58686],[140.94596,37.58482],[140.9461,37.58411],[140.94665,37.5836],[140.94652,37.58324],[140.94608,37.58342],[140.94615,37.58144],[140.94577,37.58143],[140.94547,37.58161],[140.94441,37.58076],[140.94522,37.58013],[140.94528,37.58004],[140.94496,37.57995],[140.94381,37.57998],[140.94335,37.58039],[140.94269,37.58054],[140.941,37.58044],[140.94035,37.58006],[140.93888,37.57982],[140.93811,37.57881],[140.93685,37.5782],[140.93587,37.57698],[140.93535,37.57679],[140.9353,37.57651],[140.9348,37.57613],[140.93452,37.57616],[140.93324,37.57574],[140.93285,37.57518],[140.93178,37.57478],[140.93115,37.57414],[140.92975,37.57336],[140.92954,37.57297],[140.92881,37.57237],[140.92858,37.57223],[140.92781,37.57226],[140.92661,37.57174],[140.92562,37.57157],[140.92717,37.57068],[140.92185,37.56934],[140.92614,37.56867],[140.92613,37.56815],[140.92649,37.56752],[140.92713,37.56704],[140.92809,37.56673],[140.92818,37.56655],[140.92648,37.56551],[140.92605,37.56502],[140.92461,37.5641],[140.92454,37.56362],[140.9247,37.56323],[140.92406,37.56372],[140.92349,37.56361],[140.92337,37.56335],[140.92363,37.56239],[140.92347,37.56214],[140.92134,37.56187],[140.92042,37.56202],[140.92031,37.56015],[140.92075,37.55721],[140.92099,37.55654],[140.92094,37.55583],[140.92131,37.55472],[140.92066,37.55396],[140.92061,37.5535],[140.91975,37.55307],[140.91938,37.55204],[140.91814,37.55158],[140.91787,37.55129],[140.91814,37.55003],[140.91847,37.54979],[140.919,37.54989],[140.91969,37.54968],[140.92371,37.5497],[140.9295,37.54909],[140.93253,37.5497],[140.93485,37.54877],[140.93691,37.54403],[140.93705,37.54211],[140.93688,37.54157],[140.93594,37.54236],[140.93564,37.54236],[140.93345,37.54131],[140.93025,37.53919],[140.93037,37.53981],[140.92971,37.5401],[140.92885,37.53962],[140.92819,37.53854],[140.92707,37.53798],[140.92645,37.53748],[140.92623,37.53699],[140.92638,37.53687],[140.927,37.53696],[140.92674,37.53649],[140.92341,37.5349],[140.9222,37.53447],[140.92118,37.5344],[140.92112,37.53427],[140.92152,37.53393],[140.92281,37.5336],[140.9208,37.53222],[140.9215,37.5317],[140.92269,37.53155],[140.92351,37.5319],[140.92405,37.53182],[140.92464,37.53202],[140.92482,37.53235],[140.92542,37.53243],[140.92602,37.53283],[140.92635,37.53287],[140.92633,37.5326],[140.92567,37.53197],[140.9255,37.53155],[140.92499,37.53122],[140.92543,37.53102],[140.92538,37.53071],[140.92563,37.53047],[140.92577,37.52996],[140.92346,37.52884],[140.92213,37.52887],[140.92012,37.52818],[140.9183,37.52811],[140.91782,37.52785],[140.91707,37.52701],[140.91724,37.52571],[140.91662,37.5251],[140.91705,37.52471],[140.91711,37.52421],[140.91629,37.52405],[140.91602,37.52364],[140.91617,37.52333],[140.9159,37.52295],[140.91482,37.52239],[140.91463,37.52191],[140.91432,37.52177],[140.91453,37.5209],[140.91436,37.52053],[140.91389,37.52021],[140.914,37.51977],[140.91389,37.51927],[140.91346,37.51896],[140.91314,37.51898],[140.91287,37.51858],[140.91195,37.51887],[140.91041,37.51844],[140.90953,37.51838],[140.90881,37.51947],[140.9088,37.51985],[140.90825,37.52071],[140.90384,37.52214],[140.90338,37.52213],[140.90294,37.52182],[140.90238,37.52194],[140.90083,37.52111],[140.89656,37.52166],[140.89604,37.52133],[140.89566,37.52072],[140.8951,37.52054],[140.89444,37.52142],[140.89442,37.52175],[140.89346,37.5229],[140.8924,37.52302],[140.89005,37.52464],[140.88806,37.5251],[140.88774,37.52539],[140.88644,37.52583],[140.88492,37.52592],[140.8848,37.52513],[140.88435,37.52439],[140.88229,37.52422],[140.88174,37.52381],[140.87995,37.52402],[140.87967,37.52432],[140.87823,37.52504],[140.87744,37.52596],[140.87717,37.52652],[140.87738,37.52709],[140.87807,37.52781],[140.87822,37.52859],[140.87868,37.52894],[140.87903,37.5296],[140.87834,37.53023],[140.87772,37.53048],[140.8768,37.53217],[140.87678,37.53295],[140.87616,37.53385],[140.87521,37.53462],[140.87502,37.53496],[140.87553,37.53536],[140.87602,37.53642],[140.87606,37.53705],[140.87648,37.5373],[140.8765,37.53759],[140.87645,37.53787],[140.87573,37.53884],[140.8758,37.53933],[140.87527,37.54023],[140.87566,37.54059],[140.87675,37.54098],[140.87658,37.54147],[140.87706,37.54177],[140.87704,37.54198],[140.87658,37.54252],[140.87572,37.54251],[140.87488,37.54341],[140.8745,37.54403],[140.87465,37.54479],[140.87415,37.54526],[140.87371,37.54622],[140.87283,37.54671],[140.87262,37.54699],[140.87152,37.5471],[140.87003,37.54835],[140.86899,37.54864],[140.86882,37.54918],[140.86989,37.55101],[140.87036,37.55119],[140.87078,37.5511],[140.87156,37.55193],[140.87245,37.55195],[140.87298,37.5515],[140.87328,37.55146],[140.87442,37.55272],[140.87465,37.5534],[140.87456,37.55381],[140.87502,37.55424],[140.87501,37.55486],[140.8755,37.55591],[140.87526,37.55643],[140.87462,37.55688],[140.87446,37.55715],[140.87453,37.55747],[140.87506,37.55833],[140.8763,37.55933],[140.87654,37.55986],[140.87738,37.56068],[140.87823,37.56082],[140.87961,37.56008],[140.88052,37.56051],[140.8823,37.56011],[140.88321,37.56008],[140.88625,37.56089],[140.88716,37.56101],[140.8885,37.56068],[140.88927,37.5611],[140.88935,37.56161],[140.8888,37.56314],[140.89006,37.56391],[140.89019,37.56416],[140.88948,37.5652],[140.88948,37.56634],[140.88964,37.56694],[140.88999,37.56724],[140.89137,37.5678],[140.89191,37.56872],[140.89184,37.56907],[140.89118,37.57013],[140.89123,37.57088],[140.89189,37.57133],[140.89264,37.57136],[140.89399,37.57261],[140.89498,37.57281],[140.8959,37.57376],[140.89586,37.57417],[140.89527,37.5749],[140.89526,37.57579],[140.89485,37.57664],[140.89487,37.57784],[140.89532,37.57884],[140.89463,37.58083],[140.89598,37.58055],[140.89819,37.58041],[140.89932,37.5806],[140.90012,37.5811],[140.90075,37.5812],[140.90035,37.58203],[140.9012,37.58365],[140.90097,37.58419],[140.89995,37.58512],[140.89969,37.58645],[140.9005,37.58695],[140.90111,37.58765],[140.90277,37.58706],[140.90451,37.58701],[140.90714,37.58857],[140.90794,37.5889],[140.90888,37.5891],[140.91229,37.5891],[140.91358,37.58936],[140.91505,37.58926],[140.91813,37.59026],[140.92352,37.59155],[140.92492,37.5915],[140.93085,37.59054],[140.93414,37.59026],[140.93851,37.58905]]]},"properties":{"key":"072120850","name":"小高区羽倉","pref":"福島県","prefCode":"07","municipality":"南相馬市","areaM2":29689635.784,"population":58,"toponymIds":["07-4754a4138c"]}},{"type":"Feature","geometry":{"type":"Polygon","coordinates":[[[141.02646,37.54851],[141.02555,37.54853],[141.02488,37.54893],[141.02325,37.55119],[141.02227,37.5532],[141.0213,37.55416],[141.02162,37.55468],[141.02136,37.55557],[141.02172,37.55613],[141.02257,37.55647],[141.02487,37.55686],[141.0256,37.55801],[141.02566,37.55845],[141.02493,37.55958],[141.02467,37.56048],[141.02644,37.56053],[141.02761,37.55671],[141.02864,37.55477],[141.02886,37.55401],[141.02842,37.55234],[141.02841,37.54905],[141.02754,37.54903],[141.02646,37.54851]]]},"properties":{"key":"072121040","name":"小高区村上","pref":"福島県","prefCode":"07","municipality":"南相馬市","areaM2":512977.373,"population":0,"toponymIds":["07-663e154f94"]}},{"type":"Feature","geometry":{"type":"Polygon","coordinates":[[[140.95474,37.71005],[140.9565,37.70937],[140.95758,37.70768],[140.95848,37.70708],[140.95609,37.70688],[140.95516,37.70653],[140.9473,37.70202],[140.94697,37.70211],[140.94658,37.70297],[140.94616,37.70294],[140.94572,37.70466],[140.94594,37.70526],[140.94589,37.70675],[140.94551,37.70949],[140.94579,37.70957],[140.94575,37.70972],[140.94748,37.7097],[140.95237,37.71057],[140.954,37.71036],[140.95474,37.71005]]]},"properties":{"key":"07212065009","name":"鹿島区牛河内","pref":"福島県","prefCode":"07","municipality":"南相馬市","areaM2":608108.685,"population":55,"toponymIds":["07-26a27f79ed"]}},{"type":"Feature","geometry":{"type":"Polygon","coordinates":[[[140.99474,37.68801],[140.99724,37.68771],[141.00112,37.6878],[141.00564,37.68768],[141.00615,37.68791],[141.00687,37.68783],[141.00712,37.68798],[141.00985,37.68726],[141.01084,37.68677],[141.01265,37.68652],[141.01326,37.68602],[141.00848,37.68592],[141.00687,37.68486],[141.00609,37.68411],[141.00577,37.68355],[141.0059,37.68332],[141.0074,37.68304],[141.00764,37.68316],[141.00779,37.68288],[141.00807,37.68275],[141.00833,37.68303],[141.00817,37.68272],[141.01084,37.68146],[141.01039,37.68083],[141.00949,37.68136],[141.00902,37.68069],[141.01073,37.67849],[141.01069,37.67836],[141.00369,37.67945],[141.0028,37.67489],[141.00219,37.67494],[141.00123,37.67424],[141.00101,37.67268],[141.00047,37.67188],[141.00021,37.67114],[141.00025,37.67056],[141.00001,37.67022],[140.99815,37.66998],[140.99767,37.67068],[140.99646,37.67161],[140.99595,37.67364],[140.99394,37.67398],[140.99386,37.67469],[140.99313,37.67596],[140.99314,37.67729],[140.99205,37.67724],[140.99132,37.67694],[140.99073,37.67703],[140.99024,37.67745],[140.99004,37.67732],[140.98733,37.67884],[140.98574,37.6806],[140.98497,37.6811],[140.98392,37.68146],[140.98237,37.6816],[140.98238,37.68239],[140.98175,37.6823],[140.98003,37.68256],[140.97787,37.68401],[140.97709,37.68429],[140.976,37.68438],[140.97504,37.68414],[140.97474,37.68392],[140.97449,37.68361],[140.97408,37.68233],[140.97343,37.68176],[140.97338,37.68443],[140.97359,37.68486],[140.97332,37.68565],[140.97401,37.68688],[140.97497,37.68759],[140.97689,37.68735],[140.97878,37.68689],[140.97951,37.68645],[140.98016,37.68634],[140.98068,37.68515],[140.98076,37.68371],[140.9812,37.68537],[140.98368,37.68493],[140.98465,37.68913],[140.98558,37.68895],[140.98744,37.68805],[140.98905,37.69032],[140.99021,37.6914],[140.99168,37.68973],[140.99259,37.68896],[140.99474,37.68801]]]},"properties":{"key":"07212064007","name":"鹿島区江垂","pref":"福島県","prefCode":"07","municipality":"南相馬市","areaM2":3304214.493,"population":162,"toponymIds":["07-853d8d076c"]}},{"type":"Feature","geometry":{"type":"Polygon","coordinates":[[[140.95054,37.71449],[140.95321,37.71417],[140.95402,37.71389],[140.95494,37.71331],[140.95594,37.71214],[140.9565,37.70937],[140.95587,37.7095],[140.954,37.71036],[140.95315,37.71054],[140.95162,37.71047],[140.94748,37.7097],[140.94472,37.70957],[140.94321,37.70979],[140.94362,37.71434],[140.94377,37.71432],[140.94582,37.71647],[140.94665,37.7157],[140.94741,37.71527],[140.95054,37.71449]]]},"properties":{"key":"07212065010","name":"鹿島区岡和田","pref":"福島県","prefCode":"07","municipality":"南相馬市","areaM2":576077.074,"population":127,"toponymIds":["07-d8dfebdf28"]}},{"type":"Feature","geometry":{"type":"Polygon","coordinates":[[[140.91507,37.7435],[140.91583,37.74271],[140.91686,37.74299],[140.91745,37.7426],[140.91786,37.74169],[140.9193,37.74029],[140.9194,37.7394],[140.91927,37.73889],[140.91967,37.73827],[140.92067,37.73782],[140.92332,37.73765],[140.9238,37.73733],[140.92427,37.73729],[140.92389,37.73672],[140.92459,37.73607],[140.92307,37.73496],[140.92051,37.73548],[140.91853,37.73533],[140.91746,37.73506],[140.91505,37.73379],[140.90946,37.7318],[140.90494,37.72997],[140.9031,37.73222],[140.90215,37.733],[140.90091,37.73297],[140.9001,37.73361],[140.90034,37.7337],[140.90053,37.73403],[140.90084,37.73493],[140.90245,37.73504],[140.90318,37.73619],[140.90413,37.73706],[140.90548,37.73767],[140.90715,37.73768],[140.90775,37.73738],[140.90802,37.73742],[140.90826,37.73798],[140.90834,37.73908],[140.90766,37.73975],[140.90763,37.74023],[140.90726,37.74082],[140.90738,37.74152],[140.9086,37.74144],[140.90891,37.74155],[140.90928,37.7421],[140.91094,37.74287],[140.91119,37.74396],[140.91244,37.74437],[140.91278,37.74462],[140.91364,37.74433],[140.91398,37.74331],[140.91507,37.7435]]]},"properties":{"key":"07212065003","name":"鹿島区御山","pref":"福島県","prefCode":"07","municipality":"南相馬市","areaM2":1537996.638,"population":63,"toponymIds":["07-6e08637198"]}},{"type":"Feature","geometry":{"type":"Polygon","coordinates":[[[140.87583,37.74635],[140.87975,37.74676],[140.88142,37.74657],[140.88184,37.74639],[140.88324,37.74483],[140.88542,37.74397],[140.88695,37.74267],[140.88781,37.74242],[140.889,37.74095],[140.89075,37.74113],[140.89137,37.74047],[140.89211,37.74118],[140.89272,37.74134],[140.89314,37.7412],[140.89365,37.74074],[140.89466,37.74083],[140.89523,37.74072],[140.8967,37.73981],[140.89864,37.73965],[140.90007,37.73922],[140.90039,37.73923],[140.90137,37.74087],[140.90239,37.7413],[140.90328,37.74192],[140.90375,37.74105],[140.90545,37.74176],[140.90671,37.74204],[140.90738,37.74152],[140.90726,37.74082],[140.90763,37.74023],[140.90766,37.73975],[140.90834,37.73908],[140.90826,37.73798],[140.90796,37.73736],[140.90715,37.73768],[140.90548,37.73767],[140.90413,37.73706],[140.90318,37.73619],[140.90245,37.73504],[140.90084,37.73493],[140.90053,37.73403],[140.90034,37.7337],[140.9001,37.73361],[140.89922,37.73388],[140.89843,37.73442],[140.89685,37.73508],[140.89657,37.73534],[140.8967,37.73585],[140.8971,37.73621],[140.89661,37.73665],[140.89524,37.73636],[140.89502,37.73652],[140.89478,37.73771],[140.89383,37.7378],[140.89199,37.73572],[140.89109,37.73516],[140.89122,37.73481],[140.89253,37.73505],[140.89302,37.73424],[140.89303,37.7334],[140.8915,37.7338],[140.89087,37.73365],[140.89105,37.73341],[140.892,37.73298],[140.89211,37.73265],[140.89197,37.73257],[140.88894,37.73285],[140.88566,37.73267],[140.88495,37.73278],[140.88424,37.73334],[140.88392,37.73312],[140.88292,37.73338],[140.88261,37.73323],[140.88253,37.73296],[140.88385,37.73192],[140.88369,37.73108],[140.88303,37.73076],[140.88266,37.73031],[140.88323,37.7296],[140.88349,37.72788],[140.88421,37.72721],[140.88429,37.72668],[140.88409,37.72501],[140.88561,37.72248],[140.88691,37.72163],[140.88719,37.72112],[140.8869,37.72067],[140.8861,37.7201],[140.88672,37.71937],[140.88669,37.71704],[140.8865,37.71634],[140.88464,37.71468],[140.88338,37.71397],[140.8827,37.71313],[140.88243,37.71307],[140.88212,37.71325],[140.88215,37.71402],[140.8838,37.71558],[140.88459,37.71796],[140.88462,37.71835],[140.88441,37.71864],[140.88389,37.71888],[140.88318,37.71896],[140.87975,37.71864],[140.87826,37.71819],[140.87756,37.71814],[140.87643,37.71752],[140.87545,37.71726],[140.874,37.71724],[140.87367,37.71674],[140.87358,37.71585],[140.87324,37.71557],[140.87267,37.71541],[140.87205,37.71551],[140.87037,37.71656],[140.86878,37.71608],[140.86806,37.7162],[140.86788,37.71725],[140.86797,37.71912],[140.8678,37.71938],[140.86724,37.71953],[140.8656,37.71949],[140.86302,37.7183],[140.86196,37.71824],[140.85969,37.71864],[140.85823,37.71862],[140.85815,37.71904],[140.85717,37.71953],[140.85663,37.7196],[140.85486,37.71872],[140.85368,37.7184],[140.85211,37.71846],[140.85099,37.71896],[140.85008,37.71873],[140.84942,37.71825],[140.84838,37.717],[140.84746,37.71493],[140.84708,37.71482],[140.84499,37.71544],[140.84379,37.71522],[140.84249,37.71629],[140.84049,37.71699],[140.83944,37.71691],[140.83732,37.71717],[140.83674,37.71777],[140.83558,37.71859],[140.83578,37.71957],[140.8361,37.72022],[140.83833,37.72022],[140.83913,37.72075],[140.84239,37.72176],[140.84307,37.72237],[140.84308,37.7226],[140.84157,37.72388],[140.84188,37.72503],[140.84153,37.7257],[140.842,37.72611],[140.84184,37.72684],[140.84205,37.72828],[140.84132,37.72895],[140.84127,37.73013],[140.84078,37.73046],[140.841,37.73132],[140.84059,37.73206],[140.84004,37.73267],[140.83973,37.7328],[140.83963,37.73339],[140.83983,37.73402],[140.84322,37.7334],[140.84429,37.73349],[140.84492,37.73379],[140.84686,37.73376],[140.84778,37.73395],[140.84854,37.735],[140.84945,37.73537],[140.85064,37.7367],[140.85161,37.73705],[140.85165,37.73777],[140.85256,37.73816],[140.85288,37.73867],[140.85365,37.7386],[140.85416,37.7389],[140.85522,37.7388],[140.85588,37.73919],[140.85656,37.73901],[140.85732,37.73949],[140.85793,37.73918],[140.85855,37.73932],[140.85941,37.73916],[140.86032,37.73944],[140.86061,37.74004],[140.8614,37.74051],[140.86261,37.74042],[140.86397,37.74073],[140.86575,37.74085],[140.86642,37.74123],[140.86711,37.74118],[140.86763,37.74131],[140.86792,37.74183],[140.86814,37.7427],[140.8692,37.74327],[140.86963,37.74413],[140.8701,37.74449],[140.87015,37.74508],[140.87064,37.74517],[140.87159,37.74587],[140.87204,37.74577],[140.87279,37.74613],[140.8732,37.74612],[140.87384,37.74711],[140.87583,37.74635]]]},"properties":{"key":"07212065001","name":"鹿島区上栃窪","pref":"福島県","prefCode":"07","municipality":"南相馬市","areaM2":11434895.839,"population":233,"toponymIds":["07-78624100c0"]}},{"type":"Feature","geometry":{"type":"Polygon","coordinates":[[[140.98057,37.68242],[140.98175,37.6823],[140.98238,37.68239],[140.98237,37.6816],[140.98392,37.68146],[140.98497,37.6811],[140.98574,37.6806],[140.98733,37.67884],[140.99004,37.67732],[140.98987,37.67698],[140.98913,37.67656],[140.98779,37.67687],[140.98624,37.67632],[140.98618,37.67506],[140.98685,37.67472],[140.98704,37.67428],[140.98596,37.67085],[140.98483,37.66948],[140.98482,37.66817],[140.98464,37.66792],[140.98421,37.66789],[140.9836,37.66818],[140.98301,37.66822],[140.98194,37.6693],[140.98118,37.66932],[140.98048,37.66869],[140.98048,37.66838],[140.97992,37.66779],[140.97861,37.66764],[140.97804,37.66722],[140.97772,37.66685],[140.97772,37.66654],[140.97801,37.66612],[140.97758,37.66603],[140.97678,37.6663],[140.97591,37.66569],[140.97536,37.66559],[140.97453,37.66595],[140.97375,37.66689],[140.97326,37.66723],[140.97159,37.66782],[140.97078,37.66827],[140.97003,37.66895],[140.9696,37.66897],[140.96924,37.6694],[140.96797,37.66942],[140.96765,37.66913],[140.9668,37.66946],[140.96576,37.66911],[140.96482,37.66977],[140.96441,37.67042],[140.9643,37.67106],[140.96451,37.67219],[140.96429,37.67394],[140.96451,37.67469],[140.96528,37.67436],[140.96578,37.67467],[140.96669,37.6748],[140.96815,37.67419],[140.96957,37.67427],[140.97103,37.67403],[140.97118,37.67388],[140.97186,37.67399],[140.97168,37.67739],[140.97227,37.68157],[140.97273,37.68156],[140.97377,37.68198],[140.97408,37.68233],[140.97449,37.68361],[140.97474,37.68392],[140.97552,37.68431],[140.97709,37.68429],[140.9782,37.68382],[140.97969,37.68269],[140.98057,37.68242]]]},"properties":{"key":"07212064005","name":"鹿島区川子","pref":"福島県","prefCode":"07","municipality":"南相馬市","areaM2":2548686.997,"population":101,"toponymIds":["07-71d6a78f65"]}},{"type":"Feature","geometry":{"type":"Polygon","coordinates":[[[140.98167,37.7066],[140.98743,37.70397],[140.98815,37.70377],[140.99008,37.70374],[140.99005,37.70272],[141.00577,37.70244],[141.00588,37.70052],[141.01088,37.70044],[141.01102,37.70038],[141.01104,37.70002],[141.01086,37.69992],[141.01099,37.69947],[141.01071,37.69942],[141.01093,37.69452],[140.99637,37.69475],[140.99633,37.69374],[140.99181,37.69383],[140.99119,37.69354],[140.98927,37.69341],[140.98878,37.69325],[140.98722,37.69463],[140.98559,37.69552],[140.98354,37.69618],[140.98134,37.69645],[140.98166,37.70403],[140.98166,37.70458],[140.98125,37.70449],[140.98129,37.70661],[140.98167,37.7066]]]},"properties":{"key":"07212063006","name":"鹿島区北右田","pref":"福島県","prefCode":"07","municipality":"南相馬市","areaM2":2390386.644,"population":77,"toponymIds":["07-db1c2a351d"]}},{"type":"Feature","geometry":{"type":"Polygon","coordinates":[[[140.97943,37.73467],[140.98313,37.73465],[140.98879,37.73329],[140.99071,37.73165],[140.99489,37.72912],[140.99859,37.7273],[140.99912,37.72665],[141.00081,37.72329],[141.00153,37.72276],[140.99931,37.72186],[140.99741,37.72142],[140.99716,37.72179],[140.9963,37.72235],[140.99366,37.72098],[140.99299,37.72089],[140.99211,37.72104],[140.99191,37.71957],[140.99246,37.7187],[140.9905,37.71917],[140.99025,37.71907],[140.98937,37.71748],[140.98986,37.7155],[140.98951,37.71526],[140.98927,37.71453],[140.98842,37.71391],[140.98808,37.71319],[140.98818,37.71432],[140.98807,37.71453],[140.98725,37.71498],[140.9863,37.71603],[140.98506,37.71679],[140.98441,37.71749],[140.98359,37.71886],[140.98324,37.71871],[140.9827,37.71805],[140.98244,37.71797],[140.98095,37.71893],[140.98041,37.71907],[140.97959,37.71902],[140.97903,37.71831],[140.97727,37.71701],[140.9762,37.71757],[140.97571,37.71758],[140.97524,37.71814],[140.97344,37.71879],[140.97325,37.71893],[140.97379,37.72108],[140.97444,37.72238],[140.97506,37.72329],[140.97661,37.72489],[140.97722,37.72612],[140.97717,37.72769],[140.97797,37.72807],[140.97821,37.7289],[140.97862,37.72919],[140.97905,37.72989],[140.97783,37.73016],[140.97512,37.73115],[140.97436,37.73235],[140.97397,37.73353],[140.97494,37.73391],[140.97837,37.73622],[140.97943,37.73467]]]},"properties":{"key":"07212066005","name":"鹿島区北屋形","pref":"福島県","prefCode":"07","municipality":"南相馬市","areaM2":3227016.473,"population":207,"toponymIds":["07-0a69735d69"]}},{"type":"Feature","geometry":{"type":"Polygon","coordinates":[[[140.94059,37.72136],[140.93904,37.71935],[140.93626,37.72055],[140.92995,37.72391],[140.92963,37.7243],[140.92891,37.72629],[140.9285,37.72696],[140.92601,37.72909],[140.92548,37.73016],[140.92535,37.73092],[140.92544,37.73183],[140.92519,37.73317],[140.92468,37.73406],[140.92307,37.73496],[140.92459,37.73607],[140.92389,37.73672],[140.92427,37.73729],[140.92483,37.73745],[140.92716,37.73645],[140.9303,37.73448],[140.93187,37.733],[140.94114,37.72856],[140.94195,37.72723],[140.94082,37.72707],[140.94023,37.72316],[140.94113,37.72287],[140.94059,37.72136]]]},"properties":{"key":"07212065005","name":"鹿島区角川原","pref":"福島県","prefCode":"07","municipality":"南相馬市","areaM2":1506305.125,"population":209,"toponymIds":["07-5d1748016a","07-891700bcb3","07-06cab9e1ad"]}},{"type":"Feature","geometry":{"type":"Polygon","coordinates":[[[140.95352,37.72515],[140.95412,37.72511],[140.9563,37.72388],[140.96043,37.72282],[140.96167,37.72203],[140.96501,37.72182],[140.96407,37.72099],[140.96408,37.72076],[140.96622,37.71929],[140.96767,37.71786],[140.96777,37.71761],[140.96756,37.71673],[140.96554,37.71369],[140.96344,37.71463],[140.96323,37.71434],[140.96088,37.71439],[140.95798,37.71778],[140.95456,37.72318],[140.95352,37.72515]]]},"properties":{"key":"07212066003","name":"鹿島区永田","pref":"福島県","prefCode":"07","municipality":"南相馬市","areaM2":735357.472,"population":96,"toponymIds":["07-82e421d82c"]}},{"type":"Feature","geometry":{"type":"Polygon","coordinates":[[[140.94371,37.74374],[140.94493,37.74427],[140.94564,37.74323],[140.94795,37.74175],[140.94838,37.74166],[140.9519,37.74269],[140.95328,37.74269],[140.95409,37.74342],[140.95301,37.72777],[140.95312,37.72656],[140.95352,37.72515],[140.95107,37.72436],[140.95131,37.72525],[140.9517,37.72572],[140.9507,37.72587],[140.95067,37.726],[140.9508,37.72618],[140.95152,37.72637],[140.95154,37.72668],[140.94888,37.72706],[140.94845,37.72724],[140.94727,37.72889],[140.94635,37.72938],[140.94593,37.73044],[140.94552,37.73078],[140.94448,37.73095],[140.94478,37.73192],[140.94462,37.73298],[140.94484,37.73386],[140.94404,37.73522],[140.94432,37.73583],[140.94324,37.73668],[140.94214,37.73705],[140.9414,37.73769],[140.94058,37.73915],[140.93999,37.73969],[140.93865,37.74011],[140.93814,37.74051],[140.93667,37.74102],[140.93607,37.74169],[140.93423,37.74183],[140.93346,37.74257],[140.93284,37.74244],[140.93171,37.74295],[140.93253,37.74394],[140.93282,37.7446],[140.93361,37.74475],[140.93555,37.74476],[140.93618,37.7442],[140.93667,37.74399],[140.93805,37.74381],[140.93907,37.74386],[140.93984,37.7435],[140.94059,37.74351],[140.9412,37.7433],[140.94186,37.74343],[140.94295,37.74336],[140.94371,37.74374]]]},"properties":{"key":"07212066001","name":"鹿島区永渡","pref":"福島県","prefCode":"07","municipality":"南相馬市","areaM2":1812207.842,"population":123,"toponymIds":["07-c8eaef86b7"]}},{"type":"Feature","geometry":{"type":"Polygon","coordinates":[[[140.96759,37.70169],[140.96576,37.70106],[140.96444,37.70293],[140.96661,37.70359],[140.96599,37.7048],[140.96813,37.70476],[140.96806,37.70325],[140.96822,37.70311],[140.96824,37.70223],[140.9685,37.70201],[140.96759,37.70169]]]},"properties":{"key":"07212063002","name":"鹿島区西町一丁目","pref":"福島県","prefCode":"07","municipality":"南相馬市","areaM2":85656.765,"population":272,"toponymIds":["07-17aa01f340"]}},{"type":"Feature","geometry":{"type":"Polygon","coordinates":[[[140.93313,37.64648],[140.93317,37.64574],[140.9352,37.64588],[140.93594,37.64564],[140.93762,37.64563],[140.93852,37.64545],[140.93893,37.64462],[140.93963,37.64427],[140.94103,37.64414],[140.94001,37.64257],[140.93578,37.64026],[140.9344,37.63976],[140.93172,37.63804],[140.92988,37.63709],[140.92557,37.63554],[140.92408,37.63531],[140.9225,37.63533],[140.91992,37.63383],[140.91944,37.63375],[140.91941,37.63415],[140.91916,37.6345],[140.91819,37.63519],[140.91729,37.63558],[140.91355,37.63626],[140.9123,37.63703],[140.91152,37.63778],[140.91011,37.63798],[140.90919,37.63866],[140.90742,37.63873],[140.90809,37.63918],[140.91057,37.64008],[140.91438,37.64255],[140.91509,37.64338],[140.91531,37.64427],[140.9157,37.64473],[140.91651,37.64515],[140.91691,37.64527],[140.9186,37.64509],[140.91985,37.64514],[140.92237,37.64586],[140.92268,37.64625],[140.92426,37.64608],[140.92672,37.64624],[140.92753,37.64614],[140.92985,37.64644],[140.93313,37.64648]]]},"properties":{"key":"072120460","name":"原町区石神","pref":"福島県","prefCode":"07","municipality":"南相馬市","areaM2":2317224.957,"population":483,"toponymIds":["07-c28f30e2b0","07-52e48d4cb1","07-4dc5a38a34"]}},{"type":"Feature","geometry":{"type":"Polygon","coordinates":[[[141.00521,37.5948],[141.01398,37.59159],[141.01475,37.59178],[141.01532,37.59127],[141.01539,37.59069],[141.01596,37.58934],[141.01334,37.59035],[141.01298,37.58971],[141.01114,37.59042],[141.00892,37.58665],[141.00769,37.58704],[141.00684,37.58666],[141.00635,37.58631],[141.00571,37.58534],[141.00534,37.58513],[141.00481,37.58392],[141.00434,37.58333],[141.00353,37.58341],[141.00291,37.58319],[141.00187,37.58328],[141.00102,37.58396],[141.00067,37.58399],[141.00058,37.58431],[141.00013,37.58435],[140.9994,37.58488],[140.99873,37.58495],[140.99764,37.58554],[140.99364,37.58648],[140.99168,37.58654],[140.99158,37.58683],[140.99177,37.58733],[140.99178,37.58857],[140.99218,37.58831],[140.99248,37.58851],[140.99327,37.5905],[140.9938,37.59052],[140.99405,37.59082],[140.9943,37.5906],[140.99473,37.59066],[140.99544,37.5926],[140.99599,37.59319],[140.99743,37.59364],[140.99737,37.59378],[140.99937,37.59425],[141.00005,37.59466],[141.00135,37.59459],[141.00294,37.59521],[141.00521,37.5948]]]},"properties":{"key":"072120290","name":"原町区江井","pref":"福島県","prefCode":"07","municipality":"南相馬市","areaM2":1545637.42,"population":117,"toponymIds":["07-e03dfff0ea","07-87eb785213"]}},{"type":"Feature","geometry":{"type":"Polygon","coordinates":[[[140.93135,37.59614],[140.93147,37.59557],[140.93297,37.5952],[140.93343,37.59469],[140.93411,37.59233],[140.93439,37.59018],[140.9284,37.59085],[140.92492,37.5915],[140.92352,37.59155],[140.91813,37.59026],[140.91505,37.58926],[140.91358,37.58936],[140.91229,37.5891],[140.90888,37.5891],[140.90794,37.5889],[140.90714,37.58857],[140.90451,37.58701],[140.90277,37.58706],[140.90134,37.58764],[140.90101,37.58761],[140.9005,37.58695],[140.89965,37.58634],[140.89995,37.58512],[140.90097,37.58419],[140.9012,37.58365],[140.90035,37.58203],[140.90075,37.5812],[140.90012,37.5811],[140.89932,37.5806],[140.89819,37.58041],[140.89598,37.58055],[140.89463,37.58083],[140.89532,37.57884],[140.89487,37.57784],[140.89485,37.57664],[140.89526,37.57579],[140.89527,37.5749],[140.89586,37.57417],[140.8959,37.57376],[140.89498,37.57281],[140.89399,37.57261],[140.89264,37.57136],[140.89189,37.57133],[140.89123,37.57088],[140.89118,37.57013],[140.89184,37.56907],[140.89191,37.56872],[140.89137,37.5678],[140.88999,37.56724],[140.88964,37.56694],[140.88948,37.56634],[140.88948,37.5652],[140.89019,37.56416],[140.89006,37.56391],[140.8888,37.56314],[140.88935,37.56161],[140.88927,37.5611],[140.88865,37.5607],[140.8869,37.561],[140.88321,37.56008],[140.88268,37.56007],[140.88052,37.56051],[140.87961,37.56008],[140.87928,37.56015],[140.87845,37.56074],[140.87796,37.56081],[140.87738,37.56068],[140.87654,37.55986],[140.87645,37.5605],[140.87666,37.56139],[140.87627,37.56195],[140.8763,37.56219],[140.87679,37.563],[140.87819,37.56334],[140.87764,37.56388],[140.87773,37.56437],[140.8773,37.5647],[140.8775,37.56546],[140.87781,37.56586],[140.87892,37.56667],[140.87981,37.56899],[140.88037,37.56967],[140.88062,37.57045],[140.8816,37.57141],[140.88226,37.5725],[140.88352,37.57503],[140.88369,37.57682],[140.88424,37.57765],[140.88492,37.57828],[140.88506,37.57897],[140.88732,37.58052],[140.88957,37.58302],[140.89088,37.58496],[140.89238,37.58669],[140.89352,37.58787],[140.89438,37.58844],[140.89528,37.58996],[140.89594,37.59053],[140.89672,37.59067],[140.89626,37.59166],[140.89668,37.59173],[140.89738,37.59128],[140.89791,37.59142],[140.89859,37.59096],[140.89882,37.59097],[140.89893,37.59117],[140.89866,37.59186],[140.89926,37.59201],[140.90008,37.59165],[140.90039,37.59248],[140.90066,37.59269],[140.90056,37.59307],[140.90067,37.5933],[140.90192,37.5934],[140.90303,37.59382],[140.90302,37.59405],[140.9026,37.59451],[140.90272,37.59497],[140.90227,37.59519],[140.9016,37.59501],[140.90137,37.59516],[140.90136,37.59538],[140.90165,37.59589],[140.90249,37.59599],[140.90248,37.59633],[140.90296,37.59659],[140.90367,37.5979],[140.90527,37.59757],[140.90618,37.5976],[140.90801,37.59849],[140.90859,37.59833],[140.91158,37.59816],[140.91338,37.59682],[140.91384,37.59621],[140.91435,37.59606],[140.91601,37.59681],[140.91844,37.59735],[140.91892,37.59795],[140.91929,37.5991],[140.91964,37.59939],[140.92021,37.59938],[140.92085,37.59904],[140.92124,37.59857],[140.92324,37.59715],[140.92352,37.59712],[140.92456,37.59729],[140.92794,37.59876],[140.92904,37.59945],[140.92933,37.59937],[140.93054,37.59966],[140.93126,37.59861],[140.93113,37.59708],[140.93135,37.59614]]]},"properties":{"key":"072120420","name":"原町区片倉","pref":"福島県","prefCode":"07","municipality":"南相馬市","areaM2":5692655.993,"population":26,"toponymIds":["07-ffe802851c","07-9ab2214949"]}},{"type":"Feature","geometry":{"type":"Polygon","coordinates":[[[141.01795,37.65998],[141.01798,37.65934],[141.01847,37.65785],[141.01889,37.65725],[141.01853,37.65731],[141.01842,37.65717],[141.01855,37.65729],[141.01896,37.65722],[141.01958,37.65687],[141.02019,37.65681],[141.02046,37.65688],[141.02037,37.65737],[141.02019,37.65747],[141.02047,37.65746],[141.02061,37.65662],[141.0203,37.65623],[141.0198,37.65604],[141.01985,37.65524],[141.02171,37.65064],[141.02222,37.64893],[141.02248,37.64866],[141.02209,37.6486],[141.01923,37.64872],[141.01564,37.64939],[141.01559,37.6491],[141.01486,37.64931],[141.0148,37.64975],[141.01453,37.64998],[141.01398,37.6501],[141.01352,37.6508],[141.01283,37.6508],[141.01222,37.6511],[141.01207,37.65143],[141.01216,37.65186],[141.012,37.65199],[141.0116,37.65168],[141.01141,37.65185],[141.01022,37.65192],[141.01038,37.6524],[141.00986,37.65245],[141.00952,37.65311],[141.00914,37.6532],[141.00806,37.65305],[141.00704,37.65378],[141.00659,37.65393],[141.00617,37.65455],[141.00587,37.65471],[141.00575,37.65518],[141.0054,37.65552],[141.00446,37.65546],[141.00265,37.65463],[141.00155,37.65504],[141.00143,37.65537],[141.00123,37.65546],[140.99967,37.65504],[140.99931,37.65509],[140.99897,37.65559],[140.9989,37.65612],[140.99747,37.65565],[140.99705,37.6558],[140.99669,37.65629],[140.99628,37.6565],[140.99503,37.65644],[140.9946,37.65665],[140.99502,37.65702],[140.99533,37.65782],[140.99514,37.65929],[140.9957,37.66021],[140.99902,37.65973],[141.00104,37.6608],[141.00272,37.66126],[141.00359,37.66103],[141.00404,37.66144],[141.00699,37.6615],[141.00726,37.661],[141.01114,37.66042],[141.01151,37.66005],[141.01588,37.65971],[141.01582,37.6601],[141.01795,37.65998]]]},"properties":{"key":"072120610","name":"原町区北泉","pref":"福島県","prefCode":"07","municipality":"南相馬市","areaM2":1841483.635,"population":77,"toponymIds":["07-f0a1e64802"]}},{"type":"Feature","geometry":{"type":"Polygon","coordinates":[[[140.91974,37.66205],[140.92162,37.66106],[140.92247,37.66082],[140.92414,37.66067],[140.92412,37.66084],[140.92458,37.66082],[140.92456,37.66057],[140.92513,37.66059],[140.92518,37.66039],[140.92631,37.66065],[140.92758,37.66051],[140.93287,37.65965],[140.93201,37.65743],[140.93274,37.65726],[140.93236,37.65612],[140.93264,37.65605],[140.93234,37.65526],[140.93316,37.65518],[140.93345,37.65462],[140.933,37.65357],[140.93147,37.65347],[140.93313,37.64648],[140.92985,37.64644],[140.92753,37.64614],[140.92672,37.64624],[140.92426,37.64608],[140.92268,37.64625],[140.92237,37.64586],[140.91985,37.64514],[140.9186,37.64509],[140.91691,37.64527],[140.91651,37.64515],[140.9157,37.64473],[140.91531,37.64427],[140.91509,37.64338],[140.91438,37.64255],[140.91057,37.64008],[140.9076,37.63896],[140.90902,37.64005],[140.90967,37.64105],[140.90972,37.64184],[140.9086,37.64411],[140.90929,37.64606],[140.90936,37.64702],[140.9092,37.64992],[140.90933,37.65212],[140.90895,37.65348],[140.90905,37.65445],[140.90974,37.65531],[140.9115,37.65666],[140.91181,37.65774],[140.91164,37.65987],[140.91191,37.66106],[140.9121,37.66131],[140.91549,37.6618],[140.9168,37.66183],[140.91784,37.6616],[140.9187,37.66169],[140.91871,37.66181],[140.91947,37.66181],[140.91948,37.6621],[140.91974,37.66205]]]},"properties":{"key":"072120510","name":"原町区信田沢","pref":"福島県","prefCode":"07","municipality":"南相馬市","areaM2":3610727.134,"population":317,"toponymIds":["07-ba5ea84162"]}},{"type":"Feature","geometry":{"type":"Polygon","coordinates":[[[140.9938,37.64826],[140.99358,37.64724],[140.99496,37.64664],[140.99511,37.64591],[140.99532,37.6457],[140.99691,37.64485],[140.99744,37.64476],[140.99782,37.64363],[140.99673,37.64338],[140.99549,37.6428],[140.9949,37.64323],[140.99038,37.64292],[140.98695,37.64123],[140.98611,37.64123],[140.98554,37.64105],[140.98392,37.6426],[140.98367,37.64253],[140.98101,37.64296],[140.97944,37.64277],[140.97742,37.64192],[140.97695,37.642],[140.97521,37.64145],[140.97312,37.6416],[140.97313,37.64222],[140.97359,37.6419],[140.97546,37.64185],[140.9782,37.64339],[140.98005,37.64392],[140.97988,37.64425],[140.98011,37.64581],[140.98068,37.64607],[140.98076,37.64645],[140.98135,37.64684],[140.98256,37.64718],[140.98095,37.64813],[140.98205,37.64819],[140.98334,37.64905],[140.98297,37.64991],[140.9833,37.65187],[140.98431,37.65206],[140.98521,37.65166],[140.98805,37.65091],[140.99421,37.65004],[140.99368,37.64899],[140.99396,37.64894],[140.9938,37.64826]]]},"properties":{"key":"072120580","name":"原町区下高平","pref":"福島県","prefCode":"07","municipality":"南相馬市","areaM2":1186137.327,"population":140,"toponymIds":["07-1887819acd"]}},{"type":"Feature","geometry":{"type":"Polygon","coordinates":[[[140.85804,37.66195],[140.85777,37.66173],[140.85683,37.6618],[140.85627,37.66123],[140.85604,37.66071],[140.85776,37.65846],[140.85883,37.65763],[140.85977,37.65756],[140.86071,37.65868],[140.86145,37.65868],[140.8619,37.65844],[140.8625,37.6575],[140.86321,37.65708],[140.86549,37.6561],[140.86686,37.6557],[140.87117,37.65335],[140.87287,37.65264],[140.87359,37.65251],[140.87403,37.65188],[140.87567,37.65077],[140.87816,37.64999],[140.88013,37.64905],[140.88097,37.64887],[140.88133,37.64856],[140.88255,37.64817],[140.88547,37.64774],[140.88605,37.64782],[140.88704,37.64836],[140.88751,37.64761],[140.89145,37.64548],[140.89235,37.64485],[140.89279,37.64384],[140.89259,37.64242],[140.89303,37.64204],[140.89398,37.6417],[140.89541,37.64041],[140.89757,37.64031],[140.89825,37.63993],[140.89869,37.63932],[140.89953,37.63913],[140.90045,37.63914],[140.90179,37.63968],[140.90252,37.63978],[140.90337,37.63965],[140.90346,37.63936],[140.90365,37.63933],[140.90525,37.63972],[140.90576,37.63966],[140.90718,37.63872],[140.90831,37.63878],[140.90919,37.63866],[140.91011,37.63798],[140.91152,37.63778],[140.9123,37.63703],[140.91355,37.63626],[140.9164,37.63581],[140.91795,37.63531],[140.91916,37.6345],[140.91941,37.63415],[140.91944,37.63375],[140.91852,37.63373],[140.91855,37.63292],[140.91711,37.63211],[140.91557,37.63217],[140.91474,37.63155],[140.91412,37.63142],[140.91349,37.63146],[140.91249,37.63207],[140.91192,37.63204],[140.91074,37.63165],[140.9102,37.63114],[140.90996,37.63062],[140.90979,37.63005],[140.90984,37.629],[140.90952,37.62814],[140.90896,37.62764],[140.90746,37.6274],[140.90631,37.62558],[140.90586,37.62549],[140.90522,37.62572],[140.90483,37.62562],[140.90332,37.62439],[140.90205,37.62379],[140.90125,37.62375],[140.89964,37.62336],[140.89913,37.62269],[140.8975,37.62207],[140.89714,37.62051],[140.89724,37.6201],[140.89698,37.61934],[140.89684,37.61811],[140.89647,37.61775],[140.89529,37.61745],[140.89483,37.61717],[140.89403,37.61617],[140.89234,37.61556],[140.89052,37.61449],[140.88882,37.61446],[140.88681,37.61374],[140.88584,37.61305],[140.88505,37.61276],[140.88263,37.61137],[140.88165,37.61157],[140.88109,37.61179],[140.88031,37.61237],[140.87992,37.61239],[140.87878,37.61071],[140.87816,37.61039],[140.87775,37.6105],[140.87673,37.61185],[140.87514,37.61224],[140.87473,37.61276],[140.87031,37.61568],[140.869,37.6168],[140.86826,37.61686],[140.8661,37.61621],[140.86504,37.61519],[140.8642,37.61464],[140.86338,37.61351],[140.86113,37.6125],[140.86074,37.61203],[140.86043,37.61113],[140.86012,37.61086],[140.85708,37.60893],[140.85497,37.60803],[140.85349,37.60786],[140.85295,37.608],[140.85214,37.6085],[140.84956,37.60843],[140.84908,37.60861],[140.84881,37.60897],[140.84759,37.60927],[140.84698,37.60981],[140.84627,37.60998],[140.84557,37.61065],[140.84486,37.6118],[140.8424,37.61368],[140.84173,37.61481],[140.84181,37.61602],[140.84152,37.61766],[140.84035,37.61827],[140.83878,37.61841],[140.83488,37.61717],[140.83423,37.61632],[140.83345,37.61614],[140.83255,37.61617],[140.83095,37.6167],[140.82847,37.61797],[140.82756,37.61781],[140.82672,37.61679],[140.82631,37.61678],[140.82631,37.61724],[140.82663,37.61758],[140.82645,37.61789],[140.82645,37.61843],[140.82675,37.61855],[140.82719,37.61841],[140.82742,37.61857],[140.82728,37.61898],[140.82758,37.6199],[140.8273,37.62006],[140.82743,37.62049],[140.82727,37.62082],[140.82773,37.62182],[140.82843,37.62241],[140.82826,37.62279],[140.82834,37.6233],[140.82888,37.62392],[140.82926,37.62468],[140.82931,37.62522],[140.82971,37.62557],[140.82991,37.62601],[140.82977,37.62623],[140.83035,37.62647],[140.83076,37.62686],[140.8314,37.62822],[140.83177,37.62848],[140.83165,37.62882],[140.83176,37.62899],[140.83272,37.62947],[140.83239,37.62991],[140.83271,37.63015],[140.83266,37.63026],[140.83182,37.63112],[140.83096,37.63169],[140.82969,37.63367],[140.82961,37.63413],[140.82995,37.63478],[140.82929,37.63498],[140.82898,37.63565],[140.82793,37.63615],[140.82788,37.63675],[140.82753,37.6374],[140.82792,37.6381],[140.82766,37.63914],[140.82731,37.63964],[140.82701,37.64099],[140.82734,37.64122],[140.82767,37.64208],[140.82884,37.64269],[140.8297,37.64272],[140.83003,37.64253],[140.83014,37.64185],[140.83098,37.64196],[140.83219,37.64186],[140.83261,37.64199],[140.83307,37.64245],[140.83406,37.64271],[140.83685,37.64194],[140.83801,37.64191],[140.84081,37.64239],[140.84423,37.64206],[140.845,37.64224],[140.84516,37.64255],[140.84502,37.64279],[140.84112,37.6458],[140.84099,37.64613],[140.84114,37.64657],[140.84212,37.64678],[140.84279,37.64727],[140.84273,37.64752],[140.84206,37.64809],[140.84234,37.64889],[140.84322,37.65011],[140.84495,37.65105],[140.84563,37.65208],[140.84681,37.65296],[140.84753,37.65328],[140.8483,37.6532],[140.84906,37.65276],[140.84927,37.65168],[140.84958,37.65113],[140.85076,37.65078],[140.8516,37.65097],[140.85264,37.65212],[140.85334,37.65356],[140.85328,37.65391],[140.85273,37.65456],[140.85149,37.6546],[140.84974,37.65512],[140.84939,37.65541],[140.84945,37.65591],[140.85076,37.65674],[140.85169,37.65695],[140.85223,37.65694],[140.85342,37.65647],[140.85429,37.65649],[140.85497,37.65726],[140.85413,37.65819],[140.85413,37.65869],[140.85396,37.65901],[140.85271,37.65942],[140.85237,37.6597],[140.85208,37.66032],[140.85213,37.6611],[140.8524,37.66125],[140.85396,37.66122],[140.85464,37.66152],[140.85689,37.66373],[140.85738,37.66362],[140.85804,37.66308],[140.85826,37.66234],[140.85804,37.66195]]]},"properties":{"key":"072120480","name":"原町区高倉","pref":"福島県","prefCode":"07","municipality":"南相馬市","areaM2":26492785.087,"population":246,"toponymIds":["07-75d6771d82"]}},{"type":"Feature","geometry":{"type":"Polygon","coordinates":[[[140.92898,37.68225],[140.92959,37.68203],[140.93013,37.68132],[140.931,37.68124],[140.93174,37.68082],[140.93237,37.68027],[140.93253,37.67981],[140.93382,37.67894],[140.93512,37.67863],[140.93535,37.67818],[140.93661,37.6768],[140.93934,37.67472],[140.94016,37.67381],[140.94083,37.67239],[140.94123,37.67201],[140.94113,37.67046],[140.94142,37.66982],[140.94216,37.66904],[140.94305,37.6671],[140.94309,37.66636],[140.94292,37.66578],[140.94374,37.66504],[140.94317,37.66498],[140.94303,37.66394],[140.94212,37.66307],[140.94184,37.66184],[140.94184,37.66107],[140.94056,37.66114],[140.93862,37.65935],[140.93788,37.65931],[140.93789,37.65894],[140.93722,37.65861],[140.93626,37.65906],[140.93485,37.6594],[140.93375,37.6596],[140.93345,37.65942],[140.93287,37.65965],[140.92949,37.66027],[140.92631,37.66065],[140.92518,37.66039],[140.92513,37.66059],[140.92456,37.66057],[140.92458,37.66082],[140.92412,37.66084],[140.92414,37.66067],[140.92247,37.66082],[140.92162,37.66106],[140.91948,37.6621],[140.91947,37.66181],[140.91871,37.66181],[140.9187,37.66169],[140.91834,37.66164],[140.91594,37.66183],[140.9121,37.66131],[140.91184,37.6617],[140.91215,37.66228],[140.91345,37.66364],[140.91395,37.66483],[140.91458,37.66567],[140.91364,37.66597],[140.91354,37.66632],[140.91405,37.6666],[140.91592,37.66655],[140.91616,37.66678],[140.91555,37.66743],[140.91414,37.66834],[140.91299,37.66989],[140.91188,37.67061],[140.90901,37.67099],[140.90833,37.67137],[140.90765,37.67224],[140.90431,37.67265],[140.90314,37.67293],[140.90204,37.67345],[140.90033,37.6748],[140.89971,37.67621],[140.89971,37.67701],[140.90002,37.67846],[140.90133,37.67856],[140.90186,37.67879],[140.90218,37.67911],[140.90225,37.67967],[140.90304,37.67964],[140.90492,37.68051],[140.90561,37.68047],[140.90584,37.68026],[140.90698,37.6799],[140.90746,37.6802],[140.90788,37.68071],[140.90782,37.68118],[140.90803,37.68139],[140.90902,37.68143],[140.90939,37.68168],[140.90983,37.68172],[140.91033,37.68241],[140.91194,37.6823],[140.91193,37.68255],[140.91293,37.68309],[140.91386,37.68301],[140.91561,37.6822],[140.91662,37.68247],[140.91729,37.68209],[140.91849,37.68191],[140.91878,37.68171],[140.91964,37.6819],[140.92007,37.68231],[140.92069,37.68241],[140.922,37.68235],[140.9224,37.68217],[140.9245,37.68216],[140.9258,37.68286],[140.92584,37.68305],[140.92792,37.68262],[140.92898,37.68225]]]},"properties":{"key":"072120520","name":"原町区深野","pref":"福島県","prefCode":"07","municipality":"南相馬市","areaM2":6636445.987,"population":419,"toponymIds":["07-5dcde8968e"]}},{"type":"Feature","geometry":{"type":"Polygon","coordinates":[[[140.96617,37.60342],[140.96769,37.60235],[140.968,37.60177],[140.96803,37.59763],[140.96841,37.59638],[140.96841,37.59584],[140.96379,37.5953],[140.96247,37.59495],[140.95923,37.59346],[140.9578,37.59315],[140.95522,37.59316],[140.95263,37.59281],[140.95206,37.59286],[140.95169,37.59294],[140.95107,37.59348],[140.9495,37.59426],[140.9476,37.59434],[140.94598,37.59483],[140.94316,37.59472],[140.94242,37.59493],[140.94051,37.59591],[140.93982,37.5965],[140.93936,37.59715],[140.93765,37.59731],[140.93705,37.59767],[140.93561,37.59799],[140.93465,37.59772],[140.93383,37.59711],[140.93337,37.59653],[140.93296,37.5964],[140.93262,37.59587],[140.93215,37.59566],[140.93189,37.59572],[140.93135,37.59614],[140.93113,37.59708],[140.93126,37.59861],[140.93054,37.59966],[140.93106,37.59993],[140.93141,37.60073],[140.93237,37.60049],[140.9347,37.60157],[140.93661,37.60204],[140.93777,37.60259],[140.93858,37.6018],[140.94007,37.60081],[140.9416,37.60203],[140.94304,37.6021],[140.94433,37.60201],[140.94583,37.60149],[140.94847,37.60099],[140.95001,37.60136],[140.95158,37.60306],[140.95285,37.60366],[140.95472,37.60364],[140.9563,37.60319],[140.95833,37.60326],[140.96148,37.60381],[140.96328,37.60431],[140.9642,37.60438],[140.96617,37.60342]]]},"properties":{"key":"072120410","name":"原町区矢川原","pref":"福島県","prefCode":"07","municipality":"南相馬市","areaM2":2704390.058,"population":171,"toponymIds":["07-cde6926b07","07-a478e45114"]}},{"type":"Feature","geometry":{"type":"Polygon","coordinates":[[[140.48841,37.81441],[140.49234,37.81278],[140.49251,37.81206],[140.49102,37.81256],[140.48876,37.81276],[140.48603,37.81247],[140.48594,37.81303],[140.48606,37.81363],[140.48624,37.81369],[140.48617,37.81385],[140.4869,37.81408],[140.48708,37.81436],[140.48706,37.81473],[140.48841,37.81441]]]},"properties":{"key":"07213001005","name":"上川原","pref":"福島県","prefCode":"07","municipality":"伊達市","areaM2":82509.035,"population":0,"toponymIds":["07-edf6074c84"]}},{"type":"Feature","geometry":{"type":"Polygon","coordinates":[[[140.50913,37.81682],[140.50847,37.81525],[140.5063,37.81554],[140.50567,37.81609],[140.5064,37.8165],[140.50675,37.81645],[140.50679,37.81678],[140.50913,37.81682]]]},"properties":{"key":"07213001066","name":"川原田","pref":"福島県","prefCode":"07","municipality":"伊達市","areaM2":34838.453,"population":43,"toponymIds":["07-07cb3e56a7"]}},{"type":"Feature","geometry":{"type":"Polygon","coordinates":[[[140.49623,37.81379],[140.49697,37.81369],[140.49688,37.81361],[140.49735,37.81341],[140.49831,37.8133],[140.49785,37.81218],[140.49794,37.81187],[140.49665,37.81173],[140.49547,37.81188],[140.49552,37.81226],[140.49505,37.81231],[140.49468,37.81271],[140.49495,37.81331],[140.4953,37.81359],[140.49577,37.81382],[140.49623,37.81379]]]},"properties":{"key":"07213001001","name":"川原町","pref":"福島県","prefCode":"07","municipality":"伊達市","areaM2":52380.219,"population":325,"toponymIds":["07-02bda789f5"]}},{"type":"Feature","geometry":{"type":"Polygon","coordinates":[[[140.51367,37.82903],[140.51554,37.8282],[140.51663,37.82746],[140.51444,37.82541],[140.51253,37.82589],[140.51367,37.82903]]]},"properties":{"key":"07213001055","name":"下川原","pref":"福島県","prefCode":"07","municipality":"伊達市","areaM2":82174.582,"population":0,"toponymIds":["07-1acff9e29d"]}},{"type":"Feature","geometry":{"type":"Polygon","coordinates":[[[140.49659,37.81419],[140.49663,37.81377],[140.49574,37.81389],[140.49574,37.81406],[140.49638,37.814],[140.49659,37.81419]]]},"properties":{"key":"07213001012","name":"菅田","pref":"福島県","prefCode":"07","municipality":"伊達市","areaM2":1908.989,"population":0,"toponymIds":["07-ce7852a511"]}},{"type":"Feature","geometry":{"type":"Polygon","coordinates":[[[140.49705,37.81132],[140.49669,37.81131],[140.4967,37.81105],[140.49616,37.81049],[140.49514,37.81093],[140.49547,37.81188],[140.49725,37.81173],[140.49705,37.81132]]]},"properties":{"key":"07213001076","name":"長川原","pref":"福島県","prefCode":"07","municipality":"伊達市","areaM2":16523.342,"population":39,"toponymIds":["07-608912f78e"]}},{"type":"Feature","geometry":{"type":"Polygon","coordinates":[[[140.49727,37.81919],[140.49698,37.81912],[140.4968,37.81932],[140.49395,37.81997],[140.49414,37.82098],[140.49586,37.82053],[140.49653,37.82023],[140.49647,37.82007],[140.49759,37.8198],[140.49727,37.81919]]]},"properties":{"key":"07213001026","name":"根岸","pref":"福島県","prefCode":"07","municipality":"伊達市","areaM2":30542.925,"population":155,"toponymIds":["07-ba489495cf"]}},{"type":"Feature","geometry":{"type":"Polygon","coordinates":[[[140.50299,37.82395],[140.50255,37.82244],[140.50104,37.82278],[140.50106,37.82261],[140.5004,37.82243],[140.49864,37.82272],[140.49867,37.82301],[140.49883,37.82299],[140.49882,37.82336],[140.4995,37.82356],[140.49973,37.82382],[140.50156,37.82418],[140.50259,37.82471],[140.50326,37.82484],[140.50299,37.82395]]]},"properties":{"key":"07213001034","name":"馬場口","pref":"福島県","prefCode":"07","municipality":"伊達市","areaM2":60035.188,"population":465,"toponymIds":["07-096ea31f40"]}},{"type":"Feature","geometry":{"type":"Polygon","coordinates":[[[140.56647,37.83528],[140.56831,37.8353],[140.56807,37.83305],[140.56754,37.83212],[140.56846,37.83263],[140.56903,37.83264],[140.56915,37.83056],[140.57166,37.83065],[140.57171,37.83015],[140.57558,37.83115],[140.57599,37.8248],[140.57664,37.82483],[140.57677,37.82283],[140.57711,37.82222],[140.57715,37.82159],[140.57672,37.82064],[140.57937,37.82039],[140.57815,37.81652],[140.57709,37.81621],[140.57581,37.81622],[140.57531,37.81595],[140.57526,37.81567],[140.57252,37.81569],[140.57252,37.8149],[140.56874,37.81486],[140.56866,37.81838],[140.56472,37.81833],[140.5647,37.8195],[140.56207,37.81947],[140.56206,37.82012],[140.56133,37.82011],[140.56242,37.82166],[140.5604,37.82182],[140.5606,37.82232],[140.5604,37.82245],[140.56073,37.8238],[140.56134,37.82372],[140.5622,37.82386],[140.56125,37.82747],[140.56431,37.82909],[140.56577,37.83022],[140.56666,37.83062],[140.56672,37.83113],[140.56733,37.83207],[140.56586,37.83169],[140.56575,37.832],[140.56606,37.83224],[140.56592,37.83229],[140.56611,37.83307],[140.56576,37.83312],[140.56588,37.83368],[140.56554,37.83377],[140.56563,37.83455],[140.5655,37.83529],[140.56647,37.83528]]]},"properties":{"key":"072130260","name":"保原町大泉","pref":"福島県","prefCode":"07","municipality":"伊達市","areaM2":2095326.349,"population":1581,"toponymIds":["07-415ed2c8b5"]}},{"type":"Feature","geometry":{"type":"Polygon","coordinates":[[[140.57294,37.84223],[140.5734,37.84174],[140.57236,37.84067],[140.57163,37.84019],[140.57303,37.8392],[140.5767,37.83924],[140.57468,37.83833],[140.57507,37.83766],[140.5735,37.83674],[140.5721,37.83502],[140.56754,37.83212],[140.56807,37.83305],[140.56833,37.83514],[140.56838,37.83623],[140.56795,37.83677],[140.56591,37.83768],[140.56544,37.83759],[140.5641,37.83788],[140.56199,37.83788],[140.56102,37.83772],[140.56046,37.83785],[140.56116,37.83881],[140.56159,37.83902],[140.56192,37.83972],[140.56377,37.84016],[140.56447,37.84055],[140.56717,37.83976],[140.56796,37.84073],[140.56964,37.84193],[140.5718,37.84184],[140.57294,37.84223]]]},"properties":{"key":"072130290","name":"保原町大立目","pref":"福島県","prefCode":"07","municipality":"伊達市","areaM2":571567.545,"population":275,"toponymIds":["07-bffe4cf072","07-d3719a5af7"]}},{"type":"Feature","geometry":{"type":"Polygon","coordinates":[[[140.59562,37.8179],[140.59683,37.81789],[140.59738,37.81723],[140.59801,37.81681],[140.59936,37.81681],[140.60198,37.81611],[140.60218,37.81552],[140.60277,37.81489],[140.60287,37.81439],[140.60327,37.81405],[140.60279,37.81404],[140.60246,37.81366],[140.60166,37.81343],[140.60091,37.81262],[140.60038,37.81244],[140.59972,37.81256],[140.59923,37.81287],[140.59924,37.81353],[140.59909,37.81392],[140.59814,37.81377],[140.59591,37.81382],[140.5952,37.81332],[140.59399,37.81203],[140.59358,37.81134],[140.59338,37.81023],[140.59358,37.80933],[140.59348,37.80872],[140.59415,37.80797],[140.59487,37.80766],[140.59548,37.80669],[140.59547,37.80637],[140.59513,37.80595],[140.59493,37.80528],[140.59312,37.80428],[140.59292,37.8036],[140.59293,37.80339],[140.59363,37.8027],[140.59454,37.80237],[140.59472,37.80146],[140.59506,37.80107],[140.59504,37.80085],[140.59453,37.80043],[140.59429,37.79973],[140.59378,37.79896],[140.59066,37.79899],[140.58976,37.79795],[140.58788,37.79738],[140.58736,37.79773],[140.58659,37.79769],[140.58634,37.79818],[140.5859,37.79842],[140.58543,37.79895],[140.58457,37.79904],[140.58481,37.80022],[140.58435,37.80078],[140.58448,37.80121],[140.58491,37.80168],[140.58623,37.80164],[140.58691,37.80252],[140.58723,37.80332],[140.58717,37.80393],[140.58745,37.80425],[140.58694,37.80492],[140.58691,37.80555],[140.58738,37.80601],[140.58735,37.80619],[140.58672,37.80633],[140.58594,37.80686],[140.58573,37.80772],[140.58556,37.80783],[140.58473,37.80776],[140.58349,37.80863],[140.58152,37.80934],[140.58139,37.80992],[140.58227,37.81134],[140.58102,37.81233],[140.57996,37.81294],[140.57731,37.81629],[140.57815,37.81652],[140.57937,37.82039],[140.57672,37.82064],[140.57715,37.82177],[140.57711,37.82222],[140.57677,37.82283],[140.57664,37.82483],[140.58549,37.8252],[140.58546,37.82737],[140.5865,37.82677],[140.5874,37.82602],[140.58889,37.82365],[140.58953,37.82291],[140.58913,37.82191],[140.58958,37.82189],[140.59102,37.82132],[140.59172,37.82061],[140.59229,37.81947],[140.59293,37.8188],[140.59562,37.8179]]]},"properties":{"key":"072130270","name":"保原町金原田","pref":"福島県","prefCode":"07","municipality":"伊達市","areaM2":3367809.781,"population":417,"toponymIds":["07-991b96a4b9"]}},{"type":"Feature","geometry":{"type":"Polygon","coordinates":[[[140.55896,37.80741],[140.55948,37.80624],[140.5618,37.80633],[140.56263,37.8062],[140.5628,37.80596],[140.56261,37.80491],[140.56293,37.80317],[140.56401,37.8023],[140.56441,37.80232],[140.5649,37.80181],[140.56572,37.80163],[140.56667,37.8011],[140.56756,37.79996],[140.56842,37.79967],[140.56903,37.79831],[140.56958,37.79786],[140.57015,37.79658],[140.56927,37.79627],[140.5688,37.79627],[140.56834,37.79506],[140.56857,37.79384],[140.56801,37.79251],[140.56804,37.7922],[140.5688,37.79123],[140.56934,37.79099],[140.56974,37.79053],[140.5698,37.79023],[140.56958,37.78973],[140.56769,37.7885],[140.56561,37.78744],[140.56491,37.78834],[140.56435,37.78949],[140.56327,37.79075],[140.56152,37.79094],[140.5611,37.79024],[140.56021,37.79013],[140.55907,37.78915],[140.55856,37.78962],[140.55814,37.78955],[140.55728,37.78982],[140.55632,37.78986],[140.5557,37.79015],[140.55518,37.79014],[140.55437,37.79041],[140.5531,37.79182],[140.55293,37.79249],[140.55228,37.79347],[140.55296,37.79458],[140.55251,37.79563],[140.55277,37.79707],[140.55272,37.79766],[140.55384,37.79859],[140.55389,37.79901],[140.55422,37.79935],[140.55503,37.7996],[140.55527,37.79938],[140.55556,37.7994],[140.55591,37.79968],[140.55589,37.79989],[140.55543,37.80032],[140.55532,37.80094],[140.55496,37.80159],[140.55547,37.80197],[140.55655,37.80214],[140.55516,37.80304],[140.55633,37.80312],[140.55614,37.80608],[140.55754,37.80615],[140.55767,37.80851],[140.5585,37.80847],[140.55896,37.80741]]]},"properties":{"key":"072130250","name":"保原町所沢","pref":"福島県","prefCode":"07","municipality":"伊達市","areaM2":2125496.475,"population":525,"toponymIds":["07-6beea63522","07-2c0ee28669","07-7b2eb6e235","07-9913b748ee","07-a5f26e6af8"]}},{"type":"Feature","geometry":{"type":"Polygon","coordinates":[[[140.56732,37.84934],[140.56839,37.84825],[140.56968,37.84757],[140.57035,37.84641],[140.57045,37.84553],[140.57016,37.84508],[140.57035,37.84467],[140.5702,37.84406],[140.57034,37.8438],[140.57025,37.84307],[140.5692,37.84211],[140.56964,37.84193],[140.56796,37.84073],[140.56717,37.83976],[140.56447,37.84055],[140.56377,37.84016],[140.56192,37.83972],[140.56159,37.83902],[140.56116,37.83881],[140.56082,37.83893],[140.56107,37.83956],[140.55844,37.83901],[140.55783,37.84087],[140.55869,37.84128],[140.55852,37.84154],[140.56351,37.84517],[140.56429,37.84776],[140.56425,37.84834],[140.56491,37.84855],[140.5647,37.85032],[140.56665,37.85014],[140.56712,37.84983],[140.56732,37.84934]]]},"properties":{"key":"072130310","name":"保原町中瀬","pref":"福島県","prefCode":"07","municipality":"伊達市","areaM2":724678.078,"population":72,"toponymIds":["07-dd379c63b4"]}},{"type":"Feature","geometry":{"type":"Polygon","coordinates":[[[140.57955,37.83983],[140.58009,37.83988],[140.5801,37.83975],[140.58108,37.83952],[140.58155,37.83985],[140.58174,37.83981],[140.58162,37.83887],[140.58191,37.83791],[140.58384,37.83779],[140.58361,37.83932],[140.5845,37.83921],[140.58456,37.83954],[140.58528,37.83943],[140.5854,37.83889],[140.58577,37.83894],[140.58555,37.83795],[140.5866,37.83814],[140.58646,37.83796],[140.58641,37.83711],[140.58659,37.8349],[140.58642,37.8332],[140.58707,37.83297],[140.5857,37.83002],[140.58695,37.82979],[140.58677,37.82924],[140.58696,37.8292],[140.58585,37.82746],[140.58562,37.82728],[140.58546,37.82737],[140.58549,37.8252],[140.57599,37.8248],[140.57558,37.83115],[140.57171,37.83015],[140.57166,37.83065],[140.56915,37.83056],[140.56903,37.83264],[140.56846,37.83263],[140.57184,37.83481],[140.57273,37.83567],[140.5735,37.83674],[140.57507,37.83766],[140.57468,37.83833],[140.5767,37.83925],[140.5774,37.83926],[140.57825,37.83965],[140.57908,37.84029],[140.57955,37.83983]]]},"properties":{"key":"072130280","name":"保原町二井田","pref":"福島県","prefCode":"07","municipality":"伊達市","areaM2":1775074.972,"population":763,"toponymIds":["07-e3baca59d1"]}},{"type":"Feature","geometry":{"type":"Polygon","coordinates":[[[140.57731,37.81629],[140.57996,37.81294],[140.58102,37.81233],[140.58227,37.81134],[140.58139,37.80992],[140.58152,37.80934],[140.58349,37.80863],[140.58473,37.80776],[140.58556,37.80783],[140.58573,37.80772],[140.58594,37.80686],[140.58672,37.80633],[140.58735,37.80619],[140.58738,37.80601],[140.58691,37.80555],[140.58694,37.80492],[140.58745,37.80425],[140.58717,37.80393],[140.58723,37.80332],[140.58691,37.80252],[140.58623,37.80164],[140.58491,37.80168],[140.58448,37.80121],[140.58435,37.80078],[140.58481,37.80022],[140.58457,37.79904],[140.58543,37.79895],[140.5859,37.79842],[140.58634,37.79818],[140.58659,37.79769],[140.58736,37.79773],[140.58788,37.79738],[140.58786,37.79657],[140.58836,37.79615],[140.5888,37.79508],[140.58687,37.79488],[140.58556,37.79417],[140.58474,37.79406],[140.58378,37.79313],[140.58405,37.79232],[140.5836,37.79173],[140.58332,37.7906],[140.58278,37.79007],[140.58203,37.79006],[140.58096,37.79079],[140.57981,37.78954],[140.57956,37.78895],[140.57881,37.78842],[140.57904,37.78783],[140.579,37.78685],[140.57837,37.78609],[140.57839,37.78525],[140.57806,37.78423],[140.57859,37.78378],[140.57989,37.78349],[140.57924,37.78282],[140.5789,37.78181],[140.57974,37.78094],[140.57928,37.77959],[140.57883,37.77936],[140.57715,37.77979],[140.57686,37.77939],[140.57535,37.77866],[140.57457,37.77877],[140.5732,37.7775],[140.57295,37.77707],[140.57314,37.77614],[140.57291,37.77536],[140.5724,37.77463],[140.57145,37.77393],[140.57028,37.77365],[140.57,37.7738],[140.56978,37.77488],[140.56894,37.77531],[140.56724,37.77567],[140.56737,37.77653],[140.56669,37.77746],[140.56727,37.77842],[140.56722,37.77891],[140.5659,37.77998],[140.56605,37.78069],[140.56458,37.7826],[140.56553,37.78317],[140.5661,37.78374],[140.56576,37.78489],[140.5661,37.78582],[140.56577,37.78633],[140.56561,37.78744],[140.56769,37.7885],[140.56869,37.78924],[140.56948,37.78955],[140.5698,37.79023],[140.56947,37.79088],[140.5688,37.79123],[140.568,37.79234],[140.56806,37.79281],[140.56857,37.79384],[140.56834,37.79506],[140.5688,37.79627],[140.56927,37.79627],[140.57015,37.79658],[140.56958,37.79786],[140.56978,37.79828],[140.56999,37.79963],[140.57093,37.80035],[140.57098,37.8007],[140.57065,37.80193],[140.5702,37.80219],[140.56979,37.80284],[140.56885,37.80343],[140.5682,37.8043],[140.56821,37.80914],[140.56885,37.80873],[140.56874,37.81486],[140.57252,37.8149],[140.57252,37.81569],[140.57526,37.81567],[140.57531,37.81595],[140.57581,37.81622],[140.57731,37.81629]]]},"properties":{"key":"072130240","name":"保原町柱田","pref":"福島県","prefCode":"07","municipality":"伊達市","areaM2":5458378.043,"population":893,"toponymIds":["07-2eded05bbe"]}},{"type":"Feature","geometry":{"type":"Polygon","coordinates":[[[140.51103,37.82069],[140.5103,37.81929],[140.50774,37.8194],[140.50773,37.81967],[140.50709,37.81978],[140.50639,37.81948],[140.50639,37.81935],[140.5056,37.81931],[140.50579,37.82172],[140.51145,37.82149],[140.51103,37.82069]]]},"properties":{"key":"07213001057","name":"前川原","pref":"福島県","prefCode":"07","municipality":"伊達市","areaM2":111507.686,"population":48,"toponymIds":["07-e7a6d3e8db"]}},{"type":"Feature","geometry":{"type":"Polygon","coordinates":[[[140.50851,37.81943],[140.5103,37.81929],[140.50913,37.81682],[140.50679,37.81678],[140.50675,37.81645],[140.5064,37.8165],[140.50708,37.81735],[140.50778,37.81877],[140.50779,37.8194],[140.50851,37.81943]]]},"properties":{"key":"07213001065","name":"水抜","pref":"福島県","prefCode":"07","municipality":"伊達市","areaM2":59778.674,"population":58,"toponymIds":["07-771e3512f8"]}},{"type":"Feature","geometry":{"type":"Polygon","coordinates":[[[140.61391,37.82725],[140.61523,37.8262],[140.61929,37.82139],[140.6201,37.81964],[140.61893,37.81746],[140.6181,37.81655],[140.61585,37.81507],[140.61458,37.81514],[140.61369,37.81392],[140.61322,37.81394],[140.61165,37.81474],[140.61052,37.81496],[140.60966,37.81473],[140.60814,37.81492],[140.60634,37.81449],[140.60709,37.81719],[140.60541,37.81883],[140.60431,37.82061],[140.60515,37.82277],[140.60504,37.82289],[140.60716,37.82304],[140.60832,37.82384],[140.61135,37.82447],[140.61138,37.82487],[140.61104,37.82572],[140.61281,37.82636],[140.61342,37.82672],[140.61391,37.82725]]]},"properties":{"key":"072130100","name":"梁川町大関","pref":"福島県","prefCode":"07","municipality":"伊達市","areaM2":1266293.658,"population":108,"toponymIds":["07-619898d923","07-423ab8ae48","07-2146863270"]}},{"type":"Feature","geometry":{"type":"Polygon","coordinates":[[[140.59378,37.79896],[140.59461,37.79879],[140.59539,37.79801],[140.59647,37.79826],[140.5984,37.79791],[140.59993,37.79819],[140.60208,37.79803],[140.60134,37.79665],[140.6016,37.79651],[140.60234,37.7966],[140.60233,37.79548],[140.6018,37.7942],[140.60168,37.79327],[140.60229,37.79291],[140.60379,37.79302],[140.60411,37.79206],[140.60476,37.79142],[140.60624,37.79143],[140.6069,37.78992],[140.60768,37.7896],[140.60774,37.78931],[140.60815,37.78902],[140.60879,37.78804],[140.60892,37.78714],[140.60914,37.78721],[140.60928,37.78705],[140.60931,37.7865],[140.61094,37.78595],[140.61071,37.78577],[140.61063,37.78541],[140.61088,37.784],[140.61078,37.78366],[140.61046,37.78349],[140.60935,37.7834],[140.60897,37.78292],[140.60796,37.78254],[140.60774,37.78197],[140.60735,37.7817],[140.60735,37.78136],[140.607,37.78075],[140.6073,37.77965],[140.60759,37.77931],[140.60748,37.77901],[140.60621,37.7781],[140.60591,37.77756],[140.60407,37.77711],[140.60334,37.7761],[140.60322,37.77571],[140.60352,37.77534],[140.60305,37.77501],[140.60301,37.77467],[140.60317,37.77446],[140.60276,37.77417],[140.60312,37.77345],[140.60274,37.77274],[140.60275,37.77241],[140.6034,37.77183],[140.60332,37.77145],[140.60345,37.7711],[140.60223,37.77027],[140.60125,37.77112],[140.60003,37.7711],[140.5996,37.77138],[140.59903,37.77142],[140.59868,37.77175],[140.59642,37.77188],[140.595,37.77228],[140.59447,37.77289],[140.59381,37.77269],[140.59316,37.77277],[140.59167,37.77189],[140.5904,37.77222],[140.58927,37.77212],[140.58764,37.77133],[140.587,37.77046],[140.5859,37.77029],[140.58554,37.77046],[140.58503,37.7711],[140.58295,37.7715],[140.58164,37.77208],[140.58177,37.77275],[140.58167,37.77304],[140.58063,37.77328],[140.57873,37.77472],[140.5785,37.77478],[140.57777,37.77417],[140.57686,37.77395],[140.57511,37.77457],[140.57412,37.77465],[140.57333,37.77491],[140.57292,37.77539],[140.57314,37.77614],[140.57295,37.77707],[140.5732,37.7775],[140.57441,37.77865],[140.57471,37.77879],[140.57553,37.77874],[140.57686,37.77939],[140.57715,37.77979],[140.57896,37.77939],[140.57928,37.77959],[140.57959,37.78022],[140.57974,37.78094],[140.5789,37.78181],[140.57924,37.78282],[140.57989,37.78349],[140.57859,37.78378],[140.57806,37.78423],[140.57839,37.78525],[140.57837,37.78609],[140.579,37.78685],[140.57904,37.78783],[140.57881,37.78842],[140.57956,37.78895],[140.57981,37.78954],[140.58096,37.79079],[140.58203,37.79006],[140.58278,37.79007],[140.58332,37.7906],[140.5836,37.79173],[140.58405,37.79232],[140.58378,37.79313],[140.58474,37.79406],[140.58556,37.79417],[140.58687,37.79488],[140.58878,37.79505],[140.58836,37.79615],[140.58786,37.79657],[140.58793,37.79743],[140.58976,37.79795],[140.59066,37.79899],[140.59378,37.79896]]]},"properties":{"key":"072130320","name":"霊山町掛田","pref":"福島県","prefCode":"07","municipality":"伊達市","areaM2":6631338.941,"population":2545,"toponymIds":["07-368e13bc63"]}},{"type":"Feature","geometry":{"type":"Polygon","coordinates":[[[140.57412,37.77465],[140.57511,37.77457],[140.57686,37.77395],[140.57777,37.77417],[140.5785,37.77478],[140.57873,37.77472],[140.58063,37.77328],[140.58167,37.77304],[140.58177,37.77275],[140.58164,37.77208],[140.58295,37.7715],[140.58503,37.7711],[140.58554,37.77046],[140.5859,37.77029],[140.587,37.77046],[140.58764,37.77133],[140.58927,37.77212],[140.5904,37.77222],[140.59167,37.77189],[140.59316,37.77277],[140.59381,37.77269],[140.59447,37.77289],[140.595,37.77228],[140.59642,37.77188],[140.59868,37.77175],[140.59903,37.77142],[140.5996,37.77138],[140.60003,37.7711],[140.60125,37.77112],[140.60223,37.77027],[140.6023,37.76921],[140.6017,37.76471],[140.6016,37.76261],[140.60056,37.75919],[140.59677,37.75949],[140.5964,37.75977],[140.59574,37.75968],[140.59472,37.75984],[140.59451,37.75944],[140.59356,37.75927],[140.5923,37.75867],[140.59096,37.75732],[140.59012,37.75695],[140.5898,37.75668],[140.58888,37.75477],[140.58756,37.7543],[140.58729,37.75392],[140.58685,37.75369],[140.58668,37.75322],[140.5861,37.75269],[140.58616,37.75225],[140.58587,37.75022],[140.58607,37.74927],[140.58539,37.74792],[140.5853,37.74721],[140.58472,37.74552],[140.58435,37.74504],[140.58438,37.74441],[140.5839,37.74373],[140.58354,37.74158],[140.58318,37.74093],[140.58401,37.74002],[140.58396,37.73931],[140.58444,37.73777],[140.58346,37.73683],[140.58187,37.73619],[140.58205,37.73734],[140.58198,37.73858],[140.58162,37.73925],[140.5799,37.74021],[140.57891,37.74139],[140.5771,37.74568],[140.57702,37.74811],[140.57675,37.74846],[140.57608,37.75022],[140.5746,37.75231],[140.57332,37.75592],[140.57305,37.7562],[140.57237,37.7564],[140.57242,37.75727],[140.5723,37.75735],[140.57023,37.75765],[140.57079,37.75858],[140.56816,37.75852],[140.5693,37.75984],[140.56933,37.76137],[140.56899,37.76218],[140.56824,37.76274],[140.56805,37.76307],[140.56753,37.76441],[140.56748,37.76526],[140.56666,37.76554],[140.56488,37.7637],[140.56373,37.76437],[140.56324,37.76448],[140.56196,37.76461],[140.56086,37.76437],[140.56096,37.76497],[140.56075,37.76574],[140.56107,37.76647],[140.56138,37.76678],[140.56203,37.76698],[140.56261,37.76738],[140.56285,37.76779],[140.56349,37.76804],[140.56389,37.76838],[140.56405,37.76913],[140.56474,37.76923],[140.56493,37.76952],[140.56521,37.76963],[140.56674,37.76976],[140.5682,37.77066],[140.56896,37.77082],[140.56941,37.77111],[140.56965,37.77173],[140.57011,37.77224],[140.57025,37.77308],[140.57051,37.77347],[140.57168,37.77404],[140.5724,37.77463],[140.57292,37.77539],[140.57347,37.77481],[140.57412,37.77465]]]},"properties":{"key":"072130390","name":"霊山町下小国","pref":"福島県","prefCode":"07","municipality":"伊達市","areaM2":6721013.684,"population":607,"toponymIds":["07-7fcd44120d","07-8b91ed3770"]}},{"type":"Feature","geometry":{"type":"Polygon","coordinates":[[[140.61485,37.81399],[140.61433,37.81274],[140.61488,37.81043],[140.61461,37.80964],[140.61427,37.80932],[140.61435,37.80898],[140.6137,37.80847],[140.6134,37.80768],[140.61233,37.80716],[140.612,37.8068],[140.61152,37.80554],[140.61162,37.80468],[140.60946,37.80267],[140.60961,37.80156],[140.60909,37.801],[140.60937,37.8005],[140.61101,37.79975],[140.61264,37.79972],[140.61327,37.79998],[140.61347,37.79917],[140.61259,37.79789],[140.61311,37.79685],[140.61205,37.79619],[140.61035,37.79597],[140.60905,37.7949],[140.60836,37.79464],[140.60793,37.79407],[140.60732,37.79392],[140.60737,37.7926],[140.60655,37.79162],[140.60624,37.79143],[140.60476,37.79142],[140.60411,37.79206],[140.60379,37.79302],[140.60229,37.79291],[140.60168,37.79327],[140.6018,37.7942],[140.60233,37.79548],[140.60234,37.7966],[140.6016,37.79651],[140.60134,37.79665],[140.60208,37.79803],[140.59993,37.79819],[140.5984,37.79791],[140.59647,37.79826],[140.59539,37.79801],[140.59461,37.79879],[140.59378,37.79896],[140.59429,37.79973],[140.59453,37.80043],[140.59504,37.80085],[140.59506,37.80107],[140.59472,37.80146],[140.59454,37.80237],[140.59363,37.8027],[140.59293,37.80339],[140.59297,37.80404],[140.59312,37.80428],[140.59493,37.80528],[140.59513,37.80595],[140.59547,37.80637],[140.59548,37.80669],[140.59487,37.80766],[140.59415,37.80797],[140.59348,37.80872],[140.59358,37.80933],[140.59339,37.81065],[140.59358,37.81134],[140.59399,37.81203],[140.5952,37.81332],[140.59591,37.81382],[140.59814,37.81377],[140.59909,37.81392],[140.59924,37.81353],[140.59923,37.81287],[140.59972,37.81256],[140.60038,37.81244],[140.60091,37.81262],[140.60151,37.81334],[140.60246,37.81366],[140.60279,37.81404],[140.605,37.81416],[140.60814,37.81492],[140.60966,37.81473],[140.61052,37.81496],[140.61165,37.81474],[140.61354,37.81389],[140.61415,37.81448],[140.61444,37.815],[140.61484,37.81517],[140.61565,37.8151],[140.61485,37.81399]]]},"properties":{"key":"072130330","name":"霊山町山野川","pref":"福島県","prefCode":"07","municipality":"伊達市","areaM2":3303076.663,"population":307,"toponymIds":["07-60e7dee043"]}},{"type":"Feature","geometry":{"type":"Polygon","coordinates":[[[140.35837,37.51293],[140.35879,37.51299],[140.35946,37.51272],[140.35994,37.51275],[140.36178,37.51366],[140.36291,37.51457],[140.36416,37.5146],[140.36545,37.51532],[140.3666,37.51514],[140.36782,37.51457],[140.36866,37.51447],[140.36956,37.51366],[140.37013,37.51343],[140.37052,37.51263],[140.37112,37.51224],[140.37243,37.51097],[140.37318,37.51063],[140.37416,37.51067],[140.37486,37.50986],[140.37492,37.50958],[140.37518,37.50949],[140.37668,37.50962],[140.3781,37.50941],[140.3793,37.5095],[140.38101,37.50936],[140.3829,37.50888],[140.384,37.50887],[140.38546,37.50901],[140.38596,37.50977],[140.38615,37.50979],[140.38694,37.50962],[140.38767,37.50901],[140.3879,37.50978],[140.38868,37.50891],[140.38895,37.50841],[140.38904,37.50778],[140.3906,37.50575],[140.39134,37.5053],[140.39188,37.50519],[140.39367,37.50512],[140.39316,37.50386],[140.39374,37.5025],[140.39399,37.50146],[140.39468,37.50078],[140.39508,37.49978],[140.39469,37.49962],[140.39459,37.49937],[140.39419,37.49595],[140.39379,37.49594],[140.39377,37.49577],[140.3923,37.49591],[140.39232,37.49629],[140.39159,37.49633],[140.39164,37.49655],[140.3898,37.4967],[140.3898,37.49686],[140.38869,37.49675],[140.38608,37.49744],[140.38602,37.49689],[140.38458,37.4961],[140.38441,37.49572],[140.38339,37.4963],[140.38265,37.49606],[140.38237,37.49571],[140.38172,37.49606],[140.38098,37.49587],[140.38089,37.49613],[140.38067,37.49611],[140.38062,37.49592],[140.38024,37.49596],[140.37965,37.49365],[140.37914,37.49381],[140.37842,37.49475],[140.3764,37.49377],[140.37575,37.49463],[140.37479,37.49309],[140.37349,37.4924],[140.37327,37.49269],[140.37234,37.49254],[140.37194,37.49282],[140.36873,37.49147],[140.36676,37.49164],[140.3664,37.49218],[140.36531,37.49295],[140.36512,37.4925],[140.36558,37.4923],[140.36655,37.49143],[140.36576,37.49077],[140.36558,37.49088],[140.36475,37.49004],[140.36394,37.49021],[140.36472,37.48988],[140.3635,37.48983],[140.36313,37.49055],[140.36246,37.49037],[140.36237,37.48992],[140.36113,37.49],[140.36131,37.49051],[140.36111,37.49112],[140.36062,37.4912],[140.36043,37.49119],[140.36036,37.4909],[140.36068,37.49083],[140.36024,37.49012],[140.35994,37.49052],[140.35793,37.49148],[140.35943,37.49186],[140.35943,37.4922],[140.35915,37.49262],[140.35858,37.49278],[140.35781,37.49258],[140.35673,37.49368],[140.35688,37.49401],[140.35819,37.49454],[140.3578,37.4956],[140.35738,37.49613],[140.35647,37.49613],[140.35572,37.49675],[140.35435,37.49722],[140.35374,37.49808],[140.3539,37.49886],[140.35364,37.49938],[140.35393,37.50032],[140.35522,37.50162],[140.35639,37.50336],[140.35665,37.50344],[140.35591,37.50411],[140.35464,37.50386],[140.35459,37.50489],[140.35483,37.50508],[140.35377,37.50608],[140.35403,37.50658],[140.35381,37.50718],[140.35386,37.5076],[140.35473,37.50856],[140.35342,37.50957],[140.35302,37.5102],[140.35292,37.51111],[140.3532,37.51295],[140.35373,37.51349],[140.35404,37.51414],[140.35428,37.51537],[140.35512,37.51578],[140.35545,37.51524],[140.35663,37.51422],[140.35705,37.51347],[140.35837,37.51293]]]},"properties":{"key":"072140150","name":"青田","pref":"福島県","prefCode":"07","municipality":"本宮市","areaM2":6684995.91,"population":1686,"toponymIds":["07-90497aa657","07-6717b6f44f"]}},{"type":"Feature","geometry":{"type":"Polygon","coordinates":[[[140.38853,37.4968],[140.3898,37.49686],[140.3898,37.4967],[140.39164,37.49655],[140.39159,37.49633],[140.39232,37.49629],[140.3923,37.49591],[140.39365,37.49584],[140.39469,37.49527],[140.39497,37.49542],[140.39566,37.49485],[140.39597,37.4948],[140.39074,37.48724],[140.39104,37.4871],[140.38837,37.48313],[140.38914,37.48328],[140.38948,37.48362],[140.38979,37.48355],[140.38988,37.48329],[140.38962,37.48226],[140.38935,37.48199],[140.38866,37.48049],[140.38887,37.48047],[140.38856,37.47927],[140.38731,37.47894],[140.38588,37.47944],[140.38562,37.4794],[140.38542,37.47911],[140.3849,37.47916],[140.38393,37.47896],[140.38096,37.47748],[140.37997,37.47719],[140.37858,37.47642],[140.3772,37.47592],[140.37644,37.47537],[140.37569,37.47517],[140.37432,37.47524],[140.37408,37.47695],[140.37207,37.47678],[140.37195,37.47776],[140.36986,37.47758],[140.36956,37.47959],[140.37013,37.48014],[140.36968,37.48047],[140.36542,37.48009],[140.36531,37.48073],[140.36661,37.4815],[140.36563,37.48271],[140.36458,37.48369],[140.3644,37.48364],[140.36434,37.48379],[140.36451,37.48384],[140.36406,37.48488],[140.36417,37.48504],[140.36373,37.48503],[140.36296,37.48598],[140.36288,37.48862],[140.36236,37.49012],[140.36246,37.49037],[140.36313,37.49055],[140.3635,37.48983],[140.36472,37.48988],[140.36394,37.49021],[140.36475,37.49004],[140.36558,37.49088],[140.36576,37.49077],[140.36655,37.49143],[140.36558,37.4923],[140.36512,37.4925],[140.36524,37.49293],[140.36553,37.49289],[140.3664,37.49218],[140.36676,37.49164],[140.36873,37.49147],[140.37194,37.49282],[140.37234,37.49254],[140.37327,37.49269],[140.37349,37.4924],[140.37479,37.49309],[140.37575,37.49463],[140.3764,37.49377],[140.37842,37.49475],[140.37914,37.49381],[140.37965,37.49365],[140.38024,37.49596],[140.38062,37.49592],[140.38067,37.49611],[140.38089,37.49613],[140.38098,37.49587],[140.38172,37.49606],[140.38237,37.49571],[140.38265,37.49606],[140.38339,37.4963],[140.38441,37.49572],[140.38458,37.4961],[140.38602,37.49689],[140.38608,37.49744],[140.38853,37.4968]]]},"properties":{"key":"072140160","name":"荒井","pref":"福島県","prefCode":"07","municipality":"本宮市","areaM2":4321855.473,"population":1894,"toponymIds":["07-4b0bc3e6a0","07-912a5e4645","07-17abcf1c44"]}},{"type":"Feature","geometry":{"type":"Polygon","coordinates":[[[140.34864,37.51571],[140.3507,37.51564],[140.35116,37.51528],[140.35216,37.51512],[140.35428,37.51537],[140.35404,37.51414],[140.35373,37.51349],[140.3532,37.51295],[140.35292,37.51111],[140.35296,37.51044],[140.35325,37.50974],[140.35473,37.50856],[140.35386,37.5076],[140.35381,37.50718],[140.35403,37.50658],[140.35377,37.50608],[140.35483,37.50508],[140.35459,37.50489],[140.35464,37.50386],[140.35591,37.50411],[140.35665,37.50344],[140.35639,37.50336],[140.35522,37.50162],[140.35393,37.50032],[140.35364,37.49938],[140.3539,37.49886],[140.35374,37.49808],[140.35435,37.49722],[140.35572,37.49675],[140.35647,37.49613],[140.35738,37.49613],[140.3578,37.4956],[140.35819,37.49454],[140.35688,37.49401],[140.35673,37.49368],[140.35781,37.49258],[140.35889,37.49275],[140.35915,37.49262],[140.35947,37.49205],[140.35943,37.49186],[140.35793,37.49148],[140.35994,37.49052],[140.36024,37.49012],[140.36068,37.49083],[140.36036,37.4909],[140.36043,37.49119],[140.36111,37.49112],[140.36131,37.49051],[140.36113,37.49],[140.36237,37.48992],[140.36288,37.48862],[140.36296,37.48598],[140.36373,37.48503],[140.36417,37.48504],[140.36406,37.48488],[140.36451,37.48384],[140.36434,37.48379],[140.3644,37.48364],[140.36458,37.48369],[140.36537,37.48295],[140.36315,37.48327],[140.36187,37.48366],[140.36101,37.48425],[140.36046,37.48405],[140.36127,37.48378],[140.36196,37.48318],[140.36234,37.48312],[140.36294,37.48253],[140.3623,37.48301],[140.36171,37.48304],[140.36148,37.48283],[140.36057,37.48352],[140.36005,37.48327],[140.36024,37.48276],[140.36066,37.4824],[140.36152,37.48226],[140.36087,37.48147],[140.35954,37.48197],[140.35737,37.48201],[140.35676,37.48215],[140.35689,37.48176],[140.3573,37.48155],[140.35803,37.48133],[140.35947,37.48127],[140.36053,37.48053],[140.36033,37.47998],[140.35963,37.48007],[140.36196,37.47945],[140.36203,37.479],[140.36097,37.47929],[140.36032,37.47968],[140.36029,37.47946],[140.36062,37.47892],[140.36207,37.47855],[140.36218,37.47785],[140.35486,37.47718],[140.35561,37.4722],[140.35583,37.47187],[140.35386,37.47179],[140.35146,37.47068],[140.35027,37.47083],[140.34927,37.47146],[140.3482,37.47249],[140.34718,37.47444],[140.34762,37.47544],[140.34738,37.47649],[140.34639,37.47782],[140.34514,37.47895],[140.34371,37.47958],[140.34249,37.47987],[140.3409,37.47964],[140.33783,37.47867],[140.33744,37.47878],[140.33752,37.47909],[140.33698,37.47907],[140.33646,37.47867],[140.33639,37.47764],[140.33409,37.47663],[140.33301,37.47553],[140.33335,37.47512],[140.33435,37.47449],[140.33591,37.47403],[140.33626,37.47323],[140.33636,37.4723],[140.33668,37.47169],[140.33576,37.47105],[140.33529,37.47024],[140.33596,37.46959],[140.33596,37.46912],[140.33581,37.46896],[140.33454,37.46812],[140.33402,37.46795],[140.33294,37.46799],[140.33245,37.46823],[140.33196,37.46901],[140.33196,37.47041],[140.33256,37.47051],[140.33145,37.47169],[140.33122,37.47156],[140.33099,37.4718],[140.3315,37.47208],[140.33022,37.47326],[140.32867,37.47398],[140.32756,37.47394],[140.3266,37.47372],[140.32645,37.47294],[140.32647,37.47113],[140.32442,37.47239],[140.32283,37.47541],[140.32205,37.47625],[140.32106,37.47693],[140.31976,37.47735],[140.31825,37.47751],[140.31849,37.47801],[140.31842,37.4798],[140.32061,37.48054],[140.32108,37.48119],[140.32143,37.48224],[140.32192,37.48259],[140.32199,37.48316],[140.32222,37.48346],[140.32276,37.48373],[140.3223,37.48456],[140.32264,37.48501],[140.32161,37.48689],[140.32182,37.48802],[140.32134,37.48877],[140.32006,37.48999],[140.31971,37.49053],[140.31987,37.49167],[140.31974,37.49394],[140.32069,37.49486],[140.32087,37.49593],[140.32058,37.49872],[140.32014,37.49977],[140.32058,37.50022],[140.32084,37.50108],[140.32063,37.50171],[140.31977,37.50215],[140.31862,37.50206],[140.31793,37.5016],[140.31729,37.50174],[140.31634,37.50239],[140.31637,37.50321],[140.31564,37.50376],[140.31512,37.50486],[140.31564,37.50554],[140.31654,37.50559],[140.31727,37.50634],[140.31917,37.50717],[140.32118,37.5072],[140.32527,37.50818],[140.3262,37.50806],[140.32782,37.50815],[140.32859,37.50837],[140.32865,37.50822],[140.32843,37.50795],[140.32873,37.50779],[140.32899,37.50788],[140.32927,37.50826],[140.33029,37.50833],[140.33057,37.50849],[140.33282,37.50837],[140.33432,37.50802],[140.33636,37.50868],[140.33774,37.5088],[140.33786,37.50989],[140.34043,37.51033],[140.34058,37.51093],[140.34038,37.51204],[140.34046,37.51229],[140.34081,37.51253],[140.341,37.51343],[140.34242,37.51394],[140.34423,37.51262],[140.34432,37.51332],[140.34475,37.51374],[140.34736,37.5147],[140.34803,37.51592],[140.34864,37.51571]]]},"properties":{"key":"072140190","name":"岩根","pref":"福島県","prefCode":"07","municipality":"本宮市","areaM2":13460581.838,"population":3236,"toponymIds":["07-2a8c0e3608"]}},{"type":"Feature","geometry":{"type":"Polygon","coordinates":[[[140.39638,37.50506],[140.39616,37.50493],[140.39621,37.50468],[140.39711,37.5039],[140.39775,37.50418],[140.39904,37.50295],[140.39965,37.50263],[140.39971,37.50304],[140.40041,37.50286],[140.40186,37.50329],[140.40213,37.50329],[140.40251,37.5029],[140.40308,37.50289],[140.40431,37.50362],[140.4047,37.50254],[140.40632,37.50086],[140.40715,37.49884],[140.4074,37.49756],[140.40772,37.49294],[140.4075,37.49205],[140.40718,37.49137],[140.40694,37.49127],[140.40393,37.48745],[140.40126,37.4854],[140.40034,37.48366],[140.39996,37.4833],[140.39672,37.48268],[140.3959,37.48231],[140.39534,37.48173],[140.39485,37.48048],[140.39414,37.47961],[140.3934,37.47944],[140.39235,37.47819],[140.39184,37.47783],[140.39169,37.47789],[140.39147,37.47769],[140.39003,37.478],[140.38971,37.47824],[140.38702,37.47889],[140.38676,37.4786],[140.38542,37.47911],[140.38562,37.4794],[140.38588,37.47944],[140.38731,37.47894],[140.38856,37.47927],[140.38887,37.48047],[140.38866,37.48049],[140.38935,37.48199],[140.38962,37.48226],[140.38988,37.48329],[140.38979,37.48355],[140.38948,37.48362],[140.38914,37.48328],[140.38837,37.48313],[140.39104,37.4871],[140.39074,37.48724],[140.39597,37.4948],[140.39566,37.49485],[140.39497,37.49542],[140.39469,37.49527],[140.39377,37.49577],[140.39379,37.49594],[140.39419,37.49595],[140.39459,37.49937],[140.39469,37.49962],[140.39508,37.49978],[140.39468,37.50078],[140.39399,37.50146],[140.39374,37.5025],[140.39316,37.50386],[140.39367,37.50512],[140.39408,37.50507],[140.39401,37.50539],[140.39514,37.50599],[140.39638,37.50506]]]},"properties":{"key":"072140170","name":"仁井田","pref":"福島県","prefCode":"07","municipality":"本宮市","areaM2":2821759.24,"population":2362,"toponymIds":["07-8b57644499"]}},{"type":"Feature","geometry":{"type":"Polygon","coordinates":[[[140.40989,37.50458],[140.40969,37.50439],[140.41023,37.50405],[140.4105,37.50375],[140.41042,37.50359],[140.40949,37.5037],[140.40947,37.50348],[140.40915,37.50346],[140.40913,37.50321],[140.40815,37.50365],[140.40591,37.50426],[140.40582,37.50406],[140.40738,37.50377],[140.40792,37.50343],[140.40762,37.50259],[140.40695,37.50255],[140.40622,37.50311],[140.40619,37.50341],[140.40635,37.50357],[140.40614,37.50379],[140.40552,37.50392],[140.40556,37.50342],[140.4059,37.50334],[140.4059,37.50304],[140.40642,37.50268],[140.40584,37.50243],[140.40547,37.50317],[140.40537,37.50393],[140.40431,37.50362],[140.40402,37.50417],[140.40598,37.50438],[140.40628,37.5048],[140.40633,37.50554],[140.40698,37.50594],[140.40718,37.50572],[140.4081,37.50557],[140.40989,37.50458]]]},"properties":{"key":"072140181","name":"糠沢","pref":"福島県","prefCode":"07","municipality":"本宮市","areaM2":93914.765,"population":59,"toponymIds":["07-ed3299d1a5"]}}]}
