{"type":"FeatureCollection","features":[{"type":"Feature","geometry":{"type":"Polygon","coordinates":[[[139.99721,36.02419],[139.99728,36.02325],[139.99548,36.02278],[139.99552,36.02189],[139.99515,36.02189],[139.99347,36.02067],[139.99413,36.0202],[139.99326,36.01972],[139.99291,36.02013],[139.99143,36.02095],[139.99199,36.02132],[139.99166,36.02181],[139.99192,36.02198],[139.99156,36.02207],[139.99094,36.0229],[139.99035,36.02273],[139.99012,36.02336],[139.99221,36.0239],[139.99212,36.02422],[139.9924,36.02425],[139.99234,36.02466],[139.9937,36.02462],[139.99369,36.02477],[139.99382,36.02479],[139.99424,36.02413],[139.99521,36.02424],[139.99486,36.0253],[139.99795,36.02561],[139.99721,36.02419]]]},"properties":{"key":"082110080","name":"水海道諏訪町","pref":"茨城県","prefCode":"08","municipality":"常総市","areaM2":200398.449,"population":740,"toponymIds":["08-92e0c540a2"]}},{"type":"Feature","geometry":{"type":"Polygon","coordinates":[[[140.4098,35.91503],[140.40902,35.91266],[140.41077,35.91202],[140.41072,35.9111],[140.40785,35.91185],[140.40442,35.9125],[140.40178,35.91258],[140.39911,35.91236],[140.39925,35.91309],[140.39948,35.91319],[140.39943,35.91356],[140.39893,35.91355],[140.39893,35.9141],[140.39939,35.91413],[140.39931,35.91587],[140.40513,35.91608],[140.4098,35.91503]]]},"properties":{"key":"082290600","name":"押砂","pref":"茨城県","prefCode":"08","municipality":"稲敷市","areaM2":371566.336,"population":232,"toponymIds":["08-15cd359a5d"]}},{"type":"Feature","geometry":{"type":"Polygon","coordinates":[[[140.41203,35.97311],[140.41306,35.97308],[140.41296,35.9727],[140.41376,35.97246],[140.41052,35.96541],[140.41033,35.96447],[140.41049,35.96207],[140.40401,35.95859],[140.40148,35.95506],[140.4004,35.95462],[140.39763,35.9612],[140.3999,35.96184],[140.3994,35.96307],[140.39967,35.9637],[140.3995,35.96405],[140.39975,35.96421],[140.39976,35.96447],[140.40076,35.96633],[140.40176,35.96768],[140.40322,35.9688],[140.40433,35.96831],[140.40465,35.96868],[140.40473,35.96917],[140.40508,35.96946],[140.40589,35.96929],[140.40676,35.96946],[140.40694,35.96956],[140.40689,35.96992],[140.40708,35.96997],[140.40735,35.96959],[140.40764,35.9697],[140.40897,35.97249],[140.41203,35.97311]]]},"properties":{"key":"082290400","name":"須賀津","pref":"茨城県","prefCode":"08","municipality":"稲敷市","areaM2":1331168.875,"population":264,"toponymIds":["08-d1bc1dd264"]}},{"type":"Feature","geometry":{"type":"Polygon","coordinates":[[[140.30864,35.91458],[140.3088,35.91428],[140.31013,35.91478],[140.31787,35.90278],[140.3175,35.90185],[140.31771,35.89796],[140.30885,35.8976],[140.3089,35.89621],[140.29987,35.89583],[140.30036,35.89725],[140.29852,35.89719],[140.29696,35.89754],[140.29261,35.89978],[140.29116,35.90001],[140.28836,35.90011],[140.29033,35.90417],[140.28702,35.90526],[140.28825,35.90767],[140.28702,35.90811],[140.28758,35.90848],[140.28781,35.90969],[140.28979,35.90981],[140.29115,35.91011],[140.29148,35.9097],[140.2934,35.91137],[140.29478,35.91224],[140.29582,35.91355],[140.29626,35.91377],[140.29848,35.91377],[140.29995,35.9132],[140.30117,35.91296],[140.30153,35.91316],[140.30201,35.91402],[140.30248,35.91416],[140.30265,35.91486],[140.30343,35.91434],[140.30341,35.91384],[140.30387,35.91344],[140.30537,35.91347],[140.30577,35.91378],[140.30587,35.91417],[140.30556,35.91457],[140.30545,35.9151],[140.30551,35.91546],[140.30572,35.91557],[140.30557,35.91679],[140.30592,35.91714],[140.30599,35.91757],[140.30622,35.91771],[140.3064,35.91887],[140.3072,35.9189],[140.30786,35.91832],[140.30796,35.91775],[140.30771,35.9169],[140.30783,35.91577],[140.30835,35.9152],[140.30831,35.91471],[140.30864,35.91458]]]},"properties":{"key":"082290260","name":"柴崎","pref":"茨城県","prefCode":"08","municipality":"稲敷市","areaM2":4243024.795,"population":1743,"toponymIds":["08-56fa4bafcf"]}},{"type":"Feature","geometry":{"type":"Polygon","coordinates":[[[140.06733,36.05734],[140.06794,36.05684],[140.06933,36.05522],[140.07024,36.05353],[140.07125,36.05238],[140.0722,36.05186],[140.07379,36.05145],[140.07333,36.05077],[140.07077,36.0489],[140.07086,36.04849],[140.06998,36.04823],[140.0697,36.04855],[140.06935,36.0486],[140.06941,36.04825],[140.06809,36.04792],[140.0677,36.04882],[140.06582,36.04834],[140.06561,36.04989],[140.06505,36.05118],[140.06426,36.05212],[140.06334,36.05359],[140.06258,36.05441],[140.06213,36.05534],[140.06334,36.05569],[140.06279,36.05707],[140.06223,36.0576],[140.06338,36.05771],[140.06505,36.0549],[140.06564,36.05603],[140.06733,36.05734]]]},"properties":{"key":"082200380","name":"平","pref":"茨城県","prefCode":"08","municipality":"つくば市","areaM2":560810.952,"population":157,"toponymIds":["08-0cb9baf9fb"]}},{"type":"Feature","geometry":{"type":"Polygon","coordinates":[[[140.12555,36.01337],[140.12577,36.01254],[140.12531,36.01242],[140.12564,36.01121],[140.12539,36.01115],[140.12568,36.01032],[140.12674,36.01059],[140.12573,36.00931],[140.12543,36.00821],[140.12549,36.00785],[140.12518,36.00783],[140.1251,36.00741],[140.12439,36.00712],[140.12375,36.0071],[140.1236,36.00726],[140.12357,36.00738],[140.12374,36.00739],[140.12356,36.00744],[140.12358,36.00775],[140.12336,36.00775],[140.12336,36.00744],[140.12294,36.00751],[140.12288,36.00768],[140.12311,36.00769],[140.1231,36.00798],[140.12193,36.00796],[140.12179,36.00815],[140.12134,36.00813],[140.1213,36.00831],[140.12038,36.00853],[140.11938,36.00833],[140.11885,36.00782],[140.11934,36.00691],[140.11855,36.00677],[140.11796,36.00734],[140.11813,36.00825],[140.11769,36.00894],[140.11768,36.00978],[140.11669,36.01038],[140.11622,36.01095],[140.11745,36.01159],[140.11815,36.01082],[140.11849,36.0112],[140.11997,36.01138],[140.11998,36.01187],[140.12144,36.0118],[140.12078,36.01398],[140.12326,36.01316],[140.12374,36.01433],[140.12536,36.01374],[140.12555,36.01337]]]},"properties":{"key":"082201820","name":"菅間","pref":"茨城県","prefCode":"08","municipality":"つくば市","areaM2":410123.02,"population":195,"toponymIds":["08-44b235e4fe","08-9c508a5eb9"]}},{"type":"Feature","geometry":{"type":"Polygon","coordinates":[[[140.17453,36.39214],[140.17407,36.39106],[140.17406,36.39002],[140.17425,36.38951],[140.17492,36.38903],[140.17516,36.38852],[140.17864,36.38807],[140.17888,36.3876],[140.17884,36.38714],[140.17906,36.38717],[140.17972,36.3878],[140.17988,36.38749],[140.18099,36.38716],[140.18122,36.38731],[140.18131,36.38768],[140.18103,36.38853],[140.18157,36.38877],[140.18184,36.38947],[140.18201,36.38878],[140.18227,36.3884],[140.1821,36.38796],[140.18238,36.38757],[140.18243,36.38719],[140.1831,36.38719],[140.18284,36.38668],[140.18293,36.38634],[140.18345,36.38633],[140.18418,36.3868],[140.18407,36.38624],[140.18468,36.38641],[140.18496,36.38633],[140.18555,36.38684],[140.18657,36.3866],[140.18621,36.38652],[140.18616,36.38623],[140.18637,36.38542],[140.18671,36.385],[140.18472,36.38365],[140.18464,36.38338],[140.18548,36.38335],[140.18636,36.38382],[140.18794,36.38435],[140.18856,36.38427],[140.18899,36.38448],[140.18961,36.38447],[140.19048,36.38494],[140.19084,36.38483],[140.19082,36.38433],[140.19018,36.38385],[140.1888,36.3835],[140.18773,36.38284],[140.18694,36.38197],[140.18515,36.38116],[140.18473,36.38013],[140.18336,36.37998],[140.18293,36.37968],[140.1825,36.37901],[140.18247,36.37738],[140.18218,36.37693],[140.18123,36.37612],[140.17979,36.37609],[140.17846,36.3733],[140.17764,36.37289],[140.17249,36.37496],[140.16791,36.37724],[140.16448,36.37922],[140.16392,36.3797],[140.16369,36.38023],[140.16313,36.3823],[140.16323,36.38322],[140.16503,36.38539],[140.1665,36.38594],[140.1677,36.38694],[140.16885,36.38757],[140.1699,36.38853],[140.17171,36.39176],[140.1723,36.39189],[140.17302,36.39254],[140.17329,36.39332],[140.17379,36.39369],[140.17441,36.39456],[140.17554,36.39526],[140.17507,36.39422],[140.17509,36.39322],[140.17453,36.39214]]]},"properties":{"key":"082310370","name":"山口","pref":"茨城県","prefCode":"08","municipality":"桜川市","areaM2":2654950.299,"population":212,"toponymIds":["08-b720961762"]}},{"type":"Feature","geometry":{"type":"Polygon","coordinates":[[[140.19051,36.07082],[140.19038,36.07068],[140.19021,36.07076],[140.19,36.06973],[140.18895,36.06928],[140.18839,36.06882],[140.18832,36.06843],[140.18807,36.0682],[140.18811,36.06779],[140.1878,36.06776],[140.18738,36.06714],[140.18787,36.06592],[140.19004,36.06561],[140.19058,36.06514],[140.18938,36.06425],[140.18868,36.06345],[140.18833,36.06349],[140.18817,36.06314],[140.18783,36.06318],[140.18721,36.06366],[140.18745,36.06419],[140.18718,36.06432],[140.18664,36.06401],[140.18644,36.06426],[140.18565,36.06431],[140.18567,36.06457],[140.18488,36.06471],[140.18447,36.0644],[140.18405,36.06456],[140.18383,36.06444],[140.18362,36.06418],[140.18376,36.06381],[140.18242,36.06423],[140.18306,36.0654],[140.1842,36.06692],[140.18535,36.06924],[140.18842,36.07191],[140.18858,36.07241],[140.18851,36.07303],[140.18944,36.07271],[140.18898,36.07229],[140.1907,36.07107],[140.19051,36.07082]]]},"properties":{"key":"08203060101","name":"中高津一丁目","pref":"茨城県","prefCode":"08","municipality":"土浦市","areaM2":333962.028,"population":1193,"toponymIds":["08-e54e632f2e"]}},{"type":"Feature","geometry":{"type":"Polygon","coordinates":[[[140.15352,36.28689],[140.15644,36.28667],[140.15712,36.28626],[140.15857,36.2861],[140.159,36.28575],[140.15969,36.28556],[140.16267,36.28499],[140.1647,36.2849],[140.16634,36.28429],[140.1682,36.28463],[140.16836,36.28403],[140.16811,36.28322],[140.1678,36.28281],[140.16721,36.28277],[140.16645,36.28305],[140.16634,36.28289],[140.16757,36.28155],[140.16813,36.28023],[140.16873,36.27984],[140.17144,36.27947],[140.17273,36.27983],[140.17307,36.27977],[140.1732,36.27958],[140.17308,36.27922],[140.17247,36.27893],[140.17091,36.27763],[140.17071,36.27642],[140.16913,36.27491],[140.16843,36.27451],[140.16796,36.27196],[140.16816,36.27172],[140.1687,36.27161],[140.16846,36.27121],[140.16741,36.2708],[140.16692,36.27032],[140.16481,36.26969],[140.16389,36.26986],[140.16341,36.27024],[140.16229,36.26996],[140.16187,36.26926],[140.16135,36.26883],[140.16082,36.26844],[140.15991,36.26819],[140.15967,36.26767],[140.15912,36.26722],[140.15816,36.26694],[140.15793,36.26626],[140.1573,36.26615],[140.1565,36.26568],[140.15593,36.26504],[140.15581,36.26426],[140.1555,36.26396],[140.15373,36.26335],[140.15376,36.26291],[140.15405,36.26263],[140.15399,36.26227],[140.15276,36.26166],[140.15204,36.26168],[140.14982,36.26108],[140.14966,36.26096],[140.1497,36.26077],[140.15048,36.26059],[140.15056,36.26041],[140.14941,36.2596],[140.14863,36.25949],[140.14792,36.25981],[140.14764,36.25958],[140.14832,36.25774],[140.14867,36.25741],[140.14942,36.25735],[140.15155,36.25821],[140.15171,36.25819],[140.15185,36.25745],[140.15212,36.25704],[140.15096,36.2562],[140.15011,36.25633],[140.1498,36.25599],[140.14895,36.25577],[140.14862,36.25528],[140.1497,36.25524],[140.15061,36.25474],[140.15182,36.25514],[140.15466,36.25544],[140.15482,36.25525],[140.15471,36.25449],[140.15573,36.2541],[140.15602,36.25318],[140.15663,36.25255],[140.15721,36.25224],[140.15756,36.25156],[140.15845,36.25104],[140.1596,36.25092],[140.16033,36.25059],[140.16037,36.24962],[140.16013,36.24887],[140.15997,36.24865],[140.15921,36.24841],[140.15967,36.24782],[140.15938,36.24716],[140.16125,36.24606],[140.16169,36.24515],[140.16174,36.24452],[140.16133,36.24321],[140.16096,36.24299],[140.16202,36.24178],[140.16246,36.24217],[140.16458,36.24171],[140.16449,36.24098],[140.16493,36.24095],[140.16602,36.24112],[140.16702,36.24157],[140.16748,36.2416],[140.16918,36.24061],[140.1713,36.23852],[140.17211,36.23801],[140.17238,36.23537],[140.17224,36.23488],[140.17164,36.23394],[140.17104,36.23407],[140.17022,36.23392],[140.16947,36.23346],[140.16858,36.23324],[140.1685,36.23271],[140.16872,36.23137],[140.16982,36.23142],[140.1698,36.23089],[140.16915,36.2298],[140.16905,36.22927],[140.16947,36.22852],[140.16771,36.2281],[140.16727,36.22699],[140.16421,36.22775],[140.16306,36.2278],[140.16333,36.23023],[140.16233,36.23063],[140.15227,36.23108],[140.1522,36.23054],[140.15173,36.23054],[140.15055,36.23178],[140.14919,36.23175],[140.14916,36.23117],[140.1487,36.23076],[140.1445,36.22999],[140.14299,36.23196],[140.13617,36.23582],[140.13434,36.23612],[140.13102,36.23611],[140.12945,36.23568],[140.12898,36.2364],[140.12814,36.23721],[140.1267,36.23776],[140.12528,36.23967],[140.12484,36.24069],[140.12432,36.24132],[140.12553,36.24177],[140.12551,36.24235],[140.1263,36.24267],[140.12678,36.24363],[140.1279,36.24401],[140.12945,36.24301],[140.13017,36.24338],[140.13074,36.24276],[140.13263,36.24295],[140.13287,36.24398],[140.13248,36.24487],[140.13262,36.24553],[140.13248,36.24638],[140.13262,36.24699],[140.13119,36.24813],[140.13064,36.24887],[140.13012,36.24921],[140.12926,36.24945],[140.12921,36.24976],[140.12941,36.25067],[140.13118,36.25244],[140.13227,36.25574],[140.13272,36.2561],[140.13331,36.2562],[140.13395,36.25678],[140.13493,36.25719],[140.13484,36.25799],[140.13468,36.25822],[140.13497,36.25864],[140.13536,36.25999],[140.13413,36.26189],[140.13419,36.2626],[140.13352,36.26341],[140.13338,36.26451],[140.13353,36.26491],[140.13347,36.26535],[140.13389,36.26585],[140.13419,36.26742],[140.13503,36.26761],[140.13569,36.26805],[140.13672,36.26842],[140.13745,36.26828],[140.13812,36.26847],[140.1388,36.26916],[140.13929,36.26934],[140.13947,36.26988],[140.14116,36.27049],[140.14128,36.27133],[140.1408,36.2721],[140.14131,36.27263],[140.14168,36.27287],[140.14238,36.27289],[140.14375,36.27403],[140.14473,36.27391],[140.1458,36.27564],[140.14556,36.27651],[140.14655,36.27772],[140.14668,36.27878],[140.14724,36.27913],[140.14766,36.27963],[140.14764,36.28009],[140.14826,36.28118],[140.14883,36.28163],[140.15002,36.28356],[140.15014,36.2846],[140.15091,36.28537],[140.15104,36.28625],[140.15201,36.28715],[140.15352,36.28689]]]},"properties":{"key":"082050610","name":"吉生","pref":"茨城県","prefCode":"08","municipality":"石岡市","areaM2":14507604.764,"population":560,"toponymIds":["08-b7e237f9c5"]}},{"type":"Feature","geometry":{"type":"Polygon","coordinates":[[[140.44277,36.16081],[140.44309,36.16062],[140.44432,36.16094],[140.4459,36.16091],[140.44702,36.16037],[140.4493,36.15831],[140.45087,36.15767],[140.4515,36.1576],[140.45604,36.15841],[140.45572,36.15651],[140.45504,36.15485],[140.45438,36.15261],[140.4527,36.15243],[140.45242,36.15223],[140.45241,36.15206],[140.4526,36.15196],[140.45365,36.15212],[140.45515,36.15159],[140.45529,36.15138],[140.4546,36.14928],[140.45409,36.14675],[140.45256,36.14354],[140.45173,36.14066],[140.45176,36.13999],[140.45119,36.13985],[140.451,36.1395],[140.45105,36.13887],[140.45058,36.13842],[140.44863,36.13755],[140.44774,36.1368],[140.44753,36.13644],[140.44759,36.13601],[140.4488,36.13517],[140.4494,36.13435],[140.44978,36.13428],[140.44917,36.13286],[140.44924,36.13218],[140.44873,36.13221],[140.44825,36.13069],[140.44783,36.13019],[140.44612,36.12902],[140.44448,36.12724],[140.44425,36.12735],[140.44364,36.12711],[140.44292,36.12609],[140.44223,36.12653],[140.44161,36.12551],[140.44021,36.12634],[140.43991,36.12634],[140.43911,36.12676],[140.43922,36.12725],[140.43909,36.12776],[140.43877,36.12809],[140.43706,36.12901],[140.43686,36.12986],[140.43698,36.13021],[140.43626,36.13084],[140.43553,36.13061],[140.43467,36.13066],[140.43451,36.13005],[140.43419,36.12989],[140.43121,36.1301],[140.42901,36.12988],[140.4269,36.12942],[140.4249,36.12858],[140.42417,36.12888],[140.42358,36.12859],[140.42079,36.12815],[140.41971,36.12723],[140.41879,36.12791],[140.42023,36.12932],[140.42069,36.13017],[140.42202,36.13704],[140.42147,36.138],[140.41756,36.14078],[140.41697,36.14243],[140.41879,36.14275],[140.42008,36.14254],[140.42038,36.14274],[140.42028,36.14304],[140.42092,36.14408],[140.42189,36.1448],[140.42275,36.14494],[140.42299,36.1452],[140.42386,36.14534],[140.42447,36.145],[140.42531,36.14497],[140.42602,36.14696],[140.42667,36.14793],[140.43094,36.15175],[140.43301,36.15281],[140.43428,36.15417],[140.43506,36.15569],[140.43625,36.15967],[140.43649,36.16484],[140.43678,36.16592],[140.43766,36.16599],[140.43883,36.16651],[140.44083,36.163],[140.44277,36.16081]]]},"properties":{"key":"082330550","name":"芹沢","pref":"茨城県","prefCode":"08","municipality":"行方市","areaM2":8465966.026,"population":1367,"toponymIds":["08-c48533d9ab","08-f95585febb"]}},{"type":"Feature","geometry":{"type":"Polygon","coordinates":[[[140.71459,35.86647],[140.71761,35.86783],[140.72186,35.86171],[140.72732,35.86422],[140.74418,35.8402],[140.73297,35.83508],[140.7185,35.85429],[140.7167,35.85641],[140.71212,35.86263],[140.71229,35.86281],[140.70877,35.86739],[140.71136,35.86868],[140.71033,35.87006],[140.7091,35.87127],[140.71423,35.87456],[140.71477,35.86908],[140.71514,35.86846],[140.71363,35.8677],[140.71459,35.86647]]]},"properties":{"key":"082320540","name":"砂山","pref":"茨城県","prefCode":"08","municipality":"神栖市","areaM2":4627515.572,"population":390,"toponymIds":["08-b4f0752147"]}},{"type":"Feature","geometry":{"type":"Polygon","coordinates":[[[140.65788,35.9712],[140.65836,35.97038],[140.65582,35.97097],[140.65452,35.9705],[140.65473,35.97003],[140.65284,35.97056],[140.65263,35.97029],[140.65119,35.9706],[140.65137,35.9714],[140.65167,35.97168],[140.65655,35.9735],[140.65788,35.9712]]]},"properties":{"key":"08222034101","name":"港ケ丘一丁目","pref":"茨城県","prefCode":"08","municipality":"鹿嶋市","areaM2":128821.337,"population":611,"toponymIds":["08-753c01f83a"]}},{"type":"Feature","geometry":{"type":"Polygon","coordinates":[[[140.65276,35.99422],[140.6531,35.99382],[140.65406,35.99426],[140.65572,35.9927],[140.65618,35.99289],[140.65727,35.99243],[140.65832,35.99245],[140.65889,35.99126],[140.6594,35.99065],[140.66034,35.99098],[140.66013,35.99121],[140.66031,35.99115],[140.66059,35.99061],[140.66047,35.99058],[140.66043,35.99083],[140.65974,35.99056],[140.65979,35.99006],[140.66274,35.98508],[140.66182,35.98485],[140.66086,35.98508],[140.65975,35.98458],[140.65858,35.98432],[140.65631,35.98423],[140.65288,35.98339],[140.64818,35.98329],[140.64744,35.98314],[140.6475,35.98441],[140.64734,35.98439],[140.64724,35.985],[140.64844,35.98527],[140.65133,35.98547],[140.65229,35.98577],[140.65297,35.98628],[140.65398,35.98645],[140.65459,35.98613],[140.65428,35.98701],[140.65476,35.98721],[140.65245,35.99114],[140.65161,35.99082],[140.65038,35.99311],[140.65062,35.99325],[140.65017,35.99402],[140.65265,35.99458],[140.65276,35.99422]]]},"properties":{"key":"082220300","name":"大字小宮作","pref":"茨城県","prefCode":"08","municipality":"鹿嶋市","areaM2":833715.804,"population":271,"toponymIds":["08-167fd3eea6"]}},{"type":"Feature","geometry":{"type":"Polygon","coordinates":[[[140.55829,36.32567],[140.55849,36.32417],[140.55839,36.32275],[140.55909,36.32269],[140.5592,36.32213],[140.55784,36.31516],[140.55874,36.31326],[140.55436,36.31352],[140.55341,36.3138],[140.5525,36.31436],[140.55129,36.31594],[140.55076,36.31727],[140.55041,36.31873],[140.54991,36.31919],[140.54923,36.31941],[140.54806,36.31953],[140.5445,36.3191],[140.54294,36.31852],[140.54192,36.31756],[140.54168,36.317],[140.54125,36.3171],[140.54006,36.31845],[140.53917,36.31885],[140.53915,36.32107],[140.5404,36.32282],[140.54031,36.32305],[140.54475,36.32459],[140.54497,36.3242],[140.5455,36.3244],[140.5453,36.32477],[140.5458,36.32496],[140.5459,36.32479],[140.54649,36.32498],[140.54637,36.32523],[140.54747,36.32551],[140.54759,36.32526],[140.54823,36.32545],[140.54813,36.32569],[140.55018,36.32639],[140.55071,36.32536],[140.55373,36.32636],[140.55347,36.32685],[140.55474,36.32729],[140.55448,36.32777],[140.55504,36.32794],[140.55468,36.32864],[140.55601,36.3292],[140.55705,36.32843],[140.55713,36.32769],[140.55829,36.32567]]]},"properties":{"key":"082011170","name":"島田町","pref":"茨城県","prefCode":"08","municipality":"水戸市","areaM2":1664493.876,"population":458,"toponymIds":["08-0c879b98b5"]}},{"type":"Feature","geometry":{"type":"Polygon","coordinates":[[[140.53848,36.45562],[140.54045,36.45577],[140.54211,36.45642],[140.54258,36.45699],[140.54257,36.45856],[140.54185,36.45869],[140.54093,36.45845],[140.5402,36.45869],[140.54091,36.45865],[140.54228,36.45901],[140.54295,36.45877],[140.54287,36.45789],[140.54305,36.45725],[140.54285,36.45672],[140.54245,36.45635],[140.54232,36.45564],[140.54274,36.45531],[140.54291,36.45444],[140.54277,36.45378],[140.54292,36.45302],[140.54346,36.45233],[140.54378,36.45156],[140.54401,36.44963],[140.54434,36.44897],[140.54421,36.4476],[140.54472,36.44739],[140.54718,36.44835],[140.5488,36.44815],[140.54588,36.44352],[140.54274,36.44443],[140.54233,36.44477],[140.54191,36.44392],[140.54148,36.4439],[140.54092,36.44413],[140.54016,36.4437],[140.54003,36.44385],[140.53987,36.4438],[140.53902,36.44281],[140.53617,36.44353],[140.53614,36.44381],[140.53575,36.44386],[140.53541,36.44358],[140.53487,36.44266],[140.5337,36.44188],[140.5332,36.44176],[140.53231,36.44167],[140.5316,36.44248],[140.5303,36.4426],[140.53009,36.44237],[140.53082,36.44115],[140.53055,36.43983],[140.53058,36.43898],[140.53004,36.43864],[140.52994,36.43815],[140.52959,36.43767],[140.52903,36.43804],[140.52633,36.44065],[140.5255,36.44022],[140.52543,36.44001],[140.52487,36.44],[140.52133,36.43879],[140.52089,36.43842],[140.5209,36.4373],[140.51986,36.43738],[140.51998,36.43807],[140.51908,36.43853],[140.51808,36.43715],[140.51798,36.43512],[140.51862,36.4343],[140.52108,36.43333],[140.51841,36.43239],[140.51705,36.43632],[140.5155,36.43767],[140.51466,36.43812],[140.51436,36.43918],[140.51498,36.44136],[140.51422,36.44472],[140.51473,36.44733],[140.51524,36.44756],[140.51724,36.44992],[140.51955,36.45095],[140.52085,36.45123],[140.52428,36.45143],[140.52688,36.45188],[140.52622,36.45256],[140.52703,36.45292],[140.52717,36.45332],[140.52624,36.45331],[140.52557,36.45303],[140.52556,36.45335],[140.5261,36.45373],[140.5271,36.45386],[140.52956,36.4534],[140.52916,36.45433],[140.52887,36.45559],[140.52862,36.45789],[140.52943,36.45804],[140.52936,36.46],[140.52905,36.46112],[140.52907,36.46174],[140.52925,36.46261],[140.52978,36.46334],[140.53472,36.46069],[140.5364,36.45936],[140.53652,36.45922],[140.53596,36.4575],[140.53667,36.45647],[140.53848,36.45562]]]},"properties":{"key":"082210270","name":"大字佐和","pref":"茨城県","prefCode":"08","municipality":"ひたちなか市","areaM2":4343984.063,"population":3336,"toponymIds":["08-e8e8090b39"]}},{"type":"Feature","geometry":{"type":"Polygon","coordinates":[[[140.56726,36.86327],[140.56852,36.86272],[140.56921,36.86208],[140.56945,36.86054],[140.56977,36.85969],[140.56847,36.85893],[140.56845,36.8581],[140.56873,36.8572],[140.56862,36.8569],[140.56726,36.85576],[140.56685,36.85496],[140.56482,36.85396],[140.56425,36.85316],[140.56325,36.85236],[140.56322,36.85216],[140.56387,36.85119],[140.56392,36.85064],[140.56422,36.84996],[140.56409,36.84974],[140.55984,36.84977],[140.55926,36.84928],[140.55837,36.84895],[140.55821,36.84861],[140.5585,36.84797],[140.5578,36.84707],[140.55781,36.84672],[140.55872,36.84549],[140.55838,36.84461],[140.55781,36.84419],[140.55624,36.84392],[140.55558,36.84318],[140.55552,36.84278],[140.5557,36.84251],[140.55934,36.8409],[140.55996,36.84037],[140.56014,36.83868],[140.56007,36.83643],[140.56047,36.83549],[140.56111,36.83499],[140.56113,36.83479],[140.55983,36.83389],[140.55973,36.83365],[140.5601,36.83332],[140.55991,36.83212],[140.55994,36.83068],[140.56009,36.83017],[140.55997,36.82967],[140.55917,36.82882],[140.55876,36.82796],[140.55643,36.82594],[140.55615,36.82595],[140.55522,36.82653],[140.55482,36.82655],[140.55451,36.82636],[140.55363,36.82468],[140.55155,36.82267],[140.55116,36.82205],[140.5506,36.82166],[140.55037,36.82052],[140.54963,36.81952],[140.54933,36.81738],[140.5482,36.81619],[140.54794,36.81551],[140.54667,36.8146],[140.54592,36.81349],[140.54504,36.81264],[140.54516,36.81205],[140.54535,36.81191],[140.54618,36.81217],[140.54739,36.8109],[140.54688,36.80947],[140.54736,36.8091],[140.54725,36.80869],[140.54699,36.80841],[140.5459,36.80803],[140.54578,36.80791],[140.54584,36.80756],[140.54498,36.80721],[140.54381,36.80563],[140.54231,36.8056],[140.54175,36.80537],[140.54099,36.80537],[140.54055,36.80456],[140.54048,36.803],[140.54014,36.80231],[140.54078,36.80132],[140.54012,36.79702],[140.54026,36.79679],[140.54088,36.79648],[140.54134,36.79578],[140.54231,36.79513],[140.54222,36.79432],[140.53441,36.79409],[140.53112,36.79345],[140.52424,36.79098],[140.52252,36.7898],[140.52118,36.78916],[140.51867,36.7884],[140.51574,36.78833],[140.51342,36.78689],[140.51291,36.78679],[140.51191,36.78946],[140.51099,36.79096],[140.5105,36.79267],[140.50641,36.79187],[140.50414,36.79123],[140.50326,36.79066],[140.50233,36.78956],[140.50041,36.79141],[140.49936,36.79313],[140.498,36.79454],[140.49569,36.79517],[140.49232,36.79553],[140.49066,36.79622],[140.48997,36.79682],[140.48832,36.80002],[140.48795,36.80047],[140.48728,36.801],[140.48358,36.80226],[140.48305,36.80259],[140.48241,36.80344],[140.48194,36.80425],[140.48324,36.80508],[140.48374,36.80563],[140.48405,36.80639],[140.4846,36.80665],[140.48518,36.80721],[140.4854,36.80815],[140.4875,36.80908],[140.48843,36.80919],[140.48944,36.80963],[140.48924,36.81101],[140.48964,36.81226],[140.48932,36.8129],[140.48959,36.81351],[140.48845,36.81475],[140.48788,36.815],[140.48824,36.81617],[140.48832,36.81721],[140.48734,36.8176],[140.48807,36.81838],[140.48885,36.81851],[140.48979,36.81836],[140.49076,36.81858],[140.49093,36.81876],[140.49093,36.81925],[140.49131,36.81947],[140.49209,36.81908],[140.49275,36.81934],[140.49318,36.81919],[140.49329,36.81902],[140.49308,36.81859],[140.49367,36.81815],[140.49432,36.81861],[140.49491,36.81818],[140.49591,36.81804],[140.49627,36.81861],[140.49682,36.81905],[140.49933,36.81921],[140.49983,36.81907],[140.50041,36.81874],[140.50058,36.81846],[140.50147,36.8181],[140.50304,36.81899],[140.50342,36.81946],[140.50354,36.82021],[140.50299,36.82133],[140.50363,36.82268],[140.50436,36.82329],[140.50463,36.82335],[140.50657,36.82287],[140.50819,36.82211],[140.51055,36.82185],[140.51167,36.8222],[140.51175,36.82253],[140.51161,36.82301],[140.51172,36.82317],[140.51358,36.82334],[140.51398,36.82355],[140.51451,36.82475],[140.515,36.82524],[140.51578,36.82565],[140.51611,36.82632],[140.51677,36.82695],[140.51717,36.82808],[140.51681,36.8292],[140.51752,36.82979],[140.51782,36.83126],[140.51732,36.83276],[140.51772,36.83298],[140.5191,36.83314],[140.51931,36.83329],[140.51973,36.83494],[140.51938,36.83607],[140.51946,36.83647],[140.52062,36.83698],[140.52165,36.83701],[140.52213,36.83745],[140.52223,36.83801],[140.52312,36.8385],[140.52668,36.83904],[140.52769,36.83974],[140.52914,36.84018],[140.52862,36.84126],[140.52862,36.84158],[140.529,36.84183],[140.52899,36.84225],[140.52835,36.84376],[140.52878,36.84458],[140.52863,36.8451],[140.52862,36.84645],[140.52837,36.84714],[140.52787,36.84726],[140.52794,36.84841],[140.5292,36.84912],[140.53022,36.8492],[140.53166,36.85016],[140.53262,36.85007],[140.53267,36.8507],[140.53308,36.85119],[140.53504,36.85231],[140.53544,36.85303],[140.53542,36.8534],[140.53562,36.85376],[140.53632,36.85444],[140.53711,36.85465],[140.53737,36.85539],[140.53796,36.85564],[140.53764,36.85605],[140.53741,36.85726],[140.53744,36.85753],[140.53768,36.85768],[140.5376,36.85907],[140.5394,36.85925],[140.54107,36.85973],[140.54166,36.85957],[140.54217,36.85904],[140.54294,36.8586],[140.54406,36.85857],[140.54507,36.85814],[140.54594,36.85808],[140.54745,36.85845],[140.54862,36.85926],[140.54972,36.85914],[140.5503,36.85954],[140.55128,36.85961],[140.55161,36.86005],[140.55168,36.86054],[140.55218,36.86122],[140.55424,36.86182],[140.55454,36.86241],[140.55518,36.86194],[140.55565,36.86185],[140.55729,36.86237],[140.55785,36.86182],[140.55861,36.8614],[140.5596,36.86212],[140.55962,36.86286],[140.56093,36.86361],[140.56299,36.86261],[140.56421,36.8623],[140.56482,36.86197],[140.56497,36.86331],[140.56535,36.86393],[140.56588,36.86393],[140.56726,36.86327]]]},"properties":{"key":"082120950","name":"里川町","pref":"茨城県","prefCode":"08","municipality":"常陸太田市","areaM2":29681082.163,"population":142,"toponymIds":["08-1058a7b728"]}},{"type":"Feature","geometry":{"type":"Polygon","coordinates":[[[140.49378,36.51401],[140.49808,36.51206],[140.49829,36.51223],[140.50093,36.51197],[140.50107,36.51123],[140.50239,36.51129],[140.50319,36.51206],[140.50412,36.51215],[140.50456,36.51262],[140.50729,36.51168],[140.5063,36.5108],[140.50604,36.50994],[140.50531,36.50967],[140.5058,36.50858],[140.50646,36.50856],[140.5069,36.50833],[140.50682,36.50743],[140.50767,36.50643],[140.50713,36.50601],[140.50501,36.50597],[140.50405,36.50564],[140.50286,36.50566],[140.5011,36.50629],[140.50072,36.5062],[140.49599,36.50307],[140.49682,36.50224],[140.49379,36.50028],[140.49282,36.50082],[140.49275,36.50105],[140.49209,36.50128],[140.49029,36.49989],[140.4897,36.50042],[140.48782,36.49896],[140.48753,36.49965],[140.48654,36.50093],[140.48752,36.50162],[140.48693,36.5021],[140.4865,36.50188],[140.48575,36.50275],[140.48792,36.50415],[140.48714,36.50496],[140.48744,36.50532],[140.48881,36.50625],[140.4879,36.50673],[140.48796,36.50688],[140.48906,36.50802],[140.49028,36.50884],[140.49091,36.51],[140.48971,36.51113],[140.49378,36.51401]]]},"properties":{"key":"082120340","name":"島町","pref":"茨城県","prefCode":"08","municipality":"常陸太田市","areaM2":1652089.834,"population":315,"toponymIds":["08-e2dcdc9980"]}},{"type":"Feature","geometry":{"type":"Polygon","coordinates":[[[140.55016,36.64366],[140.55107,36.64362],[140.5546,36.63838],[140.55759,36.63836],[140.56095,36.63732],[140.56087,36.63679],[140.56137,36.6364],[140.56139,36.63622],[140.56074,36.63545],[140.56021,36.6342],[140.56087,36.63388],[140.55999,36.63337],[140.55987,36.63301],[140.55997,36.63273],[140.5605,36.63288],[140.56115,36.63263],[140.56182,36.63298],[140.56227,36.63268],[140.5743,36.63594],[140.59359,36.63265],[140.59338,36.63183],[140.59268,36.63169],[140.5907,36.63011],[140.59007,36.62934],[140.59014,36.62882],[140.5893,36.62845],[140.59056,36.62639],[140.59233,36.6263],[140.59065,36.62349],[140.58911,36.62167],[140.58758,36.62095],[140.58734,36.62134],[140.58561,36.62186],[140.58514,36.62157],[140.58402,36.62139],[140.58315,36.62102],[140.58177,36.62154],[140.58053,36.62139],[140.57971,36.62181],[140.57891,36.62197],[140.57823,36.62286],[140.5772,36.62341],[140.57598,36.62434],[140.57283,36.62385],[140.57178,36.62324],[140.57023,36.62322],[140.56878,36.62233],[140.56661,36.6221],[140.56551,36.62165],[140.56442,36.6217],[140.5635,36.62135],[140.56207,36.62137],[140.55908,36.62208],[140.55764,36.62207],[140.55693,36.62097],[140.55445,36.62016],[140.55387,36.61931],[140.55295,36.61939],[140.55253,36.61998],[140.5513,36.62076],[140.55031,36.62076],[140.54917,36.62132],[140.54874,36.621],[140.5477,36.6207],[140.54748,36.61992],[140.547,36.61977],[140.54657,36.61773],[140.54676,36.61744],[140.54661,36.61637],[140.54597,36.61582],[140.54602,36.6157],[140.54556,36.61543],[140.54418,36.61551],[140.54358,36.61435],[140.54266,36.61363],[140.54226,36.61545],[140.54133,36.61708],[140.53975,36.61721],[140.53926,36.61747],[140.53842,36.61908],[140.53793,36.61962],[140.53779,36.62126],[140.53743,36.62209],[140.53725,36.62355],[140.53759,36.6242],[140.53753,36.62466],[140.53777,36.62545],[140.53749,36.62578],[140.5375,36.62655],[140.53837,36.62743],[140.53898,36.62751],[140.53951,36.62789],[140.53957,36.62814],[140.54012,36.62867],[140.54024,36.62939],[140.54062,36.63007],[140.54354,36.63118],[140.54493,36.63361],[140.54501,36.63415],[140.54546,36.63439],[140.54543,36.6346],[140.54514,36.63476],[140.54481,36.6353],[140.54481,36.63579],[140.54511,36.63601],[140.54603,36.63583],[140.54647,36.63623],[140.54627,36.63686],[140.5465,36.63707],[140.5466,36.6377],[140.54687,36.63782],[140.54713,36.63833],[140.54705,36.63859],[140.54656,36.63886],[140.54596,36.63957],[140.54621,36.64007],[140.54626,36.64068],[140.54669,36.64112],[140.54712,36.64129],[140.54785,36.6425],[140.54772,36.64349],[140.54804,36.64361],[140.54918,36.64332],[140.54951,36.64366],[140.55016,36.64366]]]},"properties":{"key":"082020100","name":"東河内町","pref":"茨城県","prefCode":"08","municipality":"日立市","areaM2":7686454.023,"population":344,"toponymIds":["08-69a26c8272"]}},{"type":"Feature","geometry":{"type":"Polygon","coordinates":[[[140.45968,36.7531],[140.46074,36.753],[140.46107,36.75222],[140.46179,36.75186],[140.46301,36.75043],[140.46325,36.74924],[140.46443,36.74876],[140.46469,36.74817],[140.46636,36.74629],[140.46775,36.74591],[140.46836,36.74601],[140.46871,36.74567],[140.46909,36.74515],[140.46943,36.74377],[140.46936,36.74285],[140.46973,36.74225],[140.47006,36.74207],[140.47076,36.74214],[140.47132,36.74249],[140.4717,36.74236],[140.47198,36.742],[140.47196,36.74132],[140.4724,36.74035],[140.4716,36.73864],[140.47212,36.73805],[140.47172,36.73767],[140.47104,36.73736],[140.47094,36.73709],[140.47148,36.73613],[140.47135,36.73513],[140.47215,36.73465],[140.47253,36.73293],[140.47292,36.72992],[140.47266,36.72925],[140.47265,36.72846],[140.47225,36.72791],[140.47284,36.72686],[140.47361,36.72601],[140.4735,36.72547],[140.47415,36.72477],[140.474,36.72415],[140.47663,36.72366],[140.47614,36.72253],[140.47581,36.72218],[140.47548,36.72113],[140.47663,36.71941],[140.47731,36.71884],[140.47736,36.7174],[140.47828,36.71683],[140.47919,36.71419],[140.47907,36.71336],[140.47502,36.71224],[140.46917,36.71162],[140.46604,36.7106],[140.46349,36.71115],[140.46283,36.711],[140.46279,36.71114],[140.45536,36.70999],[140.45424,36.70936],[140.45265,36.70724],[140.45119,36.70638],[140.44967,36.70588],[140.44782,36.70451],[140.44475,36.7034],[140.4419,36.70303],[140.44228,36.70345],[140.44284,36.70367],[140.44283,36.70393],[140.44232,36.70447],[140.44278,36.70501],[140.4425,36.70526],[140.44146,36.70504],[140.4407,36.70518],[140.44161,36.70567],[140.44104,36.70677],[140.44039,36.70724],[140.44002,36.70794],[140.44066,36.70824],[140.4408,36.70873],[140.43966,36.70875],[140.43955,36.70905],[140.4398,36.70972],[140.43963,36.70997],[140.43835,36.71035],[140.43774,36.71025],[140.43797,36.71068],[140.43793,36.7109],[140.43714,36.71169],[140.43713,36.71259],[140.43664,36.71348],[140.43764,36.71354],[140.43808,36.7144],[140.43713,36.7148],[140.43675,36.7148],[140.43424,36.71382],[140.43144,36.7124],[140.43056,36.71245],[140.43037,36.71276],[140.43026,36.71361],[140.42959,36.71365],[140.42852,36.71424],[140.4286,36.71503],[140.4289,36.71548],[140.42863,36.7165],[140.42724,36.71723],[140.42692,36.719],[140.42716,36.71939],[140.42778,36.71978],[140.42773,36.7199],[140.42721,36.7202],[140.42652,36.72025],[140.42604,36.72066],[140.42689,36.72165],[140.42669,36.72283],[140.42712,36.72448],[140.42701,36.72478],[140.42646,36.7252],[140.42584,36.7253],[140.42438,36.72416],[140.42393,36.72397],[140.42204,36.7244],[140.42077,36.72401],[140.41915,36.72408],[140.41886,36.7244],[140.41861,36.72512],[140.41855,36.72705],[140.41799,36.72712],[140.4175,36.72742],[140.41818,36.72876],[140.41805,36.72951],[140.41782,36.72964],[140.41696,36.7295],[140.41534,36.73001],[140.41499,36.73106],[140.41519,36.73231],[140.41611,36.733],[140.41807,36.73368],[140.4192,36.7338],[140.42164,36.73355],[140.42494,36.73472],[140.42706,36.73491],[140.42773,36.73564],[140.42796,36.73675],[140.42845,36.73694],[140.43079,36.73569],[140.4326,36.73526],[140.43348,36.7346],[140.43568,36.73388],[140.4361,36.73311],[140.43712,36.73262],[140.43846,36.73121],[140.43912,36.73095],[140.43965,36.73013],[140.44079,36.72971],[140.44171,36.72905],[140.44396,36.72927],[140.44469,36.72954],[140.44543,36.73046],[140.44694,36.73057],[140.44857,36.73184],[140.44992,36.73237],[140.4496,36.73565],[140.44951,36.7362],[140.4491,36.73684],[140.44909,36.73754],[140.44946,36.73819],[140.45063,36.73861],[140.45106,36.73942],[140.45044,36.74032],[140.44875,36.74155],[140.44874,36.74192],[140.44908,36.74242],[140.44828,36.74363],[140.44852,36.7443],[140.44762,36.74679],[140.44751,36.74887],[140.44923,36.74791],[140.45109,36.74826],[140.45153,36.74855],[140.45112,36.74938],[140.45128,36.74986],[140.45207,36.75024],[140.45388,36.75064],[140.45689,36.75211],[140.45833,36.75422],[140.45968,36.7531]]]},"properties":{"key":"082120930","name":"上高倉町","pref":"茨城県","prefCode":"08","municipality":"常陸太田市","areaM2":15495318.842,"population":246,"toponymIds":["08-a1fca04a30","08-740868eb2e"]}},{"type":"Feature","geometry":{"type":"Polygon","coordinates":[[[140.46484,36.64441],[140.4653,36.64424],[140.46587,36.64425],[140.46769,36.64464],[140.46926,36.64384],[140.46972,36.64379],[140.4717,36.64455],[140.47318,36.64439],[140.47452,36.64487],[140.47676,36.64516],[140.4778,36.64506],[140.47912,36.64455],[140.47972,36.64373],[140.47982,36.64326],[140.48049,36.64263],[140.48282,36.64156],[140.48386,36.64149],[140.48505,36.64196],[140.48644,36.64314],[140.4889,36.64562],[140.48949,36.6469],[140.48996,36.64734],[140.49036,36.64758],[140.49086,36.64741],[140.49174,36.64681],[140.49316,36.64545],[140.49589,36.64525],[140.49865,36.64274],[140.49952,36.64223],[140.50205,36.64123],[140.50207,36.64102],[140.5027,36.64032],[140.50289,36.63977],[140.50279,36.6394],[140.50227,36.63886],[140.50254,36.63791],[140.5025,36.63692],[140.50356,36.63592],[140.50375,36.63545],[140.50415,36.63503],[140.50414,36.63463],[140.50365,36.63392],[140.50371,36.63353],[140.50417,36.63306],[140.50477,36.63287],[140.50521,36.63254],[140.50582,36.63152],[140.50685,36.63063],[140.50728,36.62981],[140.50693,36.62936],[140.50636,36.62912],[140.50622,36.62875],[140.50277,36.62737],[140.50181,36.62628],[140.5,36.62486],[140.49754,36.62363],[140.49634,36.62332],[140.49512,36.62339],[140.4936,36.62417],[140.49229,36.62377],[140.49117,36.62395],[140.48996,36.62477],[140.48954,36.62559],[140.48813,36.62653],[140.48707,36.62778],[140.48296,36.62715],[140.48197,36.62726],[140.48053,36.62699],[140.48022,36.62729],[140.48002,36.6279],[140.48105,36.62838],[140.4813,36.62933],[140.4809,36.63057],[140.48047,36.6311],[140.48034,36.63158],[140.48025,36.63333],[140.48059,36.63482],[140.47891,36.63621],[140.48025,36.63719],[140.47986,36.63875],[140.47867,36.63849],[140.47811,36.63853],[140.47772,36.63741],[140.47635,36.63751],[140.47516,36.63734],[140.47402,36.63678],[140.47184,36.63652],[140.46984,36.637],[140.46727,36.63858],[140.46638,36.6389],[140.46505,36.6385],[140.46447,36.63849],[140.46297,36.63906],[140.46228,36.63891],[140.46123,36.63912],[140.46127,36.63935],[140.46074,36.6405],[140.46088,36.64114],[140.46036,36.64198],[140.45883,36.64186],[140.4586,36.64268],[140.45709,36.64311],[140.45673,36.64332],[140.4564,36.64382],[140.45706,36.64488],[140.45799,36.64749],[140.45863,36.64845],[140.46069,36.64731],[140.46484,36.64441]]]},"properties":{"key":"082120890","name":"中染町","pref":"茨城県","prefCode":"08","municipality":"常陸太田市","areaM2":5780738.811,"population":389,"toponymIds":["08-0aaf495028"]}},{"type":"Feature","geometry":{"type":"Polygon","coordinates":[[[140.46676,36.60956],[140.467,36.60877],[140.46689,36.60825],[140.46617,36.60758],[140.46547,36.60612],[140.46553,36.60557],[140.46612,36.60447],[140.46692,36.60383],[140.46802,36.60392],[140.469,36.60445],[140.46983,36.60461],[140.47229,36.60421],[140.47346,36.60346],[140.4743,36.60259],[140.47412,36.6009],[140.47528,36.60083],[140.47589,36.59974],[140.47915,36.59544],[140.48025,36.59469],[140.48122,36.5947],[140.48236,36.59385],[140.4828,36.5939],[140.48308,36.59333],[140.48495,36.59306],[140.4856,36.59221],[140.48565,36.59135],[140.48547,36.5903],[140.48489,36.58981],[140.48277,36.58902],[140.48176,36.58758],[140.48142,36.58661],[140.47825,36.5876],[140.4762,36.58735],[140.47161,36.5875],[140.47113,36.58743],[140.46787,36.58615],[140.46762,36.58623],[140.4669,36.5866],[140.46681,36.58703],[140.4663,36.58749],[140.46545,36.58792],[140.46561,36.58867],[140.46438,36.5894],[140.46422,36.59018],[140.46295,36.58998],[140.4624,36.59054],[140.46036,36.59063],[140.4598,36.5921],[140.45985,36.59257],[140.45873,36.59302],[140.45736,36.59298],[140.45695,36.5939],[140.45619,36.59396],[140.45578,36.59426],[140.45572,36.59461],[140.45607,36.59542],[140.4559,36.5965],[140.45474,36.59706],[140.45336,36.5973],[140.45258,36.59782],[140.45234,36.60002],[140.45101,36.60108],[140.4522,36.6029],[140.45341,36.60282],[140.45471,36.60328],[140.45525,36.60364],[140.45642,36.60376],[140.4564,36.60403],[140.45593,36.60442],[140.456,36.6047],[140.4568,36.60533],[140.45647,36.60613],[140.45648,36.60705],[140.45687,36.60784],[140.45799,36.60896],[140.4588,36.60909],[140.45949,36.60832],[140.46037,36.60925],[140.46104,36.60958],[140.46121,36.60942],[140.46137,36.60826],[140.46132,36.60742],[140.46204,36.60713],[140.46214,36.60734],[140.46174,36.60759],[140.46159,36.60924],[140.46171,36.60944],[140.46241,36.60931],[140.46343,36.60949],[140.46448,36.60987],[140.46598,36.61071],[140.4672,36.61017],[140.46697,36.61006],[140.46676,36.60956]]]},"properties":{"key":"082120840","name":"棚谷町","pref":"茨城県","prefCode":"08","municipality":"常陸太田市","areaM2":4302080.004,"population":157,"toponymIds":["08-52c3797207"]}},{"type":"Feature","geometry":{"type":"Polygon","coordinates":[[[140.69348,36.7198],[140.69377,36.72002],[140.69652,36.71943],[140.69812,36.71952],[140.69898,36.71928],[140.69941,36.71953],[140.70048,36.71917],[140.70134,36.71794],[140.70227,36.71763],[140.70226,36.71751],[140.7027,36.7173],[140.70281,36.71701],[140.70375,36.71632],[140.70462,36.71615],[140.70539,36.71564],[140.70557,36.71539],[140.70579,36.71421],[140.70708,36.71331],[140.70723,36.71261],[140.7069,36.71106],[140.70825,36.71076],[140.70969,36.7133],[140.71276,36.71225],[140.71231,36.71165],[140.71255,36.71148],[140.71226,36.7108],[140.71209,36.71072],[140.71222,36.71039],[140.71293,36.71034],[140.71542,36.71101],[140.71539,36.71043],[140.71584,36.71077],[140.71645,36.7117],[140.7173,36.71157],[140.71696,36.71125],[140.71677,36.71054],[140.71732,36.71046],[140.71711,36.70911],[140.71687,36.70815],[140.71649,36.70817],[140.71644,36.70714],[140.71611,36.70715],[140.71575,36.70394],[140.71561,36.70395],[140.71499,36.69907],[140.71571,36.69897],[140.71547,36.69776],[140.71203,36.69793],[140.70848,36.69991],[140.70815,36.70042],[140.70798,36.70163],[140.70836,36.70385],[140.70795,36.70427],[140.70434,36.70547],[140.70376,36.70589],[140.7003,36.7057],[140.70062,36.7063],[140.70046,36.70727],[140.69986,36.70736],[140.69943,36.70773],[140.69868,36.71013],[140.69836,36.71058],[140.69846,36.71082],[140.69834,36.7112],[140.69784,36.71192],[140.69745,36.71318],[140.69441,36.71531],[140.69424,36.71562],[140.69302,36.71595],[140.693,36.71617],[140.69269,36.71616],[140.69238,36.71692],[140.69144,36.7178],[140.69055,36.71831],[140.69089,36.71857],[140.69167,36.71852],[140.69223,36.7191],[140.69226,36.71926],[140.69179,36.7196],[140.69195,36.72025],[140.69348,36.7198]]]},"properties":{"key":"082140090","name":"大字安良川","pref":"茨城県","prefCode":"08","municipality":"高萩市","areaM2":2373446.674,"population":3424,"toponymIds":["08-ef403fe8ed"]}},{"type":"Feature","geometry":{"type":"Polygon","coordinates":[[[140.36986,36.3908],[140.37157,36.38906],[140.37343,36.38755],[140.37423,36.38809],[140.37488,36.38731],[140.37503,36.38664],[140.37492,36.38443],[140.37516,36.38417],[140.37466,36.38384],[140.37564,36.38287],[140.37511,36.38251],[140.37626,36.38134],[140.37575,36.38102],[140.37819,36.37849],[140.37622,36.37786],[140.37734,36.37669],[140.37144,36.37585],[140.3696,36.37768],[140.36929,36.37763],[140.3679,36.37827],[140.36697,36.37986],[140.36695,36.38017],[140.36556,36.38153],[140.36385,36.3822],[140.36406,36.38236],[140.36257,36.38422],[140.36159,36.38649],[140.36204,36.38663],[140.36236,36.38609],[140.36286,36.38628],[140.3628,36.38653],[140.36224,36.38671],[140.36196,36.38705],[140.3617,36.3878],[140.36198,36.38794],[140.36329,36.38749],[140.36213,36.38821],[140.36194,36.38799],[140.36154,36.3886],[140.36119,36.38882],[140.36155,36.38919],[140.36163,36.38956],[140.36196,36.38966],[140.36199,36.38881],[140.36228,36.38896],[140.36245,36.38869],[140.36277,36.38867],[140.36349,36.38898],[140.36371,36.3886],[140.36436,36.38881],[140.36455,36.38908],[140.36494,36.38848],[140.36507,36.38852],[140.36474,36.38922],[140.36478,36.38948],[140.36498,36.38951],[140.36511,36.38927],[140.36531,36.38931],[140.36525,36.38958],[140.36692,36.38994],[140.36688,36.39016],[140.36738,36.3901],[140.36935,36.39133],[140.36986,36.3908]],[[140.36922,36.38794],[140.36953,36.38744],[140.36976,36.38754],[140.3695,36.38804],[140.36922,36.38794]],[[140.37059,36.38726],[140.37072,36.38704],[140.37097,36.38713],[140.37085,36.38735],[140.37059,36.38726]]]},"properties":{"key":"082011350","name":"大足町","pref":"茨城県","prefCode":"08","municipality":"水戸市","areaM2":1436376.999,"population":786,"toponymIds":["08-e9b0bc028f","08-885e82bae1"]}},{"type":"Feature","geometry":{"type":"Polygon","coordinates":[[[140.37532,36.40697],[140.37562,36.40678],[140.37591,36.40686],[140.37716,36.40624],[140.38076,36.40634],[140.38264,36.40698],[140.38376,36.40685],[140.38416,36.4064],[140.38464,36.40618],[140.3866,36.4056],[140.38701,36.40573],[140.38738,36.40533],[140.38795,36.40508],[140.38802,36.40485],[140.38864,36.40451],[140.38977,36.40428],[140.38889,36.40337],[140.38865,36.40278],[140.38874,36.4012],[140.38862,36.39946],[140.38818,36.39858],[140.38916,36.39925],[140.38982,36.399],[140.38991,36.39889],[140.38979,36.39859],[140.39032,36.39793],[140.39057,36.3964],[140.39048,36.39593],[140.38986,36.39506],[140.38904,36.39448],[140.38935,36.39381],[140.38972,36.39377],[140.389,36.39339],[140.38808,36.3933],[140.38766,36.39171],[140.38801,36.3904],[140.38787,36.38863],[140.38675,36.38781],[140.38607,36.38488],[140.38573,36.38464],[140.38448,36.38204],[140.38384,36.38221],[140.38361,36.38168],[140.38342,36.38187],[140.38315,36.38125],[140.38289,36.38147],[140.38277,36.38126],[140.3826,36.38143],[140.38127,36.38168],[140.38043,36.38133],[140.37987,36.38139],[140.37959,36.38123],[140.37988,36.37983],[140.38073,36.37936],[140.37816,36.37852],[140.37575,36.38102],[140.37626,36.38134],[140.37511,36.38251],[140.37564,36.38287],[140.37466,36.38384],[140.37516,36.38417],[140.37492,36.38443],[140.37503,36.38664],[140.37475,36.38756],[140.37423,36.38809],[140.37396,36.39595],[140.37455,36.39609],[140.37451,36.39632],[140.37425,36.39687],[140.37243,36.39883],[140.37168,36.40038],[140.37171,36.40096],[140.37121,36.40169],[140.37129,36.40211],[140.37111,36.40265],[140.37117,36.40297],[140.37141,36.40311],[140.37138,36.40453],[140.372,36.40476],[140.37169,36.4049],[140.37226,36.40489],[140.37221,36.40547],[140.37256,36.40654],[140.37253,36.40707],[140.37429,36.40771],[140.37479,36.40818],[140.37494,36.40784],[140.37475,36.40752],[140.37532,36.40697]]]},"properties":{"key":"082010160","name":"加倉井町","pref":"茨城県","prefCode":"08","municipality":"水戸市","areaM2":3671559.151,"population":954,"toponymIds":["08-138c4c00e8","08-7a7a006935"]}},{"type":"Feature","geometry":{"type":"Polygon","coordinates":[[[140.35873,36.39664],[140.35956,36.39533],[140.35936,36.39521],[140.35936,36.39499],[140.35987,36.39435],[140.36157,36.39313],[140.362,36.39265],[140.36137,36.39152],[140.36075,36.39124],[140.36079,36.39112],[140.36017,36.39063],[140.35973,36.39049],[140.35972,36.39021],[140.35991,36.38983],[140.36154,36.3886],[140.36194,36.38799],[140.36213,36.38821],[140.36329,36.38749],[140.36198,36.38794],[140.3617,36.3878],[140.36196,36.38705],[140.36224,36.38671],[140.3628,36.38653],[140.36286,36.38628],[140.36236,36.38609],[140.36204,36.38663],[140.36159,36.38649],[140.36108,36.38725],[140.36069,36.38756],[140.36114,36.38794],[140.361,36.38809],[140.3606,36.38825],[140.36013,36.38798],[140.35973,36.38827],[140.35614,36.39416],[140.35693,36.39445],[140.3568,36.39645],[140.35784,36.39668],[140.35873,36.39664]]]},"properties":{"key":"082011370","name":"黒磯町","pref":"茨城県","prefCode":"08","municipality":"水戸市","areaM2":259307.923,"population":102,"toponymIds":["08-4a667b3bd3","08-3e663b6980"]}},{"type":"Feature","geometry":{"type":"Polygon","coordinates":[[[140.47453,36.36183],[140.47448,36.36155],[140.47386,36.36164],[140.47398,36.36234],[140.47306,36.36257],[140.47311,36.36292],[140.472,36.36366],[140.47224,36.36391],[140.4725,36.36534],[140.4751,36.36502],[140.47453,36.36183]]]},"properties":{"key":"08201042001","name":"白梅一丁目","pref":"茨城県","prefCode":"08","municipality":"水戸市","areaM2":70109.569,"population":352,"toponymIds":["08-4eece1bca7"]}},{"type":"Feature","geometry":{"type":"Polygon","coordinates":[[[140.47015,36.37442],[140.47104,36.37393],[140.47034,36.37302],[140.46951,36.3723],[140.47025,36.37123],[140.47074,36.37141],[140.47073,36.37118],[140.47109,36.37085],[140.46928,36.37127],[140.46748,36.37244],[140.46657,36.37275],[140.46652,36.3734],[140.46684,36.37346],[140.46727,36.37443],[140.46792,36.37408],[140.46865,36.37524],[140.47015,36.37442]]]},"properties":{"key":"08201065001","name":"梅香一丁目","pref":"茨城県","prefCode":"08","municipality":"水戸市","areaM2":98339.343,"population":502,"toponymIds":["08-8e2f3c3e33"]}},{"type":"Feature","geometry":{"type":"Polygon","coordinates":[[[140.47683,36.33753],[140.4744,36.3365],[140.47388,36.33735],[140.47352,36.33721],[140.47312,36.33782],[140.4759,36.339],[140.47683,36.33753]]]},"properties":{"key":"082011030","name":"吉沢町","pref":"茨城県","prefCode":"08","municipality":"水戸市","areaM2":48008.318,"population":0,"toponymIds":["08-57e93fd7e6","08-ff520d6526"]}},{"type":"Feature","geometry":{"type":"Polygon","coordinates":[[[140.58503,36.57083],[140.58711,36.57078],[140.58759,36.57025],[140.58866,36.5706],[140.58896,36.57082],[140.58961,36.57192],[140.59014,36.57195],[140.59054,36.57185],[140.5914,36.57126],[140.59262,36.57082],[140.59327,36.56992],[140.59414,36.56962],[140.59527,36.56996],[140.59546,36.57022],[140.59538,36.57066],[140.5955,36.57082],[140.59655,36.57076],[140.59714,36.5713],[140.59784,36.5714],[140.59816,36.57098],[140.59877,36.57084],[140.59949,36.5711],[140.59992,36.57075],[140.60064,36.57064],[140.60047,36.56981],[140.60149,36.57026],[140.60198,36.57027],[140.6021,36.56999],[140.60192,36.56965],[140.60215,36.56936],[140.6042,36.56817],[140.60459,36.56822],[140.60596,36.56785],[140.6064,36.56799],[140.60704,36.56865],[140.60762,36.56853],[140.60826,36.56862],[140.60821,36.56827],[140.60846,36.56778],[140.61006,36.56655],[140.61137,36.56608],[140.61137,36.56549],[140.61165,36.56551],[140.61165,36.56524],[140.61222,36.56485],[140.61228,36.56463],[140.61198,36.56404],[140.61266,36.56376],[140.61269,36.56359],[140.61334,36.5636],[140.61435,36.56459],[140.61549,36.56503],[140.61599,36.56511],[140.61651,36.56482],[140.61698,36.56502],[140.61753,36.56476],[140.61774,36.56443],[140.61855,36.56385],[140.61975,36.56219],[140.62078,36.5613],[140.62065,36.56119],[140.62033,36.5614],[140.61955,36.56035],[140.61864,36.56039],[140.61865,36.56022],[140.61795,36.56031],[140.61735,36.55991],[140.61696,36.55994],[140.61665,36.56031],[140.61563,36.56063],[140.61474,36.56051],[140.61426,36.5607],[140.61378,36.56054],[140.61225,36.56078],[140.61186,36.56111],[140.61184,36.56137],[140.61139,36.56134],[140.61076,36.56158],[140.60971,36.56129],[140.60953,36.56011],[140.60913,36.56014],[140.60846,36.5593],[140.60984,36.55886],[140.61093,36.55783],[140.61337,36.55671],[140.61403,36.55694],[140.61496,36.55693],[140.61573,36.55734],[140.616,36.55799],[140.61658,36.55845],[140.61721,36.55848],[140.61736,36.55769],[140.61764,36.55724],[140.61697,36.55553],[140.61669,36.55545],[140.61655,36.55481],[140.61632,36.55466],[140.6163,36.55401],[140.61601,36.55375],[140.61601,36.55341],[140.61639,36.55303],[140.61628,36.5527],[140.61596,36.55279],[140.6157,36.55197],[140.61548,36.55198],[140.61532,36.55152],[140.61635,36.55113],[140.6154,36.55054],[140.61476,36.55077],[140.61327,36.55054],[140.61172,36.55089],[140.60951,36.55085],[140.60863,36.5505],[140.6079,36.54991],[140.60754,36.54911],[140.60669,36.54838],[140.60675,36.54794],[140.60552,36.54729],[140.60541,36.54664],[140.60279,36.54689],[140.60163,36.54724],[140.59968,36.54712],[140.59889,36.54744],[140.59811,36.54721],[140.59611,36.54743],[140.59574,36.54717],[140.59339,36.54728],[140.59317,36.54748],[140.59323,36.54787],[140.59286,36.54801],[140.59233,36.54858],[140.59187,36.54949],[140.59175,36.55022],[140.59123,36.55098],[140.5913,36.5516],[140.59106,36.55249],[140.59109,36.55353],[140.59017,36.55514],[140.58979,36.55514],[140.58931,36.55552],[140.5875,36.55786],[140.58625,36.55802],[140.5859,36.55845],[140.58582,36.55942],[140.58607,36.56058],[140.58645,36.56116],[140.58632,36.56172],[140.58493,36.5623],[140.58473,36.56323],[140.5848,36.56358],[140.58528,36.56407],[140.58521,36.56451],[140.58422,36.56471],[140.58335,36.56512],[140.58218,36.56526],[140.58244,36.56619],[140.5824,36.56669],[140.582,36.56748],[140.58298,36.56848],[140.58266,36.56915],[140.58292,36.57025],[140.58301,36.57134],[140.5829,36.57165],[140.5836,36.57189],[140.58374,36.57208],[140.58467,36.57093],[140.58503,36.57083]]]},"properties":{"key":"08202037000","name":"大久保町","pref":"茨城県","prefCode":"08","municipality":"日立市","areaM2":5866601.754,"population":221,"toponymIds":["08-3b292403b1"]}},{"type":"Feature","geometry":{"type":"Polygon","coordinates":[[[140.65271,36.59337],[140.65243,36.59291],[140.64979,36.59436],[140.65134,36.59684],[140.6541,36.59567],[140.65271,36.59337]]]},"properties":{"key":"08202017001","name":"鹿島町一丁目","pref":"茨城県","prefCode":"08","municipality":"日立市","areaM2":92124.522,"population":872,"toponymIds":["08-2d1481d3d8"]}},{"type":"Feature","geometry":{"type":"Polygon","coordinates":[[[140.64483,36.54672],[140.64504,36.54681],[140.64487,36.54659],[140.64421,36.54635],[140.64391,36.54589],[140.6437,36.54582],[140.64339,36.54606],[140.64303,36.54603],[140.64308,36.54629],[140.64295,36.54664],[140.64259,36.5469],[140.64255,36.54728],[140.64101,36.54808],[140.64192,36.54989],[140.64189,36.55099],[140.64165,36.55207],[140.64172,36.5526],[140.64201,36.55317],[140.64215,36.55294],[140.64203,36.55265],[140.64257,36.55211],[140.64327,36.55188],[140.64402,36.55133],[140.64412,36.55033],[140.64439,36.54973],[140.64426,36.54857],[140.64483,36.54672]]]},"properties":{"key":"08202040001","name":"河原子町一丁目","pref":"茨城県","prefCode":"08","municipality":"日立市","areaM2":143539.627,"population":63,"toponymIds":["08-c06c9083fc"]}},{"type":"Feature","geometry":{"type":"Polygon","coordinates":[[[140.536,36.65567],[140.53717,36.65547],[140.53768,36.65391],[140.53795,36.65382],[140.53905,36.65416],[140.54042,36.65113],[140.54162,36.64976],[140.54174,36.64922],[140.54229,36.64857],[140.54249,36.64855],[140.543,36.64767],[140.54319,36.64692],[140.54351,36.64665],[140.5436,36.64627],[140.5441,36.64587],[140.54411,36.64512],[140.54472,36.64474],[140.54524,36.64383],[140.54662,36.64288],[140.54781,36.64361],[140.54768,36.64325],[140.54785,36.6425],[140.54712,36.64129],[140.54669,36.64112],[140.54626,36.64068],[140.54621,36.64007],[140.54596,36.63957],[140.54656,36.63886],[140.54705,36.63859],[140.54713,36.63833],[140.54687,36.63782],[140.5466,36.6377],[140.5465,36.63707],[140.54627,36.63686],[140.54647,36.63623],[140.54603,36.63583],[140.54511,36.63601],[140.54481,36.63579],[140.54481,36.6353],[140.54514,36.63476],[140.54543,36.6346],[140.54546,36.63439],[140.54501,36.63415],[140.54493,36.63361],[140.54376,36.63154],[140.54328,36.63102],[140.54062,36.63007],[140.54024,36.62939],[140.54012,36.62867],[140.53957,36.62814],[140.53951,36.62789],[140.53898,36.62751],[140.53837,36.62743],[140.5375,36.62655],[140.53669,36.62687],[140.53636,36.62742],[140.53543,36.62748],[140.53459,36.62811],[140.533,36.62859],[140.53307,36.62926],[140.53251,36.62972],[140.53217,36.63091],[140.53186,36.63112],[140.53093,36.63122],[140.5308,36.63156],[140.53014,36.63179],[140.5287,36.63379],[140.52791,36.63423],[140.52649,36.63651],[140.52701,36.63708],[140.52698,36.63722],[140.5263,36.6375],[140.52543,36.63842],[140.52554,36.63914],[140.52442,36.6397],[140.52353,36.64102],[140.52313,36.64115],[140.52239,36.641],[140.52142,36.64111],[140.52013,36.64161],[140.51923,36.64148],[140.51794,36.64265],[140.51744,36.64331],[140.51728,36.64389],[140.51749,36.64535],[140.51797,36.64546],[140.51803,36.64568],[140.51671,36.64933],[140.5169,36.65044],[140.51752,36.65086],[140.51797,36.65147],[140.51977,36.65115],[140.52183,36.65143],[140.52464,36.65137],[140.52516,36.65116],[140.52583,36.65041],[140.52634,36.65016],[140.52725,36.65005],[140.53079,36.65082],[140.53169,36.65258],[140.53261,36.65352],[140.53341,36.65554],[140.53392,36.65593],[140.53505,36.65613],[140.5356,36.65606],[140.536,36.65567]]]},"properties":{"key":"082020090","name":"下深荻町","pref":"茨城県","prefCode":"08","municipality":"日立市","areaM2":5022087.899,"population":379,"toponymIds":["08-ea2392e8ee","08-2aef340fc9"]}},{"type":"Feature","geometry":{"type":"Polygon","coordinates":[[[140.56887,36.68491],[140.56811,36.68377],[140.56767,36.68345],[140.56577,36.68266],[140.56513,36.68274],[140.56461,36.68238],[140.56456,36.68189],[140.56409,36.68138],[140.56412,36.68081],[140.56435,36.67973],[140.5645,36.67963],[140.56572,36.67951],[140.56696,36.67908],[140.56708,36.6787],[140.5667,36.67754],[140.56685,36.67721],[140.56806,36.67725],[140.56822,36.67704],[140.56828,36.67622],[140.56982,36.67594],[140.56987,36.67536],[140.57035,36.675],[140.57025,36.67433],[140.57076,36.67387],[140.57089,36.67345],[140.57075,36.67287],[140.57102,36.67268],[140.57149,36.67265],[140.57185,36.67232],[140.57165,36.67193],[140.57167,36.67147],[140.57132,36.67108],[140.57098,36.67101],[140.57051,36.67126],[140.57011,36.67124],[140.56974,36.67043],[140.56993,36.66982],[140.57079,36.66905],[140.57149,36.66778],[140.57075,36.6672],[140.57074,36.66705],[140.57129,36.66661],[140.57163,36.66595],[140.5725,36.66549],[140.57255,36.66408],[140.57269,36.66384],[140.5731,36.66377],[140.57451,36.6643],[140.57551,36.66415],[140.57608,36.66429],[140.57705,36.66517],[140.57758,36.66489],[140.57794,36.66393],[140.57824,36.66376],[140.57952,36.66418],[140.58007,36.6642],[140.58065,36.66405],[140.58271,36.66285],[140.58398,36.66273],[140.58518,36.66239],[140.58585,36.66259],[140.58642,36.66195],[140.58714,36.66178],[140.58783,36.66127],[140.58793,36.65982],[140.58876,36.65968],[140.58898,36.65912],[140.5894,36.65897],[140.5899,36.65811],[140.59084,36.65745],[140.5747,36.64806],[140.57239,36.64901],[140.55142,36.64412],[140.55122,36.64364],[140.54951,36.64366],[140.54918,36.64332],[140.5477,36.64362],[140.54746,36.64332],[140.54662,36.64288],[140.54645,36.64293],[140.54524,36.64383],[140.54472,36.64474],[140.54411,36.64512],[140.54406,36.64594],[140.5436,36.64627],[140.54351,36.64665],[140.54319,36.64692],[140.543,36.64767],[140.54249,36.64855],[140.54229,36.64857],[140.54174,36.64922],[140.54162,36.64976],[140.54042,36.65113],[140.53905,36.65416],[140.54117,36.65462],[140.54085,36.6559],[140.54135,36.65775],[140.5418,36.6582],[140.5419,36.66183],[140.54029,36.66274],[140.54017,36.66373],[140.54027,36.66456],[140.54108,36.66596],[140.54146,36.66628],[140.54314,36.66685],[140.545,36.66771],[140.54569,36.66749],[140.54616,36.66686],[140.54654,36.66665],[140.54771,36.66658],[140.54867,36.6661],[140.54908,36.6664],[140.54958,36.66754],[140.54961,36.66773],[140.54923,36.66809],[140.54932,36.66935],[140.54769,36.66973],[140.54782,36.6706],[140.54821,36.6707],[140.55014,36.67188],[140.54952,36.67323],[140.54891,36.67382],[140.54921,36.67504],[140.54995,36.67572],[140.55018,36.6761],[140.55014,36.67643],[140.54999,36.67663],[140.54891,36.67699],[140.54852,36.67735],[140.54957,36.67853],[140.54992,36.67917],[140.54908,36.68024],[140.54785,36.67957],[140.54696,36.68014],[140.54661,36.68082],[140.54556,36.68161],[140.54542,36.68253],[140.54627,36.68305],[140.5474,36.68292],[140.54839,36.68317],[140.54898,36.68317],[140.54951,36.68267],[140.5498,36.68264],[140.55092,36.68321],[140.55183,36.68294],[140.55257,36.68232],[140.55278,36.6823],[140.55299,36.68268],[140.55293,36.68326],[140.55186,36.68391],[140.55155,36.68489],[140.55113,36.68552],[140.55127,36.68576],[140.5518,36.68591],[140.55217,36.68635],[140.5528,36.68556],[140.55385,36.68535],[140.55472,36.68492],[140.55528,36.68486],[140.55601,36.68516],[140.55691,36.6852],[140.5578,36.68499],[140.55924,36.68437],[140.56041,36.68424],[140.5604,36.68447],[140.55958,36.68512],[140.56006,36.68663],[140.56,36.68719],[140.55955,36.68806],[140.55878,36.68854],[140.55882,36.68901],[140.55854,36.6896],[140.56006,36.69078],[140.56027,36.69161],[140.56156,36.69291],[140.5622,36.69424],[140.56387,36.69425],[140.5646,36.69463],[140.56477,36.69523],[140.56626,36.6959],[140.56696,36.69663],[140.56877,36.69521],[140.5694,36.69513],[140.56968,36.69468],[140.5694,36.69415],[140.56967,36.69347],[140.56918,36.69243],[140.56929,36.69098],[140.56949,36.6906],[140.569,36.68998],[140.56973,36.68949],[140.57024,36.68839],[140.56976,36.68703],[140.56967,36.68534],[140.56887,36.68491]]]},"properties":{"key":"082020080","name":"中深荻町","pref":"茨城県","prefCode":"08","municipality":"日立市","areaM2":12890770.866,"population":117,"toponymIds":["08-e6d506e212","08-cc4bb2b6f4","08-ae43432cbd"]}},{"type":"Feature","geometry":{"type":"Polygon","coordinates":[[[140.16554,36.09206],[140.16693,36.09053],[140.16723,36.09073],[140.16798,36.09001],[140.16826,36.09018],[140.16901,36.08945],[140.1696,36.08986],[140.17064,36.08879],[140.1712,36.08846],[140.16842,36.08655],[140.17063,36.08622],[140.17221,36.0854],[140.17124,36.08522],[140.17116,36.08506],[140.17319,36.08422],[140.17115,36.08112],[140.17175,36.08085],[140.17094,36.07965],[140.17095,36.0794],[140.17039,36.07886],[140.17073,36.07857],[140.17044,36.0782],[140.16907,36.07766],[140.16733,36.0776],[140.16718,36.07696],[140.16681,36.07644],[140.16537,36.0761],[140.16459,36.07618],[140.1644,36.07501],[140.16274,36.07488],[140.16105,36.07395],[140.15851,36.07421],[140.15717,36.07416],[140.15555,36.07439],[140.15488,36.07424],[140.15492,36.07445],[140.15534,36.0748],[140.15537,36.07537],[140.15504,36.07617],[140.15451,36.07683],[140.15558,36.07991],[140.15574,36.08101],[140.15566,36.0828],[140.15576,36.08307],[140.15592,36.08304],[140.15627,36.08342],[140.15624,36.08383],[140.15659,36.08441],[140.15792,36.08545],[140.15755,36.08615],[140.15697,36.08646],[140.15698,36.08741],[140.15682,36.08757],[140.15614,36.08762],[140.15626,36.08928],[140.15764,36.0906],[140.16082,36.09016],[140.16149,36.09048],[140.16512,36.093],[140.16587,36.0923],[140.16554,36.09206]]]},"properties":{"key":"082030430","name":"宍塚","pref":"茨城県","prefCode":"08","municipality":"土浦市","areaM2":2297484.004,"population":826,"toponymIds":["08-4918cbec31"]}},{"type":"Feature","geometry":{"type":"Polygon","coordinates":[[[140.2642,36.11353],[140.26533,36.11323],[140.26675,36.11393],[140.27162,36.114],[140.27325,36.11357],[140.27266,36.11208],[140.27571,36.11124],[140.27728,36.11042],[140.2776,36.11073],[140.27752,36.11117],[140.27809,36.11138],[140.27876,36.11237],[140.2777,36.11293],[140.27714,36.11341],[140.27648,36.11425],[140.27655,36.11442],[140.27709,36.1144],[140.27735,36.11384],[140.27902,36.11297],[140.2792,36.11296],[140.27954,36.11335],[140.28039,36.11383],[140.28075,36.1137],[140.27977,36.11186],[140.28031,36.1118],[140.28106,36.11105],[140.28146,36.11088],[140.28156,36.11051],[140.28194,36.11048],[140.28225,36.11066],[140.28303,36.11043],[140.28238,36.10759],[140.28181,36.10841],[140.28177,36.10876],[140.28197,36.10901],[140.28172,36.10961],[140.28199,36.11008],[140.2824,36.11027],[140.28233,36.11054],[140.28108,36.11037],[140.28157,36.1095],[140.28026,36.10907],[140.28446,36.10509],[140.28332,36.10427],[140.2822,36.1037],[140.28232,36.10358],[140.28161,36.10331],[140.2815,36.103],[140.28128,36.10289],[140.28078,36.10285],[140.2803,36.10326],[140.27973,36.10294],[140.28024,36.10246],[140.27872,36.09827],[140.27832,36.09595],[140.27779,36.09583],[140.27781,36.09477],[140.27768,36.09475],[140.27692,36.09332],[140.27558,36.09471],[140.27355,36.09476],[140.27289,36.09437],[140.27246,36.09457],[140.27251,36.09573],[140.27206,36.09751],[140.2702,36.09817],[140.26506,36.09587],[140.26588,36.09674],[140.26574,36.09729],[140.2658,36.09863],[140.26527,36.09927],[140.26391,36.10237],[140.26269,36.10461],[140.25965,36.10638],[140.26023,36.10646],[140.25836,36.10817],[140.25854,36.1083],[140.25821,36.10862],[140.25805,36.10853],[140.25627,36.11033],[140.25474,36.10987],[140.25423,36.10995],[140.25455,36.11075],[140.25425,36.11102],[140.25432,36.11162],[140.25255,36.11191],[140.25451,36.11676],[140.26441,36.1142],[140.2642,36.11353]]]},"properties":{"key":"082030480","name":"菅谷町","pref":"茨城県","prefCode":"08","municipality":"土浦市","areaM2":3630472.409,"population":1045,"toponymIds":["08-0c1a154ac2","08-80bfb30c37"]}},{"type":"Feature","geometry":{"type":"Polygon","coordinates":[[[140.21154,36.07446],[140.211,36.07008],[140.208,36.07068],[140.20318,36.07318],[140.20414,36.07467],[140.20698,36.07428],[140.21164,36.07539],[140.21154,36.07446]]]},"properties":{"key":"082030730","name":"蓮河原新町","pref":"茨城県","prefCode":"08","municipality":"土浦市","areaM2":268344.959,"population":713,"toponymIds":["08-1bb41ebc15"]}},{"type":"Feature","geometry":{"type":"Polygon","coordinates":[[[140.21344,36.07547],[140.21954,36.07531],[140.21949,36.07437],[140.22004,36.07408],[140.21962,36.07219],[140.21968,36.07156],[140.2201,36.07085],[140.22019,36.07002],[140.21982,36.06964],[140.21991,36.0696],[140.21977,36.0696],[140.21974,36.06934],[140.2155,36.0704],[140.21435,36.07035],[140.21365,36.06994],[140.21309,36.06982],[140.211,36.07008],[140.21164,36.07539],[140.21344,36.07547]]]},"properties":{"key":"082030720","name":"蓮河原町","pref":"茨城県","prefCode":"08","municipality":"土浦市","areaM2":458430.495,"population":149,"toponymIds":["08-47f4470f47"]}},{"type":"Feature","geometry":{"type":"Polygon","coordinates":[[[139.74384,36.17281],[139.74537,36.17232],[139.74545,36.1727],[139.74576,36.17262],[139.74587,36.17282],[139.7462,36.17277],[139.74596,36.17206],[139.74622,36.17202],[139.74629,36.1717],[139.74684,36.17127],[139.7471,36.1718],[139.74731,36.17173],[139.74717,36.17142],[139.74788,36.17131],[139.74771,36.17091],[139.74991,36.17012],[139.74929,36.16845],[139.74997,36.16819],[139.75013,36.16825],[139.75016,36.16858],[139.75132,36.16802],[139.75151,36.16779],[139.75106,36.1676],[139.75221,36.16693],[139.75276,36.16636],[139.75311,36.16637],[139.7529,36.16609],[139.75299,36.16577],[139.75283,36.165],[139.75333,36.16494],[139.75337,36.16459],[139.75386,36.16465],[139.75429,36.16236],[139.75296,36.1622],[139.75255,36.16134],[139.75193,36.16092],[139.75228,36.16041],[139.7505,36.15981],[139.74979,36.16019],[139.74949,36.16014],[139.74789,36.15897],[139.7474,36.15881],[139.74731,36.15921],[139.74683,36.1591],[139.74379,36.1572],[139.74343,36.15771],[139.74265,36.15808],[139.73681,36.1591],[139.73581,36.1605],[139.7351,36.16016],[139.73382,36.16198],[139.73425,36.16255],[139.73156,36.16328],[139.73063,36.16374],[139.7306,36.16434],[139.73029,36.16458],[139.73258,36.16637],[139.73363,36.1656],[139.73598,36.16697],[139.73637,36.16794],[139.73662,36.16785],[139.73847,36.1717],[139.73894,36.17229],[139.73864,36.17241],[139.73881,36.17257],[139.73922,36.17237],[139.73934,36.17259],[139.73978,36.17257],[139.73974,36.17288],[139.74024,36.17291],[139.74026,36.17261],[139.74168,36.17272],[139.74172,36.17291],[139.74243,36.17294],[139.74247,36.17311],[139.74271,36.17313],[139.74277,36.17339],[139.74384,36.17281]]]},"properties":{"key":"082040520","name":"磯部","pref":"茨城県","prefCode":"08","municipality":"古河市","areaM2":2237993.302,"population":1344,"toponymIds":["08-d5fb021de2","08-f920db4d9d"]}},{"type":"Feature","geometry":{"type":"Polygon","coordinates":[[[139.71786,36.18745],[139.7179,36.18674],[139.71676,36.18676],[139.71676,36.1869],[139.71596,36.18704],[139.7157,36.18695],[139.71573,36.18712],[139.71522,36.18719],[139.71506,36.18668],[139.71443,36.18681],[139.71466,36.1863],[139.71376,36.18549],[139.71259,36.18387],[139.71003,36.19211],[139.71532,36.19291],[139.71858,36.19253],[139.71786,36.18745]]]},"properties":{"key":"082040010","name":"古河","pref":"茨城県","prefCode":"08","municipality":"古河市","areaM2":471572.587,"population":2580,"toponymIds":["08-80282fb0a2"]}},{"type":"Feature","geometry":{"type":"Polygon","coordinates":[[[140.16854,36.25853],[140.16873,36.25751],[140.17013,36.25769],[140.17206,36.25832],[140.1723,36.25799],[140.17403,36.25705],[140.17368,36.25613],[140.1729,36.256],[140.17258,36.25447],[140.17186,36.25461],[140.1706,36.2544],[140.17031,36.25458],[140.17063,36.25518],[140.16989,36.25546],[140.16885,36.25548],[140.16797,36.25466],[140.16811,36.25443],[140.16785,36.25426],[140.16804,36.25399],[140.16792,36.2536],[140.16699,36.25334],[140.16664,36.25301],[140.16604,36.25294],[140.16531,36.2525],[140.16386,36.25206],[140.16395,36.25168],[140.16147,36.25074],[140.16121,36.25169],[140.16028,36.25163],[140.15978,36.25138],[140.1591,36.25157],[140.15798,36.25127],[140.15794,36.25223],[140.15851,36.25227],[140.15886,36.25271],[140.16216,36.25397],[140.16242,36.25364],[140.16325,36.25385],[140.16439,36.25373],[140.16631,36.25445],[140.16594,36.25526],[140.16499,36.25521],[140.16421,36.25541],[140.16351,36.25522],[140.16324,36.25622],[140.16412,36.25698],[140.16442,36.25759],[140.16492,36.25732],[140.16546,36.25736],[140.16554,36.25766],[140.16534,36.25831],[140.16854,36.25853]]]},"properties":{"key":"082050950","name":"芦穂中部","pref":"茨城県","prefCode":"08","municipality":"石岡市","areaM2":457605.677,"population":7,"toponymIds":["08-fb1150fee9"]}},{"type":"Feature","geometry":{"type":"Polygon","coordinates":[[[140.1646,36.24746],[140.16487,36.24726],[140.1648,36.24826],[140.16538,36.2482],[140.16519,36.24774],[140.1655,36.24767],[140.1656,36.24708],[140.16631,36.24679],[140.16661,36.24631],[140.16699,36.24646],[140.1684,36.24641],[140.16822,36.24561],[140.16929,36.24566],[140.16961,36.24592],[140.1697,36.24634],[140.17327,36.247],[140.1754,36.24574],[140.17605,36.24558],[140.1769,36.24497],[140.17889,36.24573],[140.1798,36.24473],[140.18036,36.24434],[140.18114,36.24332],[140.18284,36.24251],[140.18349,36.24186],[140.18184,36.24069],[140.18231,36.24036],[140.18184,36.23943],[140.18192,36.23862],[140.18111,36.23762],[140.17999,36.23661],[140.17982,36.23567],[140.17772,36.23447],[140.17714,36.23496],[140.17574,36.23445],[140.17283,36.23384],[140.17164,36.23394],[140.17224,36.23488],[140.17238,36.23537],[140.17211,36.23801],[140.1713,36.23852],[140.16918,36.24061],[140.16748,36.2416],[140.16702,36.24157],[140.16565,36.24104],[140.16449,36.24098],[140.16458,36.24171],[140.16246,36.24217],[140.16202,36.24178],[140.16096,36.24299],[140.16133,36.24321],[140.16157,36.24372],[140.16174,36.24452],[140.16169,36.24515],[140.16125,36.24606],[140.15947,36.24708],[140.15954,36.24742],[140.16142,36.24779],[140.16195,36.24801],[140.16234,36.24844],[140.16311,36.24811],[140.16427,36.24785],[140.1646,36.24746]]]},"properties":{"key":"082050600","name":"小倉","pref":"茨城県","prefCode":"08","municipality":"石岡市","areaM2":1693611.378,"population":444,"toponymIds":["08-0674b883d6"]}},{"type":"Feature","geometry":{"type":"Polygon","coordinates":[[[140.19879,36.25868],[140.19959,36.25802],[140.19946,36.25753],[140.199,36.25702],[140.19891,36.25565],[140.19865,36.25564],[140.19853,36.2547],[140.19863,36.2544],[140.199,36.25432],[140.19943,36.25451],[140.19973,36.25422],[140.2016,36.25349],[140.20208,36.25348],[140.20261,36.25316],[140.2034,36.25336],[140.20398,36.25306],[140.20367,36.25241],[140.20403,36.25023],[140.20455,36.24975],[140.20473,36.24909],[140.20518,36.24868],[140.20472,36.24766],[140.2042,36.24742],[140.2043,36.24697],[140.20473,36.24647],[140.20265,36.24446],[140.20298,36.24372],[140.20297,36.2423],[140.20199,36.23975],[140.20197,36.23868],[140.20389,36.23482],[140.20135,36.23431],[140.19983,36.23496],[140.19973,36.23391],[140.19908,36.23411],[140.1988,36.23396],[140.19858,36.23352],[140.19833,36.23349],[140.19745,36.23366],[140.19723,36.23432],[140.19613,36.2347],[140.19621,36.23528],[140.19555,36.23585],[140.19489,36.23589],[140.19474,36.23557],[140.19535,36.23491],[140.19515,36.23467],[140.19513,36.23394],[140.19475,36.23359],[140.19454,36.23312],[140.19246,36.23203],[140.19145,36.23095],[140.19216,36.22998],[140.19203,36.22782],[140.19152,36.22651],[140.18998,36.22428],[140.18955,36.22405],[140.18752,36.22222],[140.18583,36.22309],[140.18372,36.22463],[140.18302,36.22558],[140.18229,36.22733],[140.18181,36.22775],[140.18098,36.22788],[140.17898,36.22748],[140.17736,36.2269],[140.17651,36.22722],[140.17413,36.22901],[140.17245,36.22896],[140.17164,36.22878],[140.17081,36.22886],[140.16947,36.22852],[140.16905,36.22927],[140.16915,36.2298],[140.1698,36.23089],[140.16982,36.23142],[140.16872,36.23137],[140.1685,36.23271],[140.16858,36.23324],[140.16947,36.23346],[140.17022,36.23392],[140.17097,36.23407],[140.17283,36.23384],[140.17574,36.23445],[140.17714,36.23496],[140.17772,36.23447],[140.17887,36.23507],[140.17982,36.23567],[140.17999,36.23661],[140.18111,36.23762],[140.18192,36.23862],[140.18184,36.23943],[140.18231,36.24036],[140.18184,36.24069],[140.18349,36.24186],[140.18284,36.24251],[140.18114,36.24332],[140.18036,36.24434],[140.1798,36.24473],[140.17889,36.24573],[140.1769,36.24497],[140.17605,36.24558],[140.1754,36.24574],[140.17296,36.2472],[140.17304,36.24789],[140.1719,36.24817],[140.17141,36.24853],[140.17322,36.24817],[140.17595,36.24853],[140.17696,36.24842],[140.18106,36.25241],[140.18201,36.25374],[140.18257,36.25492],[140.18265,36.25558],[140.18243,36.25637],[140.18416,36.25729],[140.18636,36.25885],[140.18703,36.25866],[140.18778,36.25924],[140.1896,36.26024],[140.1902,36.26115],[140.19078,36.26142],[140.19133,36.26312],[140.193,36.26324],[140.19767,36.26431],[140.19712,36.26332],[140.19706,36.26243],[140.19749,36.26176],[140.19916,36.26017],[140.19879,36.25868]]]},"properties":{"key":"082050460","name":"柿岡","pref":"茨城県","prefCode":"08","municipality":"石岡市","areaM2":7617413.694,"population":3902,"toponymIds":["08-1e7816ab85","08-b6b0f9c1db"]}},{"type":"Feature","geometry":{"type":"Polygon","coordinates":[[[140.26413,36.20649],[140.265,36.20647],[140.26611,36.20615],[140.2668,36.20621],[140.26695,36.2061],[140.2647,36.20434],[140.26331,36.2029],[140.2621,36.20126],[140.26118,36.19945],[140.26071,36.19989],[140.25878,36.20045],[140.25993,36.2036],[140.26085,36.20816],[140.2632,36.20676],[140.26413,36.20649]]]},"properties":{"key":"08205006001","name":"鹿の子一丁目","pref":"茨城県","prefCode":"08","municipality":"石岡市","areaM2":289970.769,"population":671,"toponymIds":["08-2bc03bd04b","08-d6d42ff852"]}},{"type":"Feature","geometry":{"type":"Polygon","coordinates":[[[140.20569,36.26545],[140.2053,36.26515],[140.20464,36.26503],[140.20409,36.26433],[140.20487,36.26396],[140.20393,36.26314],[140.20494,36.2627],[140.20008,36.2559],[140.19965,36.25562],[140.19886,36.25562],[140.199,36.25702],[140.19946,36.25753],[140.19959,36.25802],[140.19881,36.25857],[140.19916,36.26017],[140.19749,36.26176],[140.19706,36.26243],[140.19712,36.26332],[140.19767,36.26431],[140.19559,36.26384],[140.19552,36.26504],[140.19585,36.26585],[140.19648,36.2667],[140.19701,36.26578],[140.19722,36.26502],[140.19788,36.26527],[140.19793,36.26589],[140.19751,36.26611],[140.19744,36.26663],[140.19895,36.26697],[140.20086,36.26845],[140.20165,36.26874],[140.20253,36.26859],[140.2032,36.26828],[140.20569,36.26545]]]},"properties":{"key":"082050710","name":"佐久","pref":"茨城県","prefCode":"08","municipality":"石岡市","areaM2":665478.188,"population":121,"toponymIds":["08-5af80c241f"]}},{"type":"Feature","geometry":{"type":"Polygon","coordinates":[[[140.16691,36.19653],[140.16734,36.19487],[140.16782,36.1891],[140.16806,36.18864],[140.16633,36.18896],[140.16507,36.1888],[140.16521,36.18846],[140.16679,36.18812],[140.16814,36.18729],[140.16768,36.18703],[140.16764,36.18675],[140.16785,36.18654],[140.16757,36.18639],[140.16756,36.18606],[140.16685,36.18568],[140.16671,36.18482],[140.16615,36.18406],[140.16585,36.18332],[140.16604,36.18266],[140.16596,36.1823],[140.16538,36.1815],[140.16492,36.18174],[140.16516,36.18256],[140.16486,36.18322],[140.16531,36.18395],[140.16525,36.1846],[140.16549,36.18553],[140.16627,36.18648],[140.16639,36.1874],[140.16629,36.18771],[140.1656,36.188],[140.1649,36.18789],[140.16409,36.18706],[140.16353,36.18674],[140.16312,36.18684],[140.16324,36.18723],[140.16276,36.18721],[140.16249,36.18769],[140.1621,36.18786],[140.15969,36.18842],[140.15975,36.19535],[140.16158,36.19605],[140.16384,36.19589],[140.16691,36.19653]]]},"properties":{"key":"082050911","name":"菖蒲沢","pref":"茨城県","prefCode":"08","municipality":"石岡市","areaM2":702578.828,"population":115,"toponymIds":["08-760d2bbdce"]}},{"type":"Feature","geometry":{"type":"Polygon","coordinates":[[[139.85897,36.27856],[139.86004,36.2785],[139.86049,36.27792],[139.86271,36.27632],[139.86392,36.27347],[139.86345,36.27337],[139.8632,36.27396],[139.86323,36.27437],[139.8576,36.27506],[139.8576,36.27704],[139.85791,36.27912],[139.85897,36.27856]]]},"properties":{"key":"082070110","name":"大字鹿窪","pref":"茨城県","prefCode":"08","municipality":"結城市","areaM2":178028.217,"population":0,"toponymIds":["08-32ed3c36a5","08-16251ffc4e"]}},{"type":"Feature","geometry":{"type":"Polygon","coordinates":[[[140.22827,35.94485],[140.23043,35.9449],[140.23126,35.94475],[140.23101,35.94366],[140.23109,35.9432],[140.23163,35.94229],[140.23182,35.94113],[140.23162,35.94008],[140.23006,35.94038],[140.22949,35.93932],[140.22851,35.93958],[140.22823,35.93907],[140.22732,35.93943],[140.22692,35.93844],[140.22638,35.93808],[140.22613,35.93701],[140.22581,35.93681],[140.22556,35.93699],[140.22402,35.93469],[140.22513,35.93395],[140.22812,35.93259],[140.22698,35.93216],[140.22639,35.93153],[140.22864,35.93129],[140.23103,35.93077],[140.23154,35.93059],[140.23175,35.93028],[140.23168,35.92868],[140.23248,35.92808],[140.22941,35.9243],[140.23085,35.9229],[140.2301,35.92243],[140.22965,35.92167],[140.22912,35.92175],[140.22868,35.92231],[140.22714,35.92253],[140.22671,35.9231],[140.22683,35.92344],[140.22544,35.92347],[140.22547,35.92432],[140.22378,35.92491],[140.22355,35.92575],[140.2231,35.92615],[140.22236,35.92645],[140.22149,35.92627],[140.22105,35.92599],[140.22063,35.92621],[140.22015,35.92623],[140.21912,35.92699],[140.21883,35.92785],[140.21795,35.92812],[140.21774,35.92877],[140.21709,35.92884],[140.21707,35.92916],[140.21641,35.92933],[140.21612,35.92965],[140.21578,35.92964],[140.2156,35.92947],[140.21516,35.92962],[140.21488,35.93],[140.21299,35.93081],[140.21218,35.93225],[140.21251,35.93357],[140.21245,35.93403],[140.21212,35.93415],[140.21204,35.93461],[140.21234,35.9347],[140.21233,35.93501],[140.21178,35.93534],[140.21145,35.9358],[140.21031,35.93529],[140.2085,35.93564],[140.20858,35.936],[140.21009,35.936],[140.21063,35.93616],[140.21094,35.93644],[140.2105,35.93762],[140.20952,35.93835],[140.20927,35.93927],[140.20848,35.93989],[140.20915,35.941],[140.21014,35.94182],[140.21082,35.94118],[140.21116,35.94036],[140.21161,35.93977],[140.21277,35.93885],[140.21615,35.93664],[140.21669,35.93635],[140.21901,35.93641],[140.22003,35.93618],[140.22066,35.93588],[140.22064,35.93569],[140.22142,35.93548],[140.22141,35.93527],[140.22199,35.93461],[140.22386,35.9378],[140.22533,35.93995],[140.22626,35.93974],[140.22671,35.94368],[140.22768,35.9446],[140.22786,35.94501],[140.22827,35.94485]]]},"properties":{"key":"082080050","name":"薄倉町","pref":"茨城県","prefCode":"08","municipality":"龍ケ崎市","areaM2":2131634.935,"population":182,"toponymIds":["08-c3dcb8f6ee","08-bdf9a54550"]}},{"type":"Feature","geometry":{"type":"Polygon","coordinates":[[[140.16816,35.91233],[140.16766,35.91229],[140.16714,35.91274],[140.16816,35.91233]]]},"properties":{"key":"082080101","name":"門倉新田町","pref":"茨城県","prefCode":"08","municipality":"龍ケ崎市","areaM2":2511.64,"population":3,"toponymIds":["08-ff2241d34a","08-2376d73687"]}},{"type":"Feature","geometry":{"type":"Polygon","coordinates":[[[140.13413,35.92476],[140.13423,35.92452],[140.13632,35.92468],[140.13626,35.92453],[140.1388,35.92424],[140.1388,35.92438],[140.14004,35.9247],[140.14007,35.92501],[140.14287,35.92394],[140.14441,35.92266],[140.14372,35.9219],[140.14478,35.92134],[140.14476,35.92064],[140.14435,35.92059],[140.14437,35.92026],[140.14387,35.92018],[140.1454,35.9185],[140.14629,35.91793],[140.14681,35.91778],[140.14675,35.91803],[140.14785,35.91799],[140.14927,35.9183],[140.15052,35.91896],[140.15131,35.91971],[140.1519,35.91973],[140.15274,35.91932],[140.15231,35.91899],[140.15278,35.91837],[140.15252,35.91821],[140.15289,35.91804],[140.15311,35.91763],[140.15533,35.91658],[140.15573,35.91682],[140.15554,35.91712],[140.15566,35.91731],[140.15754,35.91894],[140.16347,35.91678],[140.16367,35.9165],[140.16441,35.91607],[140.16472,35.91469],[140.16546,35.91361],[140.16632,35.91298],[140.16714,35.91274],[140.16766,35.91229],[140.1683,35.91224],[140.16816,35.91233],[140.16874,35.9125],[140.16881,35.91276],[140.16808,35.91281],[140.1679,35.91316],[140.16871,35.914],[140.16903,35.91383],[140.17143,35.91689],[140.1717,35.9168],[140.17194,35.91614],[140.17331,35.91495],[140.17359,35.91403],[140.1731,35.91274],[140.17387,35.91063],[140.17264,35.90919],[140.17369,35.90843],[140.17435,35.90772],[140.17287,35.90626],[140.17192,35.9059],[140.17073,35.90505],[140.17078,35.90446],[140.17126,35.90332],[140.17093,35.90321],[140.17115,35.90295],[140.17039,35.90222],[140.16403,35.90572],[140.16255,35.90391],[140.16183,35.90386],[140.15983,35.90585],[140.15914,35.90637],[140.15853,35.90659],[140.15741,35.90643],[140.15447,35.90397],[140.15345,35.90346],[140.15251,35.90334],[140.14905,35.90361],[140.14905,35.90559],[140.14883,35.90686],[140.14843,35.90822],[140.14754,35.90947],[140.14586,35.91021],[140.14237,35.91087],[140.14135,35.91134],[140.13825,35.91409],[140.13555,35.91485],[140.1342,35.91545],[140.13377,35.91579],[140.13202,35.91812],[140.13061,35.91893],[140.12907,35.91937],[140.12813,35.92008],[140.12767,35.92067],[140.1273,35.92133],[140.12713,35.92254],[140.13052,35.92343],[140.13225,35.92423],[140.13382,35.92519],[140.13413,35.92476]]]},"properties":{"key":"082080102","name":"川原代町","pref":"茨城県","prefCode":"08","municipality":"龍ケ崎市","areaM2":4882842.423,"population":3233,"toponymIds":["08-be33feb3d2","08-1e749f1f33"]}},{"type":"Feature","geometry":{"type":"Polygon","coordinates":[[[139.94167,36.20591],[139.9412,36.20459],[139.94151,36.20402],[139.94094,36.20422],[139.94113,36.20354],[139.94142,36.20345],[139.94139,36.20325],[139.94101,36.2032],[139.94089,36.2026],[139.94099,36.20222],[139.94067,36.20154],[139.94092,36.20099],[139.94138,36.20057],[139.94227,36.20055],[139.94234,36.20086],[139.94255,36.20093],[139.9427,36.20052],[139.94296,36.20036],[139.94232,36.19992],[139.94187,36.20012],[139.94154,36.19994],[139.94205,36.19949],[139.94184,36.19914],[139.9418,36.19854],[139.94251,36.19789],[139.94263,36.19793],[139.94266,36.19846],[139.94295,36.19849],[139.94307,36.19777],[139.94294,36.19767],[139.94175,36.19763],[139.94151,36.19726],[139.94055,36.19694],[139.9379,36.1955],[139.9375,36.19547],[139.93685,36.19553],[139.93644,36.19585],[139.9348,36.19541],[139.93325,36.19608],[139.93179,36.19639],[139.93025,36.19646],[139.92887,36.19627],[139.92689,36.19553],[139.92607,36.19706],[139.92576,36.19714],[139.92435,36.20073],[139.92499,36.20089],[139.92481,36.20133],[139.925,36.20173],[139.92518,36.20176],[139.92533,36.2011],[139.92711,36.20092],[139.92702,36.20202],[139.92782,36.20213],[139.92811,36.20287],[139.92801,36.20315],[139.92915,36.20336],[139.9303,36.20327],[139.93006,36.20193],[139.93282,36.20202],[139.93362,36.20359],[139.93393,36.20369],[139.93372,36.20393],[139.93509,36.20486],[139.93641,36.20514],[139.93661,36.2049],[139.93746,36.20506],[139.93862,36.20473],[139.93964,36.20548],[139.93962,36.20603],[139.93991,36.20627],[139.93994,36.20668],[139.94054,36.20707],[139.94167,36.20591]]]},"properties":{"key":"082100350","name":"前河原","pref":"茨城県","prefCode":"08","municipality":"下妻市","areaM2":1233920.62,"population":997,"toponymIds":["08-d8c2fe72b9"]}},{"type":"Feature","geometry":{"type":"Polygon","coordinates":[[[139.95297,36.11094],[139.95494,36.10956],[139.95578,36.10871],[139.95609,36.10816],[139.95631,36.10649],[139.95725,36.1067],[139.95762,36.10609],[139.95814,36.1059],[139.95905,36.10523],[139.9604,36.10187],[139.96069,36.10151],[139.96174,36.10043],[139.96358,36.09994],[139.9627,36.09874],[139.9618,36.09637],[139.96069,36.09668],[139.96021,36.0971],[139.95863,36.09679],[139.95829,36.09745],[139.95762,36.09784],[139.95763,36.09835],[139.95793,36.09843],[139.95727,36.10082],[139.9569,36.10144],[139.95677,36.10242],[139.95643,36.10226],[139.95538,36.10306],[139.95365,36.10355],[139.95404,36.10427],[139.95177,36.10544],[139.95139,36.10601],[139.95191,36.1066],[139.95276,36.10677],[139.95334,36.10723],[139.95318,36.10757],[139.9527,36.10761],[139.95244,36.10739],[139.95136,36.10742],[139.95095,36.10701],[139.95043,36.1076],[139.94907,36.10726],[139.94872,36.1076],[139.94923,36.10846],[139.94916,36.10893],[139.94934,36.10929],[139.94909,36.1096],[139.94857,36.10964],[139.9482,36.11],[139.94836,36.11113],[139.94922,36.11111],[139.9493,36.11095],[139.95049,36.11083],[139.95088,36.11178],[139.95198,36.11149],[139.95297,36.11094]]]},"properties":{"key":"082110750","name":"蔵持","pref":"茨城県","prefCode":"08","municipality":"常総市","areaM2":756398.467,"population":423,"toponymIds":["08-b82f6d23f2"]}},{"type":"Feature","geometry":{"type":"Polygon","coordinates":[[[139.95315,36.10757],[139.95334,36.10723],[139.95276,36.10677],[139.95191,36.1066],[139.95139,36.10601],[139.95177,36.10544],[139.95404,36.10427],[139.95365,36.10355],[139.95538,36.10306],[139.95643,36.10226],[139.95553,36.10184],[139.95305,36.10305],[139.9498,36.10515],[139.94863,36.105],[139.94889,36.10587],[139.94834,36.10602],[139.94855,36.10687],[139.94805,36.10772],[139.94863,36.1084],[139.94868,36.10913],[139.94781,36.10976],[139.94764,36.10999],[139.94772,36.11032],[139.94829,36.11033],[139.94818,36.11008],[139.94837,36.10979],[139.94909,36.1096],[139.94932,36.10935],[139.94916,36.10893],[139.94923,36.10846],[139.94871,36.10768],[139.94907,36.10726],[139.95043,36.1076],[139.95095,36.10701],[139.9511,36.10702],[139.95136,36.10742],[139.95244,36.10739],[139.9527,36.10761],[139.95315,36.10757]]]},"properties":{"key":"082110760","name":"蔵持新田","pref":"茨城県","prefCode":"08","municipality":"常総市","areaM2":169537.63,"population":24,"toponymIds":["08-cb8b898c78"]}},{"type":"Feature","geometry":{"type":"Polygon","coordinates":[[[139.91933,36.14468],[139.92012,36.14374],[139.92116,36.14292],[139.92128,36.14208],[139.92208,36.14048],[139.9215,36.13834],[139.92197,36.13586],[139.92183,36.13401],[139.92199,36.13334],[139.92327,36.13241],[139.9264,36.13267],[139.92705,36.13225],[139.92752,36.1325],[139.92826,36.1322],[139.9281,36.13197],[139.92858,36.13096],[139.92828,36.13081],[139.92996,36.1288],[139.93004,36.12769],[139.93149,36.12651],[139.93114,36.12598],[139.93175,36.12496],[139.93247,36.12472],[139.93419,36.12338],[139.93492,36.12258],[139.93566,36.12217],[139.93561,36.12114],[139.93539,36.12087],[139.93484,36.12064],[139.9344,36.12067],[139.93249,36.12146],[139.93067,36.12327],[139.93028,36.12313],[139.92964,36.12325],[139.92879,36.12317],[139.92538,36.12218],[139.9223,36.12197],[139.92103,36.12207],[139.92024,36.12235],[139.92043,36.12272],[139.92027,36.12305],[139.91891,36.12302],[139.91879,36.12667],[139.91691,36.1316],[139.91586,36.1358],[139.91342,36.13996],[139.91423,36.14027],[139.91427,36.1396],[139.91498,36.13934],[139.91558,36.13883],[139.91586,36.13894],[139.91582,36.13915],[139.91635,36.13968],[139.91698,36.14115],[139.91791,36.14149],[139.91866,36.14148],[139.91816,36.14459],[139.91841,36.14458],[139.91863,36.14607],[139.91876,36.14544],[139.91933,36.14468]]]},"properties":{"key":"082110630","name":"馬場","pref":"茨城県","prefCode":"08","municipality":"常総市","areaM2":1924813.121,"population":584,"toponymIds":["08-be93c91967"]}},{"type":"Feature","geometry":{"type":"Polygon","coordinates":[[[139.9286,36.11103],[139.92703,36.10883],[139.92725,36.10843],[139.92714,36.10712],[139.92236,36.10363],[139.92249,36.10353],[139.92193,36.1031],[139.92173,36.10322],[139.91894,36.10119],[139.91815,36.10193],[139.91683,36.10093],[139.91538,36.10236],[139.91458,36.10239],[139.91405,36.10281],[139.92412,36.11013],[139.92363,36.11027],[139.92486,36.11338],[139.92561,36.11307],[139.9286,36.11103]]]},"properties":{"key":"082110640","name":"馬場新田","pref":"茨城県","prefCode":"08","municipality":"常総市","areaM2":633924.68,"population":50,"toponymIds":["08-d9d5548860"]}},{"type":"Feature","geometry":{"type":"Polygon","coordinates":[[[140.45845,36.64906],[140.45867,36.64875],[140.45863,36.64845],[140.45799,36.64749],[140.45706,36.64488],[140.4564,36.64382],[140.45673,36.64332],[140.45709,36.64311],[140.4586,36.64268],[140.45883,36.64186],[140.46036,36.64198],[140.46088,36.64114],[140.46074,36.6405],[140.46127,36.63935],[140.46109,36.63883],[140.46085,36.63861],[140.45962,36.6381],[140.4594,36.63668],[140.45884,36.63553],[140.45902,36.63462],[140.45848,36.63398],[140.45773,36.63356],[140.45773,36.63308],[140.45741,36.63268],[140.45741,36.63206],[140.45788,36.63135],[140.45734,36.63052],[140.45736,36.62995],[140.45771,36.62877],[140.45884,36.62734],[140.45855,36.62681],[140.45866,36.62617],[140.4585,36.62581],[140.45942,36.62546],[140.45935,36.62525],[140.45872,36.62514],[140.45876,36.62461],[140.45833,36.62428],[140.45867,36.62398],[140.45951,36.62372],[140.4605,36.62453],[140.46137,36.6249],[140.46205,36.62499],[140.46284,36.62449],[140.46393,36.62428],[140.46459,36.62372],[140.46606,36.62028],[140.46606,36.6192],[140.46634,36.61856],[140.46624,36.61802],[140.4658,36.61722],[140.46576,36.61386],[140.46606,36.61264],[140.46744,36.61058],[140.46739,36.61033],[140.46706,36.61019],[140.46598,36.61071],[140.46448,36.60987],[140.46343,36.60949],[140.46241,36.60931],[140.46171,36.60944],[140.46159,36.60924],[140.46174,36.60759],[140.46214,36.60734],[140.46204,36.60713],[140.46132,36.60742],[140.46137,36.60826],[140.46121,36.60942],[140.46089,36.60959],[140.45949,36.60832],[140.45898,36.60894],[140.45854,36.60913],[140.45799,36.60896],[140.45675,36.60766],[140.45507,36.60832],[140.45257,36.60787],[140.44915,36.60683],[140.44549,36.60461],[140.44303,36.60406],[140.44177,36.60393],[140.44106,36.60403],[140.4391,36.60532],[140.43808,36.60545],[140.43843,36.60767],[140.44001,36.60897],[140.44105,36.61079],[140.44214,36.61066],[140.44249,36.61185],[140.44273,36.61206],[140.44251,36.61224],[140.44207,36.61335],[140.44214,36.61418],[140.44259,36.61468],[140.44277,36.61576],[140.44189,36.61657],[140.44229,36.61745],[140.44337,36.61791],[140.44359,36.61995],[140.4434,36.62061],[140.44415,36.62123],[140.44419,36.62149],[140.44408,36.62234],[140.44311,36.62267],[140.44334,36.62344],[140.44327,36.62434],[140.44297,36.6253],[140.44254,36.62582],[140.44246,36.62618],[140.44267,36.62683],[140.44229,36.6272],[140.44217,36.62833],[140.44317,36.6293],[140.44584,36.62965],[140.44882,36.63125],[140.44823,36.63342],[140.44838,36.63463],[140.44897,36.63544],[140.44898,36.63593],[140.44836,36.63664],[140.44828,36.63714],[140.44846,36.63839],[140.44796,36.63905],[140.44723,36.64156],[140.44693,36.64404],[140.44635,36.64606],[140.44646,36.64724],[140.44814,36.64794],[140.44961,36.64759],[140.45102,36.64769],[140.45181,36.64843],[140.45293,36.64899],[140.4538,36.64891],[140.45447,36.64916],[140.45637,36.65077],[140.45845,36.64906]]]},"properties":{"key":"082120790","name":"赤土町","pref":"茨城県","prefCode":"08","municipality":"常陸太田市","areaM2":6948566.084,"population":204,"toponymIds":["08-052585c803","08-bd25908dd9"]}},{"type":"Feature","geometry":{"type":"Polygon","coordinates":[[[140.49191,36.57567],[140.49343,36.57591],[140.49517,36.57515],[140.49593,36.57451],[140.49712,36.57429],[140.49764,36.57366],[140.49851,36.5738],[140.49962,36.57315],[140.49885,36.57234],[140.49937,36.57182],[140.49906,36.57108],[140.4997,36.57045],[140.4998,36.56985],[140.49956,36.56958],[140.49794,36.56949],[140.49667,36.56808],[140.49733,36.56731],[140.49714,36.56635],[140.49557,36.56552],[140.49421,36.56506],[140.4929,36.5652],[140.49285,36.5642],[140.49274,36.56417],[140.49154,36.56483],[140.49008,36.5648],[140.48837,36.56411],[140.48624,36.56353],[140.48213,36.56251],[140.48112,36.56244],[140.48179,36.56376],[140.48273,36.56466],[140.48324,36.56558],[140.48368,36.56725],[140.48585,36.56972],[140.48651,36.57109],[140.48705,36.57176],[140.48797,36.57359],[140.48823,36.57506],[140.48898,36.57561],[140.4905,36.57609],[140.49062,36.57666],[140.49125,36.57649],[140.49191,36.57567]]]},"properties":{"key":"082120630","name":"芦間町","pref":"茨城県","prefCode":"08","municipality":"常陸太田市","areaM2":1384263.806,"population":268,"toponymIds":["08-0b733e17fd","08-9b85f9b873"]}},{"type":"Feature","geometry":{"type":"Polygon","coordinates":[[[140.52693,36.52729],[140.52762,36.52675],[140.52902,36.52507],[140.53221,36.52348],[140.53468,36.52297],[140.53859,36.51917],[140.53938,36.51742],[140.5391,36.51608],[140.53868,36.51534],[140.53731,36.51507],[140.53712,36.51481],[140.53715,36.51444],[140.53811,36.51348],[140.53786,36.51236],[140.538,36.51194],[140.53787,36.51131],[140.53794,36.51024],[140.53688,36.51024],[140.53614,36.51109],[140.53507,36.51107],[140.53305,36.51165],[140.53046,36.51459],[140.52733,36.51543],[140.5259,36.5155],[140.52494,36.51644],[140.52425,36.51679],[140.52349,36.51761],[140.52507,36.51985],[140.52567,36.52137],[140.5236,36.52225],[140.52371,36.52248],[140.52421,36.52262],[140.52427,36.52298],[140.524,36.52309],[140.52409,36.52346],[140.52312,36.52368],[140.52269,36.52396],[140.52176,36.52408],[140.5217,36.52435],[140.52053,36.52433],[140.51965,36.52383],[140.51814,36.52412],[140.51909,36.52663],[140.5202,36.52658],[140.52246,36.52724],[140.52327,36.52777],[140.52359,36.52747],[140.52403,36.52746],[140.52453,36.52721],[140.52665,36.52797],[140.52693,36.52729]]]},"properties":{"key":"082120350","name":"磯部町","pref":"茨城県","prefCode":"08","municipality":"常陸太田市","areaM2":1683792.65,"population":916,"toponymIds":["08-5943900220","08-8808577d7a"]}},{"type":"Feature","geometry":{"type":"Polygon","coordinates":[[[140.52283,36.67031],[140.52105,36.67023],[140.52043,36.66944],[140.51997,36.66911],[140.51806,36.66847],[140.51642,36.66879],[140.51483,36.66881],[140.514,36.66912],[140.51392,36.66966],[140.51356,36.66996],[140.51366,36.67055],[140.51295,36.67109],[140.51301,36.67165],[140.51246,36.67188],[140.51231,36.67256],[140.51202,36.67295],[140.51188,36.6737],[140.51198,36.6743],[140.51153,36.67462],[140.51143,36.67507],[140.511,36.67535],[140.51122,36.67602],[140.51077,36.6766],[140.51074,36.67697],[140.51022,36.67744],[140.51032,36.6779],[140.50996,36.67863],[140.50994,36.67958],[140.51731,36.68142],[140.51892,36.68188],[140.51933,36.68226],[140.52008,36.68177],[140.52056,36.68084],[140.52053,36.68037],[140.51963,36.6791],[140.51938,36.6783],[140.51984,36.67758],[140.52075,36.67747],[140.52192,36.67773],[140.52228,36.67731],[140.52246,36.67679],[140.52244,36.67626],[140.52174,36.67419],[140.52191,36.67393],[140.52285,36.67364],[140.52292,36.67348],[140.5226,36.67238],[140.52283,36.67031]]]},"properties":{"key":"082121020","name":"大菅町","pref":"茨城県","prefCode":"08","municipality":"常陸太田市","areaM2":1192082.728,"population":77,"toponymIds":["08-f92319b29b","08-229c1c8cd3","08-b5f1034cde"]}},{"type":"Feature","geometry":{"type":"Polygon","coordinates":[[[140.54165,36.68558],[140.54275,36.68559],[140.54444,36.68521],[140.54422,36.68485],[140.54408,36.68409],[140.54542,36.68253],[140.54556,36.68161],[140.54661,36.68082],[140.54688,36.68021],[140.54771,36.67959],[140.54901,36.68025],[140.54981,36.67943],[140.54992,36.67917],[140.54977,36.6788],[140.54852,36.67735],[140.54891,36.67699],[140.54999,36.67663],[140.55014,36.67643],[140.55018,36.6761],[140.54995,36.67572],[140.54921,36.67504],[140.54891,36.67382],[140.54952,36.67323],[140.54964,36.67275],[140.55015,36.67197],[140.54985,36.67167],[140.54778,36.67054],[140.54769,36.66973],[140.54938,36.66928],[140.54923,36.66809],[140.54961,36.66773],[140.54958,36.66754],[140.54908,36.6664],[140.54867,36.6661],[140.54771,36.66658],[140.54654,36.66665],[140.54616,36.66686],[140.54569,36.66749],[140.545,36.66771],[140.54314,36.66685],[140.54146,36.66628],[140.54108,36.66596],[140.54045,36.66498],[140.54017,36.66373],[140.54029,36.66274],[140.5419,36.66183],[140.5418,36.6582],[140.54135,36.65775],[140.54085,36.6559],[140.54117,36.65462],[140.53948,36.65433],[140.53795,36.65382],[140.53768,36.65391],[140.53753,36.6542],[140.53717,36.65547],[140.536,36.65567],[140.5356,36.65606],[140.53431,36.65607],[140.53341,36.65554],[140.53261,36.65352],[140.53169,36.65258],[140.53079,36.65082],[140.52725,36.65005],[140.52634,36.65016],[140.52583,36.65041],[140.52516,36.65116],[140.52464,36.65137],[140.52183,36.65143],[140.51977,36.65115],[140.51797,36.65147],[140.51783,36.65205],[140.51819,36.65273],[140.51819,36.65313],[140.51794,36.65443],[140.51739,36.65513],[140.51781,36.65637],[140.51762,36.65778],[140.51768,36.65846],[140.51621,36.66076],[140.51622,36.66148],[140.51572,36.66214],[140.51541,36.66384],[140.51588,36.66479],[140.51559,36.66571],[140.51474,36.66683],[140.51437,36.6678],[140.51392,36.66818],[140.51389,36.66854],[140.514,36.66912],[140.51483,36.66881],[140.51642,36.66879],[140.51806,36.66847],[140.51997,36.66911],[140.52043,36.66944],[140.52105,36.67023],[140.52283,36.67031],[140.5226,36.67238],[140.52292,36.67348],[140.52285,36.67364],[140.52191,36.67393],[140.52174,36.67419],[140.52244,36.67626],[140.5224,36.67701],[140.52192,36.67773],[140.52075,36.67747],[140.52014,36.67751],[140.51984,36.67758],[140.51944,36.6781],[140.51944,36.67864],[140.51963,36.6791],[140.52049,36.68018],[140.52056,36.68084],[140.52008,36.68177],[140.51933,36.68226],[140.51922,36.68273],[140.51934,36.68303],[140.52033,36.68426],[140.52076,36.68456],[140.52245,36.68535],[140.52531,36.68719],[140.52591,36.68738],[140.52742,36.68705],[140.53081,36.68573],[140.53261,36.68438],[140.53357,36.68437],[140.5351,36.68461],[140.53565,36.68496],[140.53583,36.68559],[140.53613,36.68585],[140.53893,36.68751],[140.54029,36.68903],[140.54087,36.68858],[140.54092,36.68802],[140.54174,36.68653],[140.54165,36.68558]]]},"properties":{"key":"082121030","name":"上深荻町","pref":"茨城県","prefCode":"08","municipality":"常陸太田市","areaM2":8732296.651,"population":274,"toponymIds":["08-eef228c0a2","08-860371fd9f"]}},{"type":"Feature","geometry":{"type":"Polygon","coordinates":[[[140.51575,36.71285],[140.51812,36.71287],[140.52032,36.71189],[140.52296,36.71129],[140.52676,36.71005],[140.52704,36.70977],[140.52884,36.71053],[140.52946,36.71071],[140.5311,36.71079],[140.53515,36.71208],[140.53613,36.71213],[140.53691,36.71195],[140.53742,36.71169],[140.53801,36.71109],[140.53956,36.70858],[140.54038,36.70791],[140.54025,36.70765],[140.54032,36.70703],[140.54142,36.70569],[140.54093,36.70431],[140.54097,36.70401],[140.54184,36.70318],[140.54227,36.70181],[140.54267,36.70136],[140.54173,36.69936],[140.54055,36.69888],[140.53948,36.69771],[140.53922,36.69763],[140.53859,36.6978],[140.5377,36.69735],[140.53764,36.69716],[140.5376,36.69683],[140.53807,36.69621],[140.53856,36.69463],[140.53928,36.69416],[140.53939,36.69357],[140.53885,36.69283],[140.53911,36.69206],[140.53908,36.69133],[140.53937,36.69049],[140.53939,36.68969],[140.53968,36.68933],[140.54029,36.68903],[140.53893,36.68751],[140.53613,36.68585],[140.53583,36.68559],[140.53565,36.68496],[140.5353,36.68468],[140.53357,36.68437],[140.53261,36.68438],[140.53081,36.68573],[140.52742,36.68705],[140.52626,36.68737],[140.52562,36.68733],[140.52245,36.68535],[140.52033,36.68426],[140.51924,36.68286],[140.51933,36.68226],[140.51914,36.68198],[140.50994,36.67958],[140.50998,36.68004],[140.50973,36.68106],[140.50939,36.68142],[140.50885,36.68371],[140.50838,36.68436],[140.50768,36.68477],[140.50655,36.6851],[140.50493,36.68511],[140.50379,36.6856],[140.5027,36.68574],[140.50108,36.68529],[140.50062,36.68418],[140.49979,36.68344],[140.49954,36.68417],[140.49815,36.68463],[140.49715,36.68535],[140.49627,36.68506],[140.4942,36.68686],[140.49327,36.68716],[140.49284,36.6875],[140.49266,36.68789],[140.4927,36.68973],[140.49233,36.69076],[140.4913,36.69162],[140.49088,36.69232],[140.4902,36.69437],[140.48941,36.69488],[140.48999,36.69562],[140.48963,36.69627],[140.48989,36.69678],[140.48963,36.69712],[140.48992,36.69775],[140.48981,36.69856],[140.49074,36.69915],[140.49172,36.70005],[140.4923,36.70075],[140.49248,36.70142],[140.49341,36.70261],[140.49627,36.70475],[140.49859,36.70782],[140.49976,36.7091],[140.50136,36.71001],[140.50262,36.7104],[140.50605,36.71061],[140.50693,36.7108],[140.51113,36.71291],[140.51317,36.71359],[140.51426,36.7135],[140.51575,36.71285]]]},"properties":{"key":"082121010","name":"小菅町","pref":"茨城県","prefCode":"08","municipality":"常陸太田市","areaM2":12392924.978,"population":333,"toponymIds":["08-460018296a","08-2bc887561d"]}},{"type":"Feature","geometry":{"type":"Polygon","coordinates":[[[140.47984,36.71338],[140.48049,36.71263],[140.48048,36.71223],[140.48116,36.71153],[140.48198,36.71152],[140.48329,36.71083],[140.48326,36.70917],[140.48405,36.70717],[140.48388,36.70619],[140.48444,36.70549],[140.48513,36.70511],[140.4855,36.70393],[140.48726,36.70267],[140.48713,36.70161],[140.48806,36.69942],[140.48863,36.69899],[140.48982,36.69855],[140.4899,36.69756],[140.48963,36.69712],[140.48989,36.69678],[140.48963,36.69627],[140.48999,36.69562],[140.48941,36.69488],[140.4902,36.69437],[140.49088,36.69232],[140.4913,36.69162],[140.49233,36.69076],[140.4927,36.68973],[140.49266,36.68789],[140.48963,36.68785],[140.48906,36.68804],[140.48804,36.68878],[140.48466,36.68937],[140.4834,36.68991],[140.48249,36.68992],[140.48155,36.68952],[140.4791,36.68745],[140.47845,36.68711],[140.47752,36.68716],[140.47686,36.68699],[140.47669,36.6868],[140.47663,36.68623],[140.47563,36.68598],[140.47494,36.68606],[140.4738,36.68588],[140.47316,36.68567],[140.47244,36.68517],[140.47171,36.68524],[140.46967,36.68465],[140.46906,36.68487],[140.46872,36.68482],[140.46723,36.68405],[140.46565,36.68407],[140.46488,36.6831],[140.4642,36.68273],[140.46372,36.68279],[140.46281,36.68321],[140.46266,36.68343],[140.46306,36.68441],[140.46301,36.68484],[140.46246,36.68539],[140.46199,36.68539],[140.46083,36.68445],[140.4599,36.68412],[140.45974,36.68392],[140.45977,36.68305],[140.45963,36.68276],[140.45927,36.68258],[140.45855,36.6826],[140.45786,36.68318],[140.45771,36.68424],[140.45696,36.68455],[140.45594,36.68539],[140.4558,36.68575],[140.45611,36.68654],[140.45594,36.68679],[140.45376,36.68815],[140.45342,36.68884],[140.45277,36.68918],[140.45201,36.69003],[140.45177,36.6914],[140.4521,36.69241],[140.45155,36.69304],[140.45135,36.69365],[140.45104,36.69363],[140.45063,36.69308],[140.45031,36.69289],[140.44944,36.6932],[140.4492,36.69346],[140.4492,36.69383],[140.44857,36.69406],[140.44816,36.69402],[140.44663,36.69338],[140.44585,36.69354],[140.44478,36.69431],[140.44442,36.69517],[140.44405,36.69531],[140.44413,36.69555],[140.44488,36.696],[140.44421,36.6972],[140.44367,36.69761],[140.44303,36.69847],[140.44202,36.69867],[140.4417,36.69891],[140.44244,36.6997],[140.44297,36.69978],[140.44378,36.6996],[140.44467,36.70058],[140.44438,36.70129],[140.44363,36.70148],[140.44329,36.70186],[140.44348,36.70241],[140.44335,36.70255],[140.44314,36.70257],[140.44253,36.70207],[140.44163,36.70252],[140.44173,36.70294],[140.44475,36.7034],[140.44782,36.70451],[140.44967,36.70588],[140.45119,36.70638],[140.45265,36.70724],[140.45424,36.70936],[140.45536,36.70999],[140.46279,36.71114],[140.46283,36.711],[140.46349,36.71115],[140.46604,36.7106],[140.46917,36.71162],[140.47364,36.712],[140.47716,36.71274],[140.47907,36.71336],[140.47984,36.71338]]]},"properties":{"key":"082120920","name":"下高倉町","pref":"茨城県","prefCode":"08","municipality":"常陸太田市","areaM2":9807598.837,"population":197,"toponymIds":["08-d009ea25ca","08-d6b8bebe6b","08-2515b28c08","08-68cf3c04f5"]}},{"type":"Feature","geometry":{"type":"Polygon","coordinates":[[[140.46379,36.55868],[140.46405,36.55871],[140.46424,36.55985],[140.46508,36.55994],[140.46629,36.5605],[140.46761,36.56036],[140.46845,36.55951],[140.46897,36.55969],[140.47045,36.55983],[140.47213,36.55969],[140.47294,36.55977],[140.47379,36.55932],[140.47395,36.55956],[140.47487,36.55781],[140.47581,36.55677],[140.47597,36.55418],[140.47322,36.55356],[140.47276,36.55321],[140.47266,36.55243],[140.47288,36.55131],[140.47209,36.54917],[140.47186,36.54892],[140.47115,36.54931],[140.46998,36.54902],[140.46881,36.54896],[140.46501,36.54958],[140.46206,36.54825],[140.46182,36.54836],[140.46149,36.54948],[140.4609,36.55073],[140.46246,36.55142],[140.46255,36.55163],[140.46105,36.55281],[140.4606,36.5534],[140.46057,36.55363],[140.46106,36.55479],[140.46135,36.55681],[140.46103,36.55767],[140.46028,36.55815],[140.46,36.55993],[140.46003,36.56121],[140.46317,36.56101],[140.46356,36.55875],[140.46379,36.55868]]]},"properties":{"key":"082120690","name":"高柿町","pref":"茨城県","prefCode":"08","municipality":"常陸太田市","areaM2":1433948.87,"population":348,"toponymIds":["08-a6abfb911c","08-5ea8d467da"]}},{"type":"Feature","geometry":{"type":"Polygon","coordinates":[[[140.51511,36.52481],[140.51591,36.52482],[140.51861,36.52394],[140.51965,36.52383],[140.52053,36.52433],[140.5217,36.52435],[140.52176,36.52408],[140.52269,36.52396],[140.52312,36.52368],[140.52409,36.52346],[140.524,36.52309],[140.52427,36.52298],[140.52421,36.52262],[140.52371,36.52248],[140.5236,36.52225],[140.52567,36.52137],[140.52507,36.51985],[140.52349,36.51761],[140.52425,36.51679],[140.52494,36.51644],[140.5259,36.5155],[140.52733,36.51543],[140.53046,36.51459],[140.53305,36.51165],[140.53507,36.51107],[140.53614,36.51109],[140.53688,36.51024],[140.53794,36.51024],[140.53764,36.50987],[140.53787,36.50927],[140.53783,36.50834],[140.53829,36.50726],[140.53895,36.50662],[140.53785,36.50578],[140.5373,36.50654],[140.5375,36.50669],[140.53637,36.50735],[140.53525,36.50781],[140.53484,36.50719],[140.53168,36.50836],[140.53215,36.50912],[140.51991,36.5143],[140.51919,36.51324],[140.51084,36.51692],[140.51167,36.51819],[140.51345,36.51805],[140.51279,36.51877],[140.51298,36.51933],[140.51359,36.51958],[140.51376,36.5201],[140.51352,36.52044],[140.51371,36.52104],[140.51437,36.52158],[140.51421,36.52269],[140.51478,36.52307],[140.51485,36.52328],[140.51521,36.52329],[140.51515,36.52359],[140.51588,36.52412],[140.51612,36.52454],[140.51537,36.52461],[140.51431,36.52406],[140.51439,36.52472],[140.51392,36.52475],[140.51406,36.5249],[140.51389,36.52502],[140.51402,36.52537],[140.51446,36.52549],[140.51511,36.52481]]]},"properties":{"key":"082120360","name":"谷河原町","pref":"茨城県","prefCode":"08","municipality":"常陸太田市","areaM2":1682443.546,"population":416,"toponymIds":["08-7b7b6cd958","08-d28c6bd6ef"]}},{"type":"Feature","geometry":{"type":"Polygon","coordinates":[[[140.74213,36.78813],[140.74148,36.78737],[140.74056,36.78781],[140.73912,36.78995],[140.73878,36.79009],[140.73932,36.79053],[140.74115,36.78864],[140.74213,36.78813]]]},"properties":{"key":"08215015000","name":"磯原町磯原","pref":"茨城県","prefCode":"08","municipality":"北茨城市","areaM2":30430.738,"population":0,"toponymIds":["08-193160828d","08-8d46e8fe92"]}},{"type":"Feature","geometry":{"type":"Polygon","coordinates":[[[140.67748,36.83171],[140.67957,36.82958],[140.68127,36.82872],[140.68146,36.82823],[140.68335,36.82622],[140.68633,36.82489],[140.6867,36.8242],[140.68648,36.82371],[140.68912,36.82248],[140.69,36.8227],[140.69058,36.82158],[140.69199,36.82111],[140.69241,36.82037],[140.69336,36.81985],[140.69433,36.81966],[140.69475,36.81876],[140.69512,36.81852],[140.69572,36.81698],[140.6969,36.81632],[140.69708,36.81557],[140.69761,36.81501],[140.69758,36.81432],[140.69738,36.81387],[140.69785,36.81341],[140.6979,36.81293],[140.69889,36.81219],[140.69854,36.81141],[140.69958,36.81114],[140.69998,36.81021],[140.70159,36.80881],[140.70107,36.80812],[140.70202,36.80769],[140.70255,36.80696],[140.70374,36.8067],[140.70408,36.8054],[140.70497,36.80507],[140.70567,36.80411],[140.70385,36.80421],[140.70278,36.80452],[140.70014,36.80578],[140.69853,36.80612],[140.69782,36.80645],[140.69683,36.80743],[140.6967,36.808],[140.69602,36.80836],[140.69521,36.80919],[140.69464,36.80912],[140.69388,36.80981],[140.69334,36.80984],[140.69231,36.81067],[140.69038,36.81172],[140.69028,36.812],[140.69072,36.81221],[140.68918,36.8126],[140.68819,36.81225],[140.68799,36.81258],[140.68772,36.81267],[140.68727,36.81243],[140.68744,36.81177],[140.68664,36.81169],[140.68591,36.81133],[140.6877,36.80268],[140.68917,36.79773],[140.69025,36.79519],[140.68985,36.78949],[140.68953,36.78879],[140.68845,36.78778],[140.68499,36.78353],[140.68388,36.78425],[140.6831,36.78503],[140.68407,36.78547],[140.68389,36.78621],[140.68311,36.78595],[140.68139,36.7869],[140.68067,36.78719],[140.67976,36.7873],[140.67826,36.78796],[140.67811,36.78827],[140.67759,36.78813],[140.67687,36.78869],[140.67386,36.79012],[140.67266,36.79146],[140.67205,36.79188],[140.67196,36.79219],[140.67149,36.79198],[140.67128,36.79244],[140.67113,36.79366],[140.67038,36.79417],[140.66989,36.79487],[140.67007,36.79647],[140.67037,36.79689],[140.67076,36.79712],[140.67343,36.7973],[140.67449,36.79705],[140.67483,36.79711],[140.67602,36.79793],[140.6777,36.79835],[140.67832,36.79937],[140.6796,36.80048],[140.67975,36.80084],[140.67949,36.80124],[140.67827,36.80214],[140.67802,36.80262],[140.67806,36.8034],[140.67752,36.80437],[140.6765,36.80453],[140.6758,36.805],[140.6759,36.80554],[140.67568,36.80609],[140.676,36.80722],[140.67531,36.80733],[140.67429,36.80786],[140.6737,36.80779],[140.67307,36.80796],[140.67205,36.8076],[140.67138,36.80768],[140.6706,36.80812],[140.66934,36.80815],[140.66879,36.8084],[140.66863,36.80891],[140.66835,36.8091],[140.66759,36.80935],[140.6668,36.80915],[140.66559,36.80839],[140.66506,36.80837],[140.66485,36.80849],[140.66465,36.80921],[140.66419,36.80951],[140.66314,36.80969],[140.66275,36.80998],[140.66195,36.81013],[140.6609,36.80996],[140.65975,36.81042],[140.65953,36.81078],[140.65899,36.81105],[140.65743,36.81129],[140.65677,36.81245],[140.6565,36.81359],[140.65587,36.81408],[140.65592,36.81543],[140.6552,36.81587],[140.65506,36.81646],[140.65366,36.81676],[140.65323,36.81893],[140.65343,36.82056],[140.65228,36.82051],[140.65147,36.82019],[140.65082,36.8204],[140.64995,36.82197],[140.64967,36.82219],[140.64892,36.82237],[140.64811,36.8239],[140.64705,36.82466],[140.64614,36.82597],[140.6459,36.82714],[140.64516,36.8283],[140.64505,36.82891],[140.64442,36.82947],[140.6444,36.83011],[140.64353,36.83053],[140.64177,36.83068],[140.64128,36.83146],[140.64124,36.83286],[140.64188,36.83377],[140.6412,36.83384],[140.64234,36.83376],[140.64234,36.83349],[140.64291,36.83254],[140.64624,36.83239],[140.64716,36.83251],[140.64741,36.83226],[140.6488,36.83198],[140.65034,36.83222],[140.65256,36.83305],[140.6536,36.83286],[140.65563,36.83367],[140.65875,36.83092],[140.65994,36.83097],[140.66025,36.83122],[140.66029,36.8315],[140.6608,36.83175],[140.66197,36.83169],[140.66283,36.83101],[140.66302,36.83063],[140.66551,36.83012],[140.66688,36.82956],[140.6674,36.82961],[140.66785,36.83008],[140.66855,36.83043],[140.66954,36.83035],[140.67035,36.83072],[140.67053,36.83169],[140.67134,36.83181],[140.67246,36.83254],[140.6726,36.8333],[140.67308,36.83418],[140.67357,36.83469],[140.67389,36.83475],[140.67487,36.8344],[140.67748,36.83171]]]},"properties":{"key":"082150100","name":"磯原町内野","pref":"茨城県","prefCode":"08","municipality":"北茨城市","areaM2":12135778.112,"population":115,"toponymIds":["08-e971cb252a"]}},{"type":"Feature","geometry":{"type":"Polygon","coordinates":[[[140.68813,36.81229],[140.68857,36.81229],[140.68918,36.8126],[140.6908,36.81218],[140.69028,36.812],[140.69038,36.81172],[140.69231,36.81067],[140.69334,36.80984],[140.69388,36.80981],[140.69464,36.80912],[140.69521,36.80919],[140.69602,36.80836],[140.6967,36.808],[140.69683,36.80743],[140.69761,36.80658],[140.69853,36.80612],[140.70014,36.80578],[140.70278,36.80452],[140.70385,36.80421],[140.70587,36.80407],[140.70811,36.803],[140.70888,36.80285],[140.70991,36.80122],[140.70998,36.80078],[140.70967,36.80022],[140.70881,36.79962],[140.7086,36.79915],[140.7089,36.79843],[140.70894,36.79728],[140.70843,36.79741],[140.70785,36.79726],[140.70764,36.79705],[140.70771,36.79656],[140.70788,36.79629],[140.70849,36.79608],[140.709,36.79548],[140.71002,36.79478],[140.70986,36.79358],[140.71092,36.79156],[140.71148,36.79116],[140.71245,36.79095],[140.71196,36.78996],[140.71216,36.78955],[140.71247,36.78945],[140.71325,36.78959],[140.71402,36.79003],[140.71447,36.79063],[140.71637,36.79039],[140.71869,36.7896],[140.71781,36.78857],[140.71726,36.78732],[140.71549,36.78609],[140.71297,36.78564],[140.71259,36.78545],[140.71169,36.78588],[140.71088,36.7852],[140.71007,36.78573],[140.70935,36.78559],[140.70859,36.78507],[140.70791,36.78521],[140.70711,36.78556],[140.70709,36.78572],[140.70594,36.78582],[140.70601,36.78563],[140.70428,36.785],[140.70254,36.78458],[140.70049,36.78336],[140.6981,36.78357],[140.69758,36.78345],[140.69696,36.78362],[140.69515,36.78313],[140.69106,36.7833],[140.69008,36.78304],[140.68865,36.7836],[140.68832,36.78333],[140.68534,36.78328],[140.68499,36.78353],[140.68845,36.78778],[140.68953,36.78879],[140.68985,36.78949],[140.69025,36.79519],[140.68917,36.79773],[140.6877,36.80268],[140.68591,36.81133],[140.68664,36.81169],[140.68744,36.81177],[140.68724,36.81231],[140.68744,36.81255],[140.68788,36.81264],[140.68813,36.81229]]]},"properties":{"key":"082150110","name":"磯原町大塚","pref":"茨城県","prefCode":"08","municipality":"北茨城市","areaM2":5239432.784,"population":1483,"toponymIds":["08-8d2f18b959"]}},{"type":"Feature","geometry":{"type":"Polygon","coordinates":[[[140.71264,36.81338],[140.7138,36.81281],[140.71546,36.81327],[140.71642,36.81202],[140.71686,36.81113],[140.71866,36.81009],[140.7189,36.80969],[140.71906,36.80848],[140.7196,36.80844],[140.72107,36.80567],[140.72157,36.80525],[140.72389,36.80403],[140.72563,36.80352],[140.72659,36.80333],[140.72755,36.80349],[140.72826,36.80387],[140.72612,36.79986],[140.72607,36.79924],[140.7256,36.7983],[140.72584,36.79768],[140.7262,36.79761],[140.72671,36.79784],[140.72686,36.79765],[140.72728,36.79761],[140.72735,36.79662],[140.72762,36.79629],[140.72754,36.79608],[140.72732,36.79594],[140.72658,36.79615],[140.72624,36.79602],[140.72554,36.79611],[140.72426,36.79567],[140.72289,36.79707],[140.72206,36.79681],[140.72182,36.79685],[140.72145,36.79731],[140.72159,36.79437],[140.71842,36.79566],[140.71783,36.7947],[140.71611,36.79539],[140.71603,36.79525],[140.71538,36.79512],[140.71522,36.79527],[140.715,36.79518],[140.71515,36.79622],[140.7143,36.79647],[140.71449,36.79712],[140.71439,36.79734],[140.71414,36.79725],[140.71367,36.79747],[140.71352,36.79729],[140.71226,36.79868],[140.71059,36.79979],[140.7107,36.80002],[140.7103,36.80003],[140.70998,36.80078],[140.71014,36.80418],[140.7099,36.80524],[140.70942,36.80617],[140.70904,36.80742],[140.70881,36.80874],[140.70904,36.81125],[140.70844,36.81244],[140.70785,36.81467],[140.70797,36.8156],[140.7119,36.81385],[140.71264,36.81338]]]},"properties":{"key":"082150130","name":"磯原町上相田","pref":"茨城県","prefCode":"08","municipality":"北茨城市","areaM2":2221663.723,"population":1176,"toponymIds":["08-30021196ca"]}},{"type":"Feature","geometry":{"type":"Polygon","coordinates":[[[140.69863,36.81603],[140.70046,36.81602],[140.70205,36.81544],[140.70232,36.81518],[140.7027,36.81517],[140.70316,36.8156],[140.7034,36.81557],[140.70482,36.81495],[140.70462,36.8146],[140.70496,36.81407],[140.70472,36.81375],[140.70502,36.81359],[140.70613,36.81229],[140.70639,36.81258],[140.70672,36.81243],[140.70655,36.81191],[140.70682,36.81101],[140.70726,36.81057],[140.70697,36.81029],[140.7074,36.80971],[140.70676,36.80926],[140.70724,36.80871],[140.70701,36.80808],[140.70763,36.80764],[140.70749,36.80725],[140.70769,36.80716],[140.70768,36.80641],[140.70746,36.80576],[140.70757,36.80556],[140.70838,36.80528],[140.7085,36.80507],[140.70899,36.805],[140.70902,36.80487],[140.70861,36.80464],[140.70862,36.80395],[140.7091,36.80321],[140.70907,36.80303],[140.70942,36.80308],[140.70977,36.8029],[140.71005,36.80237],[140.70999,36.80097],[140.70888,36.80285],[140.70811,36.803],[140.70551,36.80421],[140.70497,36.80507],[140.70408,36.8054],[140.70374,36.8067],[140.70255,36.80696],[140.70202,36.80769],[140.70113,36.80806],[140.70108,36.80822],[140.70159,36.80881],[140.69998,36.81021],[140.69949,36.81122],[140.69854,36.81141],[140.69889,36.81219],[140.6979,36.81293],[140.69785,36.81341],[140.69738,36.81387],[140.69758,36.81432],[140.69761,36.81501],[140.69708,36.81557],[140.6969,36.81632],[140.69572,36.81698],[140.69525,36.81813],[140.6968,36.81751],[140.69751,36.8166],[140.69863,36.81603]]]},"properties":{"key":"082150120","name":"磯原町木皿","pref":"茨城県","prefCode":"08","municipality":"北茨城市","areaM2":758769.775,"population":0,"toponymIds":["08-0af878396a","08-ed8b8e153b","08-0f12ea6a64"]}},{"type":"Feature","geometry":{"type":"Polygon","coordinates":[[[140.73003,36.80164],[140.73158,36.80159],[140.73243,36.80137],[140.73391,36.79922],[140.73442,36.79882],[140.73548,36.79867],[140.73526,36.79838],[140.73559,36.79746],[140.73547,36.79745],[140.73543,36.7971],[140.735,36.79703],[140.73494,36.79676],[140.73408,36.79664],[140.7341,36.79561],[140.73392,36.79558],[140.73441,36.79473],[140.73419,36.79473],[140.73427,36.79204],[140.73468,36.79195],[140.73469,36.79132],[140.73616,36.79132],[140.73771,36.79109],[140.73824,36.79025],[140.73912,36.78995],[140.73992,36.78889],[140.74034,36.78798],[140.73933,36.78781],[140.73567,36.78813],[140.73028,36.78826],[140.72917,36.78812],[140.72812,36.78981],[140.72801,36.79041],[140.72702,36.7907],[140.72671,36.79135],[140.72603,36.79196],[140.7228,36.79341],[140.72356,36.79362],[140.7245,36.79453],[140.72434,36.79492],[140.72453,36.79538],[140.72426,36.79567],[140.72554,36.79611],[140.72624,36.79602],[140.72658,36.79615],[140.72732,36.79594],[140.72761,36.7962],[140.72735,36.79662],[140.72728,36.79761],[140.72686,36.79765],[140.72671,36.79784],[140.7262,36.79761],[140.72584,36.79768],[140.7256,36.7983],[140.72607,36.79924],[140.72612,36.79986],[140.72826,36.80387],[140.7288,36.80235],[140.72915,36.80199],[140.73003,36.80164]]]},"properties":{"key":"08215014000","name":"磯原町豊田","pref":"茨城県","prefCode":"08","municipality":"北茨城市","areaM2":1241167.84,"population":1266,"toponymIds":["08-c7deeb5608"]}},{"type":"Feature","geometry":{"type":"Polygon","coordinates":[[[140.74495,36.78971],[140.7452,36.78966],[140.74663,36.78718],[140.74593,36.78694],[140.74444,36.78678],[140.74336,36.78682],[140.74148,36.78737],[140.74213,36.78813],[140.74363,36.78933],[140.7448,36.78997],[140.74495,36.78971]]]},"properties":{"key":"08215016001","name":"磯原町本町一丁目","pref":"茨城県","prefCode":"08","municipality":"北茨城市","areaM2":95513.295,"population":119,"toponymIds":["08-813f4bf688"]}},{"type":"Feature","geometry":{"type":"Polygon","coordinates":[[[140.73684,36.77599],[140.73786,36.7758],[140.73802,36.77602],[140.73908,36.77562],[140.73943,36.77582],[140.74001,36.77568],[140.7417,36.77519],[140.74394,36.77427],[140.74364,36.77431],[140.74393,36.77411],[140.74329,36.77293],[140.74316,36.77192],[140.74258,36.77082],[140.74164,36.76785],[140.74107,36.76692],[140.74082,36.76606],[140.73914,36.76272],[140.73832,36.76072],[140.73783,36.75899],[140.73764,36.75874],[140.737,36.75849],[140.73672,36.75775],[140.73633,36.75762],[140.73583,36.75766],[140.73644,36.7587],[140.73708,36.76225],[140.7371,36.76318],[140.73674,36.7619],[140.73618,36.76099],[140.73568,36.7604],[140.73482,36.75979],[140.73499,36.75998],[140.735,36.76047],[140.73466,36.76067],[140.73478,36.76099],[140.73464,36.76111],[140.73501,36.76139],[140.73462,36.76189],[140.7351,36.76191],[140.73507,36.76263],[140.73585,36.76226],[140.73624,36.76317],[140.7369,36.76274],[140.73701,36.76335],[140.73684,36.763],[140.73666,36.763],[140.7361,36.76343],[140.73604,36.76369],[140.73512,36.76295],[140.73516,36.76344],[140.73594,36.76373],[140.73574,36.76389],[140.73578,36.76442],[140.73566,36.76455],[140.73577,36.7652],[140.73548,36.76535],[140.73567,36.76553],[140.7356,36.76569],[140.73543,36.76558],[140.73512,36.76587],[140.73527,36.76599],[140.73407,36.76658],[140.73422,36.76692],[140.73365,36.76691],[140.73272,36.76735],[140.7329,36.76803],[140.73281,36.7727],[140.73291,36.77323],[140.7342,36.77296],[140.73436,36.77417],[140.73408,36.77431],[140.73446,36.77604],[140.73541,36.77582],[140.73545,36.77617],[140.73684,36.77599]]]},"properties":{"key":"082150030","name":"中郷町足洗","pref":"茨城県","prefCode":"08","municipality":"北茨城市","areaM2":1112475.405,"population":825,"toponymIds":["08-3a2cc973c2","08-69f20064a4"]}},{"type":"Feature","geometry":{"type":"Polygon","coordinates":[[[140.6814,36.85139],[140.68314,36.85144],[140.68425,36.85181],[140.68472,36.85181],[140.68525,36.85146],[140.68614,36.8505],[140.68668,36.85039],[140.68696,36.85078],[140.68681,36.8517],[140.68628,36.85273],[140.68651,36.8531],[140.68748,36.85338],[140.68903,36.85274],[140.68967,36.85268],[140.69078,36.85151],[140.69067,36.85122],[140.68994,36.85092],[140.68927,36.84939],[140.68961,36.84829],[140.68928,36.84747],[140.68928,36.84652],[140.68987,36.84625],[140.69095,36.84618],[140.69158,36.84561],[140.69054,36.84494],[140.69035,36.84463],[140.69036,36.84426],[140.69063,36.84409],[140.69184,36.84411],[140.69413,36.84287],[140.69439,36.84237],[140.69402,36.84174],[140.69405,36.84136],[140.69426,36.84114],[140.69537,36.84131],[140.69607,36.84165],[140.69657,36.84153],[140.69711,36.83929],[140.69833,36.83903],[140.69869,36.8385],[140.69867,36.83776],[140.69823,36.83735],[140.69823,36.837],[140.69799,36.83677],[140.6981,36.83657],[140.7003,36.83499],[140.70202,36.83454],[140.70264,36.83394],[140.70314,36.83287],[140.70363,36.83226],[140.70518,36.83123],[140.7049,36.83016],[140.70519,36.82866],[140.70501,36.82773],[140.70527,36.82696],[140.7059,36.82682],[140.70673,36.827],[140.70732,36.82695],[140.70753,36.8266],[140.70729,36.82574],[140.70923,36.82557],[140.70965,36.82388],[140.71024,36.82343],[140.71218,36.82266],[140.71217,36.82147],[140.71224,36.82121],[140.7126,36.82091],[140.71475,36.82098],[140.71555,36.82035],[140.71698,36.81977],[140.7169,36.81831],[140.71716,36.81771],[140.71586,36.81744],[140.71492,36.81651],[140.71304,36.81791],[140.71106,36.81722],[140.70797,36.8156],[140.70785,36.81467],[140.70844,36.81244],[140.70904,36.81125],[140.70881,36.80874],[140.70923,36.80668],[140.7099,36.80524],[140.71014,36.80418],[140.71012,36.80212],[140.70977,36.8029],[140.70942,36.80308],[140.70907,36.80303],[140.7091,36.80321],[140.70862,36.80395],[140.70861,36.80464],[140.70902,36.80487],[140.70899,36.805],[140.7085,36.80507],[140.70838,36.80528],[140.70757,36.80556],[140.70746,36.80576],[140.70768,36.80641],[140.70769,36.80716],[140.70749,36.80725],[140.70763,36.80764],[140.70701,36.80808],[140.70724,36.80871],[140.70676,36.80926],[140.7074,36.80971],[140.70697,36.81029],[140.70726,36.81057],[140.70682,36.81101],[140.70655,36.81191],[140.70672,36.81243],[140.70639,36.81258],[140.70613,36.81229],[140.70502,36.81359],[140.70472,36.81375],[140.70496,36.81407],[140.70462,36.8146],[140.70482,36.81495],[140.7034,36.81557],[140.70316,36.8156],[140.7027,36.81517],[140.70232,36.81518],[140.70205,36.81544],[140.70046,36.81602],[140.69863,36.81603],[140.69751,36.8166],[140.6968,36.81751],[140.69525,36.81813],[140.69512,36.81852],[140.69475,36.81876],[140.69433,36.81966],[140.69336,36.81985],[140.69241,36.82037],[140.69199,36.82111],[140.6905,36.82165],[140.69,36.8227],[140.68912,36.82248],[140.68648,36.82371],[140.6867,36.8242],[140.68633,36.82489],[140.68319,36.82635],[140.68293,36.82681],[140.68146,36.82823],[140.68127,36.82872],[140.67957,36.82958],[140.67456,36.8346],[140.67389,36.83475],[140.67344,36.83459],[140.6726,36.8333],[140.67246,36.83254],[140.67134,36.83181],[140.67053,36.83169],[140.67035,36.83072],[140.66954,36.83035],[140.66855,36.83043],[140.66785,36.83008],[140.6674,36.82961],[140.66688,36.82956],[140.66551,36.83012],[140.66302,36.83063],[140.66283,36.83101],[140.66197,36.83169],[140.6608,36.83175],[140.66029,36.8315],[140.66025,36.83122],[140.65994,36.83097],[140.65875,36.83092],[140.65563,36.83367],[140.6536,36.83286],[140.65256,36.83305],[140.65034,36.83222],[140.6488,36.83198],[140.64741,36.83226],[140.64716,36.83251],[140.64624,36.83239],[140.64291,36.83254],[140.64234,36.83349],[140.64234,36.83376],[140.6412,36.83384],[140.64042,36.83473],[140.63965,36.83476],[140.63834,36.8372],[140.63823,36.83854],[140.63864,36.84187],[140.63961,36.84442],[140.64032,36.84581],[140.64121,36.84671],[140.64238,36.84751],[140.64354,36.84794],[140.64446,36.84796],[140.64647,36.8477],[140.65307,36.84627],[140.6541,36.84556],[140.65554,36.84415],[140.65828,36.84011],[140.66466,36.84318],[140.66459,36.84469],[140.66645,36.84482],[140.66803,36.84521],[140.66839,36.84498],[140.66932,36.84558],[140.66958,36.84598],[140.67166,36.84586],[140.67316,36.84658],[140.67451,36.84661],[140.67512,36.84701],[140.67523,36.84735],[140.67573,36.84781],[140.67557,36.84802],[140.67554,36.84864],[140.6757,36.84971],[140.67604,36.84987],[140.67682,36.85116],[140.67652,36.85226],[140.67528,36.8525],[140.6753,36.85325],[140.67573,36.85363],[140.67673,36.8534],[140.67975,36.85168],[140.6814,36.85139]]]},"properties":{"key":"082150230","name":"華川町小豆畑","pref":"茨城県","prefCode":"08","municipality":"北茨城市","areaM2":12422640.825,"population":738,"toponymIds":["08-2370119cbf","08-ad4842b8f6"]}},{"type":"Feature","geometry":{"type":"Polygon","coordinates":[[[140.10061,35.92448],[140.10361,35.92376],[140.10655,35.92382],[140.10614,35.92316],[140.1068,35.92239],[140.10567,35.92181],[140.10515,35.92209],[140.1038,35.92044],[140.10303,35.92087],[140.10089,35.91825],[140.10008,35.91867],[140.09943,35.91771],[140.09857,35.91757],[140.09951,35.91666],[140.09659,35.91584],[140.09318,35.91885],[140.09448,35.92011],[140.09462,35.91999],[140.09531,35.92066],[140.09588,35.92009],[140.09823,35.92302],[140.098,35.92317],[140.09812,35.92345],[140.09908,35.92455],[140.09935,35.92441],[140.09953,35.92478],[140.10061,35.92448]]]},"properties":{"key":"082170470","name":"小浮気","pref":"茨城県","prefCode":"08","municipality":"取手市","areaM2":551620.052,"population":222,"toponymIds":["08-0d0482b21d"]}},{"type":"Feature","geometry":{"type":"Polygon","coordinates":[[[140.12665,35.97659],[140.12852,35.97694],[140.12895,35.97682],[140.12933,35.97582],[140.13128,35.97382],[140.13102,35.97351],[140.13127,35.9731],[140.1245,35.97275],[140.12524,35.97529],[140.12529,35.97667],[140.12599,35.97697],[140.12665,35.97659]]]},"properties":{"key":"08219024001","name":"刈谷町一丁目","pref":"茨城県","prefCode":"08","municipality":"牛久市","areaM2":199091.973,"population":1136,"toponymIds":["08-bb51927074"]}},{"type":"Feature","geometry":{"type":"Polygon","coordinates":[[[140.14541,36.00561],[140.1463,36.00433],[140.14804,36.00272],[140.14984,35.99983],[140.15082,35.99854],[140.15128,35.99835],[140.15181,35.99785],[140.14851,35.99417],[140.14445,35.99111],[140.14136,35.98827],[140.13582,35.99523],[140.13593,35.99596],[140.13579,35.99645],[140.13452,35.99811],[140.13463,35.9989],[140.13297,35.99991],[140.13276,36.00083],[140.1346,36.00419],[140.13563,36.00503],[140.13703,36.00571],[140.13718,36.00571],[140.13803,36.00471],[140.13849,36.00507],[140.13925,36.00514],[140.14217,36.00467],[140.14289,36.00484],[140.1432,36.00519],[140.14376,36.00524],[140.14427,36.00567],[140.14519,36.00598],[140.14541,36.00561]]]},"properties":{"key":"082190070","name":"猪子町","pref":"茨城県","prefCode":"08","municipality":"牛久市","areaM2":1954973.735,"population":1981,"toponymIds":["08-5e6f17f692"]}},{"type":"Feature","geometry":{"type":"Polygon","coordinates":[[[140.04144,36.07493],[140.04074,36.07483],[140.04083,36.07502],[140.04029,36.07524],[140.04044,36.07542],[140.03952,36.07577],[140.04005,36.07644],[140.04144,36.07493]]]},"properties":{"key":"082200231","name":"上河原崎下河原崎入会地","pref":"茨城県","prefCode":"08","municipality":"つくば市","areaM2":11314.556,"population":5,"toponymIds":["08-156e05a4b9"]}},{"type":"Feature","geometry":{"type":"Polygon","coordinates":[[[140.05504,36.1943],[140.05546,36.19425],[140.05669,36.19355],[140.05704,36.19277],[140.05827,36.19274],[140.05818,36.19069],[140.06202,36.19062],[140.06198,36.189],[140.06589,36.18713],[140.06683,36.18672],[140.072,36.18628],[140.07198,36.18606],[140.07114,36.18625],[140.06888,36.18611],[140.06806,36.18579],[140.0676,36.18523],[140.06685,36.185],[140.06645,36.18496],[140.06542,36.18531],[140.06225,36.18424],[140.05954,36.18453],[140.05828,36.18537],[140.05728,36.18673],[140.05673,36.18687],[140.05582,36.18679],[140.0537,36.1872],[140.05134,36.18876],[140.05126,36.19052],[140.05203,36.19089],[140.05206,36.19363],[140.05142,36.19458],[140.05402,36.19477],[140.05504,36.1943]]]},"properties":{"key":"082201250","name":"磯部","pref":"茨城県","prefCode":"08","municipality":"つくば市","areaM2":855759.265,"population":133,"toponymIds":["08-9b80f00431"]}},{"type":"Feature","geometry":{"type":"Polygon","coordinates":[[[140.03426,36.13851],[140.03513,36.1386],[140.03533,36.13909],[140.03637,36.13899],[140.03934,36.13917],[140.04277,36.13911],[140.04291,36.13936],[140.04424,36.13904],[140.04468,36.13914],[140.04553,36.13899],[140.04496,36.1378],[140.04491,36.13717],[140.04518,36.13521],[140.04592,36.13229],[140.04804,36.12769],[140.04801,36.12406],[140.04861,36.11798],[140.0486,36.11462],[140.04631,36.11495],[140.04664,36.11441],[140.04689,36.11197],[140.04665,36.10987],[140.04445,36.1098],[140.0425,36.10934],[140.03801,36.10915],[140.03749,36.10958],[140.03642,36.10989],[140.03596,36.10965],[140.03529,36.11019],[140.03315,36.11062],[140.03398,36.11404],[140.03389,36.1177],[140.03037,36.12071],[140.03034,36.12143],[140.03184,36.12349],[140.03196,36.12431],[140.02889,36.13099],[140.02925,36.13405],[140.02964,36.13563],[140.02987,36.13602],[140.03064,36.1366],[140.03222,36.13823],[140.03256,36.13913],[140.03239,36.13986],[140.0333,36.13947],[140.0338,36.13906],[140.03369,36.13866],[140.03426,36.13851]]]},"properties":{"key":"082200790","name":"今鹿島","pref":"茨城県","prefCode":"08","municipality":"つくば市","areaM2":4589400.358,"population":2029,"toponymIds":["08-501fe147d9"]}},{"type":"Feature","geometry":{"type":"Polygon","coordinates":[[[140.09251,35.98743],[140.09406,35.98542],[140.0926,35.98508],[140.09253,35.9848],[140.09268,35.98458],[140.09201,35.98469],[140.09075,35.98541],[140.08988,35.98617],[140.09002,35.98638],[140.09014,35.98628],[140.09045,35.98644],[140.09034,35.98651],[140.0908,35.98738],[140.09175,35.98859],[140.09251,35.98743]]]},"properties":{"key":"082201970","name":"梅ケ丘","pref":"茨城県","prefCode":"08","municipality":"つくば市","areaM2":77632.511,"population":446,"toponymIds":["08-29c4c727a0"]}},{"type":"Feature","geometry":{"type":"Polygon","coordinates":[[[140.13465,36.06571],[140.1419,36.06063],[140.13484,36.05751],[140.1347,36.05788],[140.13435,36.05787],[140.1341,36.05823],[140.13411,36.05889],[140.13329,36.05955],[140.13439,36.06151],[140.13423,36.06197],[140.13516,36.06338],[140.13317,36.06466],[140.13434,36.06577],[140.13465,36.06571]]]},"properties":{"key":"08220165001","name":"梅園一丁目","pref":"茨城県","prefCode":"08","municipality":"つくば市","areaM2":348398.279,"population":0,"toponymIds":["08-7164346388"]}},{"type":"Feature","geometry":{"type":"Polygon","coordinates":[[[140.04491,36.15348],[140.04523,36.1491],[140.04321,36.14906],[140.04278,36.14837],[140.04262,36.14838],[140.04247,36.14781],[140.04215,36.14778],[140.04177,36.1468],[140.04196,36.14664],[140.04277,36.1466],[140.04277,36.14594],[140.04298,36.14573],[140.04513,36.14578],[140.04529,36.14555],[140.04454,36.14432],[140.04377,36.14399],[140.04358,36.14489],[140.04316,36.14471],[140.04318,36.14506],[140.04265,36.14506],[140.04263,36.14474],[140.0419,36.14389],[140.03912,36.14519],[140.03937,36.14575],[140.03895,36.14589],[140.03924,36.14675],[140.03846,36.14685],[140.03854,36.14777],[140.03929,36.15037],[140.03975,36.15102],[140.03977,36.15138],[140.03937,36.15144],[140.03943,36.15221],[140.04013,36.15275],[140.04097,36.1526],[140.04115,36.1535],[140.04491,36.15348]]]},"properties":{"key":"082201031","name":"大久保","pref":"茨城県","prefCode":"08","municipality":"つくば市","areaM2":432394.352,"population":0,"toponymIds":["08-e1fcd34852"]}},{"type":"Feature","geometry":{"type":"Polygon","coordinates":[[[140.09778,36.13511],[140.09815,36.1349],[140.09874,36.13488],[140.09966,36.1344],[140.10325,36.13347],[140.10245,36.13227],[140.10243,36.13155],[140.10148,36.13166],[140.10058,36.13204],[140.09942,36.13055],[140.09783,36.13134],[140.09771,36.13156],[140.0984,36.13142],[140.09889,36.1318],[140.09655,36.13245],[140.09622,36.13269],[140.09686,36.13303],[140.09647,36.13362],[140.09593,36.13338],[140.09532,36.1339],[140.09632,36.13406],[140.09685,36.13473],[140.09763,36.13486],[140.09778,36.13511]]]},"properties":{"key":"082200900","name":"鹿島台","pref":"茨城県","prefCode":"08","municipality":"つくば市","areaM2":176407.359,"population":288,"toponymIds":["08-b2a55e913b"]}},{"type":"Feature","geometry":{"type":"Polygon","coordinates":[[[140.08018,36.11928],[140.08203,36.11965],[140.08269,36.12003],[140.08351,36.12084],[140.08672,36.12149],[140.08927,36.12267],[140.09162,36.11757],[140.0928,36.11451],[140.09502,36.11131],[140.09484,36.11118],[140.09483,36.11087],[140.09748,36.10764],[140.09843,36.10481],[140.09868,36.10453],[140.0985,36.10438],[140.0981,36.10484],[140.09772,36.10464],[140.09752,36.10481],[140.09511,36.10339],[140.09406,36.10452],[140.09284,36.10415],[140.09202,36.10543],[140.091,36.10761],[140.09018,36.10792],[140.08917,36.10773],[140.0889,36.10787],[140.08776,36.10625],[140.08707,36.10628],[140.08525,36.10704],[140.08361,36.10592],[140.08303,36.10573],[140.08304,36.10477],[140.08318,36.1045],[140.08482,36.10335],[140.08418,36.10254],[140.08254,36.1033],[140.08145,36.10351],[140.08023,36.10626],[140.07703,36.10853],[140.07587,36.10969],[140.07501,36.11087],[140.07457,36.11169],[140.07398,36.11345],[140.07313,36.11771],[140.07308,36.11921],[140.07347,36.12151],[140.07428,36.12379],[140.07491,36.12505],[140.07522,36.12351],[140.07552,36.12325],[140.07705,36.12264],[140.07828,36.12173],[140.07981,36.12111],[140.08018,36.11928]]]},"properties":{"key":"082200990","name":"要","pref":"茨城県","prefCode":"08","municipality":"つくば市","areaM2":3042059.576,"population":2219,"toponymIds":["08-de0a4c4164","08-3123f81a69"]}},{"type":"Feature","geometry":{"type":"Polygon","coordinates":[[[140.04151,36.08983],[140.0414,36.08791],[140.04172,36.08662],[140.04328,36.08413],[140.04547,36.07992],[140.04548,36.07824],[140.04626,36.07716],[140.0468,36.07551],[140.0463,36.07538],[140.04586,36.07667],[140.04513,36.07796],[140.04519,36.0791],[140.04471,36.08032],[140.04392,36.08012],[140.04352,36.07972],[140.04074,36.07958],[140.04084,36.07875],[140.04139,36.07871],[140.04148,36.07847],[140.04152,36.07823],[140.04096,36.07819],[140.04098,36.07803],[140.04196,36.07481],[140.04157,36.07474],[140.04005,36.07644],[140.03966,36.07586],[140.0389,36.07534],[140.03877,36.07491],[140.0377,36.0748],[140.03639,36.07656],[140.03646,36.07792],[140.03617,36.07809],[140.03596,36.07789],[140.03532,36.07802],[140.03536,36.07779],[140.03477,36.0775],[140.03452,36.07699],[140.03453,36.07618],[140.03411,36.07505],[140.03436,36.07409],[140.03477,36.07392],[140.03472,36.07344],[140.03554,36.07252],[140.03542,36.07179],[140.03575,36.07098],[140.03526,36.07094],[140.03561,36.07044],[140.03562,36.07007],[140.03514,36.07005],[140.03289,36.07789],[140.03281,36.07869],[140.03294,36.07945],[140.0333,36.08026],[140.03487,36.08204],[140.0352,36.08267],[140.03606,36.08484],[140.0361,36.08543],[140.03555,36.08737],[140.035,36.08826],[140.03407,36.08894],[140.03208,36.08946],[140.03302,36.08936],[140.03356,36.08998],[140.03314,36.09028],[140.03312,36.09049],[140.03351,36.09048],[140.03358,36.09067],[140.03447,36.09047],[140.03521,36.08985],[140.03659,36.08938],[140.03713,36.08886],[140.03877,36.08913],[140.03856,36.09],[140.0381,36.09087],[140.03896,36.09088],[140.04087,36.09054],[140.04098,36.09023],[140.04157,36.0902],[140.04151,36.08983]]]},"properties":{"key":"082200232","name":"上河原崎","pref":"茨城県","prefCode":"08","municipality":"つくば市","areaM2":1183885.641,"population":248,"toponymIds":["08-0d80064b85"]}},{"type":"Feature","geometry":{"type":"Polygon","coordinates":[[[140.04844,36.21211],[140.04876,36.21145],[140.05845,36.2129],[140.05898,36.21273],[140.05936,36.21289],[140.05947,36.21271],[140.05985,36.2126],[140.06121,36.2124],[140.06152,36.21205],[140.06164,36.21096],[140.06183,36.21066],[140.06263,36.21036],[140.06351,36.2097],[140.06467,36.2097],[140.06573,36.20925],[140.06563,36.20904],[140.06518,36.20886],[140.06556,36.20811],[140.0659,36.20818],[140.06616,36.20876],[140.06649,36.20907],[140.06745,36.2091],[140.06801,36.20882],[140.069,36.20884],[140.0694,36.20848],[140.0706,36.20795],[140.07134,36.20681],[140.07307,36.20637],[140.07349,36.20558],[140.07337,36.20526],[140.07462,36.20519],[140.07433,36.20461],[140.07423,36.20361],[140.0736,36.20291],[140.07285,36.20288],[140.07268,36.20338],[140.07194,36.20352],[140.07117,36.20356],[140.07056,36.20327],[140.06858,36.20334],[140.06698,36.2024],[140.06686,36.20287],[140.0651,36.20274],[140.06481,36.2038],[140.05453,36.20198],[140.05341,36.20423],[140.05256,36.20497],[140.05222,36.20554],[140.05202,36.20651],[140.05196,36.20838],[140.0515,36.20839],[140.05058,36.20791],[140.04896,36.20781],[140.04898,36.20722],[140.04858,36.20691],[140.04602,36.21061],[140.04475,36.21409],[140.04773,36.21477],[140.04844,36.21211]]]},"properties":{"key":"082201220","name":"上菅間","pref":"茨城県","prefCode":"08","municipality":"つくば市","areaM2":1847504.48,"population":198,"toponymIds":["08-924c125b0e"]}},{"type":"Feature","geometry":{"type":"Polygon","coordinates":[[[140.13229,36.07846],[140.13713,36.07414],[140.13527,36.07262],[140.13518,36.07235],[140.13456,36.07197],[140.13404,36.07228],[140.13258,36.07146],[140.13215,36.07179],[140.13146,36.07138],[140.13092,36.07075],[140.13055,36.07097],[140.12897,36.07026],[140.12824,36.0709],[140.12667,36.07279],[140.12679,36.07286],[140.12665,36.07305],[140.12733,36.07337],[140.12608,36.07448],[140.12602,36.075],[140.12534,36.07573],[140.12497,36.07707],[140.12565,36.07738],[140.1255,36.07773],[140.12526,36.0778],[140.12527,36.07803],[140.12538,36.07826],[140.12678,36.07834],[140.1284,36.07916],[140.12822,36.07958],[140.12772,36.07992],[140.12806,36.08076],[140.12784,36.08151],[140.12902,36.082],[140.12984,36.0809],[140.13229,36.07846]]]},"properties":{"key":"082201520","name":"倉掛","pref":"茨城県","prefCode":"08","municipality":"つくば市","areaM2":725472.249,"population":1278,"toponymIds":["08-38092912f9"]}},{"type":"Feature","geometry":{"type":"Polygon","coordinates":[[[140.04704,36.07161],[140.04747,36.07019],[140.04719,36.06934],[140.0479,36.06655],[140.04663,36.06368],[140.0453,36.06256],[140.04402,36.06206],[140.0415,36.06708],[140.04132,36.06761],[140.04187,36.06788],[140.04173,36.06795],[140.04197,36.06831],[140.04154,36.06843],[140.04198,36.0695],[140.04336,36.06968],[140.04294,36.07076],[140.04601,36.071],[140.04652,36.07314],[140.04641,36.07406],[140.04654,36.07471],[140.0463,36.07538],[140.0468,36.07551],[140.04683,36.07539],[140.04704,36.07161]]]},"properties":{"key":"082200270","name":"下河原崎","pref":"茨城県","prefCode":"08","municipality":"つくば市","areaM2":427831.823,"population":209,"toponymIds":["08-075419ea1c"]}},{"type":"Feature","geometry":{"type":"Polygon","coordinates":[[[140.01834,36.12917],[140.01853,36.12918],[140.01863,36.1294],[140.01898,36.12937],[140.01892,36.12652],[140.01978,36.12578],[140.02048,36.12591],[140.02071,36.12549],[140.02112,36.12565],[140.02219,36.12395],[140.02436,36.12196],[140.02456,36.12083],[140.02419,36.11859],[140.02379,36.11796],[140.02308,36.1174],[140.02327,36.11709],[140.02239,36.11667],[140.0214,36.11645],[140.02031,36.11664],[140.01968,36.11657],[140.01832,36.11589],[140.01801,36.1154],[140.01816,36.11505],[140.01701,36.11519],[140.01701,36.115],[140.01169,36.1144],[140.0114,36.11485],[140.01102,36.11475],[140.0102,36.11667],[140.00877,36.11818],[140.00753,36.12044],[140.00748,36.12367],[140.00652,36.12348],[140.00618,36.12396],[140.00618,36.12499],[140.00739,36.12511],[140.00791,36.12487],[140.00976,36.12463],[140.01101,36.12489],[140.01136,36.12522],[140.01313,36.1251],[140.01465,36.12533],[140.01558,36.12523],[140.01524,36.12623],[140.01489,36.12674],[140.01518,36.12691],[140.0157,36.12687],[140.01539,36.12841],[140.01622,36.12781],[140.01623,36.1285],[140.01652,36.12852],[140.01653,36.12899],[140.01679,36.12903],[140.01682,36.12944],[140.01733,36.1295],[140.01834,36.12917]]]},"properties":{"key":"082200860","name":"田倉","pref":"茨城県","prefCode":"08","municipality":"つくば市","areaM2":1628142.055,"population":612,"toponymIds":["08-c0ae574f16"]}},{"type":"Feature","geometry":{"type":"Polygon","coordinates":[[[140.06481,36.2038],[140.0651,36.20274],[140.06686,36.20287],[140.06698,36.2024],[140.06858,36.20334],[140.07056,36.20327],[140.07117,36.20356],[140.07268,36.20338],[140.07285,36.20288],[140.0736,36.20291],[140.07384,36.20199],[140.07448,36.20158],[140.07501,36.19934],[140.07479,36.19749],[140.07212,36.19587],[140.07132,36.19464],[140.0712,36.19408],[140.07009,36.19389],[140.06887,36.194],[140.06877,36.1935],[140.06722,36.19387],[140.06688,36.19416],[140.0653,36.19419],[140.06348,36.19526],[140.06405,36.19554],[140.06311,36.19583],[140.06224,36.19632],[140.0582,36.19672],[140.0581,36.1973],[140.05643,36.1975],[140.05658,36.19931],[140.05519,36.20008],[140.05417,36.20003],[140.05257,36.20107],[140.05291,36.20131],[140.05464,36.20154],[140.05453,36.20198],[140.06481,36.2038]]]},"properties":{"key":"082201230","name":"中菅間","pref":"茨城県","prefCode":"08","municipality":"つくば市","areaM2":1435419.993,"population":409,"toponymIds":["08-44a48de3c7","08-d5b62ed345"]}},{"type":"Feature","geometry":{"type":"Polygon","coordinates":[[[140.53497,36.37922],[140.53517,36.37904],[140.53563,36.37913],[140.53831,36.37775],[140.53725,36.37712],[140.53672,36.37655],[140.53514,36.37378],[140.53449,36.37368],[140.53441,36.37353],[140.53458,36.37347],[140.53444,36.37314],[140.53459,36.37299],[140.53418,36.37309],[140.53429,36.3734],[140.53394,36.37344],[140.53393,36.37257],[140.53412,36.3719],[140.53426,36.37183],[140.53414,36.37147],[140.53304,36.37177],[140.5318,36.36866],[140.53148,36.36873],[140.53069,36.36682],[140.52679,36.36748],[140.52633,36.36625],[140.52385,36.36704],[140.52119,36.36821],[140.51254,36.3731],[140.51108,36.37418],[140.50921,36.37601],[140.50514,36.38104],[140.50411,36.38204],[140.50486,36.38251],[140.50764,36.38588],[140.50936,36.38497],[140.51504,36.37839],[140.51816,36.38038],[140.5198,36.3793],[140.52027,36.37937],[140.52168,36.38013],[140.52202,36.38049],[140.52218,36.38103],[140.52193,36.38188],[140.52256,36.38265],[140.52237,36.38353],[140.52314,36.3836],[140.52308,36.38412],[140.52366,36.38428],[140.52364,36.3852],[140.52568,36.38538],[140.52551,36.38661],[140.52598,36.38718],[140.53159,36.38391],[140.5315,36.38361],[140.53272,36.38279],[140.533,36.38088],[140.53497,36.37922]]]},"properties":{"key":"082210120","name":"大字勝倉","pref":"茨城県","prefCode":"08","municipality":"ひたちなか市","areaM2":3556941.226,"population":3401,"toponymIds":["08-8be6e3b976","08-57ea16b65a"]}},{"type":"Feature","geometry":{"type":"Polygon","coordinates":[[[140.57374,36.4308],[140.57412,36.43079],[140.57383,36.43107],[140.57356,36.4318],[140.57362,36.43265],[140.57389,36.433],[140.57435,36.43275],[140.57504,36.43203],[140.57592,36.43188],[140.57736,36.43135],[140.57839,36.4302],[140.57819,36.42906],[140.5772,36.42724],[140.57659,36.42706],[140.57651,36.42664],[140.57552,36.42537],[140.57475,36.42493],[140.57383,36.4251],[140.57341,36.42448],[140.57421,36.42345],[140.57544,36.42331],[140.57637,36.42274],[140.57727,36.42067],[140.57824,36.41919],[140.57737,36.41898],[140.57663,36.41904],[140.57588,36.41969],[140.57602,36.41872],[140.57666,36.4179],[140.57668,36.41755],[140.57787,36.41613],[140.57508,36.41549],[140.57359,36.41498],[140.57403,36.41386],[140.57388,36.41097],[140.57335,36.41088],[140.57291,36.41125],[140.56949,36.41259],[140.5689,36.41236],[140.56882,36.41254],[140.5671,36.41224],[140.55936,36.40587],[140.55421,36.40255],[140.54864,36.40042],[140.54885,36.4006],[140.54878,36.40101],[140.54853,36.40098],[140.54837,36.40126],[140.54907,36.40251],[140.55023,36.40296],[140.55019,36.40321],[140.55081,36.404],[140.55171,36.40427],[140.55132,36.40575],[140.55144,36.40654],[140.55137,36.40805],[140.55031,36.41023],[140.55119,36.41316],[140.55125,36.4136],[140.55093,36.41365],[140.55162,36.4145],[140.55174,36.41444],[140.55683,36.42087],[140.55706,36.42118],[140.55704,36.42173],[140.55788,36.42174],[140.55774,36.42228],[140.55803,36.42271],[140.55836,36.42252],[140.55893,36.42359],[140.56027,36.42495],[140.56261,36.42841],[140.56255,36.4289],[140.56287,36.42942],[140.56378,36.4299],[140.56411,36.43015],[140.56417,36.43054],[140.56443,36.4306],[140.56436,36.43124],[140.56542,36.43218],[140.56598,36.4333],[140.56569,36.43405],[140.56588,36.43493],[140.56567,36.43538],[140.56618,36.43558],[140.56689,36.43618],[140.56938,36.4362],[140.57067,36.43571],[140.57203,36.43459],[140.57173,36.43428],[140.5728,36.43361],[140.57314,36.43322],[140.57341,36.43253],[140.57322,36.43175],[140.57338,36.431],[140.57374,36.4308]]]},"properties":{"key":"082210240","name":"大字足崎","pref":"茨城県","prefCode":"08","municipality":"ひたちなか市","areaM2":4950522.947,"population":7488,"toponymIds":["08-26851970a5","08-dde20618c3"]}},{"type":"Feature","geometry":{"type":"Polygon","coordinates":[[[140.58601,36.35607],[140.58652,36.35615],[140.58706,36.35674],[140.58846,36.35639],[140.58135,36.35136],[140.57927,36.35333],[140.57942,36.35367],[140.57916,36.35455],[140.57913,36.3553],[140.5798,36.35577],[140.57968,36.3571],[140.58248,36.35906],[140.58555,36.35624],[140.58601,36.35607]]]},"properties":{"key":"082211000","name":"獅子前","pref":"茨城県","prefCode":"08","municipality":"ひたちなか市","areaM2":343090.388,"population":0,"toponymIds":["08-4bcac22b27"]}},{"type":"Feature","geometry":{"type":"Polygon","coordinates":[[[140.62261,36.38588],[140.62315,36.38545],[140.6238,36.38524],[140.62387,36.38437],[140.62466,36.38365],[140.62566,36.38303],[140.62549,36.38302],[140.62573,36.38227],[140.62649,36.38146],[140.62685,36.38139],[140.62701,36.38155],[140.62783,36.38117],[140.62741,36.38128],[140.62769,36.38118],[140.6274,36.38125],[140.62752,36.38119],[140.62739,36.38113],[140.62784,36.38083],[140.62757,36.38083],[140.62722,36.3811],[140.62733,36.38094],[140.62684,36.38099],[140.62661,36.38026],[140.62662,36.37917],[140.62683,36.37821],[140.62673,36.3776],[140.62732,36.37713],[140.62681,36.37748],[140.62586,36.37576],[140.62592,36.37549],[140.62556,36.37538],[140.62575,36.37524],[140.62489,36.37492],[140.62447,36.37446],[140.62459,36.3742],[140.62441,36.37408],[140.62428,36.37361],[140.62416,36.37271],[140.62439,36.37243],[140.62425,36.37241],[140.62422,36.3719],[140.62443,36.37173],[140.62432,36.37169],[140.6244,36.37155],[140.62498,36.3712],[140.62467,36.37117],[140.62487,36.37095],[140.62461,36.37091],[140.62475,36.37075],[140.62452,36.37075],[140.62438,36.37054],[140.62449,36.37038],[140.6243,36.37021],[140.62439,36.37001],[140.62475,36.36995],[140.62512,36.36962],[140.62507,36.36942],[140.6246,36.36911],[140.62499,36.36897],[140.62459,36.369],[140.62515,36.36884],[140.62463,36.36895],[140.62451,36.36881],[140.62511,36.36852],[140.62472,36.36843],[140.6249,36.36824],[140.62468,36.36826],[140.62487,36.36816],[140.62429,36.36819],[140.62414,36.36807],[140.62424,36.36791],[140.62378,36.368],[140.62367,36.36776],[140.62398,36.36765],[140.62363,36.36762],[140.62247,36.36883],[140.6206,36.36948],[140.62027,36.36941],[140.6107,36.37069],[140.61275,36.38081],[140.61219,36.38174],[140.61203,36.38184],[140.61178,36.3814],[140.61129,36.38175],[140.61159,36.38215],[140.61116,36.3828],[140.61514,36.3821],[140.61611,36.38263],[140.61698,36.38238],[140.61771,36.38251],[140.61798,36.38238],[140.61835,36.38258],[140.61839,36.38304],[140.619,36.38337],[140.61988,36.38425],[140.62024,36.38426],[140.62053,36.38525],[140.6203,36.38425],[140.62127,36.38407],[140.62152,36.38476],[140.62246,36.38529],[140.62158,36.38474],[140.62173,36.38468],[140.62142,36.38364],[140.62145,36.38351],[140.62276,36.38361],[140.62343,36.38487],[140.62293,36.38475],[140.62373,36.38489],[140.62374,36.38509],[140.62244,36.38585],[140.62241,36.38621],[140.62256,36.38622],[140.62261,36.38588]]]},"properties":{"key":"082210810","name":"磯崎町","pref":"茨城県","prefCode":"08","municipality":"ひたちなか市","areaM2":1892021.914,"population":2046,"toponymIds":["08-c37cd0d1d6","08-0bb84b0b74","08-dc4e808606"]}},{"type":"Feature","geometry":{"type":"Polygon","coordinates":[[[140.62027,36.36941],[140.6206,36.36948],[140.62247,36.36883],[140.62363,36.36762],[140.62294,36.3672],[140.62302,36.36699],[140.62285,36.36698],[140.62279,36.36657],[140.62255,36.36634],[140.6226,36.36553],[140.62234,36.3653],[140.62214,36.36453],[140.62243,36.3644],[140.62225,36.36439],[140.62223,36.36422],[140.62249,36.36385],[140.6221,36.36282],[140.62178,36.36285],[140.62159,36.3626],[140.62218,36.36215],[140.62142,36.36151],[140.62128,36.36081],[140.62086,36.3603],[140.62078,36.35988],[140.62047,36.35961],[140.6205,36.35938],[140.62038,36.35928],[140.62006,36.35949],[140.61959,36.35952],[140.61951,36.35929],[140.61966,36.35908],[140.61939,36.35881],[140.6186,36.35879],[140.61827,36.35895],[140.61816,36.35867],[140.61779,36.35865],[140.61734,36.35838],[140.61771,36.35795],[140.61726,36.35772],[140.61685,36.35788],[140.61706,36.35762],[140.617,36.35746],[140.61647,36.35781],[140.61658,36.35752],[140.61622,36.35749],[140.61595,36.35771],[140.61549,36.35743],[140.61576,36.35666],[140.61557,36.35701],[140.61446,36.35661],[140.61377,36.35562],[140.6143,36.35499],[140.61347,36.35429],[140.61316,36.35312],[140.61342,36.35432],[140.61403,36.35484],[140.61382,36.35537],[140.61331,36.35562],[140.61237,36.35494],[140.61274,36.3545],[140.61247,36.35434],[140.61271,36.35406],[140.61241,36.35431],[140.61222,36.35423],[140.61237,36.35436],[140.6121,36.35467],[140.61172,36.3547],[140.61119,36.35436],[140.61082,36.35366],[140.61086,36.35307],[140.61253,36.35317],[140.61085,36.35303],[140.60973,36.35358],[140.60924,36.35247],[140.6086,36.35178],[140.60738,36.35222],[140.60717,36.35254],[140.60651,36.3527],[140.60602,36.35418],[140.60571,36.35463],[140.60492,36.35467],[140.60429,36.35495],[140.60393,36.35483],[140.60374,36.35497],[140.60358,36.35541],[140.60372,36.35586],[140.60418,36.35584],[140.60481,36.3552],[140.60547,36.3551],[140.60591,36.35522],[140.60558,36.3564],[140.60478,36.35664],[140.60478,36.35718],[140.60454,36.35735],[140.60423,36.35804],[140.60382,36.35817],[140.60351,36.3592],[140.60248,36.36015],[140.60259,36.36057],[140.60301,36.36063],[140.60351,36.36212],[140.60377,36.36209],[140.60437,36.36352],[140.60418,36.36375],[140.60446,36.36429],[140.60591,36.3636],[140.60576,36.36337],[140.60594,36.36328],[140.60589,36.36264],[140.60632,36.36239],[140.60617,36.362],[140.60594,36.36212],[140.60546,36.36205],[140.60583,36.36128],[140.60646,36.36123],[140.60639,36.3609],[140.60734,36.36028],[140.6071,36.35969],[140.60725,36.35953],[140.60734,36.35968],[140.60776,36.35946],[140.6076,36.35914],[140.60779,36.35896],[140.60788,36.35912],[140.60828,36.35887],[140.60841,36.35909],[140.60867,36.35897],[140.60928,36.35952],[140.61138,36.36067],[140.61047,36.3609],[140.61003,36.36128],[140.60949,36.36144],[140.60966,36.36232],[140.60931,36.36278],[140.60905,36.36358],[140.6081,36.36487],[140.60738,36.36511],[140.60693,36.36425],[140.60363,36.36538],[140.6058,36.36953],[140.60724,36.37115],[140.62027,36.36941]]]},"properties":{"key":"082210800","name":"平磯町","pref":"茨城県","prefCode":"08","municipality":"ひたちなか市","areaM2":2358659.266,"population":3300,"toponymIds":["08-208c508e02"]}},{"type":"Feature","geometry":{"type":"Polygon","coordinates":[[[140.6057,36.36467],[140.60693,36.36425],[140.60738,36.36511],[140.6081,36.36487],[140.60905,36.36358],[140.60931,36.36278],[140.60966,36.36232],[140.60949,36.36144],[140.61003,36.36128],[140.61047,36.3609],[140.61138,36.36067],[140.60928,36.35952],[140.60867,36.35897],[140.60841,36.35909],[140.60828,36.35887],[140.60788,36.35912],[140.60779,36.35896],[140.6076,36.35914],[140.60776,36.35946],[140.60734,36.35968],[140.60725,36.35953],[140.6071,36.35969],[140.60734,36.36028],[140.60639,36.3609],[140.60646,36.36123],[140.60583,36.36128],[140.60546,36.36205],[140.60594,36.36212],[140.60617,36.362],[140.60632,36.36239],[140.60589,36.36264],[140.60594,36.36328],[140.60576,36.36337],[140.60591,36.3636],[140.60334,36.36478],[140.60363,36.36538],[140.6057,36.36467]]]},"properties":{"key":"082210870","name":"平磯遠原町","pref":"茨城県","prefCode":"08","municipality":"ひたちなか市","areaM2":198584.385,"population":828,"toponymIds":["08-f0b1755dfd","08-055abb12da"]}},{"type":"Feature","geometry":{"type":"Polygon","coordinates":[[[140.63139,35.99504],[140.63174,35.99467],[140.63213,35.99488],[140.63257,35.9938],[140.63259,35.99135],[140.6328,35.99028],[140.63268,35.98954],[140.63399,35.98887],[140.63437,35.98743],[140.63355,35.98703],[140.63258,35.98493],[140.6318,35.98375],[140.63058,35.98271],[140.62975,35.9817],[140.6295,35.98182],[140.62935,35.98163],[140.62898,35.98219],[140.62904,35.98271],[140.62804,35.98376],[140.62727,35.98518],[140.62764,35.98541],[140.62885,35.98528],[140.62869,35.98588],[140.62835,35.9861],[140.62834,35.98629],[140.62847,35.98659],[140.62897,35.98682],[140.6297,35.98652],[140.63054,35.9854],[140.63078,35.98549],[140.63118,35.98618],[140.63112,35.98659],[140.63007,35.98676],[140.6291,35.98731],[140.62902,35.98751],[140.6292,35.98843],[140.62983,35.98861],[140.63093,35.98837],[140.63089,35.98876],[140.63037,35.98922],[140.62891,35.98896],[140.62838,35.98926],[140.62647,35.98955],[140.62591,35.98941],[140.62471,35.98874],[140.62415,35.98875],[140.62375,35.98881],[140.62276,35.98945],[140.62527,35.99178],[140.62644,35.99253],[140.6269,35.99265],[140.62706,35.99321],[140.62792,35.99378],[140.62896,35.99494],[140.63139,35.99504]]]},"properties":{"key":"082220250","name":"大字猿田","pref":"茨城県","prefCode":"08","municipality":"鹿嶋市","areaM2":663940.459,"population":152,"toponymIds":["08-2620cc2919","08-508f3e0633"]}},{"type":"Feature","geometry":{"type":"Polygon","coordinates":[[[140.43899,36.56863],[140.43924,36.56705],[140.43795,36.56729],[140.43707,36.56686],[140.43625,36.56722],[140.43559,36.5672],[140.4355,36.56794],[140.43503,36.56795],[140.43383,36.56746],[140.43344,36.5662],[140.43171,36.56746],[140.43098,36.56727],[140.4322,36.56526],[140.43315,36.56449],[140.43323,36.56396],[140.43367,36.56344],[140.43443,36.56292],[140.43579,36.56289],[140.43599,36.56265],[140.43677,36.56248],[140.43628,36.56135],[140.43561,36.56045],[140.43592,36.56007],[140.43588,36.55943],[140.43486,36.55953],[140.43397,36.55922],[140.43389,36.55881],[140.43349,36.55908],[140.43213,36.55786],[140.43034,36.55747],[140.43026,36.55757],[140.42798,36.5568],[140.42608,36.55636],[140.42402,36.55532],[140.4221,36.55683],[140.42101,36.55795],[140.42073,36.5583],[140.42027,36.55954],[140.41861,36.56149],[140.4156,36.56416],[140.4141,36.56506],[140.41276,36.56633],[140.41224,36.56701],[140.41169,36.56841],[140.41361,36.56853],[140.41402,36.56841],[140.41761,36.56686],[140.41759,36.56672],[140.41834,36.56606],[140.41907,36.56645],[140.42026,36.56508],[140.42129,36.56561],[140.42011,36.56702],[140.42046,36.56724],[140.4216,36.56696],[140.42309,36.56702],[140.42261,36.56853],[140.42272,36.56855],[140.42273,36.56885],[140.42303,36.56893],[140.42441,36.56865],[140.42467,36.56876],[140.42492,36.56937],[140.42463,36.56986],[140.42445,36.5713],[140.42478,36.57183],[140.42855,36.57191],[140.42894,36.57216],[140.42965,36.57319],[140.42963,36.57365],[140.43065,36.57473],[140.43506,36.57511],[140.43784,36.57333],[140.43899,36.57302],[140.43951,36.57133],[140.43989,36.57101],[140.44006,36.57015],[140.43972,36.56964],[140.43912,36.56959],[140.43899,36.56863]]]},"properties":{"key":"082250290","name":"小倉","pref":"茨城県","prefCode":"08","municipality":"常陸大宮市","areaM2":2645743.368,"population":406,"toponymIds":["08-a3c1bf8074"]}},{"type":"Feature","geometry":{"type":"Polygon","coordinates":[[[140.28722,36.57918],[140.2881,36.57913],[140.28849,36.57855],[140.28933,36.57825],[140.28942,36.57793],[140.2893,36.57738],[140.28946,36.57712],[140.2905,36.57664],[140.29103,36.57535],[140.29218,36.57467],[140.29314,36.5732],[140.2938,36.57248],[140.29428,36.57225],[140.29306,36.56671],[140.29256,36.56593],[140.29174,36.56556],[140.29171,36.56106],[140.28802,36.56068],[140.28443,36.5601],[140.27695,36.56245],[140.27327,36.56266],[140.27215,36.56255],[140.27138,36.56229],[140.2692,36.56104],[140.26835,36.56553],[140.2666,36.56688],[140.26488,36.56883],[140.26319,36.56971],[140.26288,36.57014],[140.26284,36.57133],[140.26351,36.57124],[140.26386,36.57155],[140.26455,36.57164],[140.26616,36.57126],[140.26672,36.57084],[140.2701,36.57336],[140.27126,36.57356],[140.27231,36.57322],[140.27426,36.5751],[140.27769,36.57593],[140.27866,36.57643],[140.2798,36.57833],[140.28025,36.57863],[140.28284,36.57906],[140.287,36.5793],[140.28722,36.57918]]]},"properties":{"key":"082250730","name":"長倉","pref":"茨城県","prefCode":"08","municipality":"常陸大宮市","areaM2":3851989.553,"population":472,"toponymIds":["08-bfbd593eaf","08-3d32bbfee7","08-3351876e24"]}},{"type":"Feature","geometry":{"type":"Polygon","coordinates":[[[140.47062,36.49778],[140.47169,36.49717],[140.47213,36.49754],[140.4728,36.49696],[140.47103,36.49497],[140.47184,36.49474],[140.47072,36.49225],[140.46999,36.49119],[140.46987,36.49049],[140.4694,36.48968],[140.46966,36.48949],[140.46898,36.48893],[140.469,36.48723],[140.46665,36.48595],[140.46658,36.48584],[140.46779,36.48499],[140.46605,36.48299],[140.46554,36.48309],[140.46246,36.48153],[140.4621,36.48151],[140.46172,36.48183],[140.4601,36.48013],[140.45958,36.48009],[140.45892,36.47961],[140.45866,36.4797],[140.45828,36.47956],[140.45805,36.48001],[140.45762,36.47993],[140.45706,36.48005],[140.45616,36.48061],[140.45538,36.48061],[140.45493,36.4808],[140.45402,36.48064],[140.45417,36.48234],[140.45474,36.4822],[140.45548,36.48376],[140.45587,36.48333],[140.45701,36.48294],[140.45775,36.48282],[140.45882,36.48296],[140.46076,36.48255],[140.46091,36.48273],[140.46076,36.48288],[140.46058,36.48283],[140.46031,36.48343],[140.46065,36.4838],[140.46113,36.48513],[140.46135,36.48732],[140.46107,36.48792],[140.46085,36.48796],[140.46087,36.48832],[140.4604,36.48862],[140.45911,36.4889],[140.45928,36.48967],[140.45907,36.49079],[140.45785,36.49246],[140.45797,36.49351],[140.45849,36.49442],[140.45811,36.49491],[140.45839,36.49529],[140.45938,36.49495],[140.45908,36.49471],[140.45939,36.49462],[140.45973,36.49488],[140.46004,36.49479],[140.46033,36.49525],[140.46062,36.49508],[140.46052,36.49497],[140.46146,36.49448],[140.46176,36.49409],[140.46249,36.49372],[140.46264,36.49392],[140.46334,36.49362],[140.46346,36.49308],[140.46409,36.49298],[140.46478,36.49337],[140.46543,36.49312],[140.46592,36.49263],[140.46574,36.49215],[140.46709,36.49171],[140.46688,36.49215],[140.46736,36.4923],[140.46772,36.49216],[140.46803,36.49267],[140.46863,36.49246],[140.46888,36.49299],[140.46917,36.4929],[140.46963,36.4936],[140.46991,36.49348],[140.47051,36.49414],[140.47086,36.49399],[140.4711,36.49444],[140.4704,36.49466],[140.47066,36.49504],[140.46944,36.4953],[140.4676,36.49598],[140.46839,36.49687],[140.46936,36.49635],[140.47062,36.49778]]]},"properties":{"key":"082260180","name":"鹿島","pref":"茨城県","prefCode":"08","municipality":"那珂市","areaM2":1242268.366,"population":171,"toponymIds":["08-aca88d21ab","08-45de9d0dd2"]}},{"type":"Feature","geometry":{"type":"Polygon","coordinates":[[[140.4651,36.4244],[140.46562,36.42411],[140.46644,36.42398],[140.46807,36.42273],[140.46727,36.4224],[140.46652,36.42169],[140.46666,36.42102],[140.46755,36.42046],[140.4682,36.41957],[140.46753,36.41893],[140.46728,36.41905],[140.46643,36.41673],[140.46569,36.41567],[140.4673,36.41475],[140.46223,36.41012],[140.46176,36.41046],[140.4631,36.41172],[140.46009,36.4139],[140.45938,36.41481],[140.4588,36.41449],[140.45809,36.41535],[140.45908,36.41591],[140.45783,36.41739],[140.45724,36.41726],[140.4565,36.41769],[140.45524,36.42052],[140.45432,36.42317],[140.45397,36.423],[140.45321,36.4239],[140.45141,36.42524],[140.45344,36.42687],[140.45537,36.42578],[140.45556,36.42524],[140.45545,36.42446],[140.45654,36.42474],[140.45697,36.42442],[140.45739,36.42468],[140.45834,36.42487],[140.46068,36.42632],[140.46127,36.427],[140.46279,36.42535],[140.4651,36.4244]]]},"properties":{"key":"082260050","name":"西木倉","pref":"茨城県","prefCode":"08","municipality":"那珂市","areaM2":1356660.521,"population":398,"toponymIds":["08-67033dd8bb","08-9c04a17a8f"]}},{"type":"Feature","geometry":{"type":"Polygon","coordinates":[[[140.47649,36.42102],[140.47779,36.41848],[140.4747,36.41577],[140.47221,36.41456],[140.47167,36.41448],[140.47075,36.4139],[140.47053,36.41252],[140.47251,36.41149],[140.4671,36.40657],[140.46223,36.41012],[140.4673,36.41475],[140.46569,36.41567],[140.46643,36.41673],[140.46728,36.41905],[140.46753,36.41893],[140.4682,36.41957],[140.46755,36.42046],[140.46666,36.42102],[140.4665,36.42163],[140.46731,36.42242],[140.4693,36.42296],[140.47051,36.4237],[140.47069,36.42415],[140.47126,36.42439],[140.46996,36.42634],[140.4731,36.42781],[140.47157,36.43031],[140.47414,36.43131],[140.47484,36.42841],[140.47544,36.42748],[140.47371,36.4257],[140.47476,36.42469],[140.47415,36.42428],[140.47649,36.42102]]]},"properties":{"key":"082260060","name":"東木倉","pref":"茨城県","prefCode":"08","municipality":"那珂市","areaM2":1454950.343,"population":583,"toponymIds":["08-fd5dff1a02","08-14abcb334c"]}},{"type":"Feature","geometry":{"type":"Polygon","coordinates":[[[139.97075,36.32342],[139.9708,36.32304],[139.96982,36.32316],[139.97006,36.32403],[139.97073,36.32498],[139.97075,36.32342]]]},"properties":{"key":"08227026000","name":"岡芹","pref":"茨城県","prefCode":"08","municipality":"筑西市","areaM2":10760.186,"population":0,"toponymIds":["08-9a35e993a0"]}},{"type":"Feature","geometry":{"type":"Polygon","coordinates":[[[140.03012,36.24651],[140.03031,36.2462],[140.03097,36.24627],[140.03081,36.24548],[140.03147,36.24397],[140.03183,36.24333],[140.03271,36.24244],[140.03327,36.24141],[140.03355,36.24139],[140.03375,36.24119],[140.03466,36.24151],[140.03518,36.24211],[140.03547,36.24189],[140.03571,36.24207],[140.03628,36.24143],[140.03702,36.24184],[140.03739,36.2414],[140.03784,36.24189],[140.04613,36.2319],[140.0492,36.22966],[140.04469,36.22616],[140.04474,36.22594],[140.04363,36.22504],[140.0422,36.22872],[140.04109,36.22844],[140.04077,36.22807],[140.04058,36.22746],[140.03948,36.22802],[140.03619,36.22857],[140.03431,36.22909],[140.03393,36.2294],[140.03379,36.22983],[140.03326,36.22972],[140.03316,36.23141],[140.03348,36.2314],[140.03373,36.23182],[140.03337,36.23202],[140.03333,36.23249],[140.03301,36.23278],[140.03248,36.23291],[140.0325,36.23303],[140.03166,36.23346],[140.03146,36.23376],[140.03114,36.2336],[140.03106,36.23479],[140.0312,36.23501],[140.02358,36.23723],[140.0237,36.24632],[140.02996,36.24691],[140.02997,36.24656],[140.03012,36.24651]]]},"properties":{"key":"082271320","name":"倉持","pref":"茨城県","prefCode":"08","municipality":"筑西市","areaM2":2428851.963,"population":700,"toponymIds":["08-db63ed170a"]}},{"type":"Feature","geometry":{"type":"Polygon","coordinates":[[[139.9737,36.30757],[139.97395,36.30739],[139.97386,36.30718],[139.9737,36.30719],[139.97372,36.30686],[139.97126,36.307],[139.97225,36.30587],[139.9729,36.30551],[139.97293,36.30505],[139.97215,36.30251],[139.96643,36.29734],[139.96529,36.2994],[139.96259,36.299],[139.96194,36.30193],[139.96388,36.3022],[139.96313,36.30546],[139.96589,36.3051],[139.96576,36.30617],[139.96476,36.30611],[139.96466,36.30692],[139.96661,36.30741],[139.96669,36.30859],[139.96745,36.30863],[139.96737,36.30811],[139.97015,36.30798],[139.97013,36.30777],[139.9713,36.30766],[139.9737,36.30757]]]},"properties":{"key":"082270230","name":"菅谷","pref":"茨城県","prefCode":"08","municipality":"筑西市","areaM2":724945.789,"population":810,"toponymIds":["08-9dbeb5ab69"]}},{"type":"Feature","geometry":{"type":"Polygon","coordinates":[[[140.28288,35.97445],[140.28299,35.97435],[140.28517,35.97484],[140.28698,35.97362],[140.28389,35.97172],[140.28406,35.97143],[140.28386,35.96811],[140.28322,35.96784],[140.28237,35.96692],[140.28205,35.96697],[140.28093,35.96664],[140.28008,35.96598],[140.28014,35.96572],[140.27975,35.96554],[140.28038,35.96492],[140.28138,35.96342],[140.28205,35.96294],[140.28243,35.96193],[140.28376,35.96044],[140.2845,35.9593],[140.28489,35.95901],[140.28509,35.95898],[140.2857,35.96002],[140.28617,35.96036],[140.28591,35.95964],[140.28618,35.95922],[140.28779,35.95999],[140.28656,35.95896],[140.28645,35.95864],[140.28668,35.95806],[140.28701,35.95774],[140.28756,35.9577],[140.28777,35.95703],[140.28765,35.95629],[140.28705,35.95587],[140.2876,35.95528],[140.28592,35.95431],[140.28706,35.95376],[140.2873,35.95275],[140.28582,35.95206],[140.28486,35.95117],[140.28305,35.95046],[140.28308,35.95061],[140.2823,35.95118],[140.28113,35.95122],[140.27774,35.95095],[140.27767,35.95042],[140.27567,35.95057],[140.2755,35.95081],[140.27493,35.95081],[140.27501,35.95054],[140.27467,35.95062],[140.2707,35.94978],[140.27042,35.95066],[140.27085,35.9527],[140.27086,35.95362],[140.26956,35.95458],[140.26869,35.95556],[140.26851,35.95625],[140.26779,35.95717],[140.26753,35.95784],[140.26468,35.96054],[140.26716,35.96152],[140.26856,35.96279],[140.26925,35.96395],[140.26973,35.96432],[140.2715,35.96652],[140.27272,35.96719],[140.27224,35.96777],[140.27441,35.9684],[140.27415,35.96891],[140.27328,35.96968],[140.27321,35.97012],[140.27269,35.9695],[140.27187,35.96973],[140.27222,35.96986],[140.27249,35.97076],[140.27519,35.97155],[140.27547,35.97159],[140.27557,35.97129],[140.27624,35.97131],[140.27772,35.97236],[140.28016,35.9738],[140.28163,35.97491],[140.28288,35.97445]]]},"properties":{"key":"082290120","name":"蒲ケ山","pref":"茨城県","prefCode":"08","municipality":"稲敷市","areaM2":3248842.021,"population":1231,"toponymIds":["08-cf64cc2763","08-1c9ec924d6","08-714cb1258a"]}},{"type":"Feature","geometry":{"type":"Polygon","coordinates":[[[140.3282,35.99673],[140.32859,35.99677],[140.32903,35.9973],[140.32938,35.99742],[140.33043,35.99701],[140.33114,35.99482],[140.33334,35.99319],[140.33409,35.99326],[140.33429,35.99382],[140.33483,35.99433],[140.33551,35.99392],[140.33603,35.99415],[140.33653,35.99408],[140.33689,35.99431],[140.33829,35.99382],[140.33916,35.99301],[140.33917,35.99267],[140.33856,35.99221],[140.33906,35.99191],[140.33917,35.99141],[140.33904,35.99089],[140.33871,35.99056],[140.33857,35.98992],[140.3392,35.98971],[140.33861,35.98845],[140.33976,35.98686],[140.33889,35.98654],[140.33804,35.98368],[140.33835,35.98237],[140.33933,35.98068],[140.33772,35.9807],[140.33731,35.98115],[140.33706,35.98184],[140.33687,35.98197],[140.33688,35.98175],[140.33649,35.98196],[140.33634,35.98225],[140.33644,35.98239],[140.33616,35.98254],[140.33611,35.98227],[140.33576,35.98222],[140.33576,35.98193],[140.33609,35.98195],[140.33625,35.98168],[140.33688,35.98128],[140.33701,35.98062],[140.3368,35.98048],[140.33685,35.98011],[140.33657,35.97984],[140.33663,35.97964],[140.33621,35.97954],[140.33559,35.97853],[140.33509,35.9784],[140.33507,35.97817],[140.33541,35.97777],[140.33615,35.97796],[140.33668,35.97721],[140.33691,35.97718],[140.3364,35.97813],[140.3365,35.97848],[140.33721,35.9771],[140.33784,35.97715],[140.33781,35.97661],[140.33822,35.97643],[140.33558,35.97648],[140.33557,35.97632],[140.33703,35.9763],[140.33701,35.97538],[140.3347,35.97539],[140.33249,35.97501],[140.33232,35.97496],[140.33202,35.97441],[140.33143,35.97563],[140.33121,35.97571],[140.33123,35.97599],[140.33007,35.976],[140.32997,35.97633],[140.32977,35.97603],[140.32943,35.97602],[140.32876,35.97558],[140.32884,35.97514],[140.32833,35.97517],[140.3283,35.97541],[140.32799,35.97519],[140.32767,35.9741],[140.32645,35.97335],[140.32638,35.97242],[140.32605,35.97164],[140.32567,35.97153],[140.3239,35.97325],[140.32407,35.97343],[140.32365,35.97357],[140.32469,35.97393],[140.32454,35.97411],[140.32398,35.97387],[140.32406,35.97423],[140.32384,35.97406],[140.3237,35.97419],[140.3231,35.97374],[140.32063,35.97394],[140.32051,35.9749],[140.32153,35.97481],[140.3218,35.97524],[140.32171,35.97559],[140.32003,35.9756],[140.31809,35.97596],[140.31848,35.9769],[140.31836,35.97759],[140.31637,35.97725],[140.3155,35.97792],[140.31527,35.97789],[140.31412,35.97841],[140.31398,35.97891],[140.31323,35.97911],[140.31309,35.97947],[140.31341,35.97974],[140.31352,35.98012],[140.31386,35.98034],[140.31303,35.98042],[140.31296,35.98078],[140.31334,35.98169],[140.31275,35.98218],[140.31237,35.98189],[140.31235,35.98258],[140.31345,35.98343],[140.31413,35.98311],[140.3139,35.98357],[140.31442,35.98369],[140.3146,35.98346],[140.31513,35.98356],[140.31481,35.98393],[140.31552,35.98443],[140.31561,35.98474],[140.31614,35.98524],[140.31622,35.98644],[140.31753,35.98728],[140.31791,35.98813],[140.31815,35.98832],[140.31802,35.98867],[140.32147,35.98948],[140.32664,35.99773],[140.32673,35.99782],[140.32762,35.99747],[140.3282,35.99673]]]},"properties":{"key":"082290150","name":"佐倉","pref":"茨城県","prefCode":"08","municipality":"稲敷市","areaM2":4153257.521,"population":893,"toponymIds":["08-71484d6c06"]}},{"type":"Feature","geometry":{"type":"Polygon","coordinates":[[[140.26723,36.13389],[140.26927,36.13335],[140.26889,36.13314],[140.27373,36.1335],[140.28563,36.13303],[140.28723,36.13193],[140.28902,36.13264],[140.29083,36.13275],[140.29084,36.13255],[140.29331,36.13237],[140.29631,36.13155],[140.29661,36.1316],[140.29644,36.13207],[140.29657,36.13223],[140.29668,36.13199],[140.29718,36.13194],[140.29751,36.1317],[140.29803,36.13177],[140.29799,36.1319],[140.29853,36.13218],[140.30065,36.13299],[140.30158,36.13363],[140.3016,36.13243],[140.30224,36.13246],[140.30238,36.13296],[140.30412,36.13247],[140.30561,36.13178],[140.30679,36.13171],[140.30967,36.1308],[140.31083,36.13062],[140.31194,36.12984],[140.31479,36.13009],[140.31659,36.12949],[140.32061,36.12876],[140.32373,36.12786],[140.32499,36.12729],[140.32775,36.12695],[140.32819,36.12665],[140.32869,36.12667],[140.32879,36.12618],[140.33033,36.12557],[140.33099,36.12584],[140.33126,36.12628],[140.33133,36.12679],[140.33115,36.12738],[140.3333,36.12798],[140.33355,36.12774],[140.33347,36.12765],[140.3337,36.1272],[140.33392,36.12722],[140.33389,36.12703],[140.33413,36.12696],[140.33392,36.12684],[140.33436,36.12646],[140.33485,36.12657],[140.33489,36.12671],[140.33521,36.1264],[140.3318,36.12422],[140.3313,36.12405],[140.33102,36.12432],[140.33081,36.12427],[140.32944,36.1236],[140.32895,36.12323],[140.32905,36.1226],[140.3287,36.1222],[140.32913,36.12177],[140.32967,36.12199],[140.33027,36.12199],[140.3321,36.12146],[140.33351,36.12033],[140.33377,36.11991],[140.33325,36.11954],[140.33515,36.11705],[140.33587,36.11738],[140.33677,36.11683],[140.33875,36.11617],[140.34037,36.11525],[140.34139,36.11504],[140.34521,36.1128],[140.34573,36.11182],[140.34461,36.11192],[140.33941,36.11085],[140.33832,36.11092],[140.33453,36.11215],[140.32829,36.11578],[140.32249,36.11625],[140.3224,36.11533],[140.32183,36.11545],[140.32142,36.11517],[140.32069,36.11428],[140.32005,36.11306],[140.31882,36.11283],[140.31805,36.1116],[140.31668,36.11012],[140.31313,36.10788],[140.30722,36.10993],[140.30496,36.11045],[140.30375,36.10876],[140.30233,36.10942],[140.29648,36.11036],[140.29263,36.11197],[140.29123,36.11234],[140.29001,36.11264],[140.28832,36.11265],[140.2811,36.11442],[140.2807,36.11372],[140.28039,36.11383],[140.27954,36.11335],[140.2792,36.11296],[140.27759,36.11367],[140.27724,36.11393],[140.27709,36.1144],[140.27655,36.11442],[140.27648,36.11425],[140.27714,36.11341],[140.2777,36.11293],[140.27876,36.11237],[140.27809,36.11138],[140.27752,36.11117],[140.2776,36.11073],[140.27728,36.11042],[140.27571,36.11124],[140.27266,36.11208],[140.27325,36.11357],[140.27162,36.114],[140.26675,36.11393],[140.26533,36.11323],[140.2642,36.11353],[140.26441,36.1142],[140.25451,36.11676],[140.2559,36.12014],[140.25686,36.12308],[140.25859,36.12516],[140.26048,36.12786],[140.262,36.12899],[140.26252,36.12963],[140.26141,36.1297],[140.26035,36.12947],[140.26122,36.13394],[140.26333,36.13406],[140.26438,36.13389],[140.26496,36.13435],[140.26723,36.13389]]]},"properties":{"key":"082300440","name":"宍倉","pref":"茨城県","prefCode":"08","municipality":"かすみがうら市","areaM2":14690077.1,"population":3491,"toponymIds":["08-b44b696ec1"]}},{"type":"Feature","geometry":{"type":"Polygon","coordinates":[[[140.21264,36.20846],[140.21483,36.20934],[140.21718,36.20957],[140.21775,36.20932],[140.21873,36.20854],[140.22013,36.20634],[140.22126,36.20663],[140.22238,36.20719],[140.22481,36.20604],[140.22714,36.20593],[140.2293,36.20621],[140.23083,36.20612],[140.23053,36.20684],[140.23245,36.2057],[140.23341,36.20531],[140.23595,36.20486],[140.23413,36.20336],[140.23268,36.20246],[140.23256,36.20063],[140.23236,36.20057],[140.23231,36.20069],[140.23217,36.20159],[140.23076,36.20149],[140.23153,36.19975],[140.23171,36.19789],[140.2324,36.19666],[140.23179,36.19579],[140.23171,36.19536],[140.23095,36.19502],[140.22737,36.19521],[140.22574,36.1946],[140.22507,36.19455],[140.22438,36.19475],[140.22192,36.1961],[140.22102,36.19639],[140.21881,36.19779],[140.21858,36.19815],[140.21853,36.19883],[140.21827,36.19945],[140.21721,36.19961],[140.21643,36.19951],[140.21167,36.2018],[140.21094,36.2023],[140.21038,36.20292],[140.20984,36.20503],[140.21023,36.20631],[140.21033,36.20757],[140.21021,36.20842],[140.20979,36.20961],[140.21264,36.20846]]]},"properties":{"key":"082300010","name":"高倉","pref":"茨城県","prefCode":"08","municipality":"かすみがうら市","areaM2":2233644.498,"population":231,"toponymIds":["08-2cb61e0889"]}},{"type":"Feature","geometry":{"type":"Polygon","coordinates":[[[140.09248,36.3577],[140.09229,36.35677],[140.09391,36.35351],[140.09218,36.35143],[140.09198,36.35096],[140.09199,36.35011],[140.09328,36.34803],[140.09316,36.34631],[140.0934,36.34557],[140.09363,36.34516],[140.0944,36.34456],[140.09477,36.34255],[140.09575,36.34134],[140.09598,36.34058],[140.0957,36.34015],[140.08893,36.33806],[140.08136,36.33945],[140.08081,36.34069],[140.08072,36.34307],[140.08004,36.34312],[140.0789,36.3445],[140.07919,36.3451],[140.07999,36.34579],[140.07998,36.34626],[140.07945,36.34672],[140.07851,36.34715],[140.07754,36.34731],[140.07721,36.34779],[140.07753,36.34914],[140.07814,36.34994],[140.07801,36.35063],[140.07894,36.35115],[140.07903,36.35205],[140.07935,36.35256],[140.07998,36.35286],[140.08029,36.3529],[140.08094,36.35261],[140.08238,36.35296],[140.08263,36.35289],[140.0835,36.35197],[140.08453,36.3522],[140.08476,36.35292],[140.08462,36.35365],[140.08486,36.35415],[140.08561,36.35462],[140.08602,36.35464],[140.08662,36.35527],[140.08716,36.35547],[140.08788,36.35642],[140.08861,36.3567],[140.08878,36.35717],[140.08953,36.35791],[140.09076,36.35745],[140.09112,36.35755],[140.09132,36.35781],[140.09143,36.35861],[140.09264,36.3583],[140.09248,36.3577]]]},"properties":{"key":"082310760","name":"青木","pref":"茨城県","prefCode":"08","municipality":"桜川市","areaM2":2308768.693,"population":547,"toponymIds":["08-15837a76d0"]}},{"type":"Feature","geometry":{"type":"Polygon","coordinates":[[[140.14273,36.37249],[140.14388,36.3717],[140.14414,36.37137],[140.14434,36.36916],[140.14503,36.36612],[140.14379,36.36631],[140.14239,36.36622],[140.14224,36.36563],[140.14254,36.36427],[140.14212,36.36416],[140.14116,36.36443],[140.14026,36.36441],[140.13945,36.36401],[140.13835,36.36378],[140.13821,36.36289],[140.13525,36.36273],[140.13465,36.36256],[140.13253,36.36261],[140.13084,36.36198],[140.13075,36.36135],[140.12951,36.36162],[140.13002,36.36413],[140.12984,36.36569],[140.13,36.36655],[140.13052,36.36736],[140.13383,36.37104],[140.13506,36.3719],[140.13616,36.37224],[140.13968,36.37231],[140.14251,36.37325],[140.14273,36.37249]]]},"properties":{"key":"082310130","name":"磯部","pref":"茨城県","prefCode":"08","municipality":"桜川市","areaM2":1135820.376,"population":296,"toponymIds":["08-07edec98c1"]}},{"type":"Feature","geometry":{"type":"Polygon","coordinates":[[[140.15876,36.33593],[140.15911,36.33534],[140.15928,36.33443],[140.15737,36.33236],[140.15737,36.33187],[140.1577,36.331],[140.15772,36.33013],[140.15717,36.32948],[140.15708,36.32867],[140.15507,36.32526],[140.15511,36.3233],[140.1543,36.32247],[140.15399,36.32192],[140.15357,36.32173],[140.15329,36.32109],[140.1537,36.32066],[140.15382,36.31996],[140.15322,36.31961],[140.15391,36.31843],[140.15251,36.31842],[140.15033,36.31919],[140.15025,36.32079],[140.14972,36.32159],[140.14894,36.32226],[140.14867,36.3237],[140.14829,36.32382],[140.14733,36.32329],[140.14788,36.3273],[140.14776,36.32754],[140.14751,36.32768],[140.14632,36.32776],[140.1461,36.32796],[140.14493,36.3297],[140.14482,36.33011],[140.14435,36.33043],[140.14418,36.33083],[140.14435,36.33191],[140.1437,36.33235],[140.14488,36.33392],[140.14583,36.3346],[140.14756,36.33479],[140.1483,36.33518],[140.14971,36.33549],[140.15086,36.33592],[140.15181,36.33661],[140.15262,36.33656],[140.15307,36.33612],[140.15447,36.33632],[140.15529,36.33587],[140.15593,36.33648],[140.15639,36.33755],[140.15679,36.33769],[140.1572,36.33754],[140.1573,36.3364],[140.15836,36.33622],[140.15876,36.33593]]]},"properties":{"key":"082310060","name":"猿田","pref":"茨城県","prefCode":"08","municipality":"桜川市","areaM2":1585551.102,"population":155,"toponymIds":["08-133e743694"]}},{"type":"Feature","geometry":{"type":"Polygon","coordinates":[[[140.53721,36.03627],[140.5375,36.03626],[140.53778,36.0359],[140.53759,36.03575],[140.53786,36.03548],[140.53761,36.03512],[140.53816,36.03505],[140.53836,36.0352],[140.53869,36.03488],[140.53827,36.03466],[140.53852,36.03451],[140.53844,36.03432],[140.53607,36.03467],[140.53512,36.03409],[140.53513,36.03387],[140.53599,36.03354],[140.53472,36.03286],[140.53468,36.03245],[140.53605,36.03043],[140.53587,36.03003],[140.53519,36.02941],[140.53478,36.02936],[140.53426,36.02978],[140.53314,36.02952],[140.5334,36.02899],[140.53275,36.02877],[140.53198,36.02808],[140.5316,36.02809],[140.53007,36.02865],[140.52966,36.02905],[140.52886,36.02931],[140.52886,36.02956],[140.52757,36.03003],[140.52703,36.03045],[140.5264,36.03002],[140.5261,36.02895],[140.52559,36.02805],[140.52439,36.02743],[140.5229,36.0278],[140.52235,36.03004],[140.52179,36.03125],[140.52264,36.03228],[140.52171,36.03314],[140.5227,36.03421],[140.52287,36.03461],[140.523,36.03608],[140.52269,36.03715],[140.52525,36.03804],[140.52862,36.03809],[140.53542,36.03963],[140.53697,36.03985],[140.53753,36.03979],[140.5378,36.03958],[140.53859,36.03848],[140.53703,36.03733],[140.53675,36.03677],[140.53649,36.03675],[140.53642,36.03647],[140.53721,36.03627]]]},"properties":{"key":"082330070","name":"蔵川","pref":"茨城県","prefCode":"08","municipality":"行方市","areaM2":1354753.811,"population":243,"toponymIds":["08-6f6c475beb"]}},{"type":"Feature","geometry":{"type":"Polygon","coordinates":[[[140.49702,36.05331],[140.49662,36.05299],[140.49627,36.05323],[140.49614,36.05313],[140.49637,36.05281],[140.49622,36.05185],[140.49644,36.0512],[140.49719,36.05078],[140.49707,36.05003],[140.49725,36.04978],[140.49753,36.04978],[140.49753,36.05068],[140.49793,36.05163],[140.49779,36.05165],[140.4974,36.05109],[140.4966,36.05131],[140.49647,36.05215],[140.49673,36.05272],[140.49736,36.05326],[140.4998,36.05329],[140.49995,36.05379],[140.50061,36.05365],[140.50174,36.05312],[140.50279,36.05318],[140.50346,36.05298],[140.50396,36.05227],[140.50577,36.05095],[140.51083,36.04975],[140.51136,36.04976],[140.51278,36.05026],[140.51228,36.04981],[140.51015,36.04886],[140.50909,36.04814],[140.50773,36.0449],[140.51009,36.04199],[140.50987,36.04158],[140.51019,36.04041],[140.51138,36.03936],[140.51133,36.03856],[140.51011,36.03677],[140.51029,36.03619],[140.51153,36.03451],[140.51118,36.03437],[140.51099,36.03391],[140.51035,36.03406],[140.50897,36.03292],[140.50773,36.03099],[140.50626,36.02968],[140.50612,36.02908],[140.50619,36.02893],[140.50645,36.02896],[140.50612,36.02772],[140.5056,36.02726],[140.50465,36.02692],[140.50371,36.02753],[140.50335,36.02805],[140.50252,36.02866],[140.50305,36.02953],[140.50303,36.02983],[140.5023,36.02997],[140.50164,36.0306],[140.50084,36.03095],[140.50032,36.0315],[140.49919,36.03228],[140.49747,36.03305],[140.49487,36.03619],[140.49385,36.03695],[140.49354,36.03771],[140.49346,36.03854],[140.49362,36.04034],[140.49511,36.04095],[140.49543,36.04147],[140.49502,36.04232],[140.49516,36.04232],[140.49505,36.04282],[140.49439,36.04349],[140.49458,36.04359],[140.49449,36.04494],[140.49508,36.04492],[140.49524,36.04701],[140.49496,36.04772],[140.49377,36.04892],[140.49317,36.05068],[140.49307,36.05195],[140.49261,36.05368],[140.4942,36.05446],[140.49521,36.05469],[140.49702,36.05331]],[[140.49892,36.0529],[140.4988,36.05298],[140.49842,36.0527],[140.49852,36.05223],[140.49889,36.0518],[140.499,36.05189],[140.49859,36.0525],[140.49892,36.0529]]]},"properties":{"key":"082330120","name":"四鹿","pref":"茨城県","prefCode":"08","municipality":"行方市","areaM2":3316289.052,"population":541,"toponymIds":["08-daba6371bf"]}},{"type":"Feature","geometry":{"type":"Polygon","coordinates":[[[140.62561,35.9646],[140.62498,35.96442],[140.62433,35.96683],[140.62732,35.96732],[140.62784,35.96517],[140.62561,35.9646]]]},"properties":{"key":"08222059002","name":"宮中二丁目","pref":"茨城県","prefCode":"08","municipality":"鹿嶋市","areaM2":70591.813,"population":172,"toponymIds":["08-008fe07f46"]}},{"type":"Feature","geometry":{"type":"Polygon","coordinates":[[[140.46083,36.03472],[140.46158,36.03477],[140.46197,36.03421],[140.46182,36.03383],[140.46071,36.03334],[140.46089,36.03281],[140.46172,36.03275],[140.46113,36.03149],[140.46134,36.03072],[140.46108,36.03045],[140.46071,36.03035],[140.46103,36.02997],[140.46177,36.02795],[140.46216,36.02755],[140.46182,36.0273],[140.46015,36.02699],[140.46474,36.01914],[140.46303,36.01834],[140.4653,36.01356],[140.46494,36.01313],[140.46214,36.012],[140.4517,36.02904],[140.45508,36.03035],[140.45584,36.03103],[140.4585,36.03242],[140.45932,36.03328],[140.45979,36.03437],[140.46028,36.03486],[140.46083,36.03472]]]},"properties":{"key":"082330250","name":"橋門","pref":"茨城県","prefCode":"08","municipality":"行方市","areaM2":1289473.103,"population":128,"toponymIds":["08-45b8594728"]}},{"type":"Feature","geometry":{"type":"Polygon","coordinates":[[[140.35818,36.06508],[140.35978,36.06425],[140.36016,36.06349],[140.36026,36.06227],[140.36016,36.062],[140.35922,36.06199],[140.35839,36.06241],[140.35619,36.0629],[140.35611,36.06259],[140.35549,36.06267],[140.35608,36.06264],[140.35615,36.06289],[140.35585,36.06294],[140.35591,36.06384],[140.35626,36.06383],[140.3563,36.06499],[140.35615,36.06495],[140.35608,36.06529],[140.35619,36.0657],[140.35652,36.06597],[140.35479,36.06665],[140.35325,36.06675],[140.352,36.0673],[140.35152,36.06829],[140.3514,36.06897],[140.3514,36.0695],[140.35176,36.07029],[140.35126,36.0706],[140.35169,36.07082],[140.35329,36.07006],[140.35802,36.06669],[140.35827,36.06623],[140.35818,36.06508]]]},"properties":{"key":"082300340","name":"有河","pref":"茨城県","prefCode":"08","municipality":"かすみがうら市","areaM2":273426.609,"population":74,"toponymIds":["08-b21cad16d8"]}},{"type":"Feature","geometry":{"type":"Polygon","coordinates":[[[140.3313,36.14063],[140.33611,36.13667],[140.33624,36.13638],[140.33626,36.13389],[140.33521,36.13138],[140.33278,36.12918],[140.3333,36.12798],[140.33115,36.12738],[140.33133,36.12679],[140.33126,36.12628],[140.33099,36.12584],[140.33033,36.12557],[140.32879,36.12618],[140.32869,36.12667],[140.32819,36.12665],[140.32775,36.12695],[140.32499,36.12729],[140.32373,36.12786],[140.32061,36.12876],[140.31659,36.12949],[140.31479,36.13009],[140.31194,36.12984],[140.31083,36.13062],[140.30967,36.1308],[140.30679,36.13171],[140.30561,36.13178],[140.30412,36.13247],[140.30238,36.13296],[140.30224,36.13246],[140.3016,36.13243],[140.30158,36.13363],[140.30216,36.13391],[140.30432,36.13408],[140.30712,36.13467],[140.30915,36.13546],[140.31043,36.13729],[140.31062,36.1381],[140.31112,36.13875],[140.31209,36.13887],[140.31217,36.13928],[140.3126,36.13936],[140.31281,36.13997],[140.31316,36.14],[140.31359,36.14065],[140.31537,36.13983],[140.31587,36.1398],[140.31625,36.13946],[140.31665,36.13869],[140.31723,36.13912],[140.31833,36.14066],[140.32037,36.14028],[140.32098,36.14124],[140.32095,36.14213],[140.32072,36.14238],[140.31966,36.14285],[140.32053,36.14409],[140.32389,36.14627],[140.32449,36.14619],[140.3313,36.14063]]]},"properties":{"key":"082050370","name":"井関","pref":"茨城県","prefCode":"08","municipality":"石岡市","areaM2":3522048.716,"population":551,"toponymIds":["08-272b7d3f0e","08-2ac81648e6"]}},{"type":"Feature","geometry":{"type":"Polygon","coordinates":[[[140.50897,36.50575],[140.51178,36.50366],[140.51402,36.50298],[140.51172,36.50232],[140.51058,36.50167],[140.50992,36.50108],[140.50933,36.49988],[140.50903,36.49878],[140.50768,36.49618],[140.50725,36.49565],[140.50581,36.49449],[140.50418,36.49389],[140.50378,36.49319],[140.50302,36.49234],[140.50285,36.49146],[140.50307,36.49082],[140.50264,36.49045],[140.5027,36.49013],[140.50163,36.49027],[140.50009,36.49148],[140.49977,36.49207],[140.49954,36.49285],[140.50019,36.49496],[140.50019,36.49589],[140.50013,36.49626],[140.49959,36.49706],[140.49839,36.49804],[140.4972,36.4983],[140.49645,36.49819],[140.49486,36.4996],[140.49378,36.50028],[140.49682,36.50224],[140.49599,36.50307],[140.50072,36.5062],[140.5011,36.50629],[140.50286,36.50566],[140.50405,36.50564],[140.50501,36.50597],[140.50713,36.50601],[140.50767,36.50643],[140.50818,36.50604],[140.50897,36.50575]]]},"properties":{"key":"082120330","name":"粟原町","pref":"茨城県","prefCode":"08","municipality":"常陸太田市","areaM2":1508121.39,"population":189,"toponymIds":["08-662e0f2131"]}},{"type":"Feature","geometry":{"type":"Polygon","coordinates":[[[140.38955,36.46396],[140.3897,36.46329],[140.38953,36.46229],[140.38856,36.46216],[140.38879,36.46102],[140.38799,36.46078],[140.38856,36.45945],[140.38804,36.45903],[140.38795,36.45881],[140.38808,36.45846],[140.38897,36.45873],[140.38956,36.45753],[140.39045,36.45686],[140.39472,36.45647],[140.39597,36.4572],[140.39556,36.45783],[140.39641,36.45934],[140.39693,36.45763],[140.3973,36.45731],[140.40128,36.45554],[140.40221,36.4553],[140.40394,36.4552],[140.40477,36.45478],[140.40556,36.45381],[140.40581,36.45298],[140.40618,36.45245],[140.40772,36.45126],[140.40818,36.44974],[140.40947,36.4477],[140.41059,36.44718],[140.41243,36.44501],[140.41316,36.44293],[140.41297,36.44238],[140.41219,36.44236],[140.41026,36.44145],[140.40914,36.44059],[140.40815,36.44022],[140.40571,36.43974],[140.40456,36.43997],[140.40439,36.44053],[140.40336,36.44056],[140.40186,36.44135],[140.40087,36.44229],[140.40091,36.4426],[140.40044,36.44338],[140.39996,36.44487],[140.39839,36.44536],[140.39839,36.44402],[140.39828,36.4439],[140.39803,36.44407],[140.3978,36.44388],[140.39724,36.44414],[140.39646,36.44485],[140.39583,36.44652],[140.39497,36.4474],[140.39451,36.44757],[140.39331,36.44744],[140.39257,36.4476],[140.39151,36.44835],[140.39094,36.44901],[140.38924,36.44915],[140.38881,36.44954],[140.38601,36.4509],[140.38589,36.45141],[140.38613,36.45129],[140.38654,36.4525],[140.38615,36.45316],[140.38536,36.45571],[140.38463,36.45734],[140.38311,36.4599],[140.38145,36.46313],[140.38237,36.46405],[140.38536,36.46387],[140.38591,36.46393],[140.38787,36.46463],[140.38955,36.46396]]]},"properties":{"key":"082010792","name":"藤井町","pref":"茨城県","prefCode":"08","municipality":"水戸市","areaM2":3095060.603,"population":553,"toponymIds":["08-b4bfab8a29"]}},{"type":"Feature","geometry":{"type":"Polygon","coordinates":[[[140.46844,36.43846],[140.46999,36.4385],[140.47017,36.43867],[140.47109,36.43845],[140.4715,36.43804],[140.47214,36.43681],[140.47184,36.43642],[140.47179,36.43588],[140.47129,36.43509],[140.46999,36.43453],[140.47092,36.43397],[140.47189,36.43398],[140.47246,36.43299],[140.47322,36.43331],[140.47351,36.43283],[140.47389,36.43295],[140.47414,36.43131],[140.47157,36.43031],[140.4731,36.42781],[140.46996,36.42634],[140.47126,36.42439],[140.47069,36.42415],[140.47051,36.4237],[140.46984,36.42341],[140.46936,36.423],[140.46807,36.42263],[140.46784,36.42296],[140.46644,36.42398],[140.46562,36.42411],[140.46279,36.42535],[140.46097,36.42725],[140.45962,36.42905],[140.45916,36.42932],[140.45739,36.4298],[140.45652,36.43054],[140.45804,36.43168],[140.45805,36.43241],[140.45927,36.43404],[140.45938,36.43444],[140.45924,36.43495],[140.45883,36.43477],[140.45503,36.43668],[140.45401,36.43742],[140.45407,36.43856],[140.45493,36.43865],[140.45517,36.43994],[140.45462,36.44209],[140.45743,36.44243],[140.45992,36.44294],[140.46403,36.44182],[140.46633,36.44148],[140.46685,36.44108],[140.46718,36.4405],[140.4676,36.43938],[140.46732,36.43927],[140.46747,36.43892],[140.46844,36.43846]]]},"properties":{"key":"082260030","name":"豊喰","pref":"茨城県","prefCode":"08","municipality":"那珂市","areaM2":2374060.88,"population":786,"toponymIds":["08-49f3e0fa1b"]}},{"type":"Feature","geometry":{"type":"Polygon","coordinates":[[[140.38924,36.33811],[140.38909,36.33824],[140.38928,36.33834],[140.38942,36.3382],[140.38924,36.33811]]]},"properties":{"key":"082011260","name":"鯉淵町","pref":"茨城県","prefCode":"08","municipality":"水戸市","areaM2":382.081,"population":0,"toponymIds":["08-d48417c0cf"]}},{"type":"Feature","geometry":{"type":"Polygon","coordinates":[[[140.34909,36.35083],[140.35093,36.35049],[140.3515,36.35098],[140.35268,36.35109],[140.35373,36.35159],[140.354,36.35144],[140.35706,36.3528],[140.35815,36.35216],[140.35884,36.35298],[140.36006,36.35249],[140.35971,36.3523],[140.36085,36.35196],[140.36045,36.35132],[140.36094,36.35115],[140.36054,36.35071],[140.36033,36.35078],[140.36,36.35028],[140.35877,36.35087],[140.35836,36.35],[140.3575,36.35035],[140.35704,36.35008],[140.35692,36.35023],[140.35646,36.34975],[140.35528,36.35032],[140.35467,36.35],[140.3547,36.34974],[140.35412,36.3495],[140.35423,36.34986],[140.35388,36.35003],[140.3533,36.34886],[140.3538,36.34855],[140.35409,36.34894],[140.35448,36.34893],[140.35488,36.34861],[140.35569,36.34847],[140.35644,36.34812],[140.35664,36.34827],[140.35629,36.34886],[140.35686,36.34922],[140.35704,36.34896],[140.35895,36.3501],[140.36059,36.3494],[140.3607,36.34956],[140.36156,36.34915],[140.36191,36.34877],[140.36146,36.34826],[140.3613,36.34836],[140.36117,36.34822],[140.36086,36.34843],[140.35983,36.34748],[140.36031,36.34708],[140.36064,36.34721],[140.36114,36.34704],[140.3614,36.34654],[140.36166,36.34641],[140.36148,36.34611],[140.3617,36.34585],[140.36133,36.34543],[140.36122,36.34465],[140.36055,36.34366],[140.36055,36.34327],[140.35951,36.3414],[140.35851,36.34141],[140.35765,36.34079],[140.35664,36.34049],[140.35437,36.34058],[140.35435,36.34084],[140.35361,36.3407],[140.35353,36.34091],[140.35262,36.34067],[140.35257,36.34094],[140.35305,36.34151],[140.35282,36.34178],[140.35253,36.34158],[140.35192,36.342],[140.35169,36.3418],[140.35121,36.34203],[140.35138,36.34236],[140.3501,36.34284],[140.34987,36.3429],[140.34926,36.34194],[140.34827,36.34208],[140.34838,36.3424],[140.34874,36.34227],[140.34873,36.34268],[140.34941,36.34352],[140.34909,36.3436],[140.34922,36.34388],[140.34711,36.34422],[140.34723,36.34448],[140.34689,36.34463],[140.3472,36.34569],[140.34633,36.34591],[140.34709,36.34658],[140.34664,36.3469],[140.34693,36.34736],[140.34571,36.34801],[140.3464,36.34899],[140.34706,36.34946],[140.34569,36.3505],[140.34494,36.35018],[140.34463,36.35032],[140.34381,36.3502],[140.34236,36.34976],[140.34174,36.34937],[140.34087,36.34942],[140.34065,36.34926],[140.34088,36.34912],[140.34072,36.34902],[140.33897,36.34883],[140.33829,36.34852],[140.33812,36.34868],[140.33858,36.34935],[140.33961,36.34936],[140.34014,36.34957],[140.34033,36.34973],[140.34052,36.3503],[140.3393,36.35054],[140.33931,36.35092],[140.33775,36.35136],[140.33748,36.35166],[140.33749,36.35196],[140.33709,36.35207],[140.33752,36.35217],[140.338,36.35321],[140.33733,36.3534],[140.33761,36.35371],[140.33734,36.35393],[140.33743,36.35418],[140.33778,36.35447],[140.33741,36.35468],[140.33752,36.35489],[140.3367,36.35509],[140.33674,36.35531],[140.34222,36.35367],[140.34473,36.35219],[140.34589,36.35185],[140.34665,36.35124],[140.34909,36.35083]]]},"properties":{"key":"082011270","name":"五平町","pref":"茨城県","prefCode":"08","municipality":"水戸市","areaM2":1615899.883,"population":373,"toponymIds":["08-15503249fa"]}},{"type":"Feature","geometry":{"type":"Polygon","coordinates":[[[140.32,36.34094],[140.32055,36.34081],[140.32119,36.34014],[140.32099,36.33846],[140.32031,36.33804],[140.31933,36.33817],[140.31684,36.33945],[140.31774,36.3418],[140.31843,36.34265],[140.3189,36.34364],[140.31921,36.3435],[140.31952,36.34302],[140.31904,36.34183],[140.32,36.34094]]]},"properties":{"key":"08216054004","name":"美原四丁目","pref":"茨城県","prefCode":"08","municipality":"笠間市","areaM2":129665.302,"population":352,"toponymIds":["08-dfd39cbd9e"]}},{"type":"Feature","geometry":{"type":"Polygon","coordinates":[[[140.33343,36.43017],[140.33366,36.42999],[140.33362,36.42942],[140.33465,36.4294],[140.33493,36.42894],[140.33581,36.42917],[140.33705,36.42922],[140.33728,36.42853],[140.33871,36.42757],[140.33899,36.42699],[140.33881,36.42499],[140.33916,36.42365],[140.34002,36.42276],[140.34151,36.42182],[140.34239,36.42199],[140.34286,36.42169],[140.34419,36.42162],[140.34593,36.42004],[140.34727,36.42061],[140.34798,36.42064],[140.34861,36.41986],[140.34879,36.41936],[140.34967,36.41891],[140.3498,36.41747],[140.34959,36.41707],[140.34902,36.41679],[140.34872,36.41622],[140.34926,36.41514],[140.34956,36.41493],[140.34927,36.41473],[140.34906,36.41344],[140.3493,36.41273],[140.34965,36.41239],[140.34955,36.41155],[140.34969,36.41068],[140.35003,36.40996],[140.35077,36.40933],[140.35173,36.40958],[140.35293,36.4082],[140.3528,36.40768],[140.35315,36.40633],[140.35346,36.40603],[140.35388,36.4059],[140.35366,36.40552],[140.354,36.40542],[140.35389,36.40524],[140.35445,36.40513],[140.35488,36.40464],[140.35417,36.40423],[140.35352,36.40354],[140.35434,36.40252],[140.35462,36.40167],[140.35444,36.39922],[140.35432,36.39908],[140.3538,36.39939],[140.35343,36.39934],[140.35317,36.39921],[140.35346,36.39905],[140.35349,36.39882],[140.35255,36.39878],[140.35155,36.39822],[140.35036,36.39812],[140.34941,36.39744],[140.34871,36.39756],[140.34833,36.39745],[140.34721,36.39661],[140.34543,36.39445],[140.343,36.395],[140.33955,36.39629],[140.33812,36.39639],[140.33715,36.39557],[140.33598,36.39547],[140.33414,36.39505],[140.33285,36.39504],[140.33201,36.39529],[140.33101,36.39608],[140.33061,36.39621],[140.32868,36.39534],[140.32713,36.39511],[140.32396,36.39387],[140.32289,36.39361],[140.32107,36.39243],[140.31941,36.39167],[140.31795,36.39143],[140.31739,36.39099],[140.31643,36.39061],[140.31537,36.38964],[140.3149,36.38999],[140.31466,36.39043],[140.31488,36.39131],[140.31479,36.39224],[140.31277,36.3949],[140.31252,36.396],[140.312,36.39628],[140.31245,36.39689],[140.31247,36.39792],[140.31273,36.39833],[140.31373,36.3992],[140.31424,36.40027],[140.31624,36.40185],[140.31442,36.40485],[140.31329,36.40529],[140.31327,36.40573],[140.31362,36.40623],[140.31348,36.40683],[140.31357,36.4075],[140.31342,36.4078],[140.31527,36.40842],[140.3161,36.4089],[140.3171,36.40902],[140.31752,36.40928],[140.31785,36.40978],[140.31781,36.41015],[140.3164,36.41091],[140.31624,36.41111],[140.31627,36.41141],[140.31647,36.41176],[140.31883,36.4135],[140.32151,36.41387],[140.3218,36.41408],[140.32282,36.41405],[140.32407,36.41439],[140.32463,36.41433],[140.32487,36.41441],[140.32497,36.41478],[140.32598,36.41454],[140.3261,36.41369],[140.3265,36.4141],[140.32658,36.41488],[140.32637,36.41631],[140.3258,36.41724],[140.32502,36.41772],[140.32716,36.41905],[140.32756,36.42167],[140.32777,36.42433],[140.32774,36.42764],[140.32904,36.42842],[140.33023,36.4283],[140.33014,36.42902],[140.33042,36.42967],[140.33107,36.42985],[140.33149,36.43023],[140.33343,36.43017]]]},"properties":{"key":"082160060","name":"池野辺","pref":"茨城県","prefCode":"08","municipality":"笠間市","areaM2":9735936.962,"population":531,"toponymIds":["08-1cc3fc5196"]}},{"type":"Feature","geometry":{"type":"Polygon","coordinates":[[[140.54768,36.06047],[140.54804,36.05856],[140.54795,36.05808],[140.54656,36.05692],[140.54437,36.05648],[140.54337,36.05606],[140.54198,36.05464],[140.54184,36.05417],[140.54195,36.05382],[140.5416,36.05354],[140.53957,36.05329],[140.53775,36.05342],[140.53678,36.0533],[140.53498,36.05423],[140.53418,36.05434],[140.53328,36.05477],[140.53251,36.05436],[140.53149,36.05438],[140.53068,36.05611],[140.53097,36.0571],[140.53083,36.05774],[140.53153,36.05925],[140.53143,36.05968],[140.53091,36.06046],[140.53187,36.06064],[140.53231,36.06037],[140.53258,36.06041],[140.5327,36.06154],[140.53312,36.06197],[140.53318,36.06294],[140.53203,36.06369],[140.53276,36.06491],[140.53369,36.06584],[140.53421,36.06534],[140.53697,36.06391],[140.54544,36.06168],[140.5473,36.0609],[140.54768,36.06047]]]},"properties":{"key":"082330300","name":"吉川","pref":"茨城県","prefCode":"08","municipality":"行方市","areaM2":1363066.785,"population":304,"toponymIds":["08-bcff0c9457"]}},{"type":"Feature","geometry":{"type":"Polygon","coordinates":[[[140.5154,36.12244],[140.51602,36.12198],[140.51662,36.12249],[140.51811,36.12119],[140.51897,36.12186],[140.5198,36.12122],[140.52059,36.12175],[140.52108,36.12026],[140.52526,36.11728],[140.52667,36.11532],[140.52774,36.11436],[140.52803,36.11383],[140.52791,36.11341],[140.52687,36.11295],[140.5256,36.11181],[140.52397,36.1097],[140.52365,36.10894],[140.52347,36.10646],[140.52381,36.10599],[140.52503,36.10517],[140.52977,36.1033],[140.53006,36.10308],[140.53009,36.10282],[140.52748,36.10168],[140.52625,36.10091],[140.52437,36.09871],[140.5219,36.09544],[140.52164,36.09532],[140.52134,36.09609],[140.52033,36.0972],[140.52013,36.09831],[140.52022,36.09884],[140.51986,36.09926],[140.51954,36.09922],[140.5187,36.1004],[140.51892,36.10084],[140.51856,36.1011],[140.51834,36.10167],[140.51777,36.10202],[140.51918,36.10516],[140.51967,36.10545],[140.5196,36.10568],[140.52002,36.10661],[140.51896,36.10684],[140.51844,36.10784],[140.51832,36.10838],[140.51751,36.10862],[140.51676,36.10852],[140.51593,36.10948],[140.51552,36.1105],[140.51438,36.11047],[140.51393,36.10995],[140.51288,36.10981],[140.51119,36.11056],[140.50936,36.1111],[140.5091,36.11105],[140.50901,36.11139],[140.5084,36.11151],[140.50707,36.11263],[140.50613,36.11278],[140.50548,36.11348],[140.50439,36.11343],[140.50455,36.11463],[140.50449,36.11519],[140.50423,36.11555],[140.50473,36.11626],[140.50501,36.117],[140.50569,36.11774],[140.50724,36.11845],[140.50801,36.1182],[140.50926,36.1194],[140.50971,36.11961],[140.51002,36.12091],[140.51128,36.12156],[140.51146,36.12231],[140.51233,36.12301],[140.51278,36.1239],[140.513,36.12367],[140.51409,36.12341],[140.5154,36.12244]]]},"properties":{"key":"082330410","name":"三和","pref":"茨城県","prefCode":"08","municipality":"行方市","areaM2":2976382.924,"population":494,"toponymIds":["08-68a9d92c2b"]}},{"type":"Feature","geometry":{"type":"Polygon","coordinates":[[[140.2966,36.57225],[140.29703,36.57208],[140.29733,36.57161],[140.29801,36.57154],[140.2988,36.57047],[140.30015,36.57056],[140.30058,36.57036],[140.30146,36.56955],[140.30396,36.56944],[140.30475,36.56912],[140.30596,36.56758],[140.30501,36.56694],[140.30417,36.566],[140.30391,36.56513],[140.30394,36.56316],[140.29678,36.56172],[140.29171,36.56106],[140.29174,36.56556],[140.29256,36.56593],[140.29306,36.56671],[140.29428,36.57225],[140.2966,36.57225]]]},"properties":{"key":"082250770","name":"金井","pref":"茨城県","prefCode":"08","municipality":"常陸大宮市","areaM2":1029690.092,"population":64,"toponymIds":["08-ff6da48857"]}},{"type":"Feature","geometry":{"type":"Polygon","coordinates":[[[140.25172,36.57728],[140.25258,36.57607],[140.25371,36.57592],[140.2549,36.57544],[140.25527,36.57544],[140.25602,36.57463],[140.25828,36.5731],[140.26058,36.57244],[140.26125,36.57192],[140.26144,36.57147],[140.26215,36.57109],[140.26284,36.57133],[140.26277,36.57063],[140.26303,36.56986],[140.26488,36.56883],[140.2666,36.56688],[140.26835,36.56553],[140.2692,36.56104],[140.26657,36.55942],[140.26504,36.55825],[140.26359,36.55769],[140.24873,36.55787],[140.2479,36.55883],[140.24666,36.55955],[140.24386,36.56282],[140.24528,36.56465],[140.24674,36.56471],[140.24559,36.56587],[140.24555,36.56626],[140.24638,36.5665],[140.2461,36.56692],[140.24663,36.56722],[140.24682,36.56754],[140.24569,36.56884],[140.24553,36.56993],[140.24575,36.57041],[140.24528,36.57143],[140.24517,36.57226],[140.24331,36.57356],[140.24272,36.57412],[140.24265,36.57439],[140.24444,36.57528],[140.24467,36.57572],[140.24473,36.57715],[140.24566,36.57719],[140.2468,36.57754],[140.24727,36.57803],[140.24765,36.57895],[140.24801,36.5792],[140.2488,36.57914],[140.24936,36.57865],[140.25172,36.57728]]]},"properties":{"key":"082250740","name":"野田","pref":"茨城県","prefCode":"08","municipality":"常陸大宮市","areaM2":3580599.686,"population":308,"toponymIds":["08-49bf91f634"]}},{"type":"Feature","geometry":{"type":"Polygon","coordinates":[[[140.25942,36.58486],[140.25896,36.58439],[140.25813,36.58419],[140.25756,36.58423],[140.25709,36.58452],[140.25631,36.5839],[140.25561,36.58365],[140.25529,36.58261],[140.25503,36.58235],[140.25263,36.58203],[140.25245,36.58152],[140.25269,36.58037],[140.25394,36.58033],[140.25501,36.57961],[140.25579,36.57881],[140.25606,36.57737],[140.25681,36.57651],[140.25674,36.57629],[140.25532,36.57545],[140.2549,36.57544],[140.25371,36.57592],[140.25258,36.57607],[140.25156,36.5774],[140.24936,36.57865],[140.24895,36.57906],[140.24839,36.57922],[140.24771,36.57902],[140.24727,36.57803],[140.2468,36.57754],[140.24566,36.57719],[140.24473,36.57715],[140.24501,36.57961],[140.24568,36.582],[140.24554,36.58244],[140.24534,36.58252],[140.24438,36.58237],[140.24401,36.58251],[140.24388,36.58298],[140.24429,36.58334],[140.24432,36.5837],[140.24318,36.58458],[140.24317,36.58495],[140.244,36.5859],[140.24387,36.58622],[140.244,36.5867],[140.24367,36.58678],[140.24356,36.58721],[140.24368,36.58863],[140.24549,36.59116],[140.24594,36.59279],[140.24607,36.59431],[140.24679,36.59488],[140.24681,36.59552],[140.24725,36.59624],[140.24698,36.59683],[140.24781,36.59719],[140.24844,36.59855],[140.24922,36.59967],[140.24893,36.60023],[140.24889,36.601],[140.24938,36.60186],[140.24889,36.60249],[140.24924,36.60352],[140.2485,36.60463],[140.24852,36.60641],[140.2483,36.60697],[140.24847,36.6076],[140.24844,36.60875],[140.24874,36.60935],[140.24863,36.6102],[140.2484,36.61096],[140.24791,36.61157],[140.24762,36.61233],[140.24656,36.61346],[140.24561,36.61407],[140.24585,36.61516],[140.2456,36.61566],[140.25011,36.61337],[140.25544,36.61209],[140.25596,36.61122],[140.25618,36.61057],[140.25609,36.61026],[140.25574,36.60987],[140.25389,36.60864],[140.25368,36.60774],[140.25378,36.60729],[140.2544,36.6061],[140.25604,36.60435],[140.25636,36.59956],[140.25674,36.59752],[140.2579,36.59618],[140.25959,36.5947],[140.25995,36.59414],[140.26015,36.59352],[140.26025,36.59103],[140.26055,36.58973],[140.26113,36.5888],[140.262,36.58785],[140.25942,36.58486]]]},"properties":{"key":"082250690","name":"千田","pref":"茨城県","prefCode":"08","municipality":"常陸大宮市","areaM2":3759389.316,"population":181,"toponymIds":["08-542c2e0df9"]}},{"type":"Feature","geometry":{"type":"Polygon","coordinates":[[[140.27486,36.62222],[140.27543,36.62196],[140.27577,36.62159],[140.27622,36.62004],[140.27541,36.61845],[140.27505,36.61805],[140.27285,36.61679],[140.27259,36.61648],[140.27243,36.61578],[140.27281,36.61414],[140.27259,36.61357],[140.26993,36.61247],[140.26699,36.60985],[140.26336,36.61004],[140.2604,36.61055],[140.25871,36.61092],[140.2539,36.61256],[140.25011,36.61337],[140.2456,36.61566],[140.24527,36.61692],[140.24533,36.61739],[140.24468,36.61849],[140.24778,36.61861],[140.24909,36.61894],[140.25364,36.61923],[140.25432,36.61957],[140.25678,36.62159],[140.25749,36.62189],[140.25891,36.62163],[140.25982,36.62181],[140.26063,36.62148],[140.26165,36.62142],[140.26314,36.62097],[140.26379,36.62095],[140.26435,36.62119],[140.26484,36.62174],[140.26503,36.62296],[140.26685,36.62218],[140.26728,36.62219],[140.2678,36.62257],[140.26811,36.6232],[140.26996,36.62382],[140.27045,36.62328],[140.27183,36.6226],[140.27265,36.62239],[140.27486,36.62222]]]},"properties":{"key":"082250640","name":"油河内","pref":"茨城県","prefCode":"08","municipality":"常陸大宮市","areaM2":2577611.491,"population":87,"toponymIds":["08-b1679c6c4c"]}},{"type":"Feature","geometry":{"type":"Polygon","coordinates":[[[140.35851,36.63718],[140.35923,36.63687],[140.3588,36.63635],[140.35879,36.63597],[140.35945,36.63539],[140.35988,36.63461],[140.36006,36.6328],[140.36,36.63124],[140.36125,36.62964],[140.36219,36.62764],[140.36292,36.62534],[140.36293,36.62372],[140.36353,36.62266],[140.36428,36.62204],[140.36323,36.62198],[140.36196,36.62164],[140.35864,36.62001],[140.35809,36.61932],[140.35773,36.61812],[140.35719,36.61767],[140.354,36.61806],[140.35259,36.6186],[140.35105,36.61978],[140.35014,36.62068],[140.34952,36.6207],[140.34833,36.62022],[140.3477,36.62027],[140.34659,36.62069],[140.34572,36.62044],[140.34495,36.62059],[140.34308,36.62051],[140.34294,36.6208],[140.34316,36.62112],[140.34322,36.62177],[140.34224,36.62328],[140.34063,36.62371],[140.33995,36.62427],[140.34125,36.62449],[140.34224,36.62509],[140.34249,36.62547],[140.34237,36.62634],[140.34303,36.62742],[140.34384,36.62831],[140.34428,36.63013],[140.34468,36.63065],[140.34429,36.63121],[140.34483,36.63305],[140.34587,36.63369],[140.34768,36.63438],[140.34863,36.63596],[140.34938,36.63638],[140.35043,36.63651],[140.35307,36.63725],[140.35514,36.63698],[140.35851,36.63718]]]},"properties":{"key":"082250500","name":"長沢","pref":"茨城県","prefCode":"08","municipality":"常陸大宮市","areaM2":2945875.102,"population":80,"toponymIds":["08-3952b1e11b","08-b9264511aa"]}},{"type":"Feature","geometry":{"type":"Polygon","coordinates":[[[140.40864,36.61778],[140.40976,36.6176],[140.41139,36.61808],[140.41322,36.61813],[140.4143,36.61768],[140.41513,36.61663],[140.41736,36.61591],[140.4169,36.61517],[140.41535,36.61499],[140.41457,36.61434],[140.41436,36.61383],[140.41448,36.61338],[140.41514,36.61259],[140.41667,36.61198],[140.41942,36.61039],[140.41981,36.60975],[140.42035,36.60818],[140.42105,36.60705],[140.4208,36.60635],[140.41975,36.6059],[140.41786,36.60757],[140.41727,36.60773],[140.41592,36.6077],[140.41446,36.60702],[140.41394,36.60635],[140.41377,36.60507],[140.414,36.60328],[140.41496,36.6015],[140.41502,36.60068],[140.41443,36.5994],[140.414,36.59896],[140.41166,36.59796],[140.41066,36.59798],[140.40916,36.59861],[140.40573,36.60144],[140.40464,36.60173],[140.4029,36.60264],[140.40224,36.60237],[140.40166,36.60292],[140.40144,36.60363],[140.40133,36.60635],[140.40163,36.60691],[140.40278,36.60824],[140.40322,36.60979],[140.40326,36.61212],[140.40247,36.61544],[140.40254,36.61643],[140.40356,36.61926],[140.4047,36.62083],[140.40498,36.62203],[140.40504,36.62872],[140.40538,36.62872],[140.40744,36.62573],[140.40793,36.62531],[140.40891,36.625],[140.40905,36.62473],[140.40912,36.62297],[140.41008,36.62219],[140.41037,36.6217],[140.40999,36.62077],[140.40862,36.61915],[140.40844,36.61827],[140.40864,36.61778]]]},"properties":{"key":"082250460","name":"小貫","pref":"茨城県","prefCode":"08","municipality":"常陸大宮市","areaM2":2842161.333,"population":317,"toponymIds":["08-475b8b6fb7"]}},{"type":"Feature","geometry":{"type":"Polygon","coordinates":[[[140.38118,36.62204],[140.38307,36.62081],[140.38362,36.62085],[140.38399,36.62056],[140.38492,36.62048],[140.38552,36.6202],[140.38591,36.61953],[140.387,36.61895],[140.38826,36.6175],[140.38942,36.61675],[140.39026,36.61549],[140.39136,36.61504],[140.39199,36.61436],[140.39228,36.61365],[140.39395,36.61335],[140.39509,36.61253],[140.39628,36.61262],[140.39733,36.61226],[140.39957,36.61221],[140.40121,36.61146],[140.40326,36.61118],[140.40303,36.60884],[140.40228,36.60754],[140.40163,36.60691],[140.40127,36.60603],[140.4015,36.60332],[140.40166,36.60292],[140.40224,36.60237],[140.39997,36.6015],[140.39622,36.60088],[140.39387,36.60238],[140.3927,36.60213],[140.39138,36.60087],[140.3909,36.60062],[140.39089,36.59979],[140.39159,36.59917],[140.39105,36.59877],[140.39124,36.59846],[140.39176,36.59815],[140.39128,36.59781],[140.3918,36.59736],[140.39113,36.59688],[140.39069,36.59523],[140.39074,36.59464],[140.3897,36.59404],[140.38961,36.59355],[140.38924,36.59325],[140.38891,36.5926],[140.38774,36.59195],[140.38624,36.59179],[140.38531,36.5921],[140.38312,36.59244],[140.38306,36.59405],[140.38272,36.59427],[140.38089,36.59474],[140.38079,36.59489],[140.38143,36.59672],[140.38121,36.59723],[140.38041,36.59785],[140.38041,36.59863],[140.38053,36.59888],[140.38302,36.60053],[140.38268,36.60062],[140.38264,36.60122],[140.38211,36.60089],[140.38163,36.6009],[140.38138,36.60108],[140.38152,36.60221],[140.38143,36.60233],[140.38075,36.60245],[140.38037,36.60281],[140.37965,36.6028],[140.37717,36.60355],[140.37649,36.60398],[140.3765,36.60457],[140.37794,36.6056],[140.3774,36.60692],[140.37643,36.60698],[140.37625,36.60712],[140.37622,36.60784],[140.37602,36.60825],[140.37507,36.60916],[140.37504,36.60968],[140.37522,36.60996],[140.37563,36.61026],[140.37652,36.61049],[140.37634,36.61179],[140.37603,36.612],[140.37511,36.61194],[140.37497,36.61211],[140.37499,36.61249],[140.37369,36.61222],[140.37289,36.61241],[140.37262,36.61274],[140.37251,36.61386],[140.37227,36.61406],[140.37192,36.61381],[140.37148,36.61303],[140.37106,36.6136],[140.37066,36.61356],[140.37004,36.61321],[140.36988,36.61398],[140.36841,36.61725],[140.36581,36.61814],[140.36545,36.61848],[140.36533,36.61909],[140.36457,36.62026],[140.36455,36.62063],[140.36522,36.62153],[140.36428,36.62204],[140.36678,36.62196],[140.36942,36.6226],[140.37467,36.6228],[140.37918,36.62265],[140.38027,36.62244],[140.38118,36.62204]]]},"properties":{"key":"082250450","name":"野上","pref":"茨城県","prefCode":"08","municipality":"常陸大宮市","areaM2":5591303.067,"population":1371,"toponymIds":["08-f693477f2e","08-24cf1463e5"]}},{"type":"Feature","geometry":{"type":"Polygon","coordinates":[[[140.3718,36.64329],[140.37262,36.64301],[140.37393,36.64224],[140.37687,36.6411],[140.37962,36.64074],[140.38659,36.64053],[140.39321,36.63957],[140.39271,36.63665],[140.3928,36.63635],[140.39377,36.63531],[140.39593,36.63392],[140.40504,36.62872],[140.40489,36.62148],[140.40453,36.62051],[140.40356,36.61926],[140.40254,36.61643],[140.40247,36.61544],[140.40319,36.61277],[140.40326,36.61118],[140.40121,36.61146],[140.39957,36.61221],[140.39733,36.61226],[140.39628,36.61262],[140.39509,36.61253],[140.39395,36.61335],[140.39228,36.61365],[140.39199,36.61436],[140.39136,36.61504],[140.39026,36.61549],[140.38942,36.61675],[140.38826,36.6175],[140.387,36.61895],[140.38591,36.61953],[140.38552,36.6202],[140.38492,36.62048],[140.38399,36.62056],[140.38362,36.62085],[140.38307,36.62081],[140.38118,36.62204],[140.38027,36.62244],[140.37918,36.62265],[140.37467,36.6228],[140.37115,36.62267],[140.36942,36.6226],[140.36678,36.62196],[140.36428,36.62204],[140.36353,36.62266],[140.36285,36.62393],[140.36292,36.62534],[140.36219,36.62764],[140.36125,36.62964],[140.36,36.63124],[140.36006,36.6328],[140.35988,36.63461],[140.35945,36.63539],[140.35876,36.63609],[140.35886,36.63645],[140.35977,36.63737],[140.36052,36.63886],[140.36005,36.63986],[140.36023,36.64085],[140.36014,36.64113],[140.36633,36.64306],[140.36811,36.64323],[140.37024,36.64312],[140.37105,36.64332],[140.3718,36.64329]]]},"properties":{"key":"082250440","name":"山方","pref":"茨城県","prefCode":"08","municipality":"常陸大宮市","areaM2":8756619.965,"population":1548,"toponymIds":["08-5b429669da"]}},{"type":"Feature","geometry":{"type":"Polygon","coordinates":[[[140.38828,36.57848],[140.38849,36.57846],[140.3898,36.57918],[140.39196,36.58004],[140.39442,36.57971],[140.39571,36.58027],[140.39666,36.58042],[140.39726,36.58025],[140.39915,36.57829],[140.40009,36.5775],[140.4006,36.57738],[140.40131,36.57666],[140.40178,36.57681],[140.4036,36.57568],[140.4049,36.57559],[140.40475,36.57605],[140.40568,36.57672],[140.40603,36.57764],[140.40631,36.57764],[140.4084,36.57611],[140.40886,36.5752],[140.40928,36.57526],[140.41237,36.57413],[140.41157,36.5721],[140.41153,36.56935],[140.41186,36.56784],[140.41224,36.56701],[140.41349,36.5656],[140.4156,36.56416],[140.41379,36.56311],[140.41357,36.56313],[140.41311,36.56256],[140.4125,36.56241],[140.41083,36.56332],[140.41031,36.56318],[140.40926,36.56212],[140.40789,36.56252],[140.40605,36.56349],[140.40529,36.56345],[140.40475,36.56277],[140.40337,36.56243],[140.4029,36.56262],[140.40236,36.56346],[140.4013,36.564],[140.40087,36.56482],[140.4008,36.56558],[140.40011,36.56613],[140.39882,36.56577],[140.39666,36.56583],[140.39584,36.566],[140.3954,36.56574],[140.39489,36.56607],[140.39432,36.56611],[140.39363,36.56601],[140.39225,36.56548],[140.38963,36.56648],[140.38803,36.56778],[140.38677,36.5683],[140.38576,36.5702],[140.38474,36.57049],[140.38447,36.57078],[140.38418,36.57185],[140.38345,36.57275],[140.38335,36.57311],[140.38333,36.57402],[140.38378,36.57513],[140.38363,36.57583],[140.38317,36.57666],[140.38342,36.57751],[140.38267,36.57782],[140.3829,36.57902],[140.38139,36.57934],[140.38154,36.57998],[140.38198,36.58018],[140.3819,36.5806],[140.38074,36.58194],[140.38078,36.58216],[140.38171,36.58227],[140.38197,36.58243],[140.38186,36.58342],[140.38162,36.58379],[140.38145,36.5847],[140.38206,36.58561],[140.38173,36.58614],[140.38278,36.58702],[140.3835,36.58681],[140.38407,36.58639],[140.38494,36.58624],[140.38506,36.58599],[140.38499,36.58536],[140.38517,36.58506],[140.38494,36.58448],[140.38649,36.58387],[140.38674,36.58104],[140.38662,36.58069],[140.38686,36.57999],[140.38798,36.57896],[140.38828,36.57848]]]},"properties":{"key":"082250250","name":"鷹巣","pref":"茨城県","prefCode":"08","municipality":"常陸大宮市","areaM2":3966197.298,"population":1246,"toponymIds":["08-eedba95542"]}},{"type":"Feature","geometry":{"type":"Polygon","coordinates":[[[140.45632,36.59393],[140.45695,36.5939],[140.45723,36.59351],[140.45729,36.59305],[140.45747,36.59293],[140.45873,36.59302],[140.45985,36.59257],[140.4598,36.5921],[140.46036,36.59063],[140.4624,36.59054],[140.46295,36.58998],[140.46422,36.59018],[140.46438,36.5894],[140.46565,36.5886],[140.46541,36.58811],[140.46555,36.58783],[140.46476,36.58786],[140.46239,36.58658],[140.46238,36.58623],[140.4615,36.58506],[140.46118,36.58362],[140.46126,36.58288],[140.46024,36.58141],[140.46008,36.58078],[140.4602,36.57981],[140.4614,36.57654],[140.46144,36.5754],[140.46116,36.57323],[140.45991,36.56796],[140.45986,36.56725],[140.46043,36.5653],[140.45871,36.56412],[140.45829,36.56426],[140.45816,36.56469],[140.45851,36.56511],[140.45695,36.56517],[140.45668,36.56541],[140.45667,36.56578],[140.45727,36.56635],[140.45804,36.56653],[140.45768,36.56679],[140.45472,36.56653],[140.45288,36.56759],[140.45213,36.56714],[140.45091,36.56695],[140.44928,36.567],[140.44799,36.56744],[140.44723,36.56726],[140.4476,36.56618],[140.44629,36.56626],[140.44505,36.56682],[140.4443,36.56742],[140.44109,36.5708],[140.43995,36.57076],[140.43981,36.57113],[140.43951,36.57133],[140.43924,36.5724],[140.43888,36.57313],[140.43784,36.57333],[140.43482,36.57526],[140.4344,36.57644],[140.43438,36.57717],[140.43499,36.57864],[140.43501,36.5796],[140.43492,36.5798],[140.43451,36.57992],[140.43464,36.58033],[140.4341,36.58128],[140.43583,36.58218],[140.44414,36.58508],[140.44547,36.58489],[140.44602,36.58444],[140.44694,36.58436],[140.44685,36.58492],[140.44706,36.58502],[140.44699,36.58539],[140.44661,36.58592],[140.44921,36.58648],[140.45143,36.58956],[140.45333,36.5927],[140.4538,36.5932],[140.4546,36.5937],[140.45593,36.59408],[140.45632,36.59393]]]},"properties":{"key":"082120740","name":"中利員町","pref":"茨城県","prefCode":"08","municipality":"常陸太田市","areaM2":5101312.564,"population":379,"toponymIds":["08-311d565033"]}},{"type":"Feature","geometry":{"type":"Polygon","coordinates":[[[140.46729,36.57816],[140.46799,36.57831],[140.46812,36.57813],[140.46867,36.57819],[140.46901,36.57799],[140.46995,36.57836],[140.47117,36.57828],[140.47147,36.57801],[140.47111,36.57747],[140.47119,36.57735],[140.47193,36.57721],[140.47183,36.57693],[140.47141,36.5766],[140.46899,36.57626],[140.46662,36.57534],[140.46662,36.57515],[140.46727,36.57464],[140.46732,36.57369],[140.46709,36.57324],[140.46712,36.57288],[140.46751,36.57207],[140.46812,36.57155],[140.46778,36.57037],[140.46803,36.56986],[140.46878,36.56932],[140.46778,36.56857],[140.46919,36.56814],[140.47003,36.56817],[140.47107,36.5676],[140.47162,36.56751],[140.47227,36.56757],[140.47318,36.56805],[140.47393,36.56744],[140.47468,36.56723],[140.47585,36.56799],[140.47669,36.56803],[140.48057,36.56708],[140.48275,36.56683],[140.48352,36.56648],[140.48324,36.56558],[140.48273,36.56466],[140.48179,36.56376],[140.48107,36.56251],[140.48091,36.56175],[140.48109,36.56072],[140.481,36.56031],[140.48082,36.55989],[140.4799,36.5592],[140.47963,36.55876],[140.47928,36.55712],[140.47942,36.55692],[140.48011,36.5568],[140.48156,36.55701],[140.48037,36.55442],[140.48154,36.55408],[140.4811,36.55316],[140.47994,36.55346],[140.47956,36.55262],[140.4764,36.55171],[140.47775,36.55483],[140.47742,36.55518],[140.4769,36.55464],[140.47597,36.55418],[140.47581,36.55677],[140.47487,36.55781],[140.47395,36.55956],[140.47379,36.55932],[140.47294,36.55977],[140.47213,36.55969],[140.47045,36.55983],[140.46897,36.55969],[140.46845,36.55951],[140.46761,36.56036],[140.46629,36.5605],[140.46508,36.55994],[140.46424,36.55985],[140.46405,36.55871],[140.46379,36.55868],[140.46356,36.55875],[140.46317,36.56101],[140.46003,36.56121],[140.46014,36.56325],[140.46057,36.56527],[140.4637,36.56653],[140.46443,36.56663],[140.46494,36.56762],[140.46743,36.5676],[140.46667,36.56937],[140.46637,36.56965],[140.46594,36.56991],[140.46523,36.57004],[140.46382,36.57092],[140.46365,36.57159],[140.46378,36.57216],[140.46473,36.57264],[140.46515,36.57314],[140.46509,36.57347],[140.46477,36.57377],[140.46372,36.57374],[140.46334,36.57402],[140.46386,36.57442],[140.46404,36.57477],[140.46484,36.57512],[140.46575,36.57512],[140.46606,36.57538],[140.46586,36.57568],[140.46624,36.57578],[140.46677,36.57621],[140.46653,36.57762],[140.4667,36.57841],[140.46695,36.57845],[140.46729,36.57816]]]},"properties":{"key":"082120760","name":"岩手町","pref":"茨城県","prefCode":"08","municipality":"常陸太田市","areaM2":2218829.935,"population":406,"toponymIds":["08-1240ac8eb5"]}},{"type":"Feature","geometry":{"type":"Polygon","coordinates":[[[140.43944,36.55854],[140.44006,36.55637],[140.44,36.55604],[140.4393,36.55539],[140.44114,36.55453],[140.44145,36.55368],[140.44208,36.55355],[140.442,36.553],[140.44262,36.55252],[140.44223,36.55162],[140.44155,36.55163],[140.44031,36.55024],[140.44053,36.54982],[140.44043,36.54932],[140.44085,36.54935],[140.44107,36.54905],[140.44073,36.54789],[140.44121,36.54763],[140.44143,36.54717],[140.44216,36.54677],[140.44319,36.54575],[140.44433,36.54385],[140.44241,36.54287],[140.44186,36.54316],[140.43901,36.54197],[140.43512,36.54639],[140.43423,36.54682],[140.43179,36.54737],[140.43112,36.54706],[140.42535,36.54901],[140.42519,36.55388],[140.4248,36.55462],[140.42402,36.55532],[140.42608,36.55636],[140.42798,36.5568],[140.43026,36.55757],[140.43034,36.55747],[140.43213,36.55786],[140.43349,36.55908],[140.43389,36.55881],[140.43397,36.55922],[140.43486,36.55953],[140.43588,36.55943],[140.43587,36.55867],[140.43631,36.55851],[140.43684,36.55886],[140.43711,36.55928],[140.43836,36.56005],[140.43909,36.55996],[140.43937,36.5589],[140.43928,36.55872],[140.43944,36.55854]]]},"properties":{"key":"082250300","name":"富岡","pref":"茨城県","prefCode":"08","municipality":"常陸大宮市","areaM2":1966626.498,"population":361,"toponymIds":["08-4b75371e0f"]}},{"type":"Feature","geometry":{"type":"Polygon","coordinates":[[[140.3701,36.55032],[140.3714,36.54832],[140.3722,36.54759],[140.374,36.5471],[140.37651,36.54558],[140.37687,36.5451],[140.37682,36.54449],[140.3775,36.5432],[140.37796,36.54288],[140.37836,36.54284],[140.3777,36.54239],[140.37668,36.54231],[140.37552,36.54245],[140.37394,36.54292],[140.37329,36.54289],[140.37297,36.54332],[140.37243,36.54325],[140.37118,36.54242],[140.37092,36.54211],[140.37096,36.54165],[140.37043,36.54137],[140.37022,36.54108],[140.36861,36.54101],[140.36825,36.54043],[140.36834,36.54019],[140.36782,36.53964],[140.36723,36.53848],[140.36734,36.53835],[140.36783,36.53839],[140.36917,36.53579],[140.36845,36.53495],[140.36852,36.53454],[140.36887,36.53422],[140.36864,36.53348],[140.36885,36.53258],[140.37005,36.5316],[140.37029,36.53109],[140.3711,36.53082],[140.37149,36.53016],[140.37215,36.5299],[140.37286,36.53],[140.37421,36.53097],[140.37482,36.53163],[140.37559,36.53203],[140.37762,36.53234],[140.37778,36.53253],[140.37751,36.53368],[140.37889,36.53403],[140.37989,36.53327],[140.38192,36.53324],[140.38256,36.53244],[140.38434,36.53347],[140.38463,36.53343],[140.38533,36.53277],[140.38624,36.53329],[140.38647,36.53323],[140.38789,36.5316],[140.38786,36.53101],[140.38758,36.53043],[140.38718,36.53011],[140.38636,36.53038],[140.38632,36.53016],[140.38671,36.52966],[140.38601,36.52963],[140.38431,36.52801],[140.3827,36.52695],[140.38237,36.52656],[140.38109,36.52598],[140.37896,36.52368],[140.37851,36.52375],[140.37363,36.52235],[140.37326,36.52249],[140.37232,36.52196],[140.36634,36.52589],[140.36834,36.52824],[140.36653,36.52875],[140.36489,36.52949],[140.36494,36.53096],[140.36477,36.53167],[140.36439,36.53212],[140.36463,36.53279],[140.36412,36.53408],[140.3635,36.53458],[140.3634,36.53489],[140.36369,36.53602],[140.36294,36.53583],[140.36219,36.53614],[140.36191,36.53644],[140.36198,36.53689],[140.36307,36.53837],[140.36291,36.53903],[140.36234,36.53935],[140.36203,36.54019],[140.36303,36.54235],[140.36418,36.54315],[140.36546,36.54363],[140.36653,36.54454],[140.36698,36.54513],[140.36703,36.54558],[140.36683,36.54599],[140.36692,36.54615],[140.3688,36.54653],[140.36868,36.54672],[140.3681,36.5468],[140.36611,36.54661],[140.3659,36.54684],[140.36669,36.54833],[140.3684,36.54938],[140.36897,36.55022],[140.36938,36.55016],[140.36974,36.55052],[140.3701,36.55032]]]},"properties":{"key":"082250400","name":"小野","pref":"茨城県","prefCode":"08","municipality":"常陸大宮市","areaM2":2721480.21,"population":397,"toponymIds":["08-1691b62967"]}},{"type":"Feature","geometry":{"type":"Polygon","coordinates":[[[140.43662,36.51577],[140.43738,36.5154],[140.43847,36.51547],[140.44043,36.51457],[140.44153,36.5146],[140.44256,36.51435],[140.44344,36.51404],[140.44412,36.51359],[140.44465,36.5137],[140.44594,36.51357],[140.44735,36.51325],[140.44774,36.51284],[140.44766,36.51255],[140.44721,36.51234],[140.44744,36.51187],[140.44797,36.51161],[140.44818,36.51185],[140.44933,36.51229],[140.44917,36.5119],[140.44961,36.51182],[140.44898,36.51119],[140.44999,36.51054],[140.45019,36.51073],[140.45068,36.5104],[140.44705,36.50675],[140.44657,36.50756],[140.44292,36.50698],[140.44168,36.5072],[140.4413,36.50567],[140.4406,36.50646],[140.43904,36.50584],[140.43971,36.50497],[140.44083,36.50418],[140.44073,36.50377],[140.44054,36.50394],[140.44013,36.50373],[140.43971,36.50423],[140.43943,36.5041],[140.43919,36.50443],[140.43943,36.50455],[140.43904,36.50509],[140.43875,36.50533],[140.43854,36.50518],[140.43825,36.50549],[140.43806,36.50542],[140.43782,36.50557],[140.43776,36.50525],[140.43795,36.50503],[140.43767,36.50497],[140.4374,36.50387],[140.43783,36.50355],[140.43723,36.50322],[140.43324,36.50236],[140.43386,36.50275],[140.43358,36.50442],[140.43227,36.50425],[140.43243,36.50359],[140.42995,36.50325],[140.42785,36.50319],[140.42798,36.50348],[140.42714,36.50575],[140.42794,36.50718],[140.42801,36.50738],[140.42751,36.50737],[140.4275,36.50765],[140.42801,36.50768],[140.42863,36.50959],[140.42882,36.51069],[140.42871,36.51101],[140.4289,36.51196],[140.42872,36.51209],[140.42835,36.51358],[140.42907,36.51378],[140.42972,36.51347],[140.43042,36.51384],[140.43093,36.51344],[140.43116,36.51346],[140.43219,36.51379],[140.4337,36.51571],[140.43574,36.51468],[140.43662,36.51577]]]},"properties":{"key":"082260300","name":"下大賀","pref":"茨城県","prefCode":"08","municipality":"那珂市","areaM2":1896913.022,"population":757,"toponymIds":["08-4daf4d442d"]}},{"type":"Feature","geometry":{"type":"Polygon","coordinates":[[[140.47566,36.53551],[140.47784,36.5355],[140.48011,36.53518],[140.4813,36.53329],[140.48214,36.5325],[140.48168,36.53231],[140.48091,36.53162],[140.48075,36.53131],[140.48077,36.53052],[140.47985,36.52957],[140.48004,36.52888],[140.47958,36.52804],[140.47876,36.52755],[140.47781,36.52726],[140.47691,36.52723],[140.47568,36.5266],[140.4753,36.52411],[140.4753,36.52353],[140.47556,36.52317],[140.47053,36.52239],[140.47026,36.52248],[140.46989,36.52287],[140.46937,36.52542],[140.46892,36.52606],[140.46836,36.5265],[140.47018,36.52787],[140.46857,36.52932],[140.47008,36.53056],[140.46868,36.53199],[140.4713,36.53397],[140.47149,36.53434],[140.47132,36.53467],[140.47166,36.53462],[140.47305,36.53562],[140.47405,36.53602],[140.47453,36.53646],[140.47488,36.53578],[140.47566,36.53551]]]},"properties":{"key":"082120590","name":"薬谷町","pref":"茨城県","prefCode":"08","municipality":"常陸太田市","areaM2":1141943.683,"population":842,"toponymIds":["08-13d173efeb"]}},{"type":"Feature","geometry":{"type":"Polygon","coordinates":[[[140.47026,36.52248],[140.47053,36.52239],[140.47556,36.52317],[140.47675,36.5226],[140.47831,36.52215],[140.47903,36.5212],[140.47931,36.52049],[140.47615,36.5183],[140.47638,36.5181],[140.47402,36.51647],[140.47236,36.51651],[140.47069,36.5153],[140.47061,36.51478],[140.47075,36.51406],[140.47136,36.51267],[140.47201,36.51203],[140.47295,36.51159],[140.47132,36.50798],[140.47112,36.50692],[140.47122,36.50626],[140.47249,36.5027],[140.47093,36.50298],[140.46932,36.5035],[140.46649,36.50507],[140.46386,36.50623],[140.46269,36.5071],[140.46058,36.50905],[140.46008,36.50884],[140.45904,36.50952],[140.45811,36.51056],[140.45896,36.51071],[140.4579,36.51375],[140.4579,36.51422],[140.45891,36.51719],[140.4596,36.51701],[140.45985,36.51726],[140.46006,36.51791],[140.45982,36.51943],[140.45951,36.52034],[140.46191,36.52156],[140.46099,36.52271],[140.4622,36.52327],[140.4697,36.52423],[140.46989,36.52287],[140.47026,36.52248]]]},"properties":{"key":"082120660","name":"松栄町","pref":"茨城県","prefCode":"08","municipality":"常陸太田市","areaM2":2525337.405,"population":534,"toponymIds":["08-c3edd295d2"]}},{"type":"Feature","geometry":{"type":"Polygon","coordinates":[[[140.53698,36.38042],[140.5364,36.38009],[140.53618,36.38029],[140.53472,36.37948],[140.533,36.38088],[140.53272,36.38279],[140.5315,36.38361],[140.53159,36.38391],[140.53457,36.38226],[140.53447,36.38215],[140.53521,36.38164],[140.53701,36.38068],[140.53698,36.38042]]]},"properties":{"key":"08221038004","name":"大平四丁目","pref":"茨城県","prefCode":"08","municipality":"ひたちなか市","areaM2":80996.805,"population":282,"toponymIds":["08-17e7542a86"]}},{"type":"Feature","geometry":{"type":"Polygon","coordinates":[[[140.23823,36.43123],[140.23911,36.43133],[140.24118,36.43109],[140.24197,36.43078],[140.24336,36.4307],[140.24461,36.43106],[140.24559,36.43116],[140.24635,36.43084],[140.24884,36.43077],[140.24984,36.43052],[140.25214,36.43095],[140.25163,36.42806],[140.25104,36.4261],[140.25116,36.42555],[140.25101,36.42496],[140.24633,36.42454],[140.24623,36.42376],[140.24697,36.42297],[140.24725,36.42153],[140.24652,36.4219],[140.2458,36.42193],[140.24093,36.42079],[140.23895,36.41962],[140.23843,36.41907],[140.23811,36.41835],[140.23824,36.41771],[140.2392,36.41635],[140.24087,36.41497],[140.24246,36.41425],[140.24205,36.41321],[140.24161,36.4102],[140.24221,36.40845],[140.24305,36.40762],[140.24276,36.40713],[140.24276,36.40671],[140.24363,36.40438],[140.24328,36.4042],[140.24367,36.40388],[140.24443,36.4027],[140.24457,36.40157],[140.24439,36.40129],[140.24382,36.40121],[140.24394,36.40071],[140.24514,36.39996],[140.24555,36.39995],[140.24538,36.39932],[140.24584,36.39898],[140.24588,36.39868],[140.24666,36.39857],[140.24669,36.39801],[140.24703,36.39753],[140.24775,36.39734],[140.24781,36.39711],[140.24833,36.39664],[140.24852,36.39624],[140.24826,36.39585],[140.24837,36.3945],[140.24856,36.39433],[140.24899,36.39435],[140.24962,36.39384],[140.24768,36.39337],[140.24457,36.3923],[140.24441,36.39194],[140.24481,36.39156],[140.24462,36.39141],[140.24562,36.39097],[140.24524,36.39064],[140.24225,36.39103],[140.24194,36.39149],[140.24131,36.39171],[140.24013,36.3913],[140.2397,36.39135],[140.23961,36.39149],[140.24006,36.39202],[140.24038,36.39234],[140.24064,36.39238],[140.24019,36.39261],[140.23862,36.39266],[140.23822,36.39245],[140.23721,36.39248],[140.2371,36.39235],[140.23729,36.39198],[140.2383,36.39102],[140.23864,36.39035],[140.23836,36.38985],[140.23737,36.39131],[140.23707,36.39019],[140.23659,36.38952],[140.2358,36.38982],[140.23486,36.39136],[140.23447,36.39136],[140.23379,36.39097],[140.23311,36.39108],[140.23254,36.39219],[140.23212,36.39229],[140.23079,36.39104],[140.22979,36.39221],[140.2294,36.39198],[140.22892,36.39197],[140.22593,36.3924],[140.22488,36.39217],[140.22436,36.39255],[140.22396,36.39318],[140.22265,36.39322],[140.22208,36.3934],[140.22147,36.39289],[140.22035,36.39301],[140.22,36.3935],[140.22027,36.39388],[140.21898,36.39451],[140.21946,36.3951],[140.21986,36.39519],[140.21916,36.39551],[140.21895,36.396],[140.219,36.39656],[140.21886,36.39684],[140.22002,36.39793],[140.21904,36.39813],[140.21825,36.39853],[140.21881,36.39907],[140.21923,36.39976],[140.21857,36.40011],[140.21785,36.40088],[140.21779,36.40104],[140.21807,36.40153],[140.218,36.40182],[140.21957,36.40315],[140.22017,36.4032],[140.22066,36.40303],[140.22136,36.40324],[140.22166,36.40415],[140.22226,36.40431],[140.22262,36.40369],[140.2229,36.40374],[140.22292,36.40411],[140.22258,36.40448],[140.22336,36.40473],[140.22398,36.40527],[140.22398,36.40563],[140.22379,36.40592],[140.22432,36.40671],[140.22175,36.40914],[140.221,36.41057],[140.22015,36.41087],[140.21889,36.41179],[140.21881,36.41242],[140.21864,36.41242],[140.21807,36.4118],[140.2175,36.41176],[140.21723,36.41189],[140.2172,36.41207],[140.21766,36.41227],[140.21766,36.4124],[140.21683,36.41285],[140.21676,36.41368],[140.21646,36.41378],[140.21625,36.41427],[140.21564,36.41469],[140.21608,36.41464],[140.21655,36.41609],[140.21617,36.41712],[140.21722,36.42011],[140.21578,36.42064],[140.21446,36.41909],[140.21341,36.419],[140.21234,36.41805],[140.21176,36.41781],[140.21098,36.41863],[140.21041,36.42028],[140.21128,36.42068],[140.21477,36.42396],[140.2148,36.4251],[140.21568,36.42728],[140.2162,36.42774],[140.21604,36.42856],[140.21639,36.42894],[140.21687,36.42912],[140.21779,36.429],[140.21889,36.42911],[140.21988,36.42972],[140.22241,36.43035],[140.22349,36.43078],[140.22844,36.43465],[140.22866,36.43553],[140.22937,36.43609],[140.2303,36.43722],[140.23042,36.43825],[140.23179,36.43903],[140.23258,36.43923],[140.23364,36.43848],[140.2342,36.4369],[140.23522,36.43565],[140.23567,36.43467],[140.23738,36.43252],[140.23775,36.43151],[140.23823,36.43123]]]},"properties":{"key":"082160110","name":"箱田","pref":"茨城県","prefCode":"08","municipality":"笠間市","areaM2":11011958.987,"population":1110,"toponymIds":["08-78f0449837"]}},{"type":"Feature","geometry":{"type":"Polygon","coordinates":[[[140.2166,36.3625],[140.21761,36.36251],[140.21862,36.36275],[140.21862,36.36239],[140.21803,36.36178],[140.21788,36.36123],[140.21957,36.36078],[140.2188,36.3601],[140.21894,36.35993],[140.21979,36.36029],[140.22034,36.36026],[140.22069,36.36052],[140.22155,36.3603],[140.22239,36.36049],[140.22256,36.36084],[140.22328,36.36073],[140.22347,36.36087],[140.22354,36.36141],[140.22398,36.36184],[140.22541,36.36194],[140.22456,36.36144],[140.22438,36.36067],[140.2262,36.36034],[140.22618,36.3602],[140.22529,36.35988],[140.2255,36.35931],[140.22361,36.35971],[140.22237,36.35898],[140.22207,36.35837],[140.22292,36.35743],[140.22486,36.35821],[140.22514,36.3582],[140.22528,36.35804],[140.22516,36.35778],[140.22388,36.35716],[140.2238,36.35676],[140.22416,36.35631],[140.22489,36.35618],[140.22534,36.35627],[140.2266,36.35697],[140.22667,36.35675],[140.22628,36.35588],[140.22664,36.35542],[140.22582,36.35531],[140.2261,36.3547],[140.22449,36.35398],[140.22431,36.35416],[140.2244,36.35496],[140.22373,36.35476],[140.22322,36.35495],[140.22314,36.35555],[140.22246,36.35605],[140.22141,36.35611],[140.22056,36.35545],[140.22175,36.35417],[140.22297,36.35414],[140.22316,36.35379],[140.22501,36.35328],[140.22417,36.35284],[140.22334,36.35275],[140.22298,36.35224],[140.2231,36.35207],[140.22439,36.3516],[140.2249,36.35163],[140.22518,36.3518],[140.22535,36.3524],[140.22606,36.35279],[140.22651,36.35146],[140.22637,36.35098],[140.22566,36.35065],[140.22541,36.35035],[140.22583,36.34897],[140.22668,36.34901],[140.22669,36.34946],[140.22688,36.34957],[140.22758,36.34906],[140.22807,36.34901],[140.2287,36.34917],[140.22893,36.34956],[140.22952,36.34924],[140.2303,36.34953],[140.23029,36.35009],[140.23099,36.35017],[140.23117,36.35099],[140.23205,36.35102],[140.23187,36.3513],[140.23188,36.3518],[140.23249,36.35187],[140.23255,36.35223],[140.23305,36.35206],[140.23294,36.35226],[140.23336,36.35256],[140.23339,36.35301],[140.23462,36.35319],[140.23481,36.35359],[140.23432,36.35377],[140.23414,36.35424],[140.23242,36.35466],[140.23269,36.35491],[140.23264,36.35537],[140.23372,36.35529],[140.23556,36.35384],[140.23688,36.35422],[140.23758,36.35364],[140.238,36.35214],[140.23768,36.35164],[140.23837,36.35037],[140.23861,36.34872],[140.23896,36.34859],[140.23923,36.34876],[140.23967,36.3487],[140.23946,36.3491],[140.2397,36.34937],[140.24059,36.34914],[140.24038,36.35003],[140.24175,36.35014],[140.24187,36.35007],[140.24188,36.34891],[140.24231,36.34883],[140.24267,36.34972],[140.2429,36.35004],[140.24314,36.35003],[140.24319,36.35037],[140.24352,36.35041],[140.24383,36.35022],[140.24429,36.35074],[140.24516,36.35069],[140.24548,36.35041],[140.24497,36.34981],[140.24545,36.34986],[140.24572,36.34941],[140.24512,36.34864],[140.24527,36.34858],[140.24543,36.34763],[140.24515,36.34713],[140.24527,36.34696],[140.24575,36.34789],[140.24567,36.34884],[140.24598,36.3491],[140.24637,36.34897],[140.2465,36.34913],[140.24635,36.35006],[140.24687,36.35017],[140.24724,36.35001],[140.24736,36.34947],[140.24766,36.34924],[140.24754,36.3488],[140.24794,36.3484],[140.24688,36.34695],[140.24697,36.3461],[140.24713,36.34609],[140.24717,36.34509],[140.24689,36.34533],[140.2461,36.34526],[140.24555,36.34425],[140.24588,36.34366],[140.24665,36.34296],[140.24669,36.3427],[140.24639,36.34233],[140.246,36.34227],[140.24591,36.34211],[140.24584,36.3412],[140.24554,36.34118],[140.24504,36.34148],[140.24378,36.34076],[140.24336,36.33986],[140.24344,36.33967],[140.24387,36.3396],[140.24376,36.33933],[140.24235,36.3389],[140.24273,36.33802],[140.24256,36.33774],[140.24265,36.33762],[140.24429,36.33782],[140.24476,36.33857],[140.24571,36.33819],[140.24465,36.33693],[140.24477,36.33607],[140.24422,36.33507],[140.24475,36.33543],[140.24502,36.33544],[140.24538,36.33474],[140.24594,36.33465],[140.24677,36.33508],[140.24706,36.33583],[140.24729,36.33572],[140.24727,36.33519],[140.24699,36.33476],[140.24575,36.33418],[140.24491,36.33337],[140.24644,36.33346],[140.24665,36.33296],[140.24621,36.33235],[140.24733,36.33267],[140.24751,36.33203],[140.24795,36.33178],[140.24844,36.33243],[140.24849,36.33308],[140.24898,36.33391],[140.24955,36.33397],[140.24971,36.3337],[140.2504,36.33356],[140.25032,36.33271],[140.25082,36.33236],[140.25135,36.33254],[140.25153,36.33234],[140.25139,36.33214],[140.25078,36.33191],[140.25082,36.33141],[140.25005,36.33102],[140.24999,36.33085],[140.25083,36.33071],[140.25251,36.33099],[140.25264,36.33068],[140.25236,36.33008],[140.25244,36.32986],[140.25278,36.33],[140.25293,36.33046],[140.25347,36.331],[140.25375,36.33159],[140.25447,36.33143],[140.25492,36.33113],[140.25544,36.33112],[140.25591,36.33081],[140.25595,36.33036],[140.25631,36.3303],[140.25639,36.32996],[140.25518,36.32919],[140.25547,36.32878],[140.2566,36.32835],[140.2569,36.32839],[140.2577,36.32907],[140.25849,36.32868],[140.25863,36.32915],[140.25879,36.32922],[140.25915,36.32895],[140.25978,36.32893],[140.26043,36.32837],[140.26088,36.32881],[140.26115,36.32857],[140.26149,36.32861],[140.26155,36.32823],[140.26182,36.32801],[140.26234,36.32862],[140.26303,36.32811],[140.26298,36.32898],[140.26312,36.32908],[140.26369,36.32898],[140.26408,36.32859],[140.26466,36.32893],[140.26555,36.3284],[140.26558,36.32813],[140.26439,36.32757],[140.2636,36.32671],[140.26299,36.32687],[140.2606,36.32672],[140.25896,36.3264],[140.2574,36.3257],[140.2559,36.32453],[140.25442,36.32373],[140.25272,36.32199],[140.25153,36.32137],[140.25099,36.32186],[140.25026,36.32194],[140.24968,36.32266],[140.24929,36.32359],[140.24729,36.32444],[140.24683,36.32408],[140.24647,36.32415],[140.24538,36.3253],[140.24406,36.32614],[140.24323,36.32696],[140.24043,36.32636],[140.23777,36.32629],[140.23748,36.32597],[140.23718,36.32506],[140.2367,36.32475],[140.23356,36.32358],[140.23168,36.32325],[140.23099,36.32291],[140.22929,36.32252],[140.22863,36.32217],[140.2274,36.32201],[140.22655,36.32277],[140.22509,36.32281],[140.22329,36.32106],[140.22106,36.31983],[140.21976,36.31871],[140.21912,36.31842],[140.21849,36.3179],[140.21782,36.31709],[140.21686,36.31668],[140.21513,36.31549],[140.2147,36.31383],[140.21379,36.31359],[140.21346,36.31506],[140.21217,36.31718],[140.21149,36.31752],[140.20988,36.31767],[140.20818,36.3182],[140.20657,36.31796],[140.20581,36.31816],[140.20532,36.31852],[140.20529,36.31905],[140.20459,36.32069],[140.20376,36.32101],[140.20274,36.3222],[140.2018,36.32215],[140.20071,36.32184],[140.20013,36.32125],[140.19657,36.31944],[140.19448,36.31891],[140.1926,36.31761],[140.18982,36.31802],[140.18671,36.31905],[140.18349,36.31971],[140.1807,36.32104],[140.18132,36.32173],[140.18233,36.32336],[140.18283,36.32491],[140.18324,36.32501],[140.18333,36.32486],[140.18418,36.32538],[140.18466,36.32515],[140.18519,36.32513],[140.18468,36.32572],[140.1855,36.32549],[140.18569,36.32562],[140.18533,36.32609],[140.18367,36.32689],[140.18319,36.32752],[140.18321,36.32849],[140.183,36.32957],[140.18332,36.32998],[140.18395,36.33026],[140.18442,36.32979],[140.18537,36.32954],[140.18571,36.32919],[140.18596,36.3285],[140.18638,36.32877],[140.18686,36.32963],[140.18732,36.32997],[140.18769,36.33076],[140.18854,36.33026],[140.18898,36.32923],[140.18982,36.32926],[140.18965,36.33092],[140.19144,36.33211],[140.19181,36.33283],[140.19241,36.33342],[140.19295,36.33256],[140.19315,36.33257],[140.19346,36.33305],[140.19322,36.33382],[140.19346,36.33411],[140.1935,36.3345],[140.19401,36.33434],[140.1945,36.33239],[140.19487,36.33216],[140.19508,36.33227],[140.19542,36.33291],[140.19557,36.33362],[140.19677,36.33334],[140.19758,36.33252],[140.19791,36.33266],[140.19912,36.33218],[140.1988,36.33316],[140.19904,36.33397],[140.19935,36.33389],[140.19999,36.33288],[140.20035,36.33339],[140.20017,36.33396],[140.20027,36.33417],[140.20081,36.33437],[140.20221,36.33439],[140.20212,36.33457],[140.2001,36.3355],[140.19978,36.3355],[140.19961,36.33522],[140.19881,36.33509],[140.19787,36.33614],[140.1978,36.33702],[140.19699,36.33768],[140.19719,36.33858],[140.19751,36.33896],[140.19843,36.33951],[140.19963,36.33896],[140.19985,36.339],[140.19962,36.3394],[140.19888,36.34007],[140.19862,36.34062],[140.19836,36.34056],[140.19809,36.33967],[140.19672,36.33899],[140.19634,36.33905],[140.19606,36.34011],[140.1961,36.34041],[140.19643,36.34051],[140.19594,36.34106],[140.19823,36.34286],[140.19787,36.34357],[140.19776,36.34495],[140.19872,36.34544],[140.19969,36.34632],[140.1998,36.34731],[140.19925,36.34827],[140.19931,36.34972],[140.19871,36.35038],[140.19879,36.35079],[140.19953,36.35195],[140.20075,36.35281],[140.20136,36.35406],[140.20266,36.35532],[140.20355,36.35555],[140.20429,36.35611],[140.20428,36.35643],[140.20395,36.35677],[140.20472,36.3578],[140.20568,36.35837],[140.20605,36.35921],[140.20731,36.35944],[140.20878,36.3594],[140.21151,36.36105],[140.21364,36.36128],[140.21442,36.36186],[140.21493,36.3627],[140.21566,36.36278],[140.2166,36.3625]]]},"properties":{"key":"082160170","name":"本戸","pref":"茨城県","prefCode":"08","municipality":"笠間市","areaM2":19043121.971,"population":1010,"toponymIds":["08-a07caa102c"]}},{"type":"Feature","geometry":{"type":"Polygon","coordinates":[[[140.16597,36.26836],[140.16438,36.26826],[140.16443,36.26797],[140.16511,36.26736],[140.16414,36.2672],[140.16437,36.26652],[140.16433,36.26583],[140.16515,36.26521],[140.16604,36.26409],[140.16763,36.2632],[140.16776,36.26257],[140.16746,36.26218],[140.16498,36.26228],[140.16432,36.26249],[140.16394,36.26292],[140.16385,36.26418],[140.16347,36.26444],[140.16243,36.26399],[140.16187,36.26349],[140.16187,36.26317],[140.16213,36.26288],[140.16159,36.26308],[140.16052,36.26385],[140.15932,36.26507],[140.15931,36.26556],[140.15896,36.26601],[140.15884,36.26713],[140.15951,36.26748],[140.15991,36.26819],[140.16082,36.26844],[140.16187,36.26926],[140.16229,36.26996],[140.16341,36.27024],[140.16389,36.26986],[140.16481,36.26969],[140.16616,36.26872],[140.16597,36.26836]]]},"properties":{"key":"082050590","name":"上曽","pref":"茨城県","prefCode":"08","municipality":"石岡市","areaM2":362818.749,"population":0,"toponymIds":["08-d74b31f713"]}},{"type":"Feature","geometry":{"type":"Polygon","coordinates":[[[140.19774,36.22747],[140.19931,36.22752],[140.20142,36.22612],[140.20668,36.2267],[140.20694,36.22368],[140.20727,36.22302],[140.20934,36.22037],[140.2104,36.2175],[140.21045,36.21654],[140.20992,36.21461],[140.21049,36.21266],[140.20944,36.21368],[140.20651,36.21512],[140.20443,36.21653],[140.20119,36.21682],[140.19836,36.21802],[140.19663,36.21844],[140.19483,36.21853],[140.19126,36.21746],[140.18969,36.21683],[140.18782,36.21664],[140.18776,36.21768],[140.18604,36.21793],[140.18518,36.21843],[140.18366,36.21879],[140.18392,36.21922],[140.18499,36.22019],[140.18955,36.22405],[140.19259,36.22522],[140.19399,36.226],[140.1965,36.22701],[140.19735,36.22758],[140.19774,36.22747]]]},"properties":{"key":"082050480","name":"片野","pref":"茨城県","prefCode":"08","municipality":"石岡市","areaM2":2005223.449,"population":454,"toponymIds":["08-b832bc1961"]}},{"type":"Feature","geometry":{"type":"Polygon","coordinates":[[[140.06722,36.19387],[140.06877,36.1935],[140.06887,36.194],[140.07009,36.19389],[140.0712,36.19408],[140.07127,36.19241],[140.07209,36.19045],[140.07225,36.18923],[140.072,36.18628],[140.06683,36.18672],[140.06198,36.189],[140.06202,36.19062],[140.05818,36.19069],[140.05827,36.19274],[140.05704,36.19277],[140.05669,36.19355],[140.05546,36.19425],[140.05556,36.19495],[140.05527,36.19774],[140.0581,36.1973],[140.0582,36.19672],[140.06224,36.19632],[140.06311,36.19583],[140.06405,36.19554],[140.06348,36.19526],[140.0653,36.19419],[140.06688,36.19416],[140.06722,36.19387]]]},"properties":{"key":"082201240","name":"池田","pref":"茨城県","prefCode":"08","municipality":"つくば市","areaM2":1050652.488,"population":198,"toponymIds":["08-27f0571b39"]}},{"type":"Feature","geometry":{"type":"Polygon","coordinates":[[[140.01664,36.27146],[140.01769,36.27054],[140.01822,36.27092],[140.01832,36.27081],[140.01814,36.27066],[140.01848,36.27031],[140.01957,36.27087],[140.02373,36.27103],[140.02403,36.27062],[140.02481,36.27024],[140.02501,36.2704],[140.02542,36.26992],[140.02733,36.26891],[140.02752,36.26936],[140.03121,36.26939],[140.03173,36.26925],[140.03248,36.26857],[140.03294,36.26893],[140.03313,36.26879],[140.03329,36.26892],[140.03375,36.26858],[140.03416,36.26789],[140.03386,36.26602],[140.03578,36.26574],[140.03613,36.26579],[140.03609,36.26632],[140.03672,36.26777],[140.03668,36.26795],[140.03752,36.26826],[140.03764,36.26847],[140.03831,36.2684],[140.03902,36.27064],[140.03956,36.27062],[140.03935,36.27169],[140.04016,36.27203],[140.04085,36.27205],[140.04111,36.27079],[140.0404,36.26907],[140.04029,36.26824],[140.03832,36.2665],[140.03831,36.26619],[140.0391,36.26539],[140.03893,36.26422],[140.03985,36.26267],[140.03962,36.26103],[140.03797,36.25959],[140.03748,36.25891],[140.03785,36.25874],[140.03762,36.25846],[140.03909,36.25767],[140.03984,36.25673],[140.03888,36.25628],[140.03927,36.25569],[140.03859,36.25539],[140.03906,36.25453],[140.0386,36.25368],[140.0373,36.25256],[140.03723,36.25284],[140.03669,36.25276],[140.03673,36.25249],[140.035,36.25224],[140.03312,36.25156],[140.03242,36.25141],[140.03231,36.25169],[140.03125,36.25142],[140.03046,36.25403],[140.02999,36.25415],[140.03001,36.25483],[140.02581,36.25616],[140.02547,36.2547],[140.02557,36.2536],[140.02688,36.24997],[140.02658,36.24995],[140.02673,36.24942],[140.02543,36.24972],[140.02428,36.25163],[140.02331,36.25246],[140.02092,36.25869],[140.02007,36.25881],[140.0197,36.25914],[140.01994,36.25943],[140.0198,36.26004],[140.01719,36.26006],[140.01731,36.26565],[140.01531,36.26569],[140.01512,36.26781],[140.01524,36.2682],[140.01502,36.26839],[140.01496,36.26896],[140.01513,36.26958],[140.0149,36.27054],[140.01503,36.27056],[140.01468,36.27102],[140.01453,36.27184],[140.01401,36.27676],[140.01334,36.27841],[140.01357,36.27843],[140.01229,36.28073],[140.01221,36.28122],[140.01205,36.28126],[140.01114,36.28287],[140.0116,36.28334],[140.01206,36.2822],[140.01434,36.27795],[140.01566,36.27655],[140.01626,36.2753],[140.0154,36.27423],[140.01539,36.27331],[140.01569,36.27228],[140.01664,36.27146]]]},"properties":{"key":"082271350","name":"松原","pref":"茨城県","prefCode":"08","municipality":"筑西市","areaM2":3554673.182,"population":1593,"toponymIds":["08-ca24cd6cca"]}},{"type":"Feature","geometry":{"type":"Polygon","coordinates":[[[140.51755,36.65581],[140.51739,36.65513],[140.51794,36.65443],[140.51822,36.65292],[140.51783,36.65205],[140.51797,36.65147],[140.51752,36.65086],[140.5169,36.65044],[140.51671,36.64933],[140.51803,36.64568],[140.51797,36.64546],[140.51749,36.64535],[140.51728,36.64389],[140.51738,36.64352],[140.51597,36.6437],[140.51422,36.64362],[140.51342,36.6439],[140.51231,36.6446],[140.5112,36.64496],[140.51118,36.64471],[140.51025,36.64452],[140.51012,36.64421],[140.51024,36.64381],[140.51016,36.64334],[140.50925,36.64294],[140.50862,36.64296],[140.50845,36.64311],[140.50846,36.64348],[140.50864,36.64377],[140.50965,36.64443],[140.50945,36.64493],[140.50848,36.64469],[140.50688,36.64384],[140.50658,36.64542],[140.50694,36.64655],[140.50753,36.64709],[140.50845,36.64721],[140.50974,36.64777],[140.5106,36.64926],[140.51095,36.65109],[140.51026,36.65277],[140.51056,36.65457],[140.51025,36.65519],[140.51027,36.65577],[140.512,36.65672],[140.51274,36.6575],[140.51386,36.65788],[140.51486,36.65794],[140.51571,36.65753],[140.51755,36.65581]]]},"properties":{"key":"082120940","name":"河内西町","pref":"茨城県","prefCode":"08","municipality":"常陸太田市","areaM2":1038834.421,"population":17,"toponymIds":["08-d72166ecc8"]}},{"type":"Feature","geometry":{"type":"Polygon","coordinates":[[[140.62387,36.55287],[140.62371,36.55192],[140.62191,36.55284],[140.62039,36.55219],[140.62032,36.55231],[140.62059,36.55396],[140.62088,36.55442],[140.6208,36.55524],[140.62105,36.5563],[140.62168,36.55721],[140.62459,36.55685],[140.62429,36.55494],[140.62497,36.55414],[140.62432,36.55358],[140.62387,36.55287]]]},"properties":{"key":"08202037002","name":"大久保町二丁目","pref":"茨城県","prefCode":"08","municipality":"日立市","areaM2":162369.052,"population":782,"toponymIds":["08-c3625c269a"]}},{"type":"Feature","geometry":{"type":"Polygon","coordinates":[[[140.54368,36.51106],[140.54551,36.51038],[140.54645,36.50982],[140.54897,36.50928],[140.55077,36.50821],[140.55126,36.50806],[140.55309,36.50663],[140.553,36.50652],[140.5509,36.50799],[140.55043,36.50817],[140.55035,36.50766],[140.55127,36.50719],[140.55206,36.50649],[140.55216,36.50626],[140.55196,36.50599],[140.55311,36.50503],[140.55244,36.50497],[140.5489,36.50551],[140.5464,36.50568],[140.54213,36.50523],[140.54136,36.50536],[140.53895,36.50663],[140.53864,36.50689],[140.53955,36.50766],[140.54035,36.50799],[140.54218,36.50783],[140.54217,36.50873],[140.5435,36.50884],[140.54317,36.51136],[140.54368,36.51106]]]},"properties":{"key":"082120260","name":"落合町","pref":"茨城県","prefCode":"08","municipality":"常陸太田市","areaM2":454956.868,"population":127,"toponymIds":["08-5610c54557","08-d9111bc7e4"]}},{"type":"Feature","geometry":{"type":"Polygon","coordinates":[[[140.64299,36.54608],[140.64339,36.54606],[140.6437,36.54582],[140.64391,36.54589],[140.64421,36.54635],[140.64487,36.54659],[140.64597,36.545],[140.64632,36.54412],[140.64558,36.54247],[140.6458,36.54237],[140.64636,36.54115],[140.64576,36.54233],[140.64533,36.54252],[140.64521,36.54241],[140.64463,36.54326],[140.64391,36.54315],[140.6421,36.54418],[140.64165,36.54412],[140.64,36.5446],[140.64021,36.54665],[140.64101,36.54808],[140.64255,36.54728],[140.64259,36.5469],[140.64295,36.54664],[140.64308,36.54629],[140.64299,36.54608]]]},"properties":{"key":"08202040002","name":"河原子町二丁目","pref":"茨城県","prefCode":"08","municipality":"日立市","areaM2":184077.669,"population":600,"toponymIds":["08-659291edb9"]}},{"type":"Feature","geometry":{"type":"Polygon","coordinates":[[[140.64008,36.5448],[140.63837,36.54156],[140.63483,36.54199],[140.63869,36.54641],[140.64055,36.54803],[140.6409,36.54786],[140.64021,36.54665],[140.64001,36.54561],[140.64008,36.5448]]]},"properties":{"key":"08202040004","name":"河原子町四丁目","pref":"茨城県","prefCode":"08","municipality":"日立市","areaM2":149875.404,"population":549,"toponymIds":["08-da6a0f0945"]}},{"type":"Feature","geometry":{"type":"Polygon","coordinates":[[[140.18874,36.15932],[140.18887,36.15871],[140.18913,36.15839],[140.18908,36.15879],[140.18939,36.15912],[140.18977,36.15921],[140.19006,36.15914],[140.19036,36.1586],[140.19077,36.1587],[140.19112,36.15845],[140.19274,36.15876],[140.19204,36.15819],[140.19044,36.15761],[140.1901,36.15683],[140.18945,36.15691],[140.18897,36.1563],[140.18837,36.15605],[140.18841,36.15577],[140.18813,36.15548],[140.18818,36.15528],[140.18774,36.15462],[140.18774,36.15422],[140.1875,36.15379],[140.18791,36.15329],[140.18876,36.15307],[140.18901,36.15336],[140.19075,36.15362],[140.19087,36.15381],[140.19081,36.15439],[140.19055,36.15501],[140.19149,36.15514],[140.19136,36.15586],[140.19174,36.15601],[140.19174,36.15675],[140.19186,36.15678],[140.19218,36.15619],[140.19287,36.1556],[140.19311,36.1556],[140.19321,36.15583],[140.19294,36.15626],[140.1929,36.1567],[140.19322,36.15696],[140.1936,36.15773],[140.19373,36.15733],[140.19342,36.15651],[140.19373,36.15603],[140.19428,36.15602],[140.19492,36.15635],[140.19508,36.15665],[140.19548,36.15671],[140.19556,36.15588],[140.19608,36.15583],[140.19626,36.15545],[140.19643,36.15543],[140.19881,36.15945],[140.19961,36.15871],[140.20021,36.1587],[140.20048,36.15833],[140.20144,36.15588],[140.20145,36.15547],[140.20206,36.15549],[140.20316,36.1531],[140.20208,36.15265],[140.20178,36.15212],[140.20071,36.15162],[140.2002,36.15028],[140.19972,36.15083],[140.19862,36.15054],[140.19728,36.14957],[140.19639,36.14975],[140.195,36.14958],[140.19376,36.1501],[140.19322,36.14986],[140.1924,36.14898],[140.18874,36.14804],[140.18911,36.14717],[140.18903,36.14705],[140.18868,36.14733],[140.18852,36.14793],[140.18716,36.14772],[140.18578,36.14785],[140.18476,36.14725],[140.18401,36.14702],[140.18397,36.14552],[140.18456,36.14441],[140.18556,36.14348],[140.18447,36.14363],[140.18389,36.14406],[140.18261,36.14279],[140.18212,36.14287],[140.18159,36.14231],[140.18191,36.14208],[140.18257,36.14263],[140.18277,36.14257],[140.18303,36.142],[140.18242,36.14158],[140.18246,36.14141],[140.18265,36.14136],[140.18323,36.14183],[140.18505,36.14142],[140.18491,36.14089],[140.18545,36.14089],[140.18528,36.13999],[140.185,36.13992],[140.18502,36.13963],[140.18366,36.13971],[140.18332,36.13955],[140.1844,36.13892],[140.18605,36.139],[140.18601,36.13855],[140.18168,36.13879],[140.17675,36.13805],[140.17372,36.13788],[140.1728,36.13763],[140.17225,36.13828],[140.17336,36.1389],[140.1739,36.13964],[140.17622,36.14159],[140.17638,36.14202],[140.17674,36.14236],[140.17718,36.14205],[140.17899,36.1427],[140.17808,36.14433],[140.17798,36.14487],[140.17808,36.14484],[140.17923,36.14674],[140.18015,36.14638],[140.18039,36.14661],[140.18111,36.14862],[140.18104,36.14942],[140.18126,36.15066],[140.18148,36.15087],[140.18166,36.15146],[140.18233,36.15197],[140.18225,36.15289],[140.18239,36.15387],[140.18214,36.15417],[140.18268,36.15429],[140.18272,36.15455],[140.18229,36.1546],[140.18227,36.1548],[140.18279,36.15515],[140.18234,36.15553],[140.18199,36.15533],[140.18149,36.15545],[140.18186,36.15782],[140.18253,36.15789],[140.18258,36.15835],[140.18247,36.15874],[140.18196,36.15925],[140.18175,36.15987],[140.18217,36.15982],[140.18223,36.16005],[140.18291,36.16033],[140.18341,36.16008],[140.18329,36.15987],[140.18364,36.15983],[140.18414,36.16033],[140.18451,36.16033],[140.18464,36.15991],[140.1852,36.15974],[140.18484,36.15915],[140.18514,36.159],[140.18569,36.15909],[140.18572,36.15862],[140.18636,36.1584],[140.18655,36.15804],[140.18669,36.15812],[140.18674,36.15865],[140.18722,36.15879],[140.18683,36.15896],[140.18675,36.15919],[140.18703,36.15932],[140.18759,36.15916],[140.18802,36.16037],[140.18839,36.16035],[140.18884,36.15989],[140.1886,36.15966],[140.18876,36.1596],[140.18874,36.15932]]]},"properties":{"key":"082031050","name":"永井","pref":"茨城県","prefCode":"08","municipality":"土浦市","areaM2":2388605.732,"population":484,"toponymIds":["08-d871a9c3ee"]}},{"type":"Feature","geometry":{"type":"Polygon","coordinates":[[[140.06575,36.15616],[140.06582,36.15544],[140.06561,36.15394],[140.06618,36.15373],[140.06645,36.15328],[140.06636,36.15239],[140.0669,36.15254],[140.06702,36.15124],[140.06738,36.15116],[140.06749,36.14985],[140.06769,36.14955],[140.06784,36.14865],[140.06885,36.14867],[140.06901,36.14784],[140.06965,36.14657],[140.06944,36.14638],[140.07049,36.14508],[140.07177,36.14484],[140.07204,36.14492],[140.07222,36.14471],[140.07229,36.14367],[140.07205,36.14371],[140.07168,36.14178],[140.07181,36.14113],[140.07116,36.14039],[140.07041,36.14041],[140.0699,36.13924],[140.06873,36.13725],[140.06743,36.13704],[140.06582,36.13757],[140.0655,36.13774],[140.06507,36.13883],[140.06407,36.13946],[140.06124,36.13995],[140.06021,36.13981],[140.05903,36.13898],[140.05644,36.13777],[140.05573,36.13923],[140.05555,36.14094],[140.05509,36.14209],[140.05557,36.14375],[140.05659,36.14453],[140.05772,36.14629],[140.05795,36.15188],[140.05849,36.15202],[140.05849,36.1524],[140.05801,36.15231],[140.05793,36.15271],[140.05723,36.15288],[140.05778,36.154],[140.05807,36.15397],[140.05879,36.1554],[140.06026,36.15514],[140.06146,36.15639],[140.06466,36.15586],[140.06482,36.15673],[140.06517,36.15635],[140.06575,36.15616]]]},"properties":{"key":"082200960","name":"前野","pref":"茨城県","prefCode":"08","municipality":"つくば市","areaM2":2067881.204,"population":778,"toponymIds":["08-846b1bb4d2"]}},{"type":"Feature","geometry":{"type":"Polygon","coordinates":[[[140.15652,35.99325],[140.1563,35.99291],[140.1552,35.99309],[140.15196,35.99052],[140.1511,35.99144],[140.15047,35.99162],[140.14995,35.99093],[140.14938,35.99069],[140.14887,35.99073],[140.14854,35.99111],[140.14819,35.99106],[140.15233,35.99755],[140.15442,35.99637],[140.15792,35.99526],[140.15652,35.99325]]]},"properties":{"key":"08219006101","name":"上柏田一丁目","pref":"茨城県","prefCode":"08","municipality":"牛久市","areaM2":328437.736,"population":1413,"toponymIds":["08-03c894a39c"]}},{"type":"Feature","geometry":{"type":"Polygon","coordinates":[[[140.14766,35.98588],[140.14761,35.98579],[140.14576,35.98714],[140.14763,35.99018],[140.15041,35.98899],[140.14834,35.98682],[140.14766,35.98588]]]},"properties":{"key":"08219025001","name":"栄町一丁目","pref":"茨城県","prefCode":"08","municipality":"牛久市","areaM2":97511.601,"population":536,"toponymIds":["08-1f3a88dc35"]}},{"type":"Feature","geometry":{"type":"Polygon","coordinates":[[[140.06028,35.90479],[140.06391,35.90251],[140.06293,35.90126],[140.06233,35.90016],[140.0621,35.90067],[140.06228,35.90246],[140.0621,35.90273],[140.05999,35.90402],[140.06002,35.90453],[140.06028,35.90479]]]},"properties":{"key":"08217001003","name":"白山三丁目","pref":"茨城県","prefCode":"08","municipality":"取手市","areaM2":49514.277,"population":253,"toponymIds":["08-24fdf5903f"]}},{"type":"Feature","geometry":{"type":"Polygon","coordinates":[[[139.96123,36.32749],[139.95963,36.31879],[139.95701,36.31914],[139.9575,36.32186],[139.95632,36.32202],[139.95652,36.32309],[139.9545,36.32349],[139.95417,36.32265],[139.95403,36.3227],[139.95423,36.32371],[139.95306,36.32385],[139.95373,36.32742],[139.9541,36.32731],[139.95419,36.32742],[139.95429,36.3281],[139.95378,36.32823],[139.95425,36.33068],[139.96167,36.3298],[139.96123,36.32749]]]},"properties":{"key":"082270630","name":"灰塚","pref":"茨城県","prefCode":"08","municipality":"筑西市","areaM2":645632.596,"population":115,"toponymIds":["08-ca50685198"]}},{"type":"Feature","geometry":{"type":"Polygon","coordinates":[[[139.93158,36.25029],[139.93264,36.24944],[139.92712,36.25003],[139.92678,36.24958],[139.92678,36.24888],[139.92738,36.24769],[139.92774,36.2473],[139.92688,36.24685],[139.92634,36.24589],[139.92498,36.24569],[139.92463,36.2451],[139.92823,36.24359],[139.92801,36.24355],[139.9282,36.2428],[139.92821,36.24173],[139.9274,36.24178],[139.92683,36.24146],[139.92344,36.24136],[139.92352,36.24081],[139.92122,36.24085],[139.92101,36.2422],[139.92044,36.24285],[139.9195,36.24276],[139.91953,36.24214],[139.91598,36.2418],[139.91664,36.23726],[139.91411,36.23674],[139.91341,36.23623],[139.91358,36.23436],[139.91349,36.23248],[139.91308,36.23206],[139.91287,36.23131],[139.91268,36.23119],[139.91149,36.23196],[139.9113,36.23172],[139.91089,36.23189],[139.90571,36.2295],[139.90547,36.23245],[139.90568,36.23443],[139.90558,36.23508],[139.9045,36.23649],[139.90392,36.23757],[139.90341,36.23944],[139.90181,36.2411],[139.90571,36.24315],[139.90658,36.24386],[139.90717,36.24469],[139.90846,36.24495],[139.91196,36.24528],[139.91154,36.24818],[139.91496,36.24815],[139.91577,36.2488],[139.9155,36.24983],[139.91615,36.24926],[139.91704,36.24964],[139.91773,36.24956],[139.91811,36.24934],[139.91977,36.24935],[139.92053,36.2497],[139.92159,36.25055],[139.92358,36.25133],[139.92729,36.2521],[139.93002,36.25194],[139.93063,36.25112],[139.93158,36.25029]]]},"properties":{"key":"082271690","name":"関本下","pref":"茨城県","prefCode":"08","municipality":"筑西市","areaM2":2644595.496,"population":1004,"toponymIds":["08-9b871d0fe9"]}},{"type":"Feature","geometry":{"type":"Polygon","coordinates":[[[139.90104,36.24176],[139.90181,36.2411],[139.89903,36.23973],[139.89856,36.24007],[139.89848,36.23995],[139.89881,36.23963],[139.89764,36.23913],[139.89133,36.23808],[139.89056,36.23811],[139.89044,36.23668],[139.88993,36.23658],[139.88894,36.23604],[139.88838,36.23539],[139.88471,36.23513],[139.88215,36.2356],[139.88172,36.23555],[139.88045,36.23453],[139.8803,36.23723],[139.87959,36.23801],[139.88191,36.23864],[139.88219,36.23957],[139.88518,36.23892],[139.8855,36.23931],[139.88542,36.2398],[139.8858,36.23969],[139.88601,36.23997],[139.88639,36.241],[139.88613,36.2414],[139.88691,36.24154],[139.88833,36.24135],[139.89013,36.24145],[139.89015,36.24194],[139.89338,36.24708],[139.89425,36.24667],[139.89535,36.24527],[139.89598,36.24476],[139.89865,36.24358],[139.90104,36.24176]]]},"properties":{"key":"082070160","name":"大字山王","pref":"茨城県","prefCode":"08","municipality":"結城市","areaM2":1056811.706,"population":370,"toponymIds":["08-c300093785"]}},{"type":"Feature","geometry":{"type":"Polygon","coordinates":[[[139.93764,36.10417],[139.93842,36.09988],[139.93772,36.09962],[139.93772,36.09903],[139.93822,36.0978],[139.93865,36.09741],[139.94028,36.09822],[139.94151,36.09697],[139.94193,36.09742],[139.94234,36.09837],[139.9427,36.09841],[139.94297,36.09813],[139.94281,36.09792],[139.94326,36.09736],[139.94324,36.09697],[139.94275,36.09704],[139.94249,36.0963],[139.94189,36.09629],[139.9417,36.09612],[139.9417,36.09585],[139.94064,36.09569],[139.93965,36.09519],[139.93522,36.09224],[139.9336,36.09157],[139.93116,36.09015],[139.92364,36.09689],[139.93166,36.10269],[139.93176,36.10318],[139.9355,36.10491],[139.93578,36.10469],[139.936,36.10395],[139.93694,36.10434],[139.93656,36.1048],[139.93655,36.1052],[139.93721,36.10531],[139.93764,36.10417]]]},"properties":{"key":"082110620","name":"古間木新田","pref":"茨城県","prefCode":"08","municipality":"常総市","areaM2":1388545.577,"population":322,"toponymIds":["08-d8f2c2aa5a"]}},{"type":"Feature","geometry":{"type":"Polygon","coordinates":[[[139.95346,36.0447],[139.95396,36.04419],[139.95448,36.04394],[139.95501,36.04391],[139.95611,36.04419],[139.95665,36.04402],[139.95711,36.04348],[139.95731,36.04285],[139.95725,36.04224],[139.95705,36.04168],[139.95575,36.03984],[139.95554,36.03919],[139.95527,36.03679],[139.95427,36.0357],[139.95375,36.03537],[139.95304,36.03523],[139.94984,36.03579],[139.94914,36.03577],[139.94792,36.03518],[139.94667,36.034],[139.94645,36.03308],[139.94672,36.03244],[139.94947,36.03094],[139.94958,36.03031],[139.94942,36.02813],[139.94965,36.02672],[139.9489,36.02633],[139.9484,36.02669],[139.9482,36.02652],[139.94714,36.02683],[139.94612,36.02669],[139.94603,36.02661],[139.94626,36.02645],[139.94594,36.02608],[139.94198,36.02835],[139.94175,36.02933],[139.93914,36.03112],[139.93819,36.03099],[139.9381,36.03166],[139.93775,36.03193],[139.93783,36.03243],[139.93744,36.03314],[139.93771,36.03372],[139.93772,36.03446],[139.93797,36.03479],[139.93758,36.03498],[139.93761,36.03547],[139.93735,36.03589],[139.9367,36.03646],[139.93598,36.03664],[139.93585,36.03676],[139.93602,36.03724],[139.93507,36.03758],[139.93459,36.03806],[139.93453,36.03833],[139.93475,36.03864],[139.93523,36.03874],[139.93459,36.03903],[139.93453,36.03882],[139.93399,36.03888],[139.93343,36.03928],[139.93267,36.03954],[139.93323,36.04059],[139.9318,36.04096],[139.93226,36.04165],[139.93293,36.04217],[139.9337,36.0433],[139.9352,36.04311],[139.93558,36.04363],[139.93663,36.04398],[139.9369,36.04389],[139.93837,36.04451],[139.94023,36.04691],[139.94187,36.04567],[139.94289,36.04432],[139.94675,36.04548],[139.94701,36.04605],[139.94717,36.04824],[139.94705,36.0491],[139.94658,36.05034],[139.94677,36.0507],[139.94773,36.05026],[139.94859,36.0494],[139.95062,36.04858],[139.95085,36.04811],[139.95084,36.0473],[139.95134,36.04653],[139.95138,36.04621],[139.95346,36.0447]]]},"properties":{"key":"082280020","name":"大口","pref":"茨城県","prefCode":"08","municipality":"坂東市","areaM2":2985621.065,"population":1178,"toponymIds":["08-8a332e545d"]}},{"type":"Feature","geometry":{"type":"Polygon","coordinates":[[[139.98442,36.34026],[139.98748,36.34021],[139.98735,36.33647],[139.98772,36.33562],[139.98806,36.33555],[139.98797,36.33501],[139.98729,36.33491],[139.98727,36.33355],[139.9862,36.33357],[139.98621,36.33448],[139.97699,36.33466],[139.97737,36.33847],[139.98121,36.33843],[139.98126,36.3403],[139.98442,36.34026]]]},"properties":{"key":"082270880","name":"上中山","pref":"茨城県","prefCode":"08","municipality":"筑西市","areaM2":525504.613,"population":83,"toponymIds":["08-1c002b395c"]}},{"type":"Feature","geometry":{"type":"Polygon","coordinates":[[[139.98284,36.35621],[139.98316,36.35574],[139.98514,36.35664],[139.98632,36.35498],[139.98585,36.35342],[139.98705,36.35254],[139.98772,36.35291],[139.98821,36.35291],[139.98789,36.35008],[139.98581,36.35022],[139.98483,36.34822],[139.98097,36.34821],[139.98063,36.34891],[139.97746,36.34898],[139.97534,36.34953],[139.97433,36.34956],[139.97466,36.35114],[139.97636,36.35586],[139.97689,36.35706],[139.979,36.36078],[139.9792,36.36169],[139.97917,36.36302],[139.98025,36.3632],[139.98057,36.36221],[139.9805,36.36071],[139.98093,36.36026],[139.98116,36.35952],[139.98163,36.3589],[139.98166,36.35812],[139.98284,36.35621]]]},"properties":{"key":"082270860","name":"蒔田","pref":"茨城県","prefCode":"08","municipality":"筑西市","areaM2":1055140.722,"population":199,"toponymIds":["08-17d508814c"]}},{"type":"Feature","geometry":{"type":"Polygon","coordinates":[[[139.72509,36.17808],[139.72513,36.17786],[139.72621,36.17794],[139.72529,36.17667],[139.72669,36.17644],[139.7265,36.17561],[139.72852,36.17537],[139.72963,36.17547],[139.72982,36.17559],[139.72977,36.17597],[139.73047,36.17602],[139.73046,36.17623],[139.73273,36.17644],[139.73272,36.17689],[139.73418,36.17714],[139.73738,36.17381],[139.73801,36.17286],[139.73749,36.17154],[139.73682,36.17065],[139.73586,36.16886],[139.73459,36.16746],[139.73464,36.16726],[139.73388,36.16688],[139.73338,36.16645],[139.73348,36.16634],[139.73327,36.16618],[139.73274,36.16647],[139.73258,36.16637],[139.72986,36.16421],[139.72925,36.16471],[139.72644,36.16465],[139.72643,36.16485],[139.72665,36.16488],[139.72677,36.16522],[139.72701,36.16527],[139.727,36.16555],[139.72665,36.16558],[139.72645,36.16604],[139.72607,36.16603],[139.72626,36.1633],[139.72346,36.16344],[139.72357,36.16648],[139.72106,36.17189],[139.72108,36.17225],[139.72257,36.17559],[139.72076,36.17661],[139.72059,36.17683],[139.72062,36.177],[139.72082,36.17691],[139.72179,36.17964],[139.72387,36.17983],[139.72509,36.17808]]]},"properties":{"key":"082040590","name":"下辺見","pref":"茨城県","prefCode":"08","municipality":"古河市","areaM2":1693628.135,"population":2219,"toponymIds":["08-0f85b2b909","08-7f5053eda0"]}},{"type":"Feature","geometry":{"type":"Polygon","coordinates":[[[139.70297,36.18099],[139.70352,36.18106],[139.70553,36.18077],[139.70629,36.18084],[139.71096,36.18048],[139.71124,36.17995],[139.7113,36.17908],[139.71215,36.1785],[139.71297,36.17759],[139.71357,36.17745],[139.71373,36.17707],[139.71351,36.1762],[139.71374,36.17348],[139.71419,36.17054],[139.71494,36.16851],[139.71207,36.16848],[139.71226,36.16871],[139.70992,36.16981],[139.70879,36.17075],[139.70824,36.17101],[139.7079,36.17113],[139.70792,36.17089],[139.70743,36.17088],[139.70747,36.17103],[139.70712,36.17102],[139.70715,36.17115],[139.70641,36.17138],[139.70599,36.17114],[139.70524,36.17193],[139.70408,36.17238],[139.70391,36.17204],[139.70366,36.17212],[139.70388,36.17247],[139.70342,36.17334],[139.70297,36.17381],[139.70266,36.17381],[139.70254,36.17297],[139.70177,36.17319],[139.70195,36.17419],[139.70228,36.17451],[139.70216,36.1746],[139.70025,36.17465],[139.69845,36.17554],[139.69802,36.17516],[139.69704,36.17585],[139.69955,36.17952],[139.69985,36.1803],[139.70079,36.18043],[139.70116,36.18083],[139.702,36.18054],[139.70214,36.18111],[139.70297,36.18099]]]},"properties":{"key":"082040120","name":"鴻巣","pref":"茨城県","prefCode":"08","municipality":"古河市","areaM2":1319520.295,"population":3137,"toponymIds":["08-429014d327"]}},{"type":"Feature","geometry":{"type":"Polygon","coordinates":[[[139.96188,35.98357],[139.96342,35.98277],[139.96579,35.98241],[139.96579,35.98123],[139.96628,35.97966],[139.96538,35.97931],[139.96537,35.97905],[139.96549,35.97905],[139.96514,35.97857],[139.9642,35.97854],[139.96445,35.97875],[139.96231,35.9788],[139.96239,35.97931],[139.96284,35.97932],[139.96286,35.97967],[139.96241,35.97976],[139.96255,35.98026],[139.96013,35.98082],[139.95964,35.98044],[139.95919,35.98082],[139.95986,35.98179],[139.95912,35.98192],[139.95908,35.98247],[139.95701,35.98128],[139.9561,35.98235],[139.95822,35.98326],[139.95774,35.98352],[139.95756,35.98342],[139.9572,35.98374],[139.95805,35.98487],[139.95978,35.98466],[139.96188,35.98357]]]},"properties":{"key":"08211043103","name":"内守谷町きぬの里三丁目","pref":"茨城県","prefCode":"08","municipality":"常総市","areaM2":303211.24,"population":1849,"toponymIds":["08-fc866bafc0"]}},{"type":"Feature","geometry":{"type":"Polygon","coordinates":[[[140.74363,36.87312],[140.74474,36.87293],[140.74479,36.87206],[140.74566,36.87126],[140.74694,36.87152],[140.74752,36.87137],[140.74791,36.87118],[140.74878,36.87022],[140.75001,36.87004],[140.75186,36.87019],[140.75285,36.86978],[140.75421,36.86987],[140.75504,36.86976],[140.75562,36.86928],[140.75582,36.86871],[140.75698,36.8678],[140.75764,36.86762],[140.75817,36.86721],[140.75849,36.86723],[140.75867,36.86755],[140.75912,36.86776],[140.75934,36.86833],[140.75972,36.86858],[140.76001,36.86911],[140.75979,36.87041],[140.75988,36.87109],[140.75964,36.87218],[140.76014,36.87211],[140.76031,36.8712],[140.76058,36.87099],[140.76057,36.87072],[140.76123,36.87071],[140.76194,36.87033],[140.76085,36.8705],[140.76021,36.87021],[140.76043,36.8694],[140.7598,36.86822],[140.75965,36.86729],[140.75936,36.86686],[140.75997,36.86671],[140.76026,36.86684],[140.76101,36.86677],[140.7615,36.86636],[140.76153,36.8659],[140.7617,36.86573],[140.76133,36.8654],[140.76102,36.86429],[140.76111,36.86376],[140.76145,36.86321],[140.76138,36.8629],[140.76036,36.86132],[140.76107,36.86075],[140.76104,36.86033],[140.76029,36.85961],[140.76214,36.85936],[140.76211,36.85841],[140.76239,36.85811],[140.76303,36.85804],[140.7637,36.85772],[140.76399,36.85794],[140.76428,36.85792],[140.76402,36.85601],[140.76417,36.85577],[140.76467,36.85568],[140.76496,36.85536],[140.7649,36.85507],[140.76322,36.85601],[140.76087,36.85626],[140.76051,36.85663],[140.7607,36.85705],[140.76061,36.85726],[140.75902,36.8578],[140.75702,36.85799],[140.75601,36.85786],[140.75539,36.8569],[140.75467,36.85635],[140.75417,36.85674],[140.7527,36.85727],[140.75103,36.85747],[140.75011,36.8563],[140.75,36.8555],[140.74914,36.85504],[140.74828,36.85481],[140.74648,36.8548],[140.74609,36.85508],[140.74509,36.85523],[140.74536,36.8568],[140.74569,36.85734],[140.74416,36.85783],[140.74334,36.85764],[140.7428,36.85685],[140.74245,36.85671],[140.74092,36.8575],[140.73939,36.85942],[140.73784,36.85995],[140.73709,36.86263],[140.73604,36.86488],[140.73547,36.86661],[140.73567,36.86792],[140.73558,36.86848],[140.73535,36.86914],[140.73417,36.8704],[140.73394,36.87131],[140.73424,36.87145],[140.73499,36.87241],[140.73564,36.87277],[140.7367,36.87289],[140.73693,36.87339],[140.73794,36.87361],[140.73828,36.87406],[140.73996,36.87503],[140.74027,36.87546],[140.74071,36.87565],[140.74208,36.87481],[140.74251,36.8747],[140.74319,36.874],[140.74329,36.87313],[140.74363,36.87312]]]},"properties":{"key":"082150380","name":"関本町関本上","pref":"茨城県","prefCode":"08","municipality":"北茨城市","areaM2":3544942.305,"population":700,"toponymIds":["08-c2e5586472"]}},{"type":"Feature","geometry":{"type":"Polygon","coordinates":[[[140.50953,36.73465],[140.50799,36.73261],[140.50619,36.72932],[140.50539,36.72819],[140.50416,36.72567],[140.50254,36.72284],[140.50207,36.72239],[140.50067,36.72149],[140.49975,36.72124],[140.49651,36.72081],[140.4959,36.71921],[140.49523,36.71867],[140.49297,36.71812],[140.49037,36.71827],[140.48801,36.71774],[140.48719,36.71697],[140.48513,36.71375],[140.48251,36.7112],[140.48198,36.71152],[140.48116,36.71153],[140.48048,36.71223],[140.48049,36.71263],[140.47984,36.71338],[140.47907,36.71336],[140.47919,36.71419],[140.47828,36.71683],[140.47736,36.7174],[140.47731,36.71884],[140.47663,36.71941],[140.47548,36.72113],[140.47581,36.72218],[140.47614,36.72253],[140.47663,36.72366],[140.47396,36.7242],[140.47415,36.72477],[140.4735,36.72547],[140.47361,36.72601],[140.47284,36.72686],[140.47225,36.72791],[140.47255,36.7282],[140.47271,36.72866],[140.47266,36.72925],[140.47291,36.73012],[140.47253,36.73293],[140.47232,36.73347],[140.47231,36.73433],[140.47205,36.73479],[140.4714,36.73507],[140.47135,36.73522],[140.47227,36.73606],[140.47296,36.73635],[140.47544,36.73617],[140.47873,36.73625],[140.47939,36.73613],[140.48092,36.73535],[140.48183,36.73513],[140.48299,36.7346],[140.48379,36.73445],[140.48434,36.73454],[140.48497,36.73509],[140.48703,36.73803],[140.48755,36.73822],[140.48943,36.73834],[140.49049,36.73861],[140.49088,36.73902],[140.49093,36.73929],[140.49066,36.74014],[140.4927,36.74071],[140.49211,36.74301],[140.49252,36.74354],[140.49474,36.744],[140.49723,36.7448],[140.49961,36.74566],[140.50416,36.74771],[140.50673,36.74796],[140.5128,36.74912],[140.51633,36.75109],[140.51737,36.75202],[140.51835,36.75319],[140.51892,36.75353],[140.5223,36.75441],[140.52222,36.75055],[140.52184,36.74973],[140.52006,36.7484],[140.51924,36.74749],[140.51876,36.74574],[140.51859,36.74335],[140.51835,36.74161],[140.51817,36.74116],[140.51701,36.74007],[140.51209,36.73675],[140.50953,36.73465]]]},"properties":{"key":"082120990","name":"大中町","pref":"茨城県","prefCode":"08","municipality":"常陸太田市","areaM2":8927745.306,"population":707,"toponymIds":["08-6bbd8bd8f1","08-01ab0b2d5d"]}},{"type":"Feature","geometry":{"type":"Polygon","coordinates":[[[140.32821,36.72413],[140.32837,36.72402],[140.32906,36.72446],[140.32962,36.72428],[140.32672,36.72157],[140.32704,36.72106],[140.32765,36.72072],[140.32753,36.71964],[140.32886,36.71727],[140.32935,36.71733],[140.33004,36.71634],[140.33093,36.71662],[140.33201,36.71431],[140.33058,36.71375],[140.33055,36.71326],[140.33079,36.71268],[140.33407,36.71245],[140.33435,36.71296],[140.3354,36.71363],[140.33626,36.71381],[140.33719,36.71371],[140.33807,36.71426],[140.33835,36.71429],[140.33908,36.71406],[140.33994,36.71303],[140.34052,36.71206],[140.3402,36.71174],[140.33824,36.71144],[140.33689,36.71056],[140.33516,36.71002],[140.33393,36.70914],[140.33341,36.70811],[140.33422,36.70797],[140.33561,36.7073],[140.33726,36.70704],[140.33767,36.70656],[140.33772,36.70606],[140.3389,36.70591],[140.34061,36.70617],[140.34131,36.70587],[140.34202,36.70513],[140.34298,36.70494],[140.34571,36.70584],[140.34674,36.70587],[140.34704,36.70492],[140.34755,36.70479],[140.34842,36.70422],[140.34858,36.7039],[140.34863,36.70306],[140.34902,36.70274],[140.35012,36.70262],[140.35066,36.70192],[140.3515,36.70172],[140.35152,36.70055],[140.3518,36.69989],[140.35214,36.69959],[140.35221,36.69925],[140.3535,36.69914],[140.35485,36.69956],[140.35532,36.69926],[140.35606,36.69923],[140.35648,36.69972],[140.35735,36.70009],[140.35744,36.70039],[140.35802,36.7002],[140.35916,36.70037],[140.36011,36.69974],[140.36058,36.69897],[140.36035,36.69822],[140.3604,36.69672],[140.35852,36.69426],[140.35746,36.69357],[140.35535,36.69309],[140.35452,36.69265],[140.35419,36.69213],[140.35368,36.69049],[140.35284,36.68867],[140.35173,36.68718],[140.35104,36.6865],[140.34844,36.68483],[140.3476,36.68541],[140.34774,36.68588],[140.34767,36.68683],[140.34715,36.68749],[140.3455,36.68817],[140.34448,36.68838],[140.3439,36.68915],[140.34336,36.68947],[140.34222,36.68998],[140.34071,36.69035],[140.34015,36.69181],[140.33872,36.69203],[140.33683,36.69444],[140.33632,36.69487],[140.33459,36.69539],[140.33108,36.69577],[140.331,36.69466],[140.33062,36.69435],[140.33017,36.69429],[140.32574,36.69543],[140.32453,36.69599],[140.3242,36.69702],[140.32352,36.69734],[140.32311,36.69803],[140.32341,36.69862],[140.32248,36.69964],[140.32199,36.69971],[140.32147,36.70055],[140.32078,36.70067],[140.32031,36.70126],[140.31977,36.70137],[140.31738,36.70115],[140.31668,36.70092],[140.31589,36.70023],[140.31472,36.70045],[140.31447,36.70121],[140.31341,36.70206],[140.31281,36.70309],[140.31221,36.70357],[140.31203,36.70433],[140.31172,36.70457],[140.31145,36.70539],[140.31154,36.70605],[140.31187,36.70642],[140.31182,36.70774],[140.31219,36.70862],[140.31168,36.70921],[140.31089,36.70976],[140.31032,36.71118],[140.30961,36.71157],[140.30895,36.71259],[140.30904,36.71332],[140.30924,36.71345],[140.30933,36.71393],[140.30988,36.71411],[140.31045,36.71389],[140.31169,36.71387],[140.31375,36.71325],[140.31466,36.71343],[140.31582,36.71433],[140.31576,36.71452],[140.31481,36.71496],[140.31481,36.716],[140.31467,36.71627],[140.31412,36.71649],[140.31444,36.71873],[140.31493,36.71911],[140.31524,36.72006],[140.31618,36.72106],[140.31614,36.72177],[140.317,36.72294],[140.31782,36.72348],[140.31794,36.72377],[140.31812,36.72384],[140.31845,36.72364],[140.31941,36.72245],[140.3205,36.72154],[140.32152,36.72148],[140.32358,36.72203],[140.32419,36.72275],[140.3263,36.72318],[140.32669,36.7241],[140.328,36.72447],[140.32821,36.72413]]]},"properties":{"key":"082250550","name":"久隆","pref":"茨城県","prefCode":"08","municipality":"常陸大宮市","areaM2":8161059.913,"population":66,"toponymIds":["08-a37953801e"]}},{"type":"Feature","geometry":{"type":"Polygon","coordinates":[[[140.25755,36.70224],[140.25872,36.70145],[140.26019,36.70121],[140.26112,36.70126],[140.2619,36.70174],[140.26226,36.70219],[140.26669,36.70267],[140.26809,36.70224],[140.26783,36.70106],[140.26794,36.70018],[140.26887,36.69711],[140.26928,36.69631],[140.26939,36.69433],[140.27022,36.69348],[140.27053,36.69235],[140.2706,36.69019],[140.27042,36.68762],[140.27057,36.68658],[140.2716,36.68332],[140.27226,36.68192],[140.27272,36.68118],[140.27345,36.68046],[140.27539,36.67942],[140.27577,36.67905],[140.27837,36.67516],[140.27969,36.67397],[140.2818,36.67161],[140.28329,36.67059],[140.28436,36.67037],[140.28423,36.66953],[140.28433,36.66854],[140.28558,36.66491],[140.28589,36.66211],[140.2861,36.66152],[140.28826,36.66086],[140.28907,36.66025],[140.28973,36.66005],[140.29041,36.66005],[140.2918,36.66035],[140.29216,36.65904],[140.2916,36.65849],[140.29055,36.65813],[140.29026,36.65743],[140.28953,36.65666],[140.28929,36.65652],[140.28793,36.65649],[140.28655,36.65596],[140.28622,36.65714],[140.28573,36.65804],[140.28434,36.65824],[140.28202,36.65789],[140.28081,36.65807],[140.27851,36.65991],[140.27808,36.65994],[140.27722,36.65957],[140.27624,36.65959],[140.27422,36.66073],[140.2707,36.66197],[140.27003,36.66238],[140.26891,36.66236],[140.26845,36.66286],[140.26765,36.6632],[140.26752,36.66414],[140.26798,36.66433],[140.26807,36.66487],[140.26693,36.66753],[140.26742,36.66805],[140.26744,36.66837],[140.26719,36.66857],[140.26554,36.669],[140.26495,36.66953],[140.26484,36.66988],[140.26415,36.66972],[140.26382,36.66915],[140.26377,36.66872],[140.26403,36.6672],[140.2641,36.66523],[140.26397,36.6649],[140.26333,36.66487],[140.26328,36.66614],[140.26356,36.66683],[140.2632,36.6674],[140.26354,36.66932],[140.26347,36.66964],[140.26267,36.6701],[140.2624,36.67007],[140.26151,36.66936],[140.26013,36.66921],[140.25802,36.66999],[140.25745,36.67037],[140.25717,36.67096],[140.25684,36.67104],[140.25655,36.671],[140.25613,36.67001],[140.25568,36.67139],[140.25441,36.67246],[140.25365,36.67408],[140.2536,36.67671],[140.25309,36.67798],[140.25072,36.68106],[140.25164,36.68145],[140.25216,36.68257],[140.25224,36.68485],[140.2521,36.68546],[140.25054,36.68833],[140.25067,36.689],[140.25203,36.69084],[140.25219,36.69176],[140.25192,36.69224],[140.25061,36.69296],[140.25079,36.69363],[140.25054,36.69493],[140.24996,36.69579],[140.24944,36.69617],[140.24828,36.69643],[140.24556,36.69616],[140.24455,36.69678],[140.24412,36.69749],[140.24556,36.7014],[140.24597,36.70195],[140.2466,36.70231],[140.24814,36.70198],[140.25076,36.70235],[140.25185,36.70194],[140.25279,36.70198],[140.25446,36.70235],[140.2555,36.70292],[140.25628,36.70299],[140.25755,36.70224]]]},"properties":{"key":"082250850","name":"小田野","pref":"茨城県","prefCode":"08","municipality":"常陸大宮市","areaM2":9044669.345,"population":408,"toponymIds":["08-c7889b6a01"]}},{"type":"Feature","geometry":{"type":"Polygon","coordinates":[[[140.67128,36.79244],[140.67149,36.79198],[140.67196,36.79219],[140.67205,36.79188],[140.67266,36.79146],[140.67386,36.79012],[140.67687,36.78869],[140.67759,36.78813],[140.67811,36.78827],[140.67826,36.78796],[140.67976,36.7873],[140.68067,36.78719],[140.68139,36.7869],[140.68311,36.78595],[140.68389,36.78621],[140.68407,36.78547],[140.6831,36.78503],[140.68388,36.78425],[140.68534,36.78328],[140.68832,36.78333],[140.68865,36.7836],[140.69008,36.78304],[140.69106,36.7833],[140.69515,36.78313],[140.69696,36.78362],[140.69758,36.78345],[140.6981,36.78357],[140.70049,36.78336],[140.70254,36.78458],[140.70428,36.785],[140.70601,36.78563],[140.70594,36.78582],[140.70709,36.78572],[140.70711,36.78556],[140.70791,36.78521],[140.70859,36.78507],[140.70935,36.78559],[140.71007,36.78573],[140.71088,36.7852],[140.71169,36.78588],[140.71259,36.78545],[140.71297,36.78564],[140.71549,36.78609],[140.71726,36.78732],[140.71798,36.78883],[140.71903,36.78232],[140.71707,36.78215],[140.71733,36.7807],[140.71648,36.78054],[140.7162,36.77983],[140.71569,36.77934],[140.71484,36.7791],[140.71331,36.77928],[140.71197,36.7788],[140.71119,36.77879],[140.70946,36.77843],[140.70866,36.77851],[140.70807,36.7782],[140.70808,36.77791],[140.70631,36.77714],[140.70564,36.77658],[140.70467,36.77619],[140.70422,36.77577],[140.70256,36.77538],[140.70227,36.77627],[140.69959,36.775],[140.69889,36.77438],[140.69831,36.77411],[140.69456,36.7744],[140.69249,36.77543],[140.69223,36.77601],[140.69126,36.77645],[140.69032,36.77664],[140.68918,36.77683],[140.68649,36.7764],[140.68573,36.7765],[140.68623,36.77479],[140.68624,36.77405],[140.68428,36.77115],[140.68208,36.76868],[140.6817,36.76665],[140.68082,36.76407],[140.67906,36.76291],[140.67927,36.76084],[140.68011,36.75743],[140.67941,36.7569],[140.67861,36.75717],[140.67735,36.75716],[140.67605,36.75771],[140.67416,36.7579],[140.67341,36.75832],[140.67291,36.75878],[140.67281,36.75992],[140.67221,36.76019],[140.67184,36.76125],[140.67221,36.76226],[140.6716,36.76373],[140.67147,36.76455],[140.67048,36.76466],[140.66999,36.76507],[140.66925,36.76512],[140.66769,36.76697],[140.66692,36.76742],[140.66678,36.76777],[140.66591,36.76864],[140.66529,36.76862],[140.66404,36.76948],[140.66345,36.76925],[140.66281,36.76925],[140.66191,36.77026],[140.66189,36.77074],[140.66095,36.77126],[140.66087,36.77161],[140.65883,36.77158],[140.65739,36.7721],[140.65599,36.7723],[140.65532,36.77225],[140.65464,36.77176],[140.65364,36.77199],[140.6513,36.77205],[140.6482,36.77155],[140.64527,36.77156],[140.64411,36.77205],[140.64339,36.77308],[140.64359,36.7735],[140.64579,36.77338],[140.64712,36.7743],[140.64877,36.77504],[140.64922,36.77548],[140.64926,36.77709],[140.64896,36.77836],[140.64913,36.77963],[140.64837,36.78023],[140.6483,36.78046],[140.64864,36.78207],[140.64931,36.78246],[140.64976,36.78302],[140.65041,36.78272],[140.65081,36.78272],[140.6545,36.78431],[140.65597,36.78437],[140.65782,36.78414],[140.65862,36.78476],[140.65908,36.78453],[140.65981,36.78527],[140.66014,36.78485],[140.66054,36.78476],[140.66136,36.78507],[140.66309,36.78536],[140.66346,36.78563],[140.66356,36.78591],[140.66341,36.7875],[140.663,36.78865],[140.6632,36.7898],[140.66454,36.79079],[140.66494,36.79128],[140.66587,36.79167],[140.66708,36.79383],[140.6676,36.79412],[140.66946,36.79434],[140.66991,36.79462],[140.66989,36.79487],[140.67038,36.79417],[140.67113,36.79366],[140.67128,36.79244]]]},"properties":{"key":"082150090","name":"中郷町石岡","pref":"茨城県","prefCode":"08","municipality":"北茨城市","areaM2":10053887.258,"population":1487,"toponymIds":["08-41f1f21a20"]}},{"type":"Feature","geometry":{"type":"Polygon","coordinates":[[[140.74365,36.79053],[140.74452,36.78985],[140.74363,36.78933],[140.74213,36.78813],[140.74115,36.78864],[140.73932,36.79053],[140.73888,36.79018],[140.73849,36.79061],[140.74096,36.79237],[140.74365,36.79053]]]},"properties":{"key":"08215015002","name":"磯原町磯原二丁目","pref":"茨城県","prefCode":"08","municipality":"北茨城市","areaM2":119121.166,"population":559,"toponymIds":["08-bae6e82571"]}},{"type":"Feature","geometry":{"type":"Polygon","coordinates":[[[140.72662,36.78179],[140.72609,36.77786],[140.72471,36.7779],[140.72576,36.7759],[140.72611,36.77449],[140.72609,36.77387],[140.72618,36.77376],[140.73111,36.77381],[140.73117,36.77339],[140.73216,36.77318],[140.73281,36.7727],[140.7329,36.76803],[140.73272,36.76735],[140.73151,36.76776],[140.73073,36.76854],[140.7296,36.76932],[140.72768,36.76979],[140.72847,36.76882],[140.72837,36.76826],[140.72793,36.76819],[140.72797,36.76774],[140.72778,36.76776],[140.72811,36.76738],[140.72799,36.76679],[140.72751,36.76672],[140.72716,36.76744],[140.72684,36.76773],[140.72718,36.768],[140.72611,36.7688],[140.7247,36.76884],[140.72339,36.76942],[140.72164,36.76921],[140.72125,36.76894],[140.72085,36.76957],[140.72055,36.76967],[140.7194,36.76971],[140.71867,36.76937],[140.7182,36.76951],[140.71767,36.76887],[140.71724,36.76907],[140.7158,36.76904],[140.7152,36.76857],[140.71224,36.76749],[140.7105,36.76762],[140.71004,36.76818],[140.7091,36.76862],[140.70756,36.76843],[140.70677,36.76873],[140.706,36.76872],[140.70374,36.76819],[140.70228,36.7682],[140.70185,36.76858],[140.70134,36.76876],[140.70005,36.76888],[140.6982,36.7694],[140.69826,36.76977],[140.69928,36.77076],[140.69829,36.77074],[140.69707,36.77105],[140.69638,36.77132],[140.69579,36.77187],[140.6949,36.77196],[140.69453,36.77227],[140.69402,36.77227],[140.69384,36.77255],[140.69338,36.77272],[140.69243,36.77271],[140.69208,36.7731],[140.69109,36.77346],[140.68986,36.77353],[140.68916,36.77383],[140.68782,36.77381],[140.68708,36.77346],[140.68661,36.77227],[140.68633,36.77196],[140.68496,36.77213],[140.68624,36.77405],[140.68623,36.77479],[140.68573,36.7765],[140.68649,36.7764],[140.68918,36.77683],[140.69032,36.77664],[140.69126,36.77645],[140.69223,36.77601],[140.69249,36.77543],[140.69456,36.7744],[140.69831,36.77411],[140.69889,36.77438],[140.69959,36.775],[140.70227,36.77627],[140.70256,36.77538],[140.70422,36.77577],[140.70467,36.77619],[140.70564,36.77658],[140.70631,36.77714],[140.70808,36.77791],[140.70807,36.7782],[140.70866,36.77851],[140.70946,36.77843],[140.71119,36.77879],[140.71197,36.7788],[140.71331,36.77928],[140.71484,36.7791],[140.71569,36.77934],[140.7162,36.77983],[140.71648,36.78054],[140.71733,36.7807],[140.71707,36.78215],[140.71903,36.78232],[140.71913,36.78176],[140.72093,36.78274],[140.72146,36.78318],[140.72162,36.78377],[140.72205,36.78406],[140.72354,36.78421],[140.72678,36.78405],[140.72662,36.78179]]]},"properties":{"key":"082150080","name":"中郷町松井","pref":"茨城県","prefCode":"08","municipality":"北茨城市","areaM2":3649925.152,"population":1635,"toponymIds":["08-538de2081a"]}},{"type":"Feature","geometry":{"type":"Polygon","coordinates":[[[140.71983,36.73069],[140.72506,36.73021],[140.7256,36.72801],[140.72811,36.72803],[140.72802,36.72769],[140.72828,36.72679],[140.72844,36.72464],[140.72868,36.72419],[140.72861,36.72359],[140.72904,36.72324],[140.72912,36.72289],[140.72886,36.72248],[140.72796,36.72182],[140.72819,36.72156],[140.72841,36.72173],[140.72919,36.72162],[140.72922,36.72116],[140.7284,36.72112],[140.72806,36.72087],[140.72806,36.72062],[140.72826,36.72041],[140.7285,36.72061],[140.72888,36.72043],[140.72898,36.72015],[140.72812,36.71932],[140.72814,36.71907],[140.72843,36.71894],[140.72838,36.71868],[140.72689,36.718],[140.72627,36.71753],[140.7256,36.71622],[140.72558,36.7153],[140.72471,36.7156],[140.72372,36.71657],[140.72357,36.71706],[140.72384,36.71788],[140.72449,36.71879],[140.72402,36.71911],[140.72229,36.71974],[140.7218,36.7192],[140.72142,36.7193],[140.72062,36.71994],[140.72086,36.7204],[140.72065,36.72075],[140.72015,36.72084],[140.71901,36.72067],[140.71788,36.72028],[140.7173,36.72025],[140.71651,36.7198],[140.71488,36.71969],[140.71435,36.71992],[140.71355,36.71984],[140.71308,36.71996],[140.71278,36.72106],[140.71159,36.72158],[140.7116,36.72178],[140.71188,36.72181],[140.71316,36.72271],[140.71426,36.72299],[140.71419,36.72379],[140.71669,36.72435],[140.71699,36.72571],[140.71843,36.72764],[140.71876,36.73045],[140.71979,36.73033],[140.71983,36.73069]]]},"properties":{"key":"082140130","name":"大字高戸","pref":"茨城県","prefCode":"08","municipality":"高萩市","areaM2":1351456.844,"population":1166,"toponymIds":["08-a1de0a7a69"]}},{"type":"Feature","geometry":{"type":"Polygon","coordinates":[[[140.55276,36.82139],[140.55368,36.82126],[140.55703,36.82137],[140.55998,36.82056],[140.56446,36.81725],[140.57324,36.81517],[140.57736,36.81241],[140.5796,36.80973],[140.58201,36.80596],[140.58492,36.79983],[140.58471,36.79837],[140.59042,36.79637],[140.59152,36.79577],[140.59692,36.79202],[140.60013,36.78571],[140.60331,36.78239],[140.60832,36.77852],[140.607,36.77325],[140.60138,36.76986],[140.59689,36.76809],[140.59095,36.7666],[140.58826,36.76605],[140.58142,36.76651],[140.57784,36.76625],[140.57683,36.76599],[140.57537,36.76518],[140.57281,36.76301],[140.56925,36.76093],[140.56765,36.76002],[140.56493,36.75919],[140.56155,36.75916],[140.55787,36.76002],[140.55717,36.76145],[140.55665,36.76154],[140.5541,36.76339],[140.55326,36.76438],[140.5528,36.76453],[140.55217,36.76438],[140.55192,36.76351],[140.5511,36.76273],[140.5504,36.76244],[140.54998,36.76206],[140.54816,36.76214],[140.54692,36.76299],[140.54581,36.76344],[140.54434,36.76495],[140.54349,36.76678],[140.54252,36.76713],[140.54271,36.76883],[140.54205,36.76957],[140.54162,36.77145],[140.54039,36.77171],[140.53971,36.77214],[140.53917,36.77222],[140.53817,36.77185],[140.53761,36.77227],[140.5371,36.77224],[140.53659,36.77244],[140.5366,36.77307],[140.53619,36.77504],[140.53666,36.77615],[140.53779,36.77736],[140.5379,36.77784],[140.53783,36.77913],[140.53805,36.77938],[140.53936,36.78002],[140.53978,36.78093],[140.54101,36.78187],[140.54122,36.78413],[140.54153,36.78448],[140.54389,36.78487],[140.54528,36.78574],[140.54549,36.78613],[140.54554,36.78652],[140.54521,36.7871],[140.54163,36.78787],[140.5414,36.78818],[140.54143,36.78886],[140.54295,36.79002],[140.54314,36.79043],[140.54293,36.79099],[140.542,36.79199],[140.54215,36.79273],[140.5419,36.7933],[140.54193,36.79366],[140.54221,36.79427],[140.54231,36.79513],[140.54134,36.79578],[140.54088,36.79648],[140.54026,36.79679],[140.54012,36.79702],[140.54078,36.80132],[140.54014,36.80231],[140.54048,36.803],[140.54055,36.80456],[140.54099,36.80537],[140.54175,36.80537],[140.54231,36.8056],[140.54381,36.80563],[140.54498,36.80721],[140.54584,36.80756],[140.54578,36.80791],[140.5459,36.80803],[140.54699,36.80841],[140.54725,36.80869],[140.54736,36.8091],[140.54688,36.80947],[140.54739,36.8109],[140.54618,36.81217],[140.54535,36.81191],[140.54516,36.81205],[140.54504,36.81264],[140.54592,36.81349],[140.54667,36.8146],[140.54794,36.81551],[140.5482,36.81619],[140.54933,36.81738],[140.54963,36.81952],[140.55037,36.82052],[140.5506,36.82166],[140.55116,36.82205],[140.55276,36.82139]]]},"properties":{"key":"082140190","name":"大字上君田","pref":"茨城県","prefCode":"08","municipality":"高萩市","areaM2":27400168.051,"population":143,"toponymIds":["08-251a90f5a3"]}},{"type":"Feature","geometry":{"type":"Polygon","coordinates":[[[139.71915,36.21131],[139.71948,36.2108],[139.7198,36.21074],[139.71979,36.21056],[139.72024,36.21058],[139.71946,36.20869],[139.7198,36.2081],[139.72024,36.20811],[139.71733,36.20508],[139.71241,36.20993],[139.71366,36.20974],[139.71388,36.20989],[139.71521,36.20977],[139.71535,36.2102],[139.71588,36.21012],[139.71633,36.21126],[139.71679,36.21137],[139.71776,36.21115],[139.71786,36.21133],[139.71915,36.21131]]]},"properties":{"key":"082040160","name":"静町","pref":"茨城県","prefCode":"08","municipality":"古河市","areaM2":254382.809,"population":1488,"toponymIds":["08-bf2de6f09d"]}}]}
