{"type":"FeatureCollection","features":[{"type":"Feature","geometry":{"type":"Polygon","coordinates":[[[139.344,36.41172],[139.34383,36.41124],[139.34112,36.41195],[139.34268,36.41463],[139.34322,36.4154],[139.34392,36.41592],[139.34437,36.41656],[139.34665,36.41586],[139.344,36.41172]]]},"properties":{"key":"10203014001","name":"仲町一丁目","pref":"群馬県","prefCode":"10","municipality":"桐生市","areaM2":141701.379,"population":610,"toponymIds":["10-73b1cf4394","10-c9ec681b3a","10-510a394b80","10-69097a569f","10-6910c19aef","10-7c371cbacb","10-8764ba1dcd","10-1d7fc77229","10-ff291eba9c","10-24b9da5c49","10-5a430ba728"]}},{"type":"Feature","geometry":{"type":"Polygon","coordinates":[[[139.33167,36.41152],[139.33142,36.41119],[139.33152,36.41098],[139.33138,36.41082],[139.33013,36.41133],[139.32935,36.41005],[139.32901,36.41015],[139.32873,36.40995],[139.32731,36.40984],[139.32713,36.40953],[139.32613,36.40902],[139.32519,36.40876],[139.32429,36.40894],[139.32364,36.40929],[139.32183,36.40883],[139.32134,36.40995],[139.3211,36.41153],[139.32283,36.4126],[139.32389,36.41303],[139.32538,36.41337],[139.32678,36.41343],[139.32796,36.41333],[139.32944,36.41291],[139.33135,36.41195],[139.33187,36.41163],[139.33167,36.41152]]]},"properties":{"key":"102030250","name":"元宿町","pref":"群馬県","prefCode":"10","municipality":"桐生市","areaM2":330764.68,"population":728,"toponymIds":["10-9d0db1afc1"]}},{"type":"Feature","geometry":{"type":"Polygon","coordinates":[[[139.33103,36.4292],[139.33209,36.42841],[139.33232,36.42682],[139.33299,36.42619],[139.33359,36.42533],[139.33354,36.4245],[139.33281,36.42267],[139.33304,36.41995],[139.3328,36.41918],[139.33199,36.41868],[139.33157,36.4177],[139.33199,36.41727],[139.33157,36.41704],[139.33148,36.41606],[139.3327,36.41575],[139.33245,36.41532],[139.33276,36.41477],[139.33266,36.41435],[139.33102,36.41439],[139.32887,36.41472],[139.32534,36.41574],[139.32578,36.41685],[139.32657,36.41757],[139.32593,36.41791],[139.32625,36.41821],[139.32621,36.41897],[139.32672,36.41963],[139.32666,36.42014],[139.32694,36.42159],[139.32664,36.42226],[139.32627,36.42264],[139.32614,36.42326],[139.32523,36.42391],[139.32538,36.42489],[139.32518,36.42647],[139.32537,36.42734],[139.32507,36.42853],[139.32587,36.42908],[139.32695,36.42914],[139.33012,36.43043],[139.33103,36.4292]]]},"properties":{"key":"10203023001","name":"堤町一丁目","pref":"群馬県","prefCode":"10","municipality":"桐生市","areaM2":982167.611,"population":1124,"toponymIds":["10-fa01a7a35b","10-70be301d2b","10-8a4b08817e","10-db54e4dc5d","10-4714ee3bee","10-7295d45b80","10-4c2f1c3e6c","10-2a636db8f3","10-b94062f8af"]}},{"type":"Feature","geometry":{"type":"Polygon","coordinates":[[[139.33551,36.40356],[139.33821,36.4026],[139.33843,36.40227],[139.33802,36.40199],[139.3383,36.4018],[139.33817,36.40168],[139.33872,36.40126],[139.33933,36.40176],[139.33956,36.40164],[139.33891,36.40073],[139.33816,36.4001],[139.33746,36.39966],[139.33736,36.39977],[139.33666,36.39924],[139.3361,36.40001],[139.33624,36.40014],[139.33411,36.40219],[139.33458,36.40262],[139.33508,36.40362],[139.33551,36.40356]]]},"properties":{"key":"10203009001","name":"新宿一丁目","pref":"群馬県","prefCode":"10","municipality":"桐生市","areaM2":119253.536,"population":564,"toponymIds":["10-36695bb247","10-7d051756e1","10-8114c96eec","10-c862a3422f","10-1aff4cb3ef","10-544819f7bf"]}},{"type":"Feature","geometry":{"type":"Polygon","coordinates":[[[139.34457,36.39859],[139.34541,36.39681],[139.34623,36.39595],[139.34705,36.3954],[139.34776,36.39526],[139.34939,36.3953],[139.35146,36.39573],[139.35408,36.39503],[139.35379,36.3946],[139.35399,36.39457],[139.35364,36.39434],[139.35252,36.39242],[139.35278,36.39229],[139.35262,36.39208],[139.35251,36.39197],[139.35233,36.39209],[139.35113,36.39151],[139.34792,36.39411],[139.34707,36.3942],[139.34638,36.39379],[139.34604,36.3933],[139.3461,36.39294],[139.34598,36.39291],[139.34551,36.39451],[139.34512,36.39524],[139.34461,36.39582],[139.34335,36.39797],[139.34295,36.39825],[139.34444,36.39894],[139.34457,36.39859]]]},"properties":{"key":"10203033001","name":"境野町一丁目","pref":"群馬県","prefCode":"10","municipality":"桐生市","areaM2":246098.828,"population":535,"toponymIds":["10-adf02474a1","10-94ca8881ff","10-b6517f0f8d","10-92795a3818"]}},{"type":"Feature","geometry":{"type":"Polygon","coordinates":[[[139.33086,36.39733],[139.33462,36.39476],[139.33303,36.39302],[139.33329,36.3924],[139.33353,36.39241],[139.33378,36.3921],[139.33343,36.39177],[139.33458,36.38935],[139.33434,36.38893],[139.33414,36.38893],[139.33395,36.38813],[139.33416,36.38683],[139.33256,36.38723],[139.33194,36.38771],[139.33096,36.38803],[139.33007,36.38858],[139.32929,36.38943],[139.32875,36.3898],[139.32809,36.38994],[139.32782,36.39023],[139.32636,36.39084],[139.3252,36.39105],[139.32481,36.39185],[139.32448,36.39192],[139.32467,36.39213],[139.32451,36.39249],[139.32487,36.39268],[139.32412,36.39324],[139.32312,36.39471],[139.32189,36.39527],[139.32204,36.39547],[139.3219,36.39556],[139.32161,36.39541],[139.32112,36.39586],[139.32202,36.39649],[139.32194,36.39658],[139.3231,36.39757],[139.32333,36.39735],[139.32391,36.39737],[139.32499,36.39701],[139.32531,36.39725],[139.32512,36.39742],[139.32603,36.39801],[139.32679,36.398],[139.32821,36.39696],[139.3285,36.39718],[139.32884,36.39694],[139.32905,36.39714],[139.32877,36.39738],[139.32987,36.39817],[139.33086,36.39733]]]},"properties":{"key":"10203034001","name":"広沢町一丁目","pref":"群馬県","prefCode":"10","municipality":"桐生市","areaM2":821660.101,"population":1899,"toponymIds":["10-f3ee03372f","10-bf9adb9c73","10-672ed71052","10-294c1fb4ea"]}},{"type":"Feature","geometry":{"type":"Polygon","coordinates":[[[139.31593,36.39869],[139.31657,36.39796],[139.3174,36.39866],[139.31781,36.39848],[139.31891,36.3977],[139.32039,36.39624],[139.32161,36.39541],[139.3219,36.39556],[139.32204,36.39547],[139.32189,36.39527],[139.32312,36.39471],[139.32412,36.39324],[139.3249,36.39265],[139.32451,36.39249],[139.32467,36.39213],[139.32448,36.39192],[139.32481,36.39185],[139.3252,36.39105],[139.32636,36.39084],[139.32782,36.39023],[139.32809,36.38994],[139.32875,36.3898],[139.32929,36.38943],[139.33007,36.38858],[139.33096,36.38803],[139.33194,36.38771],[139.33256,36.38723],[139.33416,36.38683],[139.33413,36.38612],[139.33366,36.38561],[139.33303,36.38578],[139.33257,36.3857],[139.32979,36.38682],[139.32885,36.38741],[139.32859,36.38792],[139.3274,36.38806],[139.32692,36.38835],[139.32669,36.3882],[139.32634,36.38832],[139.32582,36.38821],[139.32446,36.38896],[139.32382,36.38876],[139.32235,36.38875],[139.32232,36.38855],[139.32211,36.38845],[139.32169,36.38854],[139.32168,36.38874],[139.31982,36.38866],[139.31979,36.38845],[139.31925,36.38856],[139.31753,36.38944],[139.31674,36.38939],[139.31665,36.38972],[139.31586,36.38978],[139.31541,36.38953],[139.31583,36.39062],[139.31565,36.39072],[139.31587,36.39094],[139.31561,36.3911],[139.31589,36.3912],[139.31613,36.39199],[139.31561,36.39226],[139.31549,36.39204],[139.31537,36.39209],[139.31541,36.39372],[139.31508,36.39447],[139.31481,36.39445],[139.3148,36.39587],[139.31527,36.3968],[139.3142,36.39725],[139.31506,36.39816],[139.31524,36.39829],[139.31545,36.39813],[139.31593,36.39869]]]},"properties":{"key":"10203034002","name":"広沢町二丁目","pref":"群馬県","prefCode":"10","municipality":"桐生市","areaM2":892227.357,"population":3011,"toponymIds":["10-a4b16ea4ca","10-823751b96e","10-6bdd6ce294","10-86a6d444c4"]}},{"type":"Feature","geometry":{"type":"Polygon","coordinates":[[[139.31674,36.38951],[139.31674,36.38939],[139.31753,36.38944],[139.31925,36.38856],[139.31979,36.38845],[139.31982,36.38866],[139.32168,36.38874],[139.32169,36.38854],[139.32211,36.38845],[139.32232,36.38855],[139.32235,36.38875],[139.32382,36.38876],[139.32446,36.38896],[139.32582,36.38821],[139.32634,36.38832],[139.32669,36.3882],[139.32692,36.38835],[139.3274,36.38806],[139.32854,36.38794],[139.32885,36.38741],[139.32979,36.38682],[139.33257,36.3857],[139.33303,36.38578],[139.33366,36.38561],[139.33413,36.38612],[139.33425,36.38557],[139.33459,36.38529],[139.33476,36.38445],[139.33419,36.38444],[139.33341,36.38468],[139.33299,36.38416],[139.333,36.38381],[139.3333,36.38332],[139.33384,36.38305],[139.33324,36.38231],[139.33288,36.38232],[139.33273,36.38208],[139.33239,36.38215],[139.33219,36.38172],[139.33196,36.38173],[139.33079,36.38029],[139.32962,36.37933],[139.32822,36.37919],[139.3272,36.37859],[139.32599,36.37744],[139.32584,36.37701],[139.32591,36.37494],[139.32408,36.37487],[139.32269,36.37508],[139.32191,36.37559],[139.32035,36.37592],[139.32,36.37625],[139.31891,36.37664],[139.31851,36.37695],[139.31701,36.37727],[139.31623,36.37706],[139.31388,36.37792],[139.31484,36.3794],[139.31495,36.38053],[139.31545,36.38135],[139.31524,36.38181],[139.31555,36.38221],[139.31601,36.38193],[139.31598,36.38245],[139.3158,36.38232],[139.31567,36.38241],[139.31605,36.38302],[139.31617,36.38363],[139.31602,36.38383],[139.31509,36.38413],[139.31494,36.38512],[139.31472,36.38521],[139.31447,36.38585],[139.31448,36.38612],[139.31475,36.38608],[139.31473,36.3863],[139.31428,36.38627],[139.31427,36.38675],[139.3145,36.38728],[139.31501,36.38776],[139.31475,36.38811],[139.31491,36.38841],[139.31473,36.38847],[139.31541,36.38953],[139.31586,36.38978],[139.31665,36.38972],[139.31674,36.38951]]]},"properties":{"key":"10203034003","name":"広沢町三丁目","pref":"群馬県","prefCode":"10","municipality":"桐生市","areaM2":1942787.699,"population":2365,"toponymIds":["10-d7f184d5c2","10-07be8cf6e1","10-d7d46348de","10-be515adca0","10-68caa5a331","10-e83328e3f0","10-3d98321fd7","10-1b7538f88d","10-a2d44ea04b","10-374d87d1e8","10-cd18608fd4"]}},{"type":"Feature","geometry":{"type":"Polygon","coordinates":[[[139.33435,36.38895],[139.33596,36.38802],[139.33693,36.38783],[139.33715,36.38802],[139.33749,36.38794],[139.33846,36.38724],[139.33869,36.38755],[139.33893,36.38753],[139.34091,36.38552],[139.34443,36.38786],[139.34563,36.38541],[139.34674,36.38397],[139.34565,36.38325],[139.34603,36.38292],[139.34572,36.38271],[139.3452,36.38293],[139.34488,36.38266],[139.34312,36.38367],[139.34228,36.38349],[139.34238,36.38291],[139.34255,36.38292],[139.34294,36.3819],[139.34289,36.3809],[139.34263,36.38074],[139.34226,36.38093],[139.34079,36.37954],[139.33935,36.37898],[139.33891,36.37836],[139.33861,36.37848],[139.33837,36.37834],[139.33788,36.37735],[139.33796,36.37695],[139.33479,36.37384],[139.3344,36.37238],[139.33448,36.3709],[139.33381,36.3696],[139.3335,36.36932],[139.33363,36.36894],[139.33294,36.36892],[139.3319,36.36931],[139.33115,36.369],[139.33078,36.369],[139.33001,36.37021],[139.32867,36.37103],[139.32861,36.37311],[139.32784,36.37362],[139.32776,36.37459],[139.32591,36.37494],[139.32585,36.37712],[139.32599,36.37744],[139.32726,36.37864],[139.32847,36.37929],[139.32962,36.37933],[139.33079,36.38029],[139.33196,36.38173],[139.33219,36.38172],[139.33239,36.38215],[139.33273,36.38208],[139.33288,36.38232],[139.33324,36.38231],[139.33384,36.38305],[139.33312,36.38348],[139.33296,36.38408],[139.33341,36.38468],[139.33419,36.38444],[139.33476,36.38445],[139.33459,36.38529],[139.33418,36.38574],[139.33422,36.38636],[139.33394,36.3879],[139.33414,36.38893],[139.33435,36.38895]]]},"properties":{"key":"10203034004","name":"広沢町四丁目","pref":"群馬県","prefCode":"10","municipality":"桐生市","areaM2":1717794.01,"population":1920,"toponymIds":["10-10a605b6e5","10-50dd70cf8a","10-f06b3e627b","10-a9f0e58c58","10-e0c9ed7e4d","10-4c1f42958d","10-e729c4a7f8","10-d7d9f1e3ce","10-6157f34261","10-79694deb8d"]}},{"type":"Feature","geometry":{"type":"Polygon","coordinates":[[[139.3478,36.38281],[139.35046,36.38054],[139.35122,36.38029],[139.35065,36.37967],[139.35109,36.37742],[139.3506,36.37671],[139.35062,36.37642],[139.35036,36.37605],[139.35072,36.37549],[139.3503,36.3757],[139.351,36.3745],[139.3504,36.37415],[139.34938,36.375],[139.34809,36.37443],[139.34695,36.37364],[139.34796,36.37306],[139.34852,36.37295],[139.34815,36.37271],[139.34899,36.37155],[139.34807,36.37048],[139.3495,36.37042],[139.34947,36.37028],[139.34846,36.36933],[139.347,36.36892],[139.34646,36.36717],[139.34538,36.36671],[139.34472,36.36601],[139.34323,36.36581],[139.34239,36.3653],[139.34153,36.36527],[139.34099,36.36544],[139.33968,36.36442],[139.33717,36.36462],[139.33682,36.3658],[139.33618,36.3668],[139.33597,36.36798],[139.33644,36.36846],[139.33554,36.36941],[139.33472,36.36942],[139.33411,36.36887],[139.33363,36.36894],[139.33347,36.36923],[139.33381,36.3696],[139.33448,36.3709],[139.3344,36.37238],[139.33479,36.37384],[139.33796,36.37695],[139.33788,36.37735],[139.33837,36.37834],[139.33861,36.37848],[139.33891,36.37836],[139.33935,36.37898],[139.34079,36.37954],[139.34226,36.38093],[139.34263,36.38074],[139.34289,36.3809],[139.34294,36.3819],[139.34255,36.38292],[139.34238,36.38291],[139.34228,36.38349],[139.34312,36.38367],[139.34488,36.38266],[139.3452,36.38293],[139.34572,36.38271],[139.34603,36.38292],[139.34565,36.38325],[139.34674,36.38397],[139.3478,36.38281]]]},"properties":{"key":"10203034005","name":"広沢町五丁目","pref":"群馬県","prefCode":"10","municipality":"桐生市","areaM2":2039162.769,"population":2648,"toponymIds":["10-7d16d084d4","10-bee948dbe4","10-ea3f77a3f5","10-c9cae38ee8","10-93216ad648","10-7118c8376d","10-fd0bbad8de","10-cda7a56270","10-e1958cfe5c","10-363566a3aa","10-3067e1d3c0","10-63bb960c36","10-44ea0b79a7","10-6b31f5cea5","10-67de830167","10-2587ffbfb1"]}},{"type":"Feature","geometry":{"type":"Polygon","coordinates":[[[139.359,36.37553],[139.36223,36.37147],[139.36309,36.37065],[139.36231,36.3697],[139.36171,36.37016],[139.36022,36.36938],[139.35975,36.36995],[139.35902,36.36955],[139.3603,36.36801],[139.36062,36.36814],[139.36109,36.36808],[139.36184,36.36754],[139.36233,36.36702],[139.36235,36.36664],[139.3614,36.36657],[139.36058,36.36534],[139.3595,36.36503],[139.35914,36.36467],[139.35794,36.36411],[139.35772,36.36352],[139.35674,36.36298],[139.35562,36.36143],[139.35497,36.36103],[139.35498,36.36017],[139.3545,36.3597],[139.35429,36.35914],[139.35366,36.35945],[139.35261,36.35963],[139.35163,36.3593],[139.35072,36.35845],[139.34987,36.3596],[139.34973,36.36012],[139.34917,36.36029],[139.34877,36.36033],[139.34835,36.36007],[139.34792,36.36025],[139.34713,36.36023],[139.34602,36.36056],[139.34503,36.36022],[139.34443,36.36077],[139.34302,36.3609],[139.34148,36.36049],[139.3412,36.36077],[139.34115,36.36146],[139.34135,36.36184],[139.34117,36.36306],[139.34009,36.36333],[139.33968,36.36442],[139.34099,36.36544],[139.34153,36.36527],[139.34239,36.3653],[139.34323,36.36581],[139.34472,36.36601],[139.34538,36.36671],[139.34646,36.36717],[139.347,36.36892],[139.34846,36.36933],[139.34947,36.37028],[139.3495,36.37042],[139.34807,36.37048],[139.34899,36.37155],[139.34815,36.37271],[139.34852,36.37295],[139.34796,36.37306],[139.34695,36.37364],[139.34809,36.37443],[139.34938,36.375],[139.3504,36.37415],[139.351,36.3745],[139.3503,36.3757],[139.35072,36.37549],[139.35036,36.37605],[139.35062,36.37642],[139.3506,36.37671],[139.35109,36.37742],[139.35065,36.37967],[139.35122,36.38029],[139.35257,36.38011],[139.35366,36.37965],[139.35475,36.37871],[139.35702,36.37729],[139.359,36.37553]]]},"properties":{"key":"10203034006","name":"広沢町六丁目","pref":"群馬県","prefCode":"10","municipality":"桐生市","areaM2":2455749.776,"population":2505,"toponymIds":["10-1ca65b9447","10-f5665d4240","10-5a06326047","10-775a5b27fa","10-09594f9e76","10-385285a660","10-24e42da267","10-f0954c2e6c","10-d82d4800db","10-4da88e18bb","10-60e1cab59c","10-8d8e3582de","10-21af7b1f45","10-bfc7b1292e","10-15e3544f74","10-d779992f02","10-3ebb9db3a1","10-7e2a0d5644","10-8ca64221cf","10-109670452f","10-7915ad6cd8"]}},{"type":"Feature","geometry":{"type":"Polygon","coordinates":[[[139.36347,36.37039],[139.36584,36.36918],[139.36711,36.36874],[139.36759,36.36801],[139.36955,36.36692],[139.3706,36.3659],[139.36883,36.36335],[139.36795,36.36348],[139.36757,36.36337],[139.36805,36.36268],[139.36737,36.363],[139.36679,36.36292],[139.36546,36.36349],[139.36566,36.3633],[139.36511,36.36308],[139.36539,36.36295],[139.36523,36.36277],[139.36482,36.36272],[139.36503,36.36221],[139.36432,36.36181],[139.36396,36.36209],[139.36406,36.36167],[139.3639,36.36163],[139.36353,36.36286],[139.36366,36.36288],[139.36326,36.36297],[139.36204,36.36395],[139.36181,36.36384],[139.36093,36.36429],[139.36039,36.3643],[139.36026,36.36417],[139.3604,36.36456],[139.36004,36.36435],[139.35983,36.36455],[139.35961,36.36434],[139.35944,36.3646],[139.35772,36.36352],[139.35794,36.36411],[139.35914,36.36467],[139.3595,36.36503],[139.36058,36.36534],[139.3614,36.36657],[139.36235,36.36664],[139.36233,36.36702],[139.36184,36.36754],[139.36109,36.36808],[139.36062,36.36814],[139.3603,36.36801],[139.35902,36.36955],[139.35975,36.36995],[139.36022,36.36938],[139.36171,36.37016],[139.36231,36.3697],[139.36309,36.37065],[139.36347,36.37039]]]},"properties":{"key":"10203034007","name":"広沢町七丁目","pref":"群馬県","prefCode":"10","municipality":"桐生市","areaM2":550974.146,"population":432,"toponymIds":["10-40bb3ec75e","10-f3cb673c97","10-d4bad9a0fa","10-a4d3dd9e3d"]}},{"type":"Feature","geometry":{"type":"Polygon","coordinates":[[[139.3517,36.4235],[139.34997,36.42041],[139.34977,36.41973],[139.34902,36.42005],[139.34815,36.41994],[139.34819,36.4198],[139.34639,36.42027],[139.34734,36.42154],[139.34794,36.42178],[139.34817,36.42228],[139.34869,36.42278],[139.34995,36.4234],[139.35034,36.42436],[139.35195,36.42387],[139.3517,36.4235]]]},"properties":{"key":"10203029001","name":"東久方町一丁目","pref":"群馬県","prefCode":"10","municipality":"桐生市","areaM2":114889.255,"population":383,"toponymIds":["10-f58bb9c628","10-c9da2b4774","10-e2e4e8a893","10-786c899b6f","10-5b28cb49a0"]}},{"type":"Feature","geometry":{"type":"Polygon","coordinates":[[[139.36021,36.46833],[139.36071,36.46828],[139.36191,36.46673],[139.36308,36.46614],[139.36342,36.46577],[139.36657,36.46484],[139.36683,36.46406],[139.36657,36.46274],[139.3674,36.46168],[139.36812,36.45892],[139.36922,36.45749],[139.37103,36.45745],[139.3716,36.45616],[139.37248,36.45554],[139.37174,36.45469],[139.37107,36.45426],[139.37107,36.45368],[139.37046,36.45292],[139.37037,36.45202],[139.37099,36.45215],[139.37045,36.45157],[139.37051,36.45134],[139.37075,36.45131],[139.36954,36.44994],[139.36843,36.4493],[139.36717,36.44747],[139.36685,36.44608],[139.36753,36.44359],[139.36747,36.44328],[139.36641,36.4419],[139.36486,36.44068],[139.3632,36.44017],[139.3625,36.43973],[139.36214,36.43919],[139.36182,36.4378],[139.36052,36.4368],[139.35973,36.43538],[139.35893,36.43468],[139.35784,36.43308],[139.35622,36.4314],[139.35592,36.43176],[139.35503,36.43152],[139.35436,36.43113],[139.35315,36.43157],[139.35218,36.43173],[139.35189,36.43126],[139.35082,36.43099],[139.35005,36.43206],[139.35006,36.43258],[139.3505,36.43274],[139.35047,36.43306],[139.34996,36.43331],[139.34967,36.43421],[139.35013,36.43464],[139.35065,36.43452],[139.35103,36.4348],[139.35008,36.43558],[139.34963,36.43687],[139.34927,36.43706],[139.34879,36.43762],[139.34758,36.43806],[139.34682,36.4387],[139.34537,36.43896],[139.34425,36.43864],[139.343,36.43911],[139.34121,36.43914],[139.34071,36.4402],[139.341,36.44076],[139.34098,36.4419],[139.34131,36.44262],[139.34165,36.4428],[139.34192,36.44351],[139.34227,36.44367],[139.34261,36.44434],[139.34334,36.44511],[139.34358,36.44664],[139.34428,36.44697],[139.34418,36.44738],[139.34443,36.44822],[139.34431,36.44856],[139.34521,36.44955],[139.34601,36.44975],[139.34631,36.45003],[139.3464,36.45085],[139.34507,36.45233],[139.34493,36.45414],[139.3454,36.45483],[139.34637,36.45559],[139.34737,36.45579],[139.34803,36.45621],[139.34921,36.45663],[139.34955,36.45734],[139.35029,36.45796],[139.35047,36.45863],[139.35165,36.45987],[139.35123,36.46111],[139.35124,36.46279],[139.35077,36.4634],[139.35039,36.46363],[139.35044,36.46428],[139.35212,36.46476],[139.35301,36.46426],[139.35423,36.46504],[139.35511,36.46538],[139.35587,36.46679],[139.35665,36.4672],[139.35691,36.46751],[139.35699,36.46793],[139.35754,36.46791],[139.35858,36.4683],[139.36021,36.46833]]]},"properties":{"key":"10203035001","name":"梅田町一丁目","pref":"群馬県","prefCode":"10","municipality":"桐生市","areaM2":6627846.315,"population":1775,"toponymIds":["10-e8078ea008","10-e7d061ba5c","10-bea20ede07","10-2b7f5240b4","10-b201d10b5f","10-fe430de1e8","10-5f290392e6","10-b0da0eb9b9","10-ffc9f6e0e0","10-add0f553c3","10-7986bc268f","10-c7d00f20d1","10-8d7e9045b5","10-9b91feed61","10-df1a7e5fa6","10-ca95be9699","10-486602f2b8","10-0c10491abe","10-bba7d40297","10-19baed83c7","10-e533f3ad9e","10-0e2b3d77fa","10-25fa646762","10-a445e6d0e1","10-fd9e10f153","10-0d8fef66c8","10-a0d59f4ba6","10-af71a9de60","10-d039973df2","10-505f1765f8","10-7aab73174e","10-e289028407","10-87a68e03ca","10-d3620eed3c","10-2190dd6ca7","10-168f0b82f6","10-2af682196e","10-8926676f1c","10-e521b12476"]}},{"type":"Feature","geometry":{"type":"Polygon","coordinates":[[[139.38296,36.46088],[139.3836,36.4611],[139.38415,36.46107],[139.38528,36.46047],[139.38576,36.46084],[139.38688,36.45984],[139.38562,36.45729],[139.38377,36.45576],[139.38359,36.4552],[139.38386,36.45444],[139.38379,36.45426],[139.38272,36.45359],[139.38213,36.45281],[139.38199,36.45228],[139.38212,36.45135],[139.38195,36.45067],[139.38043,36.44993],[139.37965,36.44927],[139.37889,36.44902],[139.37816,36.44958],[139.3766,36.45028],[139.37322,36.45083],[139.37122,36.45141],[139.37051,36.45134],[139.37045,36.45157],[139.37099,36.45215],[139.37037,36.45202],[139.37046,36.45292],[139.37107,36.45368],[139.37107,36.45426],[139.37174,36.45469],[139.37248,36.45554],[139.37324,36.45564],[139.37562,36.45404],[139.37685,36.4537],[139.37702,36.45277],[139.37685,36.45264],[139.37703,36.45244],[139.37701,36.45219],[139.37721,36.45209],[139.37716,36.4519],[139.37753,36.45175],[139.37878,36.4519],[139.38023,36.45429],[139.37957,36.45561],[139.37959,36.45623],[139.37922,36.4573],[139.37948,36.45831],[139.37957,36.45984],[139.38053,36.4606],[139.38093,36.46223],[139.38213,36.46124],[139.38296,36.46088]]]},"properties":{"key":"10203035002","name":"梅田町二丁目","pref":"群馬県","prefCode":"10","municipality":"桐生市","areaM2":808594.052,"population":499,"toponymIds":["10-e52b0d7049","10-e91bdddd79","10-fc8189f016"]}},{"type":"Feature","geometry":{"type":"Polygon","coordinates":[[[139.37898,36.52116],[139.37926,36.52101],[139.37999,36.52118],[139.38089,36.52092],[139.38139,36.52113],[139.38263,36.52079],[139.38344,36.52024],[139.38469,36.51976],[139.38431,36.51892],[139.38477,36.51848],[139.38523,36.51831],[139.38498,36.51683],[139.38449,36.51571],[139.38453,36.51513],[139.38488,36.51477],[139.38469,36.5136],[139.38422,36.5131],[139.38445,36.51248],[139.38394,36.51156],[139.38407,36.5085],[139.38378,36.50814],[139.38396,36.50779],[139.3838,36.50702],[139.38435,36.50504],[139.38402,36.50367],[139.38431,36.50296],[139.38448,36.50146],[139.38537,36.50126],[139.38572,36.50096],[139.38561,36.49843],[139.38521,36.49649],[139.38525,36.49553],[139.38571,36.49489],[139.38537,36.49463],[139.38527,36.4938],[139.3847,36.4926],[139.38503,36.49237],[139.3855,36.49152],[139.38589,36.48992],[139.38583,36.48932],[139.38608,36.48845],[139.3863,36.48822],[139.38619,36.48747],[139.38492,36.48696],[139.38482,36.48648],[139.38502,36.48514],[139.38262,36.48152],[139.38229,36.48086],[139.3821,36.47998],[139.38136,36.47944],[139.38107,36.4787],[139.38026,36.47782],[139.37974,36.47689],[139.37881,36.47622],[139.37824,36.47541],[139.37821,36.47431],[139.37862,36.4735],[139.37948,36.4724],[139.37955,36.47133],[139.37889,36.47035],[139.37933,36.46953],[139.37942,36.46809],[139.38011,36.46728],[139.38126,36.46668],[139.38114,36.46571],[139.38182,36.46357],[139.3808,36.46193],[139.38053,36.4606],[139.37972,36.46004],[139.37951,36.45965],[139.37948,36.45831],[139.37922,36.4573],[139.37959,36.45623],[139.37957,36.45561],[139.38023,36.45429],[139.37878,36.4519],[139.37753,36.45175],[139.37716,36.4519],[139.37721,36.45209],[139.37701,36.45219],[139.37703,36.45244],[139.37685,36.45264],[139.37702,36.45277],[139.37699,36.45333],[139.37678,36.45375],[139.37562,36.45404],[139.37336,36.45562],[139.37257,36.45553],[139.3722,36.45566],[139.3716,36.45616],[139.37103,36.45745],[139.36922,36.45749],[139.36803,36.45907],[139.3674,36.46168],[139.36657,36.46274],[139.36683,36.46406],[139.36649,36.46491],[139.36443,36.46538],[139.36342,36.46577],[139.36308,36.46614],[139.36191,36.46673],[139.36071,36.46828],[139.35858,36.4683],[139.35754,36.46791],[139.35699,36.46793],[139.35689,36.47049],[139.35716,36.47381],[139.35707,36.47417],[139.35648,36.47498],[139.35709,36.47602],[139.35984,36.47859],[139.36199,36.4814],[139.36202,36.48205],[139.3616,36.48313],[139.36254,36.48417],[139.36331,36.48598],[139.36264,36.4873],[139.36154,36.48809],[139.36089,36.48914],[139.36136,36.49028],[139.3609,36.49083],[139.36068,36.49249],[139.36113,36.49303],[139.36116,36.49434],[139.36053,36.49678],[139.36073,36.49704],[139.36067,36.49788],[139.36004,36.49845],[139.35992,36.49915],[139.35951,36.49997],[139.35924,36.50027],[139.35892,36.5002],[139.35874,36.50138],[139.35895,36.50199],[139.35869,36.50262],[139.35875,36.50323],[139.35848,36.5039],[139.35794,36.50463],[139.35784,36.50564],[139.35803,36.50611],[139.35752,36.50679],[139.35776,36.50783],[139.35901,36.50935],[139.35921,36.51026],[139.35969,36.51072],[139.3597,36.51117],[139.35992,36.51152],[139.35964,36.51216],[139.36084,36.51262],[139.36144,36.51317],[139.36174,36.51384],[139.36219,36.51392],[139.36296,36.5144],[139.36434,36.51441],[139.36585,36.51382],[139.36622,36.51396],[139.36682,36.51455],[139.36815,36.51506],[139.36839,36.51572],[139.36955,36.51567],[139.37003,36.51533],[139.3708,36.5157],[139.37149,36.51573],[139.37202,36.51509],[139.37297,36.51551],[139.37387,36.51535],[139.37474,36.51548],[139.37536,36.51484],[139.37619,36.51531],[139.3761,36.51573],[139.37641,36.5161],[139.37634,36.51661],[139.37672,36.51687],[139.37668,36.51772],[139.37708,36.51806],[139.37735,36.519],[139.377,36.51948],[139.37697,36.51982],[139.37818,36.52113],[139.37898,36.52116]]]},"properties":{"key":"10203035003","name":"梅田町三丁目","pref":"群馬県","prefCode":"10","municipality":"桐生市","areaM2":13281196.445,"population":273,"toponymIds":["10-ec95399f7f","10-a919df6d07","10-b3f705681a","10-9b77eccd89","10-78620785ea","10-54d381e051","10-5b4dc860c1","10-71cb391309","10-d21a09e1ea","10-aad2e34028","10-9a1443a893","10-b2c0077412","10-dc4952130e","10-c5a592d876","10-1e18f3ec6a","10-17dae9a4ff","10-b2b36cc2dc","10-67f7c9e43f","10-3949a6cb54","10-6c0d545449","10-c434780679","10-47436d64c1","10-af412106ac","10-02b03339f6","10-e27f880dac","10-e67d1fe04d","10-9aba957ac3","10-6fa766d0de","10-8955c00d7b","10-185ea66e78","10-cedafa7d75","10-aed92335e2","10-f67ac8efa4","10-5455f74855","10-7f5abc4fbf","10-ce74719c80","10-e678367fa7","10-94a9f09b5f","10-0c845f35c3","10-d9018c5997","10-e73992d757","10-07d05789f7","10-ebc7660025","10-ac566fde44","10-ac9e975e28","10-98454ddd08","10-940dcec56f"]}},{"type":"Feature","geometry":{"type":"Polygon","coordinates":[[[139.39309,36.52542],[139.3945,36.52537],[139.39545,36.52572],[139.39666,36.52587],[139.39815,36.52523],[139.40011,36.52495],[139.40137,36.52413],[139.40159,36.52374],[139.40181,36.52276],[139.40225,36.52195],[139.40167,36.52075],[139.40198,36.51995],[139.4018,36.51947],[139.40195,36.51849],[139.40144,36.51697],[139.40095,36.51607],[139.39943,36.51447],[139.39923,36.51394],[139.39938,36.51307],[139.3988,36.51118],[139.39891,36.50912],[139.3992,36.50852],[139.39896,36.50782],[139.39915,36.50702],[139.3995,36.5065],[139.39771,36.50501],[139.39708,36.50426],[139.39723,36.50351],[139.39709,36.50302],[139.3975,36.50229],[139.39743,36.5018],[139.39816,36.5011],[139.3984,36.50019],[139.39888,36.49987],[139.39965,36.4988],[139.3998,36.49745],[139.39957,36.49617],[139.39884,36.4953],[139.39801,36.49486],[139.39765,36.49399],[139.3982,36.49287],[139.39816,36.49173],[139.39867,36.49055],[139.39947,36.48933],[139.39998,36.48903],[139.40013,36.48863],[139.40118,36.48822],[139.40185,36.48763],[139.4023,36.48756],[139.4029,36.48639],[139.40396,36.48637],[139.40532,36.48576],[139.4056,36.48506],[139.40566,36.4841],[139.40708,36.48347],[139.40777,36.4821],[139.40891,36.48181],[139.40935,36.48144],[139.41066,36.48175],[139.41207,36.48172],[139.41132,36.48086],[139.4112,36.47985],[139.41047,36.47898],[139.41,36.47766],[139.41228,36.4769],[139.41155,36.47533],[139.41173,36.47513],[139.41237,36.47532],[139.41417,36.47521],[139.41665,36.47583],[139.41719,36.47718],[139.41773,36.47726],[139.41943,36.47831],[139.4201,36.47853],[139.42086,36.47927],[139.4216,36.47954],[139.42294,36.47962],[139.42443,36.4801],[139.42492,36.48145],[139.42506,36.48264],[139.42637,36.484],[139.42724,36.48372],[139.42759,36.48335],[139.42969,36.48233],[139.42995,36.47959],[139.4296,36.47847],[139.43065,36.47811],[139.43068,36.47788],[139.4304,36.47746],[139.43062,36.47643],[139.43114,36.47591],[139.43093,36.47535],[139.43103,36.47494],[139.43036,36.47444],[139.4313,36.47393],[139.43144,36.4734],[139.43138,36.47272],[139.43161,36.47225],[139.43156,36.472],[139.43086,36.47155],[139.43151,36.47118],[139.43207,36.47134],[139.43317,36.47252],[139.43403,36.47279],[139.43524,36.47433],[139.43571,36.47442],[139.43585,36.47463],[139.4378,36.47468],[139.43718,36.47259],[139.43717,36.47173],[139.4374,36.47132],[139.4371,36.47086],[139.43716,36.47],[139.43673,36.46942],[139.43687,36.46874],[139.43645,36.46831],[139.43667,36.46704],[139.4362,36.46588],[139.4356,36.46558],[139.43546,36.46528],[139.4353,36.46419],[139.43377,36.46386],[139.43264,36.46393],[139.4315,36.46263],[139.43056,36.46251],[139.43025,36.46201],[139.42941,36.46134],[139.4296,36.46093],[139.43046,36.46074],[139.43085,36.46013],[139.43092,36.45995],[139.43049,36.45877],[139.4311,36.4581],[139.43044,36.45829],[139.42897,36.45925],[139.42691,36.45908],[139.42594,36.45944],[139.42468,36.45924],[139.42247,36.45743],[139.4214,36.45696],[139.42081,36.45696],[139.41981,36.45752],[139.41801,36.45896],[139.41797,36.45935],[139.41816,36.4599],[139.41797,36.46071],[139.41486,36.46193],[139.41443,36.4618],[139.41367,36.46093],[139.41214,36.45986],[139.41153,36.45891],[139.41094,36.4584],[139.4091,36.45813],[139.40739,36.45835],[139.40716,36.4585],[139.40718,36.459],[139.40628,36.45979],[139.40615,36.46063],[139.4056,36.46073],[139.40526,36.4611],[139.40422,36.46111],[139.40353,36.46163],[139.40307,36.46141],[139.40278,36.46146],[139.40233,36.46196],[139.40114,36.46183],[139.40046,36.46236],[139.40019,36.46225],[139.39998,36.46187],[139.39796,36.46218],[139.39779,36.46287],[139.39653,36.46331],[139.39631,36.46407],[139.39503,36.46421],[139.39425,36.46392],[139.39345,36.46243],[139.39251,36.46196],[139.39158,36.46204],[139.39022,36.46159],[139.38747,36.46036],[139.38688,36.45984],[139.38579,36.46083],[139.38528,36.46047],[139.38415,36.46107],[139.3836,36.4611],[139.38296,36.46088],[139.38213,36.46124],[139.38093,36.46223],[139.38182,36.46357],[139.38114,36.46571],[139.38126,36.46668],[139.38011,36.46728],[139.37942,36.46809],[139.37933,36.46953],[139.37889,36.47035],[139.37955,36.47133],[139.37948,36.4724],[139.37862,36.4735],[139.37821,36.47431],[139.37824,36.47541],[139.37881,36.47622],[139.37974,36.47689],[139.38026,36.47782],[139.38107,36.4787],[139.38136,36.47944],[139.3821,36.47998],[139.38229,36.48086],[139.38262,36.48152],[139.38502,36.48514],[139.38482,36.48648],[139.38492,36.48696],[139.38619,36.48747],[139.3863,36.48822],[139.38608,36.48845],[139.38583,36.48932],[139.38589,36.48992],[139.3855,36.49152],[139.38503,36.49237],[139.3847,36.4926],[139.38527,36.4938],[139.38537,36.49463],[139.38571,36.49489],[139.38525,36.49553],[139.38521,36.49649],[139.38561,36.49843],[139.38572,36.50096],[139.38537,36.50126],[139.38448,36.50146],[139.38431,36.50296],[139.38402,36.50353],[139.38435,36.50504],[139.3838,36.50702],[139.38396,36.50779],[139.38378,36.50814],[139.38407,36.5085],[139.38393,36.51147],[139.38445,36.51248],[139.38422,36.5131],[139.38469,36.5136],[139.38488,36.51477],[139.38453,36.51513],[139.38449,36.51571],[139.38498,36.51683],[139.38524,36.51794],[139.38523,36.51831],[139.38458,36.51861],[139.3843,36.51914],[139.38516,36.5203],[139.3851,36.52197],[139.3855,36.52295],[139.38589,36.52345],[139.38579,36.52413],[139.38611,36.52446],[139.38614,36.52488],[139.38661,36.52508],[139.38756,36.52452],[139.38815,36.52441],[139.39,36.52489],[139.39065,36.52488],[139.39162,36.52544],[139.39227,36.52613],[139.39309,36.52542]]]},"properties":{"key":"10203035004","name":"梅田町四丁目","pref":"群馬県","prefCode":"10","municipality":"桐生市","areaM2":17364486.463,"population":597,"toponymIds":["10-02a57d69bf","10-a8118fd5e0","10-fd5657484c","10-49af72a81c","10-3a1a0430cc","10-529c4dce78","10-a020ca8070","10-357fb869d5","10-d03b5bab0e","10-a158eea1d3","10-e0f41ccdae","10-dcf6447355","10-403c9ccb64","10-39622675f5","10-873543d62c","10-999570ba3e","10-949a930bc9","10-efb546d6c9","10-ba554c0db5","10-4b84058d14","10-77edfdde6b","10-dd9e38b1e5","10-75a1e89b85","10-5055a968ad","10-34f410f32f","10-74c7c048f8","10-96549c4ef8","10-a37171f7ca","10-cef445b58f","10-7c6cadad80","10-d9ea9fb5ef","10-8ac3177e94","10-b13d4597d1","10-4fb823bcd5","10-2763be04b3","10-1e531061d9","10-6fa0ced066","10-091a2ebb84","10-98b87dbb6b","10-dc9e3f5917","10-76d71b4104","10-6a5915d5b0","10-a0fb81d249","10-657a394874","10-f27a162cc5","10-56fd0c253f","10-94f2226fe9","10-153d3bfb70","10-ad955ad196","10-3938d9e343","10-df8bab0fa1","10-d9c3121912","10-65a1825d4c","10-3968ce5f00","10-3ec478a084","10-aae11cd683","10-30b05bdf74","10-c0a2627e27","10-89fb3e662b","10-83f631c3a4","10-9826943a23","10-316180cb6f","10-36a6f43c71","10-351dc7e28d","10-b8b8a5e1af","10-f4f7cf42f5","10-86978f36e3","10-ba32f14311","10-847ea9334a","10-ad35768304","10-616a2f5b86","10-691cc5f3a3","10-53740c4152","10-76612eb593","10-2a423a24bf","10-1b791dee95","10-70fc1d5044","10-cf4f46aaf7","10-1024d69910","10-4f95b90cf2","10-c6fd0ff6cd","10-3e6e3a28af","10-165f8c6d18","10-63d9a331ec","10-feee0dc70f","10-1f4033f95c","10-eff427b1df","10-6a4706d806","10-dd51fab344","10-72099ab6ed","10-ce19dfd308","10-ad33e9287d","10-572e3cd701","10-ab0a32e9bf","10-269e87eaa4","10-42c7df905d","10-493114965c","10-51ca45a6bf","10-4f9ff127c9","10-c7592692ab","10-dbda633795","10-2e1f58c614","10-fa7fcce2e4","10-06ad438117","10-98c544546b","10-3f30667fb2","10-899f778f66","10-fadf481e2f","10-e743c9c912"]}},{"type":"Feature","geometry":{"type":"Polygon","coordinates":[[[139.44009,36.55667],[139.44102,36.55657],[139.44206,36.55617],[139.44269,36.5562],[139.44294,36.5558],[139.44401,36.55529],[139.44425,36.55495],[139.44511,36.55448],[139.44573,36.55379],[139.44614,36.5536],[139.44612,36.55326],[139.44727,36.55276],[139.44781,36.5523],[139.44792,36.55201],[139.44654,36.55153],[139.44522,36.55132],[139.4441,36.55195],[139.44383,36.5525],[139.44299,36.55259],[139.44284,36.55227],[139.44243,36.55237],[139.44182,36.5522],[139.43918,36.551],[139.439,36.55022],[139.43861,36.54967],[139.43851,36.54919],[139.4379,36.54835],[139.43832,36.54786],[139.43842,36.54652],[139.43819,36.54575],[139.43823,36.54493],[139.43746,36.54441],[139.43772,36.54407],[139.43756,36.54293],[139.43734,36.54242],[139.43676,36.54203],[139.43695,36.54168],[139.43684,36.54148],[139.43694,36.54114],[139.43825,36.54063],[139.43797,36.54029],[139.43663,36.54012],[139.43663,36.53991],[139.43619,36.53934],[139.43647,36.53883],[139.43622,36.53826],[139.43701,36.53792],[139.43708,36.53764],[139.43678,36.53726],[139.43681,36.53698],[139.43747,36.53652],[139.43768,36.536],[139.43722,36.53494],[139.43691,36.5347],[139.43661,36.53381],[139.43611,36.53363],[139.43513,36.53369],[139.43471,36.53379],[139.43431,36.53412],[139.43425,36.53364],[139.43463,36.53278],[139.43543,36.53257],[139.43703,36.53256],[139.43867,36.53168],[139.44091,36.5318],[139.44201,36.5315],[139.44266,36.53157],[139.44108,36.53019],[139.44158,36.52961],[139.442,36.52939],[139.44143,36.5283],[139.4408,36.52783],[139.44005,36.5261],[139.43997,36.52541],[139.43979,36.5253],[139.43896,36.52542],[139.4377,36.52511],[139.43701,36.52399],[139.437,36.52357],[139.4363,36.52374],[139.4356,36.52335],[139.43449,36.52226],[139.43477,36.52167],[139.43468,36.52116],[139.43484,36.52038],[139.43416,36.51903],[139.43429,36.51871],[139.43342,36.51845],[139.43242,36.5187],[139.4327,36.51799],[139.43265,36.51705],[139.43136,36.5172],[139.43169,36.5158],[139.4311,36.51412],[139.43043,36.51355],[139.43021,36.5131],[139.42843,36.51237],[139.427,36.51061],[139.42581,36.51041],[139.4252,36.51013],[139.42464,36.51033],[139.4239,36.51013],[139.42359,36.50994],[139.42328,36.50941],[139.42142,36.50896],[139.42189,36.50828],[139.42312,36.50776],[139.4238,36.50701],[139.42393,36.50661],[139.42258,36.50425],[139.42098,36.50333],[139.41882,36.50241],[139.41944,36.50162],[139.4191,36.50105],[139.41954,36.50046],[139.41893,36.49895],[139.41816,36.49778],[139.4181,36.49742],[139.41838,36.49686],[139.41812,36.49549],[139.41773,36.49487],[139.41923,36.49478],[139.4198,36.49397],[139.42012,36.49383],[139.4213,36.49384],[139.42214,36.49368],[139.42258,36.49378],[139.4212,36.49143],[139.42102,36.49094],[139.42135,36.49048],[139.42199,36.49026],[139.42305,36.49048],[139.4251,36.49024],[139.42615,36.49031],[139.42677,36.49059],[139.42795,36.49046],[139.42779,36.4897],[139.42673,36.48721],[139.42624,36.48649],[139.4264,36.48554],[139.42578,36.48478],[139.42637,36.484],[139.42506,36.48264],[139.42492,36.48145],[139.42443,36.4801],[139.42294,36.47962],[139.4216,36.47954],[139.42086,36.47927],[139.4201,36.47853],[139.41943,36.47831],[139.41773,36.47726],[139.41719,36.47718],[139.41665,36.47583],[139.41417,36.47521],[139.41237,36.47532],[139.41173,36.47513],[139.41155,36.47533],[139.41228,36.4769],[139.41,36.47766],[139.41047,36.47898],[139.4112,36.47985],[139.41132,36.48086],[139.41207,36.48172],[139.41066,36.48175],[139.40935,36.48144],[139.40891,36.48181],[139.40777,36.4821],[139.40708,36.48347],[139.40566,36.4841],[139.4056,36.48506],[139.40532,36.48576],[139.40396,36.48637],[139.4029,36.48639],[139.4023,36.48756],[139.40185,36.48763],[139.40118,36.48822],[139.40013,36.48863],[139.39998,36.48903],[139.39947,36.48933],[139.39867,36.49055],[139.39816,36.49173],[139.3982,36.49287],[139.39765,36.49399],[139.39801,36.49486],[139.39884,36.4953],[139.39957,36.49617],[139.3998,36.49745],[139.39965,36.4988],[139.39888,36.49987],[139.3984,36.50019],[139.39816,36.5011],[139.39743,36.5018],[139.3975,36.50229],[139.39709,36.50302],[139.39723,36.50351],[139.39708,36.50426],[139.39771,36.50501],[139.3995,36.5065],[139.39915,36.50702],[139.39896,36.50782],[139.3992,36.50852],[139.39891,36.50912],[139.3988,36.51118],[139.39938,36.51307],[139.39923,36.51394],[139.39943,36.51447],[139.40095,36.51607],[139.40144,36.51697],[139.40195,36.51849],[139.4018,36.51947],[139.40198,36.51995],[139.40167,36.52075],[139.40225,36.52195],[139.40181,36.52276],[139.40159,36.52374],[139.4021,36.52388],[139.40255,36.52466],[139.4034,36.52513],[139.40371,36.52557],[139.4043,36.52535],[139.40494,36.52535],[139.40614,36.52579],[139.40719,36.52639],[139.40793,36.52658],[139.40828,36.52737],[139.40901,36.52817],[139.4102,36.52914],[139.41155,36.52995],[139.4116,36.53037],[139.4119,36.5308],[139.41319,36.53172],[139.41357,36.53275],[139.41407,36.53356],[139.41441,36.53366],[139.41483,36.5353],[139.41507,36.53558],[139.41512,36.53663],[139.41472,36.53737],[139.41524,36.53893],[139.41557,36.53936],[139.41623,36.53964],[139.41661,36.54006],[139.41758,36.54059],[139.41796,36.54067],[139.41794,36.54094],[139.41832,36.54147],[139.4187,36.54157],[139.41894,36.54227],[139.4201,36.54254],[139.42038,36.54283],[139.42185,36.54294],[139.42218,36.54371],[139.42213,36.54391],[139.42261,36.54434],[139.42325,36.54436],[139.42373,36.54556],[139.42408,36.54559],[139.42501,36.5464],[139.42518,36.54719],[139.42597,36.54733],[139.42645,36.54765],[139.42637,36.54838],[139.42691,36.5486],[139.4273,36.54917],[139.42734,36.54946],[139.42717,36.54971],[139.42748,36.55021],[139.42753,36.55063],[139.42728,36.55109],[139.42862,36.55243],[139.42981,36.55332],[139.4309,36.55346],[139.43208,36.55427],[139.43401,36.55478],[139.43489,36.5558],[139.43593,36.55591],[139.43666,36.55575],[139.43776,36.5561],[139.43862,36.55598],[139.43957,36.5562],[139.44009,36.55667]]]},"properties":{"key":"10203035005","name":"梅田町五丁目","pref":"群馬県","prefCode":"10","municipality":"桐生市","areaM2":17770915.618,"population":50,"toponymIds":["10-84751b8f33","10-00320c2235","10-4417f01757","10-4e47a87726","10-c9241734f2","10-f441780a61","10-ed9068f5a9","10-91a34c19f5","10-d6e9b19161","10-6aacca1373","10-a80d5fcddb","10-b752dabcd0","10-417138dea7","10-11a34ebea3","10-0b30b2ec25","10-348b54d17c","10-e6e260f6e8","10-66cd644b85","10-c1b0110be7","10-5c60e8d265","10-4fc56413f5","10-f9e421dd9d","10-e795cd03b5","10-f8e04cba60","10-74f3f5872d","10-f984a0b67a","10-12a4c040af","10-65adf84fe4","10-eacca8405f","10-ea19e577e0","10-effcae7d7e","10-93f259bc9e","10-f9040ffac1","10-1a9b5ee320","10-4eb53fc29e","10-55e6ea9347","10-9712b855d9","10-dee58672b1","10-6368410034","10-f0243edf83","10-45f13a2b3b","10-edc97f3799","10-d16a5e6e59","10-74bad76ecb","10-4fa5dbc424","10-7af9e92749","10-fe0d459461","10-56de1298db","10-93066a9409","10-285aa3f1e5","10-227326eb5f","10-cf265b95b4","10-9949849c41","10-6423d2a143","10-93ae9f163d","10-ae7c7b9633","10-d608d10c46","10-75f3104161","10-07913e0221","10-1067e55e55","10-103ae80a97","10-e83845df61","10-2b6d2bfad8","10-c1f52d032f","10-15257734ae","10-2bf1c1e1cc","10-61070388d8","10-49ac45de78","10-f568f26bb2","10-e83873a4ae","10-cc3cf8bf07","10-10822cc914","10-6a0776175a"]}},{"type":"Feature","geometry":{"type":"Polygon","coordinates":[[[139.34304,36.44476],[139.34261,36.44434],[139.34227,36.44367],[139.34192,36.44351],[139.34165,36.4428],[139.34131,36.44262],[139.34098,36.4419],[139.341,36.44076],[139.34071,36.4402],[139.33869,36.44014],[139.33773,36.43923],[139.33587,36.43815],[139.33526,36.43748],[139.33485,36.4367],[139.33453,36.43644],[139.33445,36.43573],[139.33389,36.43476],[139.3342,36.43374],[139.33368,36.43341],[139.33336,36.4327],[139.3318,36.43224],[139.33147,36.43178],[139.33083,36.43134],[139.33045,36.43062],[139.33012,36.43043],[139.32695,36.42914],[139.32618,36.42915],[139.3255,36.42891],[139.32496,36.42844],[139.32427,36.42823],[139.32323,36.42718],[139.32254,36.42706],[139.3219,36.42658],[139.31984,36.42631],[139.31913,36.42485],[139.31856,36.42443],[139.31856,36.42371],[139.31777,36.42301],[139.31768,36.42247],[139.31674,36.42208],[139.31571,36.42225],[139.31499,36.42183],[139.31478,36.42158],[139.3145,36.42056],[139.31346,36.41959],[139.31342,36.41887],[139.31261,36.41852],[139.31172,36.41985],[139.31125,36.42117],[139.31157,36.42116],[139.31229,36.42211],[139.31214,36.42305],[139.31161,36.42338],[139.31199,36.42423],[139.31203,36.42482],[139.31143,36.42582],[139.31198,36.42612],[139.31246,36.42704],[139.31308,36.42682],[139.31352,36.42709],[139.3137,36.42804],[139.31355,36.42833],[139.3129,36.42857],[139.3133,36.42899],[139.31327,36.42971],[139.31372,36.43035],[139.31407,36.43041],[139.31395,36.43102],[139.31413,36.43126],[139.31413,36.43171],[139.31469,36.43219],[139.3152,36.43214],[139.31557,36.43275],[139.31534,36.43302],[139.31631,36.4334],[139.31698,36.43337],[139.31732,36.43308],[139.31807,36.43321],[139.31826,36.43335],[139.31822,36.43357],[139.31855,36.43369],[139.31858,36.43406],[139.31928,36.4341],[139.31955,36.43443],[139.31984,36.4345],[139.31974,36.43508],[139.32109,36.43564],[139.3224,36.43586],[139.32348,36.43644],[139.32412,36.43703],[139.32507,36.43731],[139.3259,36.43731],[139.32634,36.43771],[139.32745,36.43779],[139.3278,36.43858],[139.32824,36.43889],[139.32839,36.43956],[139.32964,36.4402],[139.33014,36.44077],[139.33101,36.44114],[139.33151,36.44155],[139.33264,36.44136],[139.3338,36.4407],[139.33413,36.44067],[139.33489,36.44115],[139.33564,36.4421],[139.33573,36.44268],[139.33686,36.44379],[139.33777,36.44383],[139.33819,36.44414],[139.33876,36.44419],[139.33998,36.44479],[139.34107,36.44477],[139.34246,36.44507],[139.34339,36.44549],[139.34334,36.44511],[139.34304,36.44476]]]},"properties":{"key":"10203037001","name":"川内町一丁目","pref":"群馬県","prefCode":"10","municipality":"桐生市","areaM2":2414769.037,"population":1064,"toponymIds":["10-aa98f8c002","10-ddde298e28","10-77d136dac5","10-c3d37e49d7","10-25201048d1","10-dee2097bc7","10-1545960381","10-8a85b04474","10-624fe61a69","10-6dee6aee66","10-b53d4cf515"]}},{"type":"Feature","geometry":{"type":"Polygon","coordinates":[[[139.32832,36.44745],[139.32996,36.44583],[139.33164,36.44598],[139.33225,36.44548],[139.33383,36.44472],[139.3346,36.44443],[139.3354,36.44444],[139.33551,36.44411],[139.33629,36.4433],[139.33627,36.44315],[139.33573,36.44268],[139.33564,36.4421],[139.33489,36.44115],[139.33393,36.44065],[139.33264,36.44136],[139.33151,36.44155],[139.33101,36.44114],[139.33014,36.44077],[139.32964,36.4402],[139.32839,36.43956],[139.32824,36.43889],[139.3278,36.43858],[139.32745,36.43779],[139.32634,36.43771],[139.3259,36.43731],[139.32507,36.43731],[139.32412,36.43703],[139.32348,36.43644],[139.3224,36.43586],[139.32109,36.43564],[139.31974,36.43508],[139.31984,36.4345],[139.31955,36.43443],[139.31928,36.4341],[139.31858,36.43406],[139.31855,36.43369],[139.31822,36.43357],[139.31826,36.43335],[139.31807,36.43321],[139.31732,36.43308],[139.31698,36.43337],[139.31631,36.4334],[139.31534,36.43302],[139.31557,36.43275],[139.3152,36.43214],[139.31469,36.43219],[139.31413,36.43171],[139.31413,36.43126],[139.31395,36.43102],[139.31407,36.43041],[139.31372,36.43035],[139.31327,36.42971],[139.3133,36.42899],[139.3129,36.42857],[139.31355,36.42833],[139.3137,36.42804],[139.31352,36.42709],[139.31308,36.42682],[139.31246,36.42704],[139.31198,36.42612],[139.31143,36.42582],[139.31203,36.42482],[139.31199,36.42423],[139.31161,36.42338],[139.31214,36.42305],[139.31229,36.42211],[139.31157,36.42116],[139.31125,36.42117],[139.31117,36.4218],[139.31051,36.42267],[139.3067,36.42461],[139.30785,36.42567],[139.30841,36.4257],[139.30861,36.42588],[139.30818,36.42661],[139.30831,36.42727],[139.30813,36.42752],[139.30744,36.428],[139.30682,36.42814],[139.30725,36.429],[139.3069,36.42928],[139.30685,36.42954],[139.30822,36.43047],[139.30898,36.43134],[139.30923,36.431],[139.31011,36.43199],[139.31047,36.43288],[139.31183,36.43423],[139.31182,36.43523],[139.31218,36.43578],[139.31216,36.43669],[139.31287,36.4375],[139.31336,36.43892],[139.3134,36.43983],[139.31467,36.44211],[139.31565,36.44253],[139.3163,36.4433],[139.31737,36.443],[139.31836,36.44322],[139.31877,36.44304],[139.31886,36.44285],[139.31993,36.44277],[139.32047,36.44311],[139.32107,36.44385],[139.32247,36.4442],[139.32304,36.44418],[139.32344,36.4451],[139.32284,36.4461],[139.32331,36.44651],[139.3246,36.44656],[139.32566,36.44724],[139.32832,36.44745]]]},"properties":{"key":"10203037002","name":"川内町二丁目","pref":"群馬県","prefCode":"10","municipality":"桐生市","areaM2":2269587.139,"population":1902,"toponymIds":["10-0e12616ead","10-87142a8378","10-990f512229","10-a308e20154","10-2f04fc9bbb","10-0a5edadd0a","10-00c7c1e3b4","10-0e6dd1fe23","10-ab3ff20f43","10-bff235b034","10-103901d26d","10-e10103de91","10-65145f4c2c","10-708fe5e635","10-700e5e8fdb","10-9c05b7b09e","10-627f1d231a","10-af2884e4dc","10-ac8f7e8a96","10-22efff14dd"]}},{"type":"Feature","geometry":{"type":"Polygon","coordinates":[[[139.29681,36.44554],[139.29728,36.44522],[139.29783,36.44377],[139.29905,36.44263],[139.30024,36.44101],[139.30178,36.44017],[139.30219,36.43951],[139.30199,36.43898],[139.3024,36.43864],[139.30225,36.43839],[139.30372,36.43788],[139.3044,36.43731],[139.30599,36.43544],[139.30623,36.43574],[139.30663,36.43587],[139.30669,36.43608],[139.30723,36.43535],[139.30905,36.43529],[139.31039,36.43603],[139.31216,36.43669],[139.31218,36.43578],[139.31182,36.43523],[139.31183,36.43423],[139.31047,36.43288],[139.31011,36.43199],[139.30923,36.431],[139.30898,36.43134],[139.30822,36.43047],[139.30685,36.42954],[139.3069,36.42928],[139.30725,36.429],[139.30682,36.42814],[139.30744,36.428],[139.30813,36.42752],[139.30831,36.42727],[139.30818,36.42661],[139.30861,36.42588],[139.30841,36.4257],[139.30785,36.42567],[139.3067,36.42461],[139.30213,36.4272],[139.30118,36.42746],[139.29993,36.4294],[139.3005,36.42991],[139.30061,36.4307],[139.30036,36.43128],[139.30037,36.43178],[139.30013,36.43206],[139.30014,36.43245],[139.30057,36.43264],[139.30154,36.4323],[139.30127,36.43277],[139.30132,36.43382],[139.30103,36.43485],[139.30005,36.43495],[139.29869,36.43593],[139.29871,36.43614],[139.29911,36.43649],[139.29954,36.43639],[139.2996,36.43624],[139.30004,36.43637],[139.30004,36.43681],[139.29854,36.43832],[139.29782,36.43871],[139.29665,36.43896],[139.29572,36.44029],[139.29605,36.44132],[139.29534,36.44283],[139.29529,36.4443],[139.29585,36.44548],[139.29648,36.44555],[139.29665,36.44593],[139.29681,36.44554]]]},"properties":{"key":"10203037003","name":"川内町三丁目","pref":"群馬県","prefCode":"10","municipality":"桐生市","areaM2":1241907.532,"population":1984,"toponymIds":["10-d17a718866","10-9d7061de75","10-57419462a8","10-cb2736a841","10-b2af75a77f","10-e2a36ed208","10-aaf228cff2","10-73bbd04be7","10-a0c5971ed9","10-a3cd4f72ad","10-ed8b0c3b52","10-44d4b67508","10-47310bc310","10-8e106e7034","10-00312a2091","10-a4e64fd3de","10-ce766cef60","10-9a4232732b","10-80af1e49ae","10-2a7638713b","10-086c7165bc","10-fca4685113","10-9a7b0550c8","10-cfcdf155a2","10-fecee98ea1","10-e49fbb58d9","10-c5bb3df419","10-61319f9990","10-838ebfc75b","10-fd631f7b93","10-4f3fac0fa5","10-886363c8dc","10-58da575373","10-1c73889f02","10-174055f653"]}},{"type":"Feature","geometry":{"type":"Polygon","coordinates":[[[139.35968,36.49973],[139.36004,36.49845],[139.36067,36.49788],[139.36073,36.49704],[139.36053,36.49678],[139.36116,36.49434],[139.36113,36.49303],[139.36068,36.49249],[139.3609,36.49083],[139.36136,36.49015],[139.36089,36.48914],[139.36154,36.48809],[139.36264,36.4873],[139.36331,36.48598],[139.36254,36.48417],[139.3616,36.48313],[139.36202,36.48205],[139.36199,36.4814],[139.35984,36.47859],[139.35709,36.47602],[139.35648,36.47498],[139.35707,36.47417],[139.35716,36.47381],[139.35689,36.47049],[139.35691,36.46751],[139.35665,36.4672],[139.35587,36.46679],[139.35511,36.46538],[139.35423,36.46504],[139.35301,36.46426],[139.35212,36.46476],[139.35044,36.46428],[139.35039,36.46363],[139.35077,36.4634],[139.35124,36.46279],[139.35123,36.46111],[139.35165,36.45987],[139.35047,36.45863],[139.35029,36.45796],[139.34955,36.45734],[139.34921,36.45663],[139.34803,36.45621],[139.34737,36.45579],[139.34637,36.45559],[139.3454,36.45483],[139.34493,36.45414],[139.34507,36.45233],[139.34637,36.45088],[139.34646,36.45054],[139.34626,36.44987],[139.34521,36.44955],[139.34431,36.44856],[139.34443,36.44822],[139.34418,36.44738],[139.34428,36.44697],[139.34358,36.44664],[139.34339,36.44549],[139.34246,36.44507],[139.34107,36.44477],[139.33998,36.44479],[139.33876,36.44419],[139.33819,36.44414],[139.33777,36.44383],[139.33686,36.44379],[139.33629,36.4433],[139.33533,36.44448],[139.3345,36.44444],[139.33225,36.44548],[139.33164,36.44598],[139.32996,36.44583],[139.32832,36.44745],[139.32566,36.44724],[139.3246,36.44656],[139.32342,36.44654],[139.32299,36.44628],[139.32284,36.4461],[139.32344,36.4451],[139.32304,36.44418],[139.32247,36.4442],[139.32107,36.44385],[139.32047,36.44311],[139.31993,36.44277],[139.31886,36.44285],[139.31877,36.44304],[139.31836,36.44322],[139.31737,36.443],[139.3163,36.4433],[139.31565,36.44253],[139.31474,36.44217],[139.31446,36.44187],[139.3134,36.43983],[139.31336,36.43892],[139.31287,36.4375],[139.31216,36.43669],[139.31039,36.43603],[139.30923,36.43535],[139.30723,36.43535],[139.30669,36.43608],[139.30663,36.43587],[139.30623,36.43574],[139.30599,36.43544],[139.3044,36.43731],[139.30372,36.43788],[139.30225,36.43839],[139.3024,36.43864],[139.30199,36.43898],[139.30219,36.43951],[139.30178,36.44017],[139.30024,36.44101],[139.29905,36.44263],[139.29783,36.44377],[139.29728,36.44522],[139.29681,36.44554],[139.29665,36.44593],[139.2974,36.44649],[139.29752,36.44678],[139.29956,36.44672],[139.29974,36.44743],[139.3007,36.44737],[139.30091,36.4489],[139.30179,36.44949],[139.30173,36.44996],[139.30129,36.45068],[139.30072,36.45118],[139.30026,36.45191],[139.30091,36.45284],[139.30115,36.45459],[139.30165,36.45484],[139.30208,36.45486],[139.30363,36.4567],[139.30478,36.45745],[139.30496,36.45797],[139.30459,36.45883],[139.30498,36.45983],[139.30681,36.46015],[139.30734,36.46085],[139.30818,36.46087],[139.3091,36.46113],[139.31026,36.46051],[139.31139,36.46132],[139.3131,36.46138],[139.31504,36.46203],[139.31594,36.46284],[139.31803,36.46286],[139.31884,36.46391],[139.3197,36.4647],[139.31986,36.46529],[139.31977,36.46631],[139.32124,36.46704],[139.32213,36.46713],[139.32217,36.46768],[139.3217,36.46797],[139.32042,36.46973],[139.32054,36.47047],[139.32025,36.47133],[139.32108,36.47187],[139.32301,36.47272],[139.32461,36.47312],[139.32496,36.47365],[139.32522,36.47379],[139.32545,36.4745],[139.32597,36.47478],[139.32611,36.47506],[139.32613,36.47699],[139.32645,36.47733],[139.32733,36.47738],[139.32774,36.47814],[139.32842,36.47811],[139.32921,36.47869],[139.33026,36.47862],[139.33116,36.47882],[139.33155,36.47914],[139.33166,36.47937],[139.33148,36.47969],[139.33157,36.48018],[139.33251,36.48088],[139.3326,36.48157],[139.33336,36.48257],[139.33342,36.48302],[139.33397,36.48344],[139.3336,36.48395],[139.33372,36.48462],[139.33344,36.48501],[139.33335,36.4858],[139.3334,36.48624],[139.33381,36.48664],[139.33388,36.48709],[139.33279,36.48855],[139.3329,36.48901],[139.3343,36.49141],[139.33521,36.49201],[139.33657,36.49202],[139.33727,36.49253],[139.33761,36.49319],[139.33912,36.49377],[139.33937,36.49442],[139.34071,36.49484],[139.34096,36.49474],[139.34144,36.49493],[139.34318,36.49498],[139.34353,36.49558],[139.34451,36.49583],[139.34483,36.49673],[139.34599,36.49682],[139.34688,36.49714],[139.34948,36.49698],[139.35038,36.49721],[139.35091,36.49773],[139.35164,36.49802],[139.3531,36.49946],[139.35365,36.49951],[139.35409,36.49935],[139.35643,36.49965],[139.35727,36.49941],[139.35924,36.50027],[139.35968,36.49973]]]},"properties":{"key":"10203037005","name":"川内町五丁目","pref":"群馬県","prefCode":"10","municipality":"桐生市","areaM2":19309354.408,"population":2323,"toponymIds":["10-57398ff50c","10-b4a61a7835","10-69786ad8ec","10-62af13b058","10-f4196fb982","10-bf80407dde","10-d7d0d2d10b","10-ec23a5e187","10-90690f03aa","10-89d92d7e85","10-f895ae38ec","10-f0933e20ca","10-ba737fd1d8","10-3224414135","10-d4a9936b6f","10-952c633da6","10-e644d71c9d","10-69a73cf406","10-4ec18f2f2d","10-a0cf5f878c","10-07d8033ff8","10-1a9009a0db","10-d2439fb9c3","10-b0205f7c5e","10-17773d6bf6","10-5c55614725","10-df1cb6603f","10-cce7d58ea5","10-aafb1c99c3","10-f63c425c6b","10-17b260b76f","10-dbc19cd68b","10-d0906b4615","10-d4cc6020b0","10-f043da1ed2","10-7df7b4a036","10-0612494184","10-8eb7301a2f","10-ea2423c233","10-225d403be7","10-0d1d0f932d","10-4f7c260a87","10-a2ad70f0b2","10-6094a33ced","10-63704b0dac","10-fe2e6796f0","10-2015b4828e","10-2cefbaf509","10-941e0e05da","10-79b8b4f75d","10-02b73aae1e","10-b22be2f029","10-a40e3e52b5","10-5888181176","10-2a552b8850","10-4bdbf65cc7","10-3f9ed32eb5","10-201c55df0d","10-427ef078df","10-f68c700983","10-f91905dd90","10-4b38f318c1","10-3ae0aabaa4","10-a95d863d67","10-8e1ea9a801","10-c35cd17a7b","10-ba971be067","10-630ca589c2","10-f6c7eb01e9","10-875349ca1e","10-08c22e610c","10-1bb55a95ee","10-814e542537","10-1352097d75","10-858d5e579f","10-8cff16be14","10-1754b179b7","10-f693ab794f","10-90fc3598fd","10-0995248550","10-be859a6cff","10-1d78f611d4","10-c8489f50c7","10-1990f09960","10-e6b2c6edd8","10-92da4aec2a","10-8eb5cac7ff","10-7d725c74c7","10-64ebba991e","10-6b91d6f04c","10-f226928fce","10-830b59c2a8","10-3d36e5403d","10-fb2a67853e","10-cf08b501fa","10-d0d275f098","10-ebe54b2eb6","10-c28baa7d13","10-46a2a93ec1","10-e43a52588c","10-994a521387","10-c2d30385ff","10-63ff5e0906","10-8be6b0f845","10-4a6319dffa","10-86976fcbe0","10-f4f4939a3d"]}},{"type":"Feature","geometry":{"type":"Polygon","coordinates":[[[139.30624,36.40184],[139.3059,36.40161],[139.30392,36.4027],[139.30522,36.40328],[139.30549,36.40301],[139.30536,36.40291],[139.30623,36.40223],[139.30599,36.40203],[139.30624,36.40184]]]},"properties":{"key":"10203039001","name":"相生町一丁目","pref":"群馬県","prefCode":"10","municipality":"桐生市","areaM2":17938.771,"population":0,"toponymIds":["10-5cd8bc60a7","10-5889486128","10-5538d740da","10-6d5ffafbd3","10-739c927b26","10-88a52aec07","10-859f17f4b4","10-fd7f0acdf0","10-c4ba482770","10-8b51b52ee8","10-bc9038f6c6","10-0f084d0e45"]}},{"type":"Feature","geometry":{"type":"Polygon","coordinates":[[[139.31033,36.41384],[139.31127,36.41337],[139.3115,36.41356],[139.31027,36.41406],[139.30987,36.41466],[139.30934,36.41589],[139.30968,36.41702],[139.30993,36.41716],[139.31031,36.41705],[139.31077,36.41668],[139.31088,36.41679],[139.31156,36.41647],[139.31324,36.41767],[139.31376,36.41706],[139.31529,36.41637],[139.31721,36.41482],[139.32113,36.41322],[139.32117,36.41058],[139.32193,36.40862],[139.31624,36.40564],[139.31604,36.40593],[139.31539,36.40568],[139.31496,36.40586],[139.31491,36.40605],[139.3145,36.40584],[139.31399,36.40582],[139.31388,36.40615],[139.31173,36.40435],[139.3111,36.40495],[139.30717,36.40241],[139.30591,36.40359],[139.30698,36.40423],[139.30946,36.4063],[139.30462,36.4092],[139.30343,36.41007],[139.30319,36.41053],[139.30195,36.41179],[139.30099,36.41245],[139.3004,36.41278],[139.29961,36.41258],[139.29906,36.41265],[139.29732,36.41398],[139.29683,36.41596],[139.29593,36.41647],[139.29544,36.41698],[139.29483,36.41866],[139.29407,36.41931],[139.29316,36.42058],[139.29273,36.4215],[139.29264,36.42217],[139.29289,36.42239],[139.29981,36.41819],[139.30353,36.41727],[139.30829,36.41498],[139.31033,36.41384]]]},"properties":{"key":"10203036002","name":"相生町二丁目","pref":"群馬県","prefCode":"10","municipality":"桐生市","areaM2":2165070.007,"population":6871,"toponymIds":["10-351de4bad0","10-b21846a136","10-8872c5b69d","10-ba501e327a","10-e1b6036f80","10-38c1273e79","10-e6237e9e17","10-4ad64c5281","10-f3019f78d1","10-ca05ca7b21","10-8ef6c182f3","10-ee5aae6897","10-3cb12deef0","10-5c226834d7"]}},{"type":"Feature","geometry":{"type":"Polygon","coordinates":[[[139.30118,36.42746],[139.30213,36.4272],[139.3056,36.42521],[139.31051,36.42267],[139.31117,36.4218],[139.31135,36.42071],[139.31172,36.41985],[139.31324,36.41767],[139.31156,36.41647],[139.31014,36.41731],[139.30937,36.41828],[139.30907,36.41653],[139.30943,36.41528],[139.30863,36.41528],[139.30835,36.41507],[139.30714,36.41594],[139.30579,36.41638],[139.30573,36.41618],[139.30353,36.41727],[139.29981,36.41819],[139.29289,36.42239],[139.29264,36.42217],[139.291,36.42314],[139.29188,36.42337],[139.29182,36.42369],[139.29196,36.42377],[139.29165,36.42432],[139.29215,36.42447],[139.29238,36.42417],[139.29276,36.42454],[139.2924,36.42489],[139.29276,36.42525],[139.29254,36.42538],[139.29312,36.42653],[139.29388,36.42633],[139.2943,36.42713],[139.29526,36.4269],[139.29565,36.42749],[139.29589,36.42757],[139.29594,36.42777],[139.29576,36.42786],[139.29614,36.42844],[139.29681,36.42861],[139.29712,36.42906],[139.2979,36.42928],[139.29744,36.43096],[139.29823,36.43089],[139.29882,36.43056],[139.29997,36.42936],[139.30118,36.42746]]]},"properties":{"key":"10203036003","name":"相生町三丁目","pref":"群馬県","prefCode":"10","municipality":"桐生市","areaM2":1599420.0,"population":3141,"toponymIds":["10-332735d51b","10-ecfe3b3507","10-1f227f32fa","10-831bfbb318","10-96ee72b4e9"]}},{"type":"Feature","geometry":{"type":"Polygon","coordinates":[[[139.29726,36.42912],[139.29681,36.42861],[139.29614,36.42844],[139.29576,36.42786],[139.29594,36.42777],[139.29589,36.42757],[139.29565,36.42749],[139.29526,36.4269],[139.2943,36.42713],[139.29388,36.42633],[139.29312,36.42653],[139.29254,36.42538],[139.29276,36.42525],[139.2924,36.42489],[139.29276,36.42454],[139.29238,36.42417],[139.29215,36.42447],[139.29165,36.42432],[139.29196,36.42377],[139.29182,36.42369],[139.29188,36.42337],[139.291,36.42314],[139.28837,36.42474],[139.28594,36.42577],[139.28648,36.42634],[139.28555,36.427],[139.28572,36.42712],[139.2851,36.42764],[139.28522,36.42777],[139.2838,36.42836],[139.28466,36.42942],[139.28576,36.42908],[139.28646,36.42907],[139.29006,36.43125],[139.29641,36.43136],[139.29705,36.43124],[139.29744,36.43096],[139.2979,36.42928],[139.29726,36.42912]]]},"properties":{"key":"10203036004","name":"相生町四丁目","pref":"群馬県","prefCode":"10","municipality":"桐生市","areaM2":625123.293,"population":514,"toponymIds":["10-c17066cef5","10-75c3e2b841","10-ca97786359","10-3184ae5ef7","10-2a83a46df8","10-06257846f7"]}},{"type":"Feature","geometry":{"type":"Polygon","coordinates":[[[139.29144,36.41779],[139.29229,36.41762],[139.29278,36.41717],[139.29295,36.41738],[139.29281,36.41756],[139.29532,36.41717],[139.29593,36.41647],[139.29683,36.41596],[139.29732,36.41398],[139.29857,36.41292],[139.29947,36.41258],[139.30049,36.41276],[139.30195,36.41179],[139.30319,36.41053],[139.30343,36.41007],[139.30462,36.4092],[139.30946,36.4063],[139.3064,36.40382],[139.30392,36.4027],[139.29241,36.40904],[139.29064,36.40938],[139.28506,36.40946],[139.2847,36.41046],[139.2853,36.41067],[139.28454,36.41175],[139.28498,36.41194],[139.28377,36.4137],[139.28347,36.41366],[139.28339,36.41389],[139.28443,36.41406],[139.28439,36.4142],[139.28466,36.41438],[139.28513,36.41446],[139.28501,36.41507],[139.28567,36.41509],[139.28635,36.41487],[139.2869,36.41412],[139.28724,36.41172],[139.2875,36.4117],[139.28726,36.41418],[139.28779,36.4143],[139.28828,36.413],[139.28851,36.41303],[139.28854,36.41357],[139.28827,36.41422],[139.28782,36.41482],[139.28755,36.41474],[139.28745,36.41506],[139.28699,36.41501],[139.28702,36.41468],[139.28677,36.41467],[139.28662,36.4153],[139.2869,36.41541],[139.28694,36.41592],[139.2872,36.41612],[139.28718,36.41579],[139.28768,36.41507],[139.28819,36.41541],[139.28851,36.41532],[139.28909,36.4145],[139.28905,36.41351],[139.2895,36.41342],[139.28978,36.41386],[139.28981,36.41427],[139.28947,36.41497],[139.28919,36.41529],[139.289,36.41522],[139.28888,36.41549],[139.2888,36.41577],[139.28928,36.41581],[139.28896,36.41607],[139.28913,36.41681],[139.28853,36.41679],[139.28875,36.4169],[139.28874,36.41743],[139.28912,36.41701],[139.28916,36.41792],[139.28932,36.4179],[139.28985,36.41699],[139.29025,36.41706],[139.29015,36.41599],[139.28992,36.41671],[139.28942,36.41662],[139.29068,36.41466],[139.29089,36.41477],[139.29049,36.41553],[139.29085,36.41763],[139.29055,36.4181],[139.29144,36.41779]],[[139.28678,36.41396],[139.28664,36.41432],[139.28631,36.41423],[139.28614,36.41446],[139.2859,36.41448],[139.286,36.41413],[139.28577,36.41402],[139.28583,36.41365],[139.28679,36.41349],[139.28678,36.41396]],[[139.29115,36.4171],[139.29164,36.41718],[139.29183,36.41695],[139.29188,36.41741],[139.29141,36.41775],[139.29084,36.41733],[139.29115,36.4171]]]},"properties":{"key":"10203036005","name":"相生町五丁目","pref":"群馬県","prefCode":"10","municipality":"桐生市","areaM2":1630677.491,"population":6209,"toponymIds":["10-d2912bb3d8"]}},{"type":"Feature","geometry":{"type":"Polygon","coordinates":[[[139.37902,36.42298],[139.38128,36.42295],[139.38591,36.42183],[139.38565,36.42027],[139.38482,36.41931],[139.38398,36.41912],[139.3834,36.41877],[139.3825,36.41871],[139.38044,36.41717],[139.38046,36.41619],[139.37994,36.41554],[139.37992,36.41511],[139.37956,36.41487],[139.37868,36.41481],[139.37831,36.41414],[139.37826,36.41344],[139.3777,36.4128],[139.3772,36.41143],[139.37681,36.41098],[139.37659,36.41001],[139.37669,36.40967],[139.37658,36.40791],[139.37621,36.40726],[139.37634,36.40702],[139.37618,36.40664],[139.37543,36.40577],[139.37546,36.40543],[139.37616,36.40478],[139.377,36.40443],[139.377,36.40402],[139.3756,36.40237],[139.37558,36.40163],[139.37499,36.40041],[139.37452,36.39979],[139.37366,36.39941],[139.37311,36.39937],[139.3726,36.39897],[139.37064,36.39819],[139.36941,36.3971],[139.36886,36.39681],[139.36902,36.39612],[139.3687,36.39597],[139.36872,36.39497],[139.36852,36.39454],[139.36861,36.39417],[139.36819,36.39321],[139.36823,36.39286],[139.36797,36.39281],[139.36784,36.39253],[139.3673,36.3922],[139.36723,36.39189],[139.36692,36.39164],[139.367,36.39134],[139.36654,36.39087],[139.36654,36.39059],[139.36605,36.39043],[139.36593,36.39014],[139.36502,36.38994],[139.36495,36.38967],[139.36517,36.38934],[139.36509,36.38834],[139.36472,36.38782],[139.3646,36.38773],[139.36427,36.38787],[139.36172,36.38545],[139.36096,36.3862],[139.35955,36.38913],[139.35923,36.39039],[139.35921,36.3911],[139.36,36.39278],[139.35911,36.39375],[139.35482,36.39497],[139.35238,36.3954],[139.35168,36.3957],[139.34939,36.3953],[139.34755,36.39528],[139.34668,36.39561],[139.34541,36.39681],[139.34389,36.40042],[139.34377,36.40084],[139.34386,36.40116],[139.34494,36.40097],[139.34694,36.40011],[139.34875,36.40183],[139.34849,36.40238],[139.34816,36.40262],[139.34861,36.40363],[139.34891,36.40379],[139.3494,36.40338],[139.35042,36.40301],[139.3516,36.40327],[139.35265,36.40296],[139.35331,36.403],[139.35427,36.40355],[139.35586,36.40331],[139.35646,36.40367],[139.3572,36.40371],[139.3575,36.40404],[139.35782,36.40401],[139.35808,36.40421],[139.35844,36.40421],[139.35881,36.40395],[139.35924,36.40409],[139.35964,36.40486],[139.35981,36.40492],[139.35979,36.40608],[139.36125,36.40739],[139.36166,36.40759],[139.36204,36.40818],[139.3622,36.40889],[139.36326,36.40912],[139.36366,36.40983],[139.36433,36.40986],[139.36475,36.41109],[139.36823,36.41365],[139.37062,36.41512],[139.3713,36.41752],[139.37806,36.423],[139.37902,36.42298]]]},"properties":{"key":"10203038001","name":"菱町一丁目","pref":"群馬県","prefCode":"10","municipality":"桐生市","areaM2":5085224.752,"population":1740,"toponymIds":["10-a87a3260b6","10-a8123617ea","10-e785c1c82f","10-16cc3d032e","10-3f8eda2624","10-fb3a571390","10-9e018fba82","10-2c3d88255a","10-877af384ca","10-716784c34b","10-9fda89ca18","10-0ed8d0c17d","10-ad8624722d","10-a99db4eac0","10-d5c5acd205","10-73e829303a","10-1325f1ccb8","10-3600303558","10-fbd95fd737","10-601996b22c","10-939a14fdf2","10-7c1cb0f2b8","10-6433de9423","10-8bc632d988","10-dcee65e3bd","10-d45a016234","10-e00ec1fd75","10-3c8854735d","10-72fcb78f25","10-636aa73cff","10-0e244ffba1","10-212326543b","10-1d40b4f4d9","10-f6b133befb","10-31edb87214","10-920af976af","10-a03f76ae03","10-a3422f429b","10-132893b762"]}},{"type":"Feature","geometry":{"type":"Polygon","coordinates":[[[139.38856,36.43679],[139.3899,36.43665],[139.39051,36.43624],[139.39164,36.4359],[139.39267,36.4352],[139.39355,36.4351],[139.39389,36.43471],[139.39452,36.43452],[139.39441,36.43402],[139.39475,36.43335],[139.39458,36.43241],[139.39474,36.43168],[139.39509,36.43108],[139.39445,36.43031],[139.39411,36.42896],[139.39308,36.42882],[139.39227,36.42831],[139.39185,36.42727],[139.39214,36.42623],[139.39176,36.42552],[139.39186,36.42445],[139.39051,36.42409],[139.3899,36.42323],[139.38875,36.42218],[139.38672,36.42229],[139.38644,36.42225],[139.38591,36.42183],[139.38128,36.42295],[139.37806,36.423],[139.3713,36.41752],[139.37062,36.41512],[139.36823,36.41365],[139.36475,36.41109],[139.36433,36.40986],[139.36366,36.40983],[139.36326,36.40912],[139.3622,36.40889],[139.36204,36.40818],[139.36166,36.40759],[139.36125,36.40739],[139.35979,36.40608],[139.35981,36.40492],[139.35964,36.40486],[139.35924,36.40409],[139.35881,36.40395],[139.35827,36.40424],[139.35782,36.40401],[139.35752,36.40405],[139.35676,36.40544],[139.35536,36.40646],[139.35542,36.40679],[139.35561,36.40693],[139.35646,36.40709],[139.35636,36.40755],[139.35653,36.40746],[139.35679,36.40761],[139.35664,36.40782],[139.35714,36.4081],[139.35708,36.4085],[139.3566,36.40904],[139.35605,36.40914],[139.35713,36.40963],[139.35711,36.41],[139.35788,36.41065],[139.35752,36.41092],[139.35793,36.41131],[139.35766,36.41151],[139.35782,36.41175],[139.35681,36.41192],[139.35754,36.41285],[139.35732,36.41322],[139.35744,36.41323],[139.35735,36.41368],[139.35803,36.4138],[139.35793,36.41424],[139.35703,36.41562],[139.35667,36.41693],[139.35672,36.41735],[139.35764,36.41966],[139.36103,36.42246],[139.36117,36.42335],[139.3641,36.42708],[139.36459,36.42746],[139.36504,36.42898],[139.36591,36.42984],[139.36627,36.43052],[139.36631,36.43154],[139.36608,36.43214],[139.36695,36.4324],[139.36749,36.43289],[139.36931,36.43366],[139.37089,36.43486],[139.37183,36.43528],[139.37267,36.43528],[139.37378,36.4346],[139.37577,36.43419],[139.37801,36.43505],[139.37958,36.43622],[139.38077,36.4365],[139.38229,36.4365],[139.38295,36.43621],[139.38358,36.43636],[139.38461,36.43628],[139.38572,36.43664],[139.38645,36.43668],[139.38712,36.43651],[139.38856,36.43679]]]},"properties":{"key":"10203038002","name":"菱町二丁目","pref":"群馬県","prefCode":"10","municipality":"桐生市","areaM2":5495489.176,"population":2206,"toponymIds":["10-2381d604cc","10-92f359b604","10-a39fcf3d55","10-bb5924240f","10-6e02d33df1","10-1de04dc52a","10-0781336a55","10-5b7f3012fe","10-c20338cd93","10-fda8cbffa8","10-51507f5a89"]}},{"type":"Feature","geometry":{"type":"Polygon","coordinates":[[[139.39562,36.4641],[139.39631,36.46407],[139.39653,36.46331],[139.39779,36.46287],[139.39796,36.46218],[139.39998,36.46187],[139.40019,36.46225],[139.40046,36.46236],[139.40114,36.46183],[139.40233,36.46196],[139.40278,36.46146],[139.40307,36.46141],[139.40353,36.46163],[139.40422,36.46111],[139.40515,36.46113],[139.4056,36.46073],[139.4061,36.46067],[139.40633,36.45971],[139.40718,36.459],[139.40719,36.45842],[139.4082,36.45821],[139.40821,36.45804],[139.40876,36.4578],[139.41027,36.45603],[139.41092,36.45561],[139.41184,36.45539],[139.41184,36.455],[139.41208,36.45476],[139.41168,36.45392],[139.41172,36.45343],[139.41213,36.45261],[139.41205,36.45218],[139.4124,36.4521],[139.41219,36.45082],[139.41185,36.45006],[139.41112,36.44925],[139.4103,36.44912],[139.40975,36.44878],[139.40911,36.44778],[139.40794,36.44647],[139.40639,36.4457],[139.40573,36.44517],[139.40499,36.44503],[139.40514,36.44344],[139.40432,36.44149],[139.40449,36.44107],[139.40443,36.44053],[139.40328,36.4388],[139.4034,36.43788],[139.40271,36.43704],[139.40208,36.43673],[139.40082,36.43668],[139.40056,36.43631],[139.39945,36.43569],[139.39766,36.43571],[139.39653,36.43504],[139.39467,36.43451],[139.39389,36.43471],[139.39355,36.4351],[139.39267,36.4352],[139.39164,36.4359],[139.39051,36.43624],[139.3899,36.43665],[139.38842,36.43679],[139.38712,36.43651],[139.38645,36.43668],[139.38572,36.43664],[139.38461,36.43628],[139.38358,36.43636],[139.38295,36.43621],[139.38229,36.4365],[139.38077,36.4365],[139.37958,36.43622],[139.37801,36.43505],[139.37577,36.43419],[139.37378,36.4346],[139.37267,36.43528],[139.37183,36.43528],[139.37089,36.43486],[139.36931,36.43366],[139.36749,36.43289],[139.36695,36.4324],[139.36608,36.43214],[139.36631,36.43154],[139.36627,36.43052],[139.36591,36.42984],[139.36504,36.42898],[139.36459,36.42746],[139.36409,36.42705],[139.3626,36.42708],[139.36148,36.42692],[139.36028,36.42736],[139.35939,36.42723],[139.35848,36.42772],[139.35753,36.42787],[139.35769,36.42817],[139.35763,36.42836],[139.35624,36.42943],[139.35587,36.4299],[139.35584,36.43046],[139.35622,36.4314],[139.35784,36.43308],[139.35893,36.43468],[139.35973,36.43538],[139.36052,36.4368],[139.36182,36.4378],[139.36214,36.43919],[139.3625,36.43973],[139.3632,36.44017],[139.36466,36.44057],[139.3654,36.44104],[139.36641,36.4419],[139.36747,36.44328],[139.36752,36.44393],[139.36693,36.44545],[139.36687,36.44638],[139.36733,36.44781],[139.36843,36.4493],[139.36954,36.44994],[139.37047,36.45113],[139.37107,36.45143],[139.37322,36.45083],[139.3766,36.45028],[139.37816,36.44958],[139.37871,36.44906],[139.37917,36.44904],[139.37965,36.44927],[139.38032,36.44985],[139.38203,36.45077],[139.38212,36.45135],[139.38199,36.45228],[139.38213,36.45281],[139.38272,36.45359],[139.38379,36.45426],[139.38386,36.45444],[139.38359,36.4552],[139.38377,36.45576],[139.38562,36.45729],[139.38603,36.45796],[139.38644,36.45913],[139.38706,36.46007],[139.39022,36.46159],[139.39158,36.46204],[139.39251,36.46196],[139.39354,36.46251],[139.39432,36.46399],[139.39503,36.46421],[139.39562,36.4641]]]},"properties":{"key":"10203038005","name":"菱町五丁目","pref":"群馬県","prefCode":"10","municipality":"桐生市","areaM2":9615379.929,"population":1023,"toponymIds":["10-271ef0a093","10-947d3dc299","10-3ed32ee865","10-06b5287b6a","10-096ab45936","10-803c185959","10-83c9793fee","10-a62328ec7c","10-66ed22037d","10-3151254e84"]}},{"type":"Feature","geometry":{"type":"Polygon","coordinates":[[[139.02157,36.25768],[139.02004,36.25722],[139.01976,36.2569],[139.02009,36.25684],[139.01997,36.25646],[139.01978,36.2565],[139.01976,36.2548],[139.01995,36.25412],[139.01973,36.25383],[139.0205,36.25344],[139.02078,36.25308],[139.02084,36.25332],[139.0213,36.25328],[139.02166,36.25378],[139.02268,36.25415],[139.02376,36.25503],[139.02375,36.25531],[139.02404,36.25532],[139.02468,36.25445],[139.02478,36.2525],[139.02538,36.25137],[139.02595,36.24973],[139.02561,36.24972],[139.02547,36.25008],[139.02508,36.25003],[139.02525,36.2494],[139.02483,36.24962],[139.02472,36.25027],[139.02369,36.25026],[139.02224,36.25102],[139.02085,36.25189],[139.02037,36.25253],[139.02025,36.25316],[139.01939,36.25341],[139.01818,36.25217],[139.01805,36.25159],[139.01822,36.25049],[139.01764,36.24961],[139.01677,36.24896],[139.01524,36.24888],[139.01514,36.25002],[139.01062,36.24976],[139.01043,36.24987],[139.01049,36.25045],[139.00896,36.25075],[139.009,36.25127],[139.00916,36.25141],[139.00895,36.2517],[139.00924,36.25229],[139.0088,36.25244],[139.00897,36.25272],[139.0088,36.25284],[139.00914,36.25325],[139.0097,36.25324],[139.0098,36.25353],[139.01014,36.25323],[139.01043,36.25346],[139.0103,36.25391],[139.01007,36.25407],[139.00892,36.25412],[139.00932,36.25493],[139.00995,36.25548],[139.00894,36.25597],[139.01009,36.25738],[139.01074,36.2587],[139.01149,36.25922],[139.01366,36.25998],[139.01555,36.25971],[139.01679,36.2593],[139.01169,36.25754],[139.01366,36.25705],[139.01652,36.25733],[139.01807,36.25765],[139.01845,36.25973],[139.02206,36.26002],[139.02327,36.26028],[139.02343,36.25987],[139.02333,36.25945],[139.02388,36.25868],[139.02309,36.2586],[139.02157,36.25768]]]},"properties":{"key":"102027530","name":"吉井町小串","pref":"群馬県","prefCode":"10","municipality":"高崎市","areaM2":1101649.508,"population":528,"toponymIds":["10-f2f06bdf64","10-46c1575988"]}},{"type":"Feature","geometry":{"type":"Polygon","coordinates":[[[138.82358,36.40497],[138.8229,36.40452],[138.82317,36.4021],[138.82286,36.40154],[138.8227,36.40051],[138.82217,36.40011],[138.82199,36.39934],[138.82212,36.39894],[138.8229,36.39831],[138.82192,36.39758],[138.82218,36.39562],[138.82452,36.39401],[138.82511,36.39304],[138.82691,36.39201],[138.82746,36.38976],[138.82737,36.38923],[138.82694,36.3891],[138.82509,36.38909],[138.82376,36.38922],[138.82185,36.39009],[138.82055,36.39126],[138.8185,36.3908],[138.81738,36.3903],[138.81669,36.38874],[138.81441,36.38724],[138.81319,36.38599],[138.81209,36.38518],[138.80978,36.38394],[138.80722,36.38352],[138.80635,36.3832],[138.80594,36.38275],[138.80585,36.38209],[138.80385,36.38187],[138.80317,36.38262],[138.80246,36.38257],[138.802,36.38298],[138.80122,36.38319],[138.80094,36.38355],[138.80102,36.3839],[138.80086,36.38422],[138.80052,36.3843],[138.80008,36.38478],[138.79965,36.38499],[138.79921,36.38485],[138.79796,36.38493],[138.79687,36.3858],[138.79632,36.38593],[138.79498,36.38571],[138.79377,36.38619],[138.79314,36.38685],[138.79271,36.38698],[138.79251,36.38722],[138.79161,36.38691],[138.79099,36.38722],[138.79034,36.38728],[138.79015,36.38758],[138.78938,36.38776],[138.7886,36.38836],[138.78804,36.38849],[138.78728,36.38842],[138.78655,36.38868],[138.78581,36.38864],[138.78512,36.3891],[138.78425,36.38916],[138.78379,36.38956],[138.78286,36.38945],[138.78171,36.39024],[138.78069,36.3902],[138.78037,36.3905],[138.77859,36.39075],[138.77787,36.39135],[138.77639,36.39205],[138.77608,36.39264],[138.77569,36.39291],[138.77535,36.3935],[138.77448,36.39429],[138.77534,36.39645],[138.77894,36.3988],[138.78481,36.40149],[138.78572,36.40262],[138.78642,36.40439],[138.78903,36.40594],[138.7919,36.40721],[138.79448,36.40468],[138.79713,36.4068],[138.79869,36.40764],[138.80027,36.40814],[138.80174,36.40957],[138.80392,36.41105],[138.80675,36.4117],[138.80811,36.41245],[138.81043,36.41275],[138.81662,36.4141],[138.82158,36.41708],[138.82293,36.41865],[138.8234,36.4189],[138.82429,36.41901],[138.82506,36.41817],[138.82426,36.41757],[138.82386,36.41601],[138.82413,36.41542],[138.82389,36.41423],[138.82399,36.41291],[138.82288,36.41158],[138.82301,36.4112],[138.82375,36.41089],[138.82387,36.41063],[138.82268,36.40947],[138.82282,36.40902],[138.82342,36.40863],[138.82347,36.40844],[138.8234,36.40801],[138.82275,36.40747],[138.82285,36.40683],[138.82236,36.40621],[138.8225,36.40596],[138.82342,36.40544],[138.82358,36.40497]]]},"properties":{"key":"102026560","name":"倉渕町三ノ倉","pref":"群馬県","prefCode":"10","municipality":"高崎市","areaM2":10098306.924,"population":497,"toponymIds":["10-52a58751e0","10-d83482532a","10-a3f60d0780"]}},{"type":"Feature","geometry":{"type":"Polygon","coordinates":[[[138.99206,36.38255],[138.99191,36.3821],[138.99204,36.38181],[138.99197,36.38138],[138.99123,36.38129],[138.99088,36.37669],[138.9914,36.37585],[138.99119,36.37523],[138.99182,36.37497],[138.99202,36.37525],[138.9925,36.37517],[138.99217,36.37454],[138.99332,36.37415],[138.99349,36.37332],[138.99384,36.37313],[138.99411,36.37245],[138.99432,36.37086],[138.99466,36.37034],[138.99452,36.36997],[138.99482,36.36877],[138.99488,36.36702],[138.9945,36.367],[138.99455,36.36679],[138.99434,36.36674],[138.99441,36.36639],[138.99415,36.3663],[138.99428,36.36596],[138.99417,36.36591],[138.99513,36.36483],[138.99529,36.36351],[138.99484,36.36344],[138.99481,36.36309],[138.99435,36.36308],[138.99434,36.36258],[138.99399,36.363],[138.99373,36.36301],[138.99274,36.36363],[138.99199,36.36429],[138.99111,36.3643],[138.99092,36.36453],[138.99111,36.36493],[138.99043,36.3652],[138.99008,36.36617],[138.98821,36.36719],[138.98791,36.36768],[138.98668,36.36808],[138.98707,36.36882],[138.98649,36.36959],[138.98614,36.37063],[138.9853,36.37089],[138.98446,36.37095],[138.98393,36.37126],[138.9837,36.37187],[138.9835,36.3735],[138.98324,36.37376],[138.98283,36.37385],[138.98315,36.37409],[138.9831,36.37448],[138.9825,36.37464],[138.98226,36.37428],[138.98119,36.37509],[138.98105,36.37571],[138.98062,36.37649],[138.98041,36.37768],[138.98014,36.37778],[138.98036,36.37831],[138.98128,36.37907],[138.98391,36.37943],[138.98514,36.37994],[138.98704,36.38002],[138.98707,36.38078],[138.98762,36.38108],[138.98717,36.38169],[138.98724,36.38214],[138.98864,36.38235],[138.9894,36.38271],[138.99007,36.38265],[138.99009,36.38245],[138.99081,36.38252],[138.9907,36.38395],[138.9915,36.38393],[138.99211,36.3836],[138.99226,36.38318],[138.99206,36.38255]]]},"properties":{"key":"102027060","name":"井出町","pref":"群馬県","prefCode":"10","municipality":"高崎市","areaM2":1486575.724,"population":1323,"toponymIds":["10-f8b0715e93"]}},{"type":"Feature","geometry":{"type":"Polygon","coordinates":[[[139.09974,36.37036],[139.0993,36.36992],[139.09809,36.37068],[139.09585,36.37313],[139.09387,36.37442],[139.09259,36.37549],[139.09255,36.37577],[139.09644,36.37563],[139.09737,36.37452],[139.09763,36.37338],[139.09915,36.3712],[139.10001,36.37064],[139.09974,36.37036]]]},"properties":{"key":"102010510","name":"天川町","pref":"群馬県","prefCode":"10","municipality":"前橋市","areaM2":133704.087,"population":1664,"toponymIds":["10-1e9bea83dd","10-47610d65b8"]}},{"type":"Feature","geometry":{"type":"Polygon","coordinates":[[[139.19035,36.52328],[139.19114,36.52269],[139.19144,36.52224],[139.19168,36.52144],[139.19225,36.52075],[139.19249,36.5199],[139.19326,36.51936],[139.19336,36.51904],[139.19381,36.51866],[139.19376,36.51832],[139.19391,36.51816],[139.19378,36.5179],[139.19399,36.51745],[139.19387,36.51719],[139.19408,36.51711],[139.1942,36.51667],[139.19455,36.51637],[139.1945,36.51599],[139.19488,36.51572],[139.19482,36.51549],[139.19574,36.51481],[139.1963,36.51392],[139.19612,36.51218],[139.19595,36.51182],[139.19602,36.51148],[139.19646,36.51078],[139.19696,36.51044],[139.1969,36.51002],[139.19719,36.50999],[139.19768,36.50923],[139.19802,36.50799],[139.1989,36.50717],[139.19887,36.50669],[139.1991,36.50596],[139.19949,36.50551],[139.19985,36.50447],[139.19971,36.50419],[139.19994,36.50384],[139.20007,36.50322],[139.19994,36.50281],[139.20019,36.5022],[139.19997,36.50126],[139.20057,36.5006],[139.20045,36.49982],[139.20021,36.49937],[139.20066,36.49908],[139.20125,36.49818],[139.20145,36.49653],[139.20183,36.49575],[139.20213,36.49562],[139.20201,36.49531],[139.20237,36.49511],[139.20279,36.49453],[139.20249,36.49396],[139.20261,36.49348],[139.20218,36.49309],[139.20226,36.49283],[139.20261,36.49283],[139.20281,36.49266],[139.20299,36.4922],[139.20255,36.49179],[139.20212,36.49197],[139.20188,36.49167],[139.20232,36.49137],[139.20379,36.48885],[139.20605,36.48832],[139.20956,36.47958],[139.21092,36.47669],[139.2109,36.47536],[139.2111,36.47439],[139.2107,36.4668],[139.21142,36.46127],[139.21143,36.45983],[139.21128,36.45955],[139.21097,36.46114],[139.21018,36.46175],[139.20716,36.46306],[139.20544,36.46403],[139.20448,36.4643],[139.20435,36.46408],[139.20101,36.46478],[139.20029,36.46405],[139.19974,36.46314],[139.19928,36.46092],[139.19846,36.46066],[139.19808,36.46119],[139.19824,36.46147],[139.19822,36.46187],[139.19932,36.46312],[139.19931,36.4633],[139.19905,36.46379],[139.19856,36.46404],[139.19827,36.4647],[139.19761,36.46538],[139.19858,36.46608],[139.19876,36.46707],[139.19908,36.46723],[139.19918,36.46748],[139.19887,36.46825],[139.19845,36.46864],[139.19851,36.46899],[139.19832,36.4692],[139.19701,36.46964],[139.19668,36.46991],[139.19648,36.47056],[139.19672,36.4709],[139.19652,36.47119],[139.19655,36.47166],[139.19629,36.47199],[139.19621,36.47289],[139.19653,36.47337],[139.19657,36.47417],[139.19618,36.47449],[139.1958,36.47448],[139.19499,36.47504],[139.19472,36.47582],[139.19558,36.47782],[139.19554,36.47837],[139.19455,36.47869],[139.19414,36.47949],[139.19442,36.47996],[139.19422,36.48068],[139.1943,36.4813],[139.19443,36.48169],[139.19485,36.48213],[139.19456,36.48245],[139.19413,36.48259],[139.194,36.48346],[139.19367,36.48346],[139.19327,36.48311],[139.19295,36.48312],[139.19296,36.4834],[139.19176,36.48382],[139.19184,36.4853],[139.19133,36.48576],[139.19052,36.48617],[139.19065,36.48728],[139.18944,36.48808],[139.18955,36.48849],[139.18921,36.48918],[139.18852,36.48987],[139.18804,36.49014],[139.1876,36.49111],[139.18703,36.49154],[139.18707,36.49179],[139.18743,36.49193],[139.1876,36.49235],[139.18858,36.49324],[139.18866,36.49362],[139.18818,36.49406],[139.18704,36.49445],[139.18703,36.49468],[139.1865,36.49521],[139.18676,36.49627],[139.18658,36.49757],[139.18735,36.4981],[139.18727,36.49842],[139.18669,36.4984],[139.18638,36.49872],[139.18635,36.49895],[139.18655,36.49916],[139.18614,36.49961],[139.18619,36.49987],[139.18673,36.50037],[139.18677,36.50184],[139.18738,36.50218],[139.18751,36.50252],[139.18722,36.50286],[139.18747,36.50321],[139.18731,36.50377],[139.18795,36.50445],[139.1881,36.505],[139.18775,36.50557],[139.18788,36.50601],[139.18777,36.50628],[139.18855,36.50656],[139.18842,36.50697],[139.18793,36.50751],[139.188,36.50774],[139.18767,36.50851],[139.188,36.50878],[139.18804,36.51001],[139.18791,36.51043],[139.18834,36.51087],[139.18786,36.51168],[139.18696,36.51212],[139.18705,36.51253],[139.1877,36.51292],[139.1875,36.51316],[139.18695,36.5133],[139.18676,36.51364],[139.18681,36.51384],[139.18747,36.51416],[139.18745,36.51454],[139.18712,36.51492],[139.18754,36.51543],[139.1872,36.51564],[139.18687,36.5156],[139.18668,36.51586],[139.18676,36.51628],[139.18629,36.51677],[139.18646,36.51803],[139.18603,36.51857],[139.18589,36.51977],[139.18547,36.52009],[139.1857,36.52106],[139.18531,36.52166],[139.18548,36.52208],[139.18538,36.52283],[139.18486,36.52318],[139.18462,36.52306],[139.18427,36.52315],[139.18397,36.52377],[139.18283,36.52485],[139.18287,36.52499],[139.18334,36.52507],[139.18376,36.52543],[139.18472,36.52569],[139.18858,36.52611],[139.18944,36.5248],[139.19041,36.52382],[139.19035,36.52328]]]},"properties":{"key":"102012370","name":"粕川町中之沢","pref":"群馬県","prefCode":"10","municipality":"前橋市","areaM2":7651744.704,"population":177,"toponymIds":["10-da34e0f67b"]}},{"type":"Feature","geometry":{"type":"Polygon","coordinates":[[[139.26711,36.43968],[139.2667,36.43814],[139.26649,36.43793],[139.26665,36.43765],[139.26824,36.43777],[139.26883,36.43736],[139.26901,36.43762],[139.26945,36.43732],[139.26972,36.43739],[139.27041,36.43713],[139.27076,36.43742],[139.27194,36.43735],[139.27198,36.43757],[139.27286,36.43749],[139.27222,36.43636],[139.27228,36.43486],[139.2718,36.43366],[139.2714,36.43186],[139.27116,36.43047],[139.2713,36.4301],[139.27062,36.42872],[139.27099,36.42554],[139.27074,36.42515],[139.27043,36.42511],[139.27039,36.42531],[139.26936,36.42519],[139.26921,36.42604],[139.26803,36.42585],[139.268,36.42603],[139.26707,36.42589],[139.26698,36.42643],[139.26659,36.42621],[139.26832,36.43011],[139.26766,36.4303],[139.26785,36.43075],[139.26699,36.431],[139.26706,36.4312],[139.2666,36.43134],[139.26667,36.43154],[139.26572,36.43179],[139.26526,36.43265],[139.26491,36.43265],[139.26461,36.43288],[139.26444,36.43267],[139.26425,36.43268],[139.26359,36.43317],[139.26347,36.43343],[139.26364,36.43361],[139.26356,36.43416],[139.26382,36.43465],[139.26356,36.43507],[139.26269,36.43563],[139.26178,36.43585],[139.26137,36.43612],[139.26107,36.43688],[139.26018,36.43785],[139.2602,36.43803],[139.2619,36.43828],[139.26338,36.43871],[139.26423,36.43928],[139.2646,36.43973],[139.26532,36.43922],[139.26609,36.43936],[139.26649,36.43978],[139.26698,36.44001],[139.26716,36.44004],[139.26711,36.43968]]]},"properties":{"key":"10212006009","name":"大間々町桐原","pref":"群馬県","prefCode":"10","municipality":"みどり市","areaM2":818556.718,"population":1308,"toponymIds":["10-d5e6d71ad9","10-0b94b173e6","10-169fd01019","10-327a3efc73"]}},{"type":"Feature","geometry":{"type":"Polygon","coordinates":[[[139.08927,36.37085],[139.09161,36.37089],[139.09162,36.36921],[139.1,36.36563],[139.10014,36.3632],[139.09668,36.3631],[139.09677,36.36076],[139.09784,36.36078],[139.09785,36.36064],[139.09796,36.35783],[139.09688,36.35781],[139.09709,36.35308],[139.08795,36.35283],[139.08803,36.35358],[139.09008,36.35682],[139.0897,36.35917],[139.08941,36.35984],[139.08951,36.36105],[139.08891,36.36281],[139.08669,36.36273],[139.08657,36.36538],[139.08391,36.36531],[139.08375,36.36857],[139.08613,36.37039],[139.0885,36.37096],[139.08927,36.37085]]]},"properties":{"key":"10201063000","name":"朝倉町","pref":"群馬県","prefCode":"10","municipality":"前橋市","areaM2":1672754.138,"population":1389,"toponymIds":["10-6d6ad56193","10-b6f923fa14","10-cdbc5ed620"]}},{"type":"Feature","geometry":{"type":"Polygon","coordinates":[[[139.07834,36.376],[139.08472,36.3759],[139.08448,36.37279],[139.0841,36.37117],[139.08247,36.37123],[139.08252,36.37167],[139.08185,36.37248],[139.08065,36.37252],[139.08067,36.3729],[139.07692,36.37287],[139.07676,36.376],[139.07834,36.376]]]},"properties":{"key":"10201219001","name":"天川原町一丁目","pref":"群馬県","prefCode":"10","municipality":"前橋市","areaM2":278570.886,"population":1792,"toponymIds":["10-39f33bb114","10-1bbf65aaa0"]}},{"type":"Feature","geometry":{"type":"Polygon","coordinates":[[[139.05325,36.38301],[139.05308,36.38297],[139.0528,36.38337],[139.05322,36.38333],[139.05325,36.38301]]]},"properties":{"key":"10201145000","name":"石倉町","pref":"群馬県","prefCode":"10","municipality":"前橋市","areaM2":1185.972,"population":0,"toponymIds":["10-1c30e991e5","10-93940e91cf"]}},{"type":"Feature","geometry":{"type":"Polygon","coordinates":[[[139.13207,36.43088],[139.13203,36.43053],[139.13184,36.43054],[139.13183,36.42995],[139.13159,36.42944],[139.1316,36.42822],[139.13226,36.42769],[139.13221,36.42879],[139.13342,36.42871],[139.13331,36.42776],[139.1324,36.42599],[139.13297,36.42586],[139.13291,36.42559],[139.1332,36.42543],[139.1328,36.42488],[139.13278,36.42454],[139.1325,36.42439],[139.1325,36.42388],[139.13227,36.42367],[139.13206,36.42285],[139.13138,36.42204],[139.13135,36.42148],[139.1326,36.42134],[139.13235,36.42105],[139.13184,36.42118],[139.13183,36.42094],[139.13225,36.42088],[139.13236,36.42102],[139.13438,36.42069],[139.1344,36.42092],[139.13504,36.42089],[139.13514,36.42033],[139.1356,36.42028],[139.13566,36.41981],[139.13585,36.41981],[139.13616,36.41908],[139.13645,36.41887],[139.13634,36.41782],[139.13601,36.41747],[139.13609,36.41679],[139.13694,36.41652],[139.13711,36.41704],[139.13644,36.4172],[139.13643,36.41767],[139.13671,36.4176],[139.13672,36.41732],[139.13714,36.41723],[139.13716,36.41703],[139.13771,36.41716],[139.13761,36.41689],[139.13777,36.41685],[139.13757,36.4165],[139.13784,36.41642],[139.13979,36.41671],[139.13984,36.41706],[139.14009,36.4171],[139.14019,36.41676],[139.14053,36.41669],[139.14017,36.41608],[139.13965,36.41575],[139.1396,36.41539],[139.13845,36.41371],[139.1379,36.41151],[139.13688,36.41024],[139.13484,36.40891],[139.1346,36.40824],[139.13425,36.40811],[139.13412,36.40756],[139.13373,36.40762],[139.13325,36.40725],[139.13292,36.40777],[139.13252,36.40773],[139.13256,36.40841],[139.13174,36.40827],[139.13162,36.40805],[139.13081,36.40803],[139.13047,36.40823],[139.12951,36.40801],[139.12946,36.40817],[139.1283,36.4086],[139.1279,36.4091],[139.12775,36.40871],[139.12783,36.40846],[139.12765,36.40822],[139.12774,36.40809],[139.1266,36.40697],[139.12539,36.40498],[139.12546,36.40478],[139.12575,36.4047],[139.12513,36.40456],[139.12487,36.40478],[139.12493,36.40652],[139.12562,36.4066],[139.12573,36.40704],[139.12624,36.40747],[139.12584,36.40873],[139.1263,36.40879],[139.1267,36.40915],[139.12712,36.40918],[139.12681,36.40933],[139.12682,36.40991],[139.12621,36.41009],[139.12493,36.41084],[139.12426,36.41269],[139.12386,36.41336],[139.12423,36.41428],[139.12297,36.41478],[139.1229,36.41561],[139.12348,36.41659],[139.12465,36.41716],[139.12502,36.41789],[139.12576,36.41871],[139.12586,36.41935],[139.12639,36.42039],[139.12624,36.4205],[139.12638,36.42062],[139.12605,36.42064],[139.1259,36.42097],[139.12645,36.42225],[139.12591,36.4223],[139.12614,36.42416],[139.12767,36.42633],[139.12781,36.4263],[139.12788,36.42647],[139.12775,36.42649],[139.12816,36.42713],[139.12809,36.42813],[139.12963,36.42803],[139.12946,36.42925],[139.12913,36.43031],[139.12906,36.43199],[139.12944,36.4337],[139.13061,36.43708],[139.13049,36.43725],[139.13068,36.43787],[139.13036,36.439],[139.13216,36.43815],[139.13223,36.43752],[139.13204,36.43671],[139.13214,36.43543],[139.13122,36.43211],[139.13255,36.43195],[139.13207,36.43088]]]},"properties":{"key":"102011140","name":"荻窪町","pref":"群馬県","prefCode":"10","municipality":"前橋市","areaM2":2240632.761,"population":1092,"toponymIds":["10-9887b93e0c","10-1b4e1d1d8b"]}},{"type":"Feature","geometry":{"type":"Polygon","coordinates":[[[139.16911,36.51935],[139.16888,36.51855],[139.16902,36.51777],[139.16943,36.51724],[139.16914,36.51678],[139.16928,36.51518],[139.16954,36.51458],[139.17013,36.51391],[139.17143,36.51313],[139.17141,36.51127],[139.17096,36.51047],[139.1708,36.50917],[139.17127,36.50811],[139.1713,36.50711],[139.17158,36.50673],[139.17237,36.50443],[139.17118,36.50032],[139.17008,36.49786],[139.16949,36.496],[139.16925,36.49464],[139.16858,36.49336],[139.16767,36.49259],[139.16847,36.49177],[139.16835,36.49093],[139.16793,36.49022],[139.16736,36.48985],[139.16628,36.4887],[139.16595,36.48792],[139.1653,36.48766],[139.16509,36.48734],[139.16499,36.48621],[139.16538,36.48481],[139.16546,36.48417],[139.16531,36.48383],[139.1655,36.48337],[139.1653,36.48305],[139.1656,36.48284],[139.16564,36.48199],[139.16633,36.48069],[139.1668,36.47927],[139.16775,36.47798],[139.16844,36.47666],[139.16866,36.47565],[139.17005,36.47179],[139.16984,36.47138],[139.16975,36.47047],[139.16899,36.46946],[139.16896,36.46871],[139.16928,36.46856],[139.17024,36.46894],[139.17179,36.46845],[139.1736,36.46818],[139.17548,36.46822],[139.17629,36.46674],[139.1772,36.46622],[139.17749,36.46622],[139.17753,36.46578],[139.17784,36.46579],[139.17939,36.46479],[139.17936,36.464],[139.17913,36.46259],[139.1781,36.46139],[139.17776,36.45991],[139.1782,36.45945],[139.17782,36.45855],[139.17826,36.4578],[139.17783,36.45699],[139.17765,36.45619],[139.17832,36.45453],[139.17835,36.45311],[139.17815,36.45252],[139.17748,36.45198],[139.17743,36.45168],[139.17773,36.45107],[139.17699,36.45009],[139.17692,36.44976],[139.17508,36.4481],[139.17338,36.44758],[139.17161,36.44664],[139.1691,36.44488],[139.16584,36.44324],[139.16352,36.44185],[139.16323,36.44121],[139.16175,36.442],[139.16164,36.4425],[139.16111,36.44276],[139.16118,36.4433],[139.16066,36.44334],[139.16083,36.44461],[139.16074,36.44503],[139.16122,36.44525],[139.16145,36.44642],[139.16188,36.44646],[139.16212,36.4468],[139.16173,36.44795],[139.16118,36.44847],[139.16149,36.44897],[139.1614,36.44931],[139.16079,36.44999],[139.16044,36.45012],[139.16035,36.45055],[139.15927,36.45098],[139.15908,36.45182],[139.1586,36.45208],[139.15852,36.4525],[139.15787,36.45289],[139.15745,36.45296],[139.15734,36.45328],[139.15651,36.45368],[139.15467,36.45584],[139.1545,36.45636],[139.15459,36.45676],[139.15422,36.45697],[139.15417,36.45733],[139.15445,36.45764],[139.1545,36.45796],[139.15483,36.45814],[139.15492,36.4587],[139.15476,36.45924],[139.15424,36.45983],[139.15363,36.46001],[139.15361,36.46056],[139.15384,36.46097],[139.15344,36.46121],[139.15329,36.46159],[139.15297,36.46184],[139.15275,36.46329],[139.15199,36.46328],[139.15191,36.46361],[139.15174,36.4637],[139.15067,36.4636],[139.15026,36.46398],[139.1493,36.46431],[139.14909,36.46455],[139.14885,36.46446],[139.14873,36.46479],[139.14758,36.4659],[139.14695,36.46687],[139.14612,36.46751],[139.14476,36.46967],[139.14385,36.47045],[139.14219,36.47144],[139.14118,36.47267],[139.14087,36.47377],[139.14038,36.47372],[139.14031,36.47388],[139.13951,36.47414],[139.13945,36.47452],[139.13981,36.47505],[139.13973,36.4755],[139.13994,36.47634],[139.13975,36.47668],[139.13902,36.47722],[139.13901,36.47753],[139.13849,36.47803],[139.13841,36.47833],[139.13862,36.47874],[139.13858,36.47913],[139.13875,36.47932],[139.13826,36.48017],[139.13852,36.48048],[139.13868,36.48134],[139.13834,36.48263],[139.13831,36.48317],[139.13848,36.48355],[139.13741,36.48563],[139.13752,36.48592],[139.13708,36.48663],[139.13507,36.4888],[139.13638,36.49428],[139.13735,36.49698],[139.13818,36.49821],[139.14018,36.50025],[139.14177,36.50284],[139.14345,36.50482],[139.1438,36.5062],[139.14348,36.50763],[139.14404,36.50857],[139.1451,36.50952],[139.14545,36.51049],[139.14546,36.51099],[139.14486,36.51197],[139.1456,36.51279],[139.14741,36.51417],[139.1518,36.51665],[139.15218,36.51739],[139.15303,36.51827],[139.15456,36.51917],[139.15511,36.51931],[139.15746,36.51919],[139.15834,36.5196],[139.16002,36.5212],[139.16079,36.5226],[139.16081,36.5235],[139.16281,36.52518],[139.16376,36.52563],[139.16547,36.52583],[139.16564,36.52491],[139.16658,36.52378],[139.16911,36.51935]]]},"properties":{"key":"102012310","name":"柏倉町","pref":"群馬県","prefCode":"10","municipality":"前橋市","areaM2":19725048.721,"population":1291,"toponymIds":["10-42f57ca406"]}},{"type":"Feature","geometry":{"type":"Polygon","coordinates":[[[139.12705,36.37394],[139.12704,36.37348],[139.12537,36.37377],[139.12624,36.37168],[139.12305,36.37069],[139.12246,36.37229],[139.12087,36.37208],[139.12097,36.37178],[139.1204,36.37195],[139.11978,36.37149],[139.11844,36.37259],[139.1166,36.37546],[139.11638,36.37636],[139.11892,36.38027],[139.11984,36.38137],[139.12077,36.38071],[139.12246,36.37808],[139.1237,36.37671],[139.12656,36.37459],[139.12705,36.37394]]]},"properties":{"key":"102011940","name":"上長磯町","pref":"群馬県","prefCode":"10","municipality":"前橋市","areaM2":589815.643,"population":704,"toponymIds":["10-f60e51eea7","10-dca49db3d2"]}},{"type":"Feature","geometry":{"type":"Polygon","coordinates":[[[139.04006,36.43281],[139.04046,36.43243],[139.03936,36.43247],[139.0396,36.43149],[139.03956,36.43102],[139.03783,36.43171],[139.03761,36.43242],[139.03712,36.43254],[139.03663,36.43099],[139.03665,36.42929],[139.03651,36.4286],[139.03708,36.4273],[139.03843,36.42562],[139.03956,36.42464],[139.04198,36.4231],[139.04269,36.42234],[139.0433,36.42113],[139.04393,36.4193],[139.0448,36.41789],[139.044,36.41723],[139.0433,36.41695],[139.04066,36.41725],[139.03988,36.41764],[139.03936,36.4188],[139.03877,36.41921],[139.0383,36.41986],[139.03546,36.42242],[139.03578,36.42253],[139.03628,36.4251],[139.03524,36.43068],[139.03444,36.43239],[139.03695,36.43557],[139.03825,36.43792],[139.03899,36.437],[139.03915,36.43635],[139.03889,36.43536],[139.03907,36.43533],[139.03936,36.43392],[139.04006,36.43281]]]},"properties":{"key":"10201181000","name":"川原町","pref":"群馬県","prefCode":"10","municipality":"前橋市","areaM2":702520.464,"population":0,"toponymIds":["10-590e8b047e","10-e7e03a52fe"]}},{"type":"Feature","geometry":{"type":"Polygon","coordinates":[[[139.16692,36.43401],[139.16685,36.43373],[139.16656,36.43374],[139.1668,36.43288],[139.16772,36.4322],[139.16914,36.43202],[139.1695,36.43148],[139.16966,36.43098],[139.16938,36.43069],[139.1692,36.43003],[139.16992,36.42862],[139.17073,36.42751],[139.17166,36.42735],[139.17156,36.42658],[139.17171,36.42645],[139.17168,36.42549],[139.17188,36.42498],[139.17303,36.4243],[139.17369,36.42418],[139.17395,36.42379],[139.17383,36.42307],[139.17342,36.42274],[139.1733,36.42177],[139.17345,36.42141],[139.17305,36.42086],[139.17302,36.42054],[139.17256,36.42018],[139.1714,36.41995],[139.17085,36.4195],[139.17033,36.41866],[139.1701,36.41707],[139.16981,36.41706],[139.16982,36.41636],[139.16919,36.41674],[139.16801,36.41541],[139.16713,36.4155],[139.16581,36.41536],[139.16472,36.41563],[139.16281,36.41696],[139.1603,36.41681],[139.16032,36.41722],[139.15893,36.41747],[139.15918,36.41794],[139.15889,36.41799],[139.15909,36.41856],[139.1587,36.41864],[139.15868,36.41899],[139.15808,36.41917],[139.15819,36.41979],[139.15773,36.42018],[139.15823,36.42045],[139.15863,36.42138],[139.15887,36.42246],[139.15952,36.42261],[139.15943,36.42307],[139.16035,36.42317],[139.16071,36.42394],[139.16066,36.42609],[139.1613,36.42733],[139.16154,36.42847],[139.16141,36.43011],[139.1617,36.4337],[139.16137,36.43694],[139.16165,36.43707],[139.16183,36.43761],[139.1622,36.43808],[139.16233,36.43842],[139.16213,36.43855],[139.1629,36.43981],[139.16326,36.44028],[139.16342,36.44022],[139.16323,36.43986],[139.16335,36.43972],[139.16325,36.43942],[139.1636,36.43929],[139.16361,36.43906],[139.16351,36.43883],[139.16303,36.43854],[139.16393,36.43816],[139.16377,36.43789],[139.16457,36.43755],[139.16388,36.43649],[139.16512,36.43596],[139.16623,36.43469],[139.16676,36.43438],[139.16692,36.43401]]]},"properties":{"key":"102012270","name":"河原浜町","pref":"群馬県","prefCode":"10","municipality":"前橋市","areaM2":2018629.748,"population":1391,"toponymIds":["10-3fc4e868ff","10-f7ceb0457c"]}},{"type":"Feature","geometry":{"type":"Polygon","coordinates":[[[139.05535,36.37758],[139.05503,36.37756],[139.05388,36.38312],[139.05527,36.38326],[139.05645,36.38315],[139.05931,36.38257],[139.05943,36.38204],[139.05905,36.37943],[139.05916,36.37831],[139.05699,36.3777],[139.05535,36.37758]]]},"properties":{"key":"102011510","name":"下石倉町","pref":"群馬県","prefCode":"10","municipality":"前橋市","areaM2":246833.475,"population":912,"toponymIds":["10-1e12ca5c97"]}},{"type":"Feature","geometry":{"type":"Polygon","coordinates":[[[139.12931,36.37057],[139.13076,36.37057],[139.13188,36.37009],[139.13374,36.36857],[139.13441,36.3678],[139.13223,36.36781],[139.13224,36.36648],[139.13206,36.36648],[139.13201,36.36594],[139.13149,36.36594],[139.13152,36.36205],[139.12994,36.36239],[139.13016,36.36374],[139.12851,36.36377],[139.12839,36.36294],[139.12788,36.36258],[139.12791,36.36291],[139.12556,36.36388],[139.12544,36.36403],[139.12569,36.36465],[139.12338,36.36687],[139.12307,36.36747],[139.12306,36.36765],[139.12378,36.36769],[139.12348,36.36944],[139.12395,36.36952],[139.12399,36.37011],[139.12375,36.37091],[139.12624,36.37168],[139.12537,36.37377],[139.12704,36.37348],[139.12677,36.37269],[139.12706,36.37193],[139.12821,36.37083],[139.12931,36.37057]]]},"properties":{"key":"102011970","name":"下長磯町","pref":"群馬県","prefCode":"10","municipality":"前橋市","areaM2":642799.351,"population":608,"toponymIds":["10-c5eda37012","10-24b1ad8320"]}},{"type":"Feature","geometry":{"type":"Polygon","coordinates":[[[139.19998,36.44461],[139.20042,36.44439],[139.20097,36.4446],[139.20142,36.44424],[139.2012,36.4437],[139.20157,36.44322],[139.20225,36.4429],[139.20239,36.44216],[139.20287,36.44214],[139.20293,36.44087],[139.20338,36.43984],[139.20408,36.4389],[139.20458,36.43788],[139.20519,36.43536],[139.20504,36.43391],[139.20478,36.4339],[139.20388,36.43072],[139.20322,36.42956],[139.20281,36.4296],[139.20274,36.43072],[139.20194,36.4307],[139.20202,36.43045],[139.20187,36.43043],[139.20163,36.43109],[139.19529,36.43085],[139.19526,36.4314],[139.19483,36.43139],[139.19474,36.43091],[139.19416,36.43091],[139.19411,36.43342],[139.19314,36.43348],[139.19315,36.43377],[139.19235,36.43429],[139.19255,36.43488],[139.1931,36.43553],[139.19294,36.43565],[139.19341,36.43613],[139.19388,36.43793],[139.19378,36.43824],[139.19332,36.43854],[139.19331,36.43789],[139.19227,36.43805],[139.19214,36.43949],[139.1937,36.43984],[139.19516,36.43933],[139.19692,36.43946],[139.19856,36.43979],[139.19804,36.44154],[139.19836,36.44317],[139.19857,36.44365],[139.19883,36.44374],[139.19845,36.44527],[139.19847,36.44571],[139.199,36.44583],[139.19998,36.44461]]]},"properties":{"key":"102012350","name":"馬場町","pref":"群馬県","prefCode":"10","municipality":"前橋市","areaM2":1191841.496,"population":450,"toponymIds":["10-506697a652","10-51783afd05"]}},{"type":"Feature","geometry":{"type":"Polygon","coordinates":[[[139.06901,36.42785],[139.06922,36.42797],[139.06906,36.42684],[139.07068,36.42623],[139.07158,36.42471],[139.07155,36.42454],[139.07308,36.4235],[139.07391,36.42187],[139.07561,36.42117],[139.07536,36.42047],[139.07488,36.42042],[139.07514,36.41963],[139.07441,36.41812],[139.07375,36.41845],[139.07344,36.41844],[139.07318,36.41925],[139.07188,36.41908],[139.0703,36.41921],[139.07,36.41884],[139.06956,36.41899],[139.06818,36.41888],[139.06805,36.41905],[139.068,36.41961],[139.0686,36.42323],[139.07055,36.42323],[139.07057,36.42353],[139.07031,36.42356],[139.07028,36.42401],[139.06976,36.42399],[139.06981,36.4243],[139.07046,36.42421],[139.07006,36.42481],[139.06996,36.42551],[139.06953,36.42584],[139.06956,36.42636],[139.06865,36.42652],[139.06857,36.42673],[139.06835,36.42671],[139.06789,36.42754],[139.06781,36.42848],[139.06804,36.4285],[139.06803,36.42871],[139.06866,36.42875],[139.06881,36.42785],[139.06901,36.42785]]]},"properties":{"key":"102011720","name":"龍蔵寺町","pref":"群馬県","prefCode":"10","municipality":"前橋市","areaM2":347629.936,"population":1565,"toponymIds":["10-442931f28a"]}},{"type":"Feature","geometry":{"type":"Polygon","coordinates":[[[138.98845,36.40397],[138.98958,36.40397],[138.99056,36.40334],[138.991,36.40283],[138.99146,36.40267],[138.99316,36.40142],[138.99405,36.40128],[138.99435,36.40094],[138.99494,36.40102],[138.9952,36.40078],[138.99564,36.40081],[138.99603,36.40045],[138.99662,36.40085],[138.99723,36.40027],[138.99826,36.40046],[138.99851,36.4],[138.99982,36.39972],[139.00033,36.39928],[138.99964,36.39846],[138.99838,36.39803],[138.99825,36.39739],[138.99719,36.39749],[138.99641,36.39724],[138.99595,36.3969],[138.99546,36.39732],[138.9932,36.39639],[138.99311,36.39671],[138.99244,36.39636],[138.99122,36.39693],[138.99074,36.39658],[138.99108,36.39614],[138.99095,36.39601],[138.99035,36.39649],[138.98979,36.39777],[138.98889,36.39921],[138.98995,36.39953],[138.9899,36.39967],[138.99012,36.39987],[138.98955,36.40107],[138.98879,36.40194],[138.98768,36.40368],[138.98845,36.40397]]]},"properties":{"key":"102026860","name":"足門町","pref":"群馬県","prefCode":"10","municipality":"高崎市","areaM2":459486.897,"population":1175,"toponymIds":["10-6b4588c9c3","10-8a4fcdedce"]}},{"type":"Feature","geometry":{"type":"Polygon","coordinates":[[[139.00605,36.32272],[139.00625,36.32121],[139.00602,36.3212],[139.00599,36.32155],[139.00565,36.32157],[139.00553,36.32196],[139.00549,36.32228],[139.00583,36.32229],[139.00583,36.32313],[139.006,36.32315],[139.00605,36.32272]]]},"properties":{"key":"102021170","name":"鍛冶町","pref":"群馬県","prefCode":"10","municipality":"高崎市","areaM2":6826.741,"population":20,"toponymIds":["10-32822d4634"]}},{"type":"Feature","geometry":{"type":"Polygon","coordinates":[[[139.00884,36.33101],[139.00886,36.33072],[139.0091,36.33073],[139.00912,36.33025],[139.00931,36.33024],[139.00935,36.32989],[139.00852,36.32987],[139.00777,36.32965],[139.00787,36.32888],[139.00699,36.32886],[139.00694,36.32911],[139.00572,36.32905],[139.0057,36.32917],[139.00591,36.32918],[139.00585,36.32979],[139.00512,36.32977],[139.00511,36.33015],[139.00768,36.33037],[139.0076,36.33124],[139.00884,36.33131],[139.00884,36.33101]]]},"properties":{"key":"102021230","name":"九蔵町","pref":"群馬県","prefCode":"10","municipality":"高崎市","areaM2":48950.345,"population":423,"toponymIds":["10-0d8317baa2"]}},{"type":"Feature","geometry":{"type":"Polygon","coordinates":[[[139.04129,36.29783],[139.04144,36.29576],[139.04049,36.29566],[139.04016,36.29535],[139.03948,36.29528],[139.03957,36.29454],[139.03849,36.29369],[139.03848,36.29333],[139.03826,36.29317],[139.0381,36.29361],[139.03666,36.29426],[139.03671,36.29535],[139.03627,36.29547],[139.03549,36.29506],[139.03494,36.29522],[139.03518,36.29583],[139.03516,36.29627],[139.03451,36.29678],[139.03381,36.29652],[139.03368,36.29715],[139.03298,36.29776],[139.0334,36.29803],[139.03385,36.29755],[139.03423,36.29754],[139.03511,36.29804],[139.03441,36.29876],[139.0364,36.29928],[139.04129,36.29783]]]},"properties":{"key":"10202600001","name":"倉賀野町","pref":"群馬県","prefCode":"10","municipality":"高崎市","areaM2":269882.559,"population":984,"toponymIds":["10-dac379463e","10-eb591387c7"]}},{"type":"Feature","geometry":{"type":"Polygon","coordinates":[[[138.78836,36.42642],[138.78651,36.42637],[138.78458,36.42512],[138.78339,36.42495],[138.78268,36.42467],[138.78171,36.42461],[138.78109,36.42482],[138.77971,36.42457],[138.77694,36.42281],[138.77638,36.42283],[138.77533,36.42327],[138.77434,36.42317],[138.77,36.42105],[138.76594,36.41773],[138.76378,36.41695],[138.75901,36.41702],[138.75799,36.41688],[138.75632,36.41562],[138.75481,36.41489],[138.75344,36.41452],[138.75257,36.41453],[138.74961,36.41534],[138.74745,36.41543],[138.74583,36.41612],[138.74478,36.41621],[138.74336,36.41692],[138.7427,36.41771],[138.74237,36.41781],[138.73942,36.41657],[138.73664,36.41474],[138.73259,36.41074],[138.73161,36.41162],[138.73018,36.41163],[138.72878,36.41202],[138.72783,36.41188],[138.72707,36.41199],[138.72609,36.41274],[138.72372,36.41299],[138.72221,36.41371],[138.72124,36.41379],[138.72003,36.41476],[138.719,36.4147],[138.71731,36.41536],[138.71661,36.41544],[138.71616,36.41526],[138.71542,36.4145],[138.71391,36.41405],[138.71382,36.41334],[138.71351,36.41273],[138.71304,36.41233],[138.71283,36.4114],[138.71226,36.41095],[138.7116,36.41085],[138.7105,36.41011],[138.70997,36.40901],[138.70961,36.40862],[138.7058,36.40883],[138.70392,36.40821],[138.70136,36.40881],[138.70046,36.40958],[138.69998,36.41032],[138.69847,36.41057],[138.69736,36.41112],[138.69644,36.41124],[138.69523,36.41167],[138.6924,36.41181],[138.69057,36.41223],[138.68733,36.41267],[138.68668,36.41322],[138.68465,36.41423],[138.68365,36.41542],[138.69165,36.42031],[138.69479,36.42203],[138.70053,36.42486],[138.70407,36.42604],[138.7088,36.42701],[138.71224,36.42715],[138.72337,36.42654],[138.72638,36.42569],[138.72702,36.42953],[138.7279,36.43188],[138.72966,36.43495],[138.73152,36.43707],[138.73274,36.43787],[138.73646,36.4396],[138.74119,36.4411],[138.74445,36.44159],[138.75327,36.44235],[138.7597,36.44353],[138.76127,36.4443],[138.76159,36.44478],[138.76249,36.44537],[138.76809,36.44834],[138.76992,36.44727],[138.77007,36.44684],[138.76977,36.44602],[138.76996,36.44564],[138.77055,36.44531],[138.77188,36.445],[138.77334,36.44352],[138.77468,36.44264],[138.77469,36.44188],[138.77517,36.44088],[138.77601,36.44029],[138.77665,36.44006],[138.77715,36.43909],[138.77884,36.43804],[138.77898,36.43778],[138.77894,36.43725],[138.77959,36.43586],[138.77995,36.43527],[138.7803,36.43504],[138.78118,36.43348],[138.784,36.4316],[138.78482,36.4303],[138.78644,36.42995],[138.78682,36.42955],[138.78862,36.42654],[138.78836,36.42642]]]},"properties":{"key":"102026600","name":"倉渕町岩氷","pref":"群馬県","prefCode":"10","municipality":"高崎市","areaM2":18829223.545,"population":406,"toponymIds":["10-b68ea4ffcc"]}},{"type":"Feature","geometry":{"type":"Polygon","coordinates":[[[138.72486,36.48142],[138.72603,36.48081],[138.72741,36.4796],[138.73014,36.47819],[138.73069,36.4777],[138.73455,36.47684],[138.738,36.47765],[138.73944,36.47664],[138.74041,36.47652],[138.74177,36.47712],[138.74327,36.47708],[138.7443,36.47647],[138.74617,36.47611],[138.74811,36.47653],[138.74851,36.47592],[138.74881,36.47581],[138.75045,36.47593],[138.75064,36.47638],[138.7511,36.47656],[138.75314,36.47643],[138.75254,36.47415],[138.75261,36.47105],[138.75355,36.46686],[138.75406,36.46304],[138.75486,36.46083],[138.75518,36.46025],[138.75593,36.45986],[138.7574,36.4587],[138.75897,36.45825],[138.76009,36.45768],[138.76115,36.45584],[138.76154,36.4546],[138.76187,36.45424],[138.76419,36.45432],[138.76514,36.45369],[138.76527,36.45328],[138.76489,36.45141],[138.76504,36.45055],[138.7661,36.4493],[138.76809,36.44834],[138.76249,36.44537],[138.76159,36.44478],[138.76127,36.4443],[138.7597,36.44353],[138.75327,36.44235],[138.74445,36.44159],[138.74119,36.4411],[138.73646,36.4396],[138.73274,36.43787],[138.73152,36.43707],[138.72966,36.43495],[138.7279,36.43188],[138.72702,36.42953],[138.72638,36.42569],[138.72337,36.42654],[138.71224,36.42715],[138.7088,36.42701],[138.70407,36.42604],[138.70053,36.42486],[138.69479,36.42203],[138.69165,36.42031],[138.68365,36.41542],[138.68308,36.41589],[138.68085,36.41568],[138.6795,36.41434],[138.67858,36.41418],[138.67809,36.41387],[138.67624,36.41369],[138.67424,36.41235],[138.67081,36.41235],[138.67026,36.41194],[138.6698,36.41111],[138.66956,36.41099],[138.6679,36.41141],[138.66673,36.41144],[138.66543,36.41183],[138.66458,36.4118],[138.66112,36.41016],[138.66021,36.40927],[138.65925,36.40934],[138.65685,36.40887],[138.6562,36.40888],[138.65551,36.4082],[138.65352,36.40737],[138.6519,36.40758],[138.64968,36.4074],[138.64896,36.40759],[138.64836,36.40731],[138.64824,36.40807],[138.64774,36.40891],[138.64782,36.40942],[138.64676,36.4103],[138.64649,36.41094],[138.64545,36.41087],[138.6442,36.4116],[138.64383,36.41256],[138.64414,36.41455],[138.64394,36.41494],[138.64438,36.41547],[138.64461,36.4161],[138.64523,36.41629],[138.64571,36.41705],[138.6457,36.41756],[138.64512,36.41843],[138.64494,36.41897],[138.64517,36.41967],[138.64498,36.42019],[138.64584,36.42133],[138.64543,36.42214],[138.64546,36.42357],[138.64558,36.42378],[138.64728,36.42494],[138.64668,36.42526],[138.64644,36.42628],[138.64516,36.4277],[138.6452,36.42917],[138.64498,36.43094],[138.64466,36.43124],[138.64365,36.43166],[138.64321,36.4321],[138.64335,36.4347],[138.64348,36.43504],[138.64332,36.43636],[138.64312,36.43712],[138.64201,36.43779],[138.64322,36.43882],[138.64354,36.43932],[138.64455,36.44029],[138.64539,36.4409],[138.64578,36.44235],[138.6466,36.44336],[138.64825,36.44469],[138.64916,36.44507],[138.64954,36.4454],[138.64986,36.4462],[138.64995,36.44731],[138.65085,36.44776],[138.65177,36.44906],[138.65362,36.45042],[138.65487,36.45174],[138.65602,36.45209],[138.65713,36.45274],[138.65767,36.45375],[138.65819,36.45414],[138.65928,36.45418],[138.66054,36.45333],[138.66211,36.45357],[138.66258,36.45442],[138.66411,36.45567],[138.66419,36.45663],[138.66476,36.45683],[138.6658,36.45782],[138.66574,36.45893],[138.66591,36.45936],[138.6673,36.45977],[138.66883,36.46134],[138.66956,36.46169],[138.67034,36.46241],[138.67154,36.46262],[138.67261,36.46252],[138.67329,36.46333],[138.67359,36.46344],[138.67463,36.46334],[138.67535,36.46365],[138.6782,36.46378],[138.67983,36.46491],[138.68181,36.46532],[138.68191,36.46551],[138.68179,36.466],[138.68406,36.46787],[138.68407,36.46921],[138.68378,36.46989],[138.68381,36.4705],[138.68535,36.47204],[138.68689,36.47283],[138.68706,36.47365],[138.68901,36.47406],[138.69162,36.47403],[138.69459,36.47367],[138.69678,36.47302],[138.69775,36.47315],[138.69841,36.47354],[138.69978,36.47371],[138.70108,36.47453],[138.70365,36.47553],[138.70405,36.47591],[138.70466,36.47735],[138.70575,36.47791],[138.70642,36.47845],[138.70851,36.47873],[138.70949,36.47903],[138.71045,36.47873],[138.71181,36.47916],[138.71247,36.47916],[138.71256,36.47973],[138.71436,36.4808],[138.71639,36.48048],[138.7181,36.48117],[138.72117,36.48133],[138.72227,36.48208],[138.72272,36.48222],[138.72341,36.48215],[138.72486,36.48142]]]},"properties":{"key":"102026620","name":"倉渕町川浦","pref":"群馬県","prefCode":"10","municipality":"高崎市","areaM2":51804910.088,"population":482,"toponymIds":["10-3c024831bd"]}},{"type":"Feature","geometry":{"type":"Polygon","coordinates":[[[138.8325,36.44526],[138.8309,36.4444],[138.83022,36.44345],[138.82973,36.44335],[138.82894,36.44273],[138.82819,36.44174],[138.82793,36.44089],[138.82666,36.43917],[138.82503,36.43617],[138.82361,36.43448],[138.82317,36.43289],[138.82375,36.43186],[138.82346,36.43163],[138.8234,36.43133],[138.82371,36.43079],[138.82389,36.42993],[138.82199,36.43102],[138.82094,36.43116],[138.81972,36.4309],[138.8194,36.43068],[138.81902,36.43007],[138.81859,36.42797],[138.81807,36.42713],[138.81597,36.42573],[138.81503,36.42571],[138.81461,36.42553],[138.81433,36.42483],[138.81316,36.42366],[138.81155,36.42275],[138.81043,36.42173],[138.80931,36.42145],[138.80873,36.42048],[138.8089,36.42125],[138.80959,36.42275],[138.80804,36.42529],[138.80658,36.42877],[138.80298,36.42644],[138.80171,36.42588],[138.80103,36.42575],[138.79919,36.42579],[138.7976,36.4254],[138.79666,36.42471],[138.79636,36.42426],[138.79611,36.42312],[138.7954,36.42198],[138.79429,36.42112],[138.79328,36.42189],[138.79242,36.42214],[138.79186,36.42299],[138.78832,36.42691],[138.78682,36.42955],[138.78644,36.42995],[138.78482,36.4303],[138.784,36.4316],[138.78118,36.43348],[138.78043,36.43464],[138.78078,36.43544],[138.78201,36.43607],[138.78375,36.43789],[138.78808,36.43975],[138.78858,36.44076],[138.78966,36.44153],[138.78952,36.44243],[138.78963,36.44258],[138.7903,36.44255],[138.7909,36.44327],[138.79179,36.44289],[138.792,36.44372],[138.79326,36.44479],[138.79408,36.44421],[138.79742,36.44111],[138.79842,36.43984],[138.79958,36.43798],[138.80028,36.43721],[138.80304,36.44114],[138.80501,36.44319],[138.80606,36.44346],[138.81085,36.44368],[138.81166,36.4439],[138.81323,36.4449],[138.81525,36.44491],[138.81729,36.44553],[138.8184,36.44612],[138.82045,36.44689],[138.82082,36.44786],[138.82115,36.44827],[138.82454,36.44976],[138.83465,36.45189],[138.83775,36.45231],[138.83728,36.45179],[138.83616,36.45151],[138.83448,36.4504],[138.83419,36.44998],[138.8337,36.44822],[138.83322,36.44739],[138.83317,36.44583],[138.83295,36.44548],[138.8325,36.44526]]]},"properties":{"key":"102026590","name":"倉渕町権田","pref":"群馬県","prefCode":"10","municipality":"高崎市","areaM2":7733863.422,"population":313,"toponymIds":["10-c845dbb7de","10-0ca4434bc9"]}},{"type":"Feature","geometry":{"type":"Polygon","coordinates":[[[138.78862,36.42654],[138.79186,36.42299],[138.79242,36.42214],[138.79328,36.42189],[138.79429,36.42112],[138.79436,36.42059],[138.7942,36.41968],[138.79528,36.41768],[138.79717,36.41685],[138.79805,36.41507],[138.79793,36.41394],[138.79914,36.41098],[138.80079,36.40859],[138.80027,36.40814],[138.79869,36.40764],[138.79713,36.4068],[138.79448,36.40468],[138.7919,36.40721],[138.78837,36.40559],[138.78642,36.40439],[138.78572,36.40262],[138.78481,36.40149],[138.77894,36.3988],[138.77534,36.39645],[138.77448,36.39429],[138.77356,36.39481],[138.77189,36.39509],[138.77115,36.39562],[138.7703,36.3955],[138.76834,36.39634],[138.76734,36.39747],[138.76516,36.39793],[138.76433,36.39827],[138.76406,36.39855],[138.76349,36.39998],[138.76258,36.40083],[138.76138,36.40101],[138.7611,36.40158],[138.76014,36.40181],[138.75983,36.40232],[138.75894,36.40231],[138.75836,36.4028],[138.75823,36.4033],[138.75695,36.40385],[138.75664,36.40431],[138.75554,36.4046],[138.75455,36.40511],[138.75386,36.40487],[138.75349,36.40492],[138.7523,36.40579],[138.75203,36.40668],[138.75015,36.4066],[138.74896,36.40634],[138.74873,36.40643],[138.74827,36.40714],[138.74584,36.40766],[138.74448,36.40724],[138.74313,36.40726],[138.74192,36.40792],[138.74143,36.40861],[138.74104,36.40882],[138.73926,36.40906],[138.73852,36.40951],[138.73692,36.40981],[138.73527,36.40972],[138.73259,36.41074],[138.73664,36.41474],[138.73942,36.41657],[138.74237,36.41781],[138.7427,36.41771],[138.74336,36.41692],[138.74478,36.41621],[138.74583,36.41612],[138.74745,36.41543],[138.74961,36.41534],[138.75257,36.41453],[138.75344,36.41452],[138.75481,36.41489],[138.75632,36.41562],[138.75799,36.41688],[138.75901,36.41702],[138.76378,36.41695],[138.76594,36.41773],[138.77,36.42105],[138.77434,36.42317],[138.77533,36.42327],[138.77638,36.42283],[138.77694,36.42281],[138.77971,36.42457],[138.78109,36.42482],[138.78171,36.42461],[138.78268,36.42467],[138.78339,36.42495],[138.78458,36.42512],[138.78651,36.42637],[138.78816,36.42637],[138.78862,36.42654]]]},"properties":{"key":"102026580","name":"倉渕町水沼","pref":"群馬県","prefCode":"10","municipality":"高崎市","areaM2":10326400.045,"population":326,"toponymIds":["10-02aa9336ca","10-583bb539ce"]}},{"type":"Feature","geometry":{"type":"Polygon","coordinates":[[[139.01642,36.38588],[139.01645,36.38509],[139.02098,36.3852],[139.0211,36.38213],[139.02208,36.3824],[139.02207,36.38149],[139.02232,36.38103],[139.02246,36.38015],[139.02248,36.37847],[139.02284,36.3772],[139.02125,36.37703],[139.02125,36.3765],[139.01987,36.37639],[139.01905,36.37555],[139.01806,36.3751],[139.01767,36.37474],[139.01836,36.37424],[139.01668,36.37408],[139.01714,36.37333],[139.01679,36.37327],[139.0168,36.37303],[139.01578,36.37286],[139.0159,36.37235],[139.01528,36.37224],[139.0154,36.37183],[139.01453,36.37165],[139.01414,36.37318],[139.01325,36.37305],[139.01331,36.37281],[139.01156,36.37244],[139.01167,36.37202],[139.01079,36.37186],[139.01092,36.3713],[139.01004,36.37114],[139.01021,36.37049],[139.00876,36.37026],[139.00847,36.3714],[139.00905,36.37169],[139.00906,36.37211],[139.00891,36.37317],[139.00799,36.37618],[139.00806,36.37716],[139.00789,36.3787],[139.00791,36.37888],[139.00954,36.37892],[139.00956,36.38212],[139.00945,36.38224],[139.0107,36.38226],[139.01065,36.38362],[139.01261,36.38366],[139.01258,36.38472],[139.01642,36.38588]]]},"properties":{"key":"102027010","name":"菅谷町","pref":"群馬県","prefCode":"10","municipality":"高崎市","areaM2":1459467.692,"population":4116,"toponymIds":["10-ee6ae69359","10-ac4f766a6e"]}},{"type":"Feature","geometry":{"type":"Polygon","coordinates":[[[138.90839,36.37627],[138.90767,36.3753],[138.90602,36.3755],[138.90393,36.37382],[138.90329,36.37407],[138.90315,36.37367],[138.90148,36.37437],[138.90107,36.37382],[138.90135,36.37364],[138.90109,36.37333],[138.90029,36.37323],[138.90012,36.373],[138.90025,36.37292],[138.90001,36.37255],[138.90024,36.37237],[138.90003,36.37194],[138.90016,36.37158],[138.89883,36.37126],[138.8975,36.37193],[138.89792,36.37322],[138.89829,36.37326],[138.89817,36.3737],[138.89802,36.37378],[138.89817,36.37416],[138.89791,36.37441],[138.89822,36.37495],[138.89817,36.37595],[138.89875,36.37708],[138.89923,36.37732],[138.8996,36.37779],[138.90051,36.37933],[138.90269,36.37828],[138.90413,36.37805],[138.90705,36.37663],[138.90839,36.37627]]]},"properties":{"key":"10202725036","name":"中里見町","pref":"群馬県","prefCode":"10","municipality":"高崎市","areaM2":394218.282,"population":558,"toponymIds":["10-31cd6e205c","10-85c0e29952","10-6910a42633"]}},{"type":"Feature","geometry":{"type":"Polygon","coordinates":[[[139.33623,36.40684],[139.33735,36.40607],[139.33819,36.40579],[139.33815,36.40565],[139.33591,36.40664],[139.33558,36.40703],[139.33623,36.40684]]]},"properties":{"key":"102030150","name":"川岸町","pref":"群馬県","prefCode":"10","municipality":"桐生市","areaM2":6033.286,"population":17,"toponymIds":["10-38185d0008"]}},{"type":"Feature","geometry":{"type":"Polygon","coordinates":[[[139.33775,36.3942],[139.33713,36.39331],[139.33462,36.39476],[139.33266,36.39616],[139.33364,36.39667],[139.33606,36.39862],[139.33899,36.39587],[139.33834,36.39465],[139.33775,36.3942]]]},"properties":{"key":"102030110","name":"小梅町","pref":"群馬県","prefCode":"10","municipality":"桐生市","areaM2":167156.908,"population":411,"toponymIds":["10-5245fc2255"]}},{"type":"Feature","geometry":{"type":"Polygon","coordinates":[[[139.23505,36.4553],[139.23596,36.45531],[139.23753,36.455],[139.23933,36.45522],[139.24032,36.45508],[139.24244,36.45427],[139.24324,36.45432],[139.24285,36.45378],[139.24284,36.45351],[139.24344,36.45291],[139.24344,36.4534],[139.24387,36.45347],[139.2441,36.45329],[139.24454,36.45352],[139.24421,36.45376],[139.2451,36.4545],[139.24629,36.45423],[139.24635,36.45394],[139.24516,36.45339],[139.24511,36.45311],[139.2447,36.4529],[139.24563,36.45165],[139.24568,36.45138],[139.24556,36.45132],[139.24595,36.45001],[139.24591,36.44945],[139.24561,36.44931],[139.24603,36.44793],[139.24642,36.44758],[139.24645,36.44715],[139.24627,36.44703],[139.24683,36.44513],[139.24697,36.44517],[139.24725,36.4447],[139.24798,36.44455],[139.24798,36.44423],[139.24749,36.44407],[139.24725,36.44371],[139.24765,36.44372],[139.24754,36.44288],[139.24717,36.44211],[139.24685,36.44184],[139.24629,36.44198],[139.24588,36.44178],[139.24449,36.44176],[139.24252,36.44144],[139.24285,36.44071],[139.24291,36.4399],[139.24173,36.43975],[139.24175,36.43957],[139.24238,36.43909],[139.2424,36.43881],[139.24195,36.43843],[139.24094,36.43802],[139.23977,36.43793],[139.24053,36.43913],[139.23741,36.43971],[139.23709,36.43879],[139.23702,36.43784],[139.23542,36.43763],[139.23443,36.4389],[139.23376,36.4394],[139.23354,36.43945],[139.23329,36.43929],[139.23282,36.4398],[139.23213,36.43989],[139.23092,36.44068],[139.23051,36.44064],[139.2305,36.441],[139.22987,36.44106],[139.22995,36.44131],[139.23191,36.4422],[139.23307,36.44253],[139.23299,36.44281],[139.23411,36.44323],[139.23309,36.44416],[139.23197,36.44488],[139.23165,36.44548],[139.23196,36.44593],[139.23175,36.44629],[139.23216,36.44632],[139.23229,36.44704],[139.23275,36.44787],[139.23262,36.44791],[139.23221,36.44916],[139.23226,36.44955],[139.23205,36.45039],[139.23244,36.45115],[139.23349,36.45229],[139.23331,36.45323],[139.23338,36.45402],[139.23429,36.45527],[139.23505,36.4553]]]},"properties":{"key":"102030440","name":"新里町大久保","pref":"群馬県","prefCode":"10","municipality":"桐生市","areaM2":2087159.921,"population":495,"toponymIds":["10-940e5abce1","10-54e1ef9fd6"]}},{"type":"Feature","geometry":{"type":"Polygon","coordinates":[[[139.25322,36.39339],[139.25354,36.39327],[139.25383,36.39358],[139.2587,36.39321],[139.25851,36.3916],[139.25861,36.38768],[139.25787,36.38586],[139.25773,36.38407],[139.25732,36.38254],[139.25729,36.37884],[139.2539,36.3784],[139.25052,36.37829],[139.25041,36.37981],[139.24897,36.37946],[139.24887,36.3811],[139.24936,36.38268],[139.24942,36.38419],[139.24919,36.38543],[139.24919,36.38808],[139.24886,36.39086],[139.24939,36.39091],[139.2495,36.3915],[139.25237,36.39156],[139.25225,36.39375],[139.25327,36.39369],[139.25322,36.39339]]]},"properties":{"key":"102040830","name":"赤堀鹿島町","pref":"群馬県","prefCode":"10","municipality":"伊勢崎市","areaM2":1238790.294,"population":1148,"toponymIds":["10-8c870bc6e0"]}},{"type":"Feature","geometry":{"type":"Polygon","coordinates":[[[139.23292,36.40161],[139.23284,36.40117],[139.233,36.40067],[139.23279,36.39909],[139.23221,36.39836],[139.23204,36.39774],[139.23241,36.39729],[139.23281,36.3972],[139.23379,36.39652],[139.23475,36.39708],[139.23545,36.39695],[139.23533,36.3965],[139.23558,36.39577],[139.23507,36.39485],[139.23515,36.39358],[139.23529,36.39338],[139.23471,36.3934],[139.23327,36.39241],[139.23397,36.39192],[139.23244,36.39055],[139.23154,36.3909],[139.23152,36.3911],[139.23059,36.39034],[139.22912,36.38949],[139.22701,36.39074],[139.22666,36.39022],[139.2264,36.3904],[139.2251,36.39055],[139.22585,36.39178],[139.22556,36.3947],[139.22672,36.39562],[139.22821,36.39769],[139.22761,36.39932],[139.22751,36.40052],[139.22988,36.4007],[139.22992,36.40098],[139.23023,36.40131],[139.2313,36.40132],[139.23131,36.40159],[139.23292,36.40161]]]},"properties":{"key":"102040870","name":"磯町","pref":"群馬県","prefCode":"10","municipality":"伊勢崎市","areaM2":755877.072,"population":263,"toponymIds":["10-7d2087fcdd","10-0c48957899"]}},{"type":"Feature","geometry":{"type":"Polygon","coordinates":[[[139.20771,36.34663],[139.20772,36.3465],[139.20819,36.34652],[139.20734,36.34489],[139.20798,36.34487],[139.2074,36.34273],[139.20782,36.34261],[139.20746,36.3307],[139.20645,36.33071],[139.20517,36.3331],[139.20527,36.33171],[139.20302,36.33166],[139.20152,36.33355],[139.20119,36.33523],[139.20136,36.33708],[139.20126,36.33861],[139.20139,36.34138],[139.20078,36.34304],[139.20106,36.3437],[139.20272,36.34519],[139.20379,36.34545],[139.20425,36.34574],[139.20529,36.34733],[139.20594,36.34786],[139.20782,36.34695],[139.20771,36.34663]]]},"properties":{"key":"102040190","name":"鹿島町","pref":"群馬県","prefCode":"10","municipality":"伊勢崎市","areaM2":915283.837,"population":1060,"toponymIds":["10-c7fbf82ba7"]}},{"type":"Feature","geometry":{"type":"Polygon","coordinates":[[[139.1944,36.34416],[139.19734,36.3439],[139.19974,36.34391],[139.20028,36.34405],[139.20106,36.3437],[139.20077,36.34288],[139.20139,36.34138],[139.20143,36.34088],[139.20122,36.33588],[139.1983,36.33604],[139.19439,36.33715],[139.19455,36.3381],[139.19515,36.33805],[139.19519,36.33848],[139.19392,36.33868],[139.19419,36.34039],[139.1932,36.34059],[139.1904,36.34177],[139.19103,36.3421],[139.19102,36.34284],[139.19174,36.34286],[139.19299,36.34429],[139.19299,36.34458],[139.1944,36.34416]]]},"properties":{"key":"102040090","name":"華蔵寺町","pref":"群馬県","prefCode":"10","municipality":"伊勢崎市","areaM2":621464.858,"population":1416,"toponymIds":["10-186d57f08a"]}},{"type":"Feature","geometry":{"type":"Polygon","coordinates":[[[139.27643,36.34336],[139.27651,36.34304],[139.2782,36.34321],[139.27831,36.34249],[139.28426,36.34306],[139.28423,36.34273],[139.28318,36.34132],[139.28321,36.34074],[139.28213,36.34054],[139.28195,36.33965],[139.27926,36.33919],[139.27914,36.33891],[139.26605,36.33774],[139.26611,36.33846],[139.26516,36.33921],[139.26435,36.34039],[139.26387,36.34258],[139.26399,36.34317],[139.27274,36.34402],[139.27271,36.34436],[139.27594,36.34472],[139.27643,36.34336]]]},"properties":{"key":"102052180","name":"大久保町","pref":"群馬県","prefCode":"10","municipality":"太田市","areaM2":918495.264,"population":703,"toponymIds":["10-7124554199","10-1112511ea8"]}},{"type":"Feature","geometry":{"type":"Polygon","coordinates":[[[139.34402,36.36078],[139.34443,36.36077],[139.34503,36.36022],[139.34602,36.36056],[139.34713,36.36023],[139.34792,36.36025],[139.34835,36.36007],[139.34877,36.36033],[139.34973,36.36012],[139.34987,36.3596],[139.35071,36.35845],[139.35028,36.358],[139.34964,36.35784],[139.34932,36.35686],[139.34869,36.35581],[139.347,36.3548],[139.34684,36.35414],[139.34647,36.35351],[139.34641,36.35198],[139.34446,36.34898],[139.34417,36.34763],[139.34341,36.34618],[139.34409,36.34618],[139.34416,36.34596],[139.34493,36.34532],[139.34517,36.34479],[139.34454,36.34443],[139.34509,36.34367],[139.34464,36.34137],[139.34188,36.34169],[139.34117,36.33973],[139.33978,36.33955],[139.33757,36.33888],[139.33708,36.33832],[139.33297,36.33571],[139.33312,36.3353],[139.3318,36.335],[139.33105,36.33391],[139.33055,36.33534],[139.33128,36.33553],[139.33106,36.33624],[139.33071,36.33616],[139.3305,36.33665],[139.32979,36.33643],[139.32972,36.33665],[139.33004,36.33673],[139.32953,36.33819],[139.33032,36.33839],[139.33048,36.33791],[139.33194,36.33833],[139.33227,36.33881],[139.3325,36.33859],[139.33286,36.33885],[139.33248,36.33916],[139.33546,36.34541],[139.33572,36.34685],[139.33559,36.34691],[139.33603,36.34765],[139.33641,36.34796],[139.33604,36.34863],[139.33637,36.34869],[139.33624,36.34952],[139.3364,36.35019],[139.33836,36.35242],[139.33863,36.35293],[139.33874,36.35367],[139.33848,36.35467],[139.33869,36.35524],[139.33947,36.35597],[139.33983,36.35663],[139.3403,36.35967],[139.34144,36.36053],[139.34233,36.36062],[139.34302,36.3609],[139.34402,36.36078]]]},"properties":{"key":"102050720","name":"菅塩町","pref":"群馬県","prefCode":"10","municipality":"太田市","areaM2":2089593.86,"population":489,"toponymIds":["10-9a09d11e27","10-9a04b2d571"]}},{"type":"Feature","geometry":{"type":"Polygon","coordinates":[[[139.31424,36.34181],[139.31532,36.34192],[139.3161,36.34175],[139.31617,36.34218],[139.31696,36.34307],[139.31775,36.34307],[139.3185,36.34113],[139.31818,36.34115],[139.31764,36.34009],[139.31935,36.33851],[139.32039,36.33927],[139.32197,36.33788],[139.32242,36.33674],[139.30708,36.32559],[139.29701,36.33462],[139.31117,36.34493],[139.3126,36.34373],[139.31286,36.34264],[139.31424,36.34181]]]},"properties":{"key":"102051790","name":"新田市野倉町","pref":"群馬県","prefCode":"10","municipality":"太田市","areaM2":2442535.279,"population":502,"toponymIds":["10-1e92756548"]}},{"type":"Feature","geometry":{"type":"Polygon","coordinates":[[[139.31521,36.25114],[139.31757,36.25106],[139.31891,36.25072],[139.31835,36.24994],[139.3182,36.24931],[139.31795,36.24936],[139.31775,36.24766],[139.31841,36.24782],[139.31843,36.24761],[139.31864,36.24762],[139.31843,36.24688],[139.3197,36.2468],[139.31819,36.24462],[139.31586,36.2436],[139.31471,36.245],[139.31458,36.24437],[139.31368,36.24354],[139.31454,36.24309],[139.31171,36.24184],[139.30775,36.23757],[139.30653,36.23785],[139.30581,36.23995],[139.30746,36.24331],[139.3085,36.24319],[139.3091,36.2469],[139.31134,36.24664],[139.31166,36.24849],[139.31253,36.24842],[139.31282,36.24967],[139.31347,36.24929],[139.3139,36.24999],[139.31346,36.25019],[139.31358,36.25034],[139.31432,36.25105],[139.31465,36.25121],[139.31521,36.25114]]]},"properties":{"key":"102051380","name":"武蔵島町","pref":"群馬県","prefCode":"10","municipality":"太田市","areaM2":783446.728,"population":241,"toponymIds":["10-6933436a36"]}},{"type":"Feature","geometry":{"type":"Polygon","coordinates":[[[139.38045,36.34757],[139.38088,36.347],[139.38012,36.34719],[139.37911,36.34674],[139.37871,36.34731],[139.37789,36.34697],[139.37843,36.34614],[139.37838,36.34459],[139.37873,36.34394],[139.37856,36.34392],[139.37864,36.34346],[139.37851,36.34346],[139.37851,36.34316],[139.37776,36.3431],[139.37898,36.34174],[139.37834,36.34181],[139.37729,36.34236],[139.37591,36.34275],[139.37604,36.3423],[139.37566,36.34204],[139.37519,36.34208],[139.37498,36.34176],[139.37458,36.34222],[139.37368,36.34159],[139.37328,36.34195],[139.37258,36.34143],[139.3722,36.34176],[139.37161,36.34132],[139.37146,36.34147],[139.37052,36.3403],[139.37228,36.33869],[139.36997,36.33857],[139.36991,36.33736],[139.36871,36.33727],[139.36852,36.33695],[139.36786,36.33699],[139.36784,36.33719],[139.3669,36.33711],[139.36722,36.33637],[139.36495,36.33656],[139.3649,36.33714],[139.36438,36.33726],[139.36469,36.33808],[139.36424,36.33966],[139.3628,36.34061],[139.3633,36.34088],[139.36339,36.3412],[139.36289,36.3416],[139.36414,36.34139],[139.36464,36.34166],[139.36468,36.34186],[139.36691,36.34231],[139.3674,36.34265],[139.36763,36.34307],[139.36745,36.34359],[139.3679,36.34392],[139.36886,36.34384],[139.36904,36.34411],[139.36905,36.34497],[139.36829,36.34543],[139.36809,36.34577],[139.3693,36.34576],[139.37098,36.3446],[139.37125,36.34519],[139.37204,36.34523],[139.37199,36.34563],[139.37138,36.34681],[139.37152,36.34733],[139.37135,36.34759],[139.37141,36.34781],[139.37269,36.34736],[139.37291,36.3469],[139.37334,36.34756],[139.37364,36.34747],[139.37372,36.34787],[139.37393,36.34788],[139.37401,36.34764],[139.37434,36.34778],[139.37461,36.3474],[139.37485,36.34748],[139.37457,36.3479],[139.37884,36.34987],[139.38045,36.34757]]]},"properties":{"key":"102051180","name":"吉沢町","pref":"群馬県","prefCode":"10","municipality":"太田市","areaM2":920851.765,"population":421,"toponymIds":["10-40cb94af60","10-7fc00c441f"]}},{"type":"Feature","geometry":{"type":"Polygon","coordinates":[[[139.02582,36.66578],[139.026,36.66581],[139.02623,36.66641],[139.02667,36.66652],[139.0269,36.66592],[139.02731,36.66549],[139.02834,36.66485],[139.02922,36.66374],[139.02941,36.66372],[139.02931,36.66324],[139.02953,36.66269],[139.03002,36.66235],[139.0304,36.66179],[139.0301,36.66024],[139.0307,36.65902],[139.03062,36.65879],[139.02965,36.65781],[139.02912,36.65701],[139.02814,36.6563],[139.02769,36.65767],[139.02653,36.65829],[139.0254,36.65968],[139.01995,36.66424],[139.02186,36.66455],[139.02304,36.6641],[139.0235,36.66436],[139.02348,36.6648],[139.02381,36.66525],[139.02448,36.66554],[139.0244,36.66604],[139.0257,36.66652],[139.0255,36.66626],[139.02582,36.66578]]]},"properties":{"key":"10206044001","name":"井土上町","pref":"群馬県","prefCode":"10","municipality":"沼田市","areaM2":499489.683,"population":477,"toponymIds":["10-82c79487cd"]}},{"type":"Feature","geometry":{"type":"Polygon","coordinates":[[[139.04294,36.64312],[139.04303,36.64291],[139.04344,36.64312],[139.04575,36.63846],[139.04473,36.63809],[139.04489,36.63785],[139.04466,36.63775],[139.04476,36.63758],[139.04338,36.63674],[139.04214,36.63646],[139.04074,36.63659],[139.04087,36.63832],[139.04074,36.63938],[139.04052,36.63937],[139.04052,36.6396],[139.04073,36.6396],[139.0408,36.64022],[139.04065,36.64023],[139.04082,36.64032],[139.04096,36.6409],[139.04028,36.6415],[139.04012,36.64193],[139.04091,36.64199],[139.04107,36.64114],[139.04147,36.64245],[139.04216,36.64264],[139.04211,36.64285],[139.04294,36.64312]]]},"properties":{"key":"102060150","name":"鍛冶町","pref":"群馬県","prefCode":"10","municipality":"沼田市","areaM2":233423.516,"population":778,"toponymIds":["10-92bff242e1"]}},{"type":"Feature","geometry":{"type":"Polygon","coordinates":[[[139.04467,36.63696],[139.04489,36.63621],[139.04468,36.63615],[139.04437,36.63669],[139.04411,36.63684],[139.04402,36.63591],[139.04417,36.63567],[139.04433,36.63571],[139.04473,36.63505],[139.04492,36.63512],[139.045,36.6344],[139.0446,36.63436],[139.04493,36.63387],[139.04504,36.63398],[139.04532,36.63278],[139.0461,36.63206],[139.0464,36.631],[139.04565,36.63081],[139.04551,36.63056],[139.04589,36.63066],[139.04602,36.63037],[139.04649,36.63062],[139.04645,36.63084],[139.04661,36.63089],[139.0467,36.63065],[139.04647,36.63017],[139.0462,36.62998],[139.04613,36.62924],[139.04581,36.62858],[139.04499,36.6275],[139.04362,36.62504],[139.04105,36.62372],[139.04088,36.62348],[139.04087,36.62237],[139.03991,36.62169],[139.03892,36.62239],[139.03692,36.6243],[139.03611,36.62475],[139.03575,36.62521],[139.03569,36.62564],[139.03591,36.62611],[139.03923,36.62836],[139.03935,36.62923],[139.03926,36.62969],[139.03854,36.63102],[139.03718,36.63224],[139.035,36.63363],[139.03585,36.63419],[139.03543,36.63458],[139.03553,36.63492],[139.03514,36.6355],[139.03505,36.63608],[139.03587,36.63626],[139.03599,36.6367],[139.03653,36.63662],[139.03738,36.637],[139.03851,36.6371],[139.0387,36.63628],[139.03955,36.63619],[139.04041,36.63623],[139.04074,36.63659],[139.04253,36.63653],[139.04348,36.63679],[139.04415,36.63718],[139.04467,36.63696]]]},"properties":{"key":"102060190","name":"戸鹿野町","pref":"群馬県","prefCode":"10","municipality":"沼田市","areaM2":1054567.654,"population":1451,"toponymIds":["10-19fb7ce6de","10-1721559bda"]}},{"type":"Feature","geometry":{"type":"Polygon","coordinates":[[[139.17763,36.62598],[139.17913,36.62281],[139.17914,36.6203],[139.17839,36.6176],[139.17894,36.61564],[139.17634,36.61724],[139.17582,36.61772],[139.17486,36.61983],[139.1744,36.62252],[139.17219,36.62449],[139.17082,36.62424],[139.17002,36.62431],[139.16932,36.62499],[139.1686,36.62543],[139.16783,36.62555],[139.16636,36.62546],[139.16534,36.62481],[139.16376,36.62309],[139.16313,36.62263],[139.16272,36.6233],[139.16258,36.62533],[139.16213,36.62584],[139.16137,36.62563],[139.15961,36.62452],[139.15802,36.6242],[139.15799,36.62439],[139.15898,36.62762],[139.15982,36.62909],[139.16006,36.63076],[139.16154,36.63139],[139.16335,36.63267],[139.1656,36.63505],[139.16656,36.63452],[139.17021,36.63359],[139.17056,36.63287],[139.17233,36.63139],[139.17249,36.62993],[139.17292,36.6292],[139.1758,36.6272],[139.17685,36.62679],[139.1774,36.62639],[139.17763,36.62598]]]},"properties":{"key":"102060830","name":"利根町青木","pref":"群馬県","prefCode":"10","municipality":"沼田市","areaM2":1589447.319,"population":31,"toponymIds":["10-3873a78e3a","10-73a7095c64"]}},{"type":"Feature","geometry":{"type":"Polygon","coordinates":[[[139.20958,36.63605],[139.20963,36.6356],[139.21081,36.63413],[139.21153,36.63241],[139.21172,36.6314],[139.2116,36.63102],[139.20983,36.62888],[139.20991,36.62814],[139.20915,36.62677],[139.2077,36.62521],[139.20755,36.62432],[139.20662,36.62367],[139.2058,36.62242],[139.20402,36.62122],[139.20138,36.62055],[139.20057,36.61998],[139.19956,36.61735],[139.19884,36.61468],[139.19669,36.61554],[139.19555,36.61668],[139.19547,36.6169],[139.19584,36.61744],[139.19569,36.61792],[139.19459,36.61875],[139.19484,36.61949],[139.19617,36.62004],[139.1961,36.62048],[139.19481,36.62074],[139.19453,36.62103],[139.19335,36.62131],[139.19293,36.6216],[139.19252,36.62359],[139.19163,36.62578],[139.19086,36.62647],[139.18978,36.62698],[139.18991,36.62822],[139.19031,36.62907],[139.19084,36.62975],[139.19151,36.63004],[139.19696,36.63052],[139.20212,36.63184],[139.20696,36.63415],[139.20826,36.63556],[139.20958,36.63605]]]},"properties":{"key":"102060800","name":"利根町柿平","pref":"群馬県","prefCode":"10","municipality":"沼田市","areaM2":2155500.449,"population":3,"toponymIds":["10-6a21f19ff9","10-9700510ff2"]}},{"type":"Feature","geometry":{"type":"Polygon","coordinates":[[[139.03906,36.65058],[139.04084,36.64995],[139.04164,36.65002],[139.04149,36.64948],[139.04195,36.64955],[139.04231,36.64897],[139.04254,36.64882],[139.04277,36.64887],[139.04284,36.6487],[139.04307,36.64875],[139.04361,36.64747],[139.04396,36.64752],[139.04445,36.64654],[139.04417,36.64644],[139.04457,36.6457],[139.04436,36.64563],[139.04469,36.64505],[139.04426,36.64488],[139.04379,36.64536],[139.04344,36.64522],[139.04365,36.64486],[139.04321,36.64471],[139.04327,36.64454],[139.0423,36.64416],[139.0414,36.64342],[139.0407,36.64339],[139.04083,36.64359],[139.0403,36.64422],[139.04011,36.64485],[139.03965,36.64545],[139.03953,36.64574],[139.03972,36.64582],[139.03963,36.64599],[139.03879,36.64649],[139.03826,36.64759],[139.03798,36.64786],[139.03766,36.6478],[139.03749,36.64837],[139.03776,36.64848],[139.03811,36.64839],[139.03808,36.64863],[139.03773,36.64869],[139.03782,36.64929],[139.03846,36.64928],[139.0382,36.64976],[139.03824,36.65042],[139.03906,36.65058]]]},"properties":{"key":"102060020","name":"西倉内町","pref":"群馬県","prefCode":"10","municipality":"沼田市","areaM2":287894.543,"population":509,"toponymIds":["10-e49cce217e"]}},{"type":"Feature","geometry":{"type":"Polygon","coordinates":[[[139.04507,36.64957],[139.04528,36.64943],[139.0467,36.64966],[139.04676,36.6495],[139.04654,36.64946],[139.04687,36.64914],[139.04673,36.64912],[139.04769,36.64618],[139.04469,36.64505],[139.04436,36.64563],[139.04457,36.6457],[139.04417,36.64644],[139.04445,36.64654],[139.04396,36.64752],[139.04361,36.64747],[139.04307,36.64875],[139.04284,36.6487],[139.04277,36.64887],[139.04254,36.64882],[139.04231,36.64897],[139.04195,36.64955],[139.04149,36.64948],[139.04164,36.65002],[139.04461,36.65074],[139.04467,36.65029],[139.04507,36.64957]]]},"properties":{"key":"102060010","name":"東倉内町","pref":"群馬県","prefCode":"10","municipality":"沼田市","areaM2":170593.182,"population":683,"toponymIds":["10-740bf774ad"]}},{"type":"Feature","geometry":{"type":"Polygon","coordinates":[[[139.51665,36.24322],[139.52056,36.24327],[139.52025,36.2402],[139.51879,36.2405],[139.51859,36.23962],[139.51692,36.24051],[139.51464,36.24112],[139.51473,36.24145],[139.51445,36.24151],[139.51434,36.24185],[139.51571,36.24187],[139.51571,36.2417],[139.51593,36.24171],[139.51593,36.24191],[139.51573,36.24191],[139.51572,36.2426],[139.51594,36.2426],[139.51595,36.24299],[139.51613,36.243],[139.51627,36.24327],[139.51665,36.24322]]]},"properties":{"key":"102077140","name":"赤土町","pref":"群馬県","prefCode":"10","municipality":"館林市","areaM2":142449.854,"population":1107,"toponymIds":["10-2079a68cdf"]}},{"type":"Feature","geometry":{"type":"Polygon","coordinates":[[[139.54463,36.26345],[139.54395,36.26242],[139.54555,36.26158],[139.54407,36.25934],[139.54178,36.26],[139.53971,36.26084],[139.53958,36.26067],[139.53919,36.26103],[139.53871,36.2612],[139.53752,36.26106],[139.53519,36.25895],[139.53507,36.25914],[139.53429,36.25927],[139.5344,36.25976],[139.53336,36.2599],[139.53338,36.26001],[139.53264,36.25981],[139.53266,36.26014],[139.53148,36.25973],[139.53191,36.26142],[139.53173,36.26298],[139.53107,36.26294],[139.53101,36.26341],[139.52907,36.26327],[139.52845,36.26901],[139.52644,36.26909],[139.52743,36.27231],[139.52943,36.27195],[139.5354,36.27129],[139.54372,36.26741],[139.54721,36.26522],[139.54388,36.26409],[139.54382,36.2638],[139.54463,36.26345]]]},"properties":{"key":"102078070","name":"足次町","pref":"群馬県","prefCode":"10","municipality":"館林市","areaM2":1593813.662,"population":2201,"toponymIds":["10-bd42fdf5a9"]}},{"type":"Feature","geometry":{"type":"Polygon","coordinates":[[[138.9992,36.49671],[138.99894,36.49652],[138.99884,36.4954],[138.99866,36.49526],[138.99843,36.49535],[138.99816,36.49474],[138.99888,36.4945],[138.99765,36.49455],[138.9977,36.4951],[138.99813,36.495],[138.99817,36.49513],[138.99762,36.4953],[138.99758,36.49553],[138.99786,36.49575],[138.99693,36.49642],[138.99728,36.49683],[138.99842,36.49641],[138.99857,36.49674],[138.99802,36.49688],[138.99788,36.49735],[138.998,36.49776],[138.99895,36.49795],[138.99935,36.49798],[138.9992,36.49671]]]},"properties":{"key":"102080140","name":"川原町","pref":"群馬県","prefCode":"10","municipality":"渋川市","areaM2":39977.711,"population":240,"toponymIds":["10-0baf054e0f"]}},{"type":"Feature","geometry":{"type":"Polygon","coordinates":[[[139.08157,36.21787],[139.08216,36.21582],[139.07588,36.20971],[139.07488,36.2103],[139.07428,36.21355],[139.07464,36.21611],[139.07544,36.21619],[139.0757,36.21636],[139.07541,36.21712],[139.07542,36.21846],[139.0759,36.21892],[139.07757,36.2187],[139.08003,36.21904],[139.08068,36.21836],[139.08157,36.21787]]]},"properties":{"key":"10209050001","name":"川除","pref":"群馬県","prefCode":"10","municipality":"藤岡市","areaM2":456761.651,"population":62,"toponymIds":["10-204ab0689a"]}},{"type":"Feature","geometry":{"type":"Polygon","coordinates":[[[138.78466,36.24931],[138.78882,36.24389],[138.79047,36.23832],[138.80436,36.24],[138.80785,36.24005],[138.80396,36.23735],[138.80119,36.23587],[138.80428,36.23476],[138.80474,36.23399],[138.80536,36.23414],[138.80584,36.23289],[138.80556,36.23278],[138.80651,36.2312],[138.80656,36.23081],[138.80422,36.2297],[138.80232,36.22926],[138.79874,36.22724],[138.79802,36.22636],[138.79646,36.22659],[138.79555,36.22628],[138.79427,36.22638],[138.79402,36.22625],[138.79357,36.2264],[138.79318,36.22614],[138.79262,36.22621],[138.79195,36.22797],[138.79164,36.22831],[138.79075,36.22817],[138.78951,36.22879],[138.78913,36.22874],[138.78877,36.2284],[138.78802,36.22812],[138.78682,36.22795],[138.78615,36.22804],[138.78547,36.22775],[138.78523,36.2274],[138.78416,36.22703],[138.78333,36.22717],[138.78226,36.2281],[138.78191,36.22881],[138.78196,36.2294],[138.78032,36.2312],[138.78034,36.23206],[138.78005,36.23276],[138.78019,36.23306],[138.77981,36.23393],[138.77858,36.23448],[138.77788,36.23442],[138.77759,36.2347],[138.77787,36.2362],[138.7776,36.23679],[138.77829,36.23744],[138.77828,36.23813],[138.77668,36.24099],[138.77587,36.24316],[138.77494,36.24437],[138.7732,36.24489],[138.77385,36.24528],[138.77466,36.2454],[138.77566,36.24593],[138.77618,36.24639],[138.77667,36.24719],[138.77865,36.24751],[138.77923,36.24812],[138.7808,36.24909],[138.78402,36.24955],[138.78466,36.24931]]]},"properties":{"key":"10210401001","name":"南蛇井","pref":"群馬県","prefCode":"10","municipality":"富岡市","areaM2":4035933.696,"population":249,"toponymIds":["10-bb68ceef64","10-6373830e51"]}},{"type":"Feature","geometry":{"type":"Polygon","coordinates":[[[138.78458,36.28679],[138.78584,36.28563],[138.7871,36.28381],[138.78784,36.28342],[138.78923,36.28308],[138.78948,36.28281],[138.78985,36.28204],[138.79006,36.28051],[138.79062,36.27994],[138.79315,36.27949],[138.79226,36.27932],[138.79197,36.2791],[138.79049,36.27761],[138.78987,36.27643],[138.78908,36.27541],[138.7877,36.27466],[138.78698,36.27384],[138.78704,36.273],[138.78731,36.27255],[138.788,36.27208],[138.78808,36.27182],[138.78828,36.27036],[138.78811,36.26988],[138.78822,36.26913],[138.78808,36.26873],[138.78824,36.26783],[138.79004,36.26719],[138.79018,36.26596],[138.79001,36.26494],[138.78973,36.26445],[138.78989,36.26249],[138.78982,36.26107],[138.78962,36.26069],[138.78895,36.2603],[138.78829,36.25966],[138.78813,36.25817],[138.78722,36.25791],[138.78678,36.25746],[138.78513,36.25772],[138.78441,36.25589],[138.78317,36.25502],[138.78389,36.25304],[138.78469,36.25171],[138.78564,36.25132],[138.78596,36.25101],[138.78556,36.24941],[138.78506,36.24869],[138.78466,36.24931],[138.78414,36.24955],[138.7808,36.24909],[138.77923,36.24812],[138.77865,36.24751],[138.77667,36.24719],[138.77618,36.24639],[138.77566,36.24593],[138.77466,36.2454],[138.77385,36.24528],[138.7732,36.24489],[138.77017,36.24622],[138.77104,36.24735],[138.77133,36.24822],[138.77131,36.24891],[138.77082,36.24974],[138.77058,36.25103],[138.7704,36.25132],[138.7687,36.25215],[138.76618,36.25482],[138.76396,36.25511],[138.76366,36.25529],[138.7636,36.25635],[138.76337,36.25678],[138.76249,36.25813],[138.76069,36.25974],[138.76042,36.26086],[138.76023,36.26113],[138.75829,36.26305],[138.75695,36.26371],[138.75695,36.26442],[138.75585,36.26501],[138.75368,36.26704],[138.7527,36.26739],[138.75306,36.26821],[138.75304,36.26947],[138.75232,36.26987],[138.75216,36.27018],[138.7529,36.27145],[138.75245,36.27202],[138.75194,36.27237],[138.75211,36.27359],[138.75319,36.2747],[138.75318,36.2754],[138.75279,36.276],[138.75342,36.27773],[138.75373,36.28058],[138.75597,36.28093],[138.75778,36.28063],[138.75854,36.28065],[138.75886,36.28092],[138.75893,36.28141],[138.75864,36.28268],[138.76499,36.28438],[138.76876,36.28469],[138.77023,36.28621],[138.77127,36.2868],[138.77558,36.28701],[138.77654,36.28686],[138.77844,36.28619],[138.77882,36.2862],[138.77907,36.28629],[138.77944,36.28717],[138.77966,36.2873],[138.78066,36.28714],[138.78125,36.28678],[138.78176,36.2867],[138.78289,36.28691],[138.78371,36.28748],[138.78422,36.2872],[138.78458,36.28679]]]},"properties":{"key":"102104640","name":"妙義町菅原","pref":"群馬県","prefCode":"10","municipality":"富岡市","areaM2":10981714.284,"population":410,"toponymIds":["10-4914c1fd39","10-80d94e3c2f","10-225effc07d"]}},{"type":"Feature","geometry":{"type":"Polygon","coordinates":[[[138.8456,36.30208],[138.84643,36.30157],[138.8471,36.30151],[138.84799,36.30174],[138.84899,36.30244],[138.85023,36.30237],[138.85015,36.30184],[138.84984,36.30148],[138.84975,36.30019],[138.84981,36.30005],[138.8512,36.30069],[138.85177,36.29836],[138.84476,36.29829],[138.84239,36.29802],[138.83872,36.29735],[138.83953,36.29867],[138.84045,36.29908],[138.84205,36.29908],[138.84339,36.30016],[138.84385,36.30075],[138.84388,36.30115],[138.84479,36.30186],[138.84449,36.30207],[138.84434,36.30194],[138.84402,36.30221],[138.84477,36.30276],[138.8456,36.30208]]]},"properties":{"key":"10211003101","name":"磯部一丁目","pref":"群馬県","prefCode":"10","municipality":"安中市","areaM2":326054.788,"population":609,"toponymIds":["10-45c118eb53"]}},{"type":"Feature","geometry":{"type":"Polygon","coordinates":[[[138.88788,36.32076],[138.88817,36.32033],[138.88834,36.32041],[138.88851,36.3202],[138.88882,36.32031],[138.89006,36.31914],[138.88763,36.31752],[138.88429,36.31635],[138.88482,36.31591],[138.88591,36.31445],[138.88708,36.31519],[138.88702,36.31107],[138.88727,36.3107],[138.88696,36.31052],[138.88676,36.30966],[138.88656,36.30967],[138.88647,36.30934],[138.88662,36.3093],[138.88652,36.30902],[138.88668,36.30846],[138.88613,36.30788],[138.88273,36.30679],[138.88246,36.30731],[138.88221,36.30724],[138.88221,36.30738],[138.88316,36.30788],[138.88355,36.30828],[138.88202,36.30969],[138.87693,36.30614],[138.87538,36.30765],[138.87519,36.30903],[138.87474,36.30967],[138.87225,36.30855],[138.86933,36.30798],[138.86813,36.30711],[138.86743,36.3071],[138.86725,36.30735],[138.8672,36.30784],[138.86766,36.30838],[138.86662,36.30981],[138.86722,36.31064],[138.86737,36.31121],[138.86838,36.31258],[138.87129,36.31474],[138.87175,36.3149],[138.87237,36.31485],[138.87439,36.31398],[138.87795,36.31468],[138.88096,36.31655],[138.88226,36.31762],[138.88351,36.31909],[138.88607,36.31914],[138.88686,36.32007],[138.88788,36.32076]]]},"properties":{"key":"102110034","name":"下磯部","pref":"群馬県","prefCode":"10","municipality":"安中市","areaM2":1515890.836,"population":945,"toponymIds":["10-3ba05d6cfe"]}},{"type":"Feature","geometry":{"type":"Polygon","coordinates":[[[138.85382,36.29231],[138.85388,36.29218],[138.85309,36.29228],[138.85319,36.29309],[138.85362,36.29298],[138.85363,36.29241],[138.85382,36.29231]]]},"properties":{"key":"102110032","name":"西上磯部","pref":"群馬県","prefCode":"10","municipality":"安中市","areaM2":3838.904,"population":0,"toponymIds":["10-e000ff526c"]}},{"type":"Feature","geometry":{"type":"Polygon","coordinates":[[[138.86743,36.3071],[138.86813,36.30711],[138.86933,36.30798],[138.87225,36.30855],[138.87474,36.30967],[138.87519,36.30903],[138.87538,36.30765],[138.87693,36.30614],[138.88202,36.30969],[138.88355,36.30828],[138.88316,36.30788],[138.88221,36.30738],[138.88221,36.30724],[138.8789,36.30653],[138.87841,36.30605],[138.87693,36.30529],[138.87546,36.30527],[138.87449,36.30364],[138.87344,36.30228],[138.87058,36.30107],[138.86955,36.30092],[138.8687,36.30037],[138.86798,36.30005],[138.86748,36.30002],[138.86732,36.29982],[138.86712,36.30004],[138.86689,36.3],[138.86653,36.29859],[138.86613,36.2983],[138.86495,36.29832],[138.8641,36.29866],[138.86364,36.29829],[138.8626,36.2983],[138.86168,36.29877],[138.86106,36.29841],[138.86091,36.2981],[138.86001,36.29766],[138.85908,36.29791],[138.85848,36.29906],[138.8665,36.30195],[138.8662,36.30316],[138.86637,36.30366],[138.86625,36.30425],[138.86549,36.30603],[138.86568,36.30622],[138.86502,36.3072],[138.86489,36.30804],[138.8655,36.30844],[138.86572,36.30874],[138.86571,36.30903],[138.86616,36.30915],[138.86662,36.30981],[138.86766,36.30838],[138.86714,36.30756],[138.86743,36.3071]]]},"properties":{"key":"102110033","name":"東上磯部","pref":"群馬県","prefCode":"10","municipality":"安中市","areaM2":970924.537,"population":650,"toponymIds":["10-b270575590","10-0fb62f7146"]}},{"type":"Feature","geometry":{"type":"Polygon","coordinates":[[[139.30236,36.52052],[139.30255,36.51998],[139.30279,36.52034],[139.3031,36.52016],[139.30417,36.52012],[139.30463,36.51991],[139.30466,36.51967],[139.30448,36.51945],[139.30554,36.51844],[139.30614,36.51706],[139.30812,36.51491],[139.30658,36.51342],[139.30486,36.51245],[139.30329,36.51179],[139.30105,36.51144],[139.2993,36.51087],[139.29819,36.51008],[139.29683,36.50852],[139.29656,36.50761],[139.29668,36.50661],[139.29603,36.50732],[139.29601,36.50791],[139.29583,36.50812],[139.29438,36.5078],[139.29353,36.50814],[139.29342,36.50846],[139.29359,36.50882],[139.29331,36.50907],[139.29125,36.50893],[139.29076,36.5094],[139.29022,36.51037],[139.28974,36.51074],[139.28734,36.5113],[139.28236,36.51107],[139.28219,36.51115],[139.28216,36.51198],[139.28193,36.51221],[139.28069,36.51241],[139.28025,36.5128],[139.2801,36.51445],[139.28073,36.51611],[139.28104,36.5164],[139.28201,36.51675],[139.2821,36.51797],[139.28299,36.51876],[139.28448,36.51881],[139.28487,36.51934],[139.28559,36.51986],[139.28663,36.51976],[139.28849,36.51899],[139.29027,36.51903],[139.29044,36.52049],[139.29122,36.52161],[139.29101,36.52309],[139.29152,36.52379],[139.29171,36.52459],[139.29114,36.52662],[139.29174,36.52732],[139.29202,36.52807],[139.29291,36.52885],[139.29304,36.53005],[139.29374,36.53064],[139.29468,36.5301],[139.29809,36.52952],[139.29982,36.52885],[139.30098,36.52809],[139.30166,36.52734],[139.30216,36.52562],[139.30251,36.52357],[139.3023,36.52306],[139.30172,36.52237],[139.30166,36.52161],[139.30236,36.52052]]]},"properties":{"key":"102120150","name":"東町荻原","pref":"群馬県","prefCode":"10","municipality":"みどり市","areaM2":3287528.121,"population":173,"toponymIds":["10-730ca6f14b"]}},{"type":"Feature","geometry":{"type":"Polygon","coordinates":[[[139.29169,36.46436],[139.29105,36.46429],[139.29066,36.46375],[139.29087,36.46277],[139.28985,36.46127],[139.28956,36.46024],[139.28923,36.45973],[139.28874,36.45958],[139.28815,36.4597],[139.28781,36.45952],[139.28781,36.45915],[139.2881,36.45868],[139.28979,36.4581],[139.28978,36.45726],[139.28946,36.45636],[139.28915,36.45614],[139.2883,36.45632],[139.28804,36.45711],[139.28784,36.45723],[139.28688,36.45664],[139.28639,36.45593],[139.28664,36.4551],[139.28624,36.45421],[139.28677,36.45369],[139.28637,36.45331],[139.28631,36.45301],[139.28682,36.45255],[139.28683,36.45236],[139.2864,36.45221],[139.28525,36.45123],[139.28411,36.45128],[139.28403,36.451],[139.2842,36.45052],[139.28404,36.45002],[139.28373,36.44961],[139.28306,36.44936],[139.28253,36.4493],[139.28224,36.44978],[139.2784,36.45101],[139.28045,36.45507],[139.2841,36.46053],[139.28375,36.46108],[139.28288,36.46417],[139.28482,36.46636],[139.28587,36.46823],[139.28565,36.47037],[139.2857,36.47155],[139.28808,36.46957],[139.2898,36.46837],[139.29142,36.46747],[139.2924,36.46667],[139.29264,36.46614],[139.29263,36.46585],[139.29238,36.46555],[139.29244,36.46467],[139.29218,36.4644],[139.29169,36.46436]]]},"properties":{"key":"10212009017","name":"大間々町浅原","pref":"群馬県","prefCode":"10","municipality":"みどり市","areaM2":1276908.165,"population":176,"toponymIds":["10-b3f3928eb8"]}},{"type":"Feature","geometry":{"type":"Polygon","coordinates":[[[139.27846,36.443],[139.27866,36.44298],[139.27892,36.44332],[139.27905,36.44324],[139.27926,36.443],[139.27937,36.44232],[139.27986,36.44237],[139.27991,36.44177],[139.27985,36.43969],[139.27876,36.43935],[139.2784,36.43895],[139.27846,36.43853],[139.27785,36.43824],[139.27662,36.43828],[139.27533,36.43863],[139.2749,36.43883],[139.27501,36.43899],[139.27398,36.43944],[139.27385,36.43988],[139.27437,36.44092],[139.27494,36.44077],[139.27539,36.44189],[139.27523,36.44191],[139.27536,36.44223],[139.27568,36.44222],[139.27571,36.44252],[139.27599,36.44253],[139.27615,36.44295],[139.27675,36.4429],[139.27731,36.44304],[139.2773,36.44331],[139.27803,36.44336],[139.27813,36.443],[139.27846,36.443]]]},"properties":{"key":"10212005001","name":"大間々町大間々","pref":"群馬県","prefCode":"10","municipality":"みどり市","areaM2":211378.901,"population":709,"toponymIds":["10-595de2170d","10-f4f8efb8a5"]}},{"type":"Feature","geometry":{"type":"Polygon","coordinates":[[[139.34263,36.51996],[139.3439,36.51983],[139.34462,36.51897],[139.34472,36.51863],[139.34534,36.51848],[139.34612,36.51871],[139.34876,36.52036],[139.35054,36.51993],[139.35162,36.52013],[139.35298,36.51989],[139.3534,36.51959],[139.35401,36.51944],[139.35426,36.51837],[139.35466,36.51761],[139.35557,36.5168],[139.35692,36.516],[139.3583,36.51462],[139.35847,36.51438],[139.35824,36.514],[139.35818,36.5134],[139.35893,36.51299],[139.35953,36.51209],[139.35964,36.51216],[139.35992,36.51152],[139.3597,36.51117],[139.35969,36.51072],[139.35921,36.51026],[139.35906,36.50943],[139.35776,36.50783],[139.35752,36.50686],[139.35803,36.50611],[139.35784,36.50564],[139.35794,36.50463],[139.35848,36.5039],[139.35875,36.50323],[139.35869,36.50262],[139.35895,36.50199],[139.35874,36.50138],[139.35892,36.5002],[139.35727,36.49941],[139.35643,36.49965],[139.35409,36.49935],[139.35365,36.49951],[139.3531,36.49946],[139.35164,36.49802],[139.35091,36.49773],[139.35043,36.49723],[139.34989,36.49707],[139.34844,36.49698],[139.34688,36.49714],[139.34599,36.49682],[139.34483,36.49673],[139.34451,36.49583],[139.34353,36.49558],[139.34318,36.49498],[139.34144,36.49493],[139.34096,36.49474],[139.34071,36.49484],[139.33937,36.49442],[139.33912,36.49377],[139.33761,36.49319],[139.33727,36.49253],[139.33657,36.49202],[139.33521,36.49201],[139.3343,36.49141],[139.3329,36.48901],[139.33279,36.48855],[139.33388,36.48709],[139.33381,36.48664],[139.3334,36.48624],[139.33335,36.4858],[139.33344,36.48501],[139.33372,36.48462],[139.3336,36.48395],[139.33397,36.48344],[139.33342,36.48302],[139.33336,36.48257],[139.3326,36.48157],[139.33251,36.48088],[139.33157,36.48018],[139.33147,36.4798],[139.33163,36.47927],[139.33104,36.47879],[139.32992,36.47858],[139.32943,36.47873],[139.32879,36.47848],[139.32842,36.47811],[139.32777,36.47817],[139.32733,36.47738],[139.32645,36.47733],[139.32613,36.47699],[139.32611,36.47506],[139.32597,36.47478],[139.32545,36.4745],[139.32522,36.47379],[139.32496,36.47365],[139.32461,36.47312],[139.32301,36.47272],[139.32108,36.47187],[139.32027,36.47135],[139.32054,36.47047],[139.32042,36.46973],[139.3217,36.46797],[139.32217,36.46768],[139.32215,36.46716],[139.32112,36.467],[139.31977,36.46631],[139.31986,36.46529],[139.3197,36.4647],[139.31884,36.46391],[139.31803,36.46286],[139.31594,36.46284],[139.31504,36.46203],[139.3131,36.46138],[139.31139,36.46132],[139.31026,36.46051],[139.3091,36.46113],[139.30818,36.46087],[139.30734,36.46085],[139.30681,36.46015],[139.30505,36.45986],[139.3049,36.45972],[139.3024,36.46148],[139.3001,36.4625],[139.29575,36.464],[139.29654,36.46428],[139.29706,36.46478],[139.29738,36.46542],[139.29762,36.46655],[139.2971,36.4678],[139.29734,36.46857],[139.2991,36.47013],[139.29991,36.47065],[139.30031,36.47116],[139.30135,36.47183],[139.30183,36.47196],[139.30379,36.47195],[139.30519,36.47252],[139.30491,36.47362],[139.30546,36.47564],[139.30556,36.47706],[139.30607,36.47795],[139.30609,36.4787],[139.30562,36.48031],[139.30636,36.48265],[139.30641,36.48335],[139.30634,36.48405],[139.30563,36.48629],[139.30635,36.48888],[139.3062,36.49],[139.30633,36.49045],[139.307,36.49143],[139.30745,36.49318],[139.30833,36.49488],[139.30842,36.49533],[139.30815,36.49707],[139.31021,36.49966],[139.31073,36.50055],[139.31102,36.50254],[139.31192,36.50355],[139.31209,36.50463],[139.3128,36.50529],[139.31335,36.50541],[139.31393,36.50586],[139.31489,36.50593],[139.31571,36.50652],[139.3161,36.50662],[139.3175,36.50769],[139.31876,36.50775],[139.31943,36.5074],[139.32032,36.5076],[139.32079,36.50755],[139.3214,36.5078],[139.32306,36.50732],[139.32336,36.508],[139.32392,36.5086],[139.32386,36.50934],[139.32481,36.50942],[139.32571,36.50973],[139.32552,36.51063],[139.32599,36.51144],[139.32658,36.51162],[139.3272,36.51223],[139.32966,36.51181],[139.33059,36.51327],[139.33152,36.51408],[139.33097,36.51521],[139.33108,36.51609],[139.33086,36.51644],[139.33081,36.51701],[139.331,36.51721],[139.33176,36.51733],[139.33308,36.51794],[139.3338,36.51769],[139.33455,36.51822],[139.33553,36.51806],[139.33649,36.51842],[139.33675,36.51826],[139.3378,36.51893],[139.33847,36.51905],[139.33914,36.51951],[139.33992,36.51977],[139.34111,36.52081],[139.34194,36.52023],[139.34263,36.51996]]]},"properties":{"key":"102120110","name":"大間々町小平","pref":"群馬県","prefCode":"10","municipality":"みどり市","areaM2":16969350.616,"population":223,"toponymIds":["10-cb5bce0c0b"]}},{"type":"Feature","geometry":{"type":"Polygon","coordinates":[[[139.23752,36.4826],[139.23992,36.48275],[139.24254,36.48376],[139.24383,36.48404],[139.24455,36.48473],[139.24657,36.48418],[139.24715,36.48436],[139.24928,36.48432],[139.24942,36.48424],[139.24951,36.48352],[139.25019,36.48335],[139.25098,36.48264],[139.25065,36.48216],[139.25026,36.48192],[139.24988,36.48195],[139.24964,36.48146],[139.25,36.48119],[139.25053,36.48106],[139.25125,36.48047],[139.25313,36.48094],[139.25383,36.48049],[139.25512,36.48086],[139.25568,36.4808],[139.25597,36.48073],[139.2562,36.48025],[139.25663,36.47996],[139.25937,36.47929],[139.26247,36.47884],[139.26307,36.47909],[139.2642,36.47922],[139.26465,36.47961],[139.26463,36.48015],[139.26512,36.47732],[139.26504,36.47682],[139.2646,36.47603],[139.26428,36.47406],[139.26391,36.47398],[139.26151,36.47429],[139.26007,36.47407],[139.25984,36.47381],[139.25946,36.47209],[139.25912,36.47166],[139.25937,36.46919],[139.25961,36.46827],[139.25936,36.46662],[139.25809,36.46704],[139.25622,36.46664],[139.25489,36.46613],[139.25471,36.46597],[139.25459,36.46477],[139.25438,36.46431],[139.25398,36.46435],[139.25339,36.46512],[139.25307,36.46526],[139.25297,36.46515],[139.25333,36.46455],[139.25313,36.46412],[139.25162,36.46319],[139.25127,36.46321],[139.25124,36.46353],[139.25099,36.46361],[139.2501,36.46368],[139.24971,36.46356],[139.24879,36.4628],[139.24786,36.46121],[139.24704,36.46218],[139.24577,36.46307],[139.24554,36.4635],[139.24468,36.4643],[139.24322,36.46501],[139.24182,36.46519],[139.24193,36.46592],[139.24213,36.4662],[139.24135,36.46681],[139.24115,36.46719],[139.24054,36.46772],[139.23866,36.46674],[139.23782,36.46788],[139.23618,36.46917],[139.23633,36.46952],[139.23623,36.47016],[139.23574,36.47077],[139.23576,36.47109],[139.23604,36.47154],[139.2386,36.47299],[139.23952,36.47443],[139.23893,36.47582],[139.23624,36.47522],[139.2362,36.47592],[139.23497,36.47956],[139.23501,36.48006],[139.23445,36.48124],[139.23385,36.48212],[139.2322,36.48384],[139.23176,36.48498],[139.23071,36.48588],[139.23038,36.48632],[139.23031,36.48674],[139.23138,36.4871],[139.23172,36.48662],[139.23466,36.48544],[139.2363,36.48461],[139.2368,36.48422],[139.23752,36.4826]]]},"properties":{"key":"102120120","name":"大間々町上神梅","pref":"群馬県","prefCode":"10","municipality":"みどり市","areaM2":4358922.202,"population":506,"toponymIds":["10-c482cda271","10-4ab1ba54e5"]}},{"type":"Feature","geometry":{"type":"Polygon","coordinates":[[[139.29345,36.48958],[139.28563,36.48724],[139.28599,36.48534],[139.2857,36.48367],[139.28421,36.4819],[139.28308,36.48188],[139.28168,36.48079],[139.28068,36.47962],[139.28045,36.47905],[139.27922,36.47743],[139.27838,36.47567],[139.27798,36.47411],[139.27845,36.46992],[139.278,36.46953],[139.27789,36.46819],[139.27733,36.46635],[139.27646,36.46634],[139.27541,36.46609],[139.27428,36.46534],[139.27209,36.46579],[139.26982,36.46553],[139.26945,36.46715],[139.26873,36.46785],[139.26768,36.46852],[139.2674,36.46921],[139.26815,36.4725],[139.26828,36.47402],[139.268,36.47614],[139.26838,36.47784],[139.26797,36.48018],[139.26862,36.48065],[139.26838,36.48126],[139.26857,36.48173],[139.26838,36.48273],[139.26856,36.48305],[139.26908,36.48316],[139.27028,36.48435],[139.27112,36.48468],[139.27136,36.48544],[139.27203,36.48607],[139.27257,36.48603],[139.27328,36.48632],[139.27421,36.48583],[139.27512,36.48594],[139.27559,36.48627],[139.27571,36.4869],[139.27617,36.48736],[139.2765,36.4875],[139.27744,36.48741],[139.27961,36.48856],[139.28029,36.48942],[139.28065,36.49054],[139.28128,36.49096],[139.28179,36.49227],[139.28223,36.49281],[139.28279,36.49313],[139.28617,36.49309],[139.28799,36.49234],[139.28957,36.49208],[139.28998,36.49173],[139.29117,36.49196],[139.29239,36.49187],[139.29296,36.49119],[139.2937,36.49065],[139.29345,36.48958]]]},"properties":{"key":"102120140","name":"大間々町塩沢","pref":"群馬県","prefCode":"10","municipality":"みどり市","areaM2":3062249.961,"population":134,"toponymIds":["10-a929d7367e"]}},{"type":"Feature","geometry":{"type":"Polygon","coordinates":[[[139.28553,36.46743],[139.28482,36.46636],[139.28288,36.46417],[139.28375,36.46108],[139.2841,36.46053],[139.28045,36.45507],[139.2784,36.45101],[139.27766,36.45111],[139.27553,36.45099],[139.27328,36.45153],[139.27181,36.45219],[139.26915,36.45377],[139.26905,36.45402],[139.26916,36.45446],[139.26864,36.45484],[139.26709,36.45504],[139.26623,36.45541],[139.26602,36.45566],[139.26599,36.45763],[139.26514,36.45831],[139.26562,36.45883],[139.26736,36.45983],[139.26698,36.46106],[139.26619,36.46137],[139.26719,36.46147],[139.26926,36.46277],[139.26998,36.46399],[139.27002,36.4655],[139.27209,36.46579],[139.27428,36.46534],[139.27541,36.46609],[139.27736,36.46639],[139.27789,36.46819],[139.278,36.46953],[139.27845,36.46992],[139.27801,36.47336],[139.27798,36.47411],[139.2782,36.47515],[139.27922,36.47743],[139.28045,36.47905],[139.28068,36.47962],[139.28248,36.48152],[139.28308,36.48188],[139.28396,36.48196],[139.28509,36.48149],[139.28646,36.48038],[139.28695,36.4794],[139.287,36.4765],[139.28598,36.47457],[139.2861,36.47342],[139.2857,36.47155],[139.28565,36.47037],[139.28587,36.46823],[139.28553,36.46743]]]},"properties":{"key":"10212008015","name":"大間々町塩原","pref":"群馬県","prefCode":"10","municipality":"みどり市","areaM2":3129532.417,"population":484,"toponymIds":["10-1e1764ca08","10-e0f9209cc2"]}},{"type":"Feature","geometry":{"type":"Polygon","coordinates":[[[139.25936,36.46662],[139.25934,36.46508],[139.25991,36.46333],[139.26057,36.46222],[139.26099,36.46185],[139.26207,36.46155],[139.26619,36.46137],[139.26682,36.4612],[139.26723,36.46052],[139.26736,36.45998],[139.26726,36.45967],[139.26562,36.45883],[139.26514,36.45831],[139.26599,36.45763],[139.26592,36.45586],[139.26623,36.45541],[139.26709,36.45504],[139.26847,36.45487],[139.26736,36.45423],[139.26806,36.45429],[139.26401,36.45199],[139.2635,36.45241],[139.26171,36.45269],[139.26016,36.45373],[139.25918,36.45362],[139.25798,36.45437],[139.25674,36.45582],[139.25628,36.45611],[139.25608,36.45676],[139.25478,36.45736],[139.25366,36.45836],[139.25349,36.45917],[139.25428,36.45988],[139.25381,36.46094],[139.2519,36.4611],[139.25054,36.46077],[139.25014,36.46032],[139.2493,36.46076],[139.24786,36.46121],[139.24879,36.4628],[139.24971,36.46356],[139.2501,36.46368],[139.25099,36.46361],[139.25124,36.46353],[139.25127,36.46321],[139.25162,36.46319],[139.25313,36.46412],[139.25333,36.46455],[139.25297,36.46515],[139.25307,36.46526],[139.25339,36.46512],[139.25398,36.46435],[139.25438,36.46431],[139.25459,36.46477],[139.25471,36.46597],[139.25489,36.46613],[139.25622,36.46664],[139.25809,36.46704],[139.25936,36.46662]]]},"properties":{"key":"102120130","name":"大間々町下神梅","pref":"群馬県","prefCode":"10","municipality":"みどり市","areaM2":1371094.797,"population":110,"toponymIds":["10-a05af049b1","10-d9a7ff666d"]}},{"type":"Feature","geometry":{"type":"Polygon","coordinates":[[[139.29287,36.45149],[139.29376,36.44869],[139.29444,36.44574],[139.29402,36.44521],[139.29476,36.44481],[139.29351,36.44276],[139.29355,36.44244],[139.29302,36.44106],[139.29228,36.44001],[139.29169,36.43974],[139.29177,36.43903],[139.29164,36.43861],[139.29113,36.43806],[139.29122,36.43783],[139.29095,36.43734],[139.29063,36.43724],[139.29014,36.43651],[139.29028,36.43612],[139.29006,36.43526],[139.29021,36.43471],[139.29127,36.43385],[139.29142,36.43306],[139.29201,36.4328],[139.29247,36.43225],[139.29206,36.43193],[139.29151,36.43206],[139.29172,36.43158],[139.2919,36.43152],[139.29191,36.43126],[139.29006,36.43125],[139.28867,36.43052],[139.28667,36.42915],[139.28621,36.42904],[139.28522,36.42921],[139.28466,36.42942],[139.28216,36.43211],[139.28062,36.4348],[139.28046,36.4362],[139.27993,36.437],[139.27876,36.43806],[139.27835,36.43882],[139.27907,36.43952],[139.28063,36.43986],[139.28113,36.44057],[139.28136,36.44285],[139.28121,36.44432],[139.2808,36.44569],[139.28096,36.44671],[139.28237,36.44878],[139.28253,36.4493],[139.28343,36.44944],[139.28404,36.45002],[139.2842,36.45052],[139.28403,36.451],[139.28411,36.45128],[139.28525,36.45123],[139.2864,36.45221],[139.28683,36.45236],[139.28682,36.45255],[139.28637,36.45288],[139.28634,36.45319],[139.28652,36.45351],[139.28716,36.45392],[139.28963,36.4546],[139.29033,36.45445],[139.29202,36.45361],[139.29287,36.45149]]]},"properties":{"key":"102120070","name":"大間々町高津戸","pref":"群馬県","prefCode":"10","municipality":"みどり市","areaM2":2538345.11,"population":783,"toponymIds":["10-54dd635487"]}},{"type":"Feature","geometry":{"type":"Polygon","coordinates":[[[139.3049,36.45972],[139.30459,36.45883],[139.30496,36.45797],[139.30478,36.45745],[139.30363,36.4567],[139.30208,36.45486],[139.30165,36.45484],[139.30115,36.45459],[139.30091,36.45284],[139.30026,36.45191],[139.30072,36.45118],[139.30129,36.45068],[139.30173,36.44996],[139.30179,36.44949],[139.30091,36.4489],[139.3007,36.44737],[139.29974,36.44743],[139.29956,36.44672],[139.29752,36.44678],[139.2974,36.44649],[139.29669,36.44603],[139.29658,36.44565],[139.29624,36.44545],[139.29444,36.44574],[139.29335,36.45009],[139.29213,36.45343],[139.29202,36.45361],[139.29033,36.45445],[139.28947,36.45456],[139.29114,36.45553],[139.29291,36.45611],[139.29423,36.45673],[139.2966,36.45834],[139.30014,36.45996],[139.30251,36.46139],[139.3049,36.45972]]]},"properties":{"key":"102120100","name":"大間々町長尾根","pref":"群馬県","prefCode":"10","municipality":"みどり市","areaM2":1162347.153,"population":75,"toponymIds":["10-084f0bd013","10-2a6898e0d8"]}},{"type":"Feature","geometry":{"type":"Polygon","coordinates":[[[139.26949,36.41412],[139.27175,36.41317],[139.26701,36.4088],[139.26741,36.40832],[139.26707,36.40773],[139.26711,36.40544],[139.26689,36.40433],[139.26728,36.40383],[139.26763,36.40372],[139.26811,36.40305],[139.26795,36.40261],[139.26805,36.40229],[139.26772,36.40195],[139.26792,36.40036],[139.26727,36.4003],[139.26674,36.398],[139.26692,36.39603],[139.26738,36.39535],[139.26734,36.39458],[139.26777,36.39314],[139.26768,36.39266],[139.26426,36.39377],[139.2616,36.39429],[139.2605,36.39426],[139.25847,36.39451],[139.2569,36.39485],[139.25639,36.39513],[139.25046,36.39522],[139.24948,36.39553],[139.24954,36.39668],[139.24982,36.39707],[139.25005,36.39789],[139.25069,36.39804],[139.25082,36.39889],[139.25097,36.39895],[139.25143,36.40018],[139.25185,36.4007],[139.25181,36.40119],[139.25235,36.40213],[139.25238,36.40246],[139.25352,36.40415],[139.25396,36.40393],[139.25533,36.4053],[139.25525,36.40565],[139.2554,36.40616],[139.25574,36.40656],[139.25573,36.40749],[139.25596,36.4081],[139.25775,36.40812],[139.2588,36.40847],[139.26029,36.40926],[139.26071,36.40975],[139.26086,36.41035],[139.2619,36.41148],[139.26392,36.41315],[139.2681,36.41417],[139.26949,36.41412]]]},"properties":{"key":"102120040","name":"笠懸町西鹿田","pref":"群馬県","prefCode":"10","municipality":"みどり市","areaM2":2469775.781,"population":2020,"toponymIds":["10-a4b0becafe","10-e7aa4d94db"]}},{"type":"Feature","geometry":{"type":"Polygon","coordinates":[[[139.28065,36.3835],[139.28064,36.38195],[139.27738,36.38196],[139.2774,36.37895],[139.27933,36.37924],[139.27928,36.37746],[139.27545,36.3779],[139.27523,36.38186],[139.27803,36.38366],[139.27822,36.3832],[139.27933,36.38388],[139.28022,36.38418],[139.28071,36.38362],[139.28065,36.3835]]]},"properties":{"key":"10212003006","name":"笠懸町鹿","pref":"群馬県","prefCode":"10","municipality":"みどり市","areaM2":183844.404,"population":616,"toponymIds":["10-72530100b3","10-41632182e6","10-6eb7ed71af","10-17dd98eb65"]}},{"type":"Feature","geometry":{"type":"Polygon","coordinates":[[[139.26485,36.35892],[139.26514,36.35685],[139.26644,36.35676],[139.26682,36.35686],[139.26678,36.35704],[139.26814,36.35716],[139.26809,36.35759],[139.26854,36.35765],[139.26905,36.35632],[139.26875,36.35462],[139.26878,36.35364],[139.26893,36.35345],[139.2687,36.35325],[139.26896,36.35275],[139.26878,36.35243],[139.26818,36.35238],[139.26807,36.35125],[139.26722,36.3486],[139.26711,36.34764],[139.26478,36.34793],[139.26453,36.34435],[139.26402,36.3443],[139.26406,36.34338],[139.26388,36.3429],[139.26424,36.34074],[139.2639,36.34062],[139.26079,36.34109],[139.26085,36.34136],[139.25894,36.34167],[139.25896,36.34268],[139.25789,36.34268],[139.25072,36.34367],[139.25081,36.34424],[139.25127,36.3452],[139.25211,36.3461],[139.25238,36.3462],[139.25284,36.34697],[139.25303,36.34871],[139.2542,36.34951],[139.25452,36.35314],[139.25473,36.35335],[139.25468,36.35386],[139.25545,36.35502],[139.25628,36.35571],[139.25551,36.35603],[139.25443,36.35621],[139.25695,36.35732],[139.26043,36.35734],[139.26049,36.35825],[139.2602,36.35911],[139.26485,36.35892]]]},"properties":{"key":"10204100003","name":"田部井町三丁目","pref":"群馬県","prefCode":"10","municipality":"伊勢崎市","areaM2":2060859.57,"population":1391,"toponymIds":["10-404ce0c800"]}},{"type":"Feature","geometry":{"type":"Polygon","coordinates":[[[139.35611,36.43117],[139.35582,36.43025],[139.35597,36.42968],[139.35768,36.42828],[139.35722,36.42734],[139.35694,36.42709],[139.35506,36.42658],[139.35386,36.42651],[139.35312,36.42628],[139.35304,36.42655],[139.35334,36.42701],[139.35311,36.42717],[139.35283,36.42702],[139.35194,36.42731],[139.35179,36.42786],[139.35124,36.42779],[139.35056,36.42795],[139.35028,36.42865],[139.35024,36.42956],[139.35039,36.43039],[139.35082,36.43099],[139.35189,36.43126],[139.35218,36.43173],[139.35315,36.43157],[139.35436,36.43113],[139.35503,36.43152],[139.35592,36.43176],[139.35622,36.4314],[139.35611,36.43117]]]},"properties":{"key":"10203031003","name":"天神町三丁目","pref":"群馬県","prefCode":"10","municipality":"桐生市","areaM2":271787.667,"population":1040,"toponymIds":["10-ffa881c042"]}},{"type":"Feature","geometry":{"type":"Polygon","coordinates":[[[139.37871,36.34731],[139.37911,36.34674],[139.38018,36.34719],[139.38059,36.347],[139.38189,36.34699],[139.3828,36.34607],[139.38349,36.34574],[139.38352,36.34547],[139.38316,36.34473],[139.38318,36.34405],[139.38475,36.34211],[139.38538,36.34203],[139.38551,36.3424],[139.38575,36.34235],[139.3856,36.342],[139.38641,36.34183],[139.38626,36.34122],[139.38545,36.34126],[139.38747,36.33872],[139.3837,36.33842],[139.38374,36.33821],[139.38339,36.3381],[139.38331,36.33838],[139.38265,36.33831],[139.38282,36.33812],[139.38181,36.33746],[139.38196,36.33685],[139.3806,36.33774],[139.38021,36.3372],[139.37971,36.33763],[139.37904,36.33756],[139.37907,36.33651],[139.37743,36.33645],[139.37744,36.3363],[139.37597,36.33617],[139.37547,36.33579],[139.37342,36.33764],[139.36991,36.33736],[139.36997,36.33857],[139.37228,36.33869],[139.37052,36.3403],[139.37146,36.34147],[139.37161,36.34132],[139.3722,36.34176],[139.37258,36.34143],[139.37328,36.34195],[139.37368,36.34159],[139.37458,36.34222],[139.37498,36.34176],[139.37519,36.34208],[139.37566,36.34204],[139.37604,36.3423],[139.37591,36.34275],[139.37729,36.34236],[139.37834,36.34181],[139.37898,36.34174],[139.37776,36.3431],[139.37851,36.34316],[139.37851,36.34346],[139.37864,36.34346],[139.37856,36.34392],[139.37873,36.34394],[139.37872,36.34415],[139.37838,36.34459],[139.37843,36.34614],[139.37789,36.34697],[139.37871,36.34731]]]},"properties":{"key":"102051200","name":"丸山町","pref":"群馬県","prefCode":"10","municipality":"太田市","areaM2":968616.65,"population":613,"toponymIds":["10-6d5e121fe1"]}},{"type":"Feature","geometry":{"type":"Polygon","coordinates":[[[139.58167,36.25892],[139.58186,36.25883],[139.582,36.25895],[139.58291,36.25828],[139.58396,36.25805],[139.58633,36.25864],[139.58719,36.25852],[139.58945,36.25705],[139.59184,36.25617],[139.5933,36.25504],[139.59447,36.25238],[139.59317,36.24975],[139.5789,36.25449],[139.57795,36.25258],[139.5767,36.253],[139.57696,36.25346],[139.57291,36.2538],[139.57313,36.25561],[139.57609,36.25535],[139.57647,36.25825],[139.57887,36.25876],[139.57903,36.25863],[139.58012,36.25911],[139.58167,36.25892]]]},"properties":{"key":"102072130","name":"田谷町","pref":"群馬県","prefCode":"10","municipality":"館林市","areaM2":1053822.369,"population":213,"toponymIds":["10-5b18421e19"]}},{"type":"Feature","geometry":{"type":"Polygon","coordinates":[[[139.5884,36.2687],[139.5901,36.26877],[139.59013,36.26737],[139.59087,36.26745],[139.59134,36.26658],[139.59209,36.26611],[139.59283,36.26606],[139.59525,36.26643],[139.60106,36.26495],[139.60067,36.26267],[139.60511,36.26227],[139.60523,36.26219],[139.60513,36.2619],[139.60627,36.26157],[139.60622,36.26142],[139.60775,36.26116],[139.61375,36.25946],[139.61332,36.25849],[139.61801,36.25712],[139.62104,36.25584],[139.62073,36.25483],[139.62563,36.25268],[139.62524,36.25189],[139.62495,36.25193],[139.62305,36.25061],[139.62244,36.25012],[139.62207,36.24947],[139.62172,36.24931],[139.62098,36.24962],[139.62008,36.25077],[139.61955,36.25113],[139.61596,36.25181],[139.61488,36.25162],[139.61302,36.25004],[139.61224,36.24988],[139.61174,36.25017],[139.61196,36.2512],[139.60911,36.25164],[139.60755,36.25124],[139.60503,36.24928],[139.60457,36.24905],[139.60391,36.249],[139.60199,36.24942],[139.60151,36.24966],[139.60153,36.25012],[139.60209,36.25147],[139.60117,36.25285],[139.60105,36.25442],[139.60133,36.25449],[139.60126,36.25473],[139.60026,36.25536],[139.60044,36.25615],[139.59847,36.25582],[139.59809,36.25412],[139.59778,36.25415],[139.5972,36.25135],[139.5969,36.25116],[139.59503,36.25181],[139.59524,36.25281],[139.5946,36.25289],[139.59495,36.25453],[139.59352,36.25473],[139.59184,36.25617],[139.58945,36.25705],[139.58771,36.25822],[139.58681,36.25862],[139.58595,36.25858],[139.58396,36.25805],[139.58291,36.25828],[139.582,36.25895],[139.58186,36.25883],[139.5804,36.25914],[139.57986,36.25906],[139.57903,36.25863],[139.57887,36.25876],[139.57708,36.25832],[139.57724,36.2595],[139.57484,36.25926],[139.57363,36.25978],[139.57277,36.26067],[139.57125,36.26147],[139.57064,36.26128],[139.5698,36.26059],[139.56899,36.26066],[139.56874,36.2588],[139.5682,36.25943],[139.56763,36.25976],[139.5659,36.25989],[139.56391,36.2592],[139.56391,36.25889],[139.56214,36.25832],[139.56152,36.25854],[139.56116,36.25881],[139.5605,36.25983],[139.5588,36.26106],[139.55633,36.26133],[139.55506,36.26183],[139.55659,36.26414],[139.56113,36.26221],[139.56415,36.26693],[139.56929,36.26808],[139.57049,36.2682],[139.57241,36.26772],[139.57417,36.26706],[139.5755,36.26683],[139.57685,36.26682],[139.57887,36.26725],[139.58375,36.26917],[139.58553,36.26923],[139.5884,36.2687]]]},"properties":{"key":"102073010","name":"大島町","pref":"群馬県","prefCode":"10","municipality":"館林市","areaM2":5754349.261,"population":1878,"toponymIds":["10-6f220c14f5"]}},{"type":"Feature","geometry":{"type":"Polygon","coordinates":[[[139.56437,36.25761],[139.56549,36.25759],[139.56733,36.25724],[139.56694,36.25433],[139.57349,36.25375],[139.57254,36.24651],[139.57464,36.24633],[139.57545,36.24666],[139.57529,36.2464],[139.57441,36.24568],[139.57306,36.24512],[139.57095,36.24484],[139.57039,36.24492],[139.56894,36.24465],[139.56832,36.24417],[139.56805,36.24374],[139.56716,36.24344],[139.56668,36.24351],[139.56639,36.24276],[139.56592,36.24233],[139.56528,36.24287],[139.56133,36.24446],[139.55995,36.24538],[139.55666,36.24516],[139.55452,36.24525],[139.5519,36.24481],[139.55184,36.24543],[139.55212,36.246],[139.55221,36.24667],[139.55313,36.2483],[139.55245,36.24898],[139.55173,36.24839],[139.55239,36.25349],[139.55521,36.25544],[139.56339,36.25462],[139.56377,36.25777],[139.56437,36.25761]]]},"properties":{"key":"102072060","name":"当郷町","pref":"群馬県","prefCode":"10","municipality":"館林市","areaM2":2207448.928,"population":1102,"toponymIds":["10-c598edffba"]}},{"type":"Feature","geometry":{"type":"Polygon","coordinates":[[[139.54476,36.25916],[139.54589,36.25918],[139.54618,36.25853],[139.54615,36.25809],[139.54746,36.25785],[139.54751,36.25806],[139.54853,36.25779],[139.54858,36.25702],[139.54821,36.25585],[139.54807,36.25587],[139.54775,36.25437],[139.54191,36.25522],[139.54291,36.25966],[139.54476,36.25916]]]},"properties":{"key":"102072100","name":"東広内町","pref":"群馬県","prefCode":"10","municipality":"館林市","areaM2":237876.511,"population":213,"toponymIds":["10-87317c3917"]}},{"type":"Feature","geometry":{"type":"Polygon","coordinates":[[[139.32803,36.63358],[139.32829,36.63279],[139.32868,36.63242],[139.32873,36.63118],[139.32956,36.62762],[139.33096,36.6268],[139.33225,36.62705],[139.33325,36.62759],[139.33504,36.62758],[139.33565,36.62777],[139.33706,36.62745],[139.33843,36.6274],[139.33939,36.62639],[139.34087,36.62626],[139.34386,36.62566],[139.3456,36.62587],[139.34593,36.62574],[139.3459,36.62479],[139.34572,36.6243],[139.3458,36.62363],[139.34686,36.62059],[139.34695,36.61991],[139.34758,36.61896],[139.35023,36.61767],[139.35085,36.6169],[139.35104,36.61638],[139.35134,36.61625],[139.35189,36.61542],[139.35231,36.61522],[139.35168,36.61383],[139.35127,36.61195],[139.35188,36.60949],[139.35183,36.60902],[139.35105,36.60766],[139.35099,36.60625],[139.35244,36.6027],[139.35359,36.60107],[139.3538,36.60038],[139.35237,36.59849],[139.35027,36.59666],[139.3493,36.59556],[139.3485,36.59238],[139.34886,36.59056],[139.34823,36.58785],[139.34852,36.58698],[139.34904,36.5861],[139.35097,36.58509],[139.35146,36.5852],[139.35364,36.58459],[139.35562,36.58255],[139.35621,36.58154],[139.35518,36.58047],[139.35525,36.58014],[139.35628,36.5784],[139.35659,36.57727],[139.35661,36.57593],[139.35683,36.57542],[139.35829,36.57355],[139.3584,36.57318],[139.35773,36.57139],[139.35792,36.57059],[139.35536,36.56858],[139.35291,36.56635],[139.35236,36.56557],[139.35209,36.56458],[139.35126,36.56272],[139.35013,36.56209],[139.35017,36.56179],[139.35053,36.56149],[139.35069,36.56108],[139.34982,36.55956],[139.34914,36.55872],[139.34806,36.55779],[139.3474,36.55672],[139.34702,36.55637],[139.34342,36.55356],[139.34119,36.55204],[139.34104,36.55174],[139.34116,36.551],[139.34156,36.55052],[139.34253,36.54984],[139.34273,36.54943],[139.34257,36.54869],[139.34285,36.54768],[139.34327,36.54668],[139.34379,36.54609],[139.34387,36.54578],[139.34364,36.54433],[139.34381,36.54379],[139.34307,36.54069],[139.34302,36.53989],[139.34318,36.53921],[139.34362,36.53861],[139.34364,36.53824],[139.34171,36.53807],[139.34103,36.53772],[139.34028,36.53678],[139.3399,36.53576],[139.33932,36.53503],[139.33794,36.53437],[139.33638,36.53428],[139.33692,36.53538],[139.33672,36.53597],[139.33506,36.53611],[139.33445,36.53652],[139.33434,36.53692],[139.33459,36.53773],[139.33425,36.53833],[139.33449,36.53898],[139.33452,36.53971],[139.33415,36.54043],[139.33321,36.54143],[139.33321,36.54177],[139.33352,36.54215],[139.33348,36.54241],[139.33317,36.54276],[139.33171,36.54342],[139.33064,36.54417],[139.33031,36.54477],[139.33019,36.5458],[139.33086,36.54741],[139.33081,36.54905],[139.33113,36.55043],[139.33143,36.55125],[139.33198,36.55177],[139.33216,36.55242],[139.3328,36.55336],[139.33223,36.55421],[139.33227,36.55504],[139.33091,36.55598],[139.33045,36.55651],[139.33091,36.55738],[139.33087,36.55773],[139.32886,36.559],[139.32816,36.55965],[139.32816,36.56028],[139.32889,36.56095],[139.32819,36.56188],[139.32868,36.56264],[139.32858,36.56297],[139.32714,36.56389],[139.32707,36.56425],[139.32726,36.56455],[139.32713,36.56479],[139.3262,36.56465],[139.32505,36.56519],[139.32498,36.56548],[139.32543,36.56562],[139.32572,36.5659],[139.32569,36.56619],[139.32519,36.56693],[139.32485,36.56707],[139.32448,36.56681],[139.32419,36.56759],[139.32341,36.56813],[139.32266,36.56788],[139.32208,36.56816],[139.32189,36.56842],[139.322,36.56902],[139.32171,36.56934],[139.32191,36.56961],[139.32178,36.56999],[139.32261,36.57058],[139.32155,36.57104],[139.3208,36.57105],[139.32044,36.57165],[139.31978,36.57227],[139.32043,36.57295],[139.32044,36.57327],[139.31991,36.57338],[139.31916,36.57326],[139.31906,36.57362],[139.31874,36.57377],[139.31857,36.57408],[139.31858,36.57464],[139.31902,36.57476],[139.31871,36.57541],[139.31966,36.57638],[139.31948,36.57687],[139.32034,36.57784],[139.32045,36.57892],[139.31981,36.57903],[139.31931,36.57957],[139.31949,36.58035],[139.31778,36.58162],[139.31729,36.58169],[139.31691,36.58203],[139.31483,36.58256],[139.31177,36.58395],[139.31003,36.58386],[139.30955,36.58425],[139.30821,36.5845],[139.30731,36.58503],[139.30634,36.58501],[139.30586,36.58519],[139.30497,36.58689],[139.30412,36.58725],[139.30392,36.58807],[139.30336,36.58884],[139.30267,36.58919],[139.30193,36.59025],[139.30023,36.59135],[139.29939,36.5924],[139.2997,36.5927],[139.3006,36.59308],[139.30007,36.5941],[139.29907,36.59445],[139.29794,36.59511],[139.29804,36.59568],[139.29792,36.59654],[139.2989,36.59791],[139.29807,36.59844],[139.29827,36.5998],[139.29965,36.60158],[139.29984,36.6023],[139.30065,36.60314],[139.30125,36.60335],[139.30196,36.60394],[139.30199,36.60479],[139.30223,36.60565],[139.30158,36.60684],[139.30163,36.60749],[139.30321,36.60927],[139.30531,36.61113],[139.30537,36.61188],[139.30563,36.61261],[139.30672,36.61344],[139.30643,36.61459],[139.30569,36.61602],[139.30701,36.61676],[139.30829,36.61872],[139.31029,36.62044],[139.31124,36.621],[139.31202,36.62217],[139.31194,36.62291],[139.31231,36.62343],[139.31342,36.62376],[139.31881,36.62624],[139.32116,36.62886],[139.3218,36.6298],[139.32258,36.63029],[139.32301,36.63094],[139.32404,36.63146],[139.32449,36.6324],[139.32525,36.6334],[139.32569,36.63356],[139.32723,36.63341],[139.32803,36.63358]]]},"properties":{"key":"102120180","name":"東町小中","pref":"群馬県","prefCode":"10","municipality":"みどり市","areaM2":30550638.104,"population":158,"toponymIds":["10-45d30d0b7a"]}},{"type":"Feature","geometry":{"type":"Polygon","coordinates":[[[139.30807,36.52328],[139.30843,36.52326],[139.30946,36.52371],[139.31023,36.52364],[139.31075,36.52337],[139.31109,36.52299],[139.31187,36.52274],[139.31302,36.52184],[139.30812,36.51491],[139.30614,36.51706],[139.30554,36.51844],[139.30448,36.51945],[139.30466,36.51967],[139.30463,36.51991],[139.30417,36.52012],[139.3031,36.52016],[139.30279,36.52034],[139.30255,36.51998],[139.30166,36.52161],[139.30172,36.52237],[139.3023,36.52306],[139.30251,36.52357],[139.30181,36.52692],[139.30135,36.52769],[139.30022,36.52862],[139.29864,36.52933],[139.29468,36.5301],[139.29374,36.53064],[139.29536,36.53243],[139.29586,36.53325],[139.29674,36.53405],[139.30065,36.53577],[139.30221,36.53619],[139.30288,36.53664],[139.30417,36.53347],[139.30446,36.53226],[139.30442,36.52981],[139.30489,36.52905],[139.30595,36.52812],[139.30599,36.52762],[139.30734,36.52403],[139.30807,36.52328]]]},"properties":{"key":"10212016002","name":"東町花輪","pref":"群馬県","prefCode":"10","municipality":"みどり市","areaM2":1337996.222,"population":254,"toponymIds":["10-a197396df4"]}},{"type":"Feature","geometry":{"type":"Polygon","coordinates":[[[139.39741,36.34757],[139.39912,36.34552],[139.3999,36.34488],[139.40107,36.34432],[139.40249,36.34308],[139.40352,36.34247],[139.40647,36.34147],[139.40788,36.34063],[139.40742,36.33773],[139.40677,36.33677],[139.40586,36.33595],[139.40595,36.33615],[139.40577,36.33659],[139.40618,36.33703],[139.40593,36.33717],[139.40546,36.33684],[139.40502,36.33714],[139.40134,36.3366],[139.39874,36.3359],[139.39748,36.33529],[139.39564,36.33402],[139.39519,36.33456],[139.39444,36.33415],[139.39339,36.33489],[139.39437,36.33591],[139.39385,36.33625],[139.39426,36.33663],[139.39375,36.33703],[139.39281,36.33831],[139.39159,36.339],[139.38747,36.33872],[139.38545,36.34126],[139.38626,36.34122],[139.38641,36.34183],[139.3856,36.342],[139.38575,36.34235],[139.38551,36.3424],[139.38538,36.34203],[139.38475,36.34211],[139.38318,36.34405],[139.38765,36.34708],[139.38729,36.34744],[139.3875,36.34757],[139.38739,36.34784],[139.38797,36.3482],[139.38889,36.34734],[139.39302,36.35021],[139.39319,36.34981],[139.39434,36.34876],[139.39675,36.34796],[139.39741,36.34757]]]},"properties":{"key":"102051090","name":"只上町","pref":"群馬県","prefCode":"10","municipality":"太田市","areaM2":2001037.696,"population":1345,"toponymIds":["10-d5596a3f24"]}},{"type":"Feature","geometry":{"type":"Polygon","coordinates":[[[139.29135,36.25373],[139.29168,36.25263],[139.29172,36.25105],[139.29137,36.2502],[139.29111,36.24996],[139.28978,36.24934],[139.28879,36.24698],[139.29032,36.24435],[139.28492,36.24562],[139.27256,36.24943],[139.28147,36.25151],[139.28231,36.25287],[139.28198,36.25297],[139.28212,36.25357],[139.2828,36.25326],[139.2824,36.25408],[139.28257,36.25462],[139.28329,36.25473],[139.2833,36.25532],[139.28543,36.25585],[139.28579,36.25616],[139.28852,36.25597],[139.28854,36.25583],[139.28986,36.25524],[139.29058,36.25474],[139.29135,36.25373]]]},"properties":{"key":"102051570","name":"徳川町","pref":"群馬県","prefCode":"10","municipality":"太田市","areaM2":1107432.737,"population":203,"toponymIds":["10-01c0af86c2"]}},{"type":"Feature","geometry":{"type":"Polygon","coordinates":[[[139.31586,36.2436],[139.31454,36.24309],[139.31368,36.24354],[139.31458,36.24437],[139.31471,36.245],[139.31586,36.2436]]]},"properties":{"key":"102051390","name":"前島町","pref":"群馬県","prefCode":"10","municipality":"太田市","areaM2":18483.111,"population":0,"toponymIds":["10-4cf2df6620"]}},{"type":"Feature","geometry":{"type":"Polygon","coordinates":[[[139.01527,36.6599],[139.01687,36.65817],[139.01906,36.65632],[139.01986,36.6554],[139.02062,36.65415],[139.0212,36.65299],[139.02238,36.64723],[139.0229,36.64624],[139.02367,36.64542],[139.02413,36.64372],[139.02226,36.6434],[139.0216,36.64386],[139.02123,36.64389],[139.02101,36.64381],[139.02101,36.64351],[139.01967,36.64421],[139.01945,36.64459],[139.01905,36.64455],[139.01934,36.6438],[139.01855,36.64276],[139.01852,36.64208],[139.01797,36.64154],[139.01683,36.6412],[139.0166,36.64131],[139.01648,36.63986],[139.01658,36.63942],[139.01789,36.63873],[139.01803,36.6385],[139.01652,36.63675],[139.01039,36.63737],[139.00839,36.63682],[139.00513,36.6364],[139.00503,36.63622],[139.00173,36.63714],[139.00099,36.63759],[139.00013,36.6385],[138.99769,36.63868],[138.99695,36.63849],[138.99339,36.63906],[138.99302,36.63901],[138.99252,36.63866],[138.99294,36.63871],[138.99321,36.63856],[138.99317,36.63795],[138.99357,36.63767],[138.99358,36.63748],[138.99312,36.63748],[138.99284,36.63798],[138.99242,36.6375],[138.99117,36.63697],[138.9908,36.63739],[138.98991,36.63761],[138.98998,36.63801],[138.98948,36.63805],[138.98925,36.63834],[138.98932,36.63877],[138.98823,36.63909],[138.98752,36.63952],[138.98745,36.64016],[138.9876,36.64032],[138.98742,36.64136],[138.98745,36.64251],[138.9867,36.64355],[138.98634,36.6445],[138.98538,36.64471],[138.98512,36.64523],[138.98663,36.64743],[138.98729,36.6477],[138.98792,36.64833],[138.98809,36.64882],[138.98787,36.64927],[138.98798,36.64979],[138.98909,36.65033],[138.98972,36.65043],[138.99053,36.65157],[138.99088,36.65252],[138.99165,36.6526],[138.99173,36.65224],[138.99249,36.65158],[138.99325,36.65153],[138.99577,36.6505],[138.99791,36.65078],[138.99868,36.65131],[138.99903,36.65277],[139.0003,36.65361],[139.00117,36.6547],[139.00227,36.65506],[139.00347,36.65513],[139.00377,36.65501],[139.00401,36.6553],[139.00439,36.65531],[139.00487,36.65573],[139.00561,36.65584],[139.00706,36.65689],[139.00831,36.65723],[139.00847,36.65764],[139.00937,36.65756],[139.00967,36.65839],[139.00948,36.65855],[139.00949,36.65877],[139.00964,36.65878],[139.00995,36.66051],[139.01074,36.65985],[139.01115,36.65983],[139.01244,36.66098],[139.01356,36.66165],[139.01527,36.6599]]]},"properties":{"key":"102060560","name":"上川田町","pref":"群馬県","prefCode":"10","municipality":"沼田市","areaM2":5795926.319,"population":473,"toponymIds":["10-766c081645"]}},{"type":"Feature","geometry":{"type":"Polygon","coordinates":[[[139.04312,36.61685],[139.04259,36.61668],[139.04125,36.61886],[139.04151,36.61949],[139.04144,36.62003],[139.04072,36.62107],[139.03991,36.62169],[139.04087,36.62237],[139.04088,36.62348],[139.04105,36.62372],[139.04362,36.62504],[139.04499,36.6275],[139.04581,36.62858],[139.04613,36.62924],[139.0462,36.62998],[139.04647,36.63017],[139.0462,36.62929],[139.04628,36.62895],[139.04837,36.62781],[139.04871,36.62741],[139.04883,36.6271],[139.0485,36.6262],[139.0487,36.62588],[139.04943,36.62545],[139.04902,36.62514],[139.04933,36.62485],[139.04834,36.62427],[139.04802,36.62388],[139.0479,36.62366],[139.04799,36.62319],[139.04742,36.62247],[139.04724,36.62154],[139.04688,36.62124],[139.04601,36.61969],[139.04585,36.61864],[139.04547,36.61764],[139.045,36.61735],[139.04312,36.61685]]]},"properties":{"key":"102060200","name":"新町","pref":"群馬県","prefCode":"10","municipality":"沼田市","areaM2":574546.306,"population":388,"toponymIds":["10-6e4602c377"]}},{"type":"Feature","geometry":{"type":"Polygon","coordinates":[[[138.82509,36.38909],[138.82722,36.38915],[138.8306,36.38889],[138.83518,36.38792],[138.83753,36.38681],[138.83793,36.38606],[138.83808,36.38458],[138.83876,36.38397],[138.84058,36.38395],[138.84215,36.38436],[138.84384,36.38435],[138.84415,36.38501],[138.84331,36.38651],[138.84358,36.38728],[138.84425,36.38778],[138.84626,36.38693],[138.84821,36.38647],[138.85077,36.38458],[138.85143,36.38443],[138.85244,36.38457],[138.85464,36.38553],[138.85638,36.38542],[138.85639,36.38486],[138.85516,36.38341],[138.85484,36.38238],[138.85462,36.38209],[138.85317,36.38211],[138.85167,36.38186],[138.84964,36.38203],[138.84877,36.38195],[138.8483,36.38167],[138.84802,36.38123],[138.84892,36.37988],[138.85126,36.37806],[138.85191,36.37777],[138.85163,36.37538],[138.85167,36.3735],[138.8513,36.37337],[138.85119,36.3725],[138.85209,36.37175],[138.8523,36.37116],[138.85159,36.37149],[138.84948,36.37161],[138.84855,36.37189],[138.84462,36.37153],[138.84321,36.37112],[138.83827,36.37256],[138.83718,36.37227],[138.83634,36.37239],[138.83586,36.3726],[138.83493,36.37365],[138.83357,36.37429],[138.83094,36.37467],[138.8296,36.37455],[138.82871,36.37509],[138.82655,36.37371],[138.82545,36.37361],[138.82455,36.37392],[138.82357,36.37365],[138.822,36.37532],[138.81998,36.37648],[138.81983,36.37751],[138.81722,36.37846],[138.81647,36.37835],[138.81609,36.37868],[138.8151,36.37867],[138.81468,36.37919],[138.81298,36.37997],[138.81268,36.38],[138.81187,36.37963],[138.81133,36.37962],[138.81007,36.38016],[138.80854,36.38027],[138.80798,36.38135],[138.80585,36.38209],[138.8061,36.38302],[138.80722,36.38352],[138.80978,36.38394],[138.81209,36.38518],[138.81319,36.38599],[138.81441,36.38724],[138.81669,36.38874],[138.81738,36.3903],[138.8176,36.39043],[138.8185,36.3908],[138.82055,36.39126],[138.8223,36.38982],[138.82376,36.38922],[138.82509,36.38909]]]},"properties":{"key":"10202726026","name":"上里見町","pref":"群馬県","prefCode":"10","municipality":"高崎市","areaM2":5488341.264,"population":56,"toponymIds":["10-7a2da2a87c","10-abc73311a7","10-eeffa465c0"]}},{"type":"Feature","geometry":{"type":"Polygon","coordinates":[[[138.87888,36.39282],[138.87898,36.39199],[138.87922,36.39156],[138.87959,36.39126],[138.88023,36.3911],[138.88054,36.39079],[138.88049,36.38998],[138.88072,36.3896],[138.88045,36.38893],[138.88047,36.38861],[138.88102,36.38782],[138.88106,36.38711],[138.88167,36.38663],[138.88158,36.38627],[138.87906,36.38698],[138.87853,36.38797],[138.87825,36.3882],[138.87667,36.38872],[138.8761,36.38911],[138.87543,36.38854],[138.87578,36.38824],[138.87549,36.3883],[138.87509,36.38792],[138.87346,36.38855],[138.87274,36.38897],[138.87256,36.38924],[138.87228,36.38927],[138.87255,36.39312],[138.87313,36.39406],[138.8736,36.39337],[138.87491,36.39256],[138.87607,36.39368],[138.87702,36.39391],[138.87753,36.3943],[138.87941,36.39401],[138.8789,36.39323],[138.87888,36.39282]]]},"properties":{"key":"10202720014","name":"中室田町","pref":"群馬県","prefCode":"10","municipality":"高崎市","areaM2":418327.135,"population":252,"toponymIds":["10-0ae8465d85","10-9d61413dcd"]}},{"type":"Feature","geometry":{"type":"Polygon","coordinates":[[[138.852,36.36135],[138.85216,36.36137],[138.85346,36.3603],[138.85407,36.36004],[138.85457,36.35905],[138.85483,36.35892],[138.85497,36.35817],[138.85601,36.35723],[138.85623,36.3567],[138.85615,36.35654],[138.8568,36.35625],[138.8559,36.35551],[138.85498,36.35581],[138.85445,36.35573],[138.85354,36.35614],[138.85305,36.35576],[138.85214,36.35564],[138.85225,36.35557],[138.85201,36.35551],[138.85201,36.35526],[138.85215,36.35508],[138.85168,36.35521],[138.85151,36.35509],[138.8511,36.35536],[138.85045,36.35473],[138.84958,36.35509],[138.84889,36.35579],[138.8477,36.35629],[138.84741,36.35699],[138.84679,36.35685],[138.84458,36.35832],[138.84433,36.35893],[138.84392,36.35919],[138.84376,36.35966],[138.84374,36.35987],[138.84445,36.36109],[138.84499,36.36152],[138.84472,36.36169],[138.84481,36.36192],[138.84632,36.36183],[138.84661,36.36185],[138.8466,36.36202],[138.84701,36.36175],[138.84702,36.36192],[138.84745,36.36194],[138.84759,36.36177],[138.84853,36.36182],[138.84823,36.36213],[138.84943,36.36117],[138.84953,36.36153],[138.84979,36.36155],[138.84983,36.36209],[138.85062,36.36243],[138.852,36.36135]]]},"properties":{"key":"10211007043","name":"秋間みのりが丘","pref":"群馬県","prefCode":"10","municipality":"安中市","areaM2":582741.626,"population":750,"toponymIds":["10-e43458c458"]}},{"type":"Feature","geometry":{"type":"Polygon","coordinates":[[[138.86111,36.37405],[138.86209,36.37411],[138.86267,36.37377],[138.86306,36.37332],[138.86456,36.37308],[138.86575,36.37242],[138.86644,36.37224],[138.86691,36.37175],[138.86767,36.37151],[138.86866,36.37063],[138.86869,36.36922],[138.86925,36.36819],[138.86944,36.36694],[138.86978,36.36593],[138.87018,36.36558],[138.87036,36.36511],[138.87018,36.36415],[138.8709,36.3625],[138.87088,36.36014],[138.87037,36.36013],[138.87068,36.35974],[138.86987,36.35913],[138.87116,36.35798],[138.87135,36.35719],[138.87253,36.35666],[138.87216,36.35615],[138.87215,36.35521],[138.87184,36.35486],[138.87119,36.3545],[138.87089,36.35404],[138.87122,36.35387],[138.8715,36.3534],[138.87237,36.3536],[138.87319,36.35357],[138.87382,36.35309],[138.87459,36.35291],[138.87548,36.35234],[138.87625,36.35118],[138.87677,36.34938],[138.87652,36.34874],[138.87663,36.34855],[138.87768,36.34824],[138.87768,36.34806],[138.87836,36.34809],[138.87843,36.34763],[138.87865,36.34762],[138.87921,36.34641],[138.87948,36.3464],[138.87933,36.34603],[138.88038,36.34566],[138.88053,36.34486],[138.87976,36.34504],[138.87912,36.34496],[138.87851,36.34437],[138.87596,36.34487],[138.87379,36.34474],[138.87062,36.34278],[138.86955,36.34257],[138.86851,36.34259],[138.86788,36.34267],[138.86685,36.3433],[138.8651,36.34378],[138.86332,36.34457],[138.86302,36.34439],[138.86173,36.34425],[138.86052,36.34447],[138.86005,36.34423],[138.85936,36.34529],[138.85852,36.34575],[138.8596,36.34697],[138.86083,36.34721],[138.86145,36.34775],[138.8603,36.34842],[138.86099,36.34851],[138.86131,36.34982],[138.86186,36.35087],[138.8622,36.35139],[138.86268,36.35136],[138.86095,36.35224],[138.86084,36.35238],[138.86176,36.35214],[138.86163,36.35244],[138.8618,36.35272],[138.86103,36.35323],[138.86031,36.35407],[138.86032,36.3545],[138.86117,36.35463],[138.86113,36.35558],[138.86233,36.35718],[138.86403,36.35802],[138.86481,36.35966],[138.86467,36.35991],[138.86472,36.36089],[138.86421,36.36102],[138.86374,36.3614],[138.86388,36.36212],[138.86347,36.36278],[138.86281,36.36309],[138.86289,36.36366],[138.86258,36.36391],[138.86228,36.36511],[138.86054,36.36639],[138.85989,36.3666],[138.85928,36.36708],[138.85869,36.367],[138.85793,36.36738],[138.85683,36.3675],[138.85578,36.36784],[138.85553,36.36872],[138.85435,36.36962],[138.85432,36.37033],[138.85413,36.37078],[138.85383,36.37107],[138.85337,36.37124],[138.8523,36.37116],[138.85209,36.37175],[138.85118,36.37263],[138.8513,36.37337],[138.85406,36.37414],[138.85585,36.37421],[138.85639,36.37405],[138.85669,36.37409],[138.85689,36.37438],[138.85743,36.37437],[138.85845,36.37426],[138.85887,36.37379],[138.85954,36.37412],[138.85966,36.37436],[138.8601,36.37446],[138.86073,36.37431],[138.86111,36.37405]]]},"properties":{"key":"10211007041","name":"中秋間","pref":"群馬県","prefCode":"10","municipality":"安中市","areaM2":3655741.133,"population":516,"toponymIds":["10-cf68375e4c"]}},{"type":"Feature","geometry":{"type":"Polygon","coordinates":[[[138.77845,36.34755],[138.77974,36.34688],[138.78017,36.34726],[138.78178,36.34746],[138.78221,36.34708],[138.78201,36.34682],[138.78221,36.34641],[138.78225,36.3458],[138.78204,36.34552],[138.7843,36.343],[138.78639,36.34159],[138.79372,36.33833],[138.79821,36.33665],[138.80017,36.3357],[138.79945,36.33502],[138.79905,36.33378],[138.79829,36.3334],[138.79884,36.33309],[138.7989,36.33276],[138.79864,36.3328],[138.7986,36.33266],[138.79911,36.33235],[138.79851,36.33224],[138.79734,36.33142],[138.79563,36.33077],[138.79529,36.33028],[138.79492,36.3303],[138.79466,36.32963],[138.79353,36.32833],[138.79296,36.32716],[138.79185,36.32604],[138.79183,36.32546],[138.79221,36.32506],[138.79158,36.3242],[138.79157,36.32352],[138.79081,36.32322],[138.79009,36.32367],[138.78956,36.32368],[138.78828,36.32326],[138.78742,36.32343],[138.78589,36.32286],[138.78528,36.3231],[138.78423,36.32424],[138.78263,36.3245],[138.78256,36.32533],[138.78128,36.32555],[138.78171,36.32618],[138.78183,36.32687],[138.78148,36.32737],[138.78053,36.32782],[138.78121,36.32877],[138.78213,36.32953],[138.78147,36.32937],[138.78147,36.32973],[138.78097,36.32986],[138.78103,36.33039],[138.78082,36.33076],[138.77991,36.33106],[138.78154,36.33223],[138.78197,36.33211],[138.78339,36.33214],[138.78431,36.33246],[138.78408,36.33323],[138.78399,36.3348],[138.78463,36.33575],[138.78399,36.33627],[138.78429,36.33694],[138.78423,36.33765],[138.78321,36.33804],[138.78206,36.3382],[138.78212,36.33875],[138.78188,36.33897],[138.78182,36.33946],[138.78194,36.33967],[138.78282,36.34011],[138.78301,36.34071],[138.78233,36.34128],[138.78192,36.34235],[138.78148,36.34281],[138.78121,36.34283],[138.77849,36.34173],[138.77728,36.34214],[138.77708,36.34253],[138.77641,36.34284],[138.77572,36.34527],[138.77661,36.34553],[138.77728,36.34588],[138.77742,36.34613],[138.77798,36.34629],[138.77746,36.34743],[138.77641,36.34841],[138.77593,36.34909],[138.77845,36.34755]]]},"properties":{"key":"102110270","name":"松井田町新井","pref":"群馬県","prefCode":"10","municipality":"安中市","areaM2":2525884.946,"population":335,"toponymIds":["10-54e4ea5dd6","10-9579b98d36"]}},{"type":"Feature","geometry":{"type":"Polygon","coordinates":[[[138.77853,36.38222],[138.77977,36.38232],[138.78086,36.3817],[138.78158,36.38154],[138.78177,36.38124],[138.78226,36.38115],[138.78258,36.38035],[138.78375,36.37922],[138.78503,36.37873],[138.78578,36.37756],[138.78677,36.37744],[138.78793,36.37763],[138.78968,36.37653],[138.79021,36.37636],[138.79072,36.37584],[138.79121,36.37586],[138.79142,36.37612],[138.79215,36.37639],[138.79346,36.37629],[138.79432,36.37643],[138.79591,36.37524],[138.79656,36.37517],[138.79746,36.37452],[138.79755,36.37394],[138.79806,36.3735],[138.79962,36.37254],[138.80108,36.3719],[138.80072,36.37117],[138.80281,36.3703],[138.80475,36.36987],[138.80518,36.36917],[138.80511,36.36837],[138.80529,36.36792],[138.8068,36.36791],[138.80746,36.36771],[138.80787,36.3668],[138.80767,36.36572],[138.80828,36.36494],[138.80841,36.36418],[138.80923,36.36407],[138.81078,36.36335],[138.81117,36.36364],[138.8118,36.36374],[138.81246,36.36329],[138.81309,36.36331],[138.81373,36.36275],[138.81416,36.36135],[138.81455,36.36104],[138.81474,36.36057],[138.81568,36.36074],[138.8158,36.36047],[138.8163,36.36017],[138.81632,36.35965],[138.81698,36.35854],[138.81687,36.35814],[138.81712,36.35731],[138.81699,36.35645],[138.81713,36.3564],[138.81707,36.35574],[138.81721,36.35556],[138.81878,36.35452],[138.81963,36.35436],[138.82037,36.35356],[138.82117,36.3536],[138.82154,36.35325],[138.82206,36.35335],[138.82232,36.35288],[138.82336,36.3527],[138.82426,36.3521],[138.8247,36.35231],[138.8253,36.3523],[138.82688,36.35108],[138.8281,36.35094],[138.82859,36.35061],[138.82872,36.35032],[138.82953,36.34976],[138.8298,36.34936],[138.83017,36.34824],[138.83012,36.34755],[138.83124,36.34699],[138.8313,36.34675],[138.83176,36.34655],[138.83231,36.3465],[138.83285,36.34686],[138.83359,36.34569],[138.83404,36.34556],[138.83395,36.34468],[138.83527,36.34397],[138.83446,36.34312],[138.83413,36.34215],[138.83311,36.34093],[138.83285,36.34036],[138.83398,36.33952],[138.83375,36.33893],[138.83254,36.33759],[138.83257,36.33707],[138.83237,36.3368],[138.83276,36.33655],[138.83292,36.33611],[138.83258,36.33594],[138.83281,36.33527],[138.83299,36.33516],[138.83292,36.33436],[138.83268,36.33459],[138.83272,36.33499],[138.83245,36.33514],[138.83258,36.33546],[138.83227,36.33556],[138.83183,36.33541],[138.83197,36.33504],[138.83181,36.33488],[138.83118,36.33568],[138.83062,36.33481],[138.82963,36.33584],[138.82905,36.33608],[138.82786,36.33618],[138.82741,36.33651],[138.82635,36.3368],[138.82596,36.33669],[138.82555,36.33592],[138.82475,36.33559],[138.82437,36.3356],[138.82462,36.33718],[138.82397,36.33743],[138.8235,36.33719],[138.82336,36.33744],[138.82283,36.33743],[138.82175,36.33805],[138.82211,36.33877],[138.82184,36.33904],[138.82108,36.33933],[138.82105,36.33996],[138.81994,36.34109],[138.81907,36.34283],[138.81822,36.34272],[138.81691,36.34302],[138.81617,36.34294],[138.81575,36.34326],[138.81532,36.34327],[138.81513,36.34393],[138.8147,36.34407],[138.81461,36.34478],[138.81268,36.34477],[138.8089,36.34426],[138.8073,36.34514],[138.80689,36.34607],[138.8055,36.34593],[138.80509,36.34617],[138.80458,36.34685],[138.80438,36.34793],[138.80304,36.34902],[138.80242,36.34919],[138.80211,36.34958],[138.8009,36.34995],[138.80029,36.34987],[138.7999,36.35008],[138.79744,36.35018],[138.79523,36.35084],[138.79316,36.35173],[138.79279,36.35204],[138.7922,36.35209],[138.79168,36.35256],[138.79098,36.35285],[138.79064,36.35356],[138.7891,36.35407],[138.78757,36.35528],[138.78718,36.35548],[138.78593,36.35565],[138.78666,36.35663],[138.78685,36.35819],[138.78673,36.35859],[138.78583,36.35943],[138.78474,36.35958],[138.78459,36.35974],[138.78451,36.36029],[138.78494,36.36107],[138.7832,36.36211],[138.78219,36.36239],[138.78153,36.36282],[138.78106,36.36286],[138.78005,36.36333],[138.77954,36.36394],[138.77812,36.3641],[138.7778,36.36428],[138.77768,36.36457],[138.77732,36.36456],[138.77707,36.36482],[138.77683,36.36574],[138.77585,36.36634],[138.77578,36.36679],[138.775,36.3671],[138.77474,36.36741],[138.77397,36.36758],[138.77408,36.36832],[138.77362,36.3687],[138.77353,36.36923],[138.77251,36.36993],[138.77229,36.37046],[138.77223,36.37086],[138.77349,36.37199],[138.77369,36.37262],[138.77328,36.37306],[138.77343,36.37353],[138.77328,36.37406],[138.77266,36.37477],[138.77323,36.37606],[138.77326,36.37641],[138.77295,36.37703],[138.77391,36.3778],[138.77398,36.3782],[138.77572,36.37919],[138.77631,36.38035],[138.77608,36.381],[138.77617,36.38175],[138.77585,36.38241],[138.77574,36.38319],[138.77674,36.38319],[138.77768,36.38298],[138.77853,36.38222]]]},"properties":{"key":"10211008045","name":"上後閑","pref":"群馬県","prefCode":"10","municipality":"安中市","areaM2":11017702.901,"population":392,"toponymIds":["10-e51cf00173","10-bfff7865c7"]}},{"type":"Feature","geometry":{"type":"Polygon","coordinates":[[[138.9691,36.38098],[138.97047,36.38051],[138.97157,36.37917],[138.9728,36.37836],[138.97217,36.37781],[138.97092,36.37774],[138.9703,36.37742],[138.96745,36.3766],[138.96734,36.37631],[138.96643,36.37589],[138.96489,36.37446],[138.964,36.37318],[138.96344,36.37357],[138.96339,36.37241],[138.96254,36.37243],[138.96252,36.37187],[138.96157,36.37191],[138.9615,36.37065],[138.95988,36.37069],[138.95986,36.37028],[138.95967,36.37031],[138.95893,36.36968],[138.95891,36.36948],[138.95873,36.36974],[138.95812,36.36964],[138.958,36.37079],[138.95739,36.37158],[138.95713,36.37281],[138.95636,36.37361],[138.95579,36.37493],[138.95592,36.37659],[138.9564,36.37796],[138.95623,36.37892],[138.95585,36.37946],[138.95619,36.37951],[138.95606,36.37985],[138.96075,36.38023],[138.96065,36.38072],[138.96092,36.3809],[138.96306,36.38106],[138.96336,36.38028],[138.96493,36.38089],[138.96817,36.38153],[138.9691,36.38098]]]},"properties":{"key":"102026700","name":"箕郷町下芝","pref":"群馬県","prefCode":"10","municipality":"高崎市","areaM2":1060615.952,"population":1935,"toponymIds":["10-b3328cfe15"]}},{"type":"Feature","geometry":{"type":"Polygon","coordinates":[[[138.84298,36.42178],[138.84184,36.42073],[138.84157,36.41992],[138.84171,36.41978],[138.84878,36.41984],[138.84693,36.41344],[138.84627,36.41275],[138.84493,36.41219],[138.84485,36.41177],[138.84511,36.41129],[138.84546,36.41108],[138.8453,36.41048],[138.84539,36.41011],[138.84648,36.40955],[138.84707,36.40858],[138.84813,36.40804],[138.84864,36.4074],[138.84907,36.40577],[138.849,36.4053],[138.84938,36.40462],[138.84971,36.40429],[138.8507,36.40426],[138.85211,36.40363],[138.85204,36.40346],[138.85275,36.40264],[138.85248,36.4025],[138.85225,36.40244],[138.85185,36.40294],[138.85124,36.40316],[138.85109,36.40353],[138.85062,36.40388],[138.84995,36.40363],[138.84959,36.40329],[138.84888,36.40318],[138.84803,36.40242],[138.8464,36.40347],[138.84572,36.40412],[138.8449,36.40458],[138.84418,36.40474],[138.84373,36.40534],[138.84378,36.40629],[138.84295,36.40682],[138.8429,36.40704],[138.84327,36.40726],[138.84265,36.40823],[138.84187,36.4088],[138.84103,36.40878],[138.84044,36.40975],[138.83961,36.41013],[138.83942,36.41062],[138.83954,36.41106],[138.83843,36.41128],[138.83811,36.41176],[138.83825,36.41213],[138.83768,36.41245],[138.83769,36.41269],[138.83804,36.41297],[138.83776,36.4137],[138.83713,36.41394],[138.83667,36.41467],[138.83572,36.41523],[138.83675,36.41576],[138.83591,36.41618],[138.83573,36.41677],[138.83608,36.41721],[138.83646,36.41739],[138.83647,36.41792],[138.83797,36.41887],[138.83816,36.41967],[138.83872,36.42021],[138.8397,36.42088],[138.84081,36.42136],[138.84298,36.42178]]]},"properties":{"key":"10202721019","name":"上室田町","pref":"群馬県","prefCode":"10","municipality":"高崎市","areaM2":1350619.669,"population":83,"toponymIds":["10-672b70394e"]}},{"type":"Feature","geometry":{"type":"Polygon","coordinates":[[[138.8133,36.34471],[138.81461,36.34478],[138.8147,36.34407],[138.81513,36.34393],[138.81525,36.34331],[138.81575,36.34326],[138.81617,36.34294],[138.81691,36.34302],[138.81822,36.34272],[138.81907,36.34283],[138.81994,36.34109],[138.82105,36.33996],[138.82108,36.33933],[138.82184,36.33904],[138.82211,36.33877],[138.82175,36.33805],[138.82283,36.33743],[138.82336,36.33744],[138.8235,36.33719],[138.82397,36.33743],[138.82462,36.33718],[138.82437,36.3356],[138.82475,36.33559],[138.82555,36.33592],[138.82596,36.33669],[138.82635,36.3368],[138.82741,36.33651],[138.82786,36.33618],[138.82905,36.33608],[138.82963,36.33584],[138.83062,36.33481],[138.83118,36.33568],[138.83181,36.33488],[138.83197,36.33504],[138.83183,36.33541],[138.83227,36.33556],[138.83258,36.33546],[138.83245,36.33514],[138.83272,36.33499],[138.83268,36.33459],[138.83292,36.33436],[138.83299,36.33516],[138.83281,36.33527],[138.83258,36.33594],[138.83292,36.33611],[138.83276,36.33655],[138.83237,36.3368],[138.83257,36.33707],[138.83254,36.33759],[138.83375,36.33893],[138.83398,36.33952],[138.83285,36.34036],[138.83311,36.34093],[138.83413,36.34215],[138.83446,36.34312],[138.83527,36.34397],[138.83588,36.34354],[138.83613,36.34355],[138.8369,36.344],[138.83773,36.34405],[138.8384,36.34457],[138.83905,36.34429],[138.83955,36.34385],[138.83958,36.34335],[138.83941,36.34303],[138.83967,36.3421],[138.84031,36.34226],[138.84034,36.3421],[138.83971,36.34036],[138.83891,36.33874],[138.83845,36.33838],[138.83839,36.33809],[138.83858,36.33774],[138.83893,36.33753],[138.83985,36.33545],[138.83988,36.33485],[138.84046,36.3344],[138.84062,36.33365],[138.84094,36.33339],[138.84161,36.33322],[138.84192,36.33267],[138.84205,36.33211],[138.84168,36.33129],[138.84184,36.33052],[138.84175,36.33035],[138.84227,36.32993],[138.84238,36.32963],[138.8417,36.32946],[138.84095,36.32865],[138.84122,36.32841],[138.8413,36.32771],[138.84092,36.32736],[138.84092,36.32703],[138.84149,36.32661],[138.84368,36.3272],[138.84458,36.32623],[138.84424,36.32594],[138.8446,36.32545],[138.84476,36.32458],[138.84466,36.324],[138.84359,36.32429],[138.8435,36.32451],[138.84067,36.32394],[138.84031,36.32419],[138.83945,36.32427],[138.83929,36.32448],[138.8377,36.32516],[138.83697,36.32459],[138.83473,36.32445],[138.83221,36.32512],[138.831,36.32587],[138.82862,36.32618],[138.82781,36.32599],[138.82654,36.32645],[138.8255,36.32638],[138.8248,36.32679],[138.82357,36.3279],[138.82273,36.32892],[138.82171,36.32961],[138.81804,36.33141],[138.81625,36.33203],[138.81603,36.33241],[138.8156,36.33265],[138.81488,36.33344],[138.81495,36.33419],[138.81384,36.33506],[138.81379,36.33554],[138.81318,36.33591],[138.81265,36.3365],[138.81101,36.33705],[138.81076,36.33725],[138.81073,36.33766],[138.81128,36.33886],[138.81071,36.33917],[138.81048,36.3396],[138.81086,36.34032],[138.81025,36.34091],[138.81001,36.34191],[138.80938,36.34242],[138.80931,36.34269],[138.80946,36.3431],[138.8089,36.34426],[138.81268,36.34477],[138.8133,36.34471]]]},"properties":{"key":"10211008044","name":"中後閑","pref":"群馬県","prefCode":"10","municipality":"安中市","areaM2":3712905.546,"population":607,"toponymIds":["10-0338f5abe5"]}},{"type":"Feature","geometry":{"type":"Polygon","coordinates":[[[138.80305,36.28879],[138.80471,36.28791],[138.80506,36.28836],[138.80707,36.28769],[138.80778,36.28705],[138.80889,36.28651],[138.80836,36.28601],[138.80916,36.2856],[138.81302,36.2849],[138.8142,36.2845],[138.8144,36.28333],[138.81525,36.28283],[138.81756,36.28218],[138.81761,36.28115],[138.81853,36.27954],[138.81816,36.2798],[138.81764,36.27978],[138.81703,36.28001],[138.81635,36.28045],[138.81547,36.28056],[138.81506,36.28104],[138.81434,36.28092],[138.81323,36.28035],[138.81275,36.2805],[138.81235,36.28089],[138.81182,36.2807],[138.81123,36.28079],[138.81096,36.28092],[138.81091,36.28144],[138.81066,36.28158],[138.81085,36.28215],[138.80985,36.28245],[138.81,36.28205],[138.80991,36.28169],[138.80955,36.28187],[138.80935,36.28164],[138.80957,36.28141],[138.80954,36.28095],[138.80987,36.28041],[138.80978,36.28035],[138.8088,36.28031],[138.80828,36.28067],[138.80742,36.2805],[138.80728,36.28096],[138.80694,36.28057],[138.80719,36.28028],[138.80689,36.28007],[138.80639,36.28004],[138.80609,36.28059],[138.80512,36.28034],[138.80455,36.28063],[138.80294,36.28009],[138.80299,36.27933],[138.80341,36.27856],[138.80478,36.27796],[138.80626,36.27776],[138.80677,36.27695],[138.80689,36.27645],[138.80513,36.27646],[138.805,36.27664],[138.80517,36.2774],[138.80277,36.27818],[138.80233,36.27886],[138.80199,36.27907],[138.80023,36.27959],[138.79965,36.27928],[138.80167,36.27901],[138.80238,36.27827],[138.80213,36.27798],[138.80373,36.27771],[138.80452,36.2772],[138.80426,36.27684],[138.80261,36.2764],[138.80178,36.27688],[138.80122,36.27766],[138.80102,36.27756],[138.80134,36.27711],[138.80105,36.27732],[138.80024,36.27728],[138.80026,36.27716],[138.80098,36.2772],[138.80282,36.27597],[138.80293,36.27553],[138.8027,36.27532],[138.80213,36.27524],[138.8004,36.27597],[138.80036,36.27666],[138.80001,36.276],[138.79936,36.27626],[138.79931,36.27608],[138.79869,36.276],[138.79861,36.27577],[138.79924,36.27567],[138.79829,36.27541],[138.79913,36.27532],[138.79881,36.27497],[138.7978,36.2749],[138.79768,36.27466],[138.79708,36.27433],[138.79615,36.27413],[138.79556,36.27432],[138.79474,36.27393],[138.79429,36.27397],[138.79357,36.27372],[138.792,36.2735],[138.79129,36.27361],[138.79021,36.27325],[138.78941,36.27354],[138.78833,36.27367],[138.788,36.27208],[138.78731,36.27255],[138.78696,36.27322],[138.78704,36.27398],[138.7877,36.27466],[138.78908,36.27541],[138.78987,36.27643],[138.79049,36.27761],[138.79197,36.2791],[138.79226,36.27932],[138.79455,36.27977],[138.79569,36.28116],[138.79761,36.28301],[138.80117,36.28542],[138.80199,36.28569],[138.80252,36.28828],[138.80305,36.28879]]]},"properties":{"key":"102104560","name":"妙義町八木連","pref":"群馬県","prefCode":"10","municipality":"富岡市","areaM2":1789896.482,"population":203,"toponymIds":["10-18556b86b9"]}},{"type":"Feature","geometry":{"type":"Polygon","coordinates":[[[138.82343,36.2767],[138.82382,36.27672],[138.8238,36.27565],[138.82415,36.27528],[138.824,36.275],[138.82542,36.27395],[138.8278,36.27254],[138.82843,36.27192],[138.83077,36.27136],[138.83152,36.27176],[138.83231,36.27151],[138.83228,36.27062],[138.8307,36.26814],[138.83101,36.26685],[138.83066,36.26672],[138.83061,36.26619],[138.83021,36.26589],[138.8302,36.26569],[138.82918,36.26525],[138.82906,36.26549],[138.82868,36.26539],[138.82837,36.26554],[138.82711,36.26674],[138.82672,36.26668],[138.82678,36.26613],[138.82821,36.26371],[138.82575,36.26293],[138.82636,36.26149],[138.82482,36.26093],[138.82495,36.26078],[138.82354,36.26093],[138.82288,36.26055],[138.82209,36.2605],[138.8217,36.26076],[138.82111,36.2608],[138.82085,36.26031],[138.8204,36.26022],[138.81992,36.25969],[138.81553,36.26058],[138.81533,36.26084],[138.81508,36.26086],[138.81446,36.26132],[138.81301,36.26348],[138.81316,36.26477],[138.81297,36.26512],[138.81217,36.26583],[138.81375,36.26578],[138.81379,36.2656],[138.81466,36.26514],[138.8148,36.26479],[138.8181,36.26588],[138.81796,36.26631],[138.82046,36.26732],[138.81992,36.26848],[138.82043,36.26925],[138.82016,36.27003],[138.82024,36.27053],[138.81994,36.27111],[138.82036,36.27113],[138.82036,36.27129],[138.82132,36.27249],[138.82143,36.27317],[138.82123,36.27399],[138.82177,36.27562],[138.82246,36.27694],[138.82343,36.2767]]]},"properties":{"key":"10210451001","name":"上丹生","pref":"群馬県","prefCode":"10","municipality":"富岡市","areaM2":1552477.857,"population":346,"toponymIds":["10-9bc9dfa1a8"]}},{"type":"Feature","geometry":{"type":"Polygon","coordinates":[[[138.84857,36.34456],[138.84838,36.34326],[138.84921,36.34282],[138.84994,36.34296],[138.85005,36.34221],[138.85068,36.34161],[138.85084,36.3412],[138.85001,36.33925],[138.84999,36.33866],[138.85022,36.33834],[138.85053,36.33815],[138.85155,36.33822],[138.85521,36.33895],[138.85536,36.34034],[138.85603,36.33966],[138.85679,36.33939],[138.86038,36.3397],[138.86142,36.33917],[138.86214,36.33847],[138.8629,36.33818],[138.8631,36.33717],[138.86422,36.33709],[138.86441,36.33566],[138.86464,36.33543],[138.86448,36.33517],[138.86417,36.33523],[138.86395,36.33477],[138.86425,36.33445],[138.86527,36.33408],[138.86701,36.33448],[138.8678,36.3344],[138.86705,36.33074],[138.86619,36.33098],[138.8652,36.331],[138.86412,36.33074],[138.86315,36.32949],[138.86195,36.3287],[138.86019,36.32848],[138.8589,36.32871],[138.85619,36.32855],[138.85488,36.3279],[138.85421,36.32712],[138.85378,36.32686],[138.84969,36.32597],[138.84894,36.32528],[138.84898,36.32513],[138.84768,36.32452],[138.8468,36.32438],[138.84475,36.32435],[138.8446,36.32545],[138.84424,36.32594],[138.84458,36.32623],[138.84368,36.3272],[138.84149,36.32661],[138.84092,36.32703],[138.84092,36.32736],[138.8413,36.32771],[138.84122,36.32841],[138.84095,36.32865],[138.8417,36.32946],[138.84238,36.32963],[138.84227,36.32993],[138.84175,36.33035],[138.84184,36.33052],[138.84168,36.33129],[138.84205,36.33211],[138.84192,36.33267],[138.84161,36.33322],[138.84094,36.33339],[138.84062,36.33365],[138.84046,36.3344],[138.83988,36.33485],[138.83985,36.33545],[138.83893,36.33753],[138.83858,36.33774],[138.83839,36.33809],[138.83845,36.33838],[138.83891,36.33874],[138.83971,36.34036],[138.84034,36.3421],[138.84031,36.34226],[138.83967,36.3421],[138.83941,36.34303],[138.83958,36.34335],[138.83955,36.34385],[138.84033,36.34427],[138.84064,36.34467],[138.84156,36.34498],[138.84258,36.34504],[138.84294,36.34433],[138.84339,36.34446],[138.8434,36.34432],[138.84373,36.3442],[138.84424,36.34439],[138.8445,36.34429],[138.84509,36.34472],[138.84582,36.34496],[138.84602,36.34589],[138.84591,36.34625],[138.84857,36.34456]]]},"properties":{"key":"10211008043","name":"下後閑","pref":"群馬県","prefCode":"10","municipality":"安中市","areaM2":3470428.106,"population":735,"toponymIds":["10-a86a3c5c35"]}},{"type":"Feature","geometry":{"type":"Polygon","coordinates":[[[138.86249,36.32858],[138.86267,36.32807],[138.86257,36.32773],[138.86239,36.32734],[138.86187,36.32698],[138.86218,36.32608],[138.86285,36.32524],[138.86327,36.3251],[138.86474,36.32391],[138.86498,36.323],[138.86523,36.32297],[138.86542,36.32234],[138.86689,36.32129],[138.8672,36.32115],[138.86787,36.32148],[138.86828,36.32094],[138.86927,36.32034],[138.87073,36.31983],[138.87117,36.31899],[138.86863,36.31758],[138.8684,36.3175],[138.86829,36.31765],[138.86592,36.31698],[138.86581,36.31734],[138.86436,36.31753],[138.86355,36.31748],[138.86255,36.31693],[138.86223,36.31757],[138.86183,36.31745],[138.86141,36.31828],[138.8612,36.31822],[138.86067,36.31887],[138.8599,36.31843],[138.85804,36.31844],[138.85798,36.31723],[138.85753,36.31526],[138.85793,36.31412],[138.85873,36.31318],[138.85758,36.31282],[138.8573,36.31224],[138.85781,36.31156],[138.85894,36.31223],[138.8595,36.31102],[138.85691,36.31029],[138.8557,36.30985],[138.85523,36.30947],[138.85438,36.31046],[138.85378,36.31195],[138.8533,36.31181],[138.85348,36.31144],[138.85339,36.3113],[138.85307,36.31158],[138.85232,36.31135],[138.85221,36.31153],[138.8519,36.31147],[138.85104,36.31119],[138.85086,36.31105],[138.85095,36.31077],[138.84999,36.31098],[138.84865,36.31068],[138.84824,36.31141],[138.84697,36.31109],[138.84787,36.30907],[138.84726,36.30886],[138.84729,36.30871],[138.84567,36.30844],[138.84558,36.30866],[138.845,36.30894],[138.84411,36.31053],[138.8441,36.31105],[138.84296,36.3116],[138.84417,36.31286],[138.84409,36.31301],[138.8454,36.31355],[138.84607,36.31517],[138.84637,36.31543],[138.84655,36.31624],[138.84708,36.31702],[138.84755,36.31754],[138.84877,36.31775],[138.8504,36.31754],[138.85094,36.31796],[138.85238,36.31834],[138.85409,36.31971],[138.85372,36.31985],[138.85393,36.32034],[138.85437,36.32058],[138.85429,36.32101],[138.8539,36.32131],[138.85364,36.32192],[138.85317,36.32402],[138.85262,36.32513],[138.85287,36.32552],[138.85272,36.32659],[138.85378,36.32686],[138.85421,36.32712],[138.85488,36.3279],[138.85619,36.32855],[138.8589,36.32871],[138.86019,36.32848],[138.86195,36.3287],[138.86239,36.32891],[138.86249,36.32858]],[[138.85195,36.31236],[138.85215,36.31198],[138.8524,36.31217],[138.85271,36.31201],[138.85335,36.31226],[138.85311,36.3127],[138.85195,36.31236]]]},"properties":{"key":"10211002100","name":"原市","pref":"群馬県","prefCode":"10","municipality":"安中市","areaM2":2252449.629,"population":5901,"toponymIds":["10-16a311dc59"]}},{"type":"Feature","geometry":{"type":"Polygon","coordinates":[[[138.87315,36.33185],[138.87346,36.33168],[138.87352,36.33179],[138.87373,36.33035],[138.87505,36.33055],[138.87497,36.32922],[138.87521,36.32881],[138.87586,36.32883],[138.87593,36.32787],[138.87625,36.32716],[138.87611,36.32709],[138.8762,36.32545],[138.87594,36.32456],[138.87608,36.32395],[138.87638,36.32359],[138.87641,36.32314],[138.87596,36.32276],[138.8758,36.32228],[138.87541,36.32179],[138.87493,36.32074],[138.87485,36.32002],[138.8713,36.31876],[138.87073,36.31983],[138.86927,36.32034],[138.86828,36.32094],[138.86787,36.32148],[138.8672,36.32115],[138.86689,36.32129],[138.86542,36.32234],[138.86523,36.32297],[138.86498,36.323],[138.86474,36.32391],[138.86327,36.3251],[138.86285,36.32524],[138.86218,36.32608],[138.86187,36.32698],[138.86239,36.32734],[138.86264,36.32794],[138.86239,36.32891],[138.86315,36.32949],[138.86412,36.33074],[138.8652,36.331],[138.86619,36.33098],[138.86873,36.33019],[138.86998,36.3301],[138.87112,36.33027],[138.87191,36.33058],[138.87272,36.33123],[138.87315,36.33185]]]},"properties":{"key":"102110014","name":"古屋","pref":"群馬県","prefCode":"10","municipality":"安中市","areaM2":1241799.19,"population":1548,"toponymIds":["10-6cd2b0c82a"]}},{"type":"Feature","geometry":{"type":"Polygon","coordinates":[[[138.87109,36.28097],[138.87149,36.28051],[138.87232,36.28063],[138.87321,36.28033],[138.87339,36.27951],[138.87375,36.27949],[138.87389,36.27783],[138.8729,36.27724],[138.87279,36.27574],[138.87231,36.27496],[138.871,36.27351],[138.86957,36.2737],[138.86848,36.27422],[138.86845,36.27436],[138.86777,36.27421],[138.86808,36.27476],[138.86798,36.27513],[138.86809,36.27567],[138.86792,36.27601],[138.86754,36.27619],[138.8672,36.27723],[138.86811,36.27728],[138.86808,36.27774],[138.86731,36.27776],[138.86556,36.27687],[138.8653,36.27652],[138.86533,36.27615],[138.86589,36.27523],[138.86588,36.2731],[138.86299,36.27154],[138.86316,36.27111],[138.86218,36.2693],[138.86009,36.26859],[138.85916,36.26944],[138.85617,36.26942],[138.85649,36.27011],[138.85587,36.27026],[138.85545,36.27066],[138.85599,36.2711],[138.85592,36.27158],[138.85622,36.27208],[138.85565,36.27278],[138.8557,36.27301],[138.85666,36.27354],[138.85625,36.27471],[138.85664,36.27519],[138.85755,36.27577],[138.85775,36.27622],[138.85891,36.27759],[138.86101,36.27883],[138.86101,36.27911],[138.86218,36.27965],[138.86348,36.28062],[138.86426,36.28098],[138.86438,36.28083],[138.86529,36.28153],[138.86612,36.28183],[138.86745,36.28261],[138.86892,36.28317],[138.86942,36.28257],[138.87045,36.28178],[138.87109,36.28097]]]},"properties":{"key":"10210151001","name":"上黒岩","pref":"群馬県","prefCode":"10","municipality":"富岡市","areaM2":1324125.413,"population":181,"toponymIds":["10-625fefdb8a","10-477d60d7fd"]}},{"type":"Feature","geometry":{"type":"Polygon","coordinates":[[[138.89022,36.26846],[138.89002,36.26801],[138.89361,36.26841],[138.89341,36.26746],[138.8929,36.26755],[138.89274,36.26699],[138.89299,36.2669],[138.89276,36.26648],[138.89207,36.26594],[138.89025,36.26574],[138.88926,36.26602],[138.88915,36.26536],[138.88513,36.26588],[138.88574,36.26687],[138.88788,36.26797],[138.88834,36.26854],[138.88882,36.2687],[138.88897,36.26842],[138.89042,36.26886],[138.89022,36.26846]]]},"properties":{"key":"102101080","name":"別保","pref":"群馬県","prefCode":"10","municipality":"富岡市","areaM2":172384.246,"population":97,"toponymIds":["10-662689e8cf"]}},{"type":"Feature","geometry":{"type":"Polygon","coordinates":[[[138.82839,36.26319],[138.82855,36.26314],[138.82857,36.26286],[138.8299,36.26061],[138.83187,36.2605],[138.83152,36.26],[138.83168,36.2596],[138.83144,36.25828],[138.83058,36.25829],[138.82989,36.25736],[138.83038,36.25703],[138.83036,36.25681],[138.82991,36.25567],[138.82952,36.25545],[138.83153,36.25451],[138.83351,36.25396],[138.83323,36.25372],[138.8332,36.25226],[138.83342,36.25157],[138.83383,36.24739],[138.82845,36.24693],[138.82565,36.24699],[138.82416,36.24661],[138.82128,36.24622],[138.81869,36.24696],[138.8175,36.24751],[138.81819,36.25058],[138.82078,36.25187],[138.82,36.25639],[138.81924,36.25864],[138.81928,36.25923],[138.8201,36.25977],[138.8204,36.26022],[138.82085,36.26031],[138.82111,36.2608],[138.8217,36.26076],[138.82209,36.2605],[138.82288,36.26055],[138.82354,36.26093],[138.82495,36.26078],[138.82482,36.26093],[138.82636,36.26149],[138.82575,36.26293],[138.82821,36.26371],[138.82839,36.26319]]]},"properties":{"key":"10210452001","name":"下丹生","pref":"群馬県","prefCode":"10","municipality":"富岡市","areaM2":1857253.656,"population":349,"toponymIds":["10-88d2ffce42"]}},{"type":"Feature","geometry":{"type":"Polygon","coordinates":[[[138.84756,36.25264],[138.84782,36.2525],[138.84895,36.25248],[138.84955,36.25265],[138.84982,36.25251],[138.85031,36.25279],[138.85091,36.25223],[138.85158,36.25274],[138.85179,36.252],[138.85316,36.2522],[138.85417,36.25203],[138.85559,36.25099],[138.85566,36.25035],[138.85545,36.24951],[138.85464,36.2493],[138.85405,36.24846],[138.8534,36.24839],[138.85344,36.24803],[138.85294,36.24797],[138.85317,36.24659],[138.85204,36.2467],[138.85152,36.24709],[138.85093,36.24698],[138.85125,36.24534],[138.84955,36.24579],[138.8481,36.24671],[138.84614,36.24724],[138.84484,36.24749],[138.84442,36.24721],[138.8414,36.24701],[138.83895,36.24785],[138.83903,36.24891],[138.84091,36.25129],[138.845,36.25199],[138.84607,36.2527],[138.84651,36.25264],[138.84678,36.25304],[138.84756,36.25264]]]},"properties":{"key":"102102030","name":"宮崎","pref":"群馬県","prefCode":"10","municipality":"富岡市","areaM2":782753.369,"population":765,"toponymIds":["10-e20ed7ebec"]}},{"type":"Feature","geometry":{"type":"Polygon","coordinates":[[[138.86683,36.24452],[138.86686,36.24441],[138.86758,36.24449],[138.86877,36.24436],[138.87592,36.24464],[138.87625,36.24054],[138.87601,36.23899],[138.87461,36.23861],[138.87361,36.23888],[138.87253,36.23819],[138.87065,36.23777],[138.86941,36.23806],[138.86795,36.23739],[138.86527,36.23671],[138.86559,36.23694],[138.86562,36.23719],[138.86521,36.23761],[138.8629,36.23809],[138.86267,36.2383],[138.86271,36.23854],[138.86361,36.23933],[138.86444,36.23969],[138.86456,36.23988],[138.86421,36.2403],[138.86347,36.24037],[138.86338,36.24065],[138.86364,36.24095],[138.86317,36.24133],[138.86327,36.24156],[138.8643,36.24206],[138.86402,36.24349],[138.86441,36.24448],[138.86387,36.24512],[138.86422,36.24624],[138.86319,36.24633],[138.86319,36.24668],[138.8658,36.24589],[138.86661,36.2453],[138.86683,36.24452]]]},"properties":{"key":"10210252001","name":"上高瀬","pref":"群馬県","prefCode":"10","municipality":"富岡市","areaM2":845207.122,"population":503,"toponymIds":["10-bafe4cfa10"]}},{"type":"Feature","geometry":{"type":"Polygon","coordinates":[[[138.95786,36.33694],[138.95804,36.3361],[138.95957,36.3362],[138.96257,36.336],[138.9626,36.33646],[138.96362,36.33638],[138.96308,36.33556],[138.96288,36.33492],[138.96248,36.33497],[138.96225,36.33469],[138.96258,36.33465],[138.96234,36.33438],[138.96221,36.33156],[138.95758,36.33209],[138.95409,36.33292],[138.95247,36.33284],[138.95249,36.33368],[138.95312,36.33378],[138.95309,36.33432],[138.95329,36.33428],[138.95383,36.33464],[138.95417,36.33461],[138.95429,36.3348],[138.95414,36.33481],[138.95416,36.33498],[138.95352,36.33491],[138.95328,36.33503],[138.95368,36.33516],[138.9536,36.33614],[138.95498,36.33609],[138.95501,36.33664],[138.95786,36.33694]]]},"properties":{"key":"102024400","name":"藤塚町","pref":"群馬県","prefCode":"10","municipality":"高崎市","areaM2":383348.908,"population":1195,"toponymIds":["10-3fdb116e6b"]}},{"type":"Feature","geometry":{"type":"Polygon","coordinates":[[[138.95038,36.28186],[138.95065,36.2815],[138.95078,36.28089],[138.95063,36.27939],[138.95109,36.27885],[138.94992,36.27841],[138.94978,36.27821],[138.94821,36.27749],[138.94761,36.27736],[138.94699,36.2767],[138.94668,36.27457],[138.94672,36.27393],[138.94751,36.27358],[138.94792,36.27301],[138.9491,36.27354],[138.94925,36.27378],[138.94994,36.27393],[138.95021,36.27377],[138.95051,36.27386],[138.9518,36.27361],[138.95182,36.27311],[138.94934,36.27296],[138.94799,36.27233],[138.94799,36.27208],[138.94821,36.27193],[138.94816,36.27162],[138.94862,36.27129],[138.94804,36.27061],[138.94771,36.27066],[138.94756,36.27028],[138.94867,36.26984],[138.94929,36.26927],[138.94948,36.26887],[138.94779,36.26845],[138.94762,36.26859],[138.945,36.26865],[138.94223,36.26743],[138.93936,36.26755],[138.93877,36.26878],[138.93893,36.26908],[138.9393,36.26917],[138.93934,36.26942],[138.93811,36.26997],[138.93797,36.27057],[138.93845,36.27329],[138.93946,36.274],[138.94002,36.27413],[138.94004,36.27445],[138.93936,36.27449],[138.93855,36.27523],[138.93788,36.27533],[138.93736,36.27435],[138.93738,36.274],[138.93723,36.27386],[138.93696,36.27392],[138.93689,36.27412],[138.93736,36.27463],[138.9376,36.27544],[138.93884,36.27567],[138.93851,36.27586],[138.93916,36.27703],[138.93952,36.27731],[138.94117,36.27752],[138.94183,36.27785],[138.94248,36.27787],[138.94288,36.27813],[138.94341,36.2789],[138.94365,36.28004],[138.94536,36.28138],[138.94548,36.28155],[138.94531,36.2818],[138.94602,36.28177],[138.94666,36.28201],[138.94696,36.2825],[138.94753,36.2828],[138.94812,36.28356],[138.94884,36.28297],[138.94957,36.28264],[138.95038,36.28186]]]},"properties":{"key":"10202763001","name":"吉井町坂口","pref":"群馬県","prefCode":"10","municipality":"高崎市","areaM2":1203409.419,"population":136,"toponymIds":["10-c23eccfdac"]}},{"type":"Feature","geometry":{"type":"Polygon","coordinates":[[[138.96075,36.2837],[138.96094,36.28359],[138.96109,36.28368],[138.96134,36.28442],[138.962,36.28494],[138.96335,36.28531],[138.96528,36.28533],[138.96687,36.28566],[138.96713,36.28553],[138.96734,36.28473],[138.96761,36.28446],[138.96793,36.28442],[138.96793,36.28417],[138.96751,36.28357],[138.96692,36.28355],[138.96698,36.28325],[138.96641,36.28279],[138.96676,36.28245],[138.96689,36.282],[138.96678,36.28147],[138.96713,36.28123],[138.96725,36.28033],[138.96636,36.27974],[138.96638,36.27919],[138.96458,36.27881],[138.96458,36.27918],[138.96397,36.27908],[138.96401,36.27956],[138.96329,36.27898],[138.96334,36.27795],[138.96347,36.27771],[138.96374,36.27777],[138.96388,36.27732],[138.9636,36.27726],[138.96352,36.27693],[138.96409,36.27685],[138.96424,36.27636],[138.96416,36.2761],[138.96359,36.27613],[138.96261,36.27735],[138.96229,36.27744],[138.96212,36.27766],[138.96175,36.27745],[138.95988,36.27801],[138.95985,36.27821],[138.96012,36.27834],[138.96201,36.27844],[138.96225,36.27896],[138.96199,36.27983],[138.95925,36.28154],[138.9564,36.28392],[138.95643,36.28442],[138.95684,36.28531],[138.95647,36.28673],[138.95683,36.28783],[138.95702,36.28934],[138.95795,36.2897],[138.95819,36.28959],[138.95763,36.28909],[138.95742,36.28729],[138.95774,36.28634],[138.95835,36.28554],[138.96075,36.2837]]]},"properties":{"key":"102027610","name":"吉井町上奥平","pref":"群馬県","prefCode":"10","municipality":"高崎市","areaM2":571378.737,"population":153,"toponymIds":["10-158b7196d2","10-d4112fb07f"]}},{"type":"Feature","geometry":{"type":"Polygon","coordinates":[[[138.98266,36.29504],[138.98271,36.29411],[138.98226,36.29319],[138.98194,36.29302],[138.98189,36.29269],[138.98296,36.291],[138.98346,36.29071],[138.98411,36.28983],[138.9845,36.28957],[138.98416,36.28895],[138.98456,36.28888],[138.98484,36.28971],[138.98547,36.29001],[138.98697,36.29018],[138.98823,36.29004],[138.98988,36.29074],[138.98987,36.29039],[138.98922,36.28955],[138.98983,36.28777],[138.99014,36.28727],[138.99018,36.28685],[138.98979,36.2867],[138.98965,36.28637],[138.98893,36.28627],[138.98689,36.28749],[138.98545,36.28817],[138.98369,36.28833],[138.98329,36.2891],[138.98261,36.28912],[138.98115,36.28951],[138.98048,36.28932],[138.97901,36.28938],[138.9779,36.28981],[138.97616,36.28899],[138.97582,36.28862],[138.97593,36.28838],[138.97582,36.28825],[138.97491,36.28852],[138.97392,36.28844],[138.97334,36.28812],[138.97376,36.28638],[138.97307,36.28592],[138.97299,36.28504],[138.97235,36.28426],[138.97242,36.28381],[138.97217,36.28351],[138.97211,36.28237],[138.97193,36.28193],[138.97111,36.28145],[138.97064,36.28053],[138.97055,36.27998],[138.97006,36.2789],[138.97032,36.27873],[138.97022,36.27847],[138.96943,36.27787],[138.96959,36.27759],[138.96986,36.27764],[138.97,36.27736],[138.96932,36.27667],[138.96916,36.27593],[138.96923,36.27521],[138.96964,36.27509],[138.96949,36.27484],[138.96998,36.27471],[138.96996,36.2739],[138.97023,36.27385],[138.97037,36.274],[138.97041,36.27446],[138.97073,36.27485],[138.97179,36.27528],[138.97211,36.27434],[138.97272,36.27389],[138.97275,36.27335],[138.97315,36.27271],[138.97277,36.27192],[138.9726,36.27103],[138.97266,36.27014],[138.9722,36.27041],[138.97175,36.26978],[138.97133,36.26997],[138.97118,36.26952],[138.97076,36.26989],[138.97042,36.26961],[138.97034,36.26975],[138.97052,36.27005],[138.97022,36.26996],[138.96921,36.27018],[138.96824,36.27014],[138.96734,36.27076],[138.9668,36.27079],[138.96624,36.27122],[138.96573,36.27127],[138.96521,36.27106],[138.96429,36.27149],[138.96406,36.27082],[138.96444,36.26985],[138.96453,36.2691],[138.96433,36.26884],[138.96401,36.26879],[138.96202,36.26956],[138.96157,36.26953],[138.96153,36.26988],[138.96124,36.27011],[138.95874,36.26989],[138.9574,36.27037],[138.95676,36.27085],[138.95596,36.2695],[138.95561,36.26947],[138.95542,36.2697],[138.95529,36.26947],[138.95449,36.26946],[138.95443,36.26927],[138.9548,36.26845],[138.95425,36.26814],[138.95409,36.2682],[138.95409,36.2685],[138.95383,36.26828],[138.95354,36.26843],[138.95285,36.2681],[138.95221,36.26836],[138.95152,36.26834],[138.95073,36.26901],[138.95026,36.26908],[138.94948,36.26887],[138.94929,36.26927],[138.94867,36.26984],[138.94756,36.27028],[138.94771,36.27066],[138.94804,36.27061],[138.94862,36.27129],[138.94816,36.27162],[138.94821,36.27193],[138.94799,36.27208],[138.94799,36.27233],[138.9482,36.27251],[138.94934,36.27296],[138.95182,36.27311],[138.95185,36.27339],[138.95316,36.27354],[138.95307,36.27389],[138.95286,36.27394],[138.95254,36.27391],[138.95243,36.27371],[138.95107,36.27369],[138.94994,36.27393],[138.94925,36.27378],[138.9491,36.27354],[138.94792,36.27301],[138.94751,36.27358],[138.94694,36.27374],[138.94668,36.27411],[138.94684,36.27595],[138.94707,36.27683],[138.94761,36.27736],[138.94821,36.27749],[138.94978,36.27821],[138.94992,36.27841],[138.95098,36.27876],[138.95193,36.27954],[138.95215,36.28024],[138.95272,36.28083],[138.95235,36.28084],[138.95245,36.28119],[138.9523,36.28187],[138.95264,36.28245],[138.95318,36.28223],[138.95297,36.28137],[138.9534,36.28044],[138.95385,36.28019],[138.95427,36.27963],[138.95569,36.27956],[138.9562,36.27927],[138.95793,36.27981],[138.958,36.2796],[138.95746,36.27864],[138.9574,36.27804],[138.95759,36.27816],[138.95792,36.27807],[138.95808,36.27781],[138.95888,36.27778],[138.95888,36.27751],[138.96016,36.27796],[138.9607,36.27767],[138.96175,36.27745],[138.96212,36.27766],[138.96229,36.27744],[138.96261,36.27735],[138.96359,36.27613],[138.96416,36.2761],[138.96424,36.27636],[138.96409,36.27685],[138.96352,36.27693],[138.9636,36.27726],[138.96388,36.27732],[138.96374,36.27777],[138.96347,36.27771],[138.96334,36.27795],[138.96336,36.27909],[138.96401,36.27956],[138.96397,36.27908],[138.96458,36.27918],[138.96458,36.27881],[138.96638,36.27919],[138.96636,36.27974],[138.96725,36.28033],[138.96713,36.28123],[138.96678,36.28147],[138.96689,36.282],[138.96676,36.28245],[138.96641,36.28279],[138.96698,36.28325],[138.96692,36.28355],[138.96751,36.28357],[138.96793,36.28417],[138.96793,36.28442],[138.96761,36.28446],[138.96734,36.28473],[138.96704,36.28563],[138.9659,36.28544],[138.96591,36.28569],[138.966,36.28598],[138.96632,36.28619],[138.96631,36.28642],[138.96606,36.28625],[138.96634,36.28717],[138.96674,36.2875],[138.96737,36.28723],[138.96753,36.28766],[138.96692,36.28775],[138.96666,36.28826],[138.96669,36.28869],[138.96791,36.28974],[138.96834,36.29059],[138.96887,36.29064],[138.96891,36.29105],[138.97002,36.2907],[138.97006,36.29048],[138.96979,36.29047],[138.96986,36.29022],[138.9705,36.28987],[138.97131,36.28974],[138.97183,36.2899],[138.97147,36.2893],[138.97188,36.28895],[138.97231,36.28884],[138.9728,36.28975],[138.97346,36.28957],[138.97369,36.28979],[138.97287,36.29017],[138.97316,36.29086],[138.97335,36.29088],[138.9737,36.29131],[138.97382,36.29188],[138.97415,36.29195],[138.97461,36.29261],[138.97526,36.29277],[138.97563,36.29319],[138.97592,36.29321],[138.97724,36.29482],[138.97794,36.29501],[138.97835,36.29492],[138.9783,36.29535],[138.9788,36.29563],[138.97892,36.29596],[138.98037,36.29659],[138.9808,36.29728],[138.98099,36.29736],[138.9817,36.29701],[138.98181,36.29663],[138.98238,36.29631],[138.98241,36.29564],[138.98264,36.29546],[138.98266,36.29504]]]},"properties":{"key":"102027600","name":"吉井町下奥平","pref":"群馬県","prefCode":"10","municipality":"高崎市","areaM2":3398609.307,"population":264,"toponymIds":["10-750b1569d1"]}},{"type":"Feature","geometry":{"type":"Polygon","coordinates":[[[138.97901,36.28938],[138.98048,36.28932],[138.98115,36.28951],[138.98261,36.28912],[138.98329,36.2891],[138.98369,36.28833],[138.98545,36.28817],[138.98689,36.28749],[138.98859,36.28636],[138.98965,36.28637],[138.98963,36.28617],[138.98994,36.28623],[138.99067,36.28581],[138.99083,36.28478],[138.99258,36.28349],[138.99519,36.2842],[138.99591,36.28414],[138.99737,36.285],[138.99911,36.28489],[138.99897,36.28454],[138.99917,36.28455],[138.99902,36.28398],[138.99853,36.28334],[138.99822,36.28255],[138.99684,36.28144],[138.99602,36.28034],[138.99596,36.27983],[138.99489,36.27857],[138.99501,36.27822],[138.99467,36.27831],[138.99319,36.27644],[138.9926,36.27447],[138.99142,36.27303],[138.99119,36.2725],[138.99079,36.27053],[138.99105,36.26988],[138.99066,36.26961],[138.99077,36.26927],[138.99026,36.26899],[138.98786,36.26501],[138.98642,36.26427],[138.98019,36.26347],[138.97841,36.26347],[138.9784,36.26401],[138.9792,36.26509],[138.97949,36.26508],[138.97959,36.26558],[138.97932,36.26571],[138.97969,36.26626],[138.97956,36.26683],[138.98009,36.26714],[138.97999,36.26746],[138.97971,36.26742],[138.97946,36.26771],[138.97988,36.2678],[138.97973,36.26825],[138.97829,36.26744],[138.97767,36.26749],[138.97762,36.2681],[138.97745,36.26834],[138.9776,36.26832],[138.97729,36.26876],[138.9767,36.26925],[138.97589,36.26947],[138.97557,36.27012],[138.97439,36.2708],[138.97391,36.27126],[138.97401,36.27214],[138.9739,36.27254],[138.97305,36.27278],[138.97275,36.27335],[138.97272,36.27389],[138.97196,36.27461],[138.97188,36.27526],[138.97073,36.27485],[138.97041,36.27446],[138.97049,36.27437],[138.97023,36.27385],[138.96992,36.27401],[138.96998,36.27471],[138.96949,36.27484],[138.96964,36.27509],[138.96923,36.27521],[138.96917,36.27606],[138.96932,36.27667],[138.97,36.27736],[138.96986,36.27764],[138.96959,36.27759],[138.96943,36.27787],[138.97022,36.27847],[138.97032,36.27873],[138.97006,36.2789],[138.97055,36.27998],[138.97064,36.28053],[138.97111,36.28145],[138.97193,36.28193],[138.97211,36.28237],[138.97217,36.28351],[138.97242,36.28381],[138.97235,36.28426],[138.97299,36.28504],[138.97307,36.28592],[138.97376,36.28638],[138.97334,36.28812],[138.97392,36.28844],[138.97491,36.28852],[138.97582,36.28825],[138.97593,36.28838],[138.97582,36.28862],[138.97616,36.28899],[138.9768,36.28918],[138.97782,36.28979],[138.97901,36.28938]]]},"properties":{"key":"102027580","name":"吉井町岩崎","pref":"群馬県","prefCode":"10","municipality":"高崎市","areaM2":4582890.555,"population":601,"toponymIds":["10-3e7915f3cb"]}},{"type":"Feature","geometry":{"type":"Polygon","coordinates":[[[138.99022,36.20341],[138.99169,36.20346],[138.99161,36.20323],[138.99188,36.20261],[138.99312,36.20088],[138.99323,36.20054],[138.99281,36.19986],[138.99283,36.19966],[138.99368,36.19782],[138.9983,36.19796],[138.99802,36.19911],[138.99675,36.20104],[138.99594,36.2028],[138.99722,36.2018],[138.99928,36.20073],[139.0039,36.19883],[139.00283,36.19681],[139.00284,36.19628],[139.00581,36.19337],[139.00682,36.19154],[139.00723,36.1904],[139.00717,36.18904],[139.00691,36.1882],[139.0064,36.18746],[139.00535,36.18452],[139.00743,36.17506],[139.00769,36.1733],[139.00675,36.17323],[139.00525,36.17284],[139.00426,36.17333],[139.00306,36.17345],[139.00243,36.1738],[139.00023,36.17453],[138.99859,36.17453],[138.99807,36.17518],[138.99638,36.17557],[138.9958,36.17545],[138.99485,36.17461],[138.99293,36.17749],[138.99186,36.17837],[138.98976,36.18068],[138.99057,36.18295],[138.98853,36.18227],[138.98782,36.18234],[138.98717,36.1828],[138.9863,36.18615],[138.98523,36.18911],[138.98614,36.19056],[138.98693,36.19077],[138.98492,36.19237],[138.98273,36.19573],[138.98072,36.19835],[138.9799,36.19876],[138.97851,36.19861],[138.97769,36.20055],[138.9819,36.20068],[138.9839,36.20219],[138.98471,36.20253],[138.9879,36.2035],[138.98872,36.20358],[138.99022,36.20341]]]},"properties":{"key":"10209068002","name":"下日野","pref":"群馬県","prefCode":"10","municipality":"藤岡市","areaM2":5146518.299,"population":123,"toponymIds":["10-7901d1fcb3"]}},{"type":"Feature","geometry":{"type":"Polygon","coordinates":[[[138.96915,36.2196],[138.96957,36.21959],[138.97059,36.22002],[138.97163,36.22009],[138.97267,36.21829],[138.97349,36.2181],[138.97582,36.2184],[138.97694,36.2194],[138.97737,36.21922],[138.97774,36.21877],[138.97867,36.21862],[138.98032,36.21797],[138.98247,36.21798],[138.98353,36.21864],[138.984,36.21849],[138.98385,36.21781],[138.98477,36.21652],[138.98423,36.21643],[138.98348,36.21596],[138.98243,36.21454],[138.98216,36.21362],[138.9826,36.2121],[138.98213,36.21111],[138.9822,36.21048],[138.98265,36.20999],[138.98269,36.20973],[138.98264,36.20942],[138.98183,36.2083],[138.98159,36.2069],[138.9813,36.20612],[138.97979,36.20541],[138.97831,36.20444],[138.97741,36.20426],[138.97659,36.20215],[138.97594,36.20162],[138.97539,36.20172],[138.97346,36.20293],[138.97273,36.20287],[138.97164,36.20316],[138.97063,36.20312],[138.96968,36.20334],[138.9679,36.20301],[138.96654,36.20364],[138.96641,36.20427],[138.96595,36.20493],[138.96537,36.20552],[138.96477,36.20577],[138.96437,36.20654],[138.96566,36.20797],[138.96611,36.20813],[138.96641,36.20887],[138.96611,36.2093],[138.96648,36.21024],[138.96482,36.21156],[138.96406,36.21144],[138.96296,36.21162],[138.9619,36.21357],[138.96175,36.21438],[138.96124,36.21484],[138.96058,36.21506],[138.96162,36.21588],[138.96188,36.21643],[138.96261,36.21672],[138.96383,36.21752],[138.96428,36.21881],[138.96412,36.21934],[138.96378,36.21916],[138.96398,36.21867],[138.96383,36.21854],[138.96311,36.21922],[138.9634,36.22007],[138.96315,36.22082],[138.96357,36.22122],[138.96378,36.22207],[138.96435,36.2223],[138.96467,36.22264],[138.96457,36.22156],[138.96532,36.22119],[138.96677,36.22088],[138.96792,36.21993],[138.96915,36.2196]]]},"properties":{"key":"10202748002","name":"吉井町大沢","pref":"群馬県","prefCode":"10","municipality":"高崎市","areaM2":2907079.245,"population":18,"toponymIds":["10-ade06e4dd5"]}},{"type":"Feature","geometry":{"type":"Polygon","coordinates":[[[139.0244,36.32364],[139.02422,36.32341],[139.02447,36.32327],[139.02466,36.32351],[139.02761,36.32205],[139.02758,36.32163],[139.03105,36.32143],[139.03102,36.32093],[139.03152,36.32089],[139.03153,36.32074],[139.03073,36.3207],[139.03061,36.32037],[139.03122,36.31984],[139.03076,36.31924],[139.02908,36.32002],[139.0286,36.31916],[139.02883,36.31894],[139.02881,36.3181],[139.02503,36.31828],[139.02497,36.31795],[139.02466,36.3176],[139.02405,36.31735],[139.02336,36.31739],[139.02326,36.3201],[139.02291,36.32012],[139.02298,36.3219],[139.02317,36.32189],[139.02314,36.32364],[139.02336,36.32356],[139.0236,36.32377],[139.02392,36.32357],[139.0241,36.3238],[139.0244,36.32364]]]},"properties":{"key":"10202304001","name":"上中居町","pref":"群馬県","prefCode":"10","municipality":"高崎市","areaM2":309119.44,"population":1538,"toponymIds":["10-7dc5d3c9c4"]}},{"type":"Feature","geometry":{"type":"Polygon","coordinates":[[[139.04018,36.3291],[139.04004,36.33043],[139.04014,36.33058],[139.04055,36.33058],[139.0407,36.3303],[139.04107,36.33009],[139.04118,36.32976],[139.04095,36.32973],[139.04132,36.3288],[139.04343,36.32869],[139.04663,36.32797],[139.04938,36.32767],[139.05057,36.32776],[139.05226,36.32749],[139.05202,36.32607],[139.05323,36.32592],[139.05296,36.32434],[139.05534,36.32399],[139.05509,36.32272],[139.04913,36.32377],[139.04891,36.32331],[139.04845,36.32286],[139.04738,36.3238],[139.04706,36.32298],[139.04684,36.32303],[139.04661,36.3223],[139.04284,36.32389],[139.04221,36.32049],[139.04155,36.32072],[139.03896,36.32084],[139.03736,36.32205],[139.03612,36.32235],[139.03666,36.32558],[139.03541,36.32577],[139.03268,36.32577],[139.03248,36.32676],[139.03227,36.32674],[139.03211,36.32743],[139.03163,36.32813],[139.03156,36.32915],[139.03095,36.32988],[139.03098,36.33069],[139.03152,36.33215],[139.03491,36.3306],[139.03734,36.33007],[139.04018,36.3291]]]},"properties":{"key":"102025250","name":"南大類町","pref":"群馬県","prefCode":"10","municipality":"高崎市","areaM2":1273565.848,"population":1668,"toponymIds":["10-f0bb061da0"]}},{"type":"Feature","geometry":{"type":"Polygon","coordinates":[[[139.02713,36.2453],[139.02743,36.24441],[139.02757,36.24436],[139.02834,36.24536],[139.02859,36.24537],[139.02905,36.24443],[139.0318,36.2425],[139.03269,36.24293],[139.03394,36.24309],[139.03538,36.24274],[139.03579,36.24243],[139.03693,36.24297],[139.03714,36.2423],[139.03947,36.24065],[139.04112,36.24032],[139.04282,36.2423],[139.04459,36.23952],[139.04482,36.23845],[139.04478,36.2374],[139.04459,36.2369],[139.044,36.23637],[139.04278,36.23585],[139.03913,36.23477],[139.03824,36.23486],[139.03753,36.23452],[139.03679,36.2339],[139.03553,36.23162],[139.03258,36.233],[139.03284,36.23311],[139.03435,36.23484],[139.03134,36.23534],[139.02743,36.23543],[139.02712,36.23574],[139.02601,36.23603],[139.0254,36.23599],[139.02172,36.23485],[139.02023,36.23487],[139.02089,36.2356],[139.02126,36.23654],[139.02121,36.23715],[139.02054,36.23836],[139.02106,36.23862],[139.02164,36.24078],[139.02273,36.24266],[139.0233,36.24332],[139.024,36.24386],[139.02432,36.24389],[139.02522,36.24463],[139.02567,36.24538],[139.02603,36.24497],[139.02677,36.24543],[139.02713,36.2453]]]},"properties":{"key":"102090630","name":"緑埜","pref":"群馬県","prefCode":"10","municipality":"藤岡市","areaM2":1824055.856,"population":487,"toponymIds":["10-2d86056836"]}},{"type":"Feature","geometry":{"type":"Polygon","coordinates":[[[139.0779,36.23543],[139.07812,36.23542],[139.07817,36.23517],[139.07923,36.23504],[139.08045,36.23436],[139.08048,36.23377],[139.08071,36.23356],[139.081,36.23272],[139.08141,36.2323],[139.08081,36.23059],[139.08005,36.2296],[139.0794,36.22905],[139.0793,36.22817],[139.07954,36.22787],[139.07979,36.22768],[139.0824,36.22748],[139.08251,36.22766],[139.08368,36.22681],[139.08654,36.22575],[139.08484,36.22304],[139.08315,36.22355],[139.08248,36.22307],[139.08251,36.22197],[139.07903,36.22215],[139.07784,36.22257],[139.07646,36.22242],[139.07648,36.22346],[139.07567,36.22361],[139.07613,36.22435],[139.07611,36.22459],[139.07441,36.22464],[139.07603,36.22866],[139.07645,36.22895],[139.07672,36.22945],[139.07658,36.22953],[139.0775,36.23046],[139.07779,36.23106],[139.07785,36.23127],[139.07662,36.23165],[139.07771,36.23395],[139.0779,36.23543]]]},"properties":{"key":"102090470","name":"本郷","pref":"群馬県","prefCode":"10","municipality":"藤岡市","areaM2":733071.032,"population":672,"toponymIds":["10-a03b8c80ed"]}},{"type":"Feature","geometry":{"type":"Polygon","coordinates":[[[139.04062,36.20839],[139.04193,36.20724],[139.04342,36.20737],[139.04365,36.2071],[139.04362,36.20665],[139.04375,36.20645],[139.04503,36.20639],[139.04504,36.20107],[139.04386,36.20098],[139.04269,36.20173],[139.0422,36.20175],[139.04181,36.20151],[139.0419,36.20112],[139.04255,36.20063],[139.04272,36.20009],[139.04274,36.19901],[139.04311,36.19876],[139.04332,36.19829],[139.04326,36.19799],[139.04243,36.19721],[139.04163,36.19675],[139.04021,36.19651],[139.03819,36.19571],[139.03754,36.19485],[139.03546,36.1955],[139.03388,36.19665],[139.03176,36.19772],[139.02927,36.19831],[139.02727,36.19857],[139.02621,36.20214],[139.02909,36.20433],[139.03501,36.20804],[139.0362,36.20853],[139.03728,36.20886],[139.03885,36.20906],[139.03936,36.20874],[139.04059,36.20874],[139.04062,36.20839]]]},"properties":{"key":"102090560","name":"高山","pref":"群馬県","prefCode":"10","municipality":"藤岡市","areaM2":1723649.794,"population":111,"toponymIds":["10-958e602417"]}},{"type":"Feature","geometry":{"type":"Polygon","coordinates":[[[139.19587,36.31577],[139.19587,36.31498],[139.19567,36.31472],[139.19577,36.31344],[139.19619,36.31275],[139.19491,36.31253],[139.19386,36.31198],[139.19318,36.31186],[139.19313,36.31116],[139.19155,36.30928],[139.18831,36.31058],[139.18739,36.31159],[139.18713,36.31247],[139.1871,36.31335],[139.18739,36.31408],[139.18839,36.31554],[139.1888,36.3153],[139.18945,36.31549],[139.18937,36.31529],[139.19028,36.31572],[139.1923,36.31566],[139.19412,36.31587],[139.19587,36.31577]]]},"properties":{"key":"102040150","name":"上泉町","pref":"群馬県","prefCode":"10","municipality":"伊勢崎市","areaM2":403023.155,"population":922,"toponymIds":["10-e7a767cc01"]}},{"type":"Feature","geometry":{"type":"Polygon","coordinates":[[[139.20286,36.31976],[139.20318,36.31867],[139.20339,36.31866],[139.20324,36.3153],[139.20275,36.31573],[139.19792,36.31567],[139.19782,36.31938],[139.19987,36.31936],[139.1999,36.32245],[139.20323,36.32256],[139.20329,36.32221],[139.20293,36.32183],[139.20249,36.32084],[139.20286,36.31976]]]},"properties":{"key":"102040120","name":"中央町","pref":"群馬県","prefCode":"10","municipality":"伊勢崎市","areaM2":292444.08,"population":1043,"toponymIds":["10-923cf926d2"]}},{"type":"Feature","geometry":{"type":"Polygon","coordinates":[[[139.23813,36.31515],[139.23916,36.31517],[139.23964,36.3129],[139.23895,36.31031],[139.23816,36.30919],[139.23749,36.30701],[139.23788,36.3021],[139.23727,36.30115],[139.2372,36.3008],[139.23755,36.29753],[139.23215,36.29887],[139.23174,36.29972],[139.22991,36.30095],[139.23057,36.30168],[139.23102,36.30188],[139.23122,36.30351],[139.22928,36.30385],[139.2298,36.30545],[139.23101,36.31074],[139.23658,36.3099],[139.23793,36.31518],[139.23813,36.31515]]]},"properties":{"key":"102041120","name":"境伊与久","pref":"群馬県","prefCode":"10","municipality":"伊勢崎市","areaM2":960989.848,"population":1277,"toponymIds":["10-9cc8e4d6af"]}},{"type":"Feature","geometry":{"type":"Polygon","coordinates":[[[139.24439,36.24889],[139.24412,36.24804],[139.24366,36.24815],[139.24315,36.24649],[139.24289,36.24644],[139.2426,36.24555],[139.24221,36.24517],[139.24233,36.24505],[139.24221,36.24491],[139.23885,36.24584],[139.2387,36.24544],[139.23765,36.24572],[139.23781,36.24613],[139.23705,36.24634],[139.23616,36.24697],[139.23601,36.24685],[139.23584,36.24694],[139.23598,36.2471],[139.23364,36.24872],[139.2324,36.25095],[139.23189,36.25157],[139.23121,36.25217],[139.22959,36.25317],[139.22786,36.25467],[139.23934,36.25383],[139.24439,36.24889]]]},"properties":{"key":"102041280","name":"境島村","pref":"群馬県","prefCode":"10","municipality":"伊勢崎市","areaM2":803969.857,"population":235,"toponymIds":["10-d089f3682c"]}},{"type":"Feature","geometry":{"type":"Polygon","coordinates":[[[139.23471,36.3934],[139.23529,36.39338],[139.23584,36.39281],[139.23403,36.39068],[139.23438,36.39024],[139.23274,36.38812],[139.23142,36.38585],[139.23264,36.3854],[139.23216,36.38464],[139.23205,36.38376],[139.23149,36.38392],[139.22972,36.38125],[139.22834,36.38169],[139.22713,36.3826],[139.22658,36.38264],[139.22635,36.38233],[139.22648,36.38212],[139.22601,36.38185],[139.22571,36.38189],[139.22568,36.38212],[139.22538,36.38228],[139.2248,36.38235],[139.22434,36.38185],[139.22438,36.3825],[139.22339,36.38273],[139.22402,36.38306],[139.22414,36.38352],[139.22328,36.38453],[139.22225,36.38497],[139.222,36.3864],[139.22204,36.38705],[139.2223,36.38727],[139.22311,36.38744],[139.22355,36.3877],[139.22376,36.3892],[139.22413,36.38976],[139.2251,36.39055],[139.2264,36.3904],[139.22666,36.39022],[139.22701,36.39074],[139.22912,36.38949],[139.23059,36.39034],[139.23152,36.3911],[139.23154,36.3909],[139.23244,36.39055],[139.23397,36.39192],[139.23327,36.39241],[139.23471,36.3934]]]},"properties":{"key":"102040860","name":"野町","pref":"群馬県","prefCode":"10","municipality":"伊勢崎市","areaM2":784977.386,"population":929,"toponymIds":["10-86725b93ee"]}},{"type":"Feature","geometry":{"type":"Polygon","coordinates":[[[139.16674,36.39088],[139.16696,36.39021],[139.16787,36.39034],[139.16811,36.38903],[139.16881,36.38902],[139.16869,36.38945],[139.1684,36.38943],[139.1684,36.38958],[139.1691,36.38972],[139.16951,36.38847],[139.16986,36.38855],[139.16989,36.38805],[139.17016,36.38806],[139.17014,36.38828],[139.17057,36.38829],[139.17124,36.38669],[139.1725,36.38691],[139.17275,36.38539],[139.17365,36.3855],[139.17386,36.38418],[139.17564,36.38438],[139.17552,36.38507],[139.1773,36.38526],[139.17716,36.38617],[139.17804,36.38625],[139.1787,36.38223],[139.17764,36.38203],[139.17682,36.38217],[139.17678,36.38188],[139.17654,36.38191],[139.17637,36.38162],[139.17631,36.38106],[139.17696,36.3811],[139.17729,36.37845],[139.17685,36.37793],[139.17817,36.37772],[139.1782,36.37789],[139.17855,36.37782],[139.17872,36.37803],[139.17893,36.37794],[139.17885,36.37761],[139.17818,36.37753],[139.1782,36.37729],[139.17878,36.37745],[139.17887,36.37725],[139.17867,36.37664],[139.17863,36.37522],[139.17897,36.37521],[139.17881,36.37421],[139.17934,36.37423],[139.17927,36.37391],[139.17891,36.37364],[139.17938,36.37294],[139.17991,36.37147],[139.17996,36.37108],[139.17963,36.37108],[139.17971,36.37004],[139.17883,36.37026],[139.1786,36.37048],[139.17865,36.37065],[139.17843,36.37067],[139.17831,36.37184],[139.17802,36.3719],[139.17647,36.37175],[139.17659,36.3708],[139.17606,36.37071],[139.17585,36.37103],[139.17587,36.37171],[139.17471,36.37173],[139.17464,36.37162],[139.17364,36.37176],[139.17362,36.37187],[139.17189,36.3722],[139.17188,36.37269],[139.17001,36.37279],[139.17001,36.37316],[139.16858,36.37321],[139.16861,36.3723],[139.16813,36.37218],[139.168,36.3732],[139.16742,36.37318],[139.1674,36.37381],[139.16651,36.3738],[139.1665,36.37457],[139.16559,36.37455],[139.16558,36.375],[139.16529,36.37499],[139.16504,36.37536],[139.16468,36.37536],[139.16465,36.37632],[139.16251,36.37627],[139.16251,36.37663],[139.16274,36.37689],[139.16283,36.37943],[139.16152,36.37952],[139.16149,36.38109],[139.16342,36.38145],[139.16333,36.38173],[139.16364,36.38175],[139.16371,36.38151],[139.1641,36.38158],[139.16396,36.38575],[139.15889,36.38563],[139.15898,36.38748],[139.15863,36.38968],[139.15865,36.39067],[139.16228,36.3907],[139.16228,36.38912],[139.16339,36.38896],[139.16323,36.3884],[139.16383,36.38836],[139.16432,36.38893],[139.16555,36.38913],[139.16515,36.39058],[139.16674,36.39088]]]},"properties":{"key":"102012040","name":"荒子町","pref":"群馬県","prefCode":"10","municipality":"前橋市","areaM2":2397767.192,"population":1449,"toponymIds":["10-c1365ae5c5"]}},{"type":"Feature","geometry":{"type":"Polygon","coordinates":[[[139.14096,36.4734],[139.14118,36.47267],[139.14219,36.47144],[139.14385,36.47045],[139.14476,36.46967],[139.14612,36.46751],[139.14695,36.46687],[139.14758,36.4659],[139.14873,36.46479],[139.14885,36.46446],[139.14909,36.46455],[139.1493,36.46431],[139.15026,36.46398],[139.15067,36.4636],[139.15174,36.4637],[139.15191,36.46361],[139.15199,36.46328],[139.15275,36.46329],[139.15297,36.46184],[139.15329,36.46159],[139.15344,36.46121],[139.15384,36.46097],[139.15361,36.46056],[139.15363,36.46001],[139.15424,36.45983],[139.15476,36.45924],[139.15492,36.4587],[139.15483,36.45814],[139.1545,36.45796],[139.15445,36.45764],[139.15417,36.45733],[139.15422,36.45697],[139.15459,36.45676],[139.1545,36.45636],[139.15467,36.45584],[139.15651,36.45368],[139.15734,36.45328],[139.15745,36.45296],[139.15787,36.45289],[139.15852,36.4525],[139.1586,36.45208],[139.15908,36.45182],[139.15927,36.45098],[139.16035,36.45055],[139.16044,36.45012],[139.16079,36.44999],[139.1614,36.44931],[139.16149,36.44897],[139.16118,36.44847],[139.16173,36.44795],[139.16212,36.4468],[139.16188,36.44646],[139.16145,36.44642],[139.16122,36.44525],[139.16074,36.44503],[139.16083,36.44461],[139.16066,36.44334],[139.16118,36.4433],[139.16111,36.44276],[139.16164,36.4425],[139.16175,36.442],[139.16255,36.44148],[139.16323,36.44121],[139.16372,36.44121],[139.16322,36.44061],[139.16307,36.44035],[139.16326,36.44028],[139.16213,36.43855],[139.16233,36.43842],[139.16165,36.43707],[139.16106,36.43678],[139.1612,36.43744],[139.16065,36.4382],[139.16062,36.43861],[139.16018,36.43848],[139.15969,36.43876],[139.1594,36.44102],[139.15891,36.44132],[139.15856,36.44198],[139.15777,36.4424],[139.15737,36.44394],[139.15672,36.44485],[139.15627,36.44516],[139.15577,36.44598],[139.15499,36.44566],[139.15478,36.44496],[139.15378,36.44389],[139.1531,36.44275],[139.15197,36.44231],[139.15155,36.44247],[139.1515,36.44302],[139.15135,36.44308],[139.15142,36.44345],[139.15072,36.44415],[139.14998,36.44551],[139.1495,36.44537],[139.14925,36.44552],[139.1493,36.44531],[139.14875,36.44516],[139.14895,36.44498],[139.14852,36.44451],[139.1488,36.44425],[139.1476,36.44367],[139.14748,36.44444],[139.14662,36.44435],[139.14673,36.4432],[139.14514,36.44239],[139.14508,36.44301],[139.14486,36.44341],[139.14495,36.44418],[139.14455,36.44466],[139.14404,36.44652],[139.14424,36.44666],[139.14421,36.44711],[139.14443,36.44726],[139.14436,36.44792],[139.1446,36.4491],[139.14418,36.44985],[139.14464,36.45249],[139.14444,36.45262],[139.14463,36.45337],[139.14463,36.45599],[139.1448,36.45732],[139.14372,36.45989],[139.14359,36.46199],[139.14305,36.46354],[139.14342,36.46373],[139.14308,36.4641],[139.14264,36.46575],[139.14266,36.46677],[139.14242,36.46667],[139.14256,36.46645],[139.14215,36.46632],[139.14047,36.46958],[139.13845,36.47268],[139.1389,36.47302],[139.1397,36.47298],[139.13967,36.47314],[139.13991,36.47334],[139.14024,36.47334],[139.14049,36.47378],[139.14087,36.47377],[139.14096,36.4734]]]},"properties":{"key":"102012320","name":"市之関町","pref":"群馬県","prefCode":"10","municipality":"前橋市","areaM2":3155329.51,"population":608,"toponymIds":["10-e1b3f1c64d","10-f7974b45f3"]}},{"type":"Feature","geometry":{"type":"Polygon","coordinates":[[[139.13968,36.34787],[139.14019,36.34771],[139.14034,36.34793],[139.14024,36.34813],[139.1407,36.34775],[139.1415,36.34765],[139.1416,36.34807],[139.14193,36.34765],[139.14246,36.34742],[139.14283,36.34769],[139.1435,36.34705],[139.14339,36.34782],[139.14357,36.34783],[139.14344,36.34804],[139.14377,36.34797],[139.14394,36.34748],[139.14407,36.3475],[139.14441,36.34584],[139.1441,36.34558],[139.14461,36.34501],[139.14477,36.34506],[139.14512,36.34455],[139.14501,36.3445],[139.14522,36.34422],[139.14505,36.34413],[139.14518,36.34395],[139.14485,36.34376],[139.14525,36.34305],[139.14505,36.343],[139.14463,36.34352],[139.14477,36.34371],[139.14409,36.34441],[139.14424,36.34455],[139.14384,36.34483],[139.14339,36.34558],[139.14308,36.34671],[139.14282,36.34654],[139.14272,36.34666],[139.14285,36.34674],[139.14227,36.34728],[139.14212,36.34716],[139.14209,36.34731],[139.13964,36.3477],[139.13896,36.34825],[139.13913,36.3483],[139.13968,36.34787]]]},"properties":{"key":"102012120","name":"小屋原町","pref":"群馬県","prefCode":"10","municipality":"前橋市","areaM2":52930.699,"population":0,"toponymIds":["10-0eef2ad8b9"]}},{"type":"Feature","geometry":{"type":"Polygon","coordinates":[[[139.1579,36.44233],[139.15856,36.44198],[139.15891,36.44132],[139.1594,36.44102],[139.15969,36.43876],[139.16018,36.43848],[139.16062,36.43861],[139.16065,36.4382],[139.1612,36.43744],[139.16106,36.43678],[139.16137,36.43694],[139.1617,36.4337],[139.16141,36.43011],[139.16153,36.42823],[139.1613,36.42733],[139.16066,36.42609],[139.16071,36.42394],[139.16035,36.42317],[139.15943,36.42307],[139.15952,36.42261],[139.15887,36.42246],[139.15863,36.42138],[139.15823,36.42045],[139.15773,36.42018],[139.15819,36.41979],[139.15808,36.41917],[139.15868,36.41899],[139.1587,36.41864],[139.15909,36.41856],[139.15889,36.41799],[139.15918,36.41794],[139.15893,36.41747],[139.15879,36.41749],[139.15873,36.41781],[139.15848,36.41756],[139.15838,36.41703],[139.15796,36.41633],[139.15735,36.41645],[139.15733,36.41683],[139.15711,36.41682],[139.15711,36.41649],[139.15652,36.4166],[139.15561,36.41534],[139.15405,36.41579],[139.15377,36.41575],[139.15381,36.41557],[139.15343,36.41512],[139.15295,36.41498],[139.15291,36.4147],[139.15115,36.41456],[139.15085,36.41496],[139.15062,36.41502],[139.15042,36.41478],[139.15106,36.41312],[139.1504,36.41172],[139.15087,36.41163],[139.14775,36.41096],[139.14719,36.41125],[139.14639,36.41268],[139.14589,36.41303],[139.1454,36.41381],[139.14518,36.41379],[139.1451,36.41435],[139.14489,36.41432],[139.14492,36.41409],[139.1443,36.41402],[139.14417,36.41503],[139.14441,36.41505],[139.14455,36.41554],[139.14403,36.41619],[139.14342,36.41748],[139.14279,36.41772],[139.14255,36.41849],[139.14163,36.41889],[139.14237,36.41912],[139.1421,36.41965],[139.1422,36.41995],[139.14208,36.42017],[139.14156,36.42051],[139.14137,36.42093],[139.14052,36.42131],[139.14039,36.42153],[139.14027,36.4224],[139.14088,36.4229],[139.14062,36.42379],[139.14091,36.42488],[139.14234,36.42657],[139.14235,36.42592],[139.14179,36.42497],[139.14248,36.4254],[139.1427,36.426],[139.14251,36.42715],[139.14199,36.42766],[139.14226,36.42994],[139.14204,36.43002],[139.14201,36.43027],[139.14239,36.4305],[139.14246,36.43131],[139.14278,36.43199],[139.14288,36.43265],[139.14271,36.43302],[139.14268,36.43408],[139.14302,36.4347],[139.14305,36.43546],[139.14249,36.43648],[139.14266,36.43685],[139.14297,36.43708],[139.14378,36.43715],[139.14444,36.438],[139.1443,36.4384],[139.14457,36.43946],[139.14436,36.43999],[139.14558,36.44053],[139.14552,36.44157],[139.14573,36.44158],[139.14573,36.44189],[139.14596,36.44188],[139.14602,36.44217],[139.14585,36.44218],[139.14576,36.44267],[139.14673,36.4432],[139.14662,36.44435],[139.14748,36.44444],[139.1476,36.44367],[139.1488,36.44425],[139.14852,36.44451],[139.14895,36.44498],[139.14875,36.44516],[139.1493,36.44531],[139.14925,36.44552],[139.1495,36.44537],[139.14998,36.44551],[139.15072,36.44415],[139.15142,36.44345],[139.15135,36.44308],[139.1515,36.44302],[139.15155,36.44247],[139.15184,36.44229],[139.1531,36.44275],[139.15378,36.44389],[139.15478,36.44496],[139.15499,36.44566],[139.15577,36.44598],[139.15627,36.44516],[139.15672,36.44485],[139.15737,36.44394],[139.15762,36.44328],[139.1576,36.4427],[139.1579,36.44233]],[[139.14373,36.42758],[139.14372,36.4268],[139.14344,36.42609],[139.14413,36.4261],[139.14437,36.42666],[139.1444,36.42723],[139.14557,36.42918],[139.14553,36.42963],[139.1454,36.42962],[139.14484,36.42841],[139.14373,36.42758]],[[139.14281,36.42509],[139.14255,36.42479],[139.14261,36.42441],[139.14242,36.4242],[139.14255,36.42398],[139.14287,36.42393],[139.14368,36.42549],[139.14326,36.42574],[139.14281,36.42509]]]},"properties":{"key":"102012230","name":"堀越町","pref":"群馬県","prefCode":"10","municipality":"前橋市","areaM2":5067506.343,"population":3777,"toponymIds":["10-f009dd466d"]}},{"type":"Feature","geometry":{"type":"Polygon","coordinates":[[[139.0588,36.38441],[139.05474,36.38437],[139.05486,36.38408],[139.05253,36.38426],[139.05248,36.38557],[139.05859,36.3858],[139.0588,36.38441]]]},"properties":{"key":"10201145002","name":"石倉町二丁目","pref":"群馬県","prefCode":"10","municipality":"前橋市","areaM2":86192.292,"population":365,"toponymIds":["10-2a6eed163a"]}},{"type":"Feature","geometry":{"type":"Polygon","coordinates":[[[139.04421,36.42667],[139.04609,36.42676],[139.04761,36.4246],[139.0464,36.42403],[139.04791,36.42235],[139.04672,36.42208],[139.04532,36.4223],[139.04382,36.42216],[139.04269,36.42234],[139.04174,36.42328],[139.03906,36.42501],[139.03813,36.42593],[139.0369,36.42764],[139.03992,36.42745],[139.04421,36.42667]]]},"properties":{"key":"10201181001","name":"川原町一丁目","pref":"群馬県","prefCode":"10","municipality":"前橋市","areaM2":351465.768,"population":1305,"toponymIds":["10-6ebaa7cf27"]}},{"type":"Feature","geometry":{"type":"Polygon","coordinates":[[[139.03547,36.37913],[139.03541,36.37894],[139.03565,36.37901],[139.03568,36.37856],[139.03557,36.37768],[139.03531,36.37769],[139.03545,36.37727],[139.03545,36.37623],[139.03449,36.37615],[139.03436,36.37409],[139.03378,36.37413],[139.03457,36.37265],[139.03462,36.37149],[139.03137,36.37145],[139.03141,36.37044],[139.03158,36.3702],[139.03153,36.36881],[139.03132,36.36835],[139.03147,36.36744],[139.0293,36.3658],[139.02872,36.36083],[139.02715,36.3609],[139.02703,36.36002],[139.02532,36.36016],[139.02477,36.36035],[139.02554,36.36177],[139.02132,36.36177],[139.02111,36.3623],[139.02155,36.36414],[139.02275,36.36414],[139.02279,36.36506],[139.02293,36.36529],[139.02296,36.36552],[139.02265,36.3657],[139.02243,36.36622],[139.02238,36.36824],[139.02216,36.3689],[139.02266,36.3697],[139.02271,36.37006],[139.02255,36.37017],[139.02273,36.37087],[139.02211,36.37274],[139.02248,36.37506],[139.02251,36.3766],[139.0228,36.37699],[139.02311,36.37637],[139.02356,36.37647],[139.02399,36.37503],[139.02506,36.37597],[139.02531,36.37526],[139.02562,36.37524],[139.02574,36.3742],[139.02627,36.37435],[139.02624,36.37591],[139.02678,36.37599],[139.02671,36.37633],[139.02704,36.37637],[139.02728,36.37634],[139.02772,36.37583],[139.02831,36.37597],[139.02829,36.37627],[139.02927,36.37648],[139.02976,36.37548],[139.03058,36.3745],[139.03106,36.37465],[139.03093,36.37491],[139.03122,36.37506],[139.03169,36.37501],[139.03181,36.37568],[139.03216,36.3759],[139.03255,36.37561],[139.03308,36.37583],[139.03337,36.37648],[139.03383,36.37676],[139.03454,36.37944],[139.03535,36.37933],[139.03531,36.37915],[139.03547,36.37913]]]},"properties":{"key":"102023880","name":"中尾町","pref":"群馬県","prefCode":"10","municipality":"高崎市","areaM2":1379752.995,"population":3551,"toponymIds":["10-6841212dd2"]}}]}
