{"type":"FeatureCollection","features":[{"type":"Feature","geometry":{"type":"Polygon","coordinates":[[[139.06788,35.97134],[139.06749,35.97055],[139.06719,35.97089],[139.06693,35.97093],[139.06602,35.97043],[139.06567,35.97079],[139.06501,35.97002],[139.06522,35.97197],[139.06629,35.97283],[139.06798,35.97155],[139.06788,35.97134]]]},"properties":{"key":"11207041001","name":"下影森","pref":"埼玉県","prefCode":"11","municipality":"秩父市","areaM2":43452.284,"population":109,"toponymIds":["11-f5a9513468"]}},{"type":"Feature","geometry":{"type":"Polygon","coordinates":[[[139.21574,36.2355],[139.21773,36.23532],[139.21817,36.23505],[139.21985,36.23327],[139.21895,36.23291],[139.21937,36.23254],[139.21832,36.22971],[139.22027,36.22933],[139.22242,36.22955],[139.22343,36.22895],[139.22174,36.22826],[139.2189,36.22818],[139.21943,36.22715],[139.21303,36.231],[139.20808,36.23582],[139.20852,36.2362],[139.21012,36.23613],[139.21029,36.23636],[139.21032,36.23698],[139.21177,36.23693],[139.21313,36.23671],[139.21574,36.2355]]]},"properties":{"key":"112110240","name":"鵜森","pref":"埼玉県","prefCode":"11","municipality":"本庄市","areaM2":587605.617,"population":161,"toponymIds":["11-69472acd10"]}},{"type":"Feature","geometry":{"type":"Polygon","coordinates":[[[139.72513,35.91997],[139.72559,35.91974],[139.72566,35.91988],[139.73058,35.91773],[139.73115,35.91712],[139.73167,35.91514],[139.73336,35.9117],[139.73403,35.91076],[139.73443,35.91049],[139.73483,35.91084],[139.73508,35.91135],[139.73621,35.91086],[139.73636,35.91037],[139.74271,35.90595],[139.73972,35.90312],[139.73338,35.9075],[139.73168,35.90589],[139.7313,35.90532],[139.72939,35.90695],[139.72958,35.90753],[139.7286,35.90785],[139.72775,35.9085],[139.72598,35.90688],[139.72414,35.90825],[139.72284,35.9071],[139.72182,35.90777],[139.72201,35.908],[139.7224,35.90804],[139.72283,35.9091],[139.72454,35.91085],[139.72728,35.90907],[139.7262,35.91049],[139.72716,35.91264],[139.72763,35.91513],[139.72627,35.91674],[139.72577,35.91762],[139.7249,35.91793],[139.72372,35.91808],[139.72285,35.91842],[139.72278,35.91876],[139.7223,35.91889],[139.72239,35.91991],[139.72395,35.92023],[139.72513,35.91997]]]},"properties":{"key":"111100360","name":"大字尾ヶ崎","pref":"埼玉県","prefCode":"11","municipality":"さいたま市岩槻区","areaM2":1212842.817,"population":720,"toponymIds":["11-14f530bf94"]}},{"type":"Feature","geometry":{"type":"Polygon","coordinates":[[[139.69943,36.13832],[139.7,36.13674],[139.6971,36.13574],[139.69422,36.13331],[139.69337,36.13239],[139.69375,36.1336],[139.69419,36.13654],[139.69464,36.13654],[139.6949,36.13835],[139.69625,36.13832],[139.69854,36.13929],[139.69916,36.13844],[139.69943,36.13832]]]},"properties":{"key":"11232063001","name":"栗橋中央一丁目","pref":"埼玉県","prefCode":"11","municipality":"久喜市","areaM2":181005.066,"population":737,"toponymIds":["11-f7efaa921d"]}},{"type":"Feature","geometry":{"type":"Polygon","coordinates":[[[139.89519,35.87578],[139.897,35.87283],[139.89921,35.86674],[139.89514,35.86613],[139.89465,35.86538],[139.89347,35.86585],[139.89424,35.86693],[139.89381,35.86762],[139.89322,35.86738],[139.89348,35.86695],[139.89292,35.86672],[139.89322,35.86659],[139.8926,35.86556],[139.89172,35.86591],[139.89145,35.86547],[139.88966,35.8662],[139.88994,35.86663],[139.88856,35.86719],[139.88821,35.86712],[139.88841,35.86677],[139.88739,35.86654],[139.88638,35.86748],[139.88576,35.86715],[139.88328,35.86686],[139.87835,35.86591],[139.87792,35.86637],[139.87629,35.86731],[139.87817,35.87428],[139.87814,35.87479],[139.88296,35.87569],[139.88323,35.87686],[139.88344,35.87691],[139.88435,35.87647],[139.88436,35.87689],[139.88459,35.87693],[139.88487,35.87613],[139.88483,35.87575],[139.88823,35.87603],[139.88747,35.87988],[139.89034,35.88023],[139.89355,35.88039],[139.89436,35.87734],[139.89519,35.87578]]]},"properties":{"key":"112430082","name":"大字三輪野江","pref":"埼玉県","prefCode":"11","municipality":"吉川市","areaM2":2155557.685,"population":882,"toponymIds":["11-89f734bbe8"]}},{"type":"Feature","geometry":{"type":"Polygon","coordinates":[[[139.88585,35.83067],[139.8857,35.82963],[139.88317,35.83014],[139.88297,35.82824],[139.88207,35.8285],[139.88155,35.82896],[139.88191,35.83447],[139.88363,35.83425],[139.88326,35.83106],[139.88585,35.83067]]]},"properties":{"key":"112370100","name":"幸房","pref":"埼玉県","prefCode":"11","municipality":"三郷市","areaM2":121284.075,"population":0,"toponymIds":["11-d9d128b308"]}},{"type":"Feature","geometry":{"type":"Polygon","coordinates":[[[139.55644,35.93519],[139.5564,35.93339],[139.5574,35.93173],[139.55763,35.93014],[139.55843,35.9281],[139.55777,35.92789],[139.55381,35.9337],[139.5542,35.93379],[139.55411,35.93402],[139.55495,35.93467],[139.55647,35.93537],[139.55644,35.93519]]]},"properties":{"key":"111010060","name":"大字峰岸","pref":"埼玉県","prefCode":"11","municipality":"さいたま市西区","areaM2":121367.163,"population":608,"toponymIds":["11-de58635bdb"]}},{"type":"Feature","geometry":{"type":"Polygon","coordinates":[[[139.66258,35.91487],[139.66468,35.91206],[139.66274,35.91231],[139.66221,35.91255],[139.6624,35.91308],[139.66171,35.9132],[139.66175,35.91344],[139.66161,35.91347],[139.66125,35.91425],[139.66136,35.91486],[139.66218,35.91476],[139.66258,35.91487]]]},"properties":{"key":"111040140","name":"大字御蔵","pref":"埼玉県","prefCode":"11","municipality":"さいたま市見沼区","areaM2":47159.055,"population":0,"toponymIds":["11-1f66c6a059","11-ecca1fbc6f"]}},{"type":"Feature","geometry":{"type":"Polygon","coordinates":[[[139.59642,35.8621],[139.5966,35.86035],[139.59642,35.85987],[139.59541,35.86089],[139.59464,35.86205],[139.59527,35.8621],[139.59592,35.8625],[139.59635,35.86257],[139.5966,35.8625],[139.59642,35.8621]]]},"properties":{"key":"111060120","name":"大字上大久保","pref":"埼玉県","prefCode":"11","municipality":"さいたま市桜区","areaM2":27390.962,"population":0,"toponymIds":["11-bc360c655b"]}},{"type":"Feature","geometry":{"type":"Polygon","coordinates":[[[139.60974,35.86542],[139.6097,35.86473],[139.6101,35.86467],[139.61012,35.86453],[139.61266,35.86446],[139.60994,35.8591],[139.60818,35.85808],[139.60822,35.85777],[139.60757,35.85752],[139.60747,35.85742],[139.60757,35.85727],[139.60646,35.85703],[139.60686,35.85652],[139.60647,35.85629],[139.60648,35.85615],[139.60534,35.85563],[139.5972,35.85936],[139.59768,35.85924],[139.59642,35.85987],[139.5966,35.86035],[139.59638,35.86197],[139.59686,35.86285],[139.5976,35.86337],[139.59742,35.86345],[139.59765,35.86372],[139.59743,35.86388],[139.5975,35.86397],[139.60005,35.86494],[139.60095,35.86513],[139.60113,35.86469],[139.60174,35.8649],[139.60218,35.86536],[139.60279,35.86535],[139.60279,35.86548],[139.60347,35.86558],[139.60443,35.86549],[139.60624,35.86593],[139.60652,35.86524],[139.6089,35.86593],[139.60974,35.86542]],[[139.60136,35.86002],[139.60114,35.85904],[139.60331,35.85932],[139.60341,35.85946],[139.60354,35.85881],[139.60415,35.85774],[139.60575,35.85814],[139.60557,35.85876],[139.6051,35.85941],[139.60533,35.85969],[139.60317,35.86064],[139.60312,35.86096],[139.60258,35.86104],[139.60239,35.86078],[139.60151,35.86052],[139.60136,35.86002]]]},"properties":{"key":"111060130","name":"大字下大久保","pref":"埼玉県","prefCode":"11","municipality":"さいたま市桜区","areaM2":1009139.876,"population":5195,"toponymIds":["11-fe110bf58c","11-9477b792f4"]}},{"type":"Feature","geometry":{"type":"Polygon","coordinates":[[[139.61082,35.8716],[139.60942,35.86907],[139.60911,35.86915],[139.60884,35.8679],[139.60856,35.86734],[139.60736,35.86628],[139.60443,35.86549],[139.60347,35.86558],[139.60279,35.86548],[139.60279,35.86535],[139.60218,35.86536],[139.60223,35.8661],[139.60063,35.86591],[139.59957,35.8685],[139.59952,35.86893],[139.59967,35.86958],[139.60099,35.87222],[139.60173,35.87193],[139.60183,35.87174],[139.60278,35.87154],[139.60285,35.8719],[139.60333,35.87182],[139.60442,35.87244],[139.60537,35.87242],[139.60591,35.87294],[139.60777,35.87235],[139.60825,35.87196],[139.60943,35.87149],[139.61064,35.87351],[139.61147,35.87264],[139.61082,35.8716]]]},"properties":{"key":"111060140","name":"大字大久保領家","pref":"埼玉県","prefCode":"11","municipality":"さいたま市桜区","areaM2":599279.033,"population":6639,"toponymIds":["11-98083e2664","11-95a67071da"]}},{"type":"Feature","geometry":{"type":"Polygon","coordinates":[[[139.66178,35.85032],[139.66082,35.85023],[139.66105,35.85415],[139.66017,35.85476],[139.66031,35.85521],[139.66578,35.85114],[139.66481,35.85058],[139.66178,35.85032]]]},"properties":{"key":"11107001001","name":"岸町一丁目","pref":"埼玉県","prefCode":"11","municipality":"さいたま市浦和区","areaM2":124184.155,"population":1617,"toponymIds":["11-043e5d8d9b"]}},{"type":"Feature","geometry":{"type":"Polygon","coordinates":[[[139.66557,35.8536],[139.6661,35.85328],[139.66682,35.85347],[139.66689,35.85277],[139.66578,35.85114],[139.65981,35.85564],[139.66148,35.85716],[139.66197,35.85733],[139.66225,35.85555],[139.66557,35.8536]]]},"properties":{"key":"111070210","name":"東岸町","pref":"埼玉県","prefCode":"11","municipality":"さいたま市浦和区","areaM2":133808.239,"population":2768,"toponymIds":["11-47a74bf421"]}},{"type":"Feature","geometry":{"type":"Polygon","coordinates":[[[139.63667,35.86056],[139.63706,35.85957],[139.63769,35.85969],[139.63784,35.85917],[139.63848,35.8584],[139.6383,35.85745],[139.63954,35.8541],[139.63822,35.85286],[139.63706,35.85407],[139.63751,35.855],[139.63703,35.85726],[139.63606,35.86043],[139.63667,35.86056]]]},"properties":{"key":"11108015001","name":"鹿手袋一丁目","pref":"埼玉県","prefCode":"11","municipality":"さいたま市南区","areaM2":108882.339,"population":1150,"toponymIds":["11-fbb7995b67"]}},{"type":"Feature","geometry":{"type":"Polygon","coordinates":[[[139.66279,35.84608],[139.6646,35.84603],[139.66459,35.84571],[139.66547,35.84592],[139.66538,35.84396],[139.66616,35.84288],[139.66251,35.84289],[139.66067,35.84307],[139.66117,35.84612],[139.66279,35.84608]]]},"properties":{"key":"11108012001","name":"根岸一丁目","pref":"埼玉県","prefCode":"11","municipality":"さいたま市南区","areaM2":144323.655,"population":2142,"toponymIds":["11-80f1be85f7"]}},{"type":"Feature","geometry":{"type":"Polygon","coordinates":[[[139.67179,35.84102],[139.67107,35.84078],[139.67089,35.841],[139.67083,35.84165],[139.67041,35.8422],[139.67017,35.84414],[139.66941,35.84515],[139.67055,35.84579],[139.67142,35.84492],[139.67435,35.8426],[139.6729,35.8415],[139.67179,35.84102]]]},"properties":{"key":"11108010001","name":"文蔵一丁目","pref":"埼玉県","prefCode":"11","municipality":"さいたま市南区","areaM2":115412.087,"population":2275,"toponymIds":["11-ceea4f8b6b"]}},{"type":"Feature","geometry":{"type":"Polygon","coordinates":[[[139.68333,35.88929],[139.68435,35.88949],[139.68454,35.88828],[139.68484,35.88753],[139.68623,35.88588],[139.68554,35.88521],[139.68506,35.88552],[139.68515,35.8856],[139.68462,35.88623],[139.68344,35.88651],[139.68345,35.88751],[139.68261,35.88766],[139.68072,35.88711],[139.68036,35.88712],[139.68013,35.88739],[139.67983,35.88744],[139.67988,35.88857],[139.6802,35.88883],[139.68002,35.88926],[139.68006,35.89029],[139.68026,35.89121],[139.68055,35.89153],[139.68196,35.89046],[139.68248,35.88955],[139.68333,35.88929]]]},"properties":{"key":"11109010001","name":"馬場一丁目","pref":"埼玉県","prefCode":"11","municipality":"さいたま市緑区","areaM2":156603.101,"population":1433,"toponymIds":["11-4557e70492"]}},{"type":"Feature","geometry":{"type":"Polygon","coordinates":[[[139.68773,35.94048],[139.6891,35.93897],[139.68935,35.9391],[139.69032,35.93827],[139.69086,35.93807],[139.69151,35.93798],[139.69148,35.93817],[139.6926,35.93836],[139.69339,35.93887],[139.69482,35.939],[139.695,35.93776],[139.69533,35.9375],[139.69318,35.93607],[139.69335,35.93511],[139.69225,35.93589],[139.69185,35.93562],[139.69201,35.93463],[139.6902,35.93336],[139.68857,35.934],[139.68518,35.93629],[139.68413,35.93804],[139.683,35.93781],[139.68266,35.93821],[139.68288,35.93827],[139.68233,35.93995],[139.68427,35.9398],[139.68773,35.94048]]]},"properties":{"key":"111100240","name":"大字加倉","pref":"埼玉県","prefCode":"11","municipality":"さいたま市岩槻区","areaM2":458774.92,"population":150,"toponymIds":["11-ae1dab82a2"]}},{"type":"Feature","geometry":{"type":"Polygon","coordinates":[[[139.69383,36.00248],[139.69469,36.00188],[139.69522,36.00235],[139.69586,36.0018],[139.69595,36.00194],[139.69687,36.0011],[139.69651,36.0009],[139.69936,35.99881],[139.69994,35.99796],[139.70123,35.99803],[139.70124,35.99821],[139.70298,35.9978],[139.7067,35.99582],[139.70744,35.99509],[139.70786,35.99555],[139.70839,35.99465],[139.70917,35.99468],[139.70969,35.99522],[139.71035,35.99521],[139.70949,35.99391],[139.7105,35.99369],[139.71189,35.99285],[139.71072,35.9913],[139.71038,35.99137],[139.71017,35.99178],[139.7092,35.99145],[139.70787,35.99032],[139.70588,35.99022],[139.70535,35.98913],[139.70412,35.98934],[139.70369,35.9883],[139.70341,35.98871],[139.70249,35.9891],[139.70094,35.98904],[139.69984,35.98927],[139.69789,35.98877],[139.69623,35.98868],[139.69622,35.98882],[139.69561,35.98916],[139.69531,35.98919],[139.69514,35.9889],[139.69454,35.98912],[139.69442,35.98977],[139.69518,35.9905],[139.69557,35.99157],[139.69511,35.99268],[139.69443,35.99341],[139.69433,35.99437],[139.69371,35.99499],[139.69255,35.99742],[139.69284,35.99753],[139.69177,35.99925],[139.69281,35.99967],[139.69181,36.00127],[139.6911,36.00098],[139.69052,36.00191],[139.69172,36.00239],[139.69231,36.00148],[139.69383,36.00248]]]},"properties":{"key":"111100520","name":"大字鹿室","pref":"埼玉県","prefCode":"11","municipality":"さいたま市岩槻区","areaM2":1474503.667,"population":1149,"toponymIds":["11-26f9df24d3","11-b025f815fa"]}},{"type":"Feature","geometry":{"type":"Polygon","coordinates":[[[139.68679,35.94272],[139.68628,35.94252],[139.68529,35.9447],[139.68768,35.946],[139.69137,35.94889],[139.69158,35.94852],[139.69131,35.94827],[139.69104,35.94759],[139.69199,35.94607],[139.69233,35.94465],[139.69129,35.94416],[139.68679,35.94272]]]},"properties":{"key":"11110065001","name":"加倉一丁目","pref":"埼玉県","prefCode":"11","municipality":"さいたま市岩槻区","areaM2":207555.165,"population":1414,"toponymIds":["11-433d0151b3"]}},{"type":"Feature","geometry":{"type":"Polygon","coordinates":[[[139.5045,35.89421],[139.50452,35.89326],[139.50486,35.89227],[139.50463,35.89211],[139.50413,35.89261],[139.503,35.89208],[139.50289,35.89293],[139.50249,35.89289],[139.50273,35.89371],[139.5035,35.89384],[139.5038,35.89508],[139.5043,35.89525],[139.5045,35.89421]]]},"properties":{"key":"112010840","name":"大字上新河岸","pref":"埼玉県","prefCode":"11","municipality":"川越市","areaM2":38281.698,"population":199,"toponymIds":["11-84356ae4e0","11-2cc27dee29"]}},{"type":"Feature","geometry":{"type":"Polygon","coordinates":[[[139.50486,35.89227],[139.50544,35.89169],[139.50643,35.89107],[139.50546,35.89054],[139.50494,35.8909],[139.50431,35.89043],[139.50396,35.89094],[139.50289,35.89054],[139.50211,35.89207],[139.50239,35.89206],[139.50258,35.89236],[139.50296,35.89238],[139.503,35.89208],[139.50413,35.89261],[139.50463,35.89211],[139.50486,35.89227]]]},"properties":{"key":"112010850","name":"大字下新河岸","pref":"埼玉県","prefCode":"11","municipality":"川越市","areaM2":52279.392,"population":0,"toponymIds":["11-b7d9cd6b49"]}},{"type":"Feature","geometry":{"type":"Polygon","coordinates":[[[139.49318,35.89265],[139.49269,35.89221],[139.49249,35.89241],[139.49229,35.89234],[139.49187,35.89354],[139.49318,35.89265]]]},"properties":{"key":"112010830","name":"大字扇河岸","pref":"埼玉県","prefCode":"11","municipality":"川越市","areaM2":7067.901,"population":0,"toponymIds":["11-6ad58402a6","11-6dc310202b"]}},{"type":"Feature","geometry":{"type":"Polygon","coordinates":[[[139.5007,35.95752],[139.50107,35.95755],[139.50168,35.95689],[139.50293,35.95602],[139.50422,35.95566],[139.50469,35.95529],[139.50477,35.95469],[139.50333,35.95464],[139.50317,35.95407],[139.50337,35.95211],[139.5045,35.95122],[139.50456,35.95101],[139.50503,35.95086],[139.5043,35.94936],[139.50363,35.94964],[139.50353,35.94908],[139.50375,35.94831],[139.50319,35.94806],[139.50301,35.94681],[139.49611,35.94735],[139.49605,35.94683],[139.49479,35.94693],[139.49477,35.94678],[139.49411,35.94639],[139.49344,35.9462],[139.49218,35.94629],[139.49206,35.94521],[139.48721,35.94507],[139.48755,35.95032],[139.48944,35.95024],[139.48993,35.95055],[139.49019,35.95124],[139.49139,35.95119],[139.49199,35.95323],[139.49037,35.9533],[139.4908,35.95503],[139.49251,35.95487],[139.49336,35.95502],[139.49422,35.95543],[139.49531,35.95503],[139.49722,35.95489],[139.49751,35.95512],[139.49798,35.9564],[139.49896,35.95816],[139.49955,35.95847],[139.49989,35.95838],[139.5007,35.95752]]]},"properties":{"key":"112010590","name":"大字菅間","pref":"埼玉県","prefCode":"11","municipality":"川越市","areaM2":1383376.008,"population":930,"toponymIds":["11-da2fa782e6","11-5d2e961204"]}},{"type":"Feature","geometry":{"type":"Polygon","coordinates":[[[139.45372,35.90053],[139.45356,35.90032],[139.45283,35.90023],[139.45253,35.90039],[139.45216,35.90025],[139.45209,35.89982],[139.45274,35.89963],[139.45277,35.89937],[139.45295,35.89937],[139.45177,35.89781],[139.45133,35.89758],[139.45064,35.8976],[139.44986,35.89738],[139.44903,35.90156],[139.44912,35.90185],[139.45043,35.90279],[139.45129,35.90364],[139.4515,35.90415],[139.4519,35.90434],[139.45419,35.90095],[139.45379,35.9008],[139.45372,35.90053]]]},"properties":{"key":"11201163005","name":"大字藤倉","pref":"埼玉県","prefCode":"11","municipality":"川越市","areaM2":199950.254,"population":78,"toponymIds":["11-f4fa842cee"]}},{"type":"Feature","geometry":{"type":"Polygon","coordinates":[[[139.51668,35.94854],[139.52048,35.94726],[139.5204,35.94706],[139.51985,35.94692],[139.52071,35.94517],[139.51894,35.94326],[139.5188,35.94291],[139.51662,35.94349],[139.51476,35.94315],[139.51381,35.94333],[139.51286,35.94402],[139.51184,35.94623],[139.51111,35.9468],[139.51035,35.94716],[139.50932,35.94726],[139.50646,35.94669],[139.50543,35.94695],[139.50458,35.9474],[139.50522,35.94866],[139.50808,35.94768],[139.50876,35.94776],[139.51028,35.95072],[139.51668,35.94854]]]},"properties":{"key":"112010580","name":"大字鹿飼","pref":"埼玉県","prefCode":"11","municipality":"川越市","areaM2":570192.285,"population":458,"toponymIds":["11-bfc0028e06","11-73304ec78f"]}},{"type":"Feature","geometry":{"type":"Polygon","coordinates":[[[139.49195,35.90416],[139.49265,35.90417],[139.49343,35.90385],[139.49342,35.90198],[139.49378,35.90135],[139.49489,35.90027],[139.49615,35.90002],[139.49462,35.89963],[139.49427,35.89917],[139.49397,35.89806],[139.49373,35.89776],[139.49295,35.89715],[139.49217,35.89679],[139.48844,35.90111],[139.48887,35.90136],[139.48834,35.90194],[139.48839,35.90224],[139.48923,35.90164],[139.48968,35.90215],[139.48926,35.90257],[139.49044,35.90331],[139.49029,35.9039],[139.49152,35.90421],[139.49195,35.90416]]]},"properties":{"key":"11201007001","name":"岸町一丁目","pref":"埼玉県","prefCode":"11","municipality":"川越市","areaM2":281295.15,"population":3348,"toponymIds":["11-cdf47eec59"]}},{"type":"Feature","geometry":{"type":"Polygon","coordinates":[[[139.48699,35.90885],[139.48709,35.90824],[139.4873,35.90824],[139.48764,35.90566],[139.48691,35.90558],[139.48565,35.90437],[139.48477,35.90544],[139.48473,35.90715],[139.48459,35.90731],[139.48438,35.90901],[139.4869,35.90936],[139.48699,35.90885]]]},"properties":{"key":"112010200","name":"菅原町","pref":"埼玉県","prefCode":"11","municipality":"川越市","areaM2":112811.447,"population":2293,"toponymIds":["11-07dcf44963"]}},{"type":"Feature","geometry":{"type":"Polygon","coordinates":[[[139.38581,36.17045],[139.38489,36.16865],[139.38468,36.16764],[139.38446,36.16755],[139.38473,36.1658],[139.38476,36.16257],[139.385,36.16149],[139.37814,36.16121],[139.37824,36.1618],[139.3776,36.1625],[139.37732,36.16322],[139.37753,36.16378],[139.37592,36.16408],[139.375,36.16575],[139.37603,36.16578],[139.37707,36.16666],[139.37749,36.1673],[139.37749,36.16757],[139.37799,36.16797],[139.37716,36.16803],[139.37592,36.1667],[139.37514,36.16702],[139.37505,36.16686],[139.37476,36.16691],[139.37456,36.16671],[139.37461,36.16627],[139.37429,36.16599],[139.37289,36.16687],[139.3735,36.16788],[139.37325,36.16802],[139.37359,36.16904],[139.37456,36.16928],[139.37588,36.16847],[139.37618,36.16919],[139.37623,36.17056],[139.37647,36.1704],[139.37617,36.17087],[139.3769,36.17108],[139.37687,36.17121],[139.37791,36.17195],[139.37777,36.17225],[139.37931,36.1727],[139.37976,36.17306],[139.37988,36.17333],[139.37956,36.17409],[139.38246,36.17469],[139.38274,36.17581],[139.38409,36.17632],[139.38449,36.17641],[139.38584,36.17571],[139.38642,36.17439],[139.38636,36.17316],[139.38597,36.17178],[139.38581,36.17045]]]},"properties":{"key":"112020300","name":"柿沼","pref":"埼玉県","prefCode":"11","municipality":"熊谷市","areaM2":1180134.152,"population":4354,"toponymIds":["11-82dedd5baf"]}},{"type":"Feature","geometry":{"type":"Polygon","coordinates":[[[139.38266,36.14484],[139.38244,36.14457],[139.38277,36.14446],[139.38252,36.14392],[139.38283,36.14382],[139.38247,36.14332],[139.38265,36.14326],[139.38224,36.14246],[139.38058,36.14304],[139.38088,36.1448],[139.3813,36.14573],[139.38241,36.14529],[139.38231,36.14499],[139.38266,36.14484]]]},"properties":{"key":"112020040","name":"鎌倉町","pref":"埼玉県","prefCode":"11","municipality":"熊谷市","areaM2":48440.95,"population":288,"toponymIds":["11-fb12cc763d"]}},{"type":"Feature","geometry":{"type":"Polygon","coordinates":[[[139.32018,36.1441],[139.32038,36.14381],[139.32289,36.14397],[139.32298,36.14366],[139.32241,36.14262],[139.32179,36.1422],[139.32012,36.14186],[139.3194,36.14156],[139.31853,36.14103],[139.31762,36.1402],[139.31612,36.13953],[139.31046,36.13911],[139.30839,36.13925],[139.30732,36.13965],[139.30766,36.14057],[139.30783,36.14055],[139.30806,36.14112],[139.30802,36.14179],[139.30995,36.14186],[139.30981,36.14277],[139.31081,36.14288],[139.31078,36.14322],[139.31133,36.14324],[139.31137,36.14356],[139.31168,36.14352],[139.31168,36.14323],[139.3122,36.14325],[139.31222,36.1435],[139.31258,36.1435],[139.31262,36.1433],[139.31316,36.14332],[139.31325,36.14363],[139.31392,36.1437],[139.31376,36.14463],[139.31307,36.14526],[139.31354,36.14573],[139.31466,36.14607],[139.31511,36.14638],[139.31636,36.14543],[139.31974,36.1451],[139.31977,36.14476],[139.32018,36.1441]]]},"properties":{"key":"112020420","name":"川原明戸","pref":"埼玉県","prefCode":"11","municipality":"熊谷市","areaM2":599170.937,"population":440,"toponymIds":["11-8ed395c240"]}},{"type":"Feature","geometry":{"type":"Polygon","coordinates":[[[139.38266,36.13737],[139.38233,36.13658],[139.38046,36.13711],[139.38089,36.13998],[139.38346,36.13927],[139.38266,36.13737]]]},"properties":{"key":"11202021001","name":"河原町一丁目","pref":"埼玉県","prefCode":"11","municipality":"熊谷市","areaM2":66594.607,"population":565,"toponymIds":["11-cc5a081341"]}},{"type":"Feature","geometry":{"type":"Polygon","coordinates":[[[139.68059,35.84677],[139.68167,35.84638],[139.68155,35.84597],[139.68109,35.84622],[139.68072,35.84622],[139.68087,35.84652],[139.6804,35.84669],[139.68023,35.84637],[139.67997,35.8464],[139.67999,35.84696],[139.68059,35.84677]]]},"properties":{"key":"112030650","name":"大字伊刈","pref":"埼玉県","prefCode":"11","municipality":"川口市","areaM2":6253.583,"population":0,"toponymIds":["11-6972540326"]}},{"type":"Feature","geometry":{"type":"Polygon","coordinates":[[[139.77233,35.8495],[139.76953,35.8459],[139.7656,35.84924],[139.76618,35.84918],[139.76697,35.84988],[139.768,35.85038],[139.76819,35.85072],[139.76891,35.85099],[139.76994,35.85274],[139.76973,35.85285],[139.77078,35.85394],[139.77481,35.85181],[139.77293,35.85022],[139.77233,35.8495]]]},"properties":{"key":"112030830","name":"大字安行吉蔵","pref":"埼玉県","prefCode":"11","municipality":"川口市","areaM2":307649.99,"population":2543,"toponymIds":["11-d7401ac12b","11-379c0bd202"]}},{"type":"Feature","geometry":{"type":"Polygon","coordinates":[[[139.71167,35.8507],[139.71158,35.85017],[139.71102,35.85023],[139.71093,35.84974],[139.71059,35.84978],[139.71047,35.84927],[139.71141,35.84917],[139.71134,35.84866],[139.71381,35.84839],[139.71372,35.84788],[139.71411,35.84801],[139.71475,35.84778],[139.71696,35.84755],[139.7169,35.8473],[139.71819,35.84684],[139.71873,35.84806],[139.71917,35.84834],[139.71948,35.84849],[139.72018,35.84819],[139.72037,35.84791],[139.72038,35.84763],[139.71909,35.84528],[139.7177,35.84333],[139.71757,35.84276],[139.7167,35.84144],[139.7158,35.84063],[139.7135,35.84286],[139.71104,35.84393],[139.71031,35.84449],[139.70969,35.84445],[139.70957,35.84472],[139.70873,35.84462],[139.70485,35.84506],[139.70438,35.84552],[139.70491,35.84766],[139.70459,35.84772],[139.70487,35.84837],[139.70574,35.84817],[139.70577,35.84759],[139.70795,35.84797],[139.70768,35.84891],[139.7078,35.84992],[139.70964,35.8525],[139.71003,35.85332],[139.7111,35.85287],[139.71183,35.85279],[139.71155,35.85125],[139.71169,35.85123],[139.71167,35.8507]]]},"properties":{"key":"11203049001","name":"大字安行領根岸","pref":"埼玉県","prefCode":"11","municipality":"川口市","areaM2":800437.492,"population":6725,"toponymIds":["11-df97e01e1e"]}},{"type":"Feature","geometry":{"type":"Polygon","coordinates":[[[139.75388,35.86012],[139.75371,35.85831],[139.75178,35.85812],[139.75194,35.85856],[139.75187,35.85988],[139.75286,35.85977],[139.75403,35.8605],[139.75388,35.86012]]]},"properties":{"key":"112030900","name":"大字長蔵新田","pref":"埼玉県","prefCode":"11","municipality":"川口市","areaM2":31907.831,"population":45,"toponymIds":["11-92046cc630"]}},{"type":"Feature","geometry":{"type":"Polygon","coordinates":[[[139.73195,35.80345],[139.72861,35.80373],[139.72869,35.80506],[139.72405,35.80582],[139.72374,35.80715],[139.7291,35.80789],[139.73004,35.80757],[139.7314,35.80554],[139.73195,35.80345]]]},"properties":{"key":"11203019001","name":"青木一丁目","pref":"埼玉県","prefCode":"11","municipality":"川口市","areaM2":203708.804,"population":4412,"toponymIds":["11-5ee89ecd7f"]}},{"type":"Feature","geometry":{"type":"Polygon","coordinates":[[[139.72665,35.82184],[139.72691,35.82143],[139.7248,35.8217],[139.71733,35.82053],[139.71729,35.82574],[139.72169,35.82432],[139.72241,35.82388],[139.72344,35.82285],[139.7259,35.82234],[139.72665,35.82184]]]},"properties":{"key":"11203023001","name":"上青木一丁目","pref":"埼玉県","prefCode":"11","municipality":"川口市","areaM2":252395.572,"population":3761,"toponymIds":["11-e69d5620a2","11-f245fb2118","11-0d83e01b5e"]}},{"type":"Feature","geometry":{"type":"Polygon","coordinates":[[[139.71372,35.8238],[139.71373,35.82334],[139.71214,35.82337],[139.71204,35.82358],[139.70973,35.82356],[139.71041,35.82854],[139.71199,35.82801],[139.71327,35.82704],[139.71373,35.82691],[139.71372,35.8238]]]},"properties":{"key":"11203022001","name":"上青木西一丁目","pref":"埼玉県","prefCode":"11","municipality":"川口市","areaM2":163552.695,"population":2908,"toponymIds":["11-beb60626c8"]}},{"type":"Feature","geometry":{"type":"Polygon","coordinates":[[[139.72802,35.79358],[139.7359,35.79041],[139.73823,35.78908],[139.74036,35.787],[139.74355,35.78212],[139.73804,35.78021],[139.73862,35.78725],[139.7378,35.78812],[139.73669,35.78882],[139.73404,35.78989],[139.73298,35.7899],[139.73102,35.78914],[139.72772,35.79226],[139.7276,35.79262],[139.72802,35.79358]]]},"properties":{"key":"112030340","name":"河原町","pref":"埼玉県","prefCode":"11","municipality":"川口市","areaM2":442077.752,"population":0,"toponymIds":["11-c02ff3697a"]}},{"type":"Feature","geometry":{"type":"Polygon","coordinates":[[[139.75469,35.8579],[139.75373,35.85781],[139.75374,35.85954],[139.75416,35.8609],[139.75594,35.86095],[139.75682,35.86121],[139.75822,35.85856],[139.75469,35.8579]]]},"properties":{"key":"11203102001","name":"長蔵一丁目","pref":"埼玉県","prefCode":"11","municipality":"川口市","areaM2":109761.102,"population":1174,"toponymIds":["11-1186869e89"]}},{"type":"Feature","geometry":{"type":"Polygon","coordinates":[[[139.72073,35.80673],[139.72045,35.80669],[139.71998,35.80929],[139.7232,35.80974],[139.72374,35.80715],[139.72073,35.80673]]]},"properties":{"key":"11203020001","name":"中青木一丁目","pref":"埼玉県","prefCode":"11","municipality":"川口市","areaM2":87274.603,"population":1475,"toponymIds":["11-87da1b64a0"]}},{"type":"Feature","geometry":{"type":"Polygon","coordinates":[[[139.71584,35.8155],[139.71626,35.81348],[139.7152,35.8132],[139.71282,35.81301],[139.70965,35.81305],[139.70901,35.81325],[139.7092,35.81526],[139.7106,35.81513],[139.71584,35.8155]]]},"properties":{"key":"11203021001","name":"西青木一丁目","pref":"埼玉県","prefCode":"11","municipality":"川口市","areaM2":153152.698,"population":2259,"toponymIds":["11-6ca0033e89"]}},{"type":"Feature","geometry":{"type":"Polygon","coordinates":[[[139.43145,36.1961],[139.43346,36.19609],[139.43648,36.19519],[139.43779,36.1953],[139.44215,36.19471],[139.44252,36.19111],[139.44265,36.18683],[139.44168,36.18608],[139.44173,36.18166],[139.44025,36.18156],[139.44021,36.18176],[139.43995,36.18174],[139.43976,36.18279],[139.43949,36.18328],[139.43793,36.18307],[139.43726,36.18456],[139.43724,36.18501],[139.43669,36.18504],[139.43663,36.18555],[139.43521,36.18514],[139.43517,36.18616],[139.43234,36.18611],[139.4323,36.18724],[139.42668,36.18714],[139.42662,36.18921],[139.42544,36.18932],[139.42067,36.18901],[139.42038,36.18847],[139.42012,36.18855],[139.42021,36.18876],[139.4199,36.18881],[139.41739,36.18816],[139.41718,36.18856],[139.41847,36.18894],[139.41863,36.18932],[139.41893,36.18925],[139.41917,36.18954],[139.4201,36.18968],[139.42059,36.19008],[139.42168,36.19268],[139.42155,36.19301],[139.42025,36.19429],[139.4202,36.19461],[139.42058,36.19572],[139.42241,36.19714],[139.42417,36.19812],[139.42576,36.19784],[139.42784,36.1964],[139.43145,36.1961]]]},"properties":{"key":"112060370","name":"大字北河原","pref":"埼玉県","prefCode":"11","municipality":"行田市","areaM2":2117692.334,"population":649,"toponymIds":["11-0bbfdfe258","11-1e4b540de5"]}},{"type":"Feature","geometry":{"type":"Polygon","coordinates":[[[139.42662,36.18921],[139.42668,36.18714],[139.4323,36.18724],[139.43234,36.18611],[139.43517,36.18616],[139.43521,36.18514],[139.43663,36.18555],[139.43669,36.18504],[139.43724,36.18501],[139.43726,36.18456],[139.43793,36.18307],[139.43949,36.18328],[139.43976,36.18279],[139.43995,36.18174],[139.44021,36.18176],[139.44025,36.18156],[139.44152,36.18169],[139.44224,36.1816],[139.44344,36.18126],[139.44351,36.18112],[139.443,36.18002],[139.44243,36.17797],[139.44214,36.1778],[139.44214,36.1767],[139.43845,36.17659],[139.43844,36.17629],[139.43711,36.17611],[139.43465,36.17545],[139.43505,36.17054],[139.42333,36.16979],[139.42229,36.17082],[139.42261,36.17113],[139.42229,36.17135],[139.42256,36.17181],[139.42231,36.1719],[139.42132,36.17127],[139.42115,36.1727],[139.42222,36.17277],[139.42204,36.17412],[139.421,36.17404],[139.42088,36.17491],[139.42205,36.175],[139.4214,36.17894],[139.4209,36.17882],[139.42037,36.18325],[139.42149,36.18333],[139.4213,36.18491],[139.42247,36.18499],[139.42235,36.18591],[139.42272,36.18596],[139.4224,36.18669],[139.42189,36.18712],[139.42098,36.18773],[139.41992,36.18808],[139.42012,36.18855],[139.42038,36.18847],[139.42067,36.18901],[139.42544,36.18932],[139.42662,36.18921]]]},"properties":{"key":"112060630","name":"大字南河原","pref":"埼玉県","prefCode":"11","municipality":"行田市","areaM2":2911743.316,"population":2238,"toponymIds":["11-ebc90dc155"]}},{"type":"Feature","geometry":{"type":"Polygon","coordinates":[[[139.4347,36.12587],[139.43666,36.12422],[139.43504,36.123],[139.43597,36.12251],[139.43562,36.12125],[139.43523,36.12138],[139.43504,36.12054],[139.43487,36.1205],[139.43497,36.12029],[139.43478,36.12017],[139.43479,36.11984],[139.43508,36.11984],[139.43508,36.11963],[139.43426,36.11949],[139.43421,36.12004],[139.43383,36.1207],[139.43331,36.12111],[139.43226,36.12142],[139.43115,36.12116],[139.43071,36.12078],[139.43044,36.12001],[139.43006,36.11963],[139.42976,36.11978],[139.43005,36.12013],[139.42948,36.1205],[139.42923,36.12027],[139.42879,36.12111],[139.42988,36.12153],[139.43006,36.12179],[139.42997,36.12214],[139.42931,36.12258],[139.4298,36.12316],[139.43089,36.12317],[139.43089,36.12366],[139.43149,36.12365],[139.43144,36.12438],[139.4321,36.12438],[139.43208,36.12508],[139.43221,36.12508],[139.43229,36.12574],[139.4347,36.12587]]]},"properties":{"key":"11206050001","name":"棚田町一丁目","pref":"埼玉県","prefCode":"11","municipality":"行田市","areaM2":256469.204,"population":1288,"toponymIds":["11-056b88bbcd","11-fbda711d31"]}},{"type":"Feature","geometry":{"type":"Polygon","coordinates":[[[139.33484,35.86841],[139.33486,35.86829],[139.33508,35.86843],[139.33624,35.86809],[139.33897,35.86774],[139.3392,35.86716],[139.33922,35.86652],[139.33983,35.86582],[139.34008,35.86517],[139.34106,35.86426],[139.34185,35.86325],[139.3422,35.86238],[139.34206,35.86224],[139.34255,35.86156],[139.34279,35.86149],[139.33518,35.85964],[139.33466,35.86007],[139.33372,35.86229],[139.33228,35.86469],[139.33283,35.86514],[139.33272,35.86588],[139.33282,35.86636],[139.3323,35.86777],[139.33251,35.86875],[139.33298,35.86826],[139.33326,35.86745],[139.3337,35.86749],[139.33316,35.8692],[139.33384,35.8687],[139.33484,35.86841]]]},"properties":{"key":"112090210","name":"大字下加治","pref":"埼玉県","prefCode":"11","municipality":"飯能市","areaM2":599006.542,"population":1021,"toponymIds":["11-f5ef4333a7","11-25f98cbe47"]}},{"type":"Feature","geometry":{"type":"Polygon","coordinates":[[[139.28802,35.86136],[139.29101,35.86024],[139.29225,35.85925],[139.29424,35.85914],[139.29615,35.85837],[139.2995,35.8578],[139.30055,35.85745],[139.301,35.85718],[139.30198,35.85614],[139.30343,35.8552],[139.30431,35.85519],[139.30624,35.85613],[139.30686,35.85609],[139.30824,35.85635],[139.31061,35.85604],[139.31106,35.85583],[139.31161,35.85516],[139.31144,35.85457],[139.31059,35.85382],[139.31056,35.85321],[139.31074,35.85286],[139.31196,35.85249],[139.31109,35.85238],[139.31076,35.85198],[139.31038,35.85231],[139.30852,35.85112],[139.30841,35.85166],[139.30774,35.85205],[139.30726,35.85184],[139.30613,35.85202],[139.30589,35.85177],[139.30587,35.85197],[139.30526,35.85231],[139.30441,35.85215],[139.3039,35.85156],[139.30406,35.85105],[139.30359,35.85023],[139.30144,35.84848],[139.30088,35.84858],[139.30091,35.84881],[139.30064,35.84937],[139.29983,35.84927],[139.29963,35.84965],[139.29924,35.84976],[139.29858,35.8494],[139.29805,35.84979],[139.2982,35.85032],[139.2979,35.85073],[139.29759,35.85085],[139.29781,35.85119],[139.29777,35.85174],[139.29826,35.85214],[139.29767,35.85186],[139.29707,35.85204],[139.29655,35.85242],[139.29664,35.85282],[139.29699,35.85295],[139.29765,35.85356],[139.2975,35.85398],[139.29733,35.85404],[139.29709,35.8534],[139.29655,35.85317],[139.29641,35.85341],[139.29692,35.85368],[139.29711,35.85413],[139.29754,35.85437],[139.29684,35.85406],[139.29535,35.85398],[139.29464,35.85365],[139.29443,35.85397],[139.29411,35.85403],[139.294,35.85468],[139.2938,35.8546],[139.29354,35.8556],[139.29251,35.85569],[139.29218,35.85535],[139.29216,35.85497],[139.2919,35.8555],[139.2915,35.85576],[139.29105,35.8569],[139.29057,35.85721],[139.29032,35.85828],[139.29079,35.8588],[139.29032,35.85878],[139.29027,35.85899],[139.28941,35.85962],[139.28853,35.86014],[139.28801,35.86025],[139.28752,35.86077],[139.28691,35.8602],[139.2868,35.8605],[139.28554,35.86095],[139.28418,35.86197],[139.28488,35.86254],[139.28478,35.86258],[139.28518,35.86319],[139.28569,35.86343],[139.28802,35.86136]]]},"properties":{"key":"112090160","name":"大字大河原","pref":"埼玉県","prefCode":"11","municipality":"飯能市","areaM2":1157610.264,"population":565,"toponymIds":["11-06981c76cb","11-2fb337455b"]}},{"type":"Feature","geometry":{"type":"Polygon","coordinates":[[[139.37002,35.87059],[139.3715,35.87031],[139.37224,35.87075],[139.37229,35.87115],[139.37342,35.87028],[139.37449,35.86846],[139.37259,35.86675],[139.37381,35.8657],[139.37024,35.86328],[139.3651,35.85916],[139.36476,35.8606],[139.36058,35.8592],[139.35987,35.8613],[139.35872,35.86096],[139.35812,35.8621],[139.35592,35.86146],[139.35569,35.86171],[139.35403,35.86088],[139.35276,35.86113],[139.35321,35.85946],[139.35179,35.85901],[139.34996,35.85897],[139.35008,35.85855],[139.34746,35.8579],[139.34715,35.85808],[139.34629,35.85788],[139.34625,35.8581],[139.34494,35.85823],[139.34498,35.85779],[139.34409,35.85788],[139.34397,35.8576],[139.34244,35.85737],[139.34309,35.85882],[139.34558,35.8605],[139.34657,35.86135],[139.34689,35.86134],[139.34705,35.86083],[139.34718,35.86081],[139.34755,35.86116],[139.34979,35.86147],[139.34959,35.86278],[139.35045,35.86331],[139.35086,35.86319],[139.35132,35.86375],[139.35149,35.86434],[139.35224,35.86512],[139.35243,35.86561],[139.35327,35.86628],[139.35381,35.86786],[139.35623,35.86804],[139.35638,35.86828],[139.35955,35.86853],[139.36108,35.86965],[139.36203,35.86988],[139.36187,35.87033],[139.36276,35.87105],[139.36717,35.87159],[139.36937,35.87083],[139.36928,35.87071],[139.37002,35.87059]]]},"properties":{"key":"112090280","name":"大字芦苅場","pref":"埼玉県","prefCode":"11","municipality":"飯能市","areaM2":2072695.482,"population":572,"toponymIds":["11-562af4cd72"]}},{"type":"Feature","geometry":{"type":"Polygon","coordinates":[[[139.33544,35.83759],[139.33667,35.83688],[139.33806,35.83548],[139.33941,35.83451],[139.3424,35.83447],[139.34323,35.83459],[139.34408,35.8349],[139.34541,35.83616],[139.34563,35.83579],[139.34515,35.83395],[139.34562,35.83285],[139.3461,35.8325],[139.34587,35.83234],[139.34606,35.83199],[139.34589,35.83164],[139.34577,35.83027],[139.3458,35.82958],[139.34618,35.82914],[139.34553,35.82883],[139.34481,35.8281],[139.34475,35.82775],[139.34422,35.82733],[139.3428,35.82784],[139.34161,35.82793],[139.34103,35.82779],[139.34053,35.82799],[139.33986,35.82796],[139.33922,35.82846],[139.33854,35.82792],[139.33824,35.82767],[139.3386,35.82731],[139.33818,35.82725],[139.33799,35.82684],[139.33826,35.82678],[139.33809,35.82644],[139.33841,35.82624],[139.33816,35.82611],[139.33838,35.82576],[139.33879,35.82575],[139.3389,35.82531],[139.33928,35.82524],[139.33868,35.82493],[139.33803,35.82348],[139.33806,35.82254],[139.33776,35.82202],[139.33743,35.82206],[139.33645,35.82276],[139.33505,35.82287],[139.33421,35.82378],[139.33355,35.82493],[139.33325,35.82503],[139.3332,35.82526],[139.33293,35.82526],[139.33289,35.82562],[139.33205,35.82579],[139.33204,35.82604],[139.33179,35.82618],[139.33092,35.82634],[139.33045,35.8266],[139.32956,35.82659],[139.32946,35.82638],[139.32963,35.82617],[139.32948,35.82585],[139.32924,35.82573],[139.32733,35.82691],[139.32635,35.82656],[139.32576,35.82554],[139.32467,35.82479],[139.32366,35.82367],[139.32143,35.82291],[139.32036,35.82174],[139.31989,35.82157],[139.31969,35.82117],[139.31715,35.81929],[139.31645,35.81903],[139.31637,35.82002],[139.31654,35.82088],[139.31597,35.82226],[139.316,35.82319],[139.31495,35.82397],[139.31503,35.82495],[139.31458,35.82518],[139.3126,35.8253],[139.30818,35.82434],[139.30512,35.82281],[139.30498,35.82326],[139.30508,35.82395],[139.30646,35.8249],[139.31258,35.82771],[139.31487,35.82847],[139.31673,35.82977],[139.31847,35.83061],[139.31843,35.83105],[139.31859,35.83118],[139.31999,35.83108],[139.32026,35.83144],[139.32071,35.83155],[139.32125,35.83127],[139.32366,35.83199],[139.327,35.83259],[139.32696,35.83349],[139.32596,35.83354],[139.32642,35.83407],[139.3267,35.83486],[139.32612,35.83633],[139.3261,35.83749],[139.32684,35.83739],[139.32903,35.83754],[139.33023,35.83781],[139.3327,35.83886],[139.33366,35.83819],[139.33544,35.83759]]]},"properties":{"key":"112090350","name":"大字阿須","pref":"埼玉県","prefCode":"11","municipality":"飯能市","areaM2":3195700.628,"population":913,"toponymIds":["11-9e74c4461a","11-783bd14365"]}},{"type":"Feature","geometry":{"type":"Polygon","coordinates":[[[139.3302,35.86448],[139.33199,35.86446],[139.33228,35.86469],[139.33372,35.86229],[139.33466,35.86007],[139.33518,35.85974],[139.33508,35.85876],[139.33237,35.85863],[139.33161,35.859],[139.32904,35.85884],[139.32821,35.86393],[139.3285,35.86421],[139.32953,35.86429],[139.3301,35.86474],[139.3302,35.86448]]]},"properties":{"key":"112090300","name":"大字青木","pref":"埼玉県","prefCode":"11","municipality":"飯能市","areaM2":301591.805,"population":1670,"toponymIds":["11-6c9cf034d0","11-cc2dfd5587"]}},{"type":"Feature","geometry":{"type":"Polygon","coordinates":[[[139.54959,36.11755],[139.54972,36.11712],[139.5494,36.11649],[139.54898,36.11611],[139.55056,36.11525],[139.55162,36.11444],[139.5536,36.11457],[139.55479,36.11448],[139.55728,36.11345],[139.55947,36.11174],[139.56248,36.11158],[139.565,36.11097],[139.56453,36.11171],[139.56522,36.11156],[139.56564,36.11092],[139.56605,36.11085],[139.56611,36.11071],[139.56478,36.11032],[139.56343,36.11015],[139.56165,36.10701],[139.55942,36.10859],[139.5581,36.10925],[139.55264,36.11092],[139.54887,36.11158],[139.54912,36.11216],[139.54792,36.1133],[139.54717,36.11281],[139.54623,36.11332],[139.54615,36.11341],[139.54695,36.11394],[139.54631,36.1143],[139.54555,36.11342],[139.54577,36.11317],[139.54504,36.11291],[139.54286,36.11405],[139.54355,36.11485],[139.54332,36.11497],[139.54315,36.1167],[139.54364,36.11765],[139.5449,36.11722],[139.54536,36.11867],[139.54583,36.11928],[139.54563,36.11942],[139.54614,36.1203],[139.54793,36.1194],[139.54853,36.11934],[139.54905,36.11909],[139.54947,36.11835],[139.54973,36.11819],[139.54959,36.11755]]]},"properties":{"key":"112100610","name":"内田ケ谷","pref":"埼玉県","prefCode":"11","municipality":"加須市","areaM2":900384.766,"population":603,"toponymIds":["11-cad087b9a3"]}},{"type":"Feature","geometry":{"type":"Polygon","coordinates":[[[139.55083,36.09206],[139.54997,36.09119],[139.54962,36.09149],[139.54916,36.09139],[139.54902,36.09111],[139.54955,36.09062],[139.55012,36.09099],[139.55091,36.09034],[139.55158,36.09165],[139.55187,36.09153],[139.55266,36.09246],[139.55368,36.09163],[139.5544,36.09129],[139.55595,36.09075],[139.55839,36.09031],[139.56007,36.08938],[139.5594,36.08854],[139.56026,36.08812],[139.56085,36.08753],[139.56067,36.08733],[139.56226,36.08625],[139.56275,36.08687],[139.56369,36.08659],[139.56487,36.08587],[139.56401,36.08442],[139.56469,36.08347],[139.56407,36.08242],[139.56584,36.08202],[139.56513,36.08027],[139.56315,36.07837],[139.56177,36.07908],[139.55781,36.07355],[139.55295,36.07926],[139.55255,36.07862],[139.55189,36.07893],[139.55229,36.0795],[139.54904,36.08108],[139.54722,36.07865],[139.54006,36.08182],[139.53961,36.08226],[139.53974,36.08315],[139.54003,36.08345],[139.54072,36.08303],[139.54285,36.08623],[139.54115,36.08721],[139.54467,36.091],[139.54493,36.09094],[139.54632,36.09239],[139.54624,36.0925],[139.54662,36.09329],[139.54834,36.09282],[139.54975,36.09266],[139.55083,36.09206]]]},"properties":{"key":"112100660","name":"上種足","pref":"埼玉県","prefCode":"11","municipality":"加須市","areaM2":2744855.93,"population":1223,"toponymIds":["11-e5717e90a4"]}},{"type":"Feature","geometry":{"type":"Polygon","coordinates":[[[139.58072,36.08112],[139.58487,36.07799],[139.58282,36.07588],[139.58237,36.07587],[139.5818,36.07515],[139.58288,36.07443],[139.58383,36.07532],[139.58415,36.07511],[139.58464,36.07424],[139.58404,36.07351],[139.58455,36.07299],[139.5845,36.07279],[139.58438,36.07264],[139.58349,36.07307],[139.58289,36.07269],[139.58225,36.07212],[139.58258,36.07186],[139.5822,36.0716],[139.58222,36.07132],[139.58207,36.07118],[139.58136,36.07161],[139.58151,36.07176],[139.58137,36.07186],[139.58183,36.07236],[139.58108,36.07274],[139.58106,36.07306],[139.58079,36.0733],[139.5816,36.07386],[139.5809,36.07434],[139.58172,36.07508],[139.58086,36.07563],[139.57839,36.07341],[139.57356,36.0762],[139.57419,36.0769],[139.57358,36.07724],[139.57368,36.0774],[139.57427,36.07804],[139.57464,36.0779],[139.57605,36.07942],[139.57648,36.07889],[139.57682,36.07916],[139.57702,36.07905],[139.5797,36.08185],[139.58072,36.08112]]]},"properties":{"key":"112100640","name":"下種足","pref":"埼玉県","prefCode":"11","municipality":"加須市","areaM2":570345.587,"population":241,"toponymIds":["11-6c833d0d4e"]}},{"type":"Feature","geometry":{"type":"Polygon","coordinates":[[[139.56073,36.08926],[139.56293,36.08929],[139.56403,36.08901],[139.57359,36.08456],[139.57609,36.08286],[139.57892,36.08231],[139.5797,36.08185],[139.57702,36.07905],[139.57682,36.07916],[139.57648,36.07889],[139.57605,36.07942],[139.57464,36.0779],[139.57427,36.07804],[139.57358,36.07724],[139.57419,36.0769],[139.57356,36.0762],[139.57839,36.07341],[139.57684,36.07209],[139.57605,36.0719],[139.57483,36.07195],[139.5743,36.07179],[139.57294,36.07198],[139.57091,36.07158],[139.56823,36.07291],[139.56771,36.0722],[139.56659,36.07274],[139.5656,36.07129],[139.56449,36.07182],[139.56392,36.07104],[139.56255,36.07118],[139.5606,36.07215],[139.55992,36.07143],[139.55781,36.07355],[139.56177,36.07908],[139.56315,36.07837],[139.56513,36.08027],[139.56584,36.08202],[139.56407,36.08242],[139.56469,36.08347],[139.56401,36.08442],[139.56487,36.08587],[139.56369,36.08659],[139.56275,36.08687],[139.56226,36.08625],[139.56067,36.08733],[139.56085,36.08753],[139.56026,36.08812],[139.5594,36.08854],[139.56007,36.08938],[139.56073,36.08926]]]},"properties":{"key":"112100650","name":"中種足","pref":"埼玉県","prefCode":"11","municipality":"加須市","areaM2":2145891.796,"population":862,"toponymIds":["11-56fd908cf3"]}},{"type":"Feature","geometry":{"type":"Polygon","coordinates":[[[139.63664,36.16022],[139.63626,36.16006],[139.63572,36.16097],[139.63417,36.16201],[139.63337,36.163],[139.63315,36.1636],[139.63469,36.1642],[139.63442,36.16468],[139.6355,36.16482],[139.63521,36.16322],[139.63528,36.16248],[139.63631,36.16086],[139.63612,36.16077],[139.63664,36.16022]]]},"properties":{"key":"11210049001","name":"古川一丁目","pref":"埼玉県","prefCode":"11","municipality":"加須市","areaM2":53641.928,"population":0,"toponymIds":["11-b0b9a4f432"]}},{"type":"Feature","geometry":{"type":"Polygon","coordinates":[[[139.68818,36.19577],[139.68929,36.19453],[139.69331,36.19177],[139.69389,36.19095],[139.69407,36.19038],[139.68971,36.19032],[139.68849,36.19013],[139.68835,36.18863],[139.6881,36.18855],[139.68668,36.18904],[139.68441,36.19017],[139.68499,36.19018],[139.68678,36.1926],[139.68636,36.19305],[139.68269,36.19475],[139.68288,36.195],[139.68422,36.19452],[139.68481,36.1957],[139.68498,36.19564],[139.68528,36.19616],[139.68523,36.19633],[139.68734,36.19828],[139.68771,36.19649],[139.68818,36.19577]]]},"properties":{"key":"11210084001","name":"向古河","pref":"埼玉県","prefCode":"11","municipality":"加須市","areaM2":414827.952,"population":320,"toponymIds":["11-2fd24eb9e7"]}},{"type":"Feature","geometry":{"type":"Polygon","coordinates":[[[139.63951,36.19735],[139.64122,36.1973],[139.64117,36.19695],[139.64183,36.19649],[139.64196,36.19486],[139.64126,36.19482],[139.64151,36.19205],[139.63769,36.19201],[139.63749,36.19417],[139.63693,36.1941],[139.63689,36.19435],[139.63753,36.1945],[139.63722,36.19735],[139.63951,36.19735]]]},"properties":{"key":"11210079001","name":"麦倉","pref":"埼玉県","prefCode":"11","municipality":"加須市","areaM2":217665.932,"population":148,"toponymIds":["11-f90f3f17ad"]}},{"type":"Feature","geometry":{"type":"Polygon","coordinates":[[[139.60281,36.1276],[139.6025,36.12693],[139.60166,36.12723],[139.60035,36.12685],[139.59843,36.12705],[139.59958,36.12964],[139.60312,36.12828],[139.60281,36.1276]]]},"properties":{"key":"112100150","name":"向川岸町","pref":"埼玉県","prefCode":"11","municipality":"加須市","areaM2":81362.323,"population":343,"toponymIds":["11-baaf0fd105"]}},{"type":"Feature","geometry":{"type":"Polygon","coordinates":[[[139.10243,36.18979],[139.10254,36.18937],[139.10273,36.18926],[139.10398,36.18944],[139.10415,36.1891],[139.10374,36.18871],[139.10399,36.18776],[139.10367,36.18721],[139.10365,36.18651],[139.10329,36.18581],[139.1029,36.18417],[139.10248,36.18311],[139.10263,36.18247],[139.10243,36.18211],[139.1025,36.18185],[139.10212,36.18167],[139.10209,36.18116],[139.1018,36.18077],[139.10189,36.18042],[139.10139,36.17921],[139.10171,36.17874],[139.10217,36.17705],[139.10073,36.17575],[139.10025,36.17444],[139.10056,36.17338],[139.10038,36.17297],[139.09983,36.17287],[139.09926,36.17239],[139.09855,36.17263],[139.09819,36.17258],[139.09783,36.17233],[139.09763,36.17192],[139.09775,36.17056],[139.09854,36.16931],[139.09898,36.16797],[139.09973,36.16738],[139.09956,36.16701],[139.09811,36.1668],[139.09659,36.16691],[139.09488,36.16762],[139.09328,36.16794],[139.09022,36.16939],[139.08904,36.16954],[139.08755,36.17018],[139.08692,36.17098],[139.08605,36.17312],[139.08517,36.17432],[139.085,36.17503],[139.0853,36.17799],[139.08571,36.17916],[139.08947,36.18239],[139.0918,36.18478],[139.09239,36.18566],[139.09333,36.18571],[139.0939,36.18601],[139.09485,36.1861],[139.09556,36.18637],[139.0948,36.18636],[139.09391,36.18679],[139.09448,36.1873],[139.09421,36.18951],[139.09547,36.18964],[139.09891,36.18938],[139.09995,36.18944],[139.10069,36.1899],[139.101,36.18972],[139.10209,36.19022],[139.10243,36.18979]]]},"properties":{"key":"112110580","name":"児玉町飯倉","pref":"埼玉県","prefCode":"11","municipality":"本庄市","areaM2":2736074.918,"population":403,"toponymIds":["11-cbc9c73ae3"]}},{"type":"Feature","geometry":{"type":"Polygon","coordinates":[[[139.39515,36.01817],[139.3955,36.01836],[139.39653,36.0179],[139.39834,36.01645],[139.39838,36.01666],[139.39972,36.0166],[139.39976,36.01646],[139.40198,36.01574],[139.4016,36.01439],[139.40058,36.01274],[139.40024,36.01275],[139.39976,36.01245],[139.39941,36.01151],[139.39801,36.01055],[139.39762,36.00985],[139.39695,36.00925],[139.39645,36.00934],[139.39588,36.01001],[139.39511,36.0116],[139.3954,36.01201],[139.39622,36.01239],[139.3964,36.01261],[139.3966,36.01344],[139.39646,36.01385],[139.39575,36.01433],[139.3946,36.01479],[139.39289,36.01486],[139.39179,36.01511],[139.39252,36.01623],[139.39449,36.01844],[139.39492,36.01839],[139.39515,36.01817]]]},"properties":{"key":"112120490","name":"大字上押垂","pref":"埼玉県","prefCode":"11","municipality":"東松山市","areaM2":425604.754,"population":135,"toponymIds":["11-b4b43586fa","11-a374106f07"]}},{"type":"Feature","geometry":{"type":"Polygon","coordinates":[[[139.42765,36.00968],[139.4266,36.00781],[139.42716,36.00761],[139.42674,36.00689],[139.42566,36.00728],[139.42534,36.00672],[139.42405,36.00697],[139.4235,36.00675],[139.42283,36.00616],[139.42152,36.00753],[139.42042,36.00813],[139.41574,36.00851],[139.41541,36.00833],[139.41213,36.00961],[139.41255,36.01026],[139.4129,36.01048],[139.4125,36.01079],[139.41413,36.01004],[139.42044,36.00924],[139.42064,36.01],[139.42171,36.01188],[139.42765,36.00968]]]},"properties":{"key":"112120500","name":"大字下押垂","pref":"埼玉県","prefCode":"11","municipality":"東松山市","areaM2":354870.948,"population":138,"toponymIds":["11-0f376cfb60","11-926694b56e"]}},{"type":"Feature","geometry":{"type":"Polygon","coordinates":[[[139.74137,35.99743],[139.74088,35.99764],[139.74068,35.99487],[139.74029,35.99326],[139.7403,35.99309],[139.7405,35.99311],[139.741,35.99334],[139.74201,35.99232],[139.7417,35.99208],[139.74181,35.9879],[139.73952,35.98792],[139.73723,35.98829],[139.73714,35.99625],[139.73726,35.99662],[139.7371,35.99812],[139.7391,35.99809],[139.74051,35.99832],[139.74059,35.99816],[139.74095,35.99824],[139.74099,35.99846],[139.74137,35.99743]]]},"properties":{"key":"112140090","name":"梅田","pref":"埼玉県","prefCode":"11","municipality":"春日部市","areaM2":413073.06,"population":13,"toponymIds":["11-b5cd1af120"]}},{"type":"Feature","geometry":{"type":"Polygon","coordinates":[[[139.74216,35.99879],[139.74233,35.99793],[139.74268,35.99782],[139.74374,35.99677],[139.74498,35.99684],[139.74532,35.99418],[139.74586,35.99235],[139.74683,35.99105],[139.7483,35.98959],[139.74496,35.98789],[139.74099,35.99846],[139.74216,35.99879]]]},"properties":{"key":"11214052001","name":"梅田本町一丁目","pref":"埼玉県","prefCode":"11","municipality":"春日部市","areaM2":273394.998,"population":487,"toponymIds":["11-a893adcfef"]}},{"type":"Feature","geometry":{"type":"Polygon","coordinates":[[[139.78843,36.01829],[139.7844,36.01553],[139.78368,36.01527],[139.78339,36.01575],[139.78341,36.01626],[139.78382,36.01703],[139.78381,36.01728],[139.78322,36.01777],[139.78232,36.01816],[139.78218,36.01807],[139.78127,36.01861],[139.78018,36.01952],[139.778,36.02541],[139.77793,36.02596],[139.78756,36.03054],[139.7907,36.0198],[139.78843,36.01829]]]},"properties":{"key":"112140770","name":"倉常","pref":"埼玉県","prefCode":"11","municipality":"春日部市","areaM2":1137320.357,"population":246,"toponymIds":["11-5385fe8e95"]}},{"type":"Feature","geometry":{"type":"Polygon","coordinates":[[[139.7926,36.02111],[139.7907,36.0198],[139.78756,36.03054],[139.7924,36.03318],[139.79997,36.0261],[139.7926,36.02111]]]},"properties":{"key":"112140780","name":"芦橋","pref":"埼玉県","prefCode":"11","municipality":"春日部市","areaM2":865436.154,"population":178,"toponymIds":["11-28d2170789"]}},{"type":"Feature","geometry":{"type":"Polygon","coordinates":[[[139.38027,35.87101],[139.38022,35.86993],[139.38274,35.87103],[139.38344,35.8699],[139.38014,35.86859],[139.38004,35.86756],[139.37932,35.86446],[139.37935,35.86158],[139.37859,35.86278],[139.37681,35.86415],[139.37606,35.86515],[139.37479,35.86463],[139.37259,35.86675],[139.3747,35.8687],[139.37857,35.86977],[139.37916,35.87132],[139.38022,35.87144],[139.38027,35.87101]]]},"properties":{"key":"112150242","name":"大字根岸","pref":"埼玉県","prefCode":"11","municipality":"狭山市","areaM2":383326.436,"population":37,"toponymIds":["11-a039aa76cb"]}},{"type":"Feature","geometry":{"type":"Polygon","coordinates":[[[139.38558,35.85442],[139.38596,35.85363],[139.38617,35.85181],[139.38325,35.85102],[139.38128,35.8557],[139.38348,35.85602],[139.38543,35.85603],[139.38558,35.85442]]]},"properties":{"key":"11215024101","name":"根岸一丁目","pref":"埼玉県","prefCode":"11","municipality":"狭山市","areaM2":165848.67,"population":913,"toponymIds":["11-7f9a2eb910"]}},{"type":"Feature","geometry":{"type":"Polygon","coordinates":[[[139.5835,36.17099],[139.58662,36.16954],[139.58719,36.16789],[139.58433,36.16525],[139.58552,36.16485],[139.58548,36.16519],[139.58883,36.16578],[139.58963,36.1653],[139.58892,36.16211],[139.5748,36.16791],[139.57495,36.16822],[139.57524,36.16814],[139.57544,36.16951],[139.57401,36.16973],[139.57375,36.16911],[139.57392,36.16805],[139.57365,36.16813],[139.57347,36.16847],[139.57196,36.16905],[139.57133,36.1683],[139.57113,36.1684],[139.57075,36.1682],[139.57104,36.16945],[139.57327,36.16972],[139.57492,36.17088],[139.57677,36.17104],[139.5775,36.17072],[139.57831,36.17193],[139.58068,36.17082],[139.58145,36.17194],[139.5835,36.17099]]]},"properties":{"key":"112160390","name":"大字北荻島","pref":"埼玉県","prefCode":"11","municipality":"羽生市","areaM2":743672.189,"population":233,"toponymIds":["11-026375df17","11-c4ad2f6f86"]}},{"type":"Feature","geometry":{"type":"Polygon","coordinates":[[[139.44175,36.09969],[139.44506,36.09978],[139.44975,36.09771],[139.44968,36.09762],[139.45119,36.09691],[139.45369,36.09543],[139.45227,36.09308],[139.45293,36.09235],[139.45282,36.09216],[139.45323,36.092],[139.45061,36.08788],[139.45018,36.0875],[139.44915,36.08714],[139.44712,36.08814],[139.44329,36.08875],[139.44243,36.08922],[139.44161,36.09006],[139.44064,36.09063],[139.43854,36.09266],[139.43754,36.09426],[139.43729,36.09495],[139.43802,36.0979],[139.43782,36.09835],[139.43692,36.0993],[139.43692,36.10027],[139.43716,36.0997],[139.44175,36.09969]]]},"properties":{"key":"112170540","name":"大芦","pref":"埼玉県","prefCode":"11","municipality":"鴻巣市","areaM2":1448368.872,"population":1665,"toponymIds":["11-f782e38d5e"]}},{"type":"Feature","geometry":{"type":"Polygon","coordinates":[[[139.28898,36.14389],[139.28933,36.14251],[139.29318,36.14268],[139.29306,36.14139],[139.2932,36.14121],[139.29448,36.14187],[139.29799,36.14236],[139.2985,36.14281],[139.30071,36.14288],[139.30212,36.14122],[139.30174,36.14096],[139.30204,36.14092],[139.30182,36.14083],[139.30114,36.13576],[139.29714,36.13524],[139.29238,36.13498],[139.28603,36.13434],[139.28501,36.1365],[139.2831,36.13939],[139.28305,36.1401],[139.28377,36.14142],[139.28387,36.14207],[139.28292,36.14203],[139.28283,36.14389],[139.28438,36.14392],[139.2857,36.14277],[139.28571,36.14241],[139.28838,36.14248],[139.28673,36.14418],[139.28779,36.14461],[139.28898,36.14389]]]},"properties":{"key":"112181230","name":"菅沼","pref":"埼玉県","prefCode":"11","municipality":"深谷市","areaM2":1353859.755,"population":796,"toponymIds":["11-4c2c604027","11-19cbd9fff0"]}},{"type":"Feature","geometry":{"type":"Polygon","coordinates":[[[139.2241,36.15171],[139.22451,36.15121],[139.22625,36.15141],[139.22626,36.15063],[139.2329,36.15065],[139.23588,36.15115],[139.2363,36.15054],[139.23647,36.15085],[139.23716,36.15138],[139.23768,36.15097],[139.23793,36.15116],[139.23859,36.15062],[139.23832,36.14991],[139.23934,36.14962],[139.24007,36.14902],[139.23937,36.14846],[139.24001,36.14763],[139.24039,36.14784],[139.24167,36.14626],[139.24402,36.14749],[139.24512,36.14614],[139.24434,36.14568],[139.24301,36.14555],[139.24313,36.14485],[139.24502,36.14006],[139.24286,36.13951],[139.23553,36.13828],[139.23397,36.13778],[139.23282,36.14007],[139.23102,36.13987],[139.2276,36.13876],[139.22758,36.13864],[139.22285,36.13673],[139.22179,36.13646],[139.21902,36.13519],[139.21708,36.13412],[139.21801,36.13314],[139.21712,36.13264],[139.21721,36.13254],[139.21699,36.13222],[139.21643,36.13175],[139.21575,36.1313],[139.21517,36.13115],[139.21461,36.13263],[139.21433,36.13257],[139.21427,36.1328],[139.21214,36.13234],[139.21199,36.13295],[139.21141,36.13285],[139.21132,36.13323],[139.21084,36.13316],[139.20869,36.134],[139.20882,36.13441],[139.20788,36.13421],[139.20666,36.1343],[139.20706,36.13618],[139.20553,36.13605],[139.20482,36.1357],[139.20457,36.13646],[139.2027,36.13604],[139.20245,36.13674],[139.20114,36.13644],[139.20083,36.13687],[139.20021,36.1371],[139.19869,36.13717],[139.19716,36.1369],[139.19536,36.13683],[139.19468,36.1373],[139.19351,36.13633],[139.19331,36.1359],[139.19221,36.13474],[139.19131,36.1346],[139.19075,36.1337],[139.19054,36.13363],[139.18958,36.13367],[139.1888,36.1342],[139.18811,36.13403],[139.18682,36.13324],[139.18555,36.13382],[139.18358,36.13427],[139.18277,36.13508],[139.18147,36.13477],[139.18082,36.13443],[139.18066,36.13453],[139.18057,36.1353],[139.18081,36.13615],[139.18075,36.13667],[139.18164,36.13681],[139.18217,36.13723],[139.18276,36.13736],[139.18337,36.13775],[139.18578,36.13753],[139.18655,36.1377],[139.18713,36.13828],[139.18812,36.13851],[139.1887,36.13914],[139.18944,36.13923],[139.18989,36.13892],[139.19055,36.13877],[139.19219,36.13907],[139.19491,36.13998],[139.19513,36.13957],[139.19541,36.13958],[139.19776,36.14063],[139.19981,36.14124],[139.20172,36.14157],[139.20347,36.14213],[139.20468,36.1421],[139.20885,36.14399],[139.21057,36.14459],[139.21248,36.14582],[139.2132,36.14661],[139.21323,36.14724],[139.21301,36.1475],[139.21302,36.14784],[139.21359,36.14782],[139.21437,36.1481],[139.21522,36.14861],[139.22082,36.15107],[139.2241,36.15171]]]},"properties":{"key":"112181280","name":"武蔵野","pref":"埼玉県","prefCode":"11","municipality":"深谷市","areaM2":5709829.424,"population":3617,"toponymIds":["11-a3e7c58f32","11-60c73c5852"]}},{"type":"Feature","geometry":{"type":"Polygon","coordinates":[[[139.58947,36.00136],[139.59015,36.00022],[139.59268,35.99691],[139.59479,35.99484],[139.59616,35.99295],[139.59496,35.99218],[139.59533,35.99159],[139.59418,35.99084],[139.59417,35.99039],[139.59312,35.99011],[139.59291,35.9904],[139.59257,35.99027],[139.59242,35.9907],[139.59129,35.99234],[139.5907,35.99207],[139.59017,35.99286],[139.59177,35.99363],[139.58917,35.99511],[139.58815,35.9963],[139.58795,35.99833],[139.58735,36.00075],[139.58751,36.00115],[139.58699,36.00107],[139.58672,36.00222],[139.58804,36.00253],[139.58781,36.00369],[139.58612,36.00685],[139.58503,36.00848],[139.58537,36.0086],[139.58609,36.00814],[139.58648,36.00737],[139.58817,36.00497],[139.5883,36.00397],[139.58873,36.00269],[139.58947,36.00136]]]},"properties":{"key":"112190420","name":"大字菅谷","pref":"埼玉県","prefCode":"11","municipality":"上尾市","areaM2":504605.47,"population":653,"toponymIds":["11-eb11e209dd"]}},{"type":"Feature","geometry":{"type":"Polygon","coordinates":[[[139.59568,35.9998],[139.59597,35.99944],[139.59422,35.99848],[139.59463,35.99788],[139.59419,35.99773],[139.59338,35.99719],[139.59341,35.99699],[139.59289,35.99671],[139.59116,35.99894],[139.59289,35.99972],[139.59301,35.99961],[139.5948,36.00107],[139.59568,35.9998]]]},"properties":{"key":"11219043001","name":"菅谷一丁目","pref":"埼玉県","prefCode":"11","municipality":"上尾市","areaM2":91715.529,"population":176,"toponymIds":["11-cab2ed0068"]}},{"type":"Feature","geometry":{"type":"Polygon","coordinates":[[[139.83294,35.87132],[139.83363,35.8714],[139.83404,35.87125],[139.83459,35.87061],[139.83535,35.8702],[139.83513,35.87008],[139.83542,35.8696],[139.8356,35.86964],[139.8358,35.86939],[139.83612,35.86933],[139.83615,35.8695],[139.83723,35.86917],[139.83752,35.8692],[139.83771,35.86947],[139.8383,35.86939],[139.83831,35.86912],[139.83978,35.86915],[139.83863,35.86517],[139.83845,35.86386],[139.84094,35.85616],[139.83855,35.85604],[139.83864,35.85739],[139.83813,35.85822],[139.83104,35.85733],[139.8288,35.85733],[139.82882,35.85708],[139.82932,35.85704],[139.82924,35.85607],[139.82872,35.85602],[139.82896,35.85541],[139.82826,35.85536],[139.82831,35.85505],[139.82885,35.85511],[139.82887,35.85491],[139.82845,35.85478],[139.82847,35.85457],[139.82869,35.85458],[139.82876,35.85413],[139.82904,35.85415],[139.829,35.85387],[139.82879,35.85386],[139.82893,35.85287],[139.82941,35.8529],[139.82948,35.85241],[139.82984,35.85221],[139.82988,35.85193],[139.82925,35.85168],[139.82933,35.85138],[139.82906,35.8513],[139.82815,35.85269],[139.82814,35.8536],[139.82774,35.85493],[139.8278,35.85601],[139.82691,35.85808],[139.82679,35.85889],[139.81824,35.86912],[139.8191,35.86959],[139.82203,35.86977],[139.82196,35.87028],[139.82584,35.87062],[139.82617,35.8709],[139.82768,35.87071],[139.83056,35.87101],[139.83197,35.87142],[139.83294,35.87132]]]},"properties":{"key":"112210320","name":"柿木町","pref":"埼玉県","prefCode":"11","municipality":"草加市","areaM2":2224805.976,"population":1801,"toponymIds":["11-d3b577329e"]}},{"type":"Feature","geometry":{"type":"Polygon","coordinates":[[[139.77142,35.92049],[139.77153,35.92039],[139.77092,35.91922],[139.77086,35.91854],[139.77057,35.91841],[139.77364,35.91775],[139.77299,35.91585],[139.77294,35.91512],[139.77313,35.91461],[139.77267,35.91425],[139.77265,35.91373],[139.77207,35.91406],[139.77167,35.91369],[139.77208,35.91339],[139.77277,35.91219],[139.77322,35.91001],[139.77408,35.90895],[139.7751,35.90833],[139.77755,35.90765],[139.77833,35.90727],[139.77861,35.90666],[139.77853,35.90609],[139.77783,35.9051],[139.77644,35.90428],[139.77533,35.90398],[139.77212,35.90366],[139.77118,35.90339],[139.77044,35.90289],[139.77023,35.90224],[139.76802,35.90099],[139.76202,35.89778],[139.75954,35.89665],[139.75894,35.89659],[139.75886,35.89746],[139.75861,35.89735],[139.75823,35.89801],[139.75736,35.89767],[139.75659,35.89821],[139.75692,35.89852],[139.75656,35.89878],[139.75695,35.89915],[139.75612,35.89972],[139.75539,35.89902],[139.75467,35.89949],[139.75525,35.89984],[139.75478,35.90171],[139.75902,35.90556],[139.7597,35.90568],[139.75934,35.90604],[139.75926,35.90636],[139.75961,35.90663],[139.75921,35.90694],[139.75938,35.90707],[139.75897,35.90741],[139.75979,35.90806],[139.75938,35.90838],[139.75998,35.90887],[139.75958,35.90922],[139.76008,35.90961],[139.75967,35.90996],[139.76029,35.91043],[139.75988,35.91076],[139.76315,35.91338],[139.76458,35.91306],[139.76457,35.91356],[139.76573,35.91362],[139.7657,35.91416],[139.76685,35.91423],[139.76684,35.91442],[139.76742,35.91444],[139.76736,35.91525],[139.76858,35.91634],[139.76741,35.91709],[139.76758,35.91758],[139.76856,35.91842],[139.76814,35.9188],[139.76857,35.91913],[139.76833,35.91933],[139.7688,35.91953],[139.76952,35.92016],[139.77064,35.92041],[139.77082,35.92026],[139.77125,35.92062],[139.77142,35.92049]]]},"properties":{"key":"112220370","name":"大字南荻島","pref":"埼玉県","prefCode":"11","municipality":"越谷市","areaM2":2514715.529,"population":8946,"toponymIds":["11-135ad1e078"]}},{"type":"Feature","geometry":{"type":"Polygon","coordinates":[[[139.78959,35.86172],[139.78988,35.86159],[139.78985,35.86173],[139.79216,35.86162],[139.79307,35.86065],[139.7934,35.85905],[139.79231,35.85916],[139.78773,35.861],[139.78671,35.86094],[139.78656,35.86128],[139.78904,35.86193],[139.78959,35.86172]]]},"properties":{"key":"112220470","name":"大字蒲生","pref":"埼玉県","prefCode":"11","municipality":"越谷市","areaM2":94315.025,"population":1070,"toponymIds":["11-ef521511ee"]}},{"type":"Feature","geometry":{"type":"Polygon","coordinates":[[[139.79632,35.86163],[139.79641,35.86156],[139.79667,35.86182],[139.79716,35.86145],[139.7973,35.86166],[139.79761,35.86101],[139.79796,35.86071],[139.79809,35.86085],[139.80025,35.85973],[139.79861,35.85918],[139.79841,35.85938],[139.79707,35.85849],[139.79728,35.858],[139.79651,35.85809],[139.79476,35.85894],[139.7934,35.85905],[139.79319,35.86015],[139.7936,35.85982],[139.79577,35.86148],[139.79541,35.86228],[139.79632,35.86163]]]},"properties":{"key":"11222057001","name":"蒲生一丁目","pref":"埼玉県","prefCode":"11","municipality":"越谷市","areaM2":132166.167,"population":1294,"toponymIds":["11-616a53115c"]}},{"type":"Feature","geometry":{"type":"Polygon","coordinates":[[[139.78764,35.86465],[139.78747,35.86464],[139.78695,35.86587],[139.78632,35.86866],[139.791,35.8696],[139.79196,35.86497],[139.78764,35.86465]]]},"properties":{"key":"112220600","name":"蒲生茜町","pref":"埼玉県","prefCode":"11","municipality":"越谷市","areaM2":208291.112,"population":3554,"toponymIds":["11-c1b52b65fd"]}},{"type":"Feature","geometry":{"type":"Polygon","coordinates":[[[139.79858,35.86983],[139.80048,35.86989],[139.80178,35.86689],[139.8016,35.8658],[139.79754,35.86534],[139.79674,35.87023],[139.79736,35.87017],[139.7974,35.8699],[139.79858,35.86983]]]},"properties":{"key":"112220540","name":"蒲生旭町","pref":"埼玉県","prefCode":"11","municipality":"越谷市","areaM2":179440.853,"population":1894,"toponymIds":["11-b3178ac216"]}},{"type":"Feature","geometry":{"type":"Polygon","coordinates":[[[139.80206,35.85932],[139.80088,35.85485],[139.80066,35.8548],[139.79993,35.85503],[139.79897,35.85714],[139.79783,35.85795],[139.79728,35.858],[139.79707,35.85849],[139.79841,35.85938],[139.79861,35.85918],[139.80158,35.86017],[139.80221,35.85985],[139.80206,35.85932]]]},"properties":{"key":"112220580","name":"蒲生愛宕町","pref":"埼玉県","prefCode":"11","municipality":"越谷市","areaM2":138294.986,"population":1399,"toponymIds":["11-5db7d159d9"]}},{"type":"Feature","geometry":{"type":"Polygon","coordinates":[[[139.7963,35.86524],[139.79196,35.86497],[139.791,35.8696],[139.79428,35.87022],[139.79552,35.87035],[139.79674,35.87023],[139.79754,35.86534],[139.7963,35.86524]]]},"properties":{"key":"112220530","name":"蒲生寿町","pref":"埼玉県","prefCode":"11","municipality":"越谷市","areaM2":284152.682,"population":3683,"toponymIds":["11-7c0e5f33a9","11-dea6dba2da"]}},{"type":"Feature","geometry":{"type":"Polygon","coordinates":[[[139.7937,35.8599],[139.7936,35.85982],[139.79319,35.86015],[139.79196,35.86497],[139.79498,35.86522],[139.79527,35.86271],[139.79577,35.86148],[139.7937,35.8599]]]},"properties":{"key":"11222056001","name":"蒲生西町一丁目","pref":"埼玉県","prefCode":"11","municipality":"越谷市","areaM2":129026.643,"population":1382,"toponymIds":["11-3b049421ad"]}},{"type":"Feature","geometry":{"type":"Polygon","coordinates":[[[139.80498,35.86995],[139.80493,35.86978],[139.80439,35.86986],[139.80064,35.86948],[139.80026,35.87039],[139.80087,35.87045],[139.80038,35.87407],[139.80437,35.87468],[139.80569,35.87171],[139.80542,35.87163],[139.80498,35.86995]]]},"properties":{"key":"112220520","name":"蒲生東町","pref":"埼玉県","prefCode":"11","municipality":"越谷市","areaM2":215679.613,"population":3519,"toponymIds":["11-a2685bf724"]}},{"type":"Feature","geometry":{"type":"Polygon","coordinates":[[[139.79994,35.86524],[139.80037,35.86491],[139.79981,35.86419],[139.79877,35.86326],[139.79839,35.86256],[139.79733,35.86184],[139.79716,35.86145],[139.79667,35.86182],[139.79641,35.86156],[139.79541,35.86228],[139.79498,35.86522],[139.7997,35.86555],[139.79994,35.86524]]]},"properties":{"key":"112220550","name":"蒲生本町","pref":"埼玉県","prefCode":"11","municipality":"越谷市","areaM2":140277.516,"population":1114,"toponymIds":["11-71ff7a1cf2"]}},{"type":"Feature","geometry":{"type":"Polygon","coordinates":[[[139.80622,35.85787],[139.80665,35.85786],[139.80726,35.85641],[139.80749,35.85633],[139.80718,35.85567],[139.8059,35.85596],[139.8058,35.85629],[139.80603,35.85676],[139.80582,35.85686],[139.80451,35.85671],[139.80459,35.85591],[139.80419,35.85558],[139.80376,35.8557],[139.80399,35.8566],[139.80289,35.85675],[139.80206,35.85612],[139.80129,35.85641],[139.80221,35.85985],[139.80622,35.85787]]]},"properties":{"key":"112220590","name":"蒲生南町","pref":"埼玉県","prefCode":"11","municipality":"越谷市","areaM2":133039.305,"population":1752,"toponymIds":["11-cb820e04ba"]}},{"type":"Feature","geometry":{"type":"Polygon","coordinates":[[[139.69536,35.80235],[139.69512,35.80157],[139.69202,35.802],[139.68937,35.8021],[139.6876,35.80196],[139.6844,35.80127],[139.68401,35.80333],[139.68783,35.80387],[139.6917,35.80387],[139.69569,35.80323],[139.69536,35.80235]]]},"properties":{"key":"11224006001","name":"川岸一丁目","pref":"埼玉県","prefCode":"11","municipality":"戸田市","areaM2":212895.892,"population":1989,"toponymIds":["11-64e5e0ff8e"]}},{"type":"Feature","geometry":{"type":"Polygon","coordinates":[[[139.38699,35.82217],[139.38806,35.8209],[139.38868,35.81954],[139.38787,35.81904],[139.38567,35.82183],[139.38519,35.82204],[139.38577,35.82248],[139.38601,35.8222],[139.38655,35.82268],[139.38699,35.82217]]]},"properties":{"key":"112250040","name":"大字善蔵新田","pref":"埼玉県","prefCode":"11","municipality":"入間市","areaM2":47568.511,"population":232,"toponymIds":["11-324a94ae44"]}},{"type":"Feature","geometry":{"type":"Polygon","coordinates":[[[139.35708,35.82167],[139.35978,35.82218],[139.36022,35.822],[139.36047,35.8221],[139.36087,35.82174],[139.3609,35.82118],[139.36169,35.82064],[139.36118,35.82039],[139.36115,35.82022],[139.36132,35.82014],[139.36169,35.81898],[139.35983,35.81874],[139.36054,35.81694],[139.36049,35.8165],[139.36087,35.81534],[139.36072,35.81477],[139.36097,35.81407],[139.359,35.81277],[139.35801,35.81188],[139.35739,35.81324],[139.35566,35.81272],[139.35529,35.81372],[139.35791,35.81486],[139.3573,35.81701],[139.35704,35.81872],[139.35662,35.81966],[139.35676,35.82014],[139.35631,35.82113],[139.35642,35.82145],[139.3561,35.82171],[139.35566,35.82175],[139.35462,35.82319],[139.35473,35.8238],[139.35456,35.8243],[139.35378,35.8252],[139.35332,35.82626],[139.35301,35.82653],[139.35303,35.82681],[139.35334,35.82722],[139.35365,35.82738],[139.35387,35.82717],[139.35536,35.82469],[139.35562,35.82386],[139.35635,35.82293],[139.35657,35.82285],[139.35708,35.82167]]]},"properties":{"key":"112250310","name":"大字根岸","pref":"埼玉県","prefCode":"11","municipality":"入間市","areaM2":421994.522,"population":258,"toponymIds":["11-3e73ee11a7","11-1fddd35c2c"]}},{"type":"Feature","geometry":{"type":"Polygon","coordinates":[[[139.39009,35.84127],[139.38998,35.84092],[139.38946,35.84035],[139.38893,35.84092],[139.38673,35.84097],[139.38671,35.84113],[139.38559,35.84161],[139.38578,35.84215],[139.38549,35.84328],[139.38577,35.8445],[139.38764,35.845],[139.38862,35.84577],[139.38929,35.84466],[139.38876,35.84407],[139.3889,35.84357],[139.38933,35.84336],[139.38961,35.84291],[139.3904,35.84236],[139.39059,35.84188],[139.39009,35.84127]]]},"properties":{"key":"112250100","name":"河原町","pref":"埼玉県","prefCode":"11","municipality":"入間市","areaM2":161592.923,"population":708,"toponymIds":["11-0474b584df"]}},{"type":"Feature","geometry":{"type":"Polygon","coordinates":[[[139.38546,35.83722],[139.38508,35.83695],[139.3844,35.83684],[139.38279,35.83719],[139.38246,35.83887],[139.38276,35.83942],[139.38383,35.84047],[139.38549,35.84156],[139.38601,35.84086],[139.38612,35.84036],[139.38586,35.83839],[139.38546,35.83722]]]},"properties":{"key":"11225014001","name":"高倉一丁目","pref":"埼玉県","prefCode":"11","municipality":"入間市","areaM2":119717.762,"population":1823,"toponymIds":["11-e0266903b9","11-e9933acbea"]}},{"type":"Feature","geometry":{"type":"Polygon","coordinates":[[[139.61585,35.81192],[139.61049,35.80664],[139.60962,35.80728],[139.61123,35.80888],[139.6086,35.81082],[139.60801,35.81063],[139.60912,35.81245],[139.6099,35.81287],[139.61409,35.81275],[139.61585,35.81192]]]},"properties":{"key":"112270110","name":"大字根岸","pref":"埼玉県","prefCode":"11","municipality":"朝霞市","areaM2":235864.278,"population":11,"toponymIds":["11-8784f52677"]}},{"type":"Feature","geometry":{"type":"Polygon","coordinates":[[[139.60204,35.7984],[139.60181,35.79827],[139.60174,35.79945],[139.6012,35.80078],[139.60121,35.80183],[139.60072,35.80261],[139.60077,35.80319],[139.60117,35.80383],[139.60114,35.80497],[139.60146,35.80535],[139.6041,35.80416],[139.60439,35.80391],[139.60474,35.80307],[139.60401,35.80256],[139.6028,35.80103],[139.60254,35.80026],[139.60244,35.79897],[139.60204,35.7984]]]},"properties":{"key":"11227013001","name":"根岸台一丁目","pref":"埼玉県","prefCode":"11","municipality":"朝霞市","areaM2":134861.065,"population":2229,"toponymIds":["11-c0be0b457f"]}},{"type":"Feature","geometry":{"type":"Polygon","coordinates":[[[139.64736,35.79745],[139.64517,35.79813],[139.64298,35.79802],[139.64269,35.79755],[139.64209,35.79739],[139.64212,35.7975],[139.64186,35.79748],[139.64189,35.79805],[139.64115,35.79833],[139.64069,35.79786],[139.64037,35.79815],[139.63252,35.80179],[139.63197,35.80359],[139.63255,35.80474],[139.63284,35.80509],[139.63475,35.80498],[139.63511,35.80556],[139.63516,35.80824],[139.63451,35.81059],[139.63449,35.81203],[139.63469,35.81253],[139.63565,35.81303],[139.63622,35.81308],[139.63735,35.81191],[139.638,35.81173],[139.63883,35.8102],[139.63876,35.80894],[139.63894,35.80773],[139.63951,35.80692],[139.63991,35.80517],[139.64035,35.80446],[139.64032,35.80385],[139.64058,35.80287],[139.64163,35.80241],[139.64422,35.80165],[139.64736,35.79745]]]},"properties":{"key":"112290100","name":"大字下新倉","pref":"埼玉県","prefCode":"11","municipality":"和光市","areaM2":937393.367,"population":1,"toponymIds":["11-345f2514c3"]}},{"type":"Feature","geometry":{"type":"Polygon","coordinates":[[[139.63284,35.80509],[139.63197,35.80359],[139.63252,35.80179],[139.62888,35.80373],[139.62351,35.80691],[139.62221,35.80752],[139.62156,35.80752],[139.62131,35.80777],[139.6218,35.80769],[139.6221,35.8079],[139.62232,35.80827],[139.6222,35.80865],[139.62331,35.80964],[139.6239,35.80931],[139.62476,35.80978],[139.62514,35.81033],[139.62589,35.81065],[139.62734,35.81068],[139.62861,35.81099],[139.62909,35.81041],[139.62911,35.80968],[139.62877,35.80868],[139.62815,35.80774],[139.62881,35.80725],[139.62874,35.80595],[139.63065,35.80529],[139.63284,35.80509]]]},"properties":{"key":"112290110","name":"大字新倉","pref":"埼玉県","prefCode":"11","municipality":"和光市","areaM2":383069.832,"population":3,"toponymIds":["11-643b24e782"]}},{"type":"Feature","geometry":{"type":"Polygon","coordinates":[[[139.61715,35.78844],[139.61647,35.78788],[139.617,35.78729],[139.61631,35.78685],[139.61268,35.78823],[139.61354,35.78897],[139.6152,35.7894],[139.61673,35.79009],[139.61702,35.79036],[139.6183,35.78939],[139.61715,35.78844]]]},"properties":{"key":"11229015001","name":"下新倉一丁目","pref":"埼玉県","prefCode":"11","municipality":"和光市","areaM2":91918.756,"population":863,"toponymIds":["11-c2de39352a"]}},{"type":"Feature","geometry":{"type":"Polygon","coordinates":[[[139.61436,35.79696],[139.61462,35.79657],[139.61508,35.79684],[139.61524,35.79677],[139.61607,35.79585],[139.61666,35.79407],[139.61735,35.79295],[139.61804,35.79236],[139.61889,35.79211],[139.61904,35.79186],[139.61851,35.79159],[139.61811,35.79103],[139.61728,35.79063],[139.61654,35.78999],[139.6152,35.7894],[139.61364,35.78902],[139.61287,35.78834],[139.60605,35.79124],[139.60401,35.79196],[139.6043,35.79275],[139.60493,35.793],[139.60523,35.79343],[139.60699,35.79344],[139.60715,35.79319],[139.60751,35.79315],[139.60863,35.79322],[139.60948,35.79388],[139.61035,35.7952],[139.61182,35.79597],[139.61356,35.79648],[139.61436,35.79696]]]},"properties":{"key":"11229004001","name":"新倉一丁目","pref":"埼玉県","prefCode":"11","municipality":"和光市","areaM2":654380.913,"population":7414,"toponymIds":["11-0845e2ce27","11-d5cae00c51"]}},{"type":"Feature","geometry":{"type":"Polygon","coordinates":[[[139.54833,35.79012],[139.54808,35.78999],[139.54686,35.79092],[139.54492,35.79278],[139.54814,35.79531],[139.55215,35.79926],[139.55534,35.79712],[139.55144,35.79257],[139.54978,35.79111],[139.54833,35.79012]]]},"properties":{"key":"11230012001","name":"菅沢一丁目","pref":"埼玉県","prefCode":"11","municipality":"新座市","areaM2":412484.223,"population":464,"toponymIds":["11-b3a77320d4","11-40e6076b6e"]}},{"type":"Feature","geometry":{"type":"Polygon","coordinates":[[[139.57041,35.78665],[139.5713,35.78652],[139.57279,35.78511],[139.57445,35.78445],[139.5719,35.78003],[139.57158,35.78037],[139.57073,35.77994],[139.57014,35.78071],[139.56904,35.78139],[139.56948,35.78175],[139.56723,35.78271],[139.56594,35.78375],[139.56575,35.7836],[139.56445,35.78485],[139.5679,35.78804],[139.57041,35.78665]]]},"properties":{"key":"11230014001","name":"馬場一丁目","pref":"埼玉県","prefCode":"11","municipality":"新座市","areaM2":411417.028,"population":1410,"toponymIds":["11-ea83a51f7b"]}},{"type":"Feature","geometry":{"type":"Polygon","coordinates":[[[139.59085,36.02281],[139.59057,36.02168],[139.59199,36.02142],[139.59191,36.02129],[139.59211,36.02121],[139.59199,36.02098],[139.59371,36.0204],[139.59416,36.0213],[139.59521,36.02094],[139.59471,36.02064],[139.59447,36.0199],[139.59396,36.01948],[139.59352,36.01937],[139.5934,36.01829],[139.59269,36.0176],[139.59234,36.01682],[139.59248,36.01605],[139.59242,36.0157],[139.59216,36.01564],[139.5923,36.01481],[139.59227,36.01444],[139.592,36.01394],[139.59196,36.01251],[139.59214,36.01144],[139.59239,36.01122],[139.5912,36.00881],[139.59077,36.00885],[139.59052,36.00785],[139.59057,36.00737],[139.58995,36.00746],[139.58956,36.00659],[139.58727,36.00746],[139.58537,36.0086],[139.58498,36.00846],[139.58438,36.00981],[139.5836,36.00967],[139.58528,36.01395],[139.5856,36.01532],[139.58618,36.01615],[139.58725,36.0171],[139.5875,36.01785],[139.58763,36.01784],[139.58782,36.01945],[139.58822,36.02008],[139.58822,36.0204],[139.58801,36.02044],[139.5886,36.02152],[139.58765,36.02153],[139.58835,36.02258],[139.59011,36.02259],[139.58999,36.02291],[139.59027,36.02341],[139.59088,36.02318],[139.59081,36.02303],[139.59097,36.02302],[139.59085,36.02281]]]},"properties":{"key":"112310200","name":"大字倉田","pref":"埼玉県","prefCode":"11","municipality":"桶川市","areaM2":937050.172,"population":1656,"toponymIds":["11-6c1a3a6cdf"]}},{"type":"Feature","geometry":{"type":"Polygon","coordinates":[[[139.64289,36.06243],[139.64806,36.05884],[139.64899,36.05759],[139.64964,36.05605],[139.65193,36.0545],[139.65248,36.0536],[139.65221,36.05322],[139.6519,36.05184],[139.65112,36.05044],[139.65182,36.04984],[139.65126,36.04977],[139.65094,36.04998],[139.64928,36.05035],[139.64843,36.05035],[139.64759,36.05076],[139.64639,36.05078],[139.64572,36.05102],[139.64392,36.05082],[139.64314,36.05137],[139.64235,36.05143],[139.64004,36.05281],[139.63814,36.05283],[139.63656,36.05428],[139.64263,36.05893],[139.6403,36.05997],[139.63874,36.06027],[139.64141,36.06299],[139.64174,36.06289],[139.64187,36.06304],[139.64289,36.06243]]]},"properties":{"key":"112320300","name":"河原井町","pref":"埼玉県","prefCode":"11","municipality":"久喜市","areaM2":1090696.24,"population":0,"toponymIds":["11-cb71280fb4"]}},{"type":"Feature","geometry":{"type":"Polygon","coordinates":[[[139.69679,36.11747],[139.69754,36.11696],[139.69828,36.11769],[139.69946,36.11775],[139.69888,36.11505],[139.699,36.11452],[139.69798,36.11414],[139.69852,36.11321],[139.70175,36.11089],[139.70068,36.11051],[139.70108,36.10972],[139.70011,36.10901],[139.70057,36.10812],[139.70386,36.10586],[139.70632,36.10476],[139.70488,36.10242],[139.7041,36.10147],[139.70169,36.10287],[139.69994,36.10439],[139.69787,36.10806],[139.69677,36.10752],[139.69544,36.1093],[139.69649,36.10981],[139.69449,36.1125],[139.69535,36.11318],[139.69315,36.11464],[139.69097,36.11583],[139.69168,36.11667],[139.69248,36.11622],[139.69353,36.11746],[139.69465,36.11672],[139.69596,36.11801],[139.69679,36.11747]]]},"properties":{"key":"112320580","name":"河原代","pref":"埼玉県","prefCode":"11","municipality":"久喜市","areaM2":770299.38,"population":235,"toponymIds":["11-aedb4b4e57"]}},{"type":"Feature","geometry":{"type":"Polygon","coordinates":[[[139.65299,36.09421],[139.65293,36.09384],[139.65252,36.09384],[139.65252,36.09415],[139.65193,36.09391],[139.65195,36.09379],[139.65133,36.09369],[139.65136,36.09273],[139.65108,36.09278],[139.65109,36.09228],[139.65174,36.09225],[139.6517,36.09169],[139.65192,36.09168],[139.6519,36.09143],[139.6497,36.09171],[139.64966,36.09139],[139.64942,36.0914],[139.64881,36.09302],[139.64856,36.09326],[139.65296,36.09453],[139.65299,36.09421]]]},"properties":{"key":"112320681","name":"葛梅","pref":"埼玉県","prefCode":"11","municipality":"久喜市","areaM2":59801.229,"population":751,"toponymIds":["11-6c03c32fc3"]}},{"type":"Feature","geometry":{"type":"Polygon","coordinates":[[[139.58056,36.05394],[139.58137,36.05312],[139.58185,36.05359],[139.58771,36.04962],[139.59146,36.04625],[139.5918,36.04626],[139.59444,36.04386],[139.59008,36.04068],[139.58781,36.04275],[139.5859,36.04136],[139.58274,36.04322],[139.57709,36.04918],[139.57601,36.04983],[139.57522,36.05005],[139.57429,36.05198],[139.57585,36.05247],[139.57575,36.05269],[139.57873,36.05351],[139.57891,36.05324],[139.58014,36.05438],[139.58056,36.05394]]]},"properties":{"key":"11232037020","name":"菖蒲町小林","pref":"埼玉県","prefCode":"11","municipality":"久喜市","areaM2":1243794.035,"population":387,"toponymIds":["11-5988e43548"]}},{"type":"Feature","geometry":{"type":"Polygon","coordinates":[[[139.60273,36.06109],[139.60289,36.06032],[139.6045,36.05989],[139.60584,36.05904],[139.60783,36.05889],[139.61104,36.05781],[139.61363,36.05527],[139.61474,36.05367],[139.61623,36.05257],[139.61685,36.05164],[139.61742,36.05002],[139.61805,36.04928],[139.61994,36.04834],[139.6216,36.04782],[139.62394,36.04637],[139.62337,36.04599],[139.62237,36.0448],[139.621,36.04555],[139.61988,36.04463],[139.6139,36.04945],[139.61037,36.04657],[139.60576,36.05023],[139.60054,36.05673],[139.60082,36.05701],[139.60191,36.05747],[139.60228,36.05788],[139.60225,36.05909],[139.60172,36.05978],[139.6019,36.0603],[139.60214,36.06049],[139.60198,36.06075],[139.60203,36.06102],[139.60273,36.06109]]]},"properties":{"key":"112320410","name":"菖蒲町上大崎","pref":"埼玉県","prefCode":"11","municipality":"久喜市","areaM2":1421547.765,"population":547,"toponymIds":["11-6b7aaec591"]}},{"type":"Feature","geometry":{"type":"Polygon","coordinates":[[[139.57307,36.04969],[139.57333,36.04969],[139.57397,36.04918],[139.57504,36.04808],[139.57634,36.0465],[139.5767,36.04571],[139.57687,36.04509],[139.57607,36.04068],[139.5768,36.0396],[139.57798,36.03879],[139.57777,36.03853],[139.57655,36.03786],[139.57561,36.03792],[139.57357,36.03725],[139.57325,36.03771],[139.57043,36.03681],[139.57084,36.03751],[139.57183,36.03782],[139.57142,36.03875],[139.57084,36.03859],[139.57031,36.03919],[139.57024,36.03965],[139.5705,36.04102],[139.57038,36.04142],[139.57004,36.04194],[139.5689,36.04273],[139.56861,36.04336],[139.56988,36.04387],[139.57037,36.04431],[139.57128,36.04473],[139.56985,36.04601],[139.57042,36.04637],[139.5704,36.04658],[139.57097,36.04679],[139.56971,36.04841],[139.57221,36.0497],[139.57307,36.04969]]]},"properties":{"key":"11232039029","name":"菖蒲町上栢間","pref":"埼玉県","prefCode":"11","municipality":"久喜市","areaM2":710349.855,"population":535,"toponymIds":["11-f60a19c19c"]}},{"type":"Feature","geometry":{"type":"Polygon","coordinates":[[[139.63235,36.04695],[139.63299,36.04701],[139.63375,36.04638],[139.63363,36.0461],[139.63396,36.04597],[139.63624,36.04565],[139.63652,36.0453],[139.63696,36.04515],[139.63712,36.04533],[139.63765,36.04501],[139.6381,36.04523],[139.63902,36.04474],[139.6393,36.04442],[139.63874,36.04363],[139.63813,36.04378],[139.63763,36.04416],[139.63628,36.04177],[139.63697,36.04168],[139.63745,36.04185],[139.63747,36.04114],[139.63522,36.04139],[139.63387,36.04205],[139.63263,36.0421],[139.63115,36.04247],[139.63001,36.04247],[139.62888,36.04273],[139.63044,36.0455],[139.63211,36.04701],[139.63235,36.04695]]]},"properties":{"key":"112320360","name":"菖蒲町河原井","pref":"埼玉県","prefCode":"11","municipality":"久喜市","areaM2":328566.108,"population":199,"toponymIds":["11-306de4de27","11-a143d67912"]}},{"type":"Feature","geometry":{"type":"Polygon","coordinates":[[[139.6059,36.0657],[139.60632,36.06538],[139.60656,36.06494],[139.60693,36.06482],[139.60688,36.0647],[139.60756,36.06449],[139.60705,36.06404],[139.60808,36.06288],[139.60704,36.06223],[139.60639,36.06278],[139.60541,36.06203],[139.60426,36.06237],[139.60415,36.06393],[139.6047,36.06434],[139.60444,36.06459],[139.60395,36.06431],[139.60375,36.06487],[139.60468,36.06589],[139.6059,36.0657]]]},"properties":{"key":"11232034012","name":"菖蒲町三箇","pref":"埼玉県","prefCode":"11","municipality":"久喜市","areaM2":102922.832,"population":603,"toponymIds":["11-35313f1f54"]}},{"type":"Feature","geometry":{"type":"Polygon","coordinates":[[[139.60655,36.03823],[139.60676,36.03776],[139.60649,36.0376],[139.6063,36.03768],[139.60644,36.03819],[139.60606,36.03806],[139.6056,36.03814],[139.60598,36.03833],[139.60655,36.03823]]]},"properties":{"key":"11232040031","name":"菖蒲町柴山枝郷","pref":"埼玉県","prefCode":"11","municipality":"久喜市","areaM2":3081.623,"population":0,"toponymIds":["11-25a990c124"]}},{"type":"Feature","geometry":{"type":"Polygon","coordinates":[[[139.57843,36.0392],[139.57972,36.03845],[139.58023,36.03928],[139.58201,36.03777],[139.5799,36.03677],[139.57995,36.03616],[139.57973,36.03616],[139.57967,36.0342],[139.58136,36.03402],[139.58293,36.03511],[139.58377,36.03433],[139.58325,36.03394],[139.58525,36.03237],[139.58394,36.03158],[139.58436,36.03101],[139.58543,36.03036],[139.58484,36.02972],[139.58361,36.02996],[139.58195,36.03097],[139.57879,36.03147],[139.57742,36.03231],[139.57708,36.03233],[139.57637,36.03288],[139.57627,36.03323],[139.57538,36.03377],[139.57412,36.03315],[139.57356,36.03321],[139.57321,36.03349],[139.57297,36.03405],[139.57204,36.03448],[139.57228,36.03455],[139.57202,36.03513],[139.57182,36.03506],[139.57161,36.03533],[139.57118,36.0352],[139.57062,36.03584],[139.57039,36.03642],[139.57043,36.03681],[139.57325,36.03771],[139.57357,36.03725],[139.57561,36.03792],[139.57655,36.03786],[139.57777,36.03853],[139.57798,36.03879],[139.5768,36.0396],[139.57654,36.03998],[139.57769,36.03998],[139.57754,36.03976],[139.57798,36.03972],[139.57787,36.03955],[139.57843,36.0392]]]},"properties":{"key":"11232038026","name":"菖蒲町下栢間","pref":"埼玉県","prefCode":"11","municipality":"久喜市","areaM2":643302.979,"population":588,"toponymIds":["11-c3a3594a41"]}},{"type":"Feature","geometry":{"type":"Polygon","coordinates":[[[139.60347,36.06585],[139.60429,36.06546],[139.60375,36.06487],[139.60395,36.06431],[139.60444,36.06459],[139.6047,36.06434],[139.60415,36.06393],[139.60426,36.06237],[139.60575,36.06195],[139.60745,36.06108],[139.60584,36.05904],[139.6045,36.05989],[139.60289,36.06032],[139.60273,36.06109],[139.60244,36.06107],[139.60207,36.06284],[139.60222,36.06272],[139.60135,36.06545],[139.6019,36.06571],[139.6021,36.06555],[139.6026,36.06574],[139.60296,36.06544],[139.60347,36.06585]]]},"properties":{"key":"11232032001","name":"菖蒲町菖蒲","pref":"埼玉県","prefCode":"11","municipality":"久喜市","areaM2":179698.149,"population":484,"toponymIds":["11-c56a94d95a","11-65e0456ae7","11-fc2be1fd50"]}},{"type":"Feature","geometry":{"type":"Polygon","coordinates":[[[139.64187,36.06304],[139.64174,36.06289],[139.64141,36.06299],[139.63874,36.06027],[139.6403,36.05997],[139.64263,36.05893],[139.63656,36.05428],[139.63495,36.0566],[139.63381,36.05767],[139.6333,36.05791],[139.6315,36.05793],[139.63117,36.05807],[139.62901,36.06074],[139.62676,36.06206],[139.62808,36.06338],[139.63404,36.06063],[139.63546,36.06046],[139.63662,36.06152],[139.63808,36.06219],[139.63988,36.06401],[139.64187,36.06304]]]},"properties":{"key":"112320420","name":"菖蒲町昭和沼","pref":"埼玉県","prefCode":"11","municipality":"久喜市","areaM2":607534.05,"population":0,"toponymIds":["11-4bc50ebfa0"]}},{"type":"Feature","geometry":{"type":"Polygon","coordinates":[[[139.63078,36.05847],[139.63137,36.05797],[139.6333,36.05791],[139.63381,36.05767],[139.63495,36.0566],[139.63616,36.05468],[139.63696,36.0539],[139.63597,36.05288],[139.63538,36.05309],[139.6338,36.05106],[139.63336,36.05072],[139.63284,36.05056],[139.6281,36.05199],[139.62856,36.05305],[139.62609,36.05379],[139.62626,36.05417],[139.62486,36.05464],[139.62613,36.05757],[139.62417,36.05826],[139.62406,36.05812],[139.62353,36.05832],[139.62423,36.05909],[139.62474,36.05942],[139.62554,36.06036],[139.62572,36.06092],[139.62676,36.06206],[139.62901,36.06074],[139.63078,36.05847]]]},"properties":{"key":"11232035017","name":"菖蒲町台","pref":"埼玉県","prefCode":"11","municipality":"久喜市","areaM2":770907.976,"population":572,"toponymIds":["11-3c54b8f312"]}},{"type":"Feature","geometry":{"type":"Polygon","coordinates":[[[139.60149,36.06499],[139.60222,36.06272],[139.60207,36.06284],[139.60245,36.06125],[139.60244,36.06101],[139.60203,36.06102],[139.60198,36.06075],[139.60214,36.06049],[139.6019,36.0603],[139.60172,36.05978],[139.60217,36.05931],[139.60236,36.05824],[139.60224,36.0578],[139.60172,36.05735],[139.60082,36.05701],[139.59869,36.05804],[139.59882,36.05856],[139.5962,36.06004],[139.59601,36.06],[139.59516,36.06048],[139.595,36.06029],[139.59405,36.06088],[139.5965,36.06346],[139.59616,36.06414],[139.59667,36.06429],[139.59744,36.06501],[139.5981,36.06511],[139.59842,36.06578],[139.59997,36.06703],[139.60134,36.06547],[139.60149,36.06499]]]},"properties":{"key":"11232033009","name":"菖蒲町新堀","pref":"埼玉県","prefCode":"11","municipality":"久喜市","areaM2":463221.69,"population":372,"toponymIds":["11-b0ee66b48d"]}},{"type":"Feature","geometry":{"type":"Polygon","coordinates":[[[139.84228,35.82214],[139.84101,35.82139],[139.84023,35.82222],[139.84058,35.82242],[139.84096,35.82199],[139.84193,35.82256],[139.84228,35.82214]]]},"properties":{"key":"112340160","name":"大字上馬場","pref":"埼玉県","prefCode":"11","municipality":"八潮市","areaM2":10304.664,"population":0,"toponymIds":["11-31d57d9f04"]}},{"type":"Feature","geometry":{"type":"Polygon","coordinates":[[[139.84362,35.82139],[139.84184,35.82035],[139.84101,35.82139],[139.84228,35.82214],[139.84193,35.82256],[139.84388,35.82371],[139.84498,35.82247],[139.84346,35.82157],[139.84362,35.82139]]]},"properties":{"key":"112340170","name":"大字中馬場","pref":"埼玉県","prefCode":"11","municipality":"八潮市","areaM2":58423.421,"population":561,"toponymIds":["11-2972525038"]}},{"type":"Feature","geometry":{"type":"Polygon","coordinates":[[[139.84219,35.80299],[139.843,35.80269],[139.84269,35.80201],[139.84508,35.80132],[139.84455,35.8001],[139.84513,35.79993],[139.84494,35.79946],[139.8454,35.79932],[139.84528,35.79906],[139.84506,35.79912],[139.84483,35.79889],[139.8466,35.79836],[139.84673,35.79866],[139.847,35.79858],[139.84687,35.79828],[139.84847,35.79782],[139.84689,35.79633],[139.84395,35.7993],[139.84317,35.79983],[139.84242,35.80006],[139.84143,35.80016],[139.83935,35.80072],[139.83785,35.80075],[139.83699,35.80044],[139.83585,35.79896],[139.8351,35.79944],[139.83482,35.7993],[139.83336,35.80384],[139.8344,35.80443],[139.8369,35.80497],[139.83789,35.80558],[139.83869,35.805],[139.84273,35.80384],[139.84209,35.80305],[139.84219,35.80299]]]},"properties":{"key":"112340150","name":"大字垳","pref":"埼玉県","prefCode":"11","municipality":"八潮市","areaM2":485436.762,"population":3101,"toponymIds":["11-889271decc","11-18ceea8158"]}},{"type":"Feature","geometry":{"type":"Polygon","coordinates":[[[139.54795,35.88811],[139.54815,35.88764],[139.54859,35.88787],[139.5489,35.88784],[139.5491,35.88732],[139.54979,35.88718],[139.54962,35.88678],[139.54983,35.8857],[139.55061,35.88403],[139.55346,35.88274],[139.55903,35.88085],[139.55999,35.88025],[139.56026,35.87945],[139.55994,35.87822],[139.55854,35.87673],[139.55766,35.87535],[139.55784,35.87482],[139.55848,35.87438],[139.56292,35.87247],[139.56301,35.87226],[139.56282,35.87198],[139.56282,35.87165],[139.56336,35.87165],[139.5635,35.87147],[139.56263,35.87127],[139.56272,35.87072],[139.56185,35.87017],[139.56151,35.87058],[139.55983,35.86966],[139.5595,35.87003],[139.55916,35.86985],[139.55882,35.87023],[139.55825,35.86989],[139.55854,35.8695],[139.55419,35.86714],[139.55276,35.86662],[139.55179,35.86747],[139.5516,35.86795],[139.55094,35.86807],[139.54988,35.86763],[139.54951,35.8686],[139.54945,35.86933],[139.55052,35.87047],[139.55106,35.872],[139.55052,35.87366],[139.55019,35.87427],[139.5494,35.87506],[139.54913,35.87584],[139.54918,35.87618],[139.54984,35.87703],[139.55,35.8775],[139.54981,35.87798],[139.54909,35.87873],[139.54915,35.87982],[139.54824,35.88026],[139.54661,35.88212],[139.54665,35.88251],[139.54515,35.88255],[139.54372,35.88224],[139.54301,35.88345],[139.54527,35.88358],[139.54405,35.88445],[139.54474,35.88498],[139.54394,35.88565],[139.54549,35.88686],[139.54541,35.8872],[139.5469,35.88773],[139.54673,35.88803],[139.54689,35.88823],[139.54773,35.88854],[139.54795,35.88811]]]},"properties":{"key":"112350050","name":"大字東大久保","pref":"埼玉県","prefCode":"11","municipality":"富士見市","areaM2":1793105.942,"population":1236,"toponymIds":["11-18f9baef62","11-acd2a67a77"]}},{"type":"Feature","geometry":{"type":"Polygon","coordinates":[[[139.87926,35.84502],[139.87934,35.8449],[139.87775,35.84491],[139.87667,35.84723],[139.87663,35.84985],[139.87931,35.84793],[139.87899,35.84592],[139.87926,35.84502]]]},"properties":{"key":"112370080","name":"仁蔵","pref":"埼玉県","prefCode":"11","municipality":"三郷市","areaM2":87490.202,"population":139,"toponymIds":["11-1dddaa65bf"]}},{"type":"Feature","geometry":{"type":"Polygon","coordinates":[[[139.86425,35.84425],[139.86509,35.84384],[139.86486,35.8437],[139.86687,35.84242],[139.86653,35.84207],[139.86358,35.84396],[139.86425,35.84425]]]},"properties":{"key":"11237027000","name":"彦倉","pref":"埼玉県","prefCode":"11","municipality":"三郷市","areaM2":17933.758,"population":13,"toponymIds":["11-068b3d83a3"]}},{"type":"Feature","geometry":{"type":"Polygon","coordinates":[[[139.3639,35.95209],[139.36219,35.94941],[139.36099,35.9481],[139.35991,35.94732],[139.35846,35.94943],[139.35853,35.9498],[139.35838,35.95006],[139.35776,35.95012],[139.35684,35.94941],[139.35617,35.9511],[139.35584,35.95153],[139.35798,35.95208],[139.36033,35.95393],[139.36149,35.95463],[139.3635,35.95381],[139.3639,35.95209]]]},"properties":{"key":"112390600","name":"大字欠ノ上","pref":"埼玉県","prefCode":"11","municipality":"坂戸市","areaM2":299143.041,"population":227,"toponymIds":["11-d65901f2b7","11-3acff6f2b8","11-2d25ee03ad"]}},{"type":"Feature","geometry":{"type":"Polygon","coordinates":[[[139.43615,35.97048],[139.4364,35.96939],[139.43519,35.96973],[139.43523,35.96961],[139.43657,35.96754],[139.4379,35.96592],[139.43961,35.96466],[139.44076,35.96426],[139.44072,35.96269],[139.44097,35.96182],[139.43922,35.96213],[139.43869,35.96243],[139.43772,35.96172],[139.43687,35.9618],[139.43631,35.96146],[139.43614,35.9615],[139.43607,35.96111],[139.43571,35.96063],[139.43421,35.96001],[139.43411,35.95942],[139.4337,35.95878],[139.43274,35.95856],[139.43072,35.95884],[139.43107,35.95941],[139.43083,35.95951],[139.43089,35.95978],[139.43066,35.95989],[139.43039,35.96086],[139.43148,35.96123],[139.4314,35.96203],[139.43315,35.96183],[139.43287,35.9631],[139.43293,35.9643],[139.43278,35.96461],[139.42976,35.96431],[139.43054,35.96577],[139.4303,35.966],[139.42943,35.96556],[139.42782,35.9651],[139.42796,35.96732],[139.42869,35.96729],[139.42892,35.9679],[139.42838,35.96903],[139.42863,35.97008],[139.42939,35.97054],[139.43184,35.97013],[139.43268,35.97028],[139.43201,35.97222],[139.4343,35.9728],[139.43431,35.97425],[139.4351,35.97412],[139.4357,35.97355],[139.43554,35.97228],[139.43596,35.97159],[139.43615,35.97048]]]},"properties":{"key":"112390050","name":"大字青木","pref":"埼玉県","prefCode":"11","municipality":"坂戸市","areaM2":925725.497,"population":788,"toponymIds":["11-d3f971a676","11-136421538b"]}},{"type":"Feature","geometry":{"type":"Polygon","coordinates":[[[139.39975,35.97771],[139.40081,35.9763],[139.40083,35.97488],[139.4027,35.97238],[139.40241,35.97105],[139.40246,35.96983],[139.40221,35.96944],[139.39782,35.97202],[139.39758,35.9719],[139.3973,35.97207],[139.39777,35.97262],[139.39754,35.97276],[139.39831,35.97418],[139.39944,35.97833],[139.39975,35.97771]]]},"properties":{"key":"112390220","name":"芦山町","pref":"埼玉県","prefCode":"11","municipality":"坂戸市","areaM2":224494.847,"population":1924,"toponymIds":["11-6ec2fea1d7"]}},{"type":"Feature","geometry":{"type":"Polygon","coordinates":[[[139.40635,35.96475],[139.40621,35.96456],[139.40547,35.96489],[139.40175,35.96699],[139.40552,35.96839],[139.40699,35.96927],[139.40719,35.96844],[139.40723,35.96686],[139.40704,35.96607],[139.40635,35.96475]]]},"properties":{"key":"112390270","name":"鎌倉町","pref":"埼玉県","prefCode":"11","municipality":"坂戸市","areaM2":130498.904,"population":689,"toponymIds":["11-7a7f8b3308"]}},{"type":"Feature","geometry":{"type":"Polygon","coordinates":[[[139.3835,35.94066],[139.38461,35.93987],[139.38449,35.93955],[139.38471,35.9394],[139.3846,35.93854],[139.38448,35.93826],[139.38391,35.93792],[139.38411,35.93767],[139.3837,35.93746],[139.38451,35.93644],[139.38439,35.93588],[139.38501,35.93435],[139.38529,35.93416],[139.38546,35.93447],[139.38525,35.93486],[139.38613,35.93572],[139.38739,35.93527],[139.38774,35.93583],[139.38967,35.93351],[139.38727,35.9322],[139.3871,35.93069],[139.38681,35.93075],[139.38662,35.92984],[139.38624,35.92984],[139.38618,35.92947],[139.38565,35.92961],[139.38528,35.92705],[139.38493,35.92768],[139.38445,35.92776],[139.38411,35.92742],[139.38319,35.92709],[139.38238,35.9254],[139.38314,35.92525],[139.38323,35.9243],[139.38184,35.9243],[139.37954,35.91969],[139.37137,35.92421],[139.37135,35.92507],[139.37172,35.9256],[139.37007,35.92651],[139.37449,35.92781],[139.37386,35.92925],[139.37409,35.92933],[139.37411,35.92989],[139.37356,35.9307],[139.37308,35.93111],[139.37276,35.93174],[139.37255,35.93184],[139.3733,35.93207],[139.37433,35.93283],[139.37269,35.93382],[139.37317,35.93452],[139.37455,35.9355],[139.37417,35.93588],[139.37483,35.93613],[139.3772,35.93798],[139.37806,35.93842],[139.38271,35.93983],[139.38239,35.93995],[139.38263,35.94024],[139.38331,35.9399],[139.38343,35.94],[139.38323,35.94021],[139.38336,35.9404],[139.38304,35.94058],[139.38327,35.9405],[139.3835,35.94066]]]},"properties":{"key":"112410040","name":"大字高倉","pref":"埼玉県","prefCode":"11","municipality":"鶴ヶ島市","areaM2":2014261.393,"population":1063,"toponymIds":["11-3cc1cbd633"]}},{"type":"Feature","geometry":{"type":"Polygon","coordinates":[[[139.34061,35.89152],[139.34068,35.8914],[139.34113,35.89205],[139.34129,35.89197],[139.34135,35.89154],[139.34263,35.89009],[139.34303,35.88982],[139.34311,35.88945],[139.34268,35.88935],[139.34268,35.88923],[139.34302,35.88877],[139.34302,35.88844],[139.34317,35.88842],[139.34339,35.88793],[139.34414,35.88717],[139.34411,35.88684],[139.34448,35.88578],[139.34423,35.88556],[139.34455,35.88506],[139.34456,35.88475],[139.34541,35.8837],[139.34605,35.88353],[139.34668,35.88404],[139.348,35.88456],[139.3481,35.88405],[139.34874,35.88411],[139.34875,35.88478],[139.34902,35.88496],[139.34934,35.88479],[139.34955,35.88496],[139.35021,35.88492],[139.34993,35.88187],[139.35042,35.88062],[139.35091,35.87987],[139.3507,35.87946],[139.35014,35.87983],[139.34552,35.88068],[139.34519,35.8802],[139.34415,35.87987],[139.34204,35.88001],[139.34134,35.87969],[139.33951,35.87926],[139.33894,35.87846],[139.33794,35.87783],[139.33826,35.87887],[139.33824,35.87918],[139.33804,35.8794],[139.33693,35.87919],[139.33681,35.879],[139.33582,35.87865],[139.33548,35.87818],[139.33501,35.87822],[139.33403,35.87884],[139.33355,35.87892],[139.33332,35.8795],[139.3326,35.87987],[139.33319,35.88012],[139.3338,35.87966],[139.33395,35.87972],[139.33395,35.88001],[139.33355,35.88045],[139.33412,35.88038],[139.33434,35.88055],[139.33419,35.8809],[139.33311,35.8818],[139.33274,35.88296],[139.33239,35.88322],[139.33184,35.88325],[139.32874,35.88294],[139.32873,35.88313],[139.33102,35.88349],[139.33279,35.88344],[139.33413,35.88315],[139.33595,35.88352],[139.33637,35.88483],[139.33571,35.88491],[139.33647,35.88514],[139.33668,35.88537],[139.33694,35.88616],[139.33675,35.88616],[139.33645,35.8867],[139.33647,35.88723],[139.33706,35.88811],[139.33699,35.88839],[139.33637,35.88911],[139.33657,35.88957],[139.3364,35.89033],[139.3366,35.8915],[139.33525,35.89212],[139.33863,35.89372],[139.33878,35.89334],[139.34022,35.89223],[139.34061,35.89152]]]},"properties":{"key":"112420130","name":"大字上鹿山","pref":"埼玉県","prefCode":"11","municipality":"日高市","areaM2":1349293.793,"population":1723,"toponymIds":["11-ca9c3482bf","11-e52ed884df"]}},{"type":"Feature","geometry":{"type":"Polygon","coordinates":[[[139.36024,35.90245],[139.36067,35.90129],[139.36129,35.90066],[139.36012,35.90007],[139.3594,35.89951],[139.35821,35.89764],[139.35688,35.8963],[139.35693,35.89583],[139.35748,35.89573],[139.35788,35.8954],[139.35678,35.89407],[139.35664,35.8926],[139.35592,35.89302],[139.35537,35.89381],[139.35549,35.89403],[139.35523,35.89416],[139.35408,35.89253],[139.35365,35.89282],[139.35335,35.89275],[139.35045,35.88927],[139.35055,35.88845],[139.35033,35.88784],[139.35045,35.8875],[139.34989,35.88763],[139.34981,35.88734],[139.35043,35.8872],[139.35011,35.88624],[139.34856,35.88708],[139.34783,35.88765],[139.34762,35.88751],[139.34716,35.88791],[139.34637,35.88736],[139.3467,35.88692],[139.34604,35.88648],[139.34452,35.88775],[139.34534,35.88828],[139.34606,35.88802],[139.34628,35.88826],[139.34618,35.88842],[139.34655,35.88873],[139.34626,35.88886],[139.34636,35.88897],[139.34872,35.89081],[139.34824,35.89136],[139.34872,35.89171],[139.34851,35.89185],[139.34873,35.89209],[139.34805,35.89273],[139.34999,35.89359],[139.34994,35.89529],[139.35047,35.89624],[139.35104,35.89682],[139.35115,35.89719],[139.34976,35.89688],[139.34921,35.89641],[139.34906,35.89655],[139.34925,35.89665],[139.34901,35.89744],[139.3493,35.89747],[139.34934,35.89787],[139.34975,35.89793],[139.3496,35.89823],[139.34967,35.8985],[139.35012,35.89882],[139.35022,35.89908],[139.35072,35.89902],[139.35105,35.89928],[139.35184,35.89934],[139.35174,35.89959],[139.35211,35.89979],[139.35227,35.90031],[139.35203,35.90093],[139.35244,35.90116],[139.35288,35.90171],[139.35349,35.90169],[139.35425,35.9019],[139.35581,35.90185],[139.35628,35.90223],[139.35696,35.90204],[139.35837,35.902],[139.35876,35.90229],[139.35849,35.90258],[139.35972,35.90241],[139.35974,35.90307],[139.36008,35.90297],[139.36024,35.90245]]]},"properties":{"key":"112420150","name":"大字下鹿山","pref":"埼玉県","prefCode":"11","municipality":"日高市","areaM2":961281.096,"population":3840,"toponymIds":["11-38ec7ef69b"]}},{"type":"Feature","geometry":{"type":"Polygon","coordinates":[[[139.35044,35.88725],[139.34981,35.88734],[139.34989,35.88763],[139.35045,35.8875],[139.35044,35.88725]]]},"properties":{"key":"112420140","name":"大字中鹿山","pref":"埼玉県","prefCode":"11","municipality":"日高市","areaM2":1789.706,"population":0,"toponymIds":["11-1efbae5641","11-5fa6e3365f"]}},{"type":"Feature","geometry":{"type":"Polygon","coordinates":[[[139.31878,35.88708],[139.31928,35.88674],[139.31947,35.88629],[139.3196,35.88499],[139.32029,35.88482],[139.32087,35.88448],[139.32147,35.88389],[139.32149,35.88369],[139.32131,35.88362],[139.32158,35.88337],[139.32213,35.8833],[139.32213,35.88293],[139.32127,35.88085],[139.32029,35.87924],[139.32027,35.87875],[139.31937,35.87857],[139.3184,35.87799],[139.31816,35.87771],[139.31774,35.87657],[139.3175,35.87629],[139.31676,35.876],[139.31623,35.87494],[139.31544,35.87519],[139.31432,35.87464],[139.31393,35.87466],[139.31352,35.87534],[139.31302,35.87537],[139.31239,35.87581],[139.31222,35.87644],[139.31197,35.87669],[139.31116,35.87683],[139.31081,35.87709],[139.30999,35.87811],[139.30991,35.87843],[139.30994,35.87911],[139.31047,35.88024],[139.3118,35.88027],[139.3132,35.88103],[139.31403,35.88197],[139.31425,35.88315],[139.31409,35.88405],[139.31325,35.88516],[139.31193,35.88541],[139.31154,35.88581],[139.31178,35.88607],[139.31294,35.88609],[139.31365,35.88561],[139.31413,35.88564],[139.31638,35.88618],[139.31724,35.88621],[139.31708,35.88665],[139.31756,35.88685],[139.31751,35.88696],[139.31829,35.88753],[139.31878,35.88708]]]},"properties":{"key":"112420010","name":"大字梅原","pref":"埼玉県","prefCode":"11","municipality":"日高市","areaM2":856386.602,"population":383,"toponymIds":["11-42a85901dd","11-845a5b2baa"]}},{"type":"Feature","geometry":{"type":"Polygon","coordinates":[[[139.33355,35.89164],[139.3337,35.89137],[139.33525,35.89212],[139.3366,35.8915],[139.3364,35.89033],[139.33657,35.88957],[139.33637,35.88911],[139.33699,35.88839],[139.33706,35.88811],[139.33647,35.88723],[139.33645,35.8867],[139.33675,35.88616],[139.33694,35.88616],[139.33668,35.88537],[139.33647,35.88514],[139.33571,35.88491],[139.33637,35.88483],[139.33595,35.88352],[139.33413,35.88315],[139.33171,35.8835],[139.33143,35.88426],[139.33113,35.88417],[139.33073,35.8845],[139.33146,35.88599],[139.33151,35.88662],[139.33123,35.88732],[139.33117,35.88954],[139.33018,35.89156],[139.33337,35.89367],[139.33341,35.89202],[139.33355,35.89164]]]},"properties":{"key":"112420160","name":"大字猿田","pref":"埼玉県","prefCode":"11","municipality":"日高市","areaM2":483359.116,"population":642,"toponymIds":["11-bb64925f38","11-abd01f48cb"]}},{"type":"Feature","geometry":{"type":"Polygon","coordinates":[[[139.35455,35.90604],[139.35522,35.9043],[139.35546,35.90421],[139.35973,35.90527],[139.35991,35.90462],[139.36004,35.9046],[139.36029,35.90403],[139.36035,35.90323],[139.3602,35.90293],[139.35967,35.90298],[139.35972,35.90241],[139.35849,35.90258],[139.35876,35.90229],[139.35837,35.902],[139.35696,35.90204],[139.35628,35.90223],[139.35581,35.90185],[139.35425,35.9019],[139.35349,35.90169],[139.35288,35.90171],[139.35201,35.90088],[139.35227,35.90031],[139.35211,35.89979],[139.35174,35.89959],[139.35184,35.89934],[139.35105,35.89928],[139.35072,35.89902],[139.35026,35.89911],[139.35012,35.89882],[139.34967,35.8985],[139.3496,35.89823],[139.34975,35.89793],[139.3493,35.89784],[139.3493,35.89747],[139.34788,35.89734],[139.3478,35.89667],[139.34748,35.89689],[139.34728,35.89682],[139.34715,35.89634],[139.34688,35.89632],[139.34669,35.89595],[139.34629,35.89566],[139.34542,35.8953],[139.34499,35.89554],[139.3447,35.89548],[139.3439,35.89493],[139.34353,35.89438],[139.34258,35.89409],[139.34068,35.8914],[139.34022,35.89223],[139.33878,35.89334],[139.33863,35.89372],[139.33919,35.89403],[139.33818,35.89572],[139.33794,35.89562],[139.33782,35.89581],[139.33804,35.89589],[139.33783,35.89612],[139.34253,35.89836],[139.3433,35.89906],[139.34642,35.90066],[139.35037,35.90121],[139.3501,35.90199],[139.35179,35.90271],[139.35102,35.90445],[139.35077,35.90439],[139.35031,35.90475],[139.35386,35.90774],[139.35455,35.90604]]]},"properties":{"key":"112420120","name":"大字鹿山","pref":"埼玉県","prefCode":"11","municipality":"日高市","areaM2":878157.649,"population":2811,"toponymIds":["11-50a073cdcd","11-31f379c1fd","11-085d5cf9ed"]}},{"type":"Feature","geometry":{"type":"Polygon","coordinates":[[[139.30189,35.88148],[139.30192,35.88136],[139.30227,35.88159],[139.30242,35.88075],[139.30294,35.88078],[139.30306,35.88098],[139.30376,35.88102],[139.3043,35.88209],[139.30487,35.88184],[139.30448,35.88116],[139.30459,35.88101],[139.30373,35.87965],[139.30409,35.87956],[139.30379,35.87912],[139.30372,35.87869],[139.30394,35.87845],[139.30436,35.8784],[139.30398,35.87805],[139.30376,35.87735],[139.29861,35.87825],[139.2984,35.87752],[139.29732,35.87692],[139.29705,35.87729],[139.29719,35.87786],[139.29787,35.8784],[139.2982,35.87887],[139.29882,35.88095],[139.29925,35.88158],[139.30011,35.88212],[139.30113,35.88235],[139.30143,35.88178],[139.30189,35.88148]]]},"properties":{"key":"11242038001","name":"武蔵台一丁目","pref":"埼玉県","prefCode":"11","municipality":"日高市","areaM2":227420.567,"population":973,"toponymIds":["11-5078edc8ed"]}},{"type":"Feature","geometry":{"type":"Polygon","coordinates":[[[139.33502,35.892],[139.3337,35.89137],[139.33341,35.89202],[139.33339,35.89421],[139.33502,35.892]]]},"properties":{"key":"112420430","name":"猿田上ノ台","pref":"埼玉県","prefCode":"11","municipality":"日高市","areaM2":23242.64,"population":110,"toponymIds":["11-b59ff7ad3c"]}},{"type":"Feature","geometry":{"type":"Polygon","coordinates":[[[139.87027,35.89194],[139.87296,35.89112],[139.87437,35.89092],[139.87428,35.89073],[139.87514,35.8904],[139.87477,35.88926],[139.875,35.88916],[139.87322,35.88674],[139.87077,35.88899],[139.87067,35.89045],[139.87043,35.89054],[139.87032,35.89096],[139.87003,35.89123],[139.86977,35.89206],[139.87027,35.89194]]]},"properties":{"key":"112430180","name":"大字鹿見塚","pref":"埼玉県","prefCode":"11","municipality":"吉川市","areaM2":146818.387,"population":90,"toponymIds":["11-36f2f19d3a"]}},{"type":"Feature","geometry":{"type":"Polygon","coordinates":[[[139.50317,35.84997],[139.50262,35.84883],[139.50005,35.84948],[139.49529,35.84987],[139.49282,35.84989],[139.49033,35.8492],[139.48883,35.84625],[139.4888,35.8431],[139.48693,35.84228],[139.48569,35.84399],[139.4855,35.84392],[139.48386,35.84686],[139.48454,35.84716],[139.48401,35.84798],[139.48549,35.84864],[139.48487,35.84948],[139.49223,35.8527],[139.48901,35.85551],[139.49777,35.85721],[139.5001,35.85308],[139.50333,35.85027],[139.50317,35.84997]]]},"properties":{"key":"112450380","name":"大井武蔵野","pref":"埼玉県","prefCode":"11","municipality":"ふじみ野市","areaM2":1046751.597,"population":1885,"toponymIds":["11-a75f9f24b2"]}},{"type":"Feature","geometry":{"type":"Polygon","coordinates":[[[139.51235,35.86868],[139.51272,35.86831],[139.51315,35.8686],[139.51386,35.86772],[139.51008,35.86522],[139.51159,35.8682],[139.51235,35.86868]]]},"properties":{"key":"112450170","name":"福岡武蔵野","pref":"埼玉県","prefCode":"11","municipality":"ふじみ野市","areaM2":46102.889,"population":740,"toponymIds":["11-7fd81aa5f8"]}},{"type":"Feature","geometry":{"type":"Polygon","coordinates":[[[139.30632,36.23866],[139.31326,36.23712],[139.31721,36.23686],[139.32066,36.2368],[139.32392,36.23707],[139.32708,36.2375],[139.32938,36.23806],[139.32984,36.23305],[139.32853,36.23184],[139.32579,36.23069],[139.32369,36.23004],[139.32235,36.22977],[139.3191,36.23021],[139.31881,36.23007],[139.31536,36.23105],[139.31403,36.2319],[139.31236,36.23252],[139.31008,36.23299],[139.3069,36.23654],[139.30632,36.23866]]]},"properties":{"key":"112181340","name":"前小屋","pref":"埼玉県","prefCode":"11","municipality":"深谷市","areaM2":1311186.9,"population":96,"toponymIds":["11-63a5e4b8f0"]}},{"type":"Feature","geometry":{"type":"Polygon","coordinates":[[[139.37836,36.02355],[139.37951,36.02345],[139.38108,36.02291],[139.38244,36.02266],[139.38522,36.02282],[139.38586,36.02265],[139.38613,36.02193],[139.38413,36.02042],[139.38376,36.01954],[139.38262,36.01919],[139.38317,36.01686],[139.3848,36.01703],[139.38542,36.01689],[139.38616,36.0164],[139.38536,36.01446],[139.3863,36.0114],[139.38641,36.00965],[139.38702,36.00854],[139.38627,36.00829],[139.38651,36.00785],[139.38645,36.00682],[139.3868,36.00601],[139.38653,36.0059],[139.38631,36.00525],[139.38507,36.00541],[139.38448,36.00564],[139.38301,36.00664],[139.38105,36.00742],[139.38063,36.00792],[139.38067,36.00819],[139.37885,36.00864],[139.3774,36.00947],[139.37707,36.00953],[139.37754,36.00902],[139.37592,36.00902],[139.37414,36.01102],[139.37193,36.01122],[139.37128,36.01156],[139.36938,36.01123],[139.36821,36.01059],[139.36699,36.01099],[139.36654,36.01099],[139.36598,36.01136],[139.36547,36.01236],[139.36483,36.01285],[139.36539,36.01332],[139.36528,36.01349],[139.36474,36.01348],[139.36441,36.01426],[139.36465,36.01473],[139.36588,36.01434],[139.36754,36.01296],[139.3677,36.01399],[139.36724,36.01418],[139.36748,36.01599],[139.37194,36.01559],[139.37253,36.02002],[139.37339,36.0201],[139.37366,36.02252],[139.37433,36.02302],[139.37561,36.02313],[139.37749,36.0237],[139.37836,36.02355]],[[139.37355,36.01584],[139.37281,36.01424],[139.37241,36.0145],[139.37265,36.01384],[139.37263,36.01315],[139.37347,36.01391],[139.37396,36.01387],[139.37462,36.01344],[139.3747,36.01319],[139.37439,36.0128],[139.37361,36.01273],[139.37333,36.01247],[139.37352,36.01215],[139.37463,36.01164],[139.37496,36.0112],[139.37516,36.01161],[139.37506,36.01224],[139.37518,36.01336],[139.37598,36.01367],[139.37642,36.01437],[139.37638,36.01481],[139.37656,36.01485],[139.37672,36.01464],[139.37859,36.01445],[139.37982,36.01407],[139.38034,36.01464],[139.38098,36.015],[139.37947,36.01638],[139.37841,36.01705],[139.3779,36.01792],[139.37701,36.01819],[139.37675,36.018],[139.37598,36.01794],[139.37568,36.01823],[139.37585,36.01885],[139.37524,36.0192],[139.37434,36.01928],[139.37315,36.01804],[139.37257,36.0167],[139.37374,36.01624],[139.37355,36.01584]]]},"properties":{"key":"112120272","name":"大字葛袋","pref":"埼玉県","prefCode":"11","municipality":"東松山市","areaM2":1882814.675,"population":277,"toponymIds":["11-5dbdd22495"]}},{"type":"Feature","geometry":{"type":"Polygon","coordinates":[[[139.47476,36.10435],[139.47494,36.10403],[139.47729,36.10472],[139.47768,36.10383],[139.47893,36.10421],[139.47931,36.10334],[139.48393,36.10474],[139.48418,36.10421],[139.48219,36.10083],[139.48134,36.09892],[139.48066,36.09843],[139.4804,36.09789],[139.47969,36.09831],[139.47888,36.09938],[139.47815,36.09995],[139.47699,36.09985],[139.47645,36.09937],[139.47521,36.09598],[139.47438,36.09466],[139.47239,36.09331],[139.47205,36.09326],[139.47222,36.09338],[139.47188,36.0935],[139.47147,36.09475],[139.47078,36.0952],[139.46972,36.09537],[139.46938,36.09508],[139.46945,36.09478],[139.47047,36.09376],[139.47066,36.09312],[139.46941,36.09278],[139.4689,36.09306],[139.46867,36.09349],[139.46887,36.09426],[139.46879,36.09469],[139.46772,36.09526],[139.46732,36.09482],[139.46775,36.09383],[139.46779,36.09292],[139.4674,36.09215],[139.46679,36.09238],[139.46598,36.09336],[139.46551,36.09509],[139.46495,36.09608],[139.46481,36.09774],[139.46507,36.09817],[139.46607,36.09802],[139.46728,36.09818],[139.46774,36.09872],[139.46771,36.09918],[139.46743,36.09954],[139.468,36.09993],[139.46925,36.10019],[139.46969,36.10065],[139.47028,36.10062],[139.47092,36.10119],[139.47166,36.10126],[139.47215,36.10184],[139.47244,36.10304],[139.47337,36.10361],[139.47417,36.10508],[139.47476,36.10435]]]},"properties":{"key":"112170630","name":"袋","pref":"埼玉県","prefCode":"11","municipality":"鴻巣市","areaM2":1097382.417,"population":1546,"toponymIds":["11-1a2712ec59"]}},{"type":"Feature","geometry":{"type":"Polygon","coordinates":[[[139.46098,36.14982],[139.46151,36.14966],[139.4651,36.14976],[139.46501,36.14914],[139.46543,36.14729],[139.46532,36.1471],[139.46044,36.14712],[139.4576,36.14661],[139.45709,36.14731],[139.45764,36.14792],[139.45749,36.15055],[139.45956,36.15059],[139.45975,36.15048],[139.45961,36.15033],[139.46098,36.14982]]]},"properties":{"key":"11206017001","name":"谷郷一丁目","pref":"埼玉県","prefCode":"11","municipality":"行田市","areaM2":230155.826,"population":1485,"toponymIds":["11-e03c8ea3f4"]}},{"type":"Feature","geometry":{"type":"Polygon","coordinates":[[[139.42209,36.15442],[139.42222,36.1541],[139.42294,36.15413],[139.42296,36.15433],[139.42357,36.15432],[139.42358,36.1534],[139.42427,36.15345],[139.42443,36.15264],[139.42423,36.15255],[139.42412,36.1533],[139.42384,36.15328],[139.42393,36.15255],[139.42356,36.15261],[139.42293,36.15306],[139.42276,36.15323],[139.42298,36.15323],[139.42299,36.1534],[139.42218,36.15357],[139.42139,36.15352],[139.42138,36.15315],[139.42194,36.15297],[139.42193,36.15276],[139.42236,36.15257],[139.4224,36.15239],[139.42183,36.15238],[139.4217,36.15277],[139.42151,36.15246],[139.42125,36.15246],[139.42127,36.15207],[139.42171,36.15227],[139.42169,36.15195],[139.42242,36.15205],[139.4224,36.15146],[139.42316,36.1515],[139.42317,36.15102],[139.42202,36.15096],[139.42194,36.15142],[139.42159,36.15149],[139.42171,36.15064],[139.42132,36.15142],[139.42108,36.15138],[139.42093,36.15165],[139.42101,36.15191],[139.42057,36.15314],[139.42055,36.15336],[139.4212,36.15345],[139.42111,36.15405],[139.42048,36.15401],[139.42043,36.15433],[139.42209,36.15442]]]},"properties":{"key":"112060280","name":"大字小敷田","pref":"埼玉県","prefCode":"11","municipality":"行田市","areaM2":58592.378,"population":0,"toponymIds":["11-f4421daef0"]}},{"type":"Feature","geometry":{"type":"Polygon","coordinates":[[[139.44335,36.17572],[139.44444,36.17567],[139.44453,36.17514],[139.44553,36.17518],[139.44573,36.17088],[139.45211,36.17106],[139.45303,36.16923],[139.45168,36.16898],[139.44778,36.16694],[139.44297,36.1635],[139.44075,36.16556],[139.43977,36.16573],[139.43881,36.16645],[139.43846,36.17556],[139.44335,36.17572]]]},"properties":{"key":"112060650","name":"大字馬見塚","pref":"埼玉県","prefCode":"11","municipality":"行田市","areaM2":984200.408,"population":391,"toponymIds":["11-dcf97ae147"]}},{"type":"Feature","geometry":{"type":"Polygon","coordinates":[[[139.39512,36.1695],[139.39574,36.16936],[139.39609,36.16873],[139.39599,36.16844],[139.39609,36.16805],[139.39588,36.1674],[139.39502,36.16706],[139.39473,36.16676],[139.39602,36.1658],[139.39709,36.16564],[139.39755,36.16593],[139.39782,36.16563],[139.39834,36.1647],[139.39873,36.1612],[139.39805,36.16128],[139.398,36.161],[139.39677,36.16117],[139.3966,36.16029],[139.39615,36.16059],[139.39601,36.15986],[139.39577,36.16002],[139.39458,36.15927],[139.39123,36.16022],[139.39077,36.16103],[139.39072,36.16227],[139.39015,36.16252],[139.38939,36.1626],[139.38787,36.16225],[139.38683,36.16373],[139.3858,36.16385],[139.38474,36.16424],[139.38473,36.1658],[139.38446,36.16755],[139.38622,36.16812],[139.38673,36.16814],[139.38779,36.16785],[139.38791,36.16829],[139.38805,36.16826],[139.3882,36.16848],[139.38859,36.16847],[139.38862,36.16867],[139.39078,36.16845],[139.39207,36.16849],[139.39418,36.16921],[139.39448,36.16914],[139.39475,36.16954],[139.39512,36.1695]]]},"properties":{"key":"112020262","name":"肥塚","pref":"埼玉県","prefCode":"11","municipality":"熊谷市","areaM2":892137.345,"population":3106,"toponymIds":["11-cbe24de2ab"]}},{"type":"Feature","geometry":{"type":"Polygon","coordinates":[[[139.30989,36.15192],[139.30979,36.15129],[139.3103,36.15124],[139.31035,36.15019],[139.3112,36.15009],[139.31103,36.14902],[139.31335,36.14882],[139.31322,36.14771],[139.3144,36.14761],[139.31425,36.14647],[139.31477,36.14621],[139.31354,36.14573],[139.31307,36.14526],[139.31376,36.14463],[139.31392,36.1437],[139.31325,36.14363],[139.31316,36.14332],[139.31262,36.1433],[139.31258,36.1435],[139.31222,36.1435],[139.3122,36.14325],[139.31168,36.14323],[139.31168,36.14352],[139.31137,36.14356],[139.31133,36.14324],[139.31078,36.14322],[139.31081,36.14288],[139.30981,36.14277],[139.30995,36.14186],[139.30871,36.14182],[139.30862,36.14246],[139.30832,36.14307],[139.30583,36.14245],[139.30568,36.14248],[139.30547,36.14317],[139.30089,36.14382],[139.30103,36.14551],[139.30206,36.14816],[139.30242,36.14965],[139.30313,36.15053],[139.3044,36.15135],[139.30518,36.15166],[139.30771,36.15211],[139.309,36.15265],[139.30959,36.15264],[139.3101,36.15229],[139.30989,36.15192]]]},"properties":{"key":"112181240","name":"瀬山","pref":"埼玉県","prefCode":"11","municipality":"深谷市","areaM2":952377.473,"population":815,"toponymIds":["11-55f9049709"]}},{"type":"Feature","geometry":{"type":"Polygon","coordinates":[[[139.32901,36.15017],[139.32673,36.14826],[139.32611,36.14726],[139.32578,36.14708],[139.32549,36.14723],[139.32377,36.14644],[139.32232,36.14624],[139.31972,36.14502],[139.31976,36.14517],[139.3203,36.14537],[139.3211,36.14609],[139.32132,36.14699],[139.32259,36.1483],[139.32247,36.14881],[139.32375,36.14935],[139.32484,36.15004],[139.32901,36.15017]]]},"properties":{"key":"112020430","name":"武体","pref":"埼玉県","prefCode":"11","municipality":"熊谷市","areaM2":160590.493,"population":180,"toponymIds":["11-580174473f"]}},{"type":"Feature","geometry":{"type":"Polygon","coordinates":[[[139.35646,36.16026],[139.35688,36.15984],[139.35824,36.15738],[139.35878,36.15672],[139.35849,36.15623],[139.35819,36.15615],[139.3573,36.15531],[139.35624,36.15487],[139.35551,36.15477],[139.35572,36.15369],[139.35629,36.15313],[139.35388,36.15233],[139.35264,36.15355],[139.35223,36.15324],[139.352,36.15333],[139.35137,36.15313],[139.34874,36.15311],[139.3486,36.15213],[139.33868,36.15285],[139.33866,36.15256],[139.3363,36.15189],[139.33492,36.15129],[139.33331,36.15274],[139.33263,36.15283],[139.33327,36.15363],[139.3343,36.15601],[139.33472,36.15592],[139.33528,36.15638],[139.33751,36.15716],[139.33795,36.15724],[139.34006,36.15699],[139.34248,36.1565],[139.34348,36.15793],[139.34853,36.15805],[139.34898,36.15817],[139.34936,36.15739],[139.34967,36.15744],[139.352,36.1588],[139.3533,36.1592],[139.35482,36.16003],[139.35584,36.16017],[139.35626,36.16041],[139.35646,36.16026]]]},"properties":{"key":"112020400","name":"小島","pref":"埼玉県","prefCode":"11","municipality":"熊谷市","areaM2":1250764.344,"population":890,"toponymIds":["11-1baed087e5"]}},{"type":"Feature","geometry":{"type":"Polygon","coordinates":[[[139.48875,35.90076],[139.49217,35.89679],[139.48786,35.89411],[139.48525,35.89671],[139.48471,35.89703],[139.48467,35.89738],[139.48575,35.89812],[139.48712,35.8996],[139.48695,35.8997],[139.48753,35.90057],[139.48831,35.90051],[139.48857,35.90084],[139.48875,35.90076]]]},"properties":{"key":"11201007002","name":"岸町二丁目","pref":"埼玉県","prefCode":"11","municipality":"川越市","areaM2":258295.553,"population":2549,"toponymIds":["11-8833e68499"]}},{"type":"Feature","geometry":{"type":"Polygon","coordinates":[[[139.48955,35.95653],[139.48952,35.95563],[139.48975,35.95526],[139.4908,35.95503],[139.49037,35.9533],[139.49199,35.95323],[139.49139,35.95119],[139.49019,35.95124],[139.48993,35.95055],[139.48944,35.95024],[139.48755,35.95032],[139.48721,35.94507],[139.48763,35.94506],[139.4874,35.94361],[139.48713,35.9436],[139.4871,35.94326],[139.48656,35.94306],[139.48558,35.94308],[139.48559,35.94199],[139.48471,35.94174],[139.48385,35.94085],[139.4837,35.94043],[139.48392,35.94023],[139.48281,35.93954],[139.48176,35.94048],[139.48206,35.94644],[139.48134,35.9463],[139.48116,35.947],[139.48118,35.9475],[139.48182,35.94747],[139.48245,35.95649],[139.48554,35.95634],[139.48692,35.95654],[139.48723,35.95754],[139.48623,35.95818],[139.48545,35.95894],[139.48582,35.95937],[139.48657,35.95939],[139.48935,35.95873],[139.48955,35.95653]]]},"properties":{"key":"112011420","name":"大字府川","pref":"埼玉県","prefCode":"11","municipality":"川越市","areaM2":1087750.075,"population":1825,"toponymIds":["11-079f7e78e9"]}},{"type":"Feature","geometry":{"type":"Polygon","coordinates":[[[139.48189,35.9485],[139.48182,35.94747],[139.48118,35.9475],[139.48116,35.947],[139.48134,35.9463],[139.48206,35.94644],[139.48176,35.94048],[139.48281,35.93954],[139.48555,35.93609],[139.48503,35.93582],[139.48497,35.93595],[139.47906,35.93414],[139.478,35.93477],[139.47568,35.93222],[139.47544,35.93175],[139.47405,35.93221],[139.47417,35.93233],[139.47319,35.93245],[139.4731,35.93258],[139.47298,35.9318],[139.47061,35.93167],[139.47457,35.94218],[139.47241,35.94244],[139.47263,35.94621],[139.47236,35.9479],[139.47093,35.94796],[139.47093,35.94835],[139.47235,35.94893],[139.47301,35.94935],[139.47349,35.94991],[139.47479,35.94984],[139.47584,35.94774],[139.4793,35.94759],[139.47972,35.9537],[139.48048,35.95523],[139.48053,35.95679],[139.48245,35.95649],[139.48189,35.9485]]]},"properties":{"key":"112011430","name":"大字山田","pref":"埼玉県","prefCode":"11","municipality":"川越市","areaM2":1698452.101,"population":5945,"toponymIds":["11-a1ad4fb1e4"]}},{"type":"Feature","geometry":{"type":"Polygon","coordinates":[[[139.38353,35.85886],[139.38414,35.85886],[139.38462,35.8584],[139.38502,35.85833],[139.38496,35.85753],[139.38543,35.85603],[139.38348,35.85602],[139.38128,35.8557],[139.38018,35.85867],[139.38091,35.85887],[139.38155,35.85952],[139.38235,35.85974],[139.38347,35.85952],[139.3833,35.85911],[139.38353,35.85886]]]},"properties":{"key":"11215024102","name":"根岸二丁目","pref":"埼玉県","prefCode":"11","municipality":"狭山市","areaM2":145090.985,"population":619,"toponymIds":["11-2dcd6df47a"]}},{"type":"Feature","geometry":{"type":"Polygon","coordinates":[[[139.42576,35.91177],[139.42585,35.91096],[139.42669,35.91126],[139.42622,35.91044],[139.42486,35.90939],[139.42204,35.90909],[139.42205,35.90811],[139.42042,35.9074],[139.42073,35.90695],[139.42017,35.90662],[139.4194,35.90565],[139.41858,35.90501],[139.41673,35.90652],[139.41798,35.90749],[139.41785,35.90834],[139.41756,35.90836],[139.41757,35.90886],[139.41607,35.90853],[139.4158,35.90935],[139.41508,35.91018],[139.41526,35.91061],[139.41562,35.91084],[139.41969,35.91199],[139.4198,35.91172],[139.42502,35.91364],[139.42576,35.91177]]]},"properties":{"key":"11201115001","name":"大字笠幡","pref":"埼玉県","prefCode":"11","municipality":"川越市","areaM2":439849.325,"population":2945,"toponymIds":["11-18dd33e5ef"]}},{"type":"Feature","geometry":{"type":"Polygon","coordinates":[[[139.38481,35.91015],[139.38489,35.91004],[139.38466,35.90996],[139.38434,35.91011],[139.38368,35.90985],[139.38374,35.90943],[139.38422,35.90954],[139.38411,35.90942],[139.38434,35.90904],[139.38421,35.90899],[139.38461,35.90892],[139.38466,35.90877],[139.38176,35.90893],[139.38156,35.909],[139.3811,35.90987],[139.38435,35.91122],[139.38463,35.91027],[139.38481,35.91015]]]},"properties":{"key":"11242040003","name":"高萩東三丁目","pref":"埼玉県","prefCode":"11","municipality":"日高市","areaM2":51953.349,"population":551,"toponymIds":["11-956e5aaf59"]}},{"type":"Feature","geometry":{"type":"Polygon","coordinates":[[[139.37483,35.93613],[139.37417,35.93588],[139.37204,35.93845],[139.37492,35.94058],[139.37525,35.9399],[139.37531,35.93913],[139.37586,35.93847],[139.37535,35.9379],[139.37574,35.93757],[139.37597,35.93702],[139.37483,35.93613]]]},"properties":{"key":"11241021001","name":"新町一丁目","pref":"埼玉県","prefCode":"11","municipality":"鶴ヶ島市","areaM2":100421.712,"population":810,"toponymIds":["11-e950283210"]}},{"type":"Feature","geometry":{"type":"Polygon","coordinates":[[[139.37582,35.87125],[139.37663,35.87061],[139.37558,35.86893],[139.3747,35.8687],[139.37447,35.86849],[139.37342,35.87028],[139.37232,35.87113],[139.37221,35.87072],[139.3715,35.87031],[139.36928,35.87071],[139.36937,35.87083],[139.36763,35.87134],[139.36528,35.87258],[139.3645,35.87321],[139.37006,35.87859],[139.3728,35.87621],[139.37272,35.87597],[139.37331,35.87515],[139.37328,35.87465],[139.37344,35.87431],[139.3743,35.87376],[139.37445,35.87349],[139.37424,35.87288],[139.37454,35.87223],[139.37582,35.87125]]]},"properties":{"key":"112420290","name":"大字馬引沢","pref":"埼玉県","prefCode":"11","municipality":"日高市","areaM2":548277.694,"population":125,"toponymIds":["11-8c758fe043"]}},{"type":"Feature","geometry":{"type":"Polygon","coordinates":[[[139.35118,35.8526],[139.35117,35.8519],[139.35484,35.8517],[139.36015,35.85227],[139.36027,35.85209],[139.36065,35.85238],[139.36238,35.8499],[139.36253,35.84837],[139.36227,35.8483],[139.36237,35.84804],[139.36256,35.84809],[139.36275,35.84682],[139.36308,35.84647],[139.36317,35.84627],[139.36306,35.8462],[139.36351,35.84576],[139.36349,35.84475],[139.36419,35.8427],[139.36092,35.84304],[139.35829,35.84231],[139.35612,35.84111],[139.35439,35.84042],[139.34904,35.83915],[139.34773,35.83831],[139.34533,35.83634],[139.34473,35.83855],[139.3448,35.83903],[139.34508,35.83926],[139.34496,35.83965],[139.34527,35.84144],[139.34517,35.84201],[139.34522,35.8429],[139.34535,35.84305],[139.34522,35.84314],[139.34545,35.8435],[139.34529,35.84356],[139.3454,35.84372],[139.34497,35.84408],[139.34519,35.84593],[139.34495,35.84629],[139.34492,35.8474],[139.34463,35.84812],[139.34448,35.84991],[139.34468,35.84995],[139.34471,35.85022],[139.34563,35.85036],[139.34634,35.8513],[139.34668,35.85122],[139.3466,35.85184],[139.3472,35.8519],[139.34718,35.85208],[139.34697,35.85207],[139.34695,35.85219],[139.35118,35.8526]]]},"properties":{"key":"112250390","name":"大字野田","pref":"埼玉県","prefCode":"11","municipality":"入間市","areaM2":2055748.895,"population":9457,"toponymIds":["11-75bed90d1e"]}},{"type":"Feature","geometry":{"type":"Polygon","coordinates":[[[139.32892,35.84965],[139.32915,35.84952],[139.32908,35.84927],[139.33041,35.84894],[139.33019,35.8485],[139.33002,35.8474],[139.32968,35.84691],[139.32999,35.84659],[139.32939,35.84623],[139.32952,35.84614],[139.32934,35.84592],[139.32975,35.84566],[139.32965,35.84553],[139.32924,35.84575],[139.32909,35.84546],[139.32925,35.84381],[139.32847,35.84295],[139.32805,35.84361],[139.32748,35.84333],[139.32734,35.84304],[139.32656,35.84296],[139.3267,35.84013],[139.32613,35.83885],[139.32662,35.83837],[139.32617,35.83818],[139.3261,35.83749],[139.32554,35.83757],[139.32405,35.83828],[139.32323,35.83895],[139.32254,35.83991],[139.32031,35.84219],[139.31844,35.84482],[139.31939,35.84534],[139.32009,35.84639],[139.32089,35.84677],[139.32091,35.84751],[139.32129,35.84791],[139.32119,35.84854],[139.32169,35.84974],[139.3215,35.85007],[139.32306,35.8496],[139.32442,35.84978],[139.32562,35.85057],[139.32593,35.85188],[139.32605,35.85187],[139.32604,35.85035],[139.32892,35.84965]]]},"properties":{"key":"11209034000","name":"大字川寺","pref":"埼玉県","prefCode":"11","municipality":"飯能市","areaM2":877616.641,"population":6175,"toponymIds":["11-8a39a38107"]}},{"type":"Feature","geometry":{"type":"Polygon","coordinates":[[[139.26298,35.85246],[139.26369,35.85249],[139.2643,35.85189],[139.26515,35.85184],[139.26599,35.85122],[139.2667,35.8512],[139.26724,35.85074],[139.26859,35.85049],[139.26895,35.85008],[139.26981,35.84991],[139.26987,35.8497],[139.27033,35.84942],[139.2714,35.84933],[139.27157,35.84885],[139.27183,35.8487],[139.27226,35.84887],[139.27249,35.8488],[139.27295,35.84849],[139.27288,35.84745],[139.27341,35.84718],[139.27389,35.84724],[139.27463,35.84695],[139.2747,35.84645],[139.27551,35.84621],[139.2758,35.84564],[139.27653,35.84568],[139.27693,35.84507],[139.27736,35.84515],[139.27762,35.84419],[139.27822,35.84402],[139.27869,35.84352],[139.27869,35.84322],[139.27903,35.84297],[139.27929,35.84307],[139.27936,35.84292],[139.27919,35.84282],[139.27965,35.84253],[139.28007,35.84196],[139.27974,35.84133],[139.27985,35.84009],[139.27974,35.83912],[139.27808,35.83964],[139.27698,35.83956],[139.2764,35.83933],[139.27604,35.83959],[139.27564,35.83961],[139.2711,35.83952],[139.27002,35.83884],[139.26875,35.83852],[139.26858,35.83813],[139.2674,35.83797],[139.26662,35.83808],[139.26519,35.83722],[139.26436,35.8374],[139.26311,35.83714],[139.26204,35.83671],[139.26131,35.83597],[139.26068,35.83583],[139.25911,35.83632],[139.25865,35.83712],[139.25655,35.83704],[139.25636,35.83765],[139.25481,35.83798],[139.25424,35.83794],[139.25116,35.83835],[139.2507,35.83867],[139.25065,35.83897],[139.25097,35.84019],[139.25069,35.84081],[139.25093,35.84144],[139.25021,35.84214],[139.25069,35.84256],[139.25122,35.84264],[139.25144,35.84235],[139.25239,35.84237],[139.25255,35.84216],[139.25322,35.84206],[139.25354,35.84213],[139.25366,35.84247],[139.2542,35.84275],[139.25553,35.84294],[139.25588,35.84288],[139.25639,35.84241],[139.25697,35.84222],[139.25961,35.84313],[139.25928,35.84606],[139.25871,35.84693],[139.25772,35.84961],[139.25758,35.85083],[139.2577,35.85152],[139.25809,35.85249],[139.25945,35.85372],[139.26012,35.85369],[139.26118,35.85301],[139.2627,35.85272],[139.26298,35.85246]]]},"properties":{"key":"112090430","name":"大字下直竹","pref":"埼玉県","prefCode":"11","municipality":"飯能市","areaM2":2742783.535,"population":304,"toponymIds":["11-4451b2d693"]}},{"type":"Feature","geometry":{"type":"Polygon","coordinates":[[[139.20932,35.86901],[139.2093,35.86888],[139.21159,35.86915],[139.21147,35.86874],[139.21037,35.86722],[139.21035,35.86679],[139.2107,35.86637],[139.21125,35.86627],[139.21272,35.86684],[139.21468,35.86686],[139.21515,35.86645],[139.21585,35.86463],[139.21621,35.86434],[139.21637,35.86439],[139.21701,35.8656],[139.21714,35.86555],[139.21766,35.8664],[139.219,35.86656],[139.21946,35.86576],[139.21968,35.86565],[139.22107,35.86589],[139.22391,35.86584],[139.22495,35.86565],[139.22557,35.86523],[139.22645,35.86495],[139.22709,35.86436],[139.22894,35.86397],[139.22989,35.86301],[139.2307,35.86298],[139.23109,35.86273],[139.2314,35.86273],[139.23218,35.86328],[139.23271,35.86289],[139.23295,35.86236],[139.23341,35.86257],[139.23399,35.86234],[139.23403,35.86083],[139.2335,35.86023],[139.23183,35.85953],[139.22872,35.85942],[139.22846,35.85959],[139.22825,35.86003],[139.22817,35.86174],[139.22861,35.86209],[139.22826,35.86237],[139.2271,35.86271],[139.22524,35.86258],[139.22357,35.86195],[139.22265,35.86142],[139.22261,35.8611],[139.22226,35.86078],[139.22263,35.85982],[139.22258,35.85917],[139.22288,35.85878],[139.22279,35.85848],[139.2218,35.8579],[139.2212,35.85701],[139.21999,35.85595],[139.21952,35.85489],[139.21954,35.85412],[139.21923,35.85358],[139.21706,35.8519],[139.21693,35.85128],[139.21756,35.84995],[139.21674,35.84849],[139.21637,35.84723],[139.21607,35.84726],[139.21555,35.84642],[139.21498,35.84588],[139.21454,35.84586],[139.21386,35.84554],[139.21296,35.84598],[139.21286,35.84661],[139.21261,35.84666],[139.21149,35.84661],[139.20992,35.84626],[139.20759,35.84661],[139.20624,35.84598],[139.20524,35.84508],[139.20492,35.84452],[139.20409,35.84474],[139.20356,35.84497],[139.20335,35.84524],[139.20379,35.84717],[139.20373,35.8474],[139.20207,35.84893],[139.20176,35.84976],[139.2018,35.85015],[139.20108,35.85097],[139.20107,35.85309],[139.20086,35.85395],[139.20118,35.85456],[139.20083,35.85552],[139.20092,35.85612],[139.20067,35.85746],[139.20095,35.85819],[139.20096,35.85867],[139.20042,35.85941],[139.19892,35.8607],[139.1984,35.8618],[139.19848,35.86301],[139.19928,35.86543],[139.19986,35.86517],[139.20061,35.86509],[139.20097,35.86523],[139.20153,35.8663],[139.2062,35.86679],[139.20512,35.86723],[139.20459,35.86787],[139.20482,35.868],[139.20609,35.86835],[139.20709,35.86759],[139.20917,35.86738],[139.20982,35.86746],[139.20951,35.8677],[139.20944,35.86813],[139.20878,35.86932],[139.20837,35.8697],[139.20833,35.87003],[139.20772,35.87099],[139.20896,35.87153],[139.20995,35.87152],[139.2102,35.87093],[139.2097,35.87013],[139.20932,35.86901]]]},"properties":{"key":"112090540","name":"大字赤沢","pref":"埼玉県","prefCode":"11","municipality":"飯能市","areaM2":4391687.732,"population":1020,"toponymIds":["11-2dad24c966"]}},{"type":"Feature","geometry":{"type":"Polygon","coordinates":[[[139.24002,35.87275],[139.23999,35.8721],[139.24264,35.87087],[139.24346,35.8703],[139.24287,35.86978],[139.24281,35.86955],[139.24318,35.86874],[139.24303,35.86764],[139.2426,35.86701],[139.24211,35.86577],[139.24161,35.86527],[139.24095,35.86555],[139.23986,35.86679],[139.23806,35.86592],[139.23769,35.86591],[139.23741,35.86609],[139.23721,35.86693],[139.23672,35.86743],[139.23289,35.86978],[139.23296,35.87061],[139.23327,35.87119],[139.2335,35.87214],[139.23442,35.87283],[139.23541,35.8729],[139.23658,35.87268],[139.23732,35.87288],[139.23871,35.87297],[139.24002,35.87275]]]},"properties":{"key":"112090530","name":"大字上赤工","pref":"埼玉県","prefCode":"11","municipality":"飯能市","areaM2":522645.482,"population":560,"toponymIds":["11-b252b959d7"]}},{"type":"Feature","geometry":{"type":"Polygon","coordinates":[[[139.21929,35.90301],[139.22003,35.90213],[139.22159,35.90159],[139.22145,35.90103],[139.22226,35.90023],[139.22277,35.90002],[139.22316,35.89998],[139.22369,35.90035],[139.22512,35.90024],[139.22682,35.89965],[139.22784,35.89966],[139.23035,35.89906],[139.23157,35.89903],[139.23361,35.89784],[139.23442,35.89725],[139.23458,35.89689],[139.23462,35.8957],[139.23447,35.8948],[139.23382,35.89446],[139.23296,35.89365],[139.23182,35.89467],[139.22711,35.89597],[139.22678,35.89254],[139.23087,35.88885],[139.22961,35.88829],[139.22885,35.88856],[139.22828,35.88852],[139.22808,35.88824],[139.22843,35.88773],[139.22834,35.88766],[139.22712,35.88794],[139.22632,35.8879],[139.22638,35.88757],[139.2269,35.88701],[139.22775,35.88649],[139.22822,35.8865],[139.22854,35.88633],[139.22866,35.88564],[139.22956,35.88441],[139.22975,35.8837],[139.23008,35.88384],[139.22996,35.88351],[139.22899,35.88251],[139.22861,35.88239],[139.22778,35.88247],[139.22741,35.88144],[139.22783,35.88057],[139.22786,35.87977],[139.22837,35.8791],[139.22849,35.87852],[139.22941,35.87749],[139.2295,35.87716],[139.22916,35.87714],[139.22939,35.87661],[139.23028,35.87699],[139.23038,35.876],[139.2302,35.87572],[139.22983,35.87565],[139.22949,35.87572],[139.22952,35.87599],[139.22875,35.87621],[139.22836,35.87529],[139.22787,35.87514],[139.22625,35.87518],[139.226,35.87532],[139.22444,35.87438],[139.22321,35.87333],[139.2218,35.87384],[139.22108,35.87485],[139.21977,35.87475],[139.21882,35.87519],[139.21777,35.87531],[139.2164,35.87515],[139.21569,35.87576],[139.21471,35.87602],[139.21407,35.87585],[139.21326,35.87629],[139.21259,35.87642],[139.21309,35.87707],[139.21344,35.87819],[139.2134,35.87915],[139.21361,35.87997],[139.21451,35.87973],[139.21479,35.87937],[139.21602,35.87908],[139.21704,35.8792],[139.21772,35.87892],[139.21824,35.87938],[139.21523,35.88318],[139.21497,35.88333],[139.21476,35.8839],[139.21386,35.88491],[139.21392,35.88621],[139.21215,35.88786],[139.2119,35.8886],[139.21236,35.88908],[139.21249,35.88945],[139.21316,35.89005],[139.21326,35.89072],[139.21481,35.89186],[139.21516,35.8926],[139.2161,35.89287],[139.21582,35.89468],[139.21593,35.90304],[139.21671,35.90379],[139.21869,35.90343],[139.21929,35.90301]]]},"properties":{"key":"112090580","name":"大字中藤上郷","pref":"埼玉県","prefCode":"11","municipality":"飯能市","areaM2":3856385.578,"population":227,"toponymIds":["11-06fff58801","11-5c159bc6f2"]}},{"type":"Feature","geometry":{"type":"Polygon","coordinates":[[[139.19194,35.90525],[139.19239,35.90509],[139.19467,35.9052],[139.19558,35.9049],[139.19562,35.90443],[139.19624,35.90401],[139.19711,35.90378],[139.19791,35.90335],[139.19893,35.90335],[139.1995,35.90363],[139.20017,35.90373],[139.20047,35.90365],[139.20113,35.90308],[139.20217,35.90289],[139.20217,35.90393],[139.2023,35.90422],[139.20274,35.90474],[139.20384,35.90531],[139.20409,35.90609],[139.20492,35.90734],[139.20612,35.90773],[139.20695,35.90753],[139.2091,35.90756],[139.20928,35.9071],[139.20915,35.90632],[139.20932,35.90588],[139.20912,35.90474],[139.20965,35.90365],[139.20995,35.90345],[139.21005,35.90292],[139.2119,35.90357],[139.21353,35.90499],[139.21422,35.90381],[139.21523,35.90298],[139.21591,35.90275],[139.21582,35.89468],[139.2161,35.89287],[139.21516,35.8926],[139.21481,35.89186],[139.21326,35.89072],[139.21316,35.89005],[139.21196,35.88871],[139.21193,35.8883],[139.21215,35.88786],[139.21392,35.88621],[139.21386,35.88491],[139.21476,35.8839],[139.21497,35.88333],[139.21523,35.88318],[139.21824,35.87938],[139.21772,35.87892],[139.21704,35.8792],[139.21602,35.87908],[139.21479,35.87937],[139.21451,35.87973],[139.21361,35.87997],[139.2134,35.87915],[139.21344,35.87819],[139.21309,35.87707],[139.21259,35.87642],[139.21134,35.87685],[139.21077,35.87674],[139.20828,35.87687],[139.20753,35.87777],[139.20678,35.87826],[139.2053,35.87817],[139.20436,35.87835],[139.20365,35.87901],[139.20314,35.87917],[139.2028,35.87963],[139.20175,35.88001],[139.20111,35.88009],[139.1978,35.87965],[139.19735,35.87997],[139.19649,35.88016],[139.19581,35.88076],[139.19424,35.88154],[139.19396,35.88186],[139.19387,35.88249],[139.19268,35.88299],[139.19183,35.88299],[139.19018,35.88445],[139.18927,35.88559],[139.18913,35.88638],[139.1897,35.88712],[139.18956,35.88791],[139.1897,35.8891],[139.18959,35.88963],[139.18851,35.89046],[139.18804,35.89129],[139.1867,35.89277],[139.18671,35.89309],[139.18707,35.89357],[139.18811,35.89388],[139.18806,35.89467],[139.18845,35.89646],[139.18792,35.89738],[139.18621,35.89772],[139.18513,35.89776],[139.18482,35.89819],[139.18348,35.8992],[139.18386,35.90001],[139.18374,35.90256],[139.18346,35.9032],[139.18376,35.90373],[139.18366,35.90444],[139.18411,35.90595],[139.18455,35.90662],[139.18501,35.90704],[139.18635,35.90762],[139.18809,35.90803],[139.18867,35.90802],[139.19122,35.90718],[139.19143,35.90569],[139.19194,35.90525]]]},"properties":{"key":"112090590","name":"大字南","pref":"埼玉県","prefCode":"11","municipality":"飯能市","areaM2":7185741.834,"population":85,"toponymIds":["11-0794d5c797","11-ce169085f5"]}},{"type":"Feature","geometry":{"type":"Polygon","coordinates":[[[139.22024,35.93105],[139.21988,35.9304],[139.21997,35.92948],[139.2197,35.92896],[139.21983,35.92734],[139.22013,35.927],[139.22022,35.92624],[139.21987,35.92493],[139.21954,35.92448],[139.21936,35.92372],[139.21881,35.92329],[139.21851,35.92274],[139.21691,35.92166],[139.21735,35.92125],[139.21733,35.92091],[139.21693,35.92032],[139.21573,35.92139],[139.21462,35.92197],[139.21321,35.9221],[139.21171,35.92321],[139.21142,35.92356],[139.21108,35.92458],[139.21137,35.92475],[139.21273,35.92493],[139.21211,35.92554],[139.21149,35.92574],[139.21136,35.92599],[139.21047,35.92619],[139.2101,35.92667],[139.20879,35.92638],[139.20805,35.92604],[139.2076,35.92625],[139.20761,35.92657],[139.20739,35.9268],[139.20679,35.92684],[139.20586,35.92647],[139.20538,35.92646],[139.20577,35.92698],[139.20625,35.92729],[139.20645,35.92776],[139.20754,35.92874],[139.20794,35.93125],[139.20745,35.93253],[139.20748,35.93321],[139.208,35.93286],[139.20822,35.93215],[139.20853,35.93185],[139.20947,35.93148],[139.20969,35.932],[139.21155,35.93286],[139.21186,35.93326],[139.21329,35.93337],[139.21383,35.93348],[139.21445,35.93389],[139.21511,35.93387],[139.2162,35.93357],[139.21389,35.93184],[139.21378,35.93155],[139.21453,35.93112],[139.21688,35.93083],[139.21723,35.93164],[139.21795,35.93161],[139.21785,35.93115],[139.21858,35.93114],[139.21872,35.9317],[139.21932,35.9317],[139.21914,35.93107],[139.22024,35.93105]]]},"properties":{"key":"112090630","name":"大字上長沢","pref":"埼玉県","prefCode":"11","municipality":"飯能市","areaM2":1077387.549,"population":10,"toponymIds":["11-ffc4e999dc"]}},{"type":"Feature","geometry":{"type":"Polygon","coordinates":[[[139.17222,35.93953],[139.17282,35.93917],[139.17477,35.9396],[139.17573,35.93958],[139.17602,35.9394],[139.17721,35.93922],[139.17906,35.93803],[139.1795,35.93735],[139.17964,35.93662],[139.18079,35.93698],[139.18121,35.93685],[139.18145,35.93731],[139.18106,35.93761],[139.1813,35.93777],[139.18285,35.9377],[139.18276,35.93833],[139.18314,35.93877],[139.18368,35.93845],[139.18436,35.93758],[139.18566,35.9378],[139.18556,35.93854],[139.18624,35.93991],[139.18687,35.94078],[139.18781,35.94093],[139.18817,35.94081],[139.18865,35.93962],[139.18926,35.93923],[139.19009,35.93907],[139.1903,35.93877],[139.19045,35.93797],[139.19008,35.93725],[139.19009,35.93644],[139.19106,35.93467],[139.19156,35.93439],[139.19216,35.93442],[139.19272,35.93422],[139.19359,35.93443],[139.19407,35.93393],[139.19474,35.93369],[139.1952,35.93331],[139.19576,35.93329],[139.19704,35.93263],[139.19717,35.93186],[139.19711,35.92937],[139.19696,35.92872],[139.19645,35.92779],[139.19602,35.92809],[139.1961,35.92752],[139.195,35.92666],[139.19403,35.92616],[139.19422,35.92576],[139.19402,35.9238],[139.19347,35.92307],[139.19363,35.92143],[139.19345,35.92101],[139.19352,35.9203],[139.19324,35.91995],[139.19277,35.91977],[139.19226,35.91999],[139.19182,35.91952],[139.19188,35.91878],[139.19173,35.91858],[139.19169,35.91779],[139.1924,35.9179],[139.1927,35.91776],[139.19264,35.91714],[139.19282,35.91678],[139.19184,35.916],[139.19178,35.91543],[139.19161,35.91528],[139.19062,35.915],[139.19025,35.91444],[139.19031,35.91407],[139.19009,35.91358],[139.19027,35.91276],[139.19007,35.91229],[139.19047,35.91112],[139.19033,35.90889],[139.19042,35.90747],[139.18867,35.90802],[139.18809,35.90803],[139.18635,35.90762],[139.18501,35.90704],[139.18357,35.90784],[139.18313,35.90874],[139.18272,35.90912],[139.18181,35.90941],[139.18018,35.91042],[139.17766,35.91085],[139.1766,35.91068],[139.17543,35.91158],[139.17461,35.91171],[139.17407,35.91166],[139.17346,35.9113],[139.17241,35.91125],[139.171,35.91162],[139.17049,35.91154],[139.16994,35.91127],[139.16915,35.91047],[139.1683,35.91022],[139.16787,35.91056],[139.1667,35.91224],[139.16561,35.91286],[139.16432,35.91331],[139.16385,35.91391],[139.16326,35.91433],[139.1626,35.91449],[139.16163,35.91513],[139.16093,35.91623],[139.16008,35.91697],[139.15979,35.91761],[139.1599,35.91854],[139.15904,35.9199],[139.15878,35.9207],[139.15962,35.92215],[139.15974,35.92338],[139.16011,35.92445],[139.16005,35.92494],[139.16057,35.92539],[139.16041,35.92643],[139.16095,35.92825],[139.16062,35.92902],[139.16047,35.93147],[139.16,35.93222],[139.15979,35.93322],[139.15907,35.93422],[139.15952,35.93539],[139.15926,35.93642],[139.15932,35.9375],[139.15994,35.9389],[139.16073,35.93947],[139.16076,35.93982],[139.16046,35.94054],[139.17022,35.9411],[139.17166,35.94006],[139.17178,35.9397],[139.17222,35.93953]]]},"properties":{"key":"112090670","name":"大字南川","pref":"埼玉県","prefCode":"11","municipality":"飯能市","areaM2":9548466.157,"population":417,"toponymIds":["11-7e92118ebc"]}},{"type":"Feature","geometry":{"type":"Polygon","coordinates":[[[139.05312,35.95002],[139.0532,35.94952],[139.05303,35.94897],[139.05322,35.94863],[139.05466,35.94792],[139.05505,35.94725],[139.05963,35.94878],[139.06011,35.94917],[139.06144,35.94975],[139.06263,35.94968],[139.06521,35.94812],[139.06727,35.94661],[139.06806,35.94625],[139.069,35.94595],[139.07254,35.94538],[139.07315,35.94509],[139.07428,35.94397],[139.07625,35.94253],[139.07681,35.94119],[139.07783,35.93962],[139.07831,35.9384],[139.07946,35.93874],[139.08121,35.93861],[139.08336,35.93775],[139.08402,35.93762],[139.0849,35.93768],[139.08584,35.93725],[139.08773,35.93689],[139.08873,35.93708],[139.08999,35.93687],[139.09097,35.93662],[139.09218,35.93564],[139.09433,35.93562],[139.09601,35.93676],[139.09571,35.93575],[139.09591,35.93548],[139.09772,35.93475],[139.09817,35.93433],[139.09826,35.93379],[139.09099,35.93157],[139.08935,35.93073],[139.08759,35.9311],[139.08535,35.93099],[139.08444,35.93062],[139.08414,35.93019],[139.08287,35.92974],[139.08241,35.9291],[139.08095,35.92931],[139.08075,35.92978],[139.08023,35.93031],[139.08,35.93103],[139.07888,35.93247],[139.07849,35.93224],[139.07816,35.93179],[139.07703,35.93115],[139.07578,35.93099],[139.07518,35.93016],[139.0749,35.93004],[139.07143,35.92916],[139.07065,35.92919],[139.0681,35.92809],[139.0685,35.92715],[139.06863,35.92629],[139.06852,35.92553],[139.06793,35.925],[139.06789,35.92313],[139.06804,35.92249],[139.06869,35.92208],[139.06996,35.92172],[139.06962,35.92086],[139.06952,35.92065],[139.06885,35.92027],[139.06852,35.91978],[139.06789,35.91939],[139.06595,35.91868],[139.06365,35.91837],[139.06336,35.91794],[139.0631,35.91646],[139.05917,35.91381],[139.05888,35.91302],[139.05912,35.91231],[139.05979,35.91134],[139.05844,35.90777],[139.05788,35.90478],[139.05737,35.90384],[139.05722,35.90313],[139.05633,35.90181],[139.05661,35.90016],[139.05624,35.89889],[139.05541,35.89844],[139.0549,35.89754],[139.05406,35.89709],[139.05326,35.89688],[139.05055,35.89681],[139.0493,35.89655],[139.04701,35.89522],[139.04653,35.89477],[139.04616,35.89391],[139.04572,35.89364],[139.0443,35.89339],[139.04322,35.89285],[139.04173,35.8926],[139.04103,35.89215],[139.04041,35.89212],[139.03921,35.89236],[139.03776,35.89228],[139.03682,35.89198],[139.03644,35.89144],[139.03536,35.89054],[139.0352,35.89002],[139.03428,35.89075],[139.0313,35.89179],[139.02957,35.89263],[139.02507,35.89546],[139.02412,35.897],[139.02383,35.89716],[139.02491,35.89853],[139.02479,35.89962],[139.02509,35.90088],[139.02496,35.90188],[139.02587,35.90331],[139.02609,35.90442],[139.02884,35.90582],[139.03113,35.90767],[139.03125,35.90858],[139.03117,35.91044],[139.02995,35.91176],[139.02979,35.91267],[139.03074,35.91609],[139.03077,35.91785],[139.03188,35.9193],[139.03302,35.92019],[139.03379,35.92136],[139.03753,35.92284],[139.03887,35.92437],[139.03909,35.92495],[139.03886,35.92645],[139.03942,35.92798],[139.0391,35.92953],[139.0393,35.93046],[139.04045,35.93133],[139.04133,35.93228],[139.04328,35.93308],[139.04471,35.93345],[139.04502,35.9348],[139.04497,35.93596],[139.04539,35.93771],[139.04524,35.93872],[139.04532,35.94036],[139.0439,35.9423],[139.04598,35.94348],[139.04772,35.94504],[139.04759,35.9456],[139.04658,35.94596],[139.04649,35.94671],[139.04697,35.94705],[139.04699,35.94837],[139.04735,35.94873],[139.04718,35.94926],[139.04635,35.94997],[139.04681,35.95074],[139.0489,35.94988],[139.04981,35.95002],[139.05051,35.95032],[139.05082,35.95087],[139.05118,35.95104],[139.05253,35.95101],[139.05312,35.95002]]]},"properties":{"key":"11207042001","name":"浦山","pref":"埼玉県","prefCode":"11","municipality":"秩父市","areaM2":18077597.32,"population":24,"toponymIds":["11-30367c685f","11-a93dda2b87"]}},{"type":"Feature","geometry":{"type":"Polygon","coordinates":[[[139.05203,35.96905],[139.05292,35.96861],[139.05412,35.96634],[139.05466,35.96594],[139.05585,35.96584],[139.05657,35.96657],[139.05751,35.96801],[139.05836,35.96727],[139.05859,35.96663],[139.05851,35.9663],[139.0578,35.96571],[139.05771,35.96542],[139.05719,35.96546],[139.05696,35.96525],[139.05723,35.96374],[139.05688,35.96316],[139.0545,35.96218],[139.05384,35.96292],[139.05336,35.96303],[139.05328,35.96352],[139.0542,35.9641],[139.05221,35.96435],[139.05097,35.96507],[139.05151,35.96543],[139.05123,35.96595],[139.05063,35.96619],[139.04995,35.96714],[139.05005,35.96894],[139.05203,35.96905]]]},"properties":{"key":"11207056001","name":"荒川上田野","pref":"埼玉県","prefCode":"11","municipality":"秩父市","areaM2":287597.606,"population":97,"toponymIds":["11-a4d0d69d2b"]}},{"type":"Feature","geometry":{"type":"Polygon","coordinates":[[[139.03792,35.97414],[139.03933,35.97295],[139.03994,35.97268],[139.04179,35.97249],[139.04362,35.97185],[139.04463,35.97201],[139.04533,35.97165],[139.04594,35.97166],[139.04615,35.97122],[139.04657,35.97102],[139.04896,35.97047],[139.0497,35.97062],[139.04983,35.97128],[139.05132,35.96977],[139.0521,35.96957],[139.05203,35.96905],[139.04964,35.96888],[139.04874,35.96854],[139.04628,35.96715],[139.04511,35.96628],[139.04365,35.9657],[139.04271,35.96496],[139.04149,35.96434],[139.04101,35.96424],[139.0389,35.96439],[139.0344,35.96346],[139.03405,35.96241],[139.02996,35.96138],[139.0283,35.96076],[139.0265,35.9597],[139.02535,35.95949],[139.02356,35.95975],[139.02213,35.96042],[139.02105,35.96209],[139.02066,35.96211],[139.02045,35.96242],[139.01957,35.96264],[139.0195,35.96304],[139.01905,35.96317],[139.01879,35.96345],[139.0183,35.96338],[139.01859,35.96374],[139.01813,35.96391],[139.01801,35.96419],[139.01753,35.96442],[139.01658,35.96601],[139.01675,35.96701],[139.01733,35.96699],[139.01871,35.96733],[139.0189,35.96758],[139.02006,35.96806],[139.02021,35.96856],[139.02136,35.96854],[139.02192,35.96827],[139.02259,35.96825],[139.02356,35.96793],[139.02452,35.96803],[139.02532,35.96848],[139.02589,35.96823],[139.02625,35.96826],[139.02653,35.96851],[139.02762,35.9685],[139.02869,35.9687],[139.02888,35.96921],[139.02869,35.96964],[139.0294,35.96993],[139.0299,35.97044],[139.0306,35.9705],[139.0311,35.97086],[139.03126,35.97122],[139.032,35.97178],[139.03234,35.97247],[139.03385,35.97274],[139.03488,35.97379],[139.0357,35.9733],[139.03667,35.97411],[139.03746,35.97399],[139.03783,35.97422],[139.03792,35.97414]]]},"properties":{"key":"11207031001","name":"久那","pref":"埼玉県","prefCode":"11","municipality":"秩父市","areaM2":2439798.241,"population":150,"toponymIds":["11-ba1182d880"]}},{"type":"Feature","geometry":{"type":"Polygon","coordinates":[[[139.07313,36.00095],[139.07415,36.00124],[139.07454,36.00118],[139.07455,36.00015],[139.07493,35.99954],[139.0757,35.99944],[139.0762,35.99917],[139.07659,35.99844],[139.07514,35.99778],[139.07443,35.99685],[139.0743,35.99629],[139.07318,35.99672],[139.07282,35.99654],[139.07199,35.99688],[139.07099,35.99702],[139.07076,35.9965],[139.07008,35.99736],[139.0699,35.99723],[139.0701,35.99647],[139.06879,35.99707],[139.06834,35.99924],[139.06829,36.00053],[139.06908,36.0018],[139.07245,36.00341],[139.07277,36.00238],[139.0727,36.00138],[139.07313,36.00095]]]},"properties":{"key":"11207012003","name":"中村町三丁目","pref":"埼玉県","prefCode":"11","municipality":"秩父市","areaM2":354525.674,"population":1156,"toponymIds":["11-7e51a88fc3"]}},{"type":"Feature","geometry":{"type":"Polygon","coordinates":[[[139.0676,35.98522],[139.06759,35.98466],[139.06713,35.98275],[139.06655,35.98227],[139.06415,35.9818],[139.06313,35.98183],[139.0631,35.98217],[139.06729,35.98522],[139.0676,35.98522]]]},"properties":{"key":"112070440","name":"和泉町","pref":"埼玉県","prefCode":"11","municipality":"秩父市","areaM2":71147.322,"population":36,"toponymIds":["11-4d44e26def"]}},{"type":"Feature","geometry":{"type":"Polygon","coordinates":[[[139.72655,35.84287],[139.7269,35.84299],[139.72757,35.84246],[139.729,35.84026],[139.72927,35.84039],[139.7298,35.83999],[139.73257,35.83963],[139.73411,35.83922],[139.7343,35.83961],[139.73482,35.83952],[139.73491,35.83904],[139.73422,35.8368],[139.73413,35.8353],[139.7343,35.83464],[139.73647,35.83034],[139.73578,35.83013],[139.73542,35.82958],[139.73548,35.82886],[139.73488,35.82884],[139.73473,35.82905],[139.73447,35.82832],[139.73394,35.82823],[139.73186,35.82871],[139.73179,35.82785],[139.73162,35.82785],[139.73162,35.8277],[139.73124,35.82777],[139.73111,35.8276],[139.72955,35.82795],[139.72959,35.82826],[139.72946,35.82839],[139.72871,35.82855],[139.72861,35.82822],[139.72807,35.82824],[139.72767,35.82637],[139.7272,35.82574],[139.72695,35.82566],[139.72645,35.82576],[139.72687,35.82724],[139.72698,35.82827],[139.72669,35.83151],[139.72551,35.83429],[139.72587,35.83489],[139.72543,35.83555],[139.72551,35.83581],[139.72394,35.83658],[139.7247,35.83721],[139.72434,35.83764],[139.72484,35.83811],[139.72542,35.83834],[139.72555,35.83858],[139.72544,35.83931],[139.72553,35.83952],[139.72539,35.83979],[139.72555,35.83992],[139.72541,35.84012],[139.72552,35.84022],[139.72536,35.84033],[139.7255,35.84045],[139.7253,35.84073],[139.72547,35.84088],[139.72531,35.84101],[139.72546,35.84115],[139.72508,35.84142],[139.72485,35.84256],[139.72561,35.84301],[139.72587,35.84282],[139.72623,35.84303],[139.72655,35.84287]]]},"properties":{"key":"112031110","name":"大字里","pref":"埼玉県","prefCode":"11","municipality":"川口市","areaM2":1174400.465,"population":10490,"toponymIds":["11-c769e49284"]}},{"type":"Feature","geometry":{"type":"Polygon","coordinates":[[[139.71842,35.85525],[139.7184,35.85475],[139.71873,35.85464],[139.71916,35.85401],[139.71885,35.85322],[139.71951,35.85279],[139.71991,35.85277],[139.72032,35.85232],[139.72029,35.85209],[139.71939,35.85198],[139.71809,35.85214],[139.71803,35.85268],[139.71551,35.85295],[139.71534,35.8519],[139.7182,35.85162],[139.71826,35.85125],[139.71982,35.85164],[139.71987,35.8513],[139.72067,35.85136],[139.72094,35.85145],[139.72091,35.85201],[139.72151,35.85343],[139.72401,35.8502],[139.7257,35.84831],[139.72573,35.84806],[139.72592,35.84814],[139.72565,35.84761],[139.72568,35.84713],[139.72531,35.84676],[139.72504,35.84606],[139.72464,35.84591],[139.72441,35.84615],[139.7245,35.84627],[139.72421,35.8464],[139.72364,35.84625],[139.72374,35.84589],[139.72363,35.84588],[139.72227,35.84671],[139.72199,35.84649],[139.72226,35.84595],[139.72091,35.84598],[139.72021,35.84633],[139.71988,35.84673],[139.72038,35.84764],[139.72037,35.84791],[139.72018,35.84819],[139.71948,35.84849],[139.71873,35.84806],[139.71819,35.84684],[139.7169,35.8473],[139.71696,35.84755],[139.71475,35.84778],[139.71411,35.84801],[139.71372,35.84788],[139.71381,35.84839],[139.71134,35.84866],[139.71141,35.84917],[139.71047,35.84927],[139.71059,35.84978],[139.71093,35.84974],[139.71102,35.85023],[139.71158,35.85017],[139.71169,35.85123],[139.71155,35.85125],[139.71183,35.85279],[139.71226,35.85274],[139.71242,35.85378],[139.71278,35.85374],[139.71285,35.85423],[139.71329,35.85418],[139.71378,35.85626],[139.71603,35.85602],[139.71595,35.85549],[139.71842,35.85525]]]},"properties":{"key":"112030510","name":"大字道合","pref":"埼玉県","prefCode":"11","municipality":"川口市","areaM2":826268.438,"population":4506,"toponymIds":["11-3c4d5c05be"]}},{"type":"Feature","geometry":{"type":"Polygon","coordinates":[[[139.66678,35.9893],[139.66763,35.98691],[139.6661,35.98623],[139.6656,35.98693],[139.66568,35.98737],[139.66517,35.98767],[139.66485,35.98911],[139.66466,35.98907],[139.66468,35.98941],[139.66398,35.99005],[139.66421,35.99129],[139.66579,35.99164],[139.66678,35.9893]]]},"properties":{"key":"11238032003","name":"藤ノ木三丁目","pref":"埼玉県","prefCode":"11","municipality":"蓮田市","areaM2":102878.407,"population":538,"toponymIds":["11-97c96defa3"]}},{"type":"Feature","geometry":{"type":"Polygon","coordinates":[[[139.69368,35.94288],[139.69425,35.94288],[139.69607,35.94338],[139.69627,35.94204],[139.68773,35.94048],[139.68628,35.94252],[139.69216,35.94456],[139.69289,35.94402],[139.69319,35.94333],[139.69368,35.94288]]]},"properties":{"key":"11110065004","name":"加倉四丁目","pref":"埼玉県","prefCode":"11","municipality":"さいたま市岩槻区","areaM2":215695.206,"population":1472,"toponymIds":["11-0841a50bfa"]}},{"type":"Feature","geometry":{"type":"Polygon","coordinates":[[[139.66014,35.93506],[139.66148,35.93487],[139.6623,35.93496],[139.66247,35.93409],[139.663,35.93431],[139.66354,35.93429],[139.66461,35.93315],[139.66518,35.93133],[139.66753,35.9282],[139.6667,35.92779],[139.66626,35.92822],[139.66616,35.92786],[139.66535,35.92718],[139.66495,35.92633],[139.66547,35.92612],[139.66564,35.9256],[139.66624,35.9248],[139.66625,35.92417],[139.66711,35.92403],[139.66744,35.92377],[139.66775,35.9231],[139.66739,35.92295],[139.66692,35.92241],[139.66703,35.92233],[139.66657,35.92198],[139.66576,35.92208],[139.66525,35.92184],[139.66518,35.92158],[139.6645,35.92115],[139.66384,35.92034],[139.66328,35.92015],[139.66321,35.92029],[139.6603,35.91915],[139.6597,35.91964],[139.6595,35.92033],[139.65858,35.92071],[139.65783,35.92217],[139.65645,35.92241],[139.65551,35.92285],[139.65637,35.92353],[139.65708,35.92467],[139.65785,35.92522],[139.65793,35.92549],[139.65883,35.92588],[139.65924,35.92671],[139.65968,35.92677],[139.65996,35.92857],[139.65985,35.92984],[139.65815,35.93017],[139.65501,35.92995],[139.65288,35.93347],[139.6544,35.93421],[139.65508,35.93432],[139.65529,35.93459],[139.65655,35.93447],[139.65673,35.93517],[139.65753,35.93503],[139.65929,35.93524],[139.66014,35.93506]]]},"properties":{"key":"111040270","name":"大字蓮沼","pref":"埼玉県","prefCode":"11","municipality":"さいたま市見沼区","areaM2":1290841.854,"population":10399,"toponymIds":["11-680ac4d4c3"]}},{"type":"Feature","geometry":{"type":"Polygon","coordinates":[[[139.6603,35.91915],[139.66018,35.91898],[139.66039,35.91865],[139.66068,35.91855],[139.66052,35.9184],[139.66103,35.91752],[139.66069,35.91694],[139.66097,35.91612],[139.6611,35.91489],[139.66042,35.915],[139.66032,35.90968],[139.65463,35.91389],[139.6527,35.91358],[139.65225,35.91584],[139.65135,35.91577],[139.64809,35.9153],[139.64825,35.91389],[139.65188,35.91026],[139.65316,35.91174],[139.65372,35.9096],[139.65333,35.90967],[139.65308,35.9092],[139.65237,35.90958],[139.65138,35.90935],[139.65018,35.9087],[139.64938,35.90982],[139.64913,35.91132],[139.64798,35.91201],[139.64764,35.91303],[139.64706,35.91347],[139.64671,35.91442],[139.64468,35.91678],[139.6475,35.91707],[139.64763,35.91897],[139.6489,35.91911],[139.65077,35.91994],[139.65203,35.92062],[139.6534,35.92162],[139.65466,35.92219],[139.65551,35.92285],[139.65645,35.92241],[139.65783,35.92217],[139.65858,35.92071],[139.6595,35.92033],[139.6597,35.91964],[139.6603,35.91915]]]},"properties":{"key":"111040160","name":"大字南中丸","pref":"埼玉県","prefCode":"11","municipality":"さいたま市見沼区","areaM2":1140773.411,"population":9676,"toponymIds":["11-9623a2759f"]}},{"type":"Feature","geometry":{"type":"Polygon","coordinates":[[[139.68386,35.91532],[139.68552,35.91485],[139.68688,35.91408],[139.68832,35.91299],[139.68783,35.91265],[139.68462,35.91188],[139.68351,35.91106],[139.68357,35.91094],[139.6819,35.91122],[139.68097,35.91115],[139.6803,35.91208],[139.6819,35.91236],[139.68143,35.9131],[139.68096,35.91301],[139.68023,35.91502],[139.68236,35.91533],[139.6828,35.91584],[139.68325,35.91582],[139.68386,35.91532]]]},"properties":{"key":"11104010001","name":"染谷一丁目","pref":"埼玉県","prefCode":"11","municipality":"さいたま市見沼区","areaM2":227875.071,"population":216,"toponymIds":["11-174824c1e2"]}},{"type":"Feature","geometry":{"type":"Polygon","coordinates":[[[139.69019,35.88971],[139.68981,35.88914],[139.69023,35.88912],[139.69039,35.8889],[139.6903,35.88865],[139.68959,35.88818],[139.68993,35.88777],[139.68969,35.88756],[139.6894,35.88784],[139.68818,35.8879],[139.68802,35.88723],[139.68623,35.88588],[139.68484,35.88753],[139.68437,35.88915],[139.68435,35.88949],[139.6876,35.89096],[139.6894,35.89142],[139.68958,35.89144],[139.68948,35.89042],[139.6901,35.89024],[139.69002,35.88997],[139.69023,35.88991],[139.69019,35.88971]]]},"properties":{"key":"11109010002","name":"馬場二丁目","pref":"埼玉県","prefCode":"11","municipality":"さいたま市緑区","areaM2":194454.131,"population":1537,"toponymIds":["11-43ec89a4d7"]}},{"type":"Feature","geometry":{"type":"Polygon","coordinates":[[[139.70549,35.86972],[139.70546,35.8696],[139.70469,35.8696],[139.70383,35.86937],[139.70207,35.86844],[139.699,35.87238],[139.70329,35.87497],[139.70455,35.8736],[139.70507,35.8728],[139.7054,35.87143],[139.70549,35.86972]]]},"properties":{"key":"11109034007","name":"東浦和七丁目","pref":"埼玉県","prefCode":"11","municipality":"さいたま市緑区","areaM2":250881.026,"population":2722,"toponymIds":["11-ccc51b4cea"]}},{"type":"Feature","geometry":{"type":"Polygon","coordinates":[[[139.70729,35.85326],[139.70988,35.853],[139.7078,35.84992],[139.70768,35.84891],[139.70795,35.84797],[139.70577,35.84759],[139.70574,35.84817],[139.70427,35.84844],[139.70442,35.8497],[139.70352,35.85262],[139.70634,35.85325],[139.70729,35.85326]]]},"properties":{"key":"112030630","name":"柳根町","pref":"埼玉県","prefCode":"11","municipality":"川口市","areaM2":222727.932,"population":1678,"toponymIds":["11-7618aecacc"]}},{"type":"Feature","geometry":{"type":"Polygon","coordinates":[[[139.63438,35.84822],[139.63347,35.84821],[139.63326,35.84875],[139.63324,35.84978],[139.63654,35.85145],[139.63661,35.85115],[139.63609,35.84944],[139.63482,35.84936],[139.63498,35.84826],[139.63438,35.84822]]]},"properties":{"key":"11108014002","name":"関二丁目","pref":"埼玉県","prefCode":"11","municipality":"さいたま市南区","areaM2":55165.815,"population":610,"toponymIds":["11-5e57611168"]}},{"type":"Feature","geometry":{"type":"Polygon","coordinates":[[[139.66044,35.8416],[139.66034,35.84104],[139.65873,35.84337],[139.6589,35.84441],[139.65843,35.84624],[139.66117,35.84612],[139.66044,35.8416]]]},"properties":{"key":"11108012004","name":"根岸四丁目","pref":"埼玉県","prefCode":"11","municipality":"さいたま市南区","areaM2":85611.409,"population":1254,"toponymIds":["11-45419f4bc6"]}},{"type":"Feature","geometry":{"type":"Polygon","coordinates":[[[139.66986,35.84057],[139.66718,35.84046],[139.66616,35.84288],[139.66543,35.84393],[139.66941,35.84515],[139.67011,35.84429],[139.67041,35.8422],[139.67083,35.84165],[139.67078,35.84127],[139.67107,35.84078],[139.66986,35.84057]]]},"properties":{"key":"11108010002","name":"文蔵二丁目","pref":"埼玉県","prefCode":"11","municipality":"さいたま市南区","areaM2":169827.023,"population":3080,"toponymIds":["11-9404630205"]}},{"type":"Feature","geometry":{"type":"Polygon","coordinates":[[[139.61723,35.87128],[139.61877,35.86953],[139.61904,35.86932],[139.61992,35.86913],[139.6142,35.86749],[139.61601,35.87062],[139.61607,35.87119],[139.61723,35.87128]]]},"properties":{"key":"11106009004","name":"栄和四丁目","pref":"埼玉県","prefCode":"11","municipality":"さいたま市桜区","areaM2":93494.983,"population":1203,"toponymIds":["11-03aaf71a5b"]}},{"type":"Feature","geometry":{"type":"Polygon","coordinates":[[[139.60115,35.8725],[139.59967,35.86958],[139.59951,35.86879],[139.60095,35.86513],[139.60005,35.86494],[139.5975,35.86397],[139.59743,35.86388],[139.59765,35.86372],[139.59742,35.86345],[139.5976,35.86337],[139.59662,35.8629],[139.59631,35.86297],[139.59619,35.86262],[139.59531,35.86246],[139.5943,35.86255],[139.59335,35.86415],[139.59262,35.86506],[139.59294,35.86508],[139.5928,35.86552],[139.59323,35.86696],[139.59398,35.86833],[139.59475,35.86902],[139.59557,35.86951],[139.59495,35.87012],[139.59559,35.87071],[139.59638,35.87191],[139.59756,35.87128],[139.59822,35.87278],[139.59833,35.87412],[139.60101,35.87392],[139.60141,35.87361],[139.60115,35.8725]]]},"properties":{"key":"111060190","name":"大字五関","pref":"埼玉県","prefCode":"11","municipality":"さいたま市桜区","areaM2":570095.016,"population":1950,"toponymIds":["11-bbc6acc03b"]}},{"type":"Feature","geometry":{"type":"Polygon","coordinates":[[[139.56599,35.86247],[139.56554,35.86222],[139.56447,35.8638],[139.56166,35.86609],[139.56599,35.86845],[139.56917,35.86456],[139.5658,35.86271],[139.56599,35.86247]]]},"properties":{"key":"112350270","name":"みどり野南","pref":"埼玉県","prefCode":"11","municipality":"富士見市","areaM2":222972.585,"population":115,"toponymIds":["11-2ba34046b9"]}},{"type":"Feature","geometry":{"type":"Polygon","coordinates":[[[139.54832,35.85732],[139.54766,35.85706],[139.54636,35.85865],[139.54511,35.86081],[139.54425,35.86117],[139.5441,35.86197],[139.54427,35.86214],[139.54416,35.86237],[139.54434,35.86263],[139.54422,35.86274],[139.54466,35.86301],[139.54707,35.86381],[139.55093,35.85837],[139.54832,35.85732]]]},"properties":{"key":"11235009001","name":"山室一丁目","pref":"埼玉県","prefCode":"11","municipality":"富士見市","areaM2":233724.896,"population":511,"toponymIds":["11-d87a11eb25"]}},{"type":"Feature","geometry":{"type":"Polygon","coordinates":[[[139.56091,35.84935],[139.56055,35.84911],[139.56243,35.8491],[139.56233,35.84897],[139.56248,35.84838],[139.56281,35.84812],[139.56204,35.8474],[139.56217,35.84707],[139.5617,35.84751],[139.5613,35.84766],[139.56127,35.8479],[139.56064,35.84801],[139.56074,35.84819],[139.55994,35.84839],[139.55944,35.84826],[139.55958,35.84873],[139.55927,35.84908],[139.5594,35.84918],[139.55971,35.84904],[139.55941,35.84933],[139.56001,35.85002],[139.56091,35.84935]]]},"properties":{"key":"11235023001","name":"貝塚一丁目","pref":"埼玉県","prefCode":"11","municipality":"富士見市","areaM2":44164.623,"population":883,"toponymIds":["11-d360b7ad79"]}},{"type":"Feature","geometry":{"type":"Polygon","coordinates":[[[139.54207,35.84866],[139.54252,35.84758],[139.54255,35.84677],[139.54289,35.8462],[139.5414,35.84443],[139.5374,35.847],[139.53906,35.84801],[139.54207,35.84866]]]},"properties":{"key":"11235015001","name":"鶴瀬東一丁目","pref":"埼玉県","prefCode":"11","municipality":"富士見市","areaM2":128123.688,"population":1603,"toponymIds":["11-e338344e59"]}},{"type":"Feature","geometry":{"type":"Polygon","coordinates":[[[139.54333,35.93267],[139.5436,35.93249],[139.5468,35.93419],[139.54784,35.93427],[139.55038,35.93141],[139.55086,35.93033],[139.55063,35.92893],[139.55124,35.92891],[139.55036,35.92856],[139.55029,35.92697],[139.55056,35.92623],[139.55016,35.92597],[139.54853,35.9274],[139.5478,35.92666],[139.54687,35.92717],[139.54588,35.92639],[139.54645,35.925],[139.54726,35.92449],[139.54629,35.92352],[139.54685,35.92286],[139.54617,35.92269],[139.54589,35.92222],[139.54605,35.92193],[139.54677,35.92186],[139.54708,35.92136],[139.5476,35.92103],[139.54787,35.92053],[139.54776,35.92023],[139.54792,35.91991],[139.54883,35.91926],[139.54899,35.91898],[139.54948,35.91903],[139.54958,35.91806],[139.55006,35.91804],[139.55033,35.91786],[139.55004,35.91733],[139.54971,35.91729],[139.54966,35.91702],[139.54997,35.91661],[139.55013,35.91599],[139.54943,35.91559],[139.54929,35.91535],[139.54991,35.91493],[139.54922,35.91449],[139.54937,35.91403],[139.54898,35.91359],[139.54842,35.9124],[139.54882,35.91163],[139.54999,35.91079],[139.55061,35.91104],[139.55096,35.91102],[139.55166,35.91056],[139.55208,35.91004],[139.55218,35.9094],[139.55184,35.90874],[139.55194,35.90785],[139.55176,35.90739],[139.55188,35.90717],[139.55252,35.90696],[139.55369,35.90693],[139.55404,35.90672],[139.55416,35.90539],[139.55401,35.90496],[139.55496,35.90448],[139.5541,35.90156],[139.55047,35.90454],[139.54835,35.90548],[139.54202,35.9098],[139.53998,35.91085],[139.5391,35.91183],[139.5387,35.91273],[139.53738,35.91256],[139.53576,35.91266],[139.53163,35.91382],[139.53148,35.91368],[139.53169,35.91346],[139.53168,35.91317],[139.53144,35.91254],[139.5339,35.9117],[139.53218,35.90884],[139.53184,35.90905],[139.52978,35.90754],[139.52596,35.91107],[139.52508,35.91044],[139.52426,35.91031],[139.52415,35.91113],[139.52142,35.91062],[139.5218,35.91013],[139.51686,35.91008],[139.51677,35.91247],[139.51447,35.91244],[139.51444,35.91389],[139.51561,35.91389],[139.51558,35.91611],[139.51325,35.91609],[139.51321,35.91878],[139.50971,35.91917],[139.5098,35.91938],[139.50957,35.91941],[139.50951,35.92025],[139.51071,35.92016],[139.51073,35.91996],[139.51181,35.9207],[139.51409,35.92134],[139.51469,35.92275],[139.51461,35.92333],[139.51421,35.92415],[139.5144,35.9242],[139.51509,35.92287],[139.51534,35.92189],[139.51505,35.92099],[139.51543,35.91987],[139.51605,35.92009],[139.51623,35.91981],[139.51874,35.92093],[139.51932,35.92146],[139.51923,35.92209],[139.51804,35.92337],[139.51666,35.92545],[139.51743,35.92563],[139.52037,35.92684],[139.52307,35.92743],[139.52384,35.92647],[139.52437,35.9262],[139.52457,35.92774],[139.52513,35.92764],[139.52502,35.92715],[139.52515,35.92668],[139.52606,35.92603],[139.52688,35.92581],[139.52985,35.92573],[139.5303,35.92552],[139.53282,35.92334],[139.53418,35.92309],[139.53478,35.92316],[139.536,35.92386],[139.53549,35.92627],[139.53499,35.92639],[139.535,35.92692],[139.53414,35.92804],[139.53381,35.92897],[139.53437,35.92969],[139.53505,35.92984],[139.53494,35.93071],[139.53953,35.93111],[139.53952,35.93231],[139.53979,35.93436],[139.54022,35.93487],[139.54211,35.93388],[139.54207,35.93364],[139.54262,35.93356],[139.54333,35.93267]]]},"properties":{"key":"112010690","name":"大字古谷上","pref":"埼玉県","prefCode":"11","municipality":"川越市","areaM2":6557388.831,"population":6190,"toponymIds":["11-d980b5059f"]}},{"type":"Feature","geometry":{"type":"Polygon","coordinates":[[[139.56266,35.93372],[139.56172,35.93307],[139.56126,35.93293],[139.56085,35.93171],[139.56082,35.93121],[139.56136,35.92982],[139.56054,35.92971],[139.56084,35.92897],[139.56079,35.92855],[139.56051,35.92851],[139.56059,35.92797],[139.56048,35.9279],[139.56076,35.92708],[139.56104,35.92715],[139.56123,35.92669],[139.56151,35.9268],[139.56121,35.92734],[139.56139,35.92741],[139.56238,35.92621],[139.56186,35.92578],[139.5616,35.92592],[139.56102,35.9258],[139.56073,35.92647],[139.56112,35.92655],[139.56059,35.92715],[139.56035,35.92779],[139.5597,35.92823],[139.55959,35.92862],[139.55901,35.92869],[139.55918,35.92931],[139.55931,35.9293],[139.55922,35.92898],[139.56032,35.92849],[139.56038,35.92876],[139.56068,35.92887],[139.56071,35.92901],[139.5599,35.93001],[139.55945,35.92984],[139.55957,35.9296],[139.55922,35.92945],[139.55896,35.92991],[139.5597,35.93019],[139.55955,35.9303],[139.55893,35.93029],[139.55862,35.93076],[139.55803,35.93068],[139.55798,35.93162],[139.55921,35.93186],[139.55896,35.93248],[139.55846,35.93242],[139.5581,35.93255],[139.55792,35.93304],[139.55815,35.93309],[139.55809,35.93329],[139.55773,35.93329],[139.55773,35.93372],[139.55749,35.93371],[139.55742,35.93397],[139.55795,35.93411],[139.55888,35.93363],[139.55926,35.93382],[139.55937,35.93503],[139.55854,35.93608],[139.55847,35.9374],[139.56125,35.94018],[139.56216,35.94066],[139.56238,35.94101],[139.56295,35.9411],[139.56321,35.94073],[139.5634,35.94071],[139.56369,35.93951],[139.56417,35.93839],[139.56381,35.93759],[139.56411,35.93621],[139.5641,35.93529],[139.56439,35.93526],[139.56448,35.9348],[139.56402,35.93426],[139.56266,35.93372]]]},"properties":{"key":"112190210","name":"大字上野本郷","pref":"埼玉県","prefCode":"11","municipality":"上尾市","areaM2":448833.512,"population":427,"toponymIds":["11-3cbad268e8"]}},{"type":"Feature","geometry":{"type":"Polygon","coordinates":[[[139.60749,35.95267],[139.60794,35.95206],[139.60836,35.95219],[139.6092,35.95034],[139.60995,35.95053],[139.61046,35.94989],[139.6103,35.94982],[139.61073,35.94873],[139.61152,35.94777],[139.61261,35.94731],[139.61301,35.9476],[139.61339,35.94726],[139.61387,35.9474],[139.6149,35.94656],[139.61703,35.94604],[139.61684,35.94582],[139.61657,35.94589],[139.61609,35.94539],[139.61548,35.94536],[139.61558,35.94491],[139.61522,35.94435],[139.61528,35.94425],[139.61295,35.94357],[139.61298,35.94339],[139.61275,35.9433],[139.6111,35.94286],[139.61053,35.94245],[139.61079,35.942],[139.60953,35.94154],[139.60884,35.94347],[139.60798,35.94343],[139.60816,35.94407],[139.60779,35.94476],[139.60598,35.94599],[139.60475,35.94773],[139.60155,35.95016],[139.60081,35.95095],[139.60343,35.95187],[139.6031,35.95233],[139.60699,35.9536],[139.60749,35.95267]]]},"properties":{"key":"11102005004","name":"宮原町四丁目","pref":"埼玉県","prefCode":"11","municipality":"さいたま市北区","areaM2":749602.193,"population":6244,"toponymIds":["11-0518aaa0e7"]}},{"type":"Feature","geometry":{"type":"Polygon","coordinates":[[[139.60342,35.97653],[139.60283,35.97543],[139.60394,35.97396],[139.60213,35.97278],[139.60157,35.97275],[139.60159,35.97251],[139.60093,35.97195],[139.60053,35.97176],[139.59765,35.97378],[139.60173,35.9767],[139.60345,35.97706],[139.60342,35.97653]]]},"properties":{"key":"11219008001","name":"東町一丁目","pref":"埼玉県","prefCode":"11","municipality":"上尾市","areaM2":168981.252,"population":1550,"toponymIds":["11-9a888a6e7c"]}},{"type":"Feature","geometry":{"type":"Polygon","coordinates":[[[139.59794,36.0016],[139.59851,36.00103],[139.59897,36.00127],[139.59965,36.00061],[139.59808,35.99996],[139.59729,35.99994],[139.59597,35.99944],[139.59411,36.00225],[139.59618,36.00335],[139.59794,36.0016]]]},"properties":{"key":"11219043002","name":"菅谷二丁目","pref":"埼玉県","prefCode":"11","municipality":"上尾市","areaM2":106461.742,"population":122,"toponymIds":["11-5a33110fae"]}},{"type":"Feature","geometry":{"type":"Polygon","coordinates":[[[139.57308,35.78198],[139.57413,35.78107],[139.57514,35.78159],[139.57737,35.78062],[139.57866,35.781],[139.57815,35.78042],[139.57781,35.7791],[139.57687,35.77762],[139.57627,35.77738],[139.57328,35.7775],[139.57115,35.77717],[139.5709,35.77833],[139.57308,35.78198]]]},"properties":{"key":"11230014003","name":"馬場三丁目","pref":"埼玉県","prefCode":"11","municipality":"新座市","areaM2":236770.317,"population":1279,"toponymIds":["11-9032aabc27"]}},{"type":"Feature","geometry":{"type":"Polygon","coordinates":[[[139.61712,35.81109],[139.61579,35.80872],[139.61517,35.80686],[139.61486,35.80646],[139.61522,35.80622],[139.61447,35.80546],[139.61477,35.80454],[139.61437,35.80354],[139.61432,35.80252],[139.61415,35.80258],[139.61407,35.80309],[139.6125,35.80503],[139.61049,35.80664],[139.61585,35.81192],[139.61712,35.81109]]]},"properties":{"key":"112270100","name":"大字台","pref":"埼玉県","prefCode":"11","municipality":"朝霞市","areaM2":231153.477,"population":7,"toponymIds":["11-355c8b815c"]}},{"type":"Feature","geometry":{"type":"Polygon","coordinates":[[[139.60895,35.81046],[139.61123,35.80888],[139.60962,35.80728],[139.61214,35.80535],[139.61289,35.80457],[139.61278,35.80445],[139.61129,35.80453],[139.60951,35.80492],[139.60856,35.80463],[139.60693,35.80381],[139.60647,35.80383],[139.60692,35.80472],[139.60807,35.80587],[139.60818,35.80618],[139.60806,35.80656],[139.60719,35.80739],[139.60722,35.8088],[139.60674,35.81014],[139.60678,35.81046],[139.60756,35.81049],[139.6086,35.81082],[139.60895,35.81046]]]},"properties":{"key":"11227013003","name":"根岸台三丁目","pref":"埼玉県","prefCode":"11","municipality":"朝霞市","areaM2":210461.341,"population":1984,"toponymIds":["11-c446a90117"]}},{"type":"Feature","geometry":{"type":"Polygon","coordinates":[[[139.62131,35.80777],[139.62156,35.80752],[139.62221,35.80752],[139.62398,35.80664],[139.62039,35.80271],[139.61518,35.80619],[139.61653,35.80701],[139.61682,35.80762],[139.61722,35.80742],[139.61755,35.80802],[139.6179,35.80933],[139.61806,35.80945],[139.61887,35.80947],[139.61921,35.8093],[139.62131,35.80777]]]},"properties":{"key":"11229004006","name":"新倉六丁目","pref":"埼玉県","prefCode":"11","municipality":"和光市","areaM2":292688.952,"population":0,"toponymIds":["11-8a8e20153f"]}},{"type":"Feature","geometry":{"type":"Polygon","coordinates":[[[139.64074,35.79566],[139.63964,35.79547],[139.64025,35.79523],[139.64021,35.7949],[139.64008,35.79492],[139.63993,35.79397],[139.63951,35.79383],[139.63947,35.79366],[139.63917,35.79372],[139.63892,35.79314],[139.63919,35.79305],[139.63911,35.79286],[139.63885,35.79295],[139.63881,35.79269],[139.63798,35.79277],[139.63857,35.7937],[139.63881,35.79517],[139.63941,35.79676],[139.64031,35.79666],[139.64055,35.79641],[139.64074,35.79566]]]},"properties":{"key":"11229001004","name":"白子四丁目","pref":"埼玉県","prefCode":"11","municipality":"和光市","areaM2":45922.183,"population":218,"toponymIds":["11-a249e33de3"]}},{"type":"Feature","geometry":{"type":"Polygon","coordinates":[[[139.64332,35.80565],[139.64287,35.80623],[139.64188,35.8083],[139.64092,35.81148],[139.64304,35.81334],[139.64426,35.81216],[139.64665,35.81028],[139.64573,35.80948],[139.64641,35.80887],[139.64655,35.80743],[139.64457,35.80687],[139.64332,35.80565]]]},"properties":{"key":"11224018007","name":"笹目七丁目","pref":"埼玉県","prefCode":"11","municipality":"戸田市","areaM2":261889.878,"population":1080,"toponymIds":["11-83556340c8"]}},{"type":"Feature","geometry":{"type":"Polygon","coordinates":[[[139.72691,35.82881],[139.72699,35.82789],[139.72602,35.8237],[139.72613,35.82313],[139.72647,35.82272],[139.72673,35.82252],[139.72736,35.82252],[139.72764,35.82233],[139.72775,35.82199],[139.72729,35.82167],[139.72728,35.8211],[139.72622,35.82219],[139.72364,35.82277],[139.72293,35.82336],[139.72223,35.83003],[139.7268,35.83056],[139.72691,35.82881]]]},"properties":{"key":"11203023002","name":"上青木二丁目","pref":"埼玉県","prefCode":"11","municipality":"川口市","areaM2":315273.387,"population":2639,"toponymIds":["11-9e480043f6"]}},{"type":"Feature","geometry":{"type":"Polygon","coordinates":[[[139.72004,35.81888],[139.72005,35.81817],[139.71555,35.81799],[139.71534,35.82016],[139.71961,35.82096],[139.72004,35.81888]]]},"properties":{"key":"11203020005","name":"中青木五丁目","pref":"埼玉県","prefCode":"11","municipality":"川口市","areaM2":109521.606,"population":1036,"toponymIds":["11-5ec22f0b1a"]}},{"type":"Feature","geometry":{"type":"Polygon","coordinates":[[[139.71579,35.82891],[139.71545,35.82885],[139.71375,35.82914],[139.7141,35.83168],[139.71399,35.83298],[139.71756,35.83323],[139.71741,35.82918],[139.71579,35.82891]]]},"properties":{"key":"11203022005","name":"上青木西五丁目","pref":"埼玉県","prefCode":"11","municipality":"川口市","areaM2":145471.919,"population":2149,"toponymIds":["11-1878ecea4c"]}},{"type":"Feature","geometry":{"type":"Polygon","coordinates":[[[139.74666,35.79966],[139.74547,35.79962],[139.74539,35.80157],[139.74446,35.80249],[139.74648,35.80389],[139.75041,35.7998],[139.74666,35.79966]]]},"properties":{"key":"11203031001","name":"弥平一丁目","pref":"埼玉県","prefCode":"11","municipality":"川口市","areaM2":131984.474,"population":2158,"toponymIds":["11-8513b1e485"]}},{"type":"Feature","geometry":{"type":"Polygon","coordinates":[[[139.40462,35.83091],[139.40384,35.83043],[139.40101,35.83202],[139.40395,35.83398],[139.40945,35.83412],[139.4096,35.83384],[139.40914,35.83346],[139.40771,35.83278],[139.40462,35.83091]]]},"properties":{"key":"11225005004","name":"東町四丁目","pref":"埼玉県","prefCode":"11","municipality":"入間市","areaM2":158223.195,"population":1841,"toponymIds":["11-656cf85419"]}},{"type":"Feature","geometry":{"type":"Polygon","coordinates":[[[139.45772,35.79195],[139.45931,35.79168],[139.46049,35.78903],[139.45957,35.78905],[139.45964,35.78828],[139.45955,35.78787],[139.45921,35.78755],[139.4592,35.78678],[139.45603,35.78908],[139.45493,35.79016],[139.45382,35.79164],[139.45572,35.79143],[139.45772,35.79195]]]},"properties":{"key":"11208016001","name":"西所沢一丁目","pref":"埼玉県","prefCode":"11","municipality":"所沢市","areaM2":176371.03,"population":3974,"toponymIds":["11-48007a3acd"]}},{"type":"Feature","geometry":{"type":"Polygon","coordinates":[[[139.7824,36.07158],[139.78276,36.07056],[139.7835,36.06927],[139.78734,36.06548],[139.78953,36.06232],[139.78362,36.06592],[139.78334,36.06576],[139.78361,36.06514],[139.78123,36.06558],[139.78151,36.06644],[139.78051,36.06664],[139.78023,36.06577],[139.77983,36.06584],[139.78008,36.06672],[139.7798,36.06677],[139.77992,36.06797],[139.78028,36.0679],[139.7802,36.06871],[139.78044,36.06868],[139.78063,36.0698],[139.78027,36.07117],[139.78041,36.07162],[139.7824,36.07158]]]},"properties":{"key":"112400270","name":"大字花島","pref":"埼玉県","prefCode":"11","municipality":"幸手市","areaM2":298583.709,"population":29,"toponymIds":["11-fa0a614024"]}},{"type":"Feature","geometry":{"type":"Polygon","coordinates":[[[139.6036,36.14352],[139.60393,36.14292],[139.60339,36.14303],[139.60318,36.1421],[139.60233,36.14228],[139.60203,36.14131],[139.60273,36.14117],[139.60257,36.14071],[139.60238,36.14077],[139.60143,36.13813],[139.60093,36.13824],[139.60049,36.13746],[139.59986,36.13756],[139.59907,36.13581],[139.59814,36.13628],[139.59647,36.13663],[139.59603,36.13462],[139.59537,36.13338],[139.59372,36.13373],[139.59329,36.13463],[139.59286,36.13511],[139.59157,36.13512],[139.58975,36.13481],[139.58802,36.13511],[139.58772,36.13518],[139.58809,36.13614],[139.58461,36.13695],[139.58246,36.13704],[139.58055,36.13782],[139.58105,36.13987],[139.58603,36.13906],[139.58656,36.14128],[139.58868,36.14094],[139.58903,36.14172],[139.58936,36.14168],[139.59003,36.14447],[139.59105,36.14425],[139.59319,36.14322],[139.59867,36.14197],[139.6001,36.14609],[139.60321,36.14526],[139.60377,36.14487],[139.60406,36.14461],[139.60358,36.14408],[139.6036,36.14352]]]},"properties":{"key":"112100100","name":"不動岡","pref":"埼玉県","prefCode":"11","municipality":"加須市","areaM2":1363485.231,"population":978,"toponymIds":["11-7c8c627cb2"]}},{"type":"Feature","geometry":{"type":"Polygon","coordinates":[[[139.5736,36.12301],[139.5741,36.12289],[139.57426,36.12309],[139.57491,36.12273],[139.57669,36.12277],[139.57764,36.1225],[139.57736,36.12187],[139.57741,36.12163],[139.57813,36.12149],[139.57794,36.12071],[139.57858,36.12063],[139.57868,36.12077],[139.57953,36.12087],[139.57988,36.12077],[139.58141,36.12102],[139.58146,36.12133],[139.5818,36.12154],[139.58307,36.12326],[139.58273,36.12169],[139.58187,36.11894],[139.58158,36.11846],[139.58136,36.11735],[139.58084,36.11644],[139.57979,36.11648],[139.57954,36.11539],[139.58185,36.11463],[139.58151,36.11353],[139.57692,36.11308],[139.57711,36.11543],[139.57636,36.1155],[139.57505,36.11532],[139.57394,36.115],[139.57349,36.11468],[139.57267,36.11454],[139.57186,36.11403],[139.57,36.11355],[139.57003,36.11345],[139.56738,36.11244],[139.56691,36.11208],[139.56759,36.11135],[139.56661,36.11103],[139.56376,36.11267],[139.56339,36.11308],[139.56296,36.11309],[139.56189,36.11362],[139.56186,36.11428],[139.55937,36.11634],[139.55867,36.11723],[139.55829,36.11808],[139.55812,36.11935],[139.55827,36.12207],[139.56093,36.12066],[139.56194,36.12064],[139.56234,36.12121],[139.56241,36.12179],[139.5627,36.12224],[139.56292,36.12232],[139.56326,36.12231],[139.56411,36.12183],[139.56544,36.12275],[139.56656,36.12237],[139.56675,36.12277],[139.56755,36.12324],[139.56909,36.123],[139.56974,36.12275],[139.57015,36.12236],[139.57156,36.12281],[139.57218,36.12364],[139.5736,36.12301]]]},"properties":{"key":"112100770","name":"戸崎","pref":"埼玉県","prefCode":"11","municipality":"加須市","areaM2":1936252.61,"population":516,"toponymIds":["11-1b84bb0101"]}},{"type":"Feature","geometry":{"type":"Polygon","coordinates":[[[139.57906,36.08947],[139.57925,36.08766],[139.58199,36.08627],[139.58125,36.08479],[139.57948,36.08389],[139.57835,36.08242],[139.57609,36.08286],[139.57359,36.08456],[139.56403,36.08901],[139.56293,36.08929],[139.56007,36.08938],[139.5615,36.09099],[139.56433,36.09279],[139.56832,36.09577],[139.56856,36.09544],[139.56978,36.09491],[139.57336,36.09269],[139.57487,36.09219],[139.57859,36.09023],[139.57928,36.09013],[139.57906,36.08947]]]},"properties":{"key":"112100680","name":"戸室","pref":"埼玉県","prefCode":"11","municipality":"加須市","areaM2":1303089.518,"population":710,"toponymIds":["11-1a821abcac"]}},{"type":"Feature","geometry":{"type":"Polygon","coordinates":[[[139.50286,36.10343],[139.50533,36.10242],[139.50544,36.10258],[139.5068,36.10199],[139.5067,36.10184],[139.51095,36.10005],[139.51566,36.09835],[139.51694,36.09747],[139.51915,36.09681],[139.51817,36.09448],[139.51823,36.09434],[139.52292,36.09087],[139.52637,36.09078],[139.52677,36.09053],[139.52725,36.0897],[139.52876,36.08792],[139.53056,36.08517],[139.53085,36.08464],[139.53079,36.08365],[139.53478,36.08014],[139.53465,36.07992],[139.53479,36.07875],[139.53427,36.07788],[139.53352,36.07718],[139.53315,36.07725],[139.53145,36.07902],[139.52877,36.08141],[139.5268,36.08357],[139.52535,36.08162],[139.52508,36.08166],[139.52391,36.08099],[139.52407,36.08074],[139.52364,36.08032],[139.52337,36.08059],[139.52243,36.07994],[139.52127,36.07968],[139.52146,36.07952],[139.51798,36.07663],[139.51751,36.07726],[139.51744,36.07845],[139.51764,36.07901],[139.5175,36.07945],[139.51683,36.07977],[139.51638,36.07927],[139.51482,36.07913],[139.51462,36.07893],[139.51467,36.07689],[139.51299,36.07494],[139.51273,36.0752],[139.51231,36.07644],[139.51193,36.07691],[139.50985,36.07843],[139.50843,36.07897],[139.5073,36.07973],[139.5059,36.08026],[139.50481,36.08135],[139.50358,36.0819],[139.50305,36.0823],[139.5005,36.08583],[139.50007,36.08744],[139.49947,36.08761],[139.49815,36.08747],[139.49762,36.08766],[139.49685,36.08854],[139.49605,36.08988],[139.49529,36.09039],[139.49462,36.09046],[139.49365,36.09155],[139.49377,36.09167],[139.4934,36.09194],[139.49394,36.09236],[139.4938,36.09248],[139.49558,36.09372],[139.49612,36.09451],[139.49619,36.09495],[139.49594,36.09535],[139.49603,36.09567],[139.49704,36.097],[139.49723,36.098],[139.49884,36.10045],[139.5012,36.1026],[139.50197,36.10361],[139.50286,36.10343]]]},"properties":{"key":"112170750","name":"屈巣","pref":"埼玉県","prefCode":"11","municipality":"鴻巣市","areaM2":5728345.842,"population":3358,"toponymIds":["11-768815e9b7"]}},{"type":"Feature","geometry":{"type":"Polygon","coordinates":[[[139.62853,36.07022],[139.62887,36.06956],[139.63181,36.06792],[139.6311,36.06659],[139.62854,36.0698],[139.62795,36.06924],[139.627,36.06991],[139.62713,36.07003],[139.626,36.07081],[139.62638,36.07116],[139.62563,36.07179],[139.62573,36.07193],[139.62474,36.0726],[139.62498,36.07283],[139.62402,36.07352],[139.62425,36.0738],[139.62301,36.07491],[139.62362,36.07542],[139.62447,36.07474],[139.62671,36.07247],[139.62853,36.07022]]]},"properties":{"key":"112320190","name":"北中曽根","pref":"埼玉県","prefCode":"11","municipality":"久喜市","areaM2":113064.724,"population":0,"toponymIds":["11-249924849d"]}},{"type":"Feature","geometry":{"type":"Polygon","coordinates":[[[139.50914,36.02941],[139.50972,36.02699],[139.51046,36.02641],[139.51085,36.02543],[139.51088,36.0249],[139.50864,36.02495],[139.50877,36.02407],[139.50801,36.02407],[139.50643,36.02463],[139.50552,36.0248],[139.50467,36.02473],[139.50486,36.02525],[139.50493,36.02747],[139.50354,36.02808],[139.50202,36.02835],[139.5007,36.02895],[139.49973,36.02972],[139.49924,36.03056],[139.50103,36.031],[139.5064,36.03034],[139.50741,36.02985],[139.50875,36.02985],[139.50914,36.02941]]]},"properties":{"key":"11233023006","name":"高尾六丁目","pref":"埼玉県","prefCode":"11","municipality":"北本市","areaM2":397837.679,"population":171,"toponymIds":["11-bd1d67eedc"]}},{"type":"Feature","geometry":{"type":"Polygon","coordinates":[[[139.66947,36.07272],[139.66925,36.07218],[139.66746,36.07244],[139.66729,36.07339],[139.66687,36.07416],[139.66639,36.07474],[139.66523,36.07519],[139.66728,36.07752],[139.67118,36.07494],[139.66991,36.07445],[139.66998,36.07333],[139.66954,36.07331],[139.66947,36.07272]]]},"properties":{"key":"11232025007","name":"本町七丁目","pref":"埼玉県","prefCode":"11","municipality":"久喜市","areaM2":153564.117,"population":546,"toponymIds":["11-bc803df209"]}},{"type":"Feature","geometry":{"type":"Polygon","coordinates":[[[139.664,36.11235],[139.66434,36.11076],[139.66408,36.11068],[139.66387,36.111],[139.66382,36.11153],[139.66257,36.11192],[139.66235,36.11148],[139.65974,36.1123],[139.66066,36.11433],[139.66246,36.11723],[139.66275,36.11679],[139.66284,36.1163],[139.66281,36.1137],[139.66381,36.11274],[139.664,36.11235]]]},"properties":{"key":"11210027101","name":"川口一丁目","pref":"埼玉県","prefCode":"11","municipality":"加須市","areaM2":122243.531,"population":903,"toponymIds":["11-2cffc8f8e9"]}},{"type":"Feature","geometry":{"type":"Polygon","coordinates":[[[139.6727,36.1567],[139.67452,36.15602],[139.67528,36.15734],[139.67561,36.15833],[139.67895,36.15691],[139.67913,36.15559],[139.67983,36.15468],[139.68055,36.15427],[139.6789,36.1508],[139.6651,36.15675],[139.66643,36.15908],[139.6727,36.1567]]]},"properties":{"key":"112100930","name":"外記新田","pref":"埼玉県","prefCode":"11","municipality":"加須市","areaM2":562821.463,"population":192,"toponymIds":["11-9b5a26193b"]}},{"type":"Feature","geometry":{"type":"Polygon","coordinates":[[[139.66753,36.14496],[139.66793,36.14455],[139.66922,36.14677],[139.67556,36.14438],[139.67307,36.13949],[139.672,36.13828],[139.67086,36.13732],[139.67274,36.13597],[139.67382,36.13688],[139.67614,36.13509],[139.677,36.13667],[139.6776,36.13653],[139.68332,36.13797],[139.68293,36.13688],[139.68292,36.13399],[139.68535,36.12672],[139.68526,36.1238],[139.68454,36.1234],[139.6831,36.12318],[139.68165,36.12341],[139.68048,36.12394],[139.6807,36.12469],[139.68125,36.12484],[139.68159,36.12554],[139.68298,36.12589],[139.6827,36.12653],[139.68207,36.12725],[139.6835,36.12803],[139.68331,36.12889],[139.68225,36.1302],[139.68198,36.13095],[139.68189,36.13148],[139.682,36.13186],[139.68163,36.13352],[139.68175,36.13398],[139.68128,36.1342],[139.68015,36.13338],[139.67851,36.13385],[139.67858,36.13296],[139.6771,36.13281],[139.67713,36.13259],[139.67579,36.13183],[139.67392,36.13155],[139.67343,36.13259],[139.67214,36.13344],[139.67145,36.13386],[139.66888,36.13484],[139.66961,36.13605],[139.6701,36.13655],[139.66889,36.13742],[139.66936,36.13813],[139.66773,36.13902],[139.66661,36.1401],[139.66625,36.13962],[139.66645,36.13954],[139.66516,36.13739],[139.66519,36.13636],[139.65641,36.13972],[139.65545,36.14264],[139.65842,36.14277],[139.66025,36.1425],[139.66046,36.14449],[139.66124,36.14444],[139.66133,36.14525],[139.66279,36.14778],[139.66596,36.14656],[139.66753,36.14496]]]},"properties":{"key":"112101000","name":"北下新井","pref":"埼玉県","prefCode":"11","municipality":"加須市","areaM2":2008719.709,"population":1428,"toponymIds":["11-473773500f"]}},{"type":"Feature","geometry":{"type":"Polygon","coordinates":[[[139.55825,36.18993],[139.55649,36.18591],[139.55693,36.18507],[139.55477,36.1838],[139.55055,36.18371],[139.55035,36.18466],[139.55065,36.18603],[139.55063,36.18747],[139.54987,36.18797],[139.54999,36.18905],[139.55046,36.18903],[139.55025,36.19057],[139.55123,36.19124],[139.55186,36.19196],[139.55333,36.19288],[139.55316,36.1937],[139.55322,36.19476],[139.55352,36.19497],[139.55343,36.19509],[139.55367,36.19612],[139.55435,36.19628],[139.55431,36.19678],[139.55755,36.19715],[139.55715,36.19604],[139.55768,36.1957],[139.55726,36.1956],[139.55787,36.19524],[139.55799,36.19496],[139.55792,36.1944],[139.55781,36.19403],[139.5567,36.19266],[139.55688,36.1924],[139.5561,36.19055],[139.55825,36.18993]]]},"properties":{"key":"112160320","name":"大字尾崎","pref":"埼玉県","prefCode":"11","municipality":"羽生市","areaM2":721973.675,"population":307,"toponymIds":["11-d3bc64575b"]}},{"type":"Feature","geometry":{"type":"Polygon","coordinates":[[[139.45956,36.19014],[139.45865,36.18664],[139.45943,36.18655],[139.45931,36.18604],[139.46007,36.18593],[139.45972,36.18508],[139.4591,36.18442],[139.45904,36.18141],[139.4619,36.18138],[139.4619,36.18022],[139.46161,36.17978],[139.45794,36.1797],[139.45807,36.18074],[139.45794,36.18149],[139.45708,36.18338],[139.45642,36.18372],[139.45563,36.18372],[139.45451,36.18445],[139.4544,36.18404],[139.45415,36.18434],[139.45346,36.18444],[139.45282,36.18511],[139.45177,36.18484],[139.45085,36.18433],[139.45004,36.18339],[139.44901,36.18297],[139.44888,36.18268],[139.44818,36.18224],[139.44814,36.18199],[139.44778,36.18184],[139.44719,36.18124],[139.4465,36.18108],[139.44351,36.18112],[139.44275,36.18149],[139.44173,36.18166],[139.44168,36.18608],[139.44265,36.18683],[139.44252,36.19111],[139.44215,36.19471],[139.44356,36.19709],[139.44716,36.19513],[139.4544,36.19166],[139.45572,36.19116],[139.45956,36.19014]]]},"properties":{"key":"112060380","name":"大字酒巻","pref":"埼玉県","prefCode":"11","municipality":"行田市","areaM2":1883492.387,"population":237,"toponymIds":["11-86de70d6fa"]}},{"type":"Feature","geometry":{"type":"Polygon","coordinates":[[[139.36306,36.20104],[139.36356,36.19084],[139.36638,36.19068],[139.36851,36.19073],[139.36839,36.19255],[139.36962,36.1926],[139.37027,36.19294],[139.37026,36.19217],[139.37332,36.19237],[139.37446,36.1921],[139.37547,36.19209],[139.37524,36.19256],[139.37674,36.19244],[139.37696,36.19282],[139.37755,36.19284],[139.37771,36.19399],[139.37826,36.19395],[139.37799,36.19183],[139.3801,36.19161],[139.38062,36.19109],[139.38136,36.19101],[139.38101,36.1896],[139.38029,36.18967],[139.38023,36.18925],[139.37996,36.18921],[139.38001,36.1887],[139.37744,36.18767],[139.37702,36.18425],[139.37691,36.17814],[139.3761,36.17753],[139.37591,36.17749],[139.37559,36.17776],[139.37342,36.17761],[139.37318,36.17739],[139.37202,36.17731],[139.3705,36.17766],[139.37018,36.17804],[139.37,36.17797],[139.37001,36.18176],[139.36693,36.18123],[139.36681,36.18177],[139.36638,36.18205],[139.36589,36.183],[139.36567,36.18281],[139.36474,36.18474],[139.36507,36.18509],[139.36518,36.18565],[139.36418,36.18696],[139.36448,36.18722],[139.36427,36.1879],[139.36424,36.18917],[139.36241,36.18848],[139.3622,36.18889],[139.36222,36.18987],[139.36128,36.18983],[139.36077,36.20103],[139.36306,36.20104]]]},"properties":{"key":"112020560","name":"中奈良","pref":"埼玉県","prefCode":"11","municipality":"熊谷市","areaM2":1963682.506,"population":1397,"toponymIds":["11-cb390bf2b1"]}},{"type":"Feature","geometry":{"type":"Polygon","coordinates":[[[139.37579,36.19983],[139.37623,36.19918],[139.37716,36.19836],[139.38068,36.19733],[139.38164,36.19681],[139.38687,36.19639],[139.38874,36.19472],[139.38933,36.19439],[139.3931,36.19425],[139.39291,36.19327],[139.39181,36.19332],[139.39142,36.19083],[139.39202,36.19076],[139.39451,36.191],[139.39457,36.18965],[139.39399,36.18841],[139.39044,36.18882],[139.39033,36.18802],[139.39001,36.18784],[139.3891,36.18804],[139.3887,36.18542],[139.38777,36.18552],[139.3874,36.18454],[139.38719,36.18293],[139.38746,36.18287],[139.38899,36.18133],[139.38884,36.1812],[139.38961,36.18062],[139.38975,36.17998],[139.38793,36.17888],[139.3869,36.17857],[139.38709,36.17832],[139.3849,36.17804],[139.38353,36.17822],[139.38289,36.17809],[139.38277,36.18043],[139.37989,36.18112],[139.37824,36.18117],[139.3782,36.18141],[139.37696,36.18141],[139.37702,36.18425],[139.37744,36.18767],[139.38001,36.1887],[139.37996,36.18921],[139.38023,36.18925],[139.38029,36.18967],[139.38101,36.1896],[139.38136,36.19101],[139.38062,36.19109],[139.3801,36.19161],[139.37799,36.19183],[139.37826,36.19395],[139.37771,36.19399],[139.37755,36.19284],[139.37696,36.19282],[139.37674,36.19244],[139.37524,36.19256],[139.37547,36.19209],[139.37446,36.1921],[139.37332,36.19237],[139.37026,36.19217],[139.37043,36.19966],[139.37148,36.19976],[139.37199,36.2006],[139.37257,36.20107],[139.37305,36.20121],[139.37535,36.20054],[139.37564,36.20033],[139.37579,36.19983]]]},"properties":{"key":"112020570","name":"下奈良","pref":"埼玉県","prefCode":"11","municipality":"熊谷市","areaM2":2614550.09,"population":2314,"toponymIds":["11-0f77d24fd4"]}},{"type":"Feature","geometry":{"type":"Polygon","coordinates":[[[139.36024,36.23907],[139.36028,36.2369],[139.3568,36.23685],[139.35679,36.23723],[139.35548,36.23721],[139.35441,36.23685],[139.35117,36.2368],[139.35112,36.23612],[139.34902,36.23607],[139.34905,36.23571],[139.34778,36.23588],[139.3479,36.2379],[139.34738,36.23795],[139.3474,36.23887],[139.34707,36.23889],[139.34683,36.23918],[139.34989,36.24012],[139.35402,36.24061],[139.35532,36.24058],[139.36024,36.23992],[139.36024,36.23907]]]},"properties":{"key":"112021060","name":"出来島","pref":"埼玉県","prefCode":"11","municipality":"熊谷市","areaM2":453433.174,"population":301,"toponymIds":["11-e52e4dea5c"]}},{"type":"Feature","geometry":{"type":"Polygon","coordinates":[[[139.32194,36.1781],[139.32226,36.17798],[139.32386,36.18043],[139.32531,36.17971],[139.32655,36.17868],[139.32698,36.178],[139.32683,36.17793],[139.32697,36.17777],[139.32666,36.17676],[139.32555,36.17619],[139.32186,36.17504],[139.32107,36.17494],[139.31868,36.1753],[139.31773,36.1744],[139.31284,36.17788],[139.316,36.18059],[139.32194,36.1781]]]},"properties":{"key":"112180260","name":"東方","pref":"埼玉県","prefCode":"11","municipality":"深谷市","areaM2":507942.259,"population":8154,"toponymIds":["11-1200dce137"]}},{"type":"Feature","geometry":{"type":"Polygon","coordinates":[[[139.29344,36.23873],[139.29077,36.23454],[139.29032,36.23451],[139.29075,36.23337],[139.28918,36.23342],[139.28922,36.23398],[139.28575,36.23532],[139.28533,36.23462],[139.28472,36.23485],[139.28239,36.23671],[139.27846,36.2367],[139.27846,36.23717],[139.27105,36.23718],[139.26961,36.23802],[139.26781,36.23869],[139.2661,36.2401],[139.26659,36.24085],[139.26749,36.24544],[139.26707,36.24724],[139.26698,36.25029],[139.27035,36.25014],[139.27942,36.24723],[139.28741,36.24497],[139.29268,36.2439],[139.29843,36.24327],[139.29344,36.23873]]]},"properties":{"key":"112180620","name":"中瀬","pref":"埼玉県","prefCode":"11","municipality":"深谷市","areaM2":2931640.929,"population":1380,"toponymIds":["11-c52302d8a3"]}},{"type":"Feature","geometry":{"type":"Polygon","coordinates":[[[139.30798,36.2352],[139.31008,36.23299],[139.30936,36.23222],[139.30903,36.23089],[139.30837,36.22989],[139.30844,36.22903],[139.308,36.22825],[139.30506,36.22927],[139.30315,36.2307],[139.30125,36.23125],[139.2998,36.23192],[139.29477,36.23261],[139.2928,36.23271],[139.29291,36.23357],[139.29066,36.23364],[139.29032,36.23451],[139.29077,36.23454],[139.29344,36.23873],[139.297,36.24199],[139.30393,36.23966],[139.30632,36.23866],[139.3069,36.23654],[139.30798,36.2352]]]},"properties":{"key":"112180520","name":"高島","pref":"埼玉県","prefCode":"11","municipality":"深谷市","areaM2":1448101.09,"population":625,"toponymIds":["11-9543deed42"]}},{"type":"Feature","geometry":{"type":"Polygon","coordinates":[[[139.03896,36.06504],[139.03679,36.06231],[139.03545,36.06097],[139.03395,36.0605],[139.03335,36.06047],[139.03191,36.06069],[139.03136,36.06103],[139.02998,36.06036],[139.02847,36.05999],[139.02723,36.05992],[139.02564,36.0604],[139.02426,36.06157],[139.02247,36.06136],[139.01771,36.06229],[139.017,36.06289],[139.01615,36.06477],[139.01682,36.06463],[139.01955,36.06536],[139.02033,36.06539],[139.02299,36.06652],[139.02394,36.06653],[139.02605,36.06611],[139.02733,36.06631],[139.02835,36.06526],[139.02999,36.0645],[139.03164,36.06441],[139.03308,36.06408],[139.03434,36.06357],[139.03468,36.06354],[139.03672,36.0642],[139.03767,36.06429],[139.03841,36.06472],[139.03869,36.06517],[139.03896,36.06504]]]},"properties":{"key":"11207048001","name":"吉田阿熊","pref":"埼玉県","prefCode":"11","municipality":"秩父市","areaM2":837987.432,"population":35,"toponymIds":["11-fd78fa3ff4"]}},{"type":"Feature","geometry":{"type":"Polygon","coordinates":[[[139.0418,36.04631],[139.04316,36.04545],[139.04267,36.04269],[139.04229,36.04221],[139.04117,36.04177],[139.04079,36.04167],[139.03974,36.04182],[139.03932,36.04163],[139.0391,36.04107],[139.03926,36.04078],[139.03916,36.04034],[139.03824,36.04017],[139.03797,36.04028],[139.03721,36.04109],[139.03695,36.04114],[139.0362,36.04098],[139.03601,36.0404],[139.03567,36.04017],[139.03541,36.04019],[139.03487,36.04058],[139.03466,36.04115],[139.03434,36.04122],[139.03389,36.04173],[139.03857,36.04416],[139.03894,36.04616],[139.03942,36.04671],[139.04047,36.04673],[139.0418,36.04631]]]},"properties":{"key":"11207046001","name":"下吉田","pref":"埼玉県","prefCode":"11","municipality":"秩父市","areaM2":304453.604,"population":97,"toponymIds":["11-d2268c7683","11-688e91b6c2"]}},{"type":"Feature","geometry":{"type":"Polygon","coordinates":[[[139.06196,36.01867],[139.0629,36.01862],[139.06352,36.01882],[139.06363,36.01839],[139.06486,36.01795],[139.06506,36.01743],[139.06588,36.01767],[139.06612,36.01707],[139.06603,36.01541],[139.06658,36.01333],[139.06694,36.01289],[139.06543,36.01141],[139.06505,36.01052],[139.06434,36.00956],[139.0633,36.00854],[139.06273,36.00731],[139.0614,36.00628],[139.06109,36.00583],[139.06095,36.00506],[139.06058,36.00459],[139.05995,36.0043],[139.06001,36.00339],[139.05904,36.00013],[139.05956,35.999],[139.05883,35.99833],[139.05792,35.99829],[139.05719,35.9977],[139.05642,35.99756],[139.05582,35.99698],[139.05532,35.9958],[139.05455,35.99529],[139.05346,35.99532],[139.05303,35.99431],[139.05305,35.99366],[139.05207,35.99286],[139.05079,35.99336],[139.05029,35.99377],[139.04781,35.99424],[139.04658,35.99548],[139.04413,35.99701],[139.04421,35.99727],[139.04367,35.99804],[139.04254,35.9989],[139.04247,35.9993],[139.04174,36.00048],[139.0404,36.00136],[139.04012,36.00171],[139.04154,36.00218],[139.04269,36.00309],[139.04327,36.00304],[139.04367,36.00343],[139.04408,36.00339],[139.04569,36.00416],[139.04588,36.00448],[139.04637,36.00463],[139.04672,36.00505],[139.04714,36.00513],[139.04791,36.00638],[139.0484,36.00654],[139.04859,36.00685],[139.04852,36.00707],[139.0494,36.0075],[139.04942,36.00787],[139.04908,36.00858],[139.04968,36.00858],[139.04977,36.00966],[139.05005,36.01003],[139.04869,36.01127],[139.04874,36.01156],[139.04903,36.01183],[139.04895,36.01229],[139.04952,36.01294],[139.05028,36.01269],[139.05072,36.01237],[139.05071,36.01337],[139.0517,36.01446],[139.05315,36.01577],[139.054,36.01565],[139.05392,36.01645],[139.05318,36.01762],[139.05573,36.01855],[139.05683,36.01648],[139.05861,36.01737],[139.05842,36.01793],[139.05869,36.01834],[139.05876,36.01906],[139.05945,36.01931],[139.05974,36.01963],[139.06053,36.01965],[139.06116,36.01897],[139.06196,36.01867]]]},"properties":{"key":"112070280","name":"田村","pref":"埼玉県","prefCode":"11","municipality":"秩父市","areaM2":3457156.815,"population":257,"toponymIds":["11-8588f7e9d1"]}},{"type":"Feature","geometry":{"type":"Polygon","coordinates":[[[139.12769,36.03335],[139.12812,36.03339],[139.12884,36.03396],[139.12956,36.0336],[139.13033,36.0327],[139.13081,36.03261],[139.1294,36.03069],[139.12826,36.02964],[139.12776,36.02894],[139.12773,36.02841],[139.12759,36.02832],[139.12611,36.02829],[139.12571,36.02842],[139.12531,36.02885],[139.12435,36.02897],[139.12367,36.02865],[139.12306,36.02858],[139.12238,36.02825],[139.12215,36.02793],[139.12168,36.02767],[139.12126,36.02776],[139.12117,36.02711],[139.11981,36.02683],[139.11933,36.02628],[139.11897,36.02617],[139.11803,36.02538],[139.11749,36.02552],[139.11589,36.02712],[139.11431,36.02628],[139.11256,36.02675],[139.11219,36.027],[139.11247,36.02807],[139.11221,36.02866],[139.1139,36.02831],[139.11336,36.02871],[139.11306,36.02931],[139.11197,36.03008],[139.11216,36.03056],[139.11184,36.03062],[139.11208,36.03114],[139.11197,36.03161],[139.11278,36.03242],[139.11475,36.03327],[139.11679,36.03507],[139.11903,36.03566],[139.12045,36.03587],[139.121,36.03711],[139.12164,36.03745],[139.12423,36.03788],[139.12538,36.03867],[139.12593,36.03882],[139.1253,36.0379],[139.1254,36.0375],[139.12615,36.03667],[139.12613,36.03606],[139.12428,36.03543],[139.12405,36.03461],[139.12621,36.03413],[139.12769,36.03335]]]},"properties":{"key":"11207033001","name":"栃谷","pref":"埼玉県","prefCode":"11","municipality":"秩父市","areaM2":1315215.285,"population":668,"toponymIds":["11-68b72fbf41"]}},{"type":"Feature","geometry":{"type":"Polygon","coordinates":[[[139.84502,35.86489],[139.845,35.86258],[139.84387,35.86254],[139.84117,35.86131],[139.83934,35.86094],[139.83865,35.86301],[139.83848,35.86446],[139.84069,35.86443],[139.8429,35.86567],[139.84445,35.86621],[139.84504,35.86621],[139.84502,35.86489]]]},"properties":{"key":"11243036101","name":"中曽根一丁目","pref":"埼玉県","prefCode":"11","municipality":"吉川市","areaM2":215466.946,"population":1388,"toponymIds":["11-8d4fa68402"]}},{"type":"Feature","geometry":{"type":"Polygon","coordinates":[[[139.80665,35.85786],[139.80636,35.8578],[139.80231,35.85979],[139.80267,35.86113],[139.80507,35.86156],[139.80665,35.85786]]]},"properties":{"key":"11222050002","name":"南町二丁目","pref":"埼玉県","prefCode":"11","municipality":"越谷市","areaM2":84449.887,"population":1024,"toponymIds":["11-de19e82f4c"]}},{"type":"Feature","geometry":{"type":"Polygon","coordinates":[[[139.75841,35.85864],[139.75822,35.85856],[139.75682,35.86121],[139.76036,35.86231],[139.76122,35.86078],[139.7617,35.85951],[139.75841,35.85864]]]},"properties":{"key":"11203102002","name":"長蔵二丁目","pref":"埼玉県","prefCode":"11","municipality":"川口市","areaM2":112459.25,"population":1000,"toponymIds":["11-8fb0327d40"]}},{"type":"Feature","geometry":{"type":"Polygon","coordinates":[[[139.7728,35.89889],[139.77261,35.89881],[139.77193,35.89967],[139.77111,35.90137],[139.7711,35.90176],[139.77168,35.90241],[139.77327,35.90345],[139.77492,35.90369],[139.77536,35.90123],[139.7756,35.90076],[139.77609,35.90039],[139.7728,35.89889]]]},"properties":{"key":"11222070003","name":"北越谷三丁目","pref":"埼玉県","prefCode":"11","municipality":"越谷市","areaM2":150205.382,"population":1846,"toponymIds":["11-367a6d4a33"]}},{"type":"Feature","geometry":{"type":"Polygon","coordinates":[[[139.7571,35.91847],[139.75772,35.91758],[139.75875,35.91724],[139.76298,35.91659],[139.76446,35.91671],[139.76697,35.91718],[139.76773,35.91694],[139.76858,35.91634],[139.76736,35.91525],[139.76742,35.91444],[139.76684,35.91442],[139.76685,35.91423],[139.7657,35.91416],[139.76573,35.91362],[139.76457,35.91356],[139.76458,35.91306],[139.76315,35.91338],[139.75988,35.91076],[139.76029,35.91043],[139.75967,35.90996],[139.76008,35.90961],[139.75958,35.90922],[139.75998,35.90887],[139.75938,35.90838],[139.75979,35.90806],[139.75897,35.90741],[139.75938,35.90707],[139.75921,35.90694],[139.75961,35.90663],[139.75926,35.90636],[139.75934,35.90604],[139.7597,35.90568],[139.75902,35.90556],[139.75478,35.90171],[139.75408,35.90444],[139.75564,35.90467],[139.75494,35.90742],[139.75519,35.90746],[139.75442,35.91048],[139.75269,35.91019],[139.75229,35.91166],[139.75342,35.91185],[139.75354,35.91175],[139.7548,35.91403],[139.75432,35.9142],[139.75454,35.91471],[139.75448,35.91511],[139.75478,35.9155],[139.75465,35.91561],[139.75504,35.91603],[139.75477,35.91619],[139.75562,35.91778],[139.75545,35.91783],[139.7559,35.91847],[139.75658,35.91867],[139.75704,35.91866],[139.7571,35.91847]]]},"properties":{"key":"112220360","name":"大字砂原","pref":"埼玉県","prefCode":"11","municipality":"越谷市","areaM2":1029195.756,"population":720,"toponymIds":["11-e2dfc09f50"]}},{"type":"Feature","geometry":{"type":"Polygon","coordinates":[[[139.87043,35.89054],[139.87067,35.89045],[139.87071,35.88952],[139.87026,35.89024],[139.86921,35.8898],[139.86902,35.89013],[139.86856,35.88998],[139.86802,35.8895],[139.86827,35.88935],[139.86783,35.88883],[139.86776,35.88821],[139.86762,35.88815],[139.86782,35.8878],[139.86495,35.88659],[139.86394,35.8901],[139.86574,35.89088],[139.86791,35.89232],[139.87043,35.89054]]]},"properties":{"key":"11243017103","name":"中井三丁目","pref":"埼玉県","prefCode":"11","municipality":"吉川市","areaM2":181713.853,"population":91,"toponymIds":["11-936d319619"]}},{"type":"Feature","geometry":{"type":"Polygon","coordinates":[[[139.77299,35.9346],[139.77305,35.93441],[139.77365,35.93454],[139.77372,35.93423],[139.77477,35.93444],[139.77517,35.93312],[139.77407,35.93303],[139.77166,35.93241],[139.77126,35.93187],[139.77004,35.93149],[139.7673,35.92923],[139.76674,35.93116],[139.76887,35.93182],[139.76845,35.93273],[139.77011,35.93323],[139.7699,35.93365],[139.77299,35.9346]]]},"properties":{"key":"11222033002","name":"千間台西二丁目","pref":"埼玉県","prefCode":"11","municipality":"越谷市","areaM2":145751.464,"population":2121,"toponymIds":["11-bca385ae96"]}},{"type":"Feature","geometry":{"type":"Polygon","coordinates":[[[139.77754,35.98848],[139.78084,35.98249],[139.78117,35.98228],[139.78165,35.98228],[139.78014,35.98184],[139.77596,35.97705],[139.77523,35.97741],[139.77397,35.97741],[139.77316,35.97965],[139.77182,35.98098],[139.76989,35.98201],[139.76753,35.98244],[139.76806,35.984],[139.76775,35.98411],[139.76795,35.98444],[139.76749,35.98462],[139.76779,35.98498],[139.76846,35.9847],[139.76847,35.98531],[139.76937,35.98554],[139.76933,35.9863],[139.77006,35.98634],[139.77003,35.98663],[139.77054,35.98686],[139.77041,35.98721],[139.7735,35.98799],[139.77487,35.98805],[139.77541,35.9883],[139.77754,35.98848]]]},"properties":{"key":"112140180","name":"牛島","pref":"埼玉県","prefCode":"11","municipality":"春日部市","areaM2":888648.28,"population":4644,"toponymIds":["11-a40932d253"]}},{"type":"Feature","geometry":{"type":"Polygon","coordinates":[[[139.81409,35.99705],[139.81513,35.99581],[139.81778,35.99376],[139.81984,35.99138],[139.82321,35.98706],[139.82614,35.98424],[139.82661,35.98322],[139.82684,35.9819],[139.82683,35.98099],[139.82648,35.97958],[139.82305,35.98005],[139.82305,35.98189],[139.82262,35.98306],[139.82213,35.98388],[139.82066,35.98553],[139.81897,35.98704],[139.81638,35.99012],[139.81385,35.98877],[139.8117,35.98806],[139.80926,35.98785],[139.8066,35.98823],[139.80615,35.98776],[139.80618,35.98712],[139.80666,35.98562],[139.80693,35.98551],[139.80497,35.98521],[139.80493,35.98479],[139.80429,35.98466],[139.80416,35.98518],[139.80396,35.98517],[139.80359,35.98687],[139.80415,35.98785],[139.80541,35.98932],[139.80687,35.99145],[139.80762,35.99289],[139.81137,35.99551],[139.81183,35.99599],[139.81215,35.99704],[139.81297,35.99704],[139.81292,35.99805],[139.81327,35.99939],[139.81445,35.99908],[139.81409,35.99802],[139.81409,35.99705]]]},"properties":{"key":"11214065001","name":"西金野井","pref":"埼玉県","prefCode":"11","municipality":"春日部市","areaM2":1322064.468,"population":3476,"toponymIds":["11-ba28f33007"]}},{"type":"Feature","geometry":{"type":"Polygon","coordinates":[[[138.97683,35.9729],[138.97694,35.97249],[138.97756,35.97179],[138.9769,35.97146],[138.97686,35.97059],[138.97794,35.97027],[138.97817,35.96965],[138.97906,35.96972],[138.97923,35.96958],[138.97914,35.96929],[138.97846,35.96889],[138.97845,35.96865],[138.98014,35.96789],[138.98004,35.96728],[138.97962,35.96666],[138.98024,35.96649],[138.98047,35.96542],[138.98001,35.9653],[138.98001,35.96489],[138.98062,35.96413],[138.98157,35.96382],[138.98225,35.96308],[138.97895,35.96262],[138.97619,35.9618],[138.97407,35.96303],[138.97228,35.96292],[138.97323,35.96341],[138.97183,35.96711],[138.96774,35.97328],[138.96939,35.97412],[138.97154,35.97486],[138.97194,35.97468],[138.97243,35.97416],[138.97458,35.97441],[138.97485,35.97418],[138.97494,35.97344],[138.97512,35.97318],[138.97683,35.9729]]]},"properties":{"key":"11207060001","name":"荒川贄川","pref":"埼玉県","prefCode":"11","municipality":"秩父市","areaM2":949461.119,"population":75,"toponymIds":["11-60f6424ea2"]}},{"type":"Feature","geometry":{"type":"Polygon","coordinates":[[[139.10744,36.19439],[139.10859,36.1945],[139.10865,36.19362],[139.10924,36.19351],[139.1111,36.19373],[139.11125,36.19346],[139.1122,36.19371],[139.11246,36.19315],[139.11345,36.1935],[139.11381,36.19227],[139.11473,36.19242],[139.11438,36.1919],[139.11462,36.19109],[139.11451,36.19066],[139.11491,36.19005],[139.11316,36.18835],[139.11181,36.18749],[139.11132,36.18742],[139.11052,36.18675],[139.10973,36.18551],[139.10949,36.18365],[139.1082,36.18168],[139.10777,36.18046],[139.10714,36.17955],[139.10441,36.17725],[139.10327,36.17687],[139.10217,36.17705],[139.10171,36.17874],[139.10139,36.17921],[139.10189,36.18042],[139.1018,36.18077],[139.10209,36.18116],[139.10212,36.18167],[139.1025,36.18185],[139.10243,36.18211],[139.10263,36.18247],[139.10248,36.18311],[139.1029,36.18417],[139.10329,36.18581],[139.10365,36.18651],[139.10367,36.18721],[139.10399,36.18776],[139.10374,36.18871],[139.10415,36.18918],[139.10398,36.18944],[139.1026,36.18932],[139.1024,36.18997],[139.10216,36.19022],[139.101,36.18972],[139.10081,36.18979],[139.10018,36.19095],[139.09926,36.19157],[139.09912,36.192],[139.10061,36.19263],[139.10211,36.19305],[139.10311,36.19362],[139.10303,36.19395],[139.10388,36.19459],[139.10352,36.19475],[139.10383,36.19487],[139.10744,36.19439]]]},"properties":{"key":"112110600","name":"児玉町塩谷","pref":"埼玉県","prefCode":"11","municipality":"本庄市","areaM2":1403518.898,"population":465,"toponymIds":["11-04d4c06385"]}},{"type":"Feature","geometry":{"type":"Polygon","coordinates":[[[139.13766,36.1932],[139.13765,36.19274],[139.13459,36.19138],[139.13455,36.19186],[139.13295,36.19189],[139.13297,36.19217],[139.1306,36.19217],[139.13093,36.19072],[139.13072,36.19066],[139.13026,36.19111],[139.12932,36.19067],[139.12913,36.19081],[139.12889,36.19202],[139.12897,36.19272],[139.13283,36.1927],[139.13437,36.19304],[139.13728,36.1933],[139.13766,36.1932]]]},"properties":{"key":"11211054003","name":"児玉町児玉","pref":"埼玉県","prefCode":"11","municipality":"本庄市","areaM2":98032.268,"population":283,"toponymIds":["11-a61cc2b220"]}},{"type":"Feature","geometry":{"type":"Polygon","coordinates":[[[139.19576,36.2543],[139.19501,36.25192],[139.1975,36.24953],[139.19666,36.24892],[139.19267,36.24892],[139.19265,36.24866],[139.19013,36.24897],[139.18974,36.24985],[139.18899,36.2507],[139.19003,36.25133],[139.19083,36.2527],[139.19149,36.25242],[139.19162,36.25278],[139.18974,36.2548],[139.19073,36.25539],[139.19034,36.25582],[139.19075,36.25699],[139.19011,36.25767],[139.19518,36.26318],[139.19818,36.26196],[139.19576,36.2543]]]},"properties":{"key":"112110350","name":"田中","pref":"埼玉県","prefCode":"11","municipality":"本庄市","areaM2":764345.858,"population":318,"toponymIds":["11-85346e3562"]}},{"type":"Feature","geometry":{"type":"Polygon","coordinates":[[[139.22931,36.23719],[139.22789,36.23],[139.22758,36.22971],[139.22812,36.2289],[139.2277,36.22874],[139.22658,36.22881],[139.2265,36.22938],[139.22599,36.22935],[139.22589,36.22808],[139.22547,36.22838],[139.22514,36.22835],[139.22495,36.22936],[139.22474,36.22935],[139.22474,36.22977],[139.22498,36.22978],[139.2249,36.23158],[139.22478,36.23161],[139.22513,36.23231],[139.22488,36.23205],[139.22403,36.23261],[139.22372,36.23192],[139.2238,36.23155],[139.22414,36.23156],[139.22425,36.22881],[139.22398,36.22874],[139.22357,36.22905],[139.22343,36.22895],[139.22242,36.22955],[139.22027,36.22933],[139.21832,36.22971],[139.21937,36.23254],[139.21895,36.23291],[139.21985,36.23327],[139.21817,36.23505],[139.21773,36.23532],[139.21574,36.2355],[139.21786,36.23983],[139.21847,36.24152],[139.23335,36.2396],[139.23434,36.23866],[139.22931,36.23719]]]},"properties":{"key":"112110260","name":"牧西","pref":"埼玉県","prefCode":"11","municipality":"本庄市","areaM2":1314748.818,"population":608,"toponymIds":["11-e9798180f6"]}},{"type":"Feature","geometry":{"type":"Polygon","coordinates":[[[139.83727,35.81777],[139.83352,35.81869],[139.83328,35.82069],[139.83483,35.82087],[139.83644,35.82084],[139.84228,35.81981],[139.84081,35.81939],[139.83727,35.81777]]]},"properties":{"key":"11234024002","name":"中央二丁目","pref":"埼玉県","prefCode":"11","municipality":"八潮市","areaM2":169623.887,"population":1150,"toponymIds":["11-7f3e8fdd86"]}},{"type":"Feature","geometry":{"type":"Polygon","coordinates":[[[139.83348,35.81907],[139.83352,35.81869],[139.83292,35.81871],[139.83106,35.81786],[139.82975,35.81748],[139.82924,35.82152],[139.83137,35.82182],[139.83312,35.82246],[139.83348,35.81907]]]},"properties":{"key":"11234024003","name":"中央三丁目","pref":"埼玉県","prefCode":"11","municipality":"八潮市","areaM2":147714.329,"population":1213,"toponymIds":["11-456d7491ec"]}},{"type":"Feature","geometry":{"type":"Polygon","coordinates":[[[139.82025,35.80326],[139.82204,35.803],[139.82177,35.80207],[139.82193,35.80102],[139.82726,35.80107],[139.8273,35.79917],[139.83438,35.80067],[139.83482,35.7993],[139.8351,35.79944],[139.83585,35.79896],[139.83464,35.79795],[139.83302,35.79584],[139.83194,35.7951],[139.83024,35.79439],[139.82828,35.794],[139.82782,35.79406],[139.82677,35.79342],[139.826,35.79337],[139.82553,35.79355],[139.82352,35.79522],[139.82197,35.79608],[139.8207,35.79733],[139.82013,35.79813],[139.81965,35.79933],[139.82029,35.80123],[139.82012,35.8024],[139.82025,35.80326]]]},"properties":{"key":"112340200","name":"大字浮塚","pref":"埼玉県","prefCode":"11","municipality":"八潮市","areaM2":836697.671,"population":3267,"toponymIds":["11-6968b5ce42"]}}]}
