{"type":"FeatureCollection","features":[{"type":"Feature","geometry":{"type":"Polygon","coordinates":[[[139.43657,35.75847],[139.4375,35.7584],[139.43898,35.75778],[139.43929,35.75801],[139.43966,35.75753],[139.44036,35.75708],[139.43986,35.75648],[139.44001,35.75606],[139.43937,35.75554],[139.4401,35.75514],[139.44073,35.75507],[139.43988,35.75458],[139.43962,35.75497],[139.43875,35.75564],[139.43758,35.75611],[139.43649,35.75627],[139.43644,35.75658],[139.43549,35.75698],[139.43553,35.75782],[139.43635,35.75772],[139.43648,35.75814],[139.43603,35.75824],[139.43606,35.75857],[139.43657,35.75847]]]},"properties":{"key":"13220007002","name":"狭山二丁目","pref":"東京都","prefCode":"13","municipality":"東大和市","areaM2":95736.139,"population":674,"toponymIds":["13-35a5cf35de"]}},{"type":"Feature","geometry":{"type":"Polygon","coordinates":[[[139.70883,35.56049],[139.70882,35.56008],[139.70768,35.56032],[139.70643,35.56079],[139.70304,35.56266],[139.7029,35.56399],[139.70845,35.56447],[139.70883,35.5636],[139.70883,35.56049]]]},"properties":{"key":"13111051003","name":"東矢口三丁目","pref":"東京都","prefCode":"13","municipality":"大田区","areaM2":176497.352,"population":5206,"toponymIds":["13-abe8c38b7c"]}},{"type":"Feature","geometry":{"type":"Polygon","coordinates":[[[139.7452,35.60738],[139.74526,35.60667],[139.74306,35.60673],[139.74236,35.60955],[139.74338,35.61029],[139.7449,35.6108],[139.7452,35.60738]]]},"properties":{"key":"13109024003","name":"南品川三丁目","pref":"東京都","prefCode":"13","municipality":"品川区","areaM2":89274.535,"population":2150,"toponymIds":["13-9868f76269"]}},{"type":"Feature","geometry":{"type":"Polygon","coordinates":[[[139.70457,35.77454],[139.70471,35.77417],[139.70437,35.77381],[139.70481,35.77377],[139.70545,35.77232],[139.7063,35.76907],[139.70645,35.76787],[139.70346,35.76678],[139.703,35.76771],[139.70162,35.76962],[139.69992,35.77155],[139.7028,35.77383],[139.70457,35.77454]]]},"properties":{"key":"131190320","name":"蓮沼町","pref":"東京都","prefCode":"13","municipality":"板橋区","areaM2":283982.242,"population":5474,"toponymIds":["13-84f103c871"]}},{"type":"Feature","geometry":{"type":"Polygon","coordinates":[[[139.79261,35.68326],[139.79067,35.68105],[139.78992,35.68164],[139.79014,35.68188],[139.78869,35.68291],[139.78894,35.6829],[139.79311,35.68607],[139.79318,35.68509],[139.79261,35.68326]]]},"properties":{"key":"131020290","name":"日本橋中洲","pref":"東京都","prefCode":"13","municipality":"中央区","areaM2":94395.077,"population":2547,"toponymIds":["13-cb5af49cbf"]}},{"type":"Feature","geometry":{"type":"Polygon","coordinates":[[[139.77094,35.66678],[139.77064,35.66656],[139.76967,35.66738],[139.77206,35.66933],[139.7731,35.67076],[139.77481,35.67008],[139.77417,35.66939],[139.77094,35.66678]]]},"properties":{"key":"13102008002","name":"築地二丁目","pref":"東京都","prefCode":"13","municipality":"中央区","areaM2":71205.597,"population":1177,"toponymIds":["13-4478ef482e"]}},{"type":"Feature","geometry":{"type":"Polygon","coordinates":[[[139.73264,35.6579],[139.7337,35.65708],[139.73375,35.65726],[139.73528,35.65711],[139.73542,35.65759],[139.73563,35.65762],[139.73575,35.65733],[139.73643,35.65762],[139.73718,35.65636],[139.73709,35.65545],[139.73568,35.6557],[139.73323,35.65662],[139.73246,35.65714],[139.73222,35.65765],[139.73264,35.6579]]]},"properties":{"key":"13103019001","name":"麻布十番一丁目","pref":"東京都","prefCode":"13","municipality":"港区","areaM2":57830.152,"population":1056,"toponymIds":["13-68f9ca8d50"]}},{"type":"Feature","geometry":{"type":"Polygon","coordinates":[[[139.74434,35.70465],[139.7445,35.70422],[139.74299,35.70403],[139.74287,35.70387],[139.74159,35.70439],[139.74098,35.70437],[139.74031,35.70712],[139.74064,35.70851],[139.74219,35.70833],[139.74324,35.708],[139.74434,35.70465]]]},"properties":{"key":"131040550","name":"新小川町","pref":"東京都","prefCode":"13","municipality":"新宿区","areaM2":135022.901,"population":3607,"toponymIds":["13-a456da0df4"]}},{"type":"Feature","geometry":{"type":"Polygon","coordinates":[[[139.77492,35.69347],[139.77474,35.69234],[139.77436,35.69331],[139.77492,35.69347]]]},"properties":{"key":"131010440","name":"神田東紺屋町","pref":"東京都","prefCode":"13","municipality":"千代田区","areaM2":3039.114,"population":61,"toponymIds":["13-42c88304e8"]}},{"type":"Feature","geometry":{"type":"Polygon","coordinates":[[[139.82035,35.68754],[139.8206,35.68497],[139.81372,35.68459],[139.81371,35.68741],[139.81589,35.68753],[139.81594,35.68726],[139.82035,35.68754]]]},"properties":{"key":"13108032002","name":"猿江二丁目","pref":"東京都","prefCode":"13","municipality":"江東区","areaM2":179482.733,"population":3008,"toponymIds":["13-647da53e30"]}},{"type":"Feature","geometry":{"type":"Polygon","coordinates":[[[139.81842,35.72876],[139.81771,35.72878],[139.81404,35.73007],[139.81445,35.73075],[139.81658,35.73328],[139.81811,35.73466],[139.81989,35.7331],[139.81941,35.73248],[139.81904,35.73162],[139.81901,35.73045],[139.81938,35.72923],[139.8185,35.72902],[139.81842,35.72876]]]},"properties":{"key":"13107020002","name":"墨田二丁目","pref":"東京都","prefCode":"13","municipality":"墨田区","areaM2":191084.394,"population":3777,"toponymIds":["13-38937a5506"]}},{"type":"Feature","geometry":{"type":"Polygon","coordinates":[[[139.77017,35.68929],[139.76965,35.68915],[139.77017,35.69039],[139.77349,35.69132],[139.77383,35.69049],[139.77017,35.68929]]]},"properties":{"key":"13101035001","name":"鍛冶町一丁目","pref":"東京都","prefCode":"13","municipality":"千代田区","areaM2":38230.678,"population":108,"toponymIds":["13-11a4155717"]}},{"type":"Feature","geometry":{"type":"Polygon","coordinates":[[[139.77808,35.69716],[139.78006,35.69713],[139.78004,35.69684],[139.77535,35.69691],[139.77537,35.69726],[139.77808,35.69716]]]},"properties":{"key":"131010520","name":"神田佐久間河岸","pref":"東京都","prefCode":"13","municipality":"千代田区","areaM2":15161.134,"population":91,"toponymIds":["13-c44ca43a09","13-9d284ec0f9"]}},{"type":"Feature","geometry":{"type":"Polygon","coordinates":[[[139.77539,35.69891],[139.77535,35.69691],[139.77268,35.69695],[139.77276,35.69811],[139.77499,35.69804],[139.775,35.69892],[139.77539,35.69891]]]},"properties":{"key":"13101048001","name":"神田佐久間町一丁目","pref":"東京都","prefCode":"13","municipality":"千代田区","areaM2":33657.207,"population":22,"toponymIds":["13-ac514ea90c"]}},{"type":"Feature","geometry":{"type":"Polygon","coordinates":[[[139.77508,35.69093],[139.77383,35.69049],[139.77363,35.691],[139.77501,35.69149],[139.77521,35.69097],[139.77508,35.69093]]]},"properties":{"key":"131010400","name":"神田美倉町","pref":"東京都","prefCode":"13","municipality":"千代田区","areaM2":7797.27,"population":65,"toponymIds":["13-c563673492"]}},{"type":"Feature","geometry":{"type":"Polygon","coordinates":[[[139.76344,35.65367],[139.7625,35.65187],[139.76129,35.65246],[139.761,35.65213],[139.76118,35.65244],[139.76037,35.65263],[139.76026,35.65239],[139.75984,35.65254],[139.75933,35.65213],[139.75904,35.65218],[139.7593,35.65272],[139.75633,35.65292],[139.75808,35.65978],[139.7589,35.65951],[139.75974,35.65885],[139.76466,35.65606],[139.76344,35.65367]]]},"properties":{"key":"13103002001","name":"海岸一丁目","pref":"東京都","prefCode":"13","municipality":"港区","areaM2":393503.799,"population":1868,"toponymIds":["13-3083b3f868"]}},{"type":"Feature","geometry":{"type":"Polygon","coordinates":[[[139.73995,35.69886],[139.74037,35.69859],[139.74061,35.69885],[139.74151,35.69832],[139.74021,35.69671],[139.73956,35.6971],[139.73963,35.69722],[139.7395,35.69731],[139.73943,35.69721],[139.73886,35.69754],[139.73923,35.69797],[139.73884,35.69799],[139.73873,35.69844],[139.73924,35.69863],[139.73906,35.69897],[139.73974,35.69922],[139.73995,35.69886]]]},"properties":{"key":"131040250","name":"市谷船河原町","pref":"東京都","prefCode":"13","municipality":"新宿区","areaM2":37474.405,"population":237,"toponymIds":["13-807f0121c7"]}},{"type":"Feature","geometry":{"type":"Polygon","coordinates":[[[139.70745,35.69843],[139.70733,35.69786],[139.70461,35.69821],[139.70199,35.69801],[139.7024,35.70127],[139.70791,35.70087],[139.70745,35.69843]]]},"properties":{"key":"13104084001","name":"大久保一丁目","pref":"東京都","prefCode":"13","municipality":"新宿区","areaM2":165732.151,"population":3787,"toponymIds":["13-4b17a3c87c","13-ea872f57f7"]}},{"type":"Feature","geometry":{"type":"Polygon","coordinates":[[[139.74435,35.70238],[139.74377,35.70189],[139.74392,35.70175],[139.7438,35.70163],[139.74428,35.70134],[139.74343,35.70014],[139.7426,35.70049],[139.74357,35.70187],[139.74416,35.70247],[139.74435,35.70238]]]},"properties":{"key":"131040560","name":"神楽河岸","pref":"東京都","prefCode":"13","municipality":"新宿区","areaM2":15957.247,"population":0,"toponymIds":["13-1e7bd86015"]}},{"type":"Feature","geometry":{"type":"Polygon","coordinates":[[[139.70912,35.70883],[139.70902,35.70851],[139.70742,35.70853],[139.7025,35.70955],[139.70387,35.71371],[139.70769,35.71187],[139.70979,35.71147],[139.70987,35.71131],[139.70912,35.70883]]]},"properties":{"key":"13104087001","name":"高田馬場一丁目","pref":"東京都","prefCode":"13","municipality":"新宿区","areaM2":241011.381,"population":4180,"toponymIds":["13-2ea7eb0dd1"]}},{"type":"Feature","geometry":{"type":"Polygon","coordinates":[[[139.71924,35.70695],[139.72028,35.70641],[139.7205,35.70666],[139.7208,35.70643],[139.72068,35.70631],[139.72101,35.70628],[139.7209,35.70554],[139.72053,35.70549],[139.72051,35.70571],[139.71991,35.70566],[139.71977,35.70553],[139.71989,35.70528],[139.71979,35.70517],[139.71834,35.70563],[139.71835,35.70641],[139.71924,35.70695]]]},"properties":{"key":"131040660","name":"馬場下町","pref":"東京都","prefCode":"13","municipality":"新宿区","areaM2":29012.333,"population":489,"toponymIds":["13-08f2ba05ef"]}},{"type":"Feature","geometry":{"type":"Polygon","coordinates":[[[139.7921,35.69898],[139.79181,35.69862],[139.78821,35.7003],[139.78912,35.70158],[139.79248,35.70131],[139.7934,35.70095],[139.7921,35.69898]]]},"properties":{"key":"13106018001","name":"蔵前一丁目","pref":"東京都","prefCode":"13","municipality":"台東区","areaM2":93222.977,"population":1060,"toponymIds":["13-a01d6caf34","13-56f57b3947"]}},{"type":"Feature","geometry":{"type":"Polygon","coordinates":[[[139.77623,35.72366],[139.77692,35.72356],[139.77934,35.72261],[139.78137,35.72072],[139.78046,35.71882],[139.78021,35.71988],[139.7798,35.72048],[139.77968,35.72058],[139.77932,35.72014],[139.77916,35.72031],[139.77898,35.72023],[139.77845,35.7207],[139.77846,35.72089],[139.77567,35.72356],[139.77623,35.72366]]]},"properties":{"key":"13106010001","name":"根岸一丁目","pref":"東京都","prefCode":"13","municipality":"台東区","areaM2":88272.991,"population":1028,"toponymIds":["13-c47cb04bae","13-cbbfc1a667"]}},{"type":"Feature","geometry":{"type":"Polygon","coordinates":[[[139.81011,35.68439],[139.80982,35.68437],[139.80952,35.68717],[139.81371,35.68741],[139.81372,35.68459],[139.81011,35.68439]]]},"properties":{"key":"13108032001","name":"猿江一丁目","pref":"東京都","prefCode":"13","municipality":"江東区","areaM2":114771.365,"population":3407,"toponymIds":["13-da863181da"]}},{"type":"Feature","geometry":{"type":"Polygon","coordinates":[[[139.67558,35.6183],[139.67546,35.61824],[139.67489,35.61883],[139.67355,35.62243],[139.67901,35.62377],[139.68039,35.62037],[139.67558,35.6183]]]},"properties":{"key":"13110025001","name":"柿の木坂一丁目","pref":"東京都","prefCode":"13","municipality":"目黒区","areaM2":235079.016,"population":4147,"toponymIds":["13-cc76cf3f17"]}},{"type":"Feature","geometry":{"type":"Polygon","coordinates":[[[139.69566,35.6162],[139.69723,35.61492],[139.69639,35.61437],[139.69577,35.61362],[139.69559,35.61248],[139.69347,35.61254],[139.69358,35.61313],[139.6927,35.61492],[139.69274,35.6166],[139.69566,35.6162]]]},"properties":{"key":"13110016001","name":"洗足一丁目","pref":"東京都","prefCode":"13","municipality":"目黒区","areaM2":122521.185,"population":2830,"toponymIds":["13-d87ab74a3c"]}},{"type":"Feature","geometry":{"type":"Polygon","coordinates":[[[139.7213,35.56279],[139.72116,35.56241],[139.7196,35.56353],[139.71687,35.56494],[139.71873,35.5693],[139.72317,35.56832],[139.7213,35.56279]]]},"properties":{"key":"13111055001","name":"蒲田一丁目","pref":"東京都","prefCode":"13","municipality":"大田区","areaM2":253469.767,"population":7116,"toponymIds":["13-aad4b5d156"]}},{"type":"Feature","geometry":{"type":"Polygon","coordinates":[[[139.71693,35.55609],[139.71666,35.55557],[139.71304,35.55557],[139.71408,35.55812],[139.71399,35.55831],[139.71448,35.55959],[139.71642,35.55943],[139.71836,35.5589],[139.71693,35.55609]]]},"properties":{"key":"13111056001","name":"蒲田本町一丁目","pref":"東京都","prefCode":"13","municipality":"大田区","areaM2":145532.325,"population":3396,"toponymIds":["13-c932817453"]}},{"type":"Feature","geometry":{"type":"Polygon","coordinates":[[[139.71317,35.5596],[139.71448,35.55959],[139.71359,35.55689],[139.71122,35.55628],[139.70916,35.55508],[139.70882,35.56008],[139.71317,35.5596]]]},"properties":{"key":"13111053001","name":"新蒲田一丁目","pref":"東京都","prefCode":"13","municipality":"大田区","areaM2":183051.942,"population":2966,"toponymIds":["13-164b296e14"]}},{"type":"Feature","geometry":{"type":"Polygon","coordinates":[[[139.71416,35.57249],[139.71838,35.57039],[139.71852,35.56994],[139.71116,35.57032],[139.7103,35.57228],[139.7115,35.57262],[139.71165,35.57247],[139.7124,35.57344],[139.71416,35.57249]]]},"properties":{"key":"13111054001","name":"西蒲田一丁目","pref":"東京都","prefCode":"13","municipality":"大田区","areaM2":147544.127,"population":4017,"toponymIds":["13-46abb2e3ce"]}},{"type":"Feature","geometry":{"type":"Polygon","coordinates":[[[139.72944,35.5663],[139.72968,35.56584],[139.73085,35.56589],[139.73054,35.56332],[139.72936,35.56348],[139.72931,35.56302],[139.72712,35.56318],[139.72619,35.56344],[139.72883,35.56703],[139.72919,35.56679],[139.72944,35.5663]]]},"properties":{"key":"13111057001","name":"東蒲田一丁目","pref":"東京都","prefCode":"13","municipality":"大田区","areaM2":108427.901,"population":2606,"toponymIds":["13-db5c2bf224","13-8c016ebae6"]}},{"type":"Feature","geometry":{"type":"Polygon","coordinates":[[[139.72732,35.56019],[139.72837,35.56034],[139.72835,35.56018],[139.72737,35.55739],[139.72633,35.55604],[139.72257,35.55867],[139.72466,35.56141],[139.72583,35.56062],[139.72732,35.56019]]]},"properties":{"key":"13111046001","name":"南蒲田一丁目","pref":"東京都","prefCode":"13","municipality":"大田区","areaM2":165781.883,"population":3739,"toponymIds":["13-0cd518b1d2"]}},{"type":"Feature","geometry":{"type":"Polygon","coordinates":[[[139.65568,35.65638],[139.6541,35.65235],[139.65258,35.65235],[139.65153,35.65267],[139.64973,35.65276],[139.65009,35.65487],[139.64975,35.65513],[139.64952,35.65607],[139.65097,35.65635],[139.65518,35.65671],[139.65568,35.65638]]]},"properties":{"key":"13112017001","name":"梅丘一丁目","pref":"東京都","prefCode":"13","municipality":"世田谷区","areaM2":203739.001,"population":4217,"toponymIds":["13-7b8d48798d"]}},{"type":"Feature","geometry":{"type":"Polygon","coordinates":[[[139.6231,35.63462],[139.62459,35.63263],[139.6212,35.63203],[139.62077,35.63225],[139.62039,35.63306],[139.61992,35.63325],[139.61747,35.63289],[139.61769,35.63332],[139.61685,35.63331],[139.61567,35.63276],[139.61577,35.63416],[139.61606,35.63511],[139.61853,35.63504],[139.61977,35.63448],[139.62071,35.63564],[139.62166,35.63651],[139.6231,35.63462]]]},"properties":{"key":"13112052001","name":"大蔵一丁目","pref":"東京都","prefCode":"13","municipality":"世田谷区","areaM2":196521.241,"population":2170,"toponymIds":["13-eafe748b98"]}},{"type":"Feature","geometry":{"type":"Polygon","coordinates":[[[139.64245,35.60647],[139.64064,35.60685],[139.63702,35.61469],[139.63695,35.61487],[139.63848,35.61599],[139.63984,35.61478],[139.64123,35.61387],[139.64139,35.61189],[139.64092,35.61167],[139.64053,35.61104],[139.64068,35.61096],[139.64084,35.60935],[139.64171,35.60833],[139.64154,35.60751],[139.64212,35.6072],[139.64245,35.60647]]]},"properties":{"key":"13112032001","name":"上野毛一丁目","pref":"東京都","prefCode":"13","municipality":"世田谷区","areaM2":205014.471,"population":4324,"toponymIds":["13-f607d7546f","13-4e0ec6783b"]}},{"type":"Feature","geometry":{"type":"Polygon","coordinates":[[[139.64514,35.5987],[139.64395,35.59947],[139.64389,35.60009],[139.64072,35.60683],[139.6455,35.60547],[139.64585,35.60432],[139.6465,35.60403],[139.64655,35.60384],[139.64629,35.60359],[139.64632,35.60332],[139.64583,35.6028],[139.64583,35.6014],[139.64516,35.60001],[139.64527,35.59951],[139.64514,35.5987]]]},"properties":{"key":"13112033001","name":"野毛一丁目","pref":"東京都","prefCode":"13","municipality":"世田谷区","areaM2":217763.816,"population":1778,"toponymIds":["13-227dba0309","13-b349696d01"]}},{"type":"Feature","geometry":{"type":"Polygon","coordinates":[[[139.70518,35.65373],[139.70541,35.65339],[139.70424,35.65161],[139.70259,35.64986],[139.70209,35.64878],[139.70194,35.64759],[139.70246,35.64683],[139.70202,35.64662],[139.7015,35.64702],[139.70019,35.64733],[139.70021,35.64762],[139.69959,35.64786],[139.6998,35.64812],[139.69892,35.64853],[139.69909,35.6488],[139.69822,35.64942],[139.6995,35.65048],[139.70518,35.65373]]]},"properties":{"key":"131130070","name":"猿楽町","pref":"東京都","prefCode":"13","municipality":"渋谷区","areaM2":174512.255,"population":1921,"toponymIds":["13-cf36ac028c"]}},{"type":"Feature","geometry":{"type":"Polygon","coordinates":[[[139.65484,35.69808],[139.65435,35.69416],[139.65338,35.69474],[139.65163,35.69478],[139.6516,35.69533],[139.65011,35.69507],[139.64842,35.69431],[139.64868,35.69493],[139.64797,35.6949],[139.64813,35.69789],[139.65484,35.69808]]]},"properties":{"key":"13115010001","name":"梅里一丁目","pref":"東京都","prefCode":"13","municipality":"杉並区","areaM2":211811.16,"population":3390,"toponymIds":["13-435c047d69"]}},{"type":"Feature","geometry":{"type":"Polygon","coordinates":[[[139.62868,35.69528],[139.62789,35.6943],[139.62763,35.69368],[139.62702,35.69313],[139.6262,35.69269],[139.6258,35.69265],[139.62442,35.69289],[139.62364,35.6921],[139.62219,35.69132],[139.62132,35.69017],[139.61982,35.69123],[139.61805,35.692],[139.61693,35.69274],[139.61739,35.69451],[139.61804,35.69438],[139.62016,35.69506],[139.62109,35.69512],[139.62225,35.69549],[139.62424,35.69525],[139.62551,35.69562],[139.62718,35.69569],[139.62801,35.69558],[139.62868,35.69528]]]},"properties":{"key":"13115019001","name":"荻窪一丁目","pref":"東京都","prefCode":"13","municipality":"杉並区","areaM2":350705.742,"population":5280,"toponymIds":["13-1b17b00fe6"]}},{"type":"Feature","geometry":{"type":"Polygon","coordinates":[[[139.62173,35.70528],[139.62311,35.70518],[139.62442,35.70463],[139.61945,35.70461],[139.61611,35.70439],[139.61509,35.70816],[139.61933,35.70581],[139.62079,35.70535],[139.62173,35.70528]]]},"properties":{"key":"13115021001","name":"上荻一丁目","pref":"東京都","prefCode":"13","municipality":"杉並区","areaM2":119531.379,"population":1785,"toponymIds":["13-75773e5fa8"]}},{"type":"Feature","geometry":{"type":"Polygon","coordinates":[[[139.60559,35.70409],[139.60501,35.70406],[139.60678,35.70859],[139.60738,35.70856],[139.60779,35.70829],[139.60786,35.70792],[139.60743,35.70671],[139.60762,35.70631],[139.61019,35.70502],[139.61088,35.70423],[139.60559,35.70409]]]},"properties":{"key":"13115023001","name":"西荻北一丁目","pref":"東京都","prefCode":"13","municipality":"杉並区","areaM2":118941.862,"population":2475,"toponymIds":["13-3f47697e8f"]}},{"type":"Feature","geometry":{"type":"Polygon","coordinates":[[[139.60369,35.69531],[139.60361,35.6951],[139.60026,35.69685],[139.60217,35.70112],[139.60515,35.69902],[139.60369,35.69531]]]},"properties":{"key":"13115022001","name":"西荻南一丁目","pref":"東京都","prefCode":"13","municipality":"杉並区","areaM2":164767.315,"population":2632,"toponymIds":["13-7d37188beb"]}},{"type":"Feature","geometry":{"type":"Polygon","coordinates":[[[139.617,35.69308],[139.61693,35.69276],[139.61546,35.69398],[139.61373,35.69513],[139.61067,35.69643],[139.61232,35.6976],[139.61663,35.69881],[139.61742,35.69881],[139.61787,35.69622],[139.617,35.69308]]]},"properties":{"key":"13115020001","name":"南荻窪一丁目","pref":"東京都","prefCode":"13","municipality":"杉並区","areaM2":223697.423,"population":3856,"toponymIds":["13-8544181b9e"]}},{"type":"Feature","geometry":{"type":"Polygon","coordinates":[[[139.73613,35.75427],[139.73713,35.75316],[139.73648,35.75306],[139.73642,35.75332],[139.73571,35.75417],[139.7355,35.75407],[139.73459,35.75447],[139.73445,35.75486],[139.73369,35.75525],[139.73331,35.75569],[139.73346,35.75577],[139.73157,35.75751],[139.73152,35.7579],[139.73287,35.75869],[139.73371,35.75777],[139.73613,35.75427]]]},"properties":{"key":"13117006001","name":"岸町一丁目","pref":"東京都","prefCode":"13","municipality":"北区","areaM2":80239.49,"population":1216,"toponymIds":["13-d71cbb6ce2"]}},{"type":"Feature","geometry":{"type":"Polygon","coordinates":[[[139.70465,35.77456],[139.7028,35.77383],[139.69992,35.77155],[139.69731,35.77415],[139.70071,35.77569],[139.70426,35.7763],[139.7046,35.77516],[139.70431,35.77511],[139.70434,35.77489],[139.70463,35.77485],[139.70465,35.77456]]]},"properties":{"key":"13119039001","name":"小豆沢一丁目","pref":"東京都","prefCode":"13","municipality":"板橋区","areaM2":172274.498,"population":4910,"toponymIds":["13-c7ac4a5615"]}},{"type":"Feature","geometry":{"type":"Polygon","coordinates":[[[139.69493,35.79949],[139.69522,35.7978],[139.69519,35.79661],[139.6947,35.79585],[139.69192,35.79661],[139.68918,35.79675],[139.68558,35.79637],[139.68378,35.79589],[139.67888,35.7957],[139.67589,35.79601],[139.67086,35.79684],[139.67077,35.79627],[139.67172,35.79375],[139.67108,35.79178],[139.66686,35.79277],[139.66381,35.79296],[139.6643,35.79755],[139.6611,35.7975],[139.65575,35.79652],[139.65253,35.79617],[139.64955,35.79625],[139.6475,35.79649],[139.64626,35.79684],[139.64568,35.79682],[139.64549,35.79628],[139.64241,35.79738],[139.64255,35.79787],[139.64291,35.7983],[139.64391,35.79889],[139.64799,35.79727],[139.6512,35.79884],[139.65309,35.80026],[139.65526,35.80053],[139.6617,35.80028],[139.66489,35.80061],[139.66903,35.80047],[139.67132,35.80028],[139.67395,35.79933],[139.67478,35.79917],[139.67621,35.79899],[139.67838,35.79897],[139.68096,35.79933],[139.68471,35.80051],[139.68769,35.801],[139.68947,35.80104],[139.69092,35.80095],[139.69367,35.8004],[139.69459,35.80004],[139.69483,35.79985],[139.69493,35.79949]]]},"properties":{"key":"13119056001","name":"新河岸一丁目","pref":"東京都","prefCode":"13","municipality":"板橋区","areaM2":2057760.871,"population":2316,"toponymIds":["13-c9def95225"]}},{"type":"Feature","geometry":{"type":"Polygon","coordinates":[[[139.80524,35.76442],[139.80779,35.76444],[139.8082,35.76425],[139.80768,35.76173],[139.80785,35.76009],[139.80343,35.7614],[139.80392,35.76296],[139.80384,35.76452],[139.80524,35.76442]]]},"properties":{"key":"13121002001","name":"足立一丁目","pref":"東京都","prefCode":"13","municipality":"足立区","areaM2":151707.279,"population":2516,"toponymIds":["13-da71995f06"]}},{"type":"Feature","geometry":{"type":"Polygon","coordinates":[[[139.80161,35.7747],[139.80339,35.77466],[139.80362,35.76933],[139.79756,35.77275],[139.79763,35.77495],[139.79945,35.77501],[139.80161,35.7747]]]},"properties":{"key":"13121012001","name":"梅島一丁目","pref":"東京都","prefCode":"13","municipality":"足立区","areaM2":223488.248,"population":3757,"toponymIds":["13-c5ee2d7db7"]}},{"type":"Feature","geometry":{"type":"Polygon","coordinates":[[[139.79885,35.76451],[139.80384,35.76451],[139.80392,35.76296],[139.80343,35.7614],[139.80072,35.76183],[139.79882,35.76191],[139.79885,35.76451]]]},"properties":{"key":"13121011001","name":"梅田一丁目","pref":"東京都","prefCode":"13","municipality":"足立区","areaM2":139367.364,"population":1917,"toponymIds":["13-446c97f9bc"]}},{"type":"Feature","geometry":{"type":"Polygon","coordinates":[[[139.75099,35.77857],[139.75605,35.77837],[139.75622,35.77766],[139.75485,35.77772],[139.75426,35.77611],[139.75176,35.7768],[139.75158,35.77661],[139.75177,35.77582],[139.75136,35.77505],[139.74788,35.77712],[139.74683,35.77794],[139.74757,35.77839],[139.74833,35.77861],[139.75099,35.77857]]]},"properties":{"key":"13121027001","name":"鹿浜一丁目","pref":"東京都","prefCode":"13","municipality":"足立区","areaM2":176986.304,"population":1123,"toponymIds":["13-d32e6cb4d7"]}},{"type":"Feature","geometry":{"type":"Polygon","coordinates":[[[139.80267,35.74324],[139.80204,35.74121],[139.79983,35.74128],[139.79864,35.74162],[139.79833,35.74094],[139.79816,35.74099],[139.79775,35.74261],[139.79698,35.74304],[139.79663,35.74264],[139.79638,35.7427],[139.79498,35.74333],[139.79599,35.74524],[139.79773,35.7444],[139.79979,35.74377],[139.80267,35.74324]]]},"properties":{"key":"131210360","name":"千住河原町","pref":"東京都","prefCode":"13","municipality":"足立区","areaM2":161304.006,"population":3990,"toponymIds":["13-6b0eab7197"]}},{"type":"Feature","geometry":{"type":"Polygon","coordinates":[[[139.87984,35.74475],[139.88193,35.74332],[139.88161,35.74316],[139.88168,35.7428],[139.88089,35.74269],[139.88104,35.742],[139.87973,35.74154],[139.88022,35.74062],[139.88026,35.74038],[139.88011,35.74026],[139.878,35.74111],[139.87637,35.74103],[139.87609,35.74182],[139.87485,35.74334],[139.87576,35.74383],[139.87929,35.74424],[139.87927,35.74514],[139.87984,35.74475]]]},"properties":{"key":"13122019001","name":"鎌倉一丁目","pref":"東京都","prefCode":"13","municipality":"葛飾区","areaM2":173663.668,"population":2875,"toponymIds":["13-9bb109656a"]}},{"type":"Feature","geometry":{"type":"Polygon","coordinates":[[[139.81701,35.76051],[139.81708,35.76004],[139.81976,35.76045],[139.82032,35.75578],[139.8206,35.75293],[139.82058,35.75007],[139.82077,35.74917],[139.81834,35.74777],[139.81465,35.75248],[139.8154,35.75353],[139.81439,35.75385],[139.81397,35.75425],[139.81341,35.75536],[139.81374,35.75727],[139.81334,35.7575],[139.81351,35.7583],[139.81329,35.75942],[139.81701,35.76051]]]},"properties":{"key":"13122008001","name":"小菅一丁目","pref":"東京都","prefCode":"13","municipality":"葛飾区","areaM2":672330.436,"population":6738,"toponymIds":["13-7d5d9937d1"]}},{"type":"Feature","geometry":{"type":"Polygon","coordinates":[[[139.88459,35.71147],[139.8866,35.71119],[139.89097,35.71094],[139.89222,35.71076],[139.89226,35.71042],[139.89136,35.7077],[139.89038,35.70645],[139.88898,35.70614],[139.88801,35.70625],[139.88796,35.70593],[139.88586,35.70675],[139.88475,35.70693],[139.88464,35.70751],[139.8838,35.70752],[139.88291,35.71153],[139.88387,35.71169],[139.88459,35.71147]]]},"properties":{"key":"13123025001","name":"鹿骨一丁目","pref":"東京都","prefCode":"13","municipality":"江戸川区","areaM2":382056.961,"population":3711,"toponymIds":["13-62cf19b372"]}},{"type":"Feature","geometry":{"type":"Polygon","coordinates":[[[139.88376,35.71768],[139.88399,35.71699],[139.88307,35.71679],[139.88288,35.71749],[139.88376,35.71768]]]},"properties":{"key":"131230240","name":"鹿骨町","pref":"東京都","prefCode":"13","municipality":"江戸川区","areaM2":6624.082,"population":105,"toponymIds":["13-10aa9296e7"]}},{"type":"Feature","geometry":{"type":"Polygon","coordinates":[[[139.33753,35.68958],[139.33793,35.68926],[139.33792,35.6889],[139.33851,35.68818],[139.33882,35.68818],[139.3394,35.68871],[139.33981,35.68876],[139.34012,35.68855],[139.34034,35.68768],[139.3411,35.68738],[139.34112,35.68681],[139.34094,35.68691],[139.3409,35.68675],[139.34101,35.68648],[139.34004,35.68459],[139.33773,35.68419],[139.33626,35.68359],[139.33679,35.68294],[139.33688,35.68257],[139.33547,35.68242],[139.33539,35.68206],[139.33508,35.68218],[139.33477,35.68202],[139.33484,35.68244],[139.33445,35.68272],[139.33416,35.68333],[139.33344,35.68403],[139.33302,35.68472],[139.33218,35.68513],[139.3311,35.68594],[139.33079,35.68589],[139.33086,35.6873],[139.33162,35.68769],[139.33246,35.68874],[139.33337,35.68886],[139.33407,35.68853],[139.33457,35.68912],[139.33519,35.68902],[139.3358,35.68862],[139.33629,35.68904],[139.33612,35.68938],[139.33583,35.68951],[139.33606,35.68973],[139.33636,35.68955],[139.33704,35.68985],[139.33753,35.68958]]]},"properties":{"key":"132010930","name":"梅坪町","pref":"東京都","prefCode":"13","municipality":"八王子市","areaM2":462834.495,"population":302,"toponymIds":["13-7428df5f9c","13-80c8062881"]}},{"type":"Feature","geometry":{"type":"Polygon","coordinates":[[[139.4289,35.63479],[139.42913,35.63395],[139.42956,35.63403],[139.42983,35.63343],[139.42978,35.63298],[139.43005,35.63256],[139.42983,35.63221],[139.42948,35.63193],[139.42891,35.63222],[139.42786,35.63196],[139.42686,35.63216],[139.42654,35.63167],[139.42685,35.63089],[139.42504,35.63006],[139.42509,35.62991],[139.42388,35.63014],[139.42342,35.63004],[139.4232,35.6302],[139.4221,35.633],[139.42163,35.63357],[139.42024,35.63458],[139.42087,35.63476],[139.42088,35.6345],[139.42179,35.63453],[139.42211,35.63478],[139.42307,35.63473],[139.42311,35.63514],[139.42453,35.63533],[139.42469,35.63467],[139.42479,35.6348],[139.42551,35.63483],[139.42613,35.63549],[139.42734,35.63597],[139.42716,35.63621],[139.42752,35.63642],[139.42849,35.63547],[139.42834,35.63518],[139.42858,35.63504],[139.4294,35.635],[139.42942,35.63487],[139.4289,35.63479]]]},"properties":{"key":"132010590","name":"鹿島","pref":"東京都","prefCode":"13","municipality":"八王子市","areaM2":323603.192,"population":2923,"toponymIds":["13-0145be2a27"]}},{"type":"Feature","geometry":{"type":"Polygon","coordinates":[[[139.34368,35.63153],[139.34351,35.63182],[139.34463,35.63211],[139.34428,35.633],[139.34468,35.6331],[139.34514,35.63193],[139.34368,35.63153]]]},"properties":{"key":"13201101000","name":"片倉町","pref":"東京都","prefCode":"13","municipality":"八王子市","areaM2":8937.436,"population":0,"toponymIds":["13-e48d350f18","13-938fd26852"]}},{"type":"Feature","geometry":{"type":"Polygon","coordinates":[[[139.37139,35.66555],[139.36962,35.66472],[139.36998,35.6642],[139.36302,35.66086],[139.36217,35.66221],[139.36444,35.6633],[139.36272,35.66546],[139.3607,35.66468],[139.36337,35.66914],[139.3671,35.66964],[139.36813,35.6713],[139.37134,35.6701],[139.37061,35.66874],[139.3724,35.6661],[139.37139,35.66555]]]},"properties":{"key":"132011090","name":"高倉町","pref":"東京都","prefCode":"13","municipality":"八王子市","areaM2":615887.561,"population":3608,"toponymIds":["13-428f03d030"]}},{"type":"Feature","geometry":{"type":"Polygon","coordinates":[[[139.33938,35.63765],[139.33932,35.63695],[139.33767,35.63685],[139.33736,35.63649],[139.33759,35.63626],[139.33712,35.63584],[139.33646,35.63574],[139.33649,35.6355],[139.33622,35.6354],[139.33563,35.6353],[139.3356,35.63557],[139.33536,35.63551],[139.33528,35.63517],[139.33496,35.63485],[139.33428,35.63456],[139.33361,35.63371],[139.3333,35.63364],[139.3329,35.63257],[139.3326,35.6326],[139.33263,35.63274],[139.33173,35.63315],[139.33221,35.63415],[139.33308,35.63527],[139.33432,35.63603],[139.33943,35.63882],[139.33938,35.63765]]]},"properties":{"key":"13201122001","name":"西片倉一丁目","pref":"東京都","prefCode":"13","municipality":"八王子市","areaM2":116715.776,"population":636,"toponymIds":["13-8c0eebcc4c"]}},{"type":"Feature","geometry":{"type":"Polygon","coordinates":[[[139.22729,35.78501],[139.22839,35.78467],[139.22877,35.78476],[139.22982,35.78417],[139.22961,35.78394],[139.22974,35.78355],[139.22907,35.78291],[139.22601,35.78275],[139.22574,35.78288],[139.22552,35.78265],[139.22505,35.7827],[139.22488,35.78255],[139.22485,35.78224],[139.22504,35.78192],[139.22482,35.78168],[139.22435,35.78178],[139.22373,35.78132],[139.22212,35.78153],[139.22148,35.78052],[139.22098,35.78058],[139.22064,35.78104],[139.21911,35.77908],[139.21808,35.77843],[139.21796,35.7782],[139.21817,35.77795],[139.21795,35.77742],[139.21793,35.77648],[139.21846,35.77557],[139.21895,35.77507],[139.21984,35.77347],[139.21837,35.77319],[139.21809,35.77298],[139.21664,35.77281],[139.21624,35.77311],[139.21529,35.7732],[139.21432,35.77412],[139.21394,35.774],[139.21319,35.77408],[139.21055,35.77324],[139.2102,35.77405],[139.20968,35.77425],[139.20918,35.77494],[139.20931,35.77598],[139.20893,35.77638],[139.20825,35.77638],[139.20706,35.77757],[139.20667,35.77831],[139.20638,35.77849],[139.20668,35.77873],[139.20748,35.7789],[139.20855,35.78048],[139.21135,35.7819],[139.21211,35.78194],[139.2123,35.78217],[139.2114,35.7824],[139.21239,35.78295],[139.2134,35.783],[139.2157,35.78344],[139.21644,35.78299],[139.21727,35.78335],[139.21807,35.78313],[139.21854,35.78318],[139.21947,35.78265],[139.2197,35.78279],[139.22006,35.78273],[139.22075,35.78317],[139.22151,35.78298],[139.2221,35.78304],[139.22208,35.78327],[139.22258,35.78364],[139.22271,35.78392],[139.22366,35.7841],[139.22408,35.78375],[139.22453,35.78381],[139.22579,35.7844],[139.22683,35.78459],[139.22698,35.78493],[139.22729,35.78501]]]},"properties":{"key":"13205032001","name":"梅郷一丁目","pref":"東京都","prefCode":"13","municipality":"青梅市","areaM2":1171440.407,"population":439,"toponymIds":["13-d65a151829"]}},{"type":"Feature","geometry":{"type":"Polygon","coordinates":[[[139.27679,35.7877],[139.27565,35.78688],[139.27483,35.78724],[139.27364,35.78735],[139.27233,35.787],[139.27127,35.78742],[139.27135,35.78867],[139.2712,35.78872],[139.27091,35.79068],[139.27315,35.78958],[139.27708,35.78794],[139.27679,35.7877]]]},"properties":{"key":"13205001001","name":"東青梅一丁目","pref":"東京都","prefCode":"13","municipality":"青梅市","areaM2":115042.761,"population":897,"toponymIds":["13-fe6ee625ee"]}},{"type":"Feature","geometry":{"type":"Polygon","coordinates":[[[139.46626,35.66875],[139.46722,35.66881],[139.46706,35.66825],[139.46839,35.66844],[139.46775,35.66651],[139.46519,35.66636],[139.46156,35.66761],[139.46159,35.6678],[139.46323,35.66723],[139.46381,35.66869],[139.46501,35.6683],[139.46516,35.66882],[139.46626,35.66875]]]},"properties":{"key":"13206033001","name":"分梅町一丁目","pref":"東京都","prefCode":"13","municipality":"府中市","areaM2":100267.072,"population":1284,"toponymIds":["13-af07f2708a"]}},{"type":"Feature","geometry":{"type":"Polygon","coordinates":[[[139.4679,35.68879],[139.46797,35.68815],[139.46885,35.6884],[139.46975,35.68572],[139.46947,35.68563],[139.45955,35.68606],[139.45968,35.68806],[139.46422,35.68833],[139.46659,35.68877],[139.46667,35.68845],[139.4679,35.68879]]]},"properties":{"key":"13206028001","name":"武蔵台一丁目","pref":"東京都","prefCode":"13","municipality":"府中市","areaM2":241867.932,"population":2191,"toponymIds":["13-125490a002"]}},{"type":"Feature","geometry":{"type":"Polygon","coordinates":[[[139.36631,35.72119],[139.36473,35.72292],[139.36584,35.72327],[139.36631,35.72119]]]},"properties":{"key":"132070222","name":"上川原町","pref":"東京都","prefCode":"13","municipality":"昭島市","areaM2":13269.05,"population":0,"toponymIds":["13-6f23738ae0"]}},{"type":"Feature","geometry":{"type":"Polygon","coordinates":[[[139.38059,35.7248],[139.38182,35.72303],[139.38025,35.72213],[139.37912,35.72171],[139.38306,35.71972],[139.38153,35.71802],[139.37579,35.72028],[139.3743,35.72103],[139.37295,35.72146],[139.37368,35.72497],[139.37632,35.72548],[139.37673,35.72482],[139.37701,35.72495],[139.37736,35.72433],[139.37683,35.72415],[139.37709,35.72377],[139.38008,35.72558],[139.38059,35.7248]]]},"properties":{"key":"13207003002","name":"武蔵野二丁目","pref":"東京都","prefCode":"13","municipality":"昭島市","areaM2":417453.558,"population":2146,"toponymIds":["13-86d41aa6b4"]}},{"type":"Feature","geometry":{"type":"Polygon","coordinates":[[[139.52724,35.65996],[139.52662,35.65915],[139.52677,35.65907],[139.52677,35.65863],[139.51993,35.66176],[139.52169,35.6648],[139.52826,35.66194],[139.52711,35.66007],[139.52724,35.65996]]]},"properties":{"key":"13208001001","name":"飛田給一丁目","pref":"東京都","prefCode":"13","municipality":"調布市","areaM2":258795.356,"population":3356,"toponymIds":["13-81dfc8e8dd","13-4eed1ac2e0"]}},{"type":"Feature","geometry":{"type":"Polygon","coordinates":[[[139.4588,35.59264],[139.4594,35.59231],[139.45923,35.59214],[139.4598,35.59197],[139.4599,35.59207],[139.46072,35.59169],[139.46068,35.59131],[139.46133,35.59092],[139.46136,35.59043],[139.46177,35.59028],[139.46216,35.58989],[139.46231,35.59009],[139.46296,35.58984],[139.46345,35.5902],[139.46402,35.59033],[139.46406,35.59069],[139.46426,35.59077],[139.46604,35.59002],[139.46732,35.58976],[139.46721,35.58933],[139.46835,35.58918],[139.4694,35.58929],[139.46987,35.58889],[139.47023,35.58821],[139.47141,35.58752],[139.47245,35.58721],[139.47231,35.58668],[139.47294,35.5862],[139.47323,35.58632],[139.47467,35.58568],[139.47499,35.58601],[139.47551,35.58541],[139.4759,35.58575],[139.47608,35.58563],[139.47613,35.58532],[139.47691,35.58523],[139.47628,35.58358],[139.47787,35.58331],[139.47772,35.5827],[139.47816,35.58264],[139.47807,35.58215],[139.47722,35.58177],[139.47622,35.58193],[139.47595,35.58104],[139.47518,35.58084],[139.4725,35.58196],[139.47183,35.58257],[139.47118,35.58267],[139.47071,35.58294],[139.46816,35.58191],[139.46782,35.58197],[139.46774,35.5822],[139.4674,35.58238],[139.46597,35.58273],[139.46426,35.58279],[139.46365,35.58265],[139.46269,35.58287],[139.46226,35.58279],[139.46196,35.58237],[139.46041,35.582],[139.46047,35.58231],[139.46097,35.58242],[139.46099,35.58283],[139.46066,35.58321],[139.45932,35.58329],[139.45941,35.58363],[139.45914,35.58425],[139.4594,35.58485],[139.45928,35.58505],[139.45784,35.58538],[139.45859,35.58631],[139.45877,35.58762],[139.45907,35.58791],[139.45951,35.58785],[139.45963,35.5881],[139.45926,35.58856],[139.45923,35.58918],[139.4595,35.58959],[139.4593,35.58981],[139.4586,35.59005],[139.45816,35.59069],[139.45763,35.59087],[139.4577,35.59117],[139.45717,35.59139],[139.4573,35.59165],[139.45722,35.59205],[139.4569,35.59283],[139.45751,35.59329],[139.45736,35.59396],[139.45756,35.59428],[139.45779,35.5962],[139.45819,35.59688],[139.45836,35.59686],[139.45875,35.5968],[139.45922,35.59647],[139.4593,35.59591],[139.458,35.59484],[139.45905,35.594],[139.45843,35.59336],[139.4588,35.59264]]]},"properties":{"key":"132090030","name":"大蔵町","pref":"東京都","prefCode":"13","municipality":"町田市","areaM2":1265179.67,"population":9233,"toponymIds":["13-daa4e846f5"]}},{"type":"Feature","geometry":{"type":"Polygon","coordinates":[[[139.4114,35.57039],[139.41115,35.57051],[139.41045,35.57163],[139.40935,35.57498],[139.40897,35.57538],[139.40819,35.57574],[139.40892,35.57638],[139.41363,35.57321],[139.41453,35.57228],[139.4114,35.57039]]]},"properties":{"key":"13209026101","name":"根岸一丁目","pref":"東京都","prefCode":"13","municipality":"町田市","areaM2":147926.389,"population":754,"toponymIds":["13-9cac4ca5f7"]}},{"type":"Feature","geometry":{"type":"Polygon","coordinates":[[[139.41005,35.57736],[139.40819,35.57574],[139.40699,35.57592],[139.40621,35.57588],[139.40578,35.57715],[139.40551,35.57735],[139.40652,35.57799],[139.40622,35.57819],[139.40603,35.57862],[139.40696,35.58014],[139.40984,35.57858],[139.41102,35.57821],[139.41005,35.57736]]]},"properties":{"key":"132090262","name":"根岸町","pref":"東京都","prefCode":"13","municipality":"町田市","areaM2":132684.693,"population":787,"toponymIds":["13-618d926a92"]}},{"type":"Feature","geometry":{"type":"Polygon","coordinates":[[[139.46155,35.70883],[139.45961,35.71102],[139.45999,35.71123],[139.45742,35.71413],[139.45892,35.71491],[139.46082,35.7153],[139.46451,35.71085],[139.46221,35.70954],[139.46155,35.70883]]]},"properties":{"key":"13214010001","name":"戸倉一丁目","pref":"東京都","prefCode":"13","municipality":"国分寺市","areaM2":216255.673,"population":1810,"toponymIds":["13-f9f255dc49"]}},{"type":"Feature","geometry":{"type":"Polygon","coordinates":[[[139.46749,35.71653],[139.4676,35.71639],[139.46772,35.71661],[139.46821,35.71655],[139.46819,35.7164],[139.47105,35.71588],[139.47114,35.71563],[139.47189,35.71547],[139.46777,35.71299],[139.46792,35.7128],[139.4675,35.71255],[139.46719,35.71265],[139.46636,35.71478],[139.46523,35.71694],[139.46749,35.71653]]]},"properties":{"key":"13214009001","name":"東戸倉一丁目","pref":"東京都","prefCode":"13","municipality":"国分寺市","areaM2":134955.032,"population":1620,"toponymIds":["13-b6c42b2592"]}},{"type":"Feature","geometry":{"type":"Polygon","coordinates":[[[139.33193,35.75212],[139.33209,35.7516],[139.33376,35.75188],[139.33386,35.75114],[139.33424,35.75103],[139.33538,35.74603],[139.33609,35.74622],[139.33589,35.7446],[139.33256,35.74452],[139.3297,35.75237],[139.33164,35.75302],[139.33193,35.75212]]]},"properties":{"key":"13218008001","name":"武蔵野台一丁目","pref":"東京都","prefCode":"13","municipality":"福生市","areaM2":286201.246,"population":3487,"toponymIds":["13-917b0e5f45"]}},{"type":"Feature","geometry":{"type":"Polygon","coordinates":[[[139.58244,35.62912],[139.58255,35.62889],[139.583,35.62873],[139.58377,35.62903],[139.58528,35.62826],[139.58622,35.62804],[139.58625,35.62788],[139.58584,35.62723],[139.58542,35.6274],[139.5853,35.62712],[139.57843,35.62829],[139.5786,35.62831],[139.57874,35.62887],[139.58076,35.62908],[139.58161,35.62968],[139.58166,35.62987],[139.58202,35.62975],[139.58244,35.62912]]]},"properties":{"key":"13219006001","name":"猪方一丁目","pref":"東京都","prefCode":"13","municipality":"狛江市","areaM2":95492.015,"population":1123,"toponymIds":["13-1c02b72dd7"]}},{"type":"Feature","geometry":{"type":"Polygon","coordinates":[[[139.41988,35.75762],[139.42107,35.75779],[139.42108,35.75742],[139.42169,35.75712],[139.42175,35.7553],[139.42205,35.75449],[139.422,35.75345],[139.42065,35.75404],[139.41899,35.75425],[139.41615,35.75523],[139.41638,35.75599],[139.41677,35.75634],[139.4169,35.75747],[139.41785,35.75753],[139.41854,35.75806],[139.41891,35.75815],[139.41988,35.75762]]]},"properties":{"key":"13220003001","name":"蔵敷一丁目","pref":"東京都","prefCode":"13","municipality":"東大和市","areaM2":175060.898,"population":286,"toponymIds":["13-ddb1d35a52"]}},{"type":"Feature","geometry":{"type":"Polygon","coordinates":[[[139.50403,35.76966],[139.50346,35.76951],[139.50346,35.77001],[139.50643,35.77292],[139.50655,35.77362],[139.50641,35.77421],[139.50807,35.77444],[139.50934,35.77504],[139.50994,35.77485],[139.51249,35.77272],[139.50844,35.77081],[139.50403,35.76966]]]},"properties":{"key":"13221011001","name":"梅園一丁目","pref":"東京都","prefCode":"13","municipality":"清瀬市","areaM2":223151.888,"population":310,"toponymIds":["13-3cb15452c7"]}},{"type":"Feature","geometry":{"type":"Polygon","coordinates":[[[139.35716,35.75004],[139.35786,35.74685],[139.36222,35.74778],[139.36239,35.74767],[139.36192,35.7427],[139.36365,35.7427],[139.36317,35.73944],[139.3629,35.73919],[139.35981,35.73992],[139.35914,35.74106],[139.35865,35.74116],[139.35884,35.74198],[139.35607,35.74247],[139.35446,35.74305],[139.35554,35.74538],[139.3546,35.74581],[139.35643,35.74668],[139.35651,35.7475],[139.35586,35.74748],[139.35572,35.74764],[139.35528,35.74742],[139.3552,35.74769],[139.35555,35.74835],[139.35573,35.74835],[139.35655,35.75051],[139.35706,35.75039],[139.35716,35.75004]],[[139.35651,35.74545],[139.35625,35.74509],[139.35815,35.74446],[139.35859,35.74536],[139.3568,35.74584],[139.35651,35.74545]]]},"properties":{"key":"132230020","name":"大字岸","pref":"東京都","prefCode":"13","municipality":"武蔵村山市","areaM2":496513.736,"population":0,"toponymIds":["13-dc346e7adb"]}},{"type":"Feature","geometry":{"type":"Polygon","coordinates":[[[139.36497,35.76399],[139.36628,35.76288],[139.36962,35.76088],[139.36819,35.75826],[139.36342,35.76064],[139.36386,35.76089],[139.36336,35.76167],[139.36319,35.76158],[139.36289,35.76186],[139.36246,35.76159],[139.36229,35.76175],[139.36282,35.76211],[139.3623,35.76237],[139.36306,35.76283],[139.36359,35.76399],[139.36404,35.76382],[139.36417,35.76397],[139.36437,35.76383],[139.36477,35.76413],[139.36497,35.76399]]]},"properties":{"key":"13223015001","name":"岸一丁目","pref":"東京都","prefCode":"13","municipality":"武蔵村山市","areaM2":210882.404,"population":1241,"toponymIds":["13-02c2092662"]}},{"type":"Feature","geometry":{"type":"Polygon","coordinates":[[[139.30238,35.71656],[139.30473,35.71662],[139.30845,35.71588],[139.30829,35.71561],[139.30819,35.71446],[139.30766,35.71398],[139.30661,35.71344],[139.30654,35.71298],[139.30613,35.71242],[139.30491,35.71193],[139.3047,35.71163],[139.30437,35.712],[139.304,35.71199],[139.30413,35.71235],[139.30361,35.71259],[139.30417,35.71305],[139.30389,35.71334],[139.30418,35.71371],[139.3041,35.71392],[139.30364,35.71385],[139.30271,35.71243],[139.30207,35.71247],[139.30189,35.71221],[139.3015,35.71211],[139.30123,35.71173],[139.30037,35.71184],[139.29995,35.71236],[139.29924,35.71377],[139.29876,35.71549],[139.29861,35.71705],[139.29873,35.7174],[139.30238,35.71656]]]},"properties":{"key":"132280090","name":"切欠","pref":"東京都","prefCode":"13","municipality":"あきる野市","areaM2":364254.595,"population":112,"toponymIds":["13-975fb97117"]}},{"type":"Feature","geometry":{"type":"Polygon","coordinates":[[[139.27792,35.76155],[139.27994,35.76112],[139.28247,35.7613],[139.28343,35.76095],[139.28426,35.76124],[139.28635,35.76071],[139.28752,35.76099],[139.28783,35.76032],[139.28897,35.76004],[139.28934,35.76031],[139.28981,35.76015],[139.29088,35.75948],[139.29095,35.75889],[139.29153,35.7583],[139.29211,35.75802],[139.29224,35.75747],[139.29305,35.75741],[139.29348,35.75677],[139.29334,35.75596],[139.29375,35.75553],[139.29435,35.7554],[139.29491,35.75494],[139.29522,35.75503],[139.29663,35.75404],[139.29575,35.75321],[139.29564,35.75271],[139.29515,35.75249],[139.29486,35.75196],[139.29513,35.75159],[139.29535,35.75036],[139.29595,35.75007],[139.29645,35.74948],[139.29662,35.74862],[139.29519,35.74762],[139.29527,35.74685],[139.29472,35.7456],[139.294,35.74554],[139.29358,35.74526],[139.29226,35.74541],[139.29137,35.74479],[139.29137,35.74457],[139.29195,35.74395],[139.29175,35.74287],[139.29243,35.74223],[139.29247,35.74164],[139.29186,35.7417],[139.28621,35.74121],[139.28354,35.74026],[139.28092,35.74124],[139.27904,35.74225],[139.27929,35.74352],[139.28017,35.74335],[139.28024,35.74396],[139.28059,35.74449],[139.28056,35.74484],[139.28088,35.7458],[139.28071,35.74581],[139.28053,35.74752],[139.27982,35.74894],[139.27836,35.74997],[139.27791,35.75108],[139.27741,35.75172],[139.27728,35.75264],[139.27638,35.75293],[139.27526,35.75375],[139.2733,35.75397],[139.27233,35.75356],[139.26921,35.75347],[139.26835,35.75457],[139.2677,35.75492],[139.26467,35.75552],[139.26404,35.75537],[139.26177,35.75559],[139.26117,35.75619],[139.25587,35.75955],[139.25583,35.76002],[139.25661,35.7607],[139.25667,35.76097],[139.25686,35.76061],[139.25744,35.76031],[139.26164,35.75974],[139.26347,35.75995],[139.26409,35.76047],[139.26493,35.76026],[139.26539,35.76034],[139.26548,35.76016],[139.26601,35.76],[139.26679,35.75995],[139.26805,35.7604],[139.26926,35.7612],[139.27139,35.76083],[139.2738,35.7608],[139.27484,35.76098],[139.27631,35.76157],[139.27792,35.76155]]]},"properties":{"key":"132280110","name":"菅生","pref":"東京都","prefCode":"13","municipality":"あきる野市","areaM2":4154953.619,"population":1526,"toponymIds":["13-5215d91039","13-d27cab5915"]}},{"type":"Feature","geometry":{"type":"Polygon","coordinates":[[[139.19908,35.74059],[139.20003,35.73968],[139.20266,35.73896],[139.20358,35.73887],[139.20382,35.73852],[139.20432,35.73834],[139.20567,35.73836],[139.20563,35.73714],[139.20609,35.73719],[139.20646,35.73699],[139.20724,35.73699],[139.20736,35.73685],[139.20766,35.73607],[139.20752,35.73581],[139.20767,35.73532],[139.20834,35.7349],[139.20861,35.73431],[139.20853,35.73387],[139.20867,35.73313],[139.20842,35.73276],[139.20832,35.73053],[139.20805,35.73002],[139.20767,35.72968],[139.2061,35.72875],[139.20742,35.72634],[139.20759,35.7256],[139.20745,35.72497],[139.20785,35.7246],[139.20834,35.72468],[139.20931,35.72386],[139.21128,35.72284],[139.2127,35.72272],[139.21298,35.72239],[139.21311,35.72134],[139.21365,35.72092],[139.21417,35.72088],[139.21465,35.72049],[139.21483,35.72013],[139.21523,35.72003],[139.21633,35.71908],[139.21716,35.71888],[139.21645,35.71797],[139.21499,35.71656],[139.2144,35.71668],[139.21378,35.71652],[139.21301,35.71559],[139.21184,35.71511],[139.21083,35.71408],[139.21001,35.71372],[139.20835,35.71351],[139.20637,35.71264],[139.20608,35.71214],[139.20604,35.71148],[139.20539,35.71069],[139.20544,35.71021],[139.20521,35.70945],[139.2053,35.70857],[139.2047,35.70807],[139.20433,35.70748],[139.20478,35.70611],[139.20435,35.70553],[139.20436,35.70448],[139.20483,35.70353],[139.20532,35.70314],[139.20504,35.70237],[139.2051,35.70109],[139.20482,35.70032],[139.20495,35.69967],[139.20353,35.69896],[139.20234,35.69913],[139.20132,35.6988],[139.20057,35.69886],[139.20034,35.69763],[139.2006,35.69677],[139.20091,35.69646],[139.20066,35.69613],[139.20035,35.69461],[139.20019,35.69443],[139.20017,35.69384],[139.20051,35.69314],[139.20035,35.69078],[139.20002,35.68912],[139.19944,35.68812],[139.19841,35.68782],[139.1976,35.68864],[139.19658,35.68866],[139.19552,35.68835],[139.195,35.68884],[139.19342,35.68899],[139.19173,35.68782],[139.18969,35.68743],[139.18882,35.6879],[139.18652,35.68813],[139.18558,35.6887],[139.18499,35.68879],[139.18441,35.68913],[139.18345,35.68888],[139.18267,35.68804],[139.18151,35.68808],[139.18058,35.68833],[139.17885,35.68919],[139.17825,35.68893],[139.17774,35.68891],[139.17403,35.68936],[139.17255,35.68893],[139.17132,35.68884],[139.17027,35.68962],[139.16965,35.68987],[139.16994,35.69086],[139.17097,35.69166],[139.17128,35.69213],[139.17179,35.69241],[139.17235,35.69361],[139.17225,35.69579],[139.17283,35.69688],[139.17243,35.69847],[139.17265,35.69955],[139.17255,35.70135],[139.17239,35.70166],[139.17114,35.70243],[139.17036,35.70344],[139.16841,35.70401],[139.16771,35.70453],[139.16644,35.70602],[139.16531,35.70636],[139.1653,35.70746],[139.16513,35.70809],[139.16768,35.70989],[139.16885,35.71012],[139.16934,35.71071],[139.16966,35.71086],[139.17009,35.71157],[139.1702,35.71293],[139.171,35.71349],[139.17083,35.71448],[139.17121,35.71493],[139.17242,35.71559],[139.17364,35.7165],[139.17613,35.71691],[139.17763,35.71752],[139.17886,35.71859],[139.1799,35.71883],[139.18043,35.71934],[139.18237,35.71977],[139.18289,35.72113],[139.18348,35.7219],[139.18407,35.72217],[139.18433,35.72259],[139.18525,35.7232],[139.18508,35.72515],[139.18584,35.72694],[139.18748,35.72664],[139.18981,35.72662],[139.18998,35.72689],[139.18992,35.72705],[139.18861,35.72767],[139.18846,35.72792],[139.18866,35.72828],[139.18917,35.72865],[139.18973,35.72962],[139.19123,35.72865],[139.19163,35.72859],[139.19203,35.72875],[139.19301,35.7297],[139.19404,35.72943],[139.19478,35.72948],[139.19547,35.72968],[139.19599,35.73013],[139.19665,35.73111],[139.19737,35.73183],[139.19625,35.73225],[139.19615,35.73274],[139.19642,35.73414],[139.19493,35.73552],[139.19462,35.73612],[139.19413,35.73754],[139.19445,35.73882],[139.19479,35.73908],[139.19557,35.73932],[139.19615,35.73932],[139.19695,35.73982],[139.19741,35.73986],[139.19787,35.74045],[139.19908,35.74059]]]},"properties":{"key":"132280350","name":"戸倉","pref":"東京都","prefCode":"13","municipality":"あきる野市","areaM2":14215819.649,"population":673,"toponymIds":["13-c084071427","13-2029904ab7"]}},{"type":"Feature","geometry":{"type":"Polygon","coordinates":[[[139.38944,34.79161],[139.3897,34.79144],[139.39015,34.79186],[139.38961,34.79278],[139.39005,34.79206],[139.39186,34.79065],[139.39198,34.79009],[139.39305,34.78974],[139.3932,34.78957],[139.39343,34.78988],[139.39385,34.78982],[139.3937,34.78971],[139.39396,34.7897],[139.39383,34.78953],[139.3939,34.78929],[139.39407,34.7892],[139.39439,34.78955],[139.39425,34.78926],[139.39505,34.78875],[139.39486,34.78834],[139.39481,34.78762],[139.39446,34.78744],[139.3944,34.78724],[139.39457,34.78682],[139.39423,34.78647],[139.39358,34.78638],[139.39341,34.78539],[139.39248,34.78551],[139.39138,34.78499],[139.39114,34.78527],[139.39079,34.78501],[139.39143,34.78565],[139.39144,34.7861],[139.39182,34.78635],[139.39177,34.78647],[139.39084,34.7861],[139.39073,34.7863],[139.39017,34.78628],[139.38983,34.78643],[139.39098,34.78714],[139.39166,34.78828],[139.39147,34.78839],[139.39151,34.78851],[139.39188,34.78871],[139.39146,34.78867],[139.39137,34.78898],[139.39158,34.78917],[139.39129,34.78935],[139.39086,34.78945],[139.3901,34.78915],[139.38963,34.78937],[139.39009,34.78923],[139.39052,34.78947],[139.39125,34.78944],[139.39172,34.78969],[139.38927,34.79154],[139.38853,34.79276],[139.38873,34.79283],[139.38944,34.79161]]]},"properties":{"key":"13361003000","name":"岡田","pref":"東京都","prefCode":"13","municipality":"大島町","areaM2":169888.387,"population":138,"toponymIds":["13-d3b8622f2d"]}},{"type":"Feature","geometry":{"type":"Polygon","coordinates":[[[139.14241,34.21234],[139.14189,34.21194],[139.14057,34.21147],[139.14046,34.21117],[139.14013,34.21116],[139.14008,34.21139],[139.13974,34.21164],[139.14,34.21213],[139.13968,34.21252],[139.14018,34.21277],[139.14054,34.21317],[139.14034,34.21362],[139.13935,34.21392],[139.13901,34.21434],[139.13851,34.21449],[139.13672,34.21473],[139.13669,34.21515],[139.13692,34.21543],[139.13742,34.21531],[139.13813,34.21539],[139.13841,34.21593],[139.13818,34.21634],[139.13806,34.21718],[139.13772,34.21757],[139.13765,34.21836],[139.13652,34.21868],[139.13645,34.21894],[139.13691,34.21936],[139.13666,34.21966],[139.1367,34.21983],[139.13723,34.22004],[139.1372,34.22045],[139.13692,34.22073],[139.13698,34.22097],[139.13727,34.22117],[139.13722,34.22142],[139.13738,34.22156],[139.13839,34.22168],[139.13874,34.22274],[139.1387,34.22355],[139.13904,34.22385],[139.13976,34.22342],[139.14001,34.22347],[139.14021,34.22322],[139.14044,34.22238],[139.14014,34.22174],[139.14048,34.22082],[139.14096,34.22014],[139.14137,34.21992],[139.14161,34.21938],[139.14296,34.21758],[139.1432,34.21655],[139.14378,34.21562],[139.1438,34.21495],[139.14336,34.21438],[139.1427,34.21402],[139.14185,34.2128],[139.14212,34.21238],[139.14241,34.21234]]]},"properties":{"key":"13364001006","name":"鍛冶山","pref":"東京都","prefCode":"13","municipality":"神津島村","areaM2":465255.845,"population":25,"toponymIds":["13-9b141e1559"]}},{"type":"Feature","geometry":{"type":"Polygon","coordinates":[[[139.27076,35.68224],[139.27166,35.6821],[139.27156,35.68186],[139.27001,35.67976],[139.26988,35.67939],[139.26926,35.67881],[139.26861,35.67833],[139.2649,35.67679],[139.26292,35.67491],[139.26115,35.67389],[139.26077,35.67343],[139.26062,35.67312],[139.26098,35.67296],[139.26086,35.67276],[139.26199,35.67203],[139.26284,35.67089],[139.26326,35.67097],[139.26356,35.67072],[139.26358,35.67027],[139.26232,35.66962],[139.2623,35.66842],[139.26397,35.66804],[139.26385,35.66735],[139.26465,35.66714],[139.26334,35.66663],[139.26301,35.66621],[139.26148,35.66559],[139.26104,35.66459],[139.26117,35.66416],[139.26101,35.66386],[139.26107,35.66267],[139.26144,35.66197],[139.26061,35.66071],[139.25976,35.6602],[139.25938,35.65895],[139.25881,35.65907],[139.2581,35.65896],[139.25699,35.65927],[139.25646,35.65922],[139.25624,35.65871],[139.2563,35.65785],[139.25531,35.65744],[139.25526,35.65581],[139.25512,35.65563],[139.25448,35.65508],[139.25302,35.65449],[139.25292,35.65402],[139.25229,35.65391],[139.25155,35.65291],[139.2505,35.65257],[139.25007,35.65181],[139.24984,35.65077],[139.24859,35.65045],[139.2479,35.65112],[139.24755,35.65121],[139.24588,35.6511],[139.24577,35.65072],[139.24524,35.65013],[139.24392,35.64954],[139.24335,35.64888],[139.24193,35.65015],[139.24098,35.6505],[139.23999,35.65109],[139.23969,35.65149],[139.23863,35.65171],[139.23865,35.65311],[139.23836,35.65374],[139.23747,35.65483],[139.23661,35.6562],[139.23691,35.65746],[139.23617,35.65854],[139.23718,35.66002],[139.23796,35.6619],[139.23886,35.66319],[139.23964,35.66375],[139.24031,35.66535],[139.24062,35.66657],[139.24235,35.66807],[139.24302,35.6678],[139.24288,35.66837],[139.24441,35.6691],[139.24503,35.66778],[139.24528,35.66783],[139.24516,35.66811],[139.24538,35.66822],[139.24562,35.66814],[139.24599,35.66763],[139.24661,35.66803],[139.24632,35.66951],[139.24661,35.67101],[139.24767,35.67122],[139.24804,35.67227],[139.2488,35.67274],[139.24866,35.67276],[139.24878,35.67295],[139.24922,35.67321],[139.24952,35.67358],[139.24952,35.67381],[139.25012,35.67422],[139.25081,35.67592],[139.25127,35.6764],[139.2517,35.67748],[139.24995,35.67719],[139.24777,35.67753],[139.24762,35.67773],[139.24822,35.67867],[139.24797,35.67941],[139.2474,35.67944],[139.24689,35.67968],[139.24634,35.68007],[139.24607,35.68051],[139.24663,35.68099],[139.24825,35.68132],[139.24856,35.68144],[139.24884,35.68178],[139.24988,35.68167],[139.25065,35.68209],[139.25153,35.68121],[139.2519,35.68119],[139.25265,35.68079],[139.25329,35.68101],[139.25363,35.68093],[139.25386,35.68063],[139.25456,35.68037],[139.25484,35.68001],[139.25496,35.67896],[139.25666,35.68],[139.25826,35.68019],[139.25937,35.68094],[139.26093,35.68145],[139.26212,35.68154],[139.26381,35.68127],[139.26612,35.68227],[139.26856,35.68257],[139.27076,35.68224]]]},"properties":{"key":"132010810","name":"下恩方町","pref":"東京都","prefCode":"13","municipality":"八王子市","areaM2":5566831.699,"population":6973,"toponymIds":["13-c725e96d68"]}},{"type":"Feature","geometry":{"type":"Polygon","coordinates":[[[139.47634,35.66743],[139.47648,35.66723],[139.47673,35.66734],[139.47691,35.66709],[139.47701,35.66673],[139.47667,35.66666],[139.47673,35.66633],[139.47762,35.664],[139.47582,35.66358],[139.47521,35.66357],[139.47343,35.66417],[139.47357,35.66674],[139.47305,35.6669],[139.47359,35.66697],[139.47358,35.66873],[139.47483,35.66855],[139.47478,35.66844],[139.47579,35.66796],[139.47634,35.66743]]]},"properties":{"key":"13206021002","name":"本町二丁目","pref":"東京都","prefCode":"13","municipality":"府中市","areaM2":155945.478,"population":2782,"toponymIds":["13-2277358b1b"]}},{"type":"Feature","geometry":{"type":"Polygon","coordinates":[[[139.46778,35.66649],[139.46696,35.66342],[139.46631,35.66232],[139.46494,35.66306],[139.46488,35.66279],[139.46284,35.66308],[139.46478,35.66648],[139.46532,35.66634],[139.46778,35.66649]]]},"properties":{"key":"13206033002","name":"分梅町二丁目","pref":"東京都","prefCode":"13","municipality":"府中市","areaM2":128776.011,"population":1501,"toponymIds":["13-e23a41c1e5"]}},{"type":"Feature","geometry":{"type":"Polygon","coordinates":[[[139.46303,35.66001],[139.46294,35.65953],[139.46251,35.65936],[139.46243,35.6591],[139.46175,35.65926],[139.46088,35.65917],[139.46027,35.65874],[139.45982,35.65889],[139.45908,35.65983],[139.45734,35.65961],[139.45778,35.66095],[139.45732,35.66132],[139.45737,35.6623],[139.45793,35.66289],[139.45834,35.6629],[139.45885,35.66433],[139.45909,35.66428],[139.4611,35.66336],[139.46104,35.66259],[139.46041,35.66149],[139.4618,35.66114],[139.46274,35.66067],[139.46303,35.66001]]]},"properties":{"key":"13206034001","name":"住吉町一丁目","pref":"東京都","prefCode":"13","municipality":"府中市","areaM2":178839.886,"population":2374,"toponymIds":["13-4ba4fe0c49"]}},{"type":"Feature","geometry":{"type":"Polygon","coordinates":[[[139.33879,35.65253],[139.33869,35.65028],[139.33959,35.64991],[139.33949,35.64613],[139.33715,35.64623],[139.33696,35.6467],[139.33526,35.6487],[139.33507,35.65018],[139.33485,35.65048],[139.33531,35.65051],[139.33523,35.6516],[139.33551,35.65244],[139.33691,35.65228],[139.33879,35.65268],[139.33879,35.65253]]]},"properties":{"key":"13201017003","name":"子安町三丁目","pref":"東京都","prefCode":"13","municipality":"八王子市","areaM2":223885.546,"population":2170,"toponymIds":["13-94cbd0d8bc"]}},{"type":"Feature","geometry":{"type":"Polygon","coordinates":[[[139.3165,35.66042],[139.31558,35.66027],[139.31146,35.66072],[139.31022,35.66129],[139.31032,35.66147],[139.30997,35.6618],[139.31061,35.66216],[139.31095,35.6626],[139.31151,35.66235],[139.31372,35.6619],[139.31708,35.66162],[139.31689,35.66095],[139.31698,35.66059],[139.3165,35.66042]]]},"properties":{"key":"132010070","name":"日吉町","pref":"東京都","prefCode":"13","municipality":"八王子市","areaM2":99727.77,"population":1120,"toponymIds":["13-1621a57920"]}},{"type":"Feature","geometry":{"type":"Polygon","coordinates":[[[139.32807,35.62589],[139.32748,35.62568],[139.3271,35.62749],[139.32733,35.62862],[139.32827,35.63056],[139.33036,35.62989],[139.32925,35.62751],[139.32904,35.62635],[139.32807,35.62589]]]},"properties":{"key":"13201121002","name":"みなみ野二丁目","pref":"東京都","prefCode":"13","municipality":"八王子市","areaM2":93816.483,"population":941,"toponymIds":["13-843541b75b"]}},{"type":"Feature","geometry":{"type":"Polygon","coordinates":[[[139.26756,35.64543],[139.26813,35.64544],[139.26853,35.64514],[139.26888,35.64522],[139.26957,35.64487],[139.27061,35.64492],[139.27161,35.64397],[139.27387,35.64306],[139.27423,35.64101],[139.27399,35.64027],[139.27199,35.63934],[139.27065,35.63961],[139.27042,35.64044],[139.27047,35.64199],[139.27009,35.64288],[139.26983,35.64317],[139.26903,35.64346],[139.26767,35.64369],[139.26728,35.64426],[139.26743,35.64458],[139.26726,35.64556],[139.26756,35.64543]]]},"properties":{"key":"132010420","name":"西浅川町","pref":"東京都","prefCode":"13","municipality":"八王子市","areaM2":205909.608,"population":700,"toponymIds":["13-d9bb104570"]}},{"type":"Feature","geometry":{"type":"Polygon","coordinates":[[[139.47241,35.59028],[139.4741,35.5897],[139.47658,35.58851],[139.47531,35.58676],[139.47494,35.58643],[139.47443,35.58627],[139.47342,35.58618],[139.47323,35.58632],[139.47294,35.5862],[139.47231,35.58668],[139.47245,35.58721],[139.47141,35.58752],[139.47023,35.58821],[139.46987,35.58889],[139.46943,35.58927],[139.46786,35.58928],[139.46839,35.59048],[139.46971,35.59016],[139.47125,35.59051],[139.47241,35.59028]]]},"properties":{"key":"13209019002","name":"鶴川二丁目","pref":"東京都","prefCode":"13","municipality":"町田市","areaM2":201088.251,"population":2423,"toponymIds":["13-488871797e"]}},{"type":"Feature","geometry":{"type":"Polygon","coordinates":[[[139.46589,35.59169],[139.46642,35.59166],[139.46652,35.59118],[139.46839,35.59048],[139.46787,35.58928],[139.46721,35.58933],[139.46732,35.58976],[139.46604,35.59002],[139.46426,35.59077],[139.46406,35.59069],[139.46402,35.59033],[139.46345,35.5902],[139.46296,35.58984],[139.46231,35.59009],[139.46216,35.58989],[139.46177,35.59028],[139.46136,35.59043],[139.46133,35.59092],[139.46068,35.59131],[139.46073,35.59198],[139.46212,35.59353],[139.46363,35.59379],[139.46397,35.59356],[139.46415,35.59279],[139.4651,35.59201],[139.46589,35.59169]]]},"properties":{"key":"13209019003","name":"鶴川三丁目","pref":"東京都","prefCode":"13","municipality":"町田市","areaM2":162472.64,"population":1506,"toponymIds":["13-d2be820a05"]}},{"type":"Feature","geometry":{"type":"Polygon","coordinates":[[[139.43753,35.62589],[139.43711,35.62495],[139.43728,35.62129],[139.4358,35.6212],[139.43529,35.62066],[139.43482,35.61921],[139.43378,35.61885],[139.43297,35.61882],[139.43285,35.62061],[139.43202,35.62269],[139.43253,35.62303],[139.43223,35.62389],[139.43241,35.62537],[139.43282,35.62566],[139.43413,35.62564],[139.43675,35.62716],[139.43728,35.62781],[139.43725,35.62875],[139.43747,35.62899],[139.43777,35.62892],[139.43793,35.62864],[139.43766,35.6273],[139.43822,35.62701],[139.43753,35.62589]]]},"properties":{"key":"13224016002","name":"豊ケ丘二丁目","pref":"東京都","prefCode":"13","municipality":"多摩市","areaM2":311299.705,"population":2791,"toponymIds":["13-ab4909c6c5"]}},{"type":"Feature","geometry":{"type":"Polygon","coordinates":[[[139.38435,35.62828],[139.38432,35.62802],[139.38567,35.62849],[139.38597,35.62767],[139.38709,35.62785],[139.387,35.62721],[139.38685,35.62731],[139.38659,35.62719],[139.38675,35.62649],[139.38573,35.6256],[139.38604,35.62531],[139.38531,35.62424],[139.38436,35.62401],[139.38286,35.62459],[139.38251,35.62428],[139.38063,35.62346],[139.37942,35.62238],[139.37843,35.62193],[139.37824,35.62227],[139.37793,35.62241],[139.3768,35.62178],[139.37593,35.62379],[139.37679,35.62413],[139.37805,35.62553],[139.38004,35.62706],[139.38255,35.62791],[139.383,35.62819],[139.38333,35.6288],[139.3844,35.62871],[139.38435,35.62828]]]},"properties":{"key":"13201045002","name":"下柚木二丁目","pref":"東京都","prefCode":"13","municipality":"八王子市","areaM2":373283.108,"population":2937,"toponymIds":["13-64ef8a7702"]}},{"type":"Feature","geometry":{"type":"Polygon","coordinates":[[[139.29783,35.60909],[139.29851,35.60914],[139.29883,35.60975],[139.30082,35.60811],[139.30056,35.60792],[139.30095,35.60755],[139.30121,35.60771],[139.30183,35.60711],[139.30115,35.60648],[139.30079,35.60653],[139.30037,35.60617],[139.29919,35.60623],[139.29897,35.60694],[139.29844,35.60708],[139.29873,35.60765],[139.29821,35.60771],[139.29801,35.60795],[139.29703,35.60797],[139.29689,35.60822],[139.29671,35.60889],[139.29684,35.60928],[139.29657,35.60986],[139.29684,35.61041],[139.2977,35.61014],[139.29736,35.60943],[139.29783,35.60909]]]},"properties":{"key":"13209001081","name":"相原町","pref":"東京都","prefCode":"13","municipality":"町田市","areaM2":98070.457,"population":1495,"toponymIds":["13-bf174e7815"]}},{"type":"Feature","geometry":{"type":"Polygon","coordinates":[[[139.24316,35.63326],[139.24416,35.63306],[139.24479,35.63274],[139.24509,35.63222],[139.24513,35.63167],[139.24492,35.6316],[139.24438,35.63245],[139.24406,35.63259],[139.24394,35.63244],[139.24445,35.63131],[139.24307,35.62833],[139.24321,35.62727],[139.24311,35.62653],[139.24237,35.62569],[139.24185,35.62472],[139.24354,35.62391],[139.24396,35.62294],[139.24508,35.62222],[139.24695,35.62196],[139.24844,35.62139],[139.2498,35.62158],[139.25096,35.62194],[139.25187,35.62247],[139.25239,35.62242],[139.25295,35.62381],[139.25534,35.62563],[139.25589,35.6258],[139.25717,35.62577],[139.25793,35.62524],[139.2592,35.62486],[139.261,35.62483],[139.26226,35.62539],[139.26247,35.62608],[139.26282,35.62618],[139.26332,35.62698],[139.2644,35.62746],[139.26453,35.62708],[139.26403,35.62676],[139.26559,35.62639],[139.26588,35.6261],[139.26684,35.62372],[139.26892,35.62359],[139.26938,35.62313],[139.26938,35.62213],[139.26982,35.62188],[139.27017,35.62115],[139.27,35.62079],[139.26978,35.62069],[139.26979,35.61982],[139.26873,35.61952],[139.26841,35.61881],[139.26897,35.61819],[139.26967,35.61798],[139.26999,35.61715],[139.27027,35.61717],[139.26957,35.61571],[139.26998,35.61468],[139.26969,35.61439],[139.26972,35.61369],[139.26875,35.61223],[139.26919,35.61159],[139.26899,35.61104],[139.26917,35.61027],[139.26885,35.60927],[139.26832,35.60907],[139.26753,35.60826],[139.26651,35.60808],[139.26603,35.60777],[139.26596,35.60675],[139.26622,35.60627],[139.26613,35.60506],[139.26531,35.60378],[139.26531,35.60314],[139.26496,35.60236],[139.26341,35.60211],[139.26207,35.60275],[139.26127,35.60278],[139.25966,35.6034],[139.25898,35.60342],[139.25778,35.60413],[139.25711,35.604],[139.25522,35.60283],[139.2537,35.6023],[139.25235,35.60151],[139.25096,35.6027],[139.25108,35.60335],[139.25049,35.60324],[139.24989,35.60335],[139.24924,35.60369],[139.24852,35.60456],[139.24757,35.60486],[139.24706,35.60522],[139.246,35.60497],[139.24537,35.60513],[139.24378,35.60598],[139.24239,35.60622],[139.24086,35.60607],[139.24052,35.60638],[139.23886,35.60688],[139.2383,35.6078],[139.23807,35.60971],[139.237,35.6098],[139.23649,35.61004],[139.23521,35.61136],[139.23326,35.61254],[139.23214,35.61288],[139.23147,35.61368],[139.23027,35.61463],[139.23088,35.61705],[139.23021,35.61752],[139.23003,35.61871],[139.22931,35.61966],[139.22757,35.6212],[139.22648,35.62242],[139.22654,35.62303],[139.22613,35.6237],[139.22541,35.62404],[139.22222,35.62489],[139.21978,35.62591],[139.21975,35.62621],[139.22051,35.62749],[139.22224,35.62922],[139.22368,35.62963],[139.22474,35.62922],[139.22579,35.62959],[139.2269,35.6294],[139.22751,35.62912],[139.22815,35.62855],[139.22924,35.62828],[139.22964,35.62854],[139.23071,35.62834],[139.23218,35.62843],[139.23258,35.62868],[139.23335,35.62864],[139.23406,35.62825],[139.23504,35.62815],[139.23582,35.62887],[139.23614,35.62953],[139.23691,35.63007],[139.23713,35.63052],[139.23735,35.63057],[139.23773,35.63105],[139.23886,35.63171],[139.23975,35.63256],[139.24103,35.63325],[139.24144,35.63376],[139.24127,35.63401],[139.24133,35.63465],[139.24179,35.63462],[139.24223,35.63404],[139.24293,35.63384],[139.24316,35.63326]]]},"properties":{"key":"132010410","name":"南浅川町","pref":"東京都","prefCode":"13","municipality":"八王子市","areaM2":8560426.211,"population":320,"toponymIds":["13-eae885c6bb"]}},{"type":"Feature","geometry":{"type":"Polygon","coordinates":[[[139.34933,35.62495],[139.34927,35.62441],[139.34969,35.62431],[139.35048,35.62445],[139.35079,35.62423],[139.35165,35.62401],[139.35172,35.62368],[139.35192,35.6236],[139.35268,35.62358],[139.35318,35.62335],[139.35341,35.62388],[139.35464,35.62402],[139.35631,35.62313],[139.35595,35.62287],[139.35612,35.62254],[139.35728,35.62134],[139.35837,35.6206],[139.35862,35.61908],[139.35888,35.61853],[139.36132,35.61691],[139.36139,35.61647],[139.36185,35.61651],[139.36291,35.61612],[139.36309,35.61566],[139.36299,35.61549],[139.36278,35.61528],[139.36198,35.61513],[139.36202,35.61477],[139.36176,35.61457],[139.35987,35.61444],[139.35895,35.61381],[139.35832,35.61405],[139.35851,35.6148],[139.35896,35.61508],[139.35879,35.61559],[139.35813,35.61557],[139.35799,35.61517],[139.35661,35.61492],[139.35658,35.61465],[139.35534,35.61433],[139.354,35.61339],[139.35217,35.61269],[139.35206,35.61314],[139.35036,35.61283],[139.35046,35.61339],[139.34991,35.61342],[139.34984,35.61299],[139.34948,35.61303],[139.34947,35.61345],[139.34286,35.61399],[139.34267,35.61367],[139.34311,35.61281],[139.34213,35.61278],[139.3416,35.61255],[139.34148,35.61268],[139.34237,35.61325],[139.34151,35.61372],[139.3413,35.61341],[139.33984,35.61428],[139.33997,35.61457],[139.34043,35.6145],[139.34054,35.61465],[139.34022,35.61496],[139.34037,35.61536],[139.34003,35.61607],[139.34018,35.61668],[139.33957,35.61704],[139.34004,35.61763],[139.33979,35.61821],[139.34032,35.6182],[139.34053,35.61835],[139.34102,35.61825],[139.34147,35.61963],[139.3407,35.62039],[139.34018,35.62059],[139.3399,35.62112],[139.33952,35.62122],[139.33954,35.62191],[139.34051,35.62174],[139.34132,35.62205],[139.34137,35.62251],[139.34161,35.6228],[139.34202,35.62287],[139.34247,35.62344],[139.34293,35.62347],[139.34336,35.6232],[139.34383,35.62317],[139.34506,35.6246],[139.34617,35.62501],[139.34713,35.62481],[139.34843,35.62509],[139.34878,35.62533],[139.34975,35.62542],[139.34933,35.62495]]]},"properties":{"key":"13201048000","name":"鑓水","pref":"東京都","prefCode":"13","municipality":"八王子市","areaM2":1935820.729,"population":1884,"toponymIds":["13-740c4a9e1c"]}},{"type":"Feature","geometry":{"type":"Polygon","coordinates":[[[139.46382,35.57476],[139.46407,35.57463],[139.46526,35.57469],[139.46572,35.57389],[139.46656,35.57332],[139.46548,35.57247],[139.46448,35.57235],[139.4634,35.57241],[139.46143,35.57298],[139.46153,35.57304],[139.4607,35.57469],[139.46235,35.57452],[139.46382,35.57476]]]},"properties":{"key":"13209008107","name":"金井七丁目","pref":"東京都","prefCode":"13","municipality":"町田市","areaM2":99926.735,"population":960,"toponymIds":["13-2da72d54bc"]}},{"type":"Feature","geometry":{"type":"Polygon","coordinates":[[[139.41773,35.57508],[139.41787,35.57502],[139.41755,35.57494],[139.41453,35.57228],[139.41363,35.57321],[139.40892,35.57638],[139.41102,35.57821],[139.41273,35.57776],[139.41574,35.57598],[139.41773,35.57508]]]},"properties":{"key":"13209026102","name":"根岸二丁目","pref":"東京都","prefCode":"13","municipality":"町田市","areaM2":239252.508,"population":1433,"toponymIds":["13-3f0f1c9d18"]}},{"type":"Feature","geometry":{"type":"Polygon","coordinates":[[[139.41633,35.57971],[139.41903,35.57875],[139.42075,35.57775],[139.41773,35.57508],[139.41574,35.57598],[139.41273,35.57776],[139.41115,35.57818],[139.4118,35.57878],[139.41269,35.57924],[139.41633,35.57971]]]},"properties":{"key":"13209016103","name":"忠生三丁目","pref":"東京都","prefCode":"13","municipality":"町田市","areaM2":239013.922,"population":1936,"toponymIds":["13-db9334a5f8"]}},{"type":"Feature","geometry":{"type":"Polygon","coordinates":[[[139.17559,35.74353],[139.17701,35.74373],[139.17791,35.74366],[139.17822,35.74358],[139.1786,35.74307],[139.17913,35.74288],[139.18631,35.74163],[139.18747,35.74101],[139.18785,35.74101],[139.18902,35.7396],[139.19008,35.74031],[139.19106,35.73994],[139.19184,35.73911],[139.19215,35.73829],[139.19303,35.73772],[139.19413,35.73754],[139.19493,35.73552],[139.19642,35.73414],[139.19615,35.73274],[139.19625,35.73225],[139.19737,35.73183],[139.19665,35.73111],[139.19618,35.73032],[139.19531,35.72959],[139.19404,35.72943],[139.19301,35.7297],[139.19203,35.72875],[139.19163,35.72859],[139.19123,35.72865],[139.18973,35.72962],[139.18917,35.72865],[139.18866,35.72828],[139.18846,35.72792],[139.18861,35.72767],[139.18992,35.72705],[139.18998,35.72689],[139.18981,35.72662],[139.18748,35.72664],[139.18584,35.72694],[139.18508,35.72515],[139.18525,35.7232],[139.18433,35.72259],[139.18407,35.72217],[139.18348,35.7219],[139.18289,35.72113],[139.18237,35.71977],[139.18043,35.71934],[139.1799,35.71883],[139.17886,35.71859],[139.17763,35.71752],[139.17613,35.71691],[139.17364,35.7165],[139.17242,35.71559],[139.17121,35.71493],[139.17083,35.71448],[139.171,35.71349],[139.1702,35.71293],[139.17009,35.71157],[139.16966,35.71086],[139.16934,35.71071],[139.16885,35.71012],[139.16768,35.70989],[139.16513,35.70809],[139.16512,35.71028],[139.16529,35.71097],[139.16507,35.71133],[139.166,35.71264],[139.16656,35.7142],[139.16585,35.71699],[139.16599,35.71777],[139.16584,35.7185],[139.16648,35.71905],[139.1669,35.71974],[139.16641,35.72028],[139.16717,35.72063],[139.16693,35.72097],[139.16695,35.72127],[139.1674,35.72186],[139.16635,35.72431],[139.16552,35.72459],[139.16549,35.72744],[139.1663,35.7292],[139.16623,35.72948],[139.1649,35.73044],[139.16494,35.73131],[139.16451,35.73183],[139.16439,35.73245],[139.1644,35.73266],[139.16501,35.73339],[139.1657,35.73568],[139.16595,35.73603],[139.16541,35.73682],[139.1648,35.73728],[139.16443,35.73816],[139.16442,35.7392],[139.16406,35.74062],[139.16424,35.74146],[139.16499,35.74171],[139.16596,35.7414],[139.16692,35.74189],[139.16741,35.74191],[139.16779,35.7423],[139.17068,35.74253],[139.17142,35.7429],[139.17242,35.74281],[139.17385,35.74331],[139.17458,35.74374],[139.17559,35.74353]],[[139.17156,35.73591],[139.17245,35.73675],[139.17363,35.7367],[139.17303,35.73561],[139.17335,35.73516],[139.17269,35.73448],[139.17303,35.73401],[139.17357,35.73438],[139.17349,35.73394],[139.17458,35.73462],[139.17449,35.73427],[139.17416,35.73402],[139.17432,35.7337],[139.17531,35.73378],[139.17494,35.73489],[139.17527,35.7352],[139.17575,35.7351],[139.17622,35.73461],[139.17613,35.73338],[139.1765,35.73276],[139.17629,35.7324],[139.17623,35.73184],[139.17602,35.73151],[139.1757,35.7317],[139.17515,35.73111],[139.17559,35.73089],[139.17624,35.73089],[139.17735,35.73059],[139.17877,35.73064],[139.17971,35.72996],[139.17976,35.72958],[139.18025,35.72959],[139.18043,35.72928],[139.18074,35.7292],[139.18119,35.72875],[139.18621,35.72824],[139.18673,35.72935],[139.18618,35.72993],[139.18414,35.72939],[139.18281,35.72957],[139.18275,35.73001],[139.18299,35.73125],[139.18223,35.73172],[139.18299,35.73283],[139.18186,35.73354],[139.18093,35.73344],[139.18014,35.73371],[139.18019,35.73406],[139.17947,35.7349],[139.17929,35.73535],[139.17757,35.73561],[139.17692,35.73595],[139.17509,35.73595],[139.17426,35.7375],[139.17266,35.73847],[139.17213,35.73922],[139.16999,35.73796],[139.1709,35.73657],[139.17138,35.7363],[139.17156,35.73591]]]},"properties":{"key":"132280360","name":"乙津","pref":"東京都","prefCode":"13","municipality":"あきる野市","areaM2":5914073.659,"population":442,"toponymIds":["13-8f7bb84642"]}},{"type":"Feature","geometry":{"type":"Polygon","coordinates":[[[139.2323,35.83658],[139.23261,35.83662],[139.2335,35.83623],[139.23396,35.83584],[139.23504,35.83552],[139.23442,35.83298],[139.23392,35.83189],[139.23398,35.83168],[139.23357,35.83099],[139.23253,35.83066],[139.23207,35.82891],[139.23173,35.8284],[139.23157,35.82754],[139.23164,35.82717],[139.22961,35.82753],[139.22882,35.8274],[139.22866,35.82725],[139.22869,35.82705],[139.22828,35.8269],[139.22802,35.82688],[139.22788,35.82707],[139.22719,35.82728],[139.22638,35.82717],[139.22556,35.82757],[139.2247,35.82757],[139.2224,35.8285],[139.22076,35.82874],[139.22031,35.82912],[139.21978,35.82926],[139.21953,35.82959],[139.21873,35.83006],[139.21722,35.83024],[139.21654,35.82993],[139.21619,35.83001],[139.2157,35.83084],[139.21508,35.83133],[139.21479,35.83191],[139.21425,35.83228],[139.21342,35.83249],[139.21368,35.83326],[139.21559,35.83433],[139.21636,35.83515],[139.21746,35.83597],[139.21781,35.83602],[139.21777,35.83557],[139.21861,35.83651],[139.21896,35.837],[139.21894,35.83905],[139.21921,35.8392],[139.21952,35.84079],[139.2197,35.84124],[139.21993,35.84138],[139.22152,35.84107],[139.22188,35.84073],[139.22305,35.84083],[139.22341,35.8405],[139.22472,35.84065],[139.22486,35.84027],[139.2277,35.83907],[139.22783,35.83851],[139.22962,35.83753],[139.22974,35.83708],[139.23025,35.8369],[139.23037,35.83668],[139.23059,35.8366],[139.2311,35.83683],[139.2323,35.83658]]]},"properties":{"key":"13205042006","name":"成木六丁目","pref":"東京都","prefCode":"13","municipality":"青梅市","areaM2":1861314.023,"population":75,"toponymIds":["13-d2df9138b1"]}},{"type":"Feature","geometry":{"type":"Polygon","coordinates":[[[139.2135,35.72974],[139.21371,35.72969],[139.21464,35.7303],[139.2163,35.73016],[139.21666,35.72996],[139.21687,35.72969],[139.21665,35.7294],[139.21668,35.72917],[139.21696,35.72865],[139.21648,35.72819],[139.21641,35.72666],[139.21679,35.72681],[139.21707,35.72671],[139.21701,35.7262],[139.21062,35.72532],[139.20797,35.72459],[139.20745,35.72497],[139.20759,35.7256],[139.20742,35.72634],[139.2061,35.72875],[139.20805,35.73002],[139.20832,35.73053],[139.20842,35.73276],[139.20867,35.73313],[139.21012,35.73256],[139.21061,35.73189],[139.21162,35.73119],[139.21186,35.73081],[139.21253,35.7305],[139.2135,35.72974]]]},"properties":{"key":"132280280","name":"小中野","pref":"東京都","prefCode":"13","municipality":"あきる野市","areaM2":529452.18,"population":872,"toponymIds":["13-c9e9d55514"]}},{"type":"Feature","geometry":{"type":"Polygon","coordinates":[[[139.23054,35.73361],[139.22832,35.7316],[139.2272,35.73102],[139.22702,35.73125],[139.22664,35.73117],[139.22697,35.73148],[139.22688,35.73184],[139.22751,35.73227],[139.22769,35.73262],[139.22798,35.73237],[139.22928,35.73352],[139.23037,35.73386],[139.23054,35.73361]]]},"properties":{"key":"132280400","name":"舘谷台","pref":"東京都","prefCode":"13","municipality":"あきる野市","areaM2":33047.671,"population":8,"toponymIds":["13-ba74c90378"]}},{"type":"Feature","geometry":{"type":"Polygon","coordinates":[[[139.23672,35.79218],[139.23705,35.79215],[139.23672,35.79148],[139.23603,35.79152],[139.23575,35.79055],[139.23621,35.79038],[139.23623,35.79011],[139.23804,35.78826],[139.23785,35.78757],[139.23823,35.7872],[139.23806,35.78678],[139.23818,35.78644],[139.23787,35.78612],[139.2374,35.78604],[139.23729,35.78579],[139.23767,35.78531],[139.23884,35.78547],[139.23953,35.7852],[139.23976,35.78531],[139.24012,35.78521],[139.23799,35.78328],[139.23601,35.782],[139.23537,35.78271],[139.23479,35.78284],[139.23477,35.78311],[139.23446,35.78311],[139.23381,35.78459],[139.23274,35.78602],[139.23297,35.78696],[139.23201,35.7876],[139.23146,35.78774],[139.23107,35.78812],[139.23037,35.78831],[139.2297,35.7892],[139.23,35.78915],[139.23002,35.7896],[139.23035,35.79012],[139.23075,35.79146],[139.2305,35.79223],[139.23087,35.79321],[139.23116,35.79345],[139.23246,35.79372],[139.23369,35.7936],[139.23556,35.79305],[139.23638,35.79229],[139.23672,35.79218]]]},"properties":{"key":"13205007002","name":"日向和田二丁目","pref":"東京都","prefCode":"13","municipality":"青梅市","areaM2":605115.642,"population":510,"toponymIds":["13-d40dd1edb3"]}},{"type":"Feature","geometry":{"type":"Polygon","coordinates":[[[139.50649,34.12269],[139.50737,34.12252],[139.50761,34.12222],[139.50819,34.12251],[139.50827,34.12239],[139.50795,34.1222],[139.50826,34.12162],[139.5088,34.12127],[139.50898,34.12147],[139.50839,34.12187],[139.50847,34.12198],[139.50909,34.12146],[139.50947,34.12159],[139.50884,34.12116],[139.5097,34.12062],[139.51201,34.12024],[139.51201,34.11875],[139.51284,34.11844],[139.51403,34.11857],[139.51456,34.11836],[139.51489,34.11904],[139.51604,34.12017],[139.51951,34.1225],[139.51968,34.12202],[139.51965,34.12134],[139.51926,34.12014],[139.51926,34.11931],[139.51861,34.11816],[139.51887,34.11293],[139.51881,34.10583],[139.51875,34.1056],[139.51756,34.10546],[139.51674,34.10489],[139.51636,34.1048],[139.51634,34.10429],[139.51558,34.10414],[139.51514,34.10446],[139.51473,34.1044],[139.51458,34.10376],[139.5147,34.10347],[139.51398,34.10368],[139.51366,34.10322],[139.51302,34.10331],[139.51281,34.10307],[139.51235,34.10307],[139.512,34.10242],[139.51158,34.10233],[139.51115,34.10191],[139.51055,34.1018],[139.50946,34.10071],[139.50943,34.10038],[139.5091,34.10016],[139.50857,34.09892],[139.50751,34.09823],[139.50708,34.09695],[139.50661,34.09663],[139.50632,34.09613],[139.50579,34.09587],[139.50516,34.09509],[139.50503,34.09456],[139.50484,34.09456],[139.50425,34.09471],[139.50323,34.09553],[139.50235,34.09676],[139.50213,34.09853],[139.50153,34.09894],[139.50054,34.10037],[139.49904,34.10103],[139.49881,34.10128],[139.49794,34.10138],[139.4977,34.10179],[139.49701,34.10186],[139.49686,34.10231],[139.49665,34.10243],[139.49537,34.10239],[139.49533,34.10271],[139.49467,34.10342],[139.49421,34.10338],[139.49399,34.10352],[139.49436,34.10383],[139.49447,34.10439],[139.49399,34.10476],[139.49401,34.10538],[139.49369,34.10613],[139.49331,34.1064],[139.49321,34.10675],[139.49243,34.10722],[139.49209,34.10764],[139.49189,34.10803],[139.49194,34.10903],[139.49179,34.10942],[139.48946,34.11224],[139.48917,34.11292],[139.48942,34.11343],[139.48982,34.11368],[139.49012,34.1144],[139.49007,34.11477],[139.49028,34.11488],[139.49043,34.1153],[139.49063,34.11535],[139.49076,34.11595],[139.49103,34.11623],[139.49112,34.11679],[139.4915,34.1174],[139.49133,34.11782],[139.49161,34.11788],[139.49165,34.11808],[139.492,34.11831],[139.49207,34.11858],[139.49251,34.11898],[139.49243,34.11911],[139.49268,34.11911],[139.49265,34.11926],[139.49297,34.11948],[139.49318,34.11942],[139.49318,34.11956],[139.49351,34.11952],[139.49368,34.11988],[139.49467,34.1199],[139.49491,34.12021],[139.49574,34.12012],[139.49605,34.1203],[139.4964,34.12015],[139.49632,34.12037],[139.49657,34.12024],[139.4971,34.12068],[139.4974,34.12056],[139.49833,34.12185],[139.4986,34.12172],[139.49978,34.12184],[139.5015,34.12129],[139.50268,34.12137],[139.50386,34.1216],[139.50649,34.12269]]]},"properties":{"key":"133810040","name":"伊豆","pref":"東京都","prefCode":"13","municipality":"三宅村","areaM2":5496339.874,"population":372,"toponymIds":["13-d01efada77"]}},{"type":"Feature","geometry":{"type":"Polygon","coordinates":[[[139.71001,35.69769],[139.71278,35.69772],[139.71325,35.69731],[139.71232,35.69415],[139.71305,35.69402],[139.71279,35.6928],[139.71066,35.69325],[139.70805,35.69344],[139.70794,35.6949],[139.7067,35.6948],[139.70735,35.69796],[139.71001,35.69769]]]},"properties":{"key":"13104017006","name":"新宿六丁目","pref":"東京都","prefCode":"13","municipality":"新宿区","areaM2":248516.381,"population":4348,"toponymIds":["13-0317f425d7"]}},{"type":"Feature","geometry":{"type":"Polygon","coordinates":[[[139.7026,35.70479],[139.7085,35.70435],[139.70852,35.70451],[139.70881,35.70449],[139.7091,35.70427],[139.70877,35.70083],[139.70229,35.70129],[139.7026,35.70479]]]},"properties":{"key":"13104084002","name":"大久保二丁目","pref":"東京都","prefCode":"13","municipality":"新宿区","areaM2":229016.474,"population":7268,"toponymIds":["13-5de51af289"]}},{"type":"Feature","geometry":{"type":"Polygon","coordinates":[[[139.68125,35.69201],[139.68046,35.69209],[139.67792,35.69289],[139.67818,35.69334],[139.67762,35.69402],[139.67762,35.69457],[139.67821,35.69618],[139.6787,35.69674],[139.67865,35.69749],[139.6829,35.69701],[139.6819,35.69208],[139.68125,35.69201]]]},"properties":{"key":"13114003002","name":"本町二丁目","pref":"東京都","prefCode":"13","municipality":"中野区","areaM2":218342.887,"population":4849,"toponymIds":["13-2bbf0d910f"]}},{"type":"Feature","geometry":{"type":"Polygon","coordinates":[[[139.69784,35.73268],[139.69915,35.73279],[139.69771,35.72969],[139.6956,35.72982],[139.69494,35.73046],[139.69495,35.73063],[139.69318,35.73075],[139.69292,35.73296],[139.69463,35.73317],[139.697,35.73269],[139.69784,35.73268]]]},"properties":{"key":"13116017001","name":"千早一丁目","pref":"東京都","prefCode":"13","municipality":"豊島区","areaM2":150474.682,"population":3677,"toponymIds":["13-c85af574f4"]}},{"type":"Feature","geometry":{"type":"Polygon","coordinates":[[[139.74265,35.75629],[139.74291,35.75537],[139.74239,35.75501],[139.74228,35.75463],[139.7424,35.75401],[139.74159,35.75282],[139.73871,35.75228],[139.74021,35.75103],[139.74021,35.75089],[139.73982,35.75087],[139.73927,35.75038],[139.73887,35.74897],[139.7363,35.75208],[139.7359,35.75235],[139.73648,35.75306],[139.73713,35.75316],[139.7361,35.7543],[139.73488,35.75607],[139.74193,35.75606],[139.74244,35.7567],[139.74265,35.75629]]]},"properties":{"key":"13117001001","name":"王子一丁目","pref":"東京都","prefCode":"13","municipality":"北区","areaM2":298311.812,"population":2909,"toponymIds":["13-474b88fe31"]}},{"type":"Feature","geometry":{"type":"Polygon","coordinates":[[[139.74167,35.7692],[139.74148,35.76889],[139.7401,35.76941],[139.73682,35.77024],[139.73619,35.77076],[139.74247,35.77507],[139.7442,35.77371],[139.7429,35.77208],[139.7426,35.77087],[139.74167,35.7692]]]},"properties":{"key":"13121031002","name":"新田二丁目","pref":"東京都","prefCode":"13","municipality":"足立区","areaM2":233337.066,"population":2523,"toponymIds":["13-8a24df8347"]}},{"type":"Feature","geometry":{"type":"Polygon","coordinates":[[[139.74218,35.76643],[139.74219,35.76609],[139.74251,35.76612],[139.74249,35.76453],[139.74234,35.76393],[139.73806,35.7639],[139.73806,35.76417],[139.73821,35.76419],[139.73822,35.76599],[139.73863,35.76602],[139.7386,35.7679],[139.73841,35.76813],[139.73892,35.76971],[139.74046,35.76928],[139.74282,35.76825],[139.7423,35.76738],[139.74218,35.76643]]]},"properties":{"key":"13117002008","name":"豊島八丁目","pref":"東京都","prefCode":"13","municipality":"北区","areaM2":208411.397,"population":5081,"toponymIds":["13-a634c45733"]}},{"type":"Feature","geometry":{"type":"Polygon","coordinates":[[[139.74869,35.7844],[139.75128,35.78392],[139.75088,35.77858],[139.74833,35.77861],[139.74757,35.77839],[139.74683,35.77794],[139.74788,35.77712],[139.75264,35.77423],[139.75808,35.77212],[139.76024,35.7706],[139.7619,35.76855],[139.76255,35.76629],[139.76341,35.76427],[139.76512,35.76259],[139.76835,35.76075],[139.77067,35.76002],[139.77246,35.75992],[139.77562,35.75942],[139.77872,35.75948],[139.78265,35.75988],[139.79539,35.76183],[139.79945,35.7619],[139.80245,35.76162],[139.80453,35.76117],[139.80836,35.75994],[139.81119,35.75852],[139.81356,35.75688],[139.81357,35.75722],[139.81334,35.7575],[139.81374,35.75727],[139.81341,35.75536],[139.81397,35.75425],[139.81439,35.75385],[139.8154,35.75353],[139.81465,35.75248],[139.81331,35.75394],[139.81032,35.75651],[139.80826,35.7575],[139.80552,35.75855],[139.80305,35.75929],[139.80054,35.75973],[139.79773,35.75991],[139.79394,35.75947],[139.78342,35.75779],[139.77776,35.75711],[139.77103,35.75769],[139.7678,35.75852],[139.76606,35.75931],[139.76463,35.76006],[139.76311,35.76117],[139.76178,35.76242],[139.76083,35.76357],[139.75977,35.76604],[139.76024,35.76711],[139.76009,35.76804],[139.75928,35.76918],[139.75796,35.77003],[139.75721,35.76966],[139.74959,35.7735],[139.7455,35.77619],[139.74289,35.77903],[139.74149,35.78142],[139.74389,35.7822],[139.74533,35.78303],[139.7464,35.78454],[139.74667,35.78552],[139.74666,35.78673],[139.74763,35.78658],[139.74815,35.78636],[139.7482,35.78618],[139.74855,35.78614],[139.74779,35.7853],[139.74756,35.78464],[139.74869,35.7844]]]},"properties":{"key":"13121027002","name":"鹿浜二丁目","pref":"東京都","prefCode":"13","municipality":"足立区","areaM2":2240083.611,"population":3023,"toponymIds":["13-4b1c610ab8"]}},{"type":"Feature","geometry":{"type":"Polygon","coordinates":[[[139.70304,35.78212],[139.70253,35.78152],[139.70314,35.77957],[139.699,35.77818],[139.69851,35.7789],[139.69691,35.78],[139.69644,35.78096],[139.69659,35.78227],[139.6982,35.78208],[139.69882,35.78222],[139.70008,35.78283],[139.7024,35.78432],[139.70295,35.78354],[139.70322,35.78217],[139.70304,35.78212]]]},"properties":{"key":"13119039004","name":"小豆沢四丁目","pref":"東京都","prefCode":"13","municipality":"板橋区","areaM2":245510.601,"population":4169,"toponymIds":["13-8194ec257b"]}},{"type":"Feature","geometry":{"type":"Polygon","coordinates":[[[139.66385,35.79353],[139.66381,35.79296],[139.65971,35.79309],[139.65966,35.79731],[139.66161,35.79753],[139.6643,35.79755],[139.66385,35.79353]]]},"properties":{"key":"13119056002","name":"新河岸二丁目","pref":"東京都","prefCode":"13","municipality":"板橋区","areaM2":196152.35,"population":2106,"toponymIds":["13-563e83ce3a"]}},{"type":"Feature","geometry":{"type":"Polygon","coordinates":[[[139.65094,35.68262],[139.65227,35.68263],[139.65203,35.68236],[139.6507,35.68168],[139.65042,35.68104],[139.64955,35.68004],[139.6495,35.67949],[139.64919,35.67916],[139.64859,35.6778],[139.64848,35.67618],[139.64814,35.67593],[139.64758,35.67477],[139.64706,35.67444],[139.64676,35.67402],[139.64623,35.67413],[139.64365,35.67584],[139.64399,35.67643],[139.64411,35.67737],[139.64335,35.68193],[139.64781,35.68292],[139.65094,35.68262]]]},"properties":{"key":"13115002003","name":"和泉三丁目","pref":"東京都","prefCode":"13","municipality":"杉並区","areaM2":435560.297,"population":6877,"toponymIds":["13-0e3681c113"]}},{"type":"Feature","geometry":{"type":"Polygon","coordinates":[[[139.62527,35.70465],[139.6245,35.70462],[139.62269,35.70524],[139.62314,35.70757],[139.62285,35.70778],[139.62269,35.70889],[139.62267,35.71103],[139.62693,35.71166],[139.62696,35.70994],[139.62719,35.70847],[139.62592,35.70587],[139.62588,35.70528],[139.62642,35.70467],[139.62527,35.70465]]]},"properties":{"key":"13115015002","name":"天沼二丁目","pref":"東京都","prefCode":"13","municipality":"杉並区","areaM2":254068.101,"population":5524,"toponymIds":["13-b07c8cb16b"]}},{"type":"Feature","geometry":{"type":"Polygon","coordinates":[[[139.60596,35.7191],[139.61086,35.71911],[139.61105,35.71486],[139.60801,35.71466],[139.60768,35.71576],[139.60627,35.71773],[139.60596,35.7191]]]},"properties":{"key":"13115024002","name":"今川二丁目","pref":"東京都","prefCode":"13","municipality":"杉並区","areaM2":177547.707,"population":1956,"toponymIds":["13-383c98de04"]}},{"type":"Feature","geometry":{"type":"Polygon","coordinates":[[[139.6097,35.72546],[139.60988,35.72496],[139.60192,35.72542],[139.60179,35.72577],[139.60434,35.72684],[139.60766,35.72772],[139.6087,35.72818],[139.6097,35.72546]]]},"properties":{"key":"13115027005","name":"井草五丁目","pref":"東京都","prefCode":"13","municipality":"杉並区","areaM2":143509.67,"population":2029,"toponymIds":["13-5ec70fee0f"]}},{"type":"Feature","geometry":{"type":"Polygon","coordinates":[[[139.56941,35.74748],[139.57025,35.74667],[139.57165,35.74489],[139.57305,35.74373],[139.57403,35.74262],[139.57413,35.74191],[139.57373,35.74113],[139.57337,35.73977],[139.57199,35.73993],[139.57128,35.74034],[139.56829,35.74068],[139.56821,35.74292],[139.56783,35.74465],[139.56723,35.74605],[139.56697,35.74639],[139.56673,35.74645],[139.56684,35.74695],[139.5667,35.74697],[139.56664,35.74724],[139.56643,35.74723],[139.56651,35.74758],[139.56764,35.7477],[139.56907,35.74781],[139.56941,35.74748]]]},"properties":{"key":"13120044003","name":"南大泉三丁目","pref":"東京都","prefCode":"13","municipality":"練馬区","areaM2":339895.75,"population":4760,"toponymIds":["13-0fba3d89bf"]}},{"type":"Feature","geometry":{"type":"Polygon","coordinates":[[[139.57917,35.72742],[139.57997,35.72734],[139.58091,35.7244],[139.58135,35.72393],[139.58161,35.72327],[139.57738,35.72312],[139.57731,35.72745],[139.57917,35.72742]]]},"properties":{"key":"13120039001","name":"関町北一丁目","pref":"東京都","prefCode":"13","municipality":"練馬区","areaM2":141742.519,"population":3741,"toponymIds":["13-f3dd1d95c1"]}},{"type":"Feature","geometry":{"type":"Polygon","coordinates":[[[139.56316,35.71107],[139.5622,35.70947],[139.56106,35.70986],[139.56091,35.70963],[139.55813,35.71087],[139.55798,35.71065],[139.55724,35.71099],[139.55742,35.71128],[139.55626,35.71174],[139.55778,35.71393],[139.56419,35.7127],[139.56316,35.71107]]]},"properties":{"key":"13203007003","name":"西久保三丁目","pref":"東京都","prefCode":"13","municipality":"武蔵野市","areaM2":209628.29,"population":4899,"toponymIds":["13-57ac465b97"]}},{"type":"Feature","geometry":{"type":"Polygon","coordinates":[[[139.54659,35.76066],[139.54659,35.76053],[139.54543,35.76054],[139.54558,35.76],[139.54545,35.75954],[139.54505,35.75869],[139.54454,35.75807],[139.54271,35.75695],[139.54162,35.75586],[139.54088,35.75572],[139.5404,35.75662],[139.54116,35.7572],[139.54089,35.75767],[139.54112,35.75806],[139.5396,35.75917],[139.54095,35.76008],[139.5428,35.76048],[139.54402,35.76094],[139.5447,35.76142],[139.54483,35.76155],[139.54472,35.76163],[139.54554,35.76208],[139.54544,35.7622],[139.54575,35.7623],[139.54592,35.76288],[139.54622,35.76301],[139.54681,35.76275],[139.54659,35.76066]]]},"properties":{"key":"13222008002","name":"浅間町二丁目","pref":"東京都","prefCode":"13","municipality":"東久留米市","areaM2":205646.203,"population":2045,"toponymIds":["13-4bc384a217"]}},{"type":"Feature","geometry":{"type":"Polygon","coordinates":[[[139.46157,35.71686],[139.46233,35.7157],[139.45892,35.71491],[139.45537,35.71301],[139.45566,35.71493],[139.45513,35.71498],[139.45545,35.71669],[139.46152,35.71705],[139.46157,35.71686]]]},"properties":{"key":"13214015001","name":"並木町一丁目","pref":"東京都","prefCode":"13","municipality":"国分寺市","areaM2":151393.566,"population":1573,"toponymIds":["13-91f9ab24e0"]}},{"type":"Feature","geometry":{"type":"Polygon","coordinates":[[[139.41631,35.67757],[139.41593,35.67718],[139.41733,35.67651],[139.41746,35.67618],[139.41351,35.67515],[139.40853,35.67468],[139.40853,35.67434],[139.40828,35.67401],[139.40839,35.67368],[139.40866,35.67356],[139.40825,35.67309],[139.40838,35.67253],[139.40878,35.67257],[139.40888,35.67178],[139.40768,35.6717],[139.40682,35.67192],[139.40528,35.67111],[139.40341,35.67122],[139.40257,35.67079],[139.40213,35.67021],[139.40087,35.66952],[139.39893,35.66961],[139.39917,35.67022],[139.39879,35.67076],[139.39901,35.67141],[139.39912,35.67158],[139.39944,35.67161],[139.39943,35.67174],[139.40018,35.67187],[139.40013,35.67201],[139.40053,35.6722],[139.40001,35.67305],[139.40035,35.67328],[139.40021,35.67365],[139.4017,35.67426],[139.40137,35.67493],[139.40194,35.67488],[139.40195,35.67531],[139.40234,35.67531],[139.4024,35.6766],[139.40269,35.67743],[139.40286,35.67737],[139.40327,35.67806],[139.40329,35.679],[139.4039,35.67958],[139.40433,35.68041],[139.40537,35.68125],[139.40567,35.68191],[139.40654,35.68272],[139.40765,35.68543],[139.41346,35.6837],[139.4169,35.68307],[139.41688,35.68289],[139.41897,35.6818],[139.41619,35.67887],[139.41652,35.67859],[139.41667,35.67795],[139.41631,35.67757]]]},"properties":{"key":"132120210","name":"大字日野","pref":"東京都","prefCode":"13","municipality":"日野市","areaM2":1522061.536,"population":11395,"toponymIds":["13-731c148c96"]}},{"type":"Feature","geometry":{"type":"Polygon","coordinates":[[[139.42357,35.74638],[139.42436,35.74256],[139.4198,35.7426],[139.4195,35.74377],[139.41924,35.74408],[139.41923,35.74651],[139.42121,35.74636],[139.4235,35.7467],[139.42357,35.74638]]]},"properties":{"key":"13220011001","name":"立野一丁目","pref":"東京都","prefCode":"13","municipality":"東大和市","areaM2":177084.21,"population":1236,"toponymIds":["13-111e541b6e"]}},{"type":"Feature","geometry":{"type":"Polygon","coordinates":[[[139.42413,35.75744],[139.4245,35.7569],[139.42489,35.75695],[139.4249,35.75646],[139.42516,35.7565],[139.42525,35.75618],[139.42593,35.75634],[139.42602,35.75569],[139.42571,35.75496],[139.42585,35.75441],[139.42542,35.75371],[139.42409,35.75406],[139.42387,35.75402],[139.42322,35.75315],[139.42215,35.75332],[139.42199,35.75341],[139.42205,35.75451],[139.42175,35.7553],[139.42169,35.75712],[139.42108,35.75742],[139.42107,35.75779],[139.42187,35.75829],[139.4227,35.75948],[139.42331,35.75959],[139.42391,35.75937],[139.42366,35.75783],[139.42413,35.75744]]]},"properties":{"key":"13220004001","name":"奈良橋一丁目","pref":"東京都","prefCode":"13","municipality":"東大和市","areaM2":180622.16,"population":651,"toponymIds":["13-bcb49e6c5d"]}},{"type":"Feature","geometry":{"type":"Polygon","coordinates":[[[139.37096,35.76772],[139.37072,35.76677],[139.37086,35.76618],[139.37064,35.76554],[139.37111,35.7654],[139.37161,35.76569],[139.3723,35.76578],[139.37286,35.76615],[139.37313,35.76611],[139.37395,35.76594],[139.3742,35.76491],[139.37158,35.76444],[139.37109,35.76412],[139.37047,35.76324],[139.37047,35.76273],[139.36959,35.76234],[139.36962,35.76088],[139.3669,35.76252],[139.36731,35.76294],[139.36719,35.76423],[139.36876,35.76519],[139.36855,35.76691],[139.36896,35.76722],[139.37058,35.76763],[139.37117,35.76808],[139.37096,35.76772]]]},"properties":{"key":"13223015003","name":"岸三丁目","pref":"東京都","prefCode":"13","municipality":"武蔵村山市","areaM2":200170.482,"population":898,"toponymIds":["13-65a9b6f04e"]}},{"type":"Feature","geometry":{"type":"Polygon","coordinates":[[[139.36216,35.75343],[139.36486,35.75243],[139.36438,35.75145],[139.36431,35.75183],[139.36361,35.75169],[139.36366,35.75144],[139.36303,35.75141],[139.363,35.75125],[139.35807,35.75069],[139.35748,35.75384],[139.35896,35.75314],[139.35909,35.754],[139.35884,35.75402],[139.35913,35.75453],[139.36216,35.75343]]]},"properties":{"key":"13223016004","name":"中原四丁目","pref":"東京都","prefCode":"13","municipality":"武蔵村山市","areaM2":166099.49,"population":345,"toponymIds":["13-b980542063"]}},{"type":"Feature","geometry":{"type":"Polygon","coordinates":[[[139.36567,35.72575],[139.3657,35.72516],[139.36776,35.72537],[139.36789,35.72556],[139.37049,35.72604],[139.37009,35.72441],[139.36584,35.72327],[139.3657,35.72326],[139.36567,35.72456],[139.36108,35.72378],[139.36043,35.72383],[139.35784,35.72464],[139.35823,35.72557],[139.36214,35.72399],[139.36282,35.7249],[139.36178,35.72536],[139.36214,35.72636],[139.36567,35.72575]]]},"properties":{"key":"13207009001","name":"美堀町一丁目","pref":"東京都","prefCode":"13","municipality":"昭島市","areaM2":169548.105,"population":1999,"toponymIds":["13-2b72b09b6a"]}},{"type":"Feature","geometry":{"type":"Polygon","coordinates":[[[139.36096,35.70957],[139.36088,35.7088],[139.35693,35.70862],[139.3558,35.71026],[139.35728,35.71095],[139.35782,35.71169],[139.36149,35.71052],[139.36096,35.70957]]]},"properties":{"key":"13207022102","name":"上川原町二丁目","pref":"東京都","prefCode":"13","municipality":"昭島市","areaM2":115209.575,"population":1237,"toponymIds":["13-97c01d5c66"]}},{"type":"Feature","geometry":{"type":"Polygon","coordinates":[[[139.25672,35.79359],[139.25676,35.79332],[139.25743,35.79345],[139.2579,35.79332],[139.25809,35.79268],[139.25787,35.79238],[139.25798,35.79195],[139.25782,35.79152],[139.25782,35.7902],[139.25767,35.79022],[139.25768,35.78974],[139.2573,35.78894],[139.25651,35.78933],[139.25527,35.78928],[139.25541,35.79102],[139.2544,35.7912],[139.2545,35.79277],[139.25465,35.79298],[139.25528,35.79332],[139.25564,35.79327],[139.25672,35.79359]]]},"properties":{"key":"132050460","name":"仲町","pref":"東京都","prefCode":"13","municipality":"青梅市","areaM2":121195.887,"population":400,"toponymIds":["13-4a39c58b73"]}},{"type":"Feature","geometry":{"type":"Polygon","coordinates":[[[139.25233,35.83841],[139.25258,35.83827],[139.25298,35.83837],[139.25335,35.83815],[139.25488,35.83815],[139.25529,35.83784],[139.2566,35.83777],[139.25643,35.83718],[139.25712,35.83736],[139.25779,35.83711],[139.2587,35.8373],[139.25861,35.83673],[139.25879,35.83656],[139.26004,35.83627],[139.26065,35.83593],[139.26101,35.83609],[139.26149,35.83525],[139.26392,35.83418],[139.26467,35.83422],[139.26693,35.83292],[139.26707,35.83268],[139.26695,35.83239],[139.26781,35.83251],[139.2681,35.83235],[139.26886,35.83229],[139.26899,35.8312],[139.26975,35.83066],[139.26967,35.83025],[139.27006,35.83019],[139.27094,35.82965],[139.27201,35.82774],[139.27324,35.8271],[139.27297,35.82676],[139.27129,35.82567],[139.27098,35.82575],[139.26967,35.82551],[139.26934,35.82507],[139.26689,35.82438],[139.26542,35.8243],[139.26481,35.82436],[139.26475,35.82449],[139.26443,35.82437],[139.26444,35.82381],[139.26414,35.82351],[139.26262,35.82364],[139.26244,35.82326],[139.26204,35.82296],[139.26173,35.82187],[139.26105,35.82185],[139.26108,35.8227],[139.26151,35.82329],[139.26197,35.82509],[139.26008,35.82579],[139.25953,35.82564],[139.25807,35.82682],[139.25815,35.82736],[139.25868,35.82764],[139.25856,35.82766],[139.25854,35.82804],[139.25768,35.82829],[139.25698,35.82891],[139.25687,35.82947],[139.25719,35.8306],[139.25581,35.83085],[139.25498,35.83084],[139.25417,35.83115],[139.25389,35.83109],[139.25324,35.83054],[139.25244,35.83091],[139.25176,35.83082],[139.25078,35.83097],[139.24997,35.83046],[139.24935,35.83042],[139.2492,35.83083],[139.24846,35.83166],[139.2478,35.83173],[139.24763,35.83193],[139.24677,35.83191],[139.24651,35.83204],[139.24586,35.83171],[139.24511,35.83185],[139.24431,35.8326],[139.24371,35.83434],[139.2434,35.83438],[139.24307,35.83486],[139.24255,35.83492],[139.24255,35.83553],[139.24293,35.836],[139.24295,35.83655],[139.24365,35.83696],[139.24426,35.83678],[139.24524,35.83719],[139.24673,35.83697],[139.24771,35.83749],[139.2486,35.83742],[139.24934,35.8376],[139.24989,35.83745],[139.25033,35.83774],[139.25109,35.83755],[139.2514,35.83764],[139.25185,35.83844],[139.25233,35.83841]]]},"properties":{"key":"13205042003","name":"成木三丁目","pref":"東京都","prefCode":"13","municipality":"青梅市","areaM2":2176407.221,"population":194,"toponymIds":["13-a8f6f033be"]}},{"type":"Feature","geometry":{"type":"Polygon","coordinates":[[[139.78041,35.67929],[139.78097,35.67906],[139.78128,35.67935],[139.78162,35.67917],[139.78009,35.67763],[139.77707,35.67892],[139.77795,35.68029],[139.78041,35.67929]]]},"properties":{"key":"13102032002","name":"日本橋茅場町二丁目","pref":"東京都","prefCode":"13","municipality":"中央区","areaM2":57533.328,"population":560,"toponymIds":["13-fe1e6a836b"]}},{"type":"Feature","geometry":{"type":"Polygon","coordinates":[[[139.80993,35.68719],[139.80952,35.68717],[139.80938,35.68861],[139.81172,35.68877],[139.81156,35.69032],[139.81346,35.69042],[139.81371,35.68741],[139.80993,35.68719]]]},"properties":{"key":"13108033001","name":"住吉一丁目","pref":"東京都","prefCode":"13","municipality":"江東区","areaM2":91441.951,"population":2724,"toponymIds":["13-c204027ff1"]}},{"type":"Feature","geometry":{"type":"Polygon","coordinates":[[[139.82176,35.6892],[139.82017,35.68917],[139.81974,35.6933],[139.826,35.69361],[139.82633,35.68936],[139.82176,35.6892]]]},"properties":{"key":"13108038002","name":"大島二丁目","pref":"東京都","prefCode":"13","municipality":"江東区","areaM2":263964.654,"population":5694,"toponymIds":["13-5e6e92e870"]}},{"type":"Feature","geometry":{"type":"Polygon","coordinates":[[[139.84095,35.68143],[139.84084,35.68054],[139.84021,35.68058],[139.83888,35.68031],[139.83932,35.68613],[139.84136,35.68624],[139.84135,35.68359],[139.84095,35.68143]]]},"properties":{"key":"13108040001","name":"東砂一丁目","pref":"東京都","prefCode":"13","municipality":"江東区","areaM2":119849.852,"population":4812,"toponymIds":["13-928223d874"]}},{"type":"Feature","geometry":{"type":"Polygon","coordinates":[[[139.80279,35.70513],[139.80218,35.7051],[139.80221,35.70801],[139.80437,35.70809],[139.80458,35.70522],[139.80279,35.70513]]]},"properties":{"key":"13107011003","name":"東駒形三丁目","pref":"東京都","prefCode":"13","municipality":"墨田区","areaM2":67838.399,"population":1538,"toponymIds":["13-a58a79491a"]}},{"type":"Feature","geometry":{"type":"Polygon","coordinates":[[[139.75792,35.69626],[139.75831,35.69493],[139.75575,35.69483],[139.7557,35.69521],[139.75441,35.69756],[139.75671,35.69851],[139.75792,35.69626]]]},"properties":{"key":"13101021002","name":"神田神保町二丁目","pref":"東京都","prefCode":"13","municipality":"千代田区","areaM2":87539.108,"population":1104,"toponymIds":["13-6801e2a3ac"]}},{"type":"Feature","geometry":{"type":"Polygon","coordinates":[[[139.89825,35.70183],[139.89786,35.70174],[139.8959,35.70694],[139.89854,35.70718],[139.90037,35.70253],[139.89825,35.70183]]]},"properties":{"key":"13123031008","name":"篠崎町八丁目","pref":"東京都","prefCode":"13","municipality":"江戸川区","areaM2":137944.581,"population":633,"toponymIds":["13-8ec1efd7b7"]}},{"type":"Feature","geometry":{"type":"Polygon","coordinates":[[[139.89216,35.71095],[139.89222,35.71076],[139.88894,35.71112],[139.88734,35.71759],[139.88907,35.71723],[139.89032,35.71662],[139.89216,35.71095]]]},"properties":{"key":"13123025004","name":"鹿骨四丁目","pref":"東京都","prefCode":"13","municipality":"江戸川区","areaM2":186025.18,"population":2720,"toponymIds":["13-ccfd783ce1"]}},{"type":"Feature","geometry":{"type":"Polygon","coordinates":[[[139.8701,35.72313],[139.8702,35.72267],[139.87141,35.72287],[139.87158,35.72236],[139.87423,35.7228],[139.87596,35.72098],[139.87451,35.72074],[139.87262,35.71977],[139.8708,35.71746],[139.8686,35.71897],[139.86709,35.71968],[139.86738,35.7204],[139.86731,35.72114],[139.8681,35.72282],[139.8701,35.72313]]]},"properties":{"key":"13123030003","name":"本一色三丁目","pref":"東京都","prefCode":"13","municipality":"江戸川区","areaM2":275173.123,"population":3641,"toponymIds":["13-34280b096c"]}},{"type":"Feature","geometry":{"type":"Polygon","coordinates":[[[139.88096,35.74519],[139.88166,35.74351],[139.87439,35.74853],[139.87432,35.74976],[139.87393,35.74984],[139.874,35.75054],[139.87374,35.75077],[139.87385,35.75189],[139.87655,35.75079],[139.87923,35.74998],[139.88096,35.74519]]]},"properties":{"key":"13122019003","name":"鎌倉三丁目","pref":"東京都","prefCode":"13","municipality":"葛飾区","areaM2":254734.064,"population":4556,"toponymIds":["13-676647c646"]}},{"type":"Feature","geometry":{"type":"Polygon","coordinates":[[[139.82341,35.72254],[139.82526,35.72207],[139.82635,35.72232],[139.82602,35.72167],[139.82547,35.71956],[139.82324,35.71743],[139.82051,35.72026],[139.82283,35.72252],[139.82341,35.72254]]]},"properties":{"key":"13107024001","name":"八広一丁目","pref":"東京都","prefCode":"13","municipality":"墨田区","areaM2":168301.674,"population":3267,"toponymIds":["13-1a7e5dc479"]}},{"type":"Feature","geometry":{"type":"Polygon","coordinates":[[[139.84757,35.73802],[139.84636,35.73786],[139.84551,35.7419],[139.84837,35.74224],[139.84893,35.74094],[139.84876,35.74005],[139.84927,35.73837],[139.84757,35.73802]]]},"properties":{"key":"13122001004","name":"立石四丁目","pref":"東京都","prefCode":"13","municipality":"葛飾区","areaM2":122703.549,"population":2555,"toponymIds":["13-bb4b52307a"]}},{"type":"Feature","geometry":{"type":"Polygon","coordinates":[[[139.75587,35.77909],[139.75605,35.77837],[139.75088,35.77858],[139.75128,35.78392],[139.75605,35.78337],[139.75574,35.77992],[139.75587,35.77909]]]},"properties":{"key":"13121027003","name":"鹿浜三丁目","pref":"東京都","prefCode":"13","municipality":"足立区","areaM2":251093.648,"population":2212,"toponymIds":["13-bfcdcf3335"]}},{"type":"Feature","geometry":{"type":"Polygon","coordinates":[[[139.7933,35.76636],[139.79164,35.76641],[139.79272,35.76886],[139.79272,35.76968],[139.79251,35.77042],[139.7928,35.77106],[139.79252,35.77129],[139.79306,35.77231],[139.79432,35.77204],[139.79562,35.77123],[139.79637,35.77099],[139.79409,35.76637],[139.7933,35.76636]]]},"properties":{"key":"13121011005","name":"梅田五丁目","pref":"東京都","prefCode":"13","municipality":"足立区","areaM2":161745.48,"population":4100,"toponymIds":["13-8474cab6a0"]}},{"type":"Feature","geometry":{"type":"Polygon","coordinates":[[[139.79765,35.78129],[139.79761,35.77846],[139.79148,35.77824],[139.79136,35.78132],[139.79221,35.78129],[139.79295,35.78097],[139.79307,35.78065],[139.79404,35.78052],[139.79442,35.78057],[139.79423,35.78123],[139.79497,35.78115],[139.79765,35.78177],[139.79765,35.78129]]]},"properties":{"key":"13121028003","name":"島根三丁目","pref":"東京都","prefCode":"13","municipality":"足立区","areaM2":175013.957,"population":2707,"toponymIds":["13-e6b776dff3"]}},{"type":"Feature","geometry":{"type":"Polygon","coordinates":[[[139.82781,35.75556],[139.82741,35.75422],[139.82744,35.75371],[139.82505,35.75373],[139.8235,35.7534],[139.82371,35.75215],[139.82061,35.75196],[139.8203,35.75593],[139.8222,35.75556],[139.82298,35.75558],[139.82336,35.75577],[139.82334,35.75551],[139.82823,35.75675],[139.82781,35.75556]]]},"properties":{"key":"13122008003","name":"小菅三丁目","pref":"東京都","prefCode":"13","municipality":"葛飾区","areaM2":213923.542,"population":1883,"toponymIds":["13-589de320a2"]}},{"type":"Feature","geometry":{"type":"Polygon","coordinates":[[[139.84277,35.76559],[139.84288,35.76537],[139.84405,35.76549],[139.8449,35.76529],[139.84321,35.76446],[139.84116,35.76392],[139.83754,35.76352],[139.8377,35.76562],[139.83805,35.76601],[139.8389,35.76624],[139.84167,35.76632],[139.8422,35.7666],[139.84277,35.76559]]]},"properties":{"key":"13122012004","name":"西亀有四丁目","pref":"東京都","prefCode":"13","municipality":"葛飾区","areaM2":137993.184,"population":2327,"toponymIds":["13-d9d48517d9"]}},{"type":"Feature","geometry":{"type":"Polygon","coordinates":[[[139.86226,35.75652],[139.86259,35.7527],[139.86286,35.75141],[139.86109,35.75051],[139.85908,35.75383],[139.85882,35.75506],[139.86128,35.75627],[139.86225,35.75662],[139.86226,35.75652]]]},"properties":{"key":"13122018006","name":"高砂六丁目","pref":"東京都","prefCode":"13","municipality":"葛飾区","areaM2":152552.806,"population":1457,"toponymIds":["13-95c76dc629"]}},{"type":"Feature","geometry":{"type":"Polygon","coordinates":[[[139.85859,35.79104],[139.85699,35.78821],[139.85288,35.78788],[139.85237,35.79125],[139.85254,35.7922],[139.85453,35.79107],[139.85544,35.7908],[139.85632,35.79086],[139.85677,35.79114],[139.85797,35.79246],[139.8592,35.79501],[139.85921,35.79541],[139.85951,35.79561],[139.86001,35.79556],[139.86016,35.79553],[139.85979,35.79479],[139.85959,35.7929],[139.85859,35.79104]]]},"properties":{"key":"13122030006","name":"西水元六丁目","pref":"東京都","prefCode":"13","municipality":"葛飾区","areaM2":216998.886,"population":1604,"toponymIds":["13-d5b1348e99"]}},{"type":"Feature","geometry":{"type":"Polygon","coordinates":[[[139.74021,35.66026],[139.74061,35.66011],[139.74035,35.65972],[139.73908,35.66015],[139.73897,35.65983],[139.73773,35.65939],[139.73654,35.65963],[139.73664,35.66011],[139.73686,35.66009],[139.73776,35.66125],[139.74021,35.66026]]]},"properties":{"key":"13103018003","name":"麻布台三丁目","pref":"東京都","prefCode":"13","municipality":"港区","areaM2":37921.677,"population":1013,"toponymIds":["13-62a217fdf0"]}},{"type":"Feature","geometry":{"type":"Polygon","coordinates":[[[139.72388,35.60847],[139.72533,35.60852],[139.72408,35.60681],[139.72216,35.60779],[139.72056,35.60769],[139.71924,35.60805],[139.71987,35.60919],[139.7228,35.60931],[139.72291,35.60901],[139.72388,35.60847]]]},"properties":{"key":"13109026003","name":"豊町三丁目","pref":"東京都","prefCode":"13","municipality":"品川区","areaM2":80007.436,"population":1399,"toponymIds":["13-2d6616d616"]}},{"type":"Feature","geometry":{"type":"Polygon","coordinates":[[[139.73117,35.59335],[139.73035,35.59209],[139.72936,35.59265],[139.7298,35.59694],[139.73056,35.59823],[139.73059,35.59907],[139.7311,35.59897],[139.7323,35.59834],[139.73383,35.59792],[139.73341,35.59695],[139.73117,35.59335]]]},"properties":{"key":"13109002006","name":"大井六丁目","pref":"東京都","prefCode":"13","municipality":"品川区","areaM2":162262.423,"population":3035,"toponymIds":["13-5599ca4618"]}},{"type":"Feature","geometry":{"type":"Polygon","coordinates":[[[139.71927,35.60682],[139.71963,35.60682],[139.72128,35.60416],[139.72,35.60417],[139.71856,35.60395],[139.718,35.60659],[139.71881,35.60731],[139.71927,35.60682]]]},"properties":{"key":"13109026005","name":"豊町五丁目","pref":"東京都","prefCode":"13","municipality":"品川区","areaM2":61584.289,"population":1739,"toponymIds":["13-5f0e375eb6"]}},{"type":"Feature","geometry":{"type":"Polygon","coordinates":[[[139.71209,35.58028],[139.71466,35.57835],[139.71556,35.57731],[139.71203,35.57563],[139.71071,35.57739],[139.71049,35.57822],[139.70964,35.57906],[139.71209,35.58028]]]},"properties":{"key":"13111016006","name":"中央六丁目","pref":"東京都","prefCode":"13","municipality":"大田区","areaM2":143353.432,"population":2594,"toponymIds":["13-c9cc153261"]}},{"type":"Feature","geometry":{"type":"Polygon","coordinates":[[[139.72766,35.56542],[139.72738,35.56502],[139.72354,35.56467],[139.72333,35.56527],[139.72224,35.56554],[139.72317,35.56832],[139.72862,35.56721],[139.72884,35.56704],[139.72766,35.56542]]]},"properties":{"key":"13111055002","name":"蒲田二丁目","pref":"東京都","prefCode":"13","municipality":"大田区","areaM2":158504.104,"population":3892,"toponymIds":["13-d7bd20658f"]}},{"type":"Feature","geometry":{"type":"Polygon","coordinates":[[[139.72208,35.56216],[139.7239,35.5621],[139.72429,35.56189],[139.72466,35.56141],[139.7221,35.55803],[139.71841,35.5589],[139.71931,35.56083],[139.72095,35.56165],[139.72117,35.5624],[139.72208,35.56216]]]},"properties":{"key":"13111055004","name":"蒲田四丁目","pref":"東京都","prefCode":"13","municipality":"大田区","areaM2":162013.556,"population":5266,"toponymIds":["13-cf0d258f54","13-99bed9859e"]}},{"type":"Feature","geometry":{"type":"Polygon","coordinates":[[[139.70999,35.54818],[139.70966,35.54743],[139.70949,35.54773],[139.7086,35.54772],[139.70862,35.54804],[139.70716,35.54811],[139.70719,35.54771],[139.70375,35.54778],[139.70477,35.54984],[139.70515,35.55108],[139.70513,35.55177],[139.70865,35.552],[139.71129,35.55128],[139.70999,35.54818]]]},"properties":{"key":"13111044002","name":"西六郷二丁目","pref":"東京都","prefCode":"13","municipality":"大田区","areaM2":240149.685,"population":4701,"toponymIds":["13-78e4e721f2"]}},{"type":"Feature","geometry":{"type":"Polygon","coordinates":[[[139.62501,35.61019],[139.62475,35.60988],[139.62414,35.61098],[139.62287,35.61146],[139.62342,35.61243],[139.62391,35.61278],[139.62267,35.61344],[139.62129,35.61543],[139.6207,35.61585],[139.62027,35.61653],[139.61913,35.61741],[139.61982,35.61798],[139.62052,35.618],[139.62755,35.61486],[139.62694,35.61257],[139.62501,35.61019]]]},"properties":{"key":"13112037003","name":"玉川三丁目","pref":"東京都","prefCode":"13","municipality":"世田谷区","areaM2":278954.189,"population":3557,"toponymIds":["13-c47e6226c5"]}},{"type":"Feature","geometry":{"type":"Polygon","coordinates":[[[139.61561,35.62846],[139.61668,35.62839],[139.6166,35.62809],[139.61856,35.62494],[139.61579,35.62396],[139.61515,35.62298],[139.61357,35.62414],[139.61297,35.62436],[139.61159,35.62746],[139.61127,35.62784],[139.6135,35.62841],[139.61561,35.62846]]]},"properties":{"key":"13112051003","name":"岡本三丁目","pref":"東京都","prefCode":"13","municipality":"世田谷区","areaM2":238806.949,"population":3082,"toponymIds":["13-ec45f71c6d"]}},{"type":"Feature","geometry":{"type":"Polygon","coordinates":[[[139.59997,35.62335],[139.59915,35.62262],[139.59702,35.61941],[139.59616,35.61841],[139.59546,35.61835],[139.59348,35.61759],[139.5925,35.61752],[139.59352,35.62064],[139.59397,35.62146],[139.5943,35.6216],[139.59475,35.62341],[139.59637,35.62485],[139.60076,35.62395],[139.59997,35.62335]]]},"properties":{"key":"13112048001","name":"喜多見一丁目","pref":"東京都","prefCode":"13","municipality":"世田谷区","areaM2":283215.684,"population":2138,"toponymIds":["13-be41a4891d"]}},{"type":"Feature","geometry":{"type":"Polygon","coordinates":[[[139.5896,35.62361],[139.58942,35.62321],[139.58825,35.62327],[139.58572,35.62302],[139.58635,35.62507],[139.58681,35.62538],[139.58709,35.62617],[139.58809,35.62633],[139.58793,35.62697],[139.58771,35.62724],[139.58774,35.62775],[139.58888,35.62727],[139.58981,35.62621],[139.5898,35.62588],[139.58945,35.62532],[139.58946,35.62502],[139.58986,35.62469],[139.58969,35.62455],[139.5896,35.62361]]]},"properties":{"key":"13219007002","name":"駒井町二丁目","pref":"東京都","prefCode":"13","municipality":"狛江市","areaM2":119323.85,"population":1274,"toponymIds":["13-eccc67696d"]}},{"type":"Feature","geometry":{"type":"Polygon","coordinates":[[[139.58389,35.64839],[139.58375,35.64834],[139.58412,35.64769],[139.58404,35.64691],[139.5852,35.64623],[139.58537,35.64593],[139.58565,35.64605],[139.58597,35.64571],[139.58556,35.64537],[139.58507,35.64585],[139.582,35.64555],[139.581,35.64575],[139.57823,35.64686],[139.57874,35.64762],[139.5793,35.64811],[139.58025,35.64784],[139.58045,35.6477],[139.58035,35.64758],[139.58095,35.64736],[139.58144,35.64746],[139.58226,35.64736],[139.5829,35.6471],[139.58267,35.6475],[139.58271,35.64768],[139.58199,35.64807],[139.5819,35.64839],[139.58204,35.64856],[139.58278,35.64813],[139.58323,35.6485],[139.58337,35.64838],[139.5839,35.64864],[139.58401,35.64843],[139.58389,35.64839]]]},"properties":{"key":"13219010003","name":"東野川三丁目","pref":"東京都","prefCode":"13","municipality":"狛江市","areaM2":122155.624,"population":2572,"toponymIds":["13-5e14459dfc"]}},{"type":"Feature","geometry":{"type":"Polygon","coordinates":[[[141.37902,24.78034],[141.37894,24.78018],[141.37844,24.78014],[141.37837,24.78046],[141.37856,24.78101],[141.37872,24.78106],[141.37902,24.78034]]]},"properties":{"key":"13421004002","name":"硫黄島","pref":"東京都","prefCode":"13","municipality":"小笠原村","areaM2":3700.534,"population":0,"toponymIds":["13-e74aabf9b2"]}},{"type":"Feature","geometry":{"type":"Polygon","coordinates":[[[142.15036,26.54761],[142.14994,26.54749],[142.15004,26.54794],[142.15036,26.54761]]]},"properties":{"key":"13421002020","name":"母島","pref":"東京都","prefCode":"13","municipality":"小笠原村","areaM2":1498.411,"population":0,"toponymIds":["13-f28afbf78d","13-aee003a564"]}}]}
