{"type":"FeatureCollection","features":[{"type":"Feature","geometry":{"type":"Polygon","coordinates":[[[136.99526,37.0528],[136.99704,37.05124],[136.99872,37.0493],[137.00163,37.04899],[137.00405,37.04676],[137.00549,37.04638],[137.0074,37.04554],[137.00817,37.04503],[137.01175,37.04064],[137.01223,37.03976],[137.01264,37.03877],[137.0131,37.03688],[137.01318,37.03518],[137.01303,37.03498],[137.01167,37.03402],[137.01066,37.03445],[137.00973,37.03438],[137.00879,37.03494],[137.0083,37.035],[137.00807,37.03476],[137.00798,37.03408],[137.00767,37.0339],[137.00759,37.03288],[137.00645,37.0328],[137.0061,37.03234],[137.00569,37.03219],[137.00686,37.03165],[137.00693,37.03143],[137.00586,37.03176],[137.00367,37.03185],[137.0012,37.03117],[136.99979,37.03428],[137.00028,37.03602],[137.00018,37.03639],[136.9998,37.03684],[137.0003,37.03735],[137.0004,37.03768],[136.99994,37.03807],[136.99855,37.0384],[136.99612,37.03821],[136.99566,37.03849],[136.99508,37.03856],[136.99485,37.03887],[136.99473,37.0398],[136.99482,37.04072],[136.99436,37.04168],[136.99372,37.04428],[136.99371,37.04674],[136.99283,37.04752],[136.99167,37.04799],[136.99111,37.04844],[136.99053,37.04923],[136.98824,37.05045],[136.99161,37.05237],[136.99202,37.05217],[136.9917,37.05229],[136.99037,37.05151],[136.99213,37.05047],[136.99306,37.05117],[136.99303,37.05152],[136.99236,37.05185],[136.99241,37.05206],[136.99392,37.05129],[136.99384,37.05143],[136.99479,37.05238],[136.99501,37.0529],[136.99526,37.0528]]]},"properties":{"key":"172020700","name":"佐味町","pref":"石川県","prefCode":"17","municipality":"七尾市","areaM2":2441011.655,"population":609,"toponymIds":["17-b72e8880f7"]}},{"type":"Feature","geometry":{"type":"Polygon","coordinates":[[[136.78461,36.34222],[136.78345,36.34172],[136.78075,36.33959],[136.77884,36.33893],[136.77754,36.33817],[136.77485,36.33853],[136.77312,36.33935],[136.77102,36.33926],[136.77062,36.33949],[136.77066,36.34],[136.77121,36.34115],[136.77126,36.34167],[136.77104,36.3423],[136.77046,36.34298],[136.77016,36.34517],[136.76978,36.34649],[136.76882,36.34664],[136.76793,36.34639],[136.76701,36.34643],[136.76582,36.34689],[136.76467,36.34785],[136.75917,36.34991],[136.75752,36.34973],[136.75541,36.34879],[136.75206,36.35147],[136.75156,36.35226],[136.74977,36.35343],[136.74914,36.35473],[136.74843,36.35508],[136.74774,36.35514],[136.74758,36.35695],[136.74738,36.35719],[136.74592,36.35795],[136.74539,36.35848],[136.74523,36.35888],[136.74409,36.35933],[136.74317,36.36012],[136.74256,36.36103],[136.74201,36.36243],[136.73982,36.36235],[136.7389,36.36246],[136.73837,36.36265],[136.73796,36.36301],[136.73875,36.36394],[136.73962,36.3656],[136.74104,36.36671],[136.7432,36.36729],[136.74631,36.37153],[136.74799,36.37289],[136.7483,36.37379],[136.74823,36.37697],[136.74761,36.37822],[136.74742,36.37906],[136.74797,36.38132],[136.74919,36.38241],[136.74948,36.38419],[136.75027,36.38609],[136.74982,36.38683],[136.75012,36.38812],[136.74966,36.38896],[136.74961,36.38987],[136.75006,36.39091],[136.75121,36.39186],[136.75484,36.39373],[136.75606,36.3946],[136.75766,36.39613],[136.75937,36.39729],[136.76044,36.39763],[136.76167,36.39834],[136.76279,36.39971],[136.76531,36.40144],[136.76612,36.40169],[136.76724,36.4015],[136.76848,36.40189],[136.76954,36.40255],[136.7704,36.40344],[136.77092,36.40457],[136.77127,36.40627],[136.7722,36.40848],[136.77332,36.40962],[136.77554,36.41068],[136.77718,36.41185],[136.77844,36.41236],[136.7804,36.41272],[136.78076,36.41204],[136.78244,36.41087],[136.78356,36.40956],[136.78423,36.40931],[136.78538,36.40965],[136.78599,36.40926],[136.78716,36.40787],[136.79069,36.40464],[136.79239,36.40329],[136.79308,36.40207],[136.79338,36.40182],[136.79514,36.40126],[136.79558,36.39923],[136.79539,36.39817],[136.79585,36.39566],[136.7953,36.39461],[136.79546,36.39425],[136.7972,36.39294],[136.79719,36.39181],[136.79686,36.39118],[136.79691,36.39055],[136.7975,36.38882],[136.79783,36.38703],[136.79785,36.38593],[136.79655,36.3844],[136.79813,36.38413],[136.79895,36.38367],[136.7996,36.38194],[136.80046,36.38082],[136.8004,36.37915],[136.80068,36.37682],[136.80043,36.37565],[136.80038,36.37405],[136.80006,36.37291],[136.80013,36.37048],[136.80034,36.36986],[136.80098,36.36896],[136.80353,36.36688],[136.8038,36.36608],[136.80366,36.36524],[136.80548,36.3638],[136.80646,36.3633],[136.80624,36.3626],[136.80633,36.36186],[136.80713,36.36069],[136.80736,36.35988],[136.808,36.35868],[136.8067,36.35738],[136.8058,36.35544],[136.80443,36.35549],[136.80341,36.3549],[136.80228,36.35454],[136.80198,36.35436],[136.80121,36.35303],[136.80096,36.35287],[136.79909,36.35254],[136.7986,36.35231],[136.79783,36.35238],[136.79668,36.3522],[136.7959,36.35141],[136.79522,36.34974],[136.79442,36.34945],[136.79332,36.34871],[136.79184,36.3483],[136.79008,36.34806],[136.78827,36.34869],[136.78749,36.34874],[136.78662,36.3477],[136.78632,36.34639],[136.78538,36.3454],[136.78513,36.34459],[136.78464,36.34389],[136.78461,36.34222]]]},"properties":{"key":"172017560","name":"倉谷町","pref":"石川県","prefCode":"17","municipality":"金沢市","areaM2":29852136.77,"population":0,"toponymIds":["17-af1762a8d3"]}},{"type":"Feature","geometry":{"type":"Polygon","coordinates":[[[136.59995,36.58845],[136.60013,36.58827],[136.60061,36.58861],[136.6037,36.58754],[136.60431,36.58617],[136.60387,36.58588],[136.60347,36.58584],[136.60262,36.58613],[136.60176,36.5868],[136.60092,36.58584],[136.60071,36.5851],[136.60036,36.5846],[136.59939,36.58376],[136.60021,36.58322],[136.60062,36.58244],[136.60168,36.58114],[136.60168,36.58048],[136.60106,36.57984],[136.60043,36.57972],[136.59941,36.57999],[136.5984,36.58045],[136.59788,36.58099],[136.5978,36.58153],[136.59806,36.58204],[136.59932,36.58305],[136.59902,36.58346],[136.59807,36.58274],[136.59729,36.58183],[136.59715,36.58124],[136.59766,36.58032],[136.59664,36.58021],[136.59579,36.58048],[136.59521,36.58046],[136.59363,36.58302],[136.59075,36.58407],[136.59141,36.58588],[136.59693,36.58465],[136.59868,36.58918],[136.59995,36.58845]]]},"properties":{"key":"172013870","name":"赤土町","pref":"石川県","prefCode":"17","municipality":"金沢市","areaM2":520064.371,"population":0,"toponymIds":["17-4465c3d135"]}},{"type":"Feature","geometry":{"type":"Polygon","coordinates":[[[136.7365,36.52498],[136.73466,36.52443],[136.73224,36.52402],[136.72921,36.52578],[136.72792,36.52741],[136.72793,36.52795],[136.72896,36.52808],[136.73045,36.52785],[136.73109,36.52811],[136.73249,36.52907],[136.73349,36.52945],[136.73453,36.52894],[136.73616,36.52757],[136.73642,36.52716],[136.73655,36.52649],[136.7365,36.52498]]]},"properties":{"key":"172016910","name":"小豆沢町","pref":"石川県","prefCode":"17","municipality":"金沢市","areaM2":299165.748,"population":22,"toponymIds":["17-19771fd85f","17-7aa1c4670d"]}},{"type":"Feature","geometry":{"type":"Polygon","coordinates":[[[136.65517,36.59987],[136.66043,36.60014],[136.66039,36.59684],[136.66119,36.59358],[136.66119,36.59311],[136.66038,36.59315],[136.66038,36.593],[136.65005,36.59332],[136.65004,36.59485],[136.64899,36.59654],[136.64884,36.59706],[136.64895,36.59785],[136.64979,36.59912],[136.64999,36.60072],[136.65084,36.60038],[136.65517,36.59987]]]},"properties":{"key":"172015200","name":"磯部町","pref":"石川県","prefCode":"17","municipality":"金沢市","areaM2":766664.92,"population":294,"toponymIds":["17-f99f081b49","17-2902390b14"]}},{"type":"Feature","geometry":{"type":"Polygon","coordinates":[[[136.70676,36.62704],[136.70769,36.62693],[136.70866,36.62605],[136.71071,36.6252],[136.71147,36.62473],[136.71229,36.62524],[136.71359,36.62505],[136.71397,36.62463],[136.71443,36.62451],[136.71513,36.62395],[136.71577,36.62265],[136.71664,36.62237],[136.71816,36.62204],[136.71848,36.62213],[136.7188,36.62283],[136.71929,36.623],[136.72113,36.62238],[136.72311,36.62215],[136.72315,36.62171],[136.72223,36.62102],[136.72297,36.6201],[136.72314,36.61966],[136.72247,36.61914],[136.72181,36.61916],[136.72114,36.61865],[136.71877,36.61881],[136.71733,36.61926],[136.7151,36.61903],[136.71429,36.61945],[136.71375,36.62037],[136.71332,36.62055],[136.71247,36.62065],[136.70901,36.62051],[136.70807,36.62087],[136.7074,36.62179],[136.70675,36.62154],[136.70546,36.62155],[136.70505,36.62181],[136.70535,36.62348],[136.70461,36.62354],[136.70255,36.6231],[136.70024,36.62367],[136.70107,36.62513],[136.70098,36.62581],[136.70163,36.62604],[136.7024,36.62738],[136.70676,36.62704]]]},"properties":{"key":"172015980","name":"梅田町","pref":"石川県","prefCode":"17","municipality":"金沢市","areaM2":921189.094,"population":92,"toponymIds":["17-b2482cb1a1","17-266ea8fcaa"]}},{"type":"Feature","geometry":{"type":"Polygon","coordinates":[[[136.65569,36.56093],[136.65594,36.56096],[136.65661,36.5604],[136.6565,36.56032],[136.65696,36.56022],[136.65712,36.55956],[136.6563,36.55921],[136.65564,36.5597],[136.65527,36.56033],[136.65478,36.56074],[136.65501,36.56092],[136.65473,36.56116],[136.65488,36.56129],[136.65517,36.56103],[136.65569,36.56093]]]},"properties":{"key":"172017940","name":"柿木畠","pref":"石川県","prefCode":"17","municipality":"金沢市","areaM2":23055.238,"population":29,"toponymIds":["17-5180401f7c"]}},{"type":"Feature","geometry":{"type":"Polygon","coordinates":[[[136.65723,36.55955],[136.6573,36.55922],[136.65664,36.55905],[136.65636,36.5592],[136.65723,36.55955]]]},"properties":{"key":"172010030","name":"上柿木畠","pref":"石川県","prefCode":"17","municipality":"金沢市","areaM2":2602.122,"population":34,"toponymIds":["17-8014b98218"]}},{"type":"Feature","geometry":{"type":"Polygon","coordinates":[[[136.59103,36.56434],[136.58957,36.56425],[136.58944,36.56763],[136.59191,36.56768],[136.59226,36.56445],[136.59103,36.56434]]]},"properties":{"key":"17201897001","name":"上安原一丁目","pref":"石川県","prefCode":"17","municipality":"金沢市","areaM2":84679.378,"population":648,"toponymIds":["17-ed6b8676b5"]}},{"type":"Feature","geometry":{"type":"Polygon","coordinates":[[[136.5858,36.56678],[136.58576,36.56667],[136.58707,36.5667],[136.58715,36.56409],[136.59226,36.56445],[136.59295,36.5604],[136.59037,36.55854],[136.59013,36.5591],[136.58776,36.56082],[136.58695,36.56197],[136.5863,36.56252],[136.58557,36.56404],[136.58541,36.56499],[136.58463,36.56676],[136.5858,36.56678]]]},"properties":{"key":"172013720","name":"上安原町","pref":"石川県","prefCode":"17","municipality":"金沢市","areaM2":314050.59,"population":286,"toponymIds":["17-a5289b089c","17-65c2a85b04"]}},{"type":"Feature","geometry":{"type":"Polygon","coordinates":[[[136.59199,36.55678],[136.59159,36.55675],[136.59143,36.55713],[136.59059,36.5581],[136.5904,36.55857],[136.59295,36.5604],[136.59332,36.55685],[136.59199,36.55678]]]},"properties":{"key":"172017830","name":"上安原南","pref":"石川県","prefCode":"17","municipality":"金沢市","areaM2":64851.416,"population":287,"toponymIds":["17-48a8ca9890"]}},{"type":"Feature","geometry":{"type":"Polygon","coordinates":[[[136.6549,36.55398],[136.65539,36.5544],[136.65607,36.55388],[136.65559,36.55349],[136.6549,36.55398]]]},"properties":{"key":"172010150","name":"川岸町","pref":"石川県","prefCode":"17","municipality":"金沢市","areaM2":5189.514,"population":0,"toponymIds":["17-3859fc5fc0"]}},{"type":"Feature","geometry":{"type":"Polygon","coordinates":[[[136.7089,36.60734],[136.71002,36.6062],[136.71138,36.60608],[136.71246,36.60537],[136.71279,36.60491],[136.71418,36.60438],[136.71431,36.60401],[136.71072,36.6014],[136.70742,36.60167],[136.70517,36.60395],[136.70471,36.60379],[136.70318,36.60543],[136.70349,36.60561],[136.70339,36.60573],[136.70456,36.60641],[136.70409,36.60664],[136.70362,36.60742],[136.70385,36.6077],[136.70421,36.60769],[136.70568,36.60757],[136.70659,36.60725],[136.70689,36.60774],[136.70629,36.60801],[136.70655,36.60839],[136.70706,36.60802],[136.7089,36.60734]]]},"properties":{"key":"172016390","name":"河原市町","pref":"石川県","prefCode":"17","municipality":"金沢市","areaM2":429503.861,"population":364,"toponymIds":["17-3aaaece998","17-39d89d6560"]}},{"type":"Feature","geometry":{"type":"Polygon","coordinates":[[[136.65059,36.56236],[136.65293,36.56139],[136.65285,36.56112],[136.6527,36.56101],[136.65225,36.56113],[136.65055,36.56188],[136.65033,36.56166],[136.65016,36.56193],[136.65054,36.56215],[136.65059,36.56236]]]},"properties":{"key":"172017920","name":"木倉町","pref":"石川県","prefCode":"17","municipality":"金沢市","areaM2":12655.401,"population":53,"toponymIds":["17-d3c129e8a9"]}},{"type":"Feature","geometry":{"type":"Polygon","coordinates":[[[136.71023,36.64318],[136.71013,36.64277],[136.71114,36.64186],[136.71078,36.64153],[136.71208,36.64036],[136.71254,36.6407],[136.71331,36.64002],[136.71353,36.64037],[136.71528,36.63968],[136.71551,36.63966],[136.71579,36.63993],[136.71793,36.63963],[136.71843,36.63877],[136.71938,36.63844],[136.71929,36.63825],[136.71948,36.63819],[136.72128,36.63805],[136.72204,36.63818],[136.72337,36.63886],[136.7247,36.63912],[136.72524,36.63946],[136.72902,36.64027],[136.73239,36.6394],[136.73268,36.63864],[136.73179,36.63639],[136.73177,36.63563],[136.73216,36.63451],[136.73263,36.63395],[136.73368,36.63505],[136.73453,36.63524],[136.7349,36.63565],[136.73549,36.63572],[136.73547,36.6363],[136.73566,36.63642],[136.73643,36.63646],[136.73725,36.63493],[136.73866,36.63446],[136.74022,36.63451],[136.74224,36.63574],[136.74294,36.63543],[136.74388,36.63461],[136.7417,36.63359],[136.74104,36.63287],[136.73982,36.63241],[136.73906,36.63176],[136.73835,36.63147],[136.73569,36.63093],[136.73454,36.63006],[136.73376,36.62907],[136.73327,36.62872],[136.7321,36.62829],[136.73148,36.62836],[136.7309,36.62866],[136.73045,36.6296],[136.73007,36.62987],[136.72946,36.62989],[136.72846,36.6296],[136.72614,36.63044],[136.72537,36.63053],[136.72458,36.63046],[136.72351,36.6296],[136.72316,36.63015],[136.72332,36.63049],[136.72326,36.63081],[136.72196,36.63315],[136.72218,36.63433],[136.72199,36.6349],[136.72151,36.63522],[136.72076,36.63538],[136.71864,36.63525],[136.71644,36.63566],[136.71591,36.63559],[136.71483,36.63512],[136.71381,36.63421],[136.71442,36.63524],[136.71536,36.63582],[136.71578,36.63571],[136.71602,36.63596],[136.71632,36.63593],[136.71609,36.63631],[136.71577,36.63651],[136.71264,36.63646],[136.70992,36.63783],[136.70916,36.63856],[136.70856,36.63955],[136.7046,36.64299],[136.70473,36.64382],[136.70522,36.64376],[136.70547,36.6444],[136.70614,36.64435],[136.70723,36.64338],[136.70766,36.64368],[136.70835,36.64317],[136.70901,36.64356],[136.70966,36.64432],[136.70959,36.64442],[136.7104,36.64411],[136.70996,36.64326],[136.71023,36.64318]]]},"properties":{"key":"172015460","name":"岸川町","pref":"石川県","prefCode":"17","municipality":"金沢市","areaM2":1989693.536,"population":481,"toponymIds":["17-a8d0224ce8","17-a993e7d8fd"]}},{"type":"Feature","geometry":{"type":"Polygon","coordinates":[[[136.62647,36.59577],[136.62822,36.59408],[136.62461,36.59161],[136.62413,36.59215],[136.62404,36.59296],[136.62265,36.59289],[136.62257,36.59574],[136.62439,36.59577],[136.62587,36.59635],[136.62647,36.59577]]]},"properties":{"key":"17201787001","name":"鞍月一丁目","pref":"石川県","prefCode":"17","municipality":"金沢市","areaM2":156632.017,"population":0,"toponymIds":["17-8954ba3725"]}},{"type":"Feature","geometry":{"type":"Polygon","coordinates":[[[136.63161,36.59199],[136.63089,36.5915],[136.62809,36.5942],[136.62832,36.59435],[136.63153,36.59446],[136.63166,36.59326],[136.63246,36.59247],[136.63161,36.59199]]]},"properties":{"key":"17201788001","name":"鞍月東一丁目","pref":"石川県","prefCode":"17","municipality":"金沢市","areaM2":66843.282,"population":421,"toponymIds":["17-c03dfcc070"]}},{"type":"Feature","geometry":{"type":"Polygon","coordinates":[[[136.70414,36.59025],[136.70403,36.58971],[136.70486,36.58946],[136.70579,36.58942],[136.70589,36.58928],[136.70623,36.58941],[136.70735,36.5886],[136.70767,36.58798],[136.70733,36.58692],[136.7081,36.58632],[136.709,36.58496],[136.70911,36.58447],[136.70897,36.5839],[136.70776,36.58318],[136.70745,36.58252],[136.70746,36.58199],[136.70709,36.58138],[136.70434,36.57922],[136.70468,36.57883],[136.7054,36.57853],[136.70568,36.57816],[136.70609,36.57814],[136.70635,36.57794],[136.7066,36.5775],[136.7066,36.57675],[136.70763,36.57615],[136.70784,36.57588],[136.70685,36.57477],[136.70582,36.57438],[136.70579,36.57401],[136.705,36.57277],[136.70492,36.57227],[136.70408,36.57236],[136.70373,36.57222],[136.70372,36.57233],[136.70376,36.57294],[136.7045,36.57316],[136.70498,36.57416],[136.70273,36.57495],[136.70308,36.57544],[136.7027,36.57563],[136.70291,36.5759],[136.70279,36.57596],[136.70356,36.57667],[136.70356,36.57689],[136.70309,36.57688],[136.7029,36.57711],[136.70244,36.57716],[136.7016,36.57667],[136.70152,36.57696],[136.70062,36.57723],[136.70002,36.57615],[136.69949,36.57611],[136.69927,36.57642],[136.69888,36.57645],[136.69799,36.57621],[136.69747,36.57636],[136.69707,36.57621],[136.6969,36.57642],[136.69735,36.57692],[136.69732,36.57721],[136.69704,36.57722],[136.69638,36.57675],[136.69621,36.57726],[136.69586,36.57755],[136.69593,36.5778],[136.69533,36.57828],[136.69569,36.57859],[136.69529,36.57896],[136.69415,36.57893],[136.69377,36.57856],[136.69312,36.57861],[136.69284,36.57829],[136.69155,36.57874],[136.69077,36.57774],[136.68947,36.57858],[136.68942,36.57928],[136.68913,36.58008],[136.68871,36.58056],[136.6887,36.58109],[136.68817,36.58108],[136.68776,36.58129],[136.68664,36.58129],[136.68674,36.58051],[136.68731,36.57968],[136.6873,36.57875],[136.68752,36.57842],[136.68726,36.57736],[136.68736,36.57696],[136.68693,36.57618],[136.68689,36.57552],[136.68624,36.57469],[136.6862,36.57408],[136.68599,36.57397],[136.68598,36.5737],[136.68575,36.57362],[136.68574,36.57335],[136.68527,36.573],[136.68513,36.57228],[136.6849,36.57201],[136.68444,36.57202],[136.68409,36.57167],[136.6834,36.5716],[136.68329,36.57151],[136.6834,36.57141],[136.68317,36.57133],[136.68294,36.57143],[136.68273,36.57179],[136.68286,36.57224],[136.68348,36.57376],[136.68402,36.57424],[136.68453,36.57649],[136.68377,36.57714],[136.68349,36.57708],[136.68334,36.57676],[136.68269,36.57626],[136.68196,36.57812],[136.68273,36.57852],[136.68301,36.57973],[136.68284,36.58095],[136.6823,36.58102],[136.68224,36.58123],[136.68224,36.58265],[136.68161,36.58329],[136.68148,36.5831],[136.68117,36.58329],[136.681,36.58313],[136.68029,36.58316],[136.68018,36.58279],[136.68032,36.58274],[136.67992,36.58201],[136.67971,36.58226],[136.67993,36.58274],[136.67938,36.58362],[136.6798,36.58391],[136.67924,36.5847],[136.67948,36.58481],[136.67997,36.58418],[136.68077,36.58395],[136.68208,36.58469],[136.68391,36.58261],[136.68395,36.58312],[136.68374,36.58358],[136.68411,36.58444],[136.68337,36.58519],[136.68297,36.5851],[136.68183,36.58611],[136.68131,36.58617],[136.68062,36.58657],[136.68139,36.58703],[136.68335,36.58737],[136.68352,36.58761],[136.68461,36.58818],[136.68523,36.58787],[136.68559,36.58688],[136.68663,36.58625],[136.68838,36.58559],[136.68928,36.58648],[136.68989,36.58658],[136.6903,36.58581],[136.69083,36.58572],[136.69099,36.58517],[136.69181,36.58498],[136.69218,36.58508],[136.69233,36.58468],[136.69275,36.58457],[136.69472,36.58554],[136.69548,36.58546],[136.69571,36.58589],[136.69575,36.58653],[136.69776,36.58658],[136.69816,36.58689],[136.69861,36.58677],[136.69918,36.58737],[136.69897,36.588],[136.70009,36.58913],[136.70072,36.59003],[136.70121,36.59032],[136.70235,36.5903],[136.7041,36.591],[136.70424,36.59074],[136.70414,36.59025]],[[136.69171,36.58267],[136.69094,36.58213],[136.69072,36.58102],[136.68979,36.58056],[136.68983,36.57972],[136.69006,36.57957],[136.69077,36.58005],[136.6913,36.58012],[136.69256,36.58],[136.69302,36.57965],[136.69292,36.57938],[136.69401,36.58001],[136.69453,36.57964],[136.69523,36.57996],[136.69606,36.57989],[136.69614,36.57931],[136.69697,36.57921],[136.69679,36.57884],[136.69697,36.57855],[136.69813,36.57795],[136.69939,36.57782],[136.70035,36.57825],[136.70096,36.57819],[136.70133,36.57855],[136.70239,36.57906],[136.70302,36.58021],[136.70245,36.58171],[136.70213,36.58131],[136.70151,36.58217],[136.70124,36.58312],[136.69976,36.58306],[136.6986,36.5834],[136.69803,36.58333],[136.69776,36.58305],[136.69713,36.58291],[136.69669,36.58321],[136.69633,36.58325],[136.69551,36.5841],[136.6943,36.58348],[136.69292,36.58322],[136.69223,36.58276],[136.69171,36.58267]]]},"properties":{"key":"17201655000","name":"御所町","pref":"石川県","prefCode":"17","municipality":"金沢市","areaM2":2187513.74,"population":645,"toponymIds":["17-7abdbe034e"]}},{"type":"Feature","geometry":{"type":"Polygon","coordinates":[[[136.65483,36.56024],[136.65494,36.56014],[136.65474,36.55997],[136.6544,36.56009],[136.65425,36.56037],[136.65478,36.56074],[136.65506,36.56047],[136.65483,36.56024]]]},"properties":{"key":"172010040","name":"下柿木畠","pref":"石川県","prefCode":"17","municipality":"金沢市","areaM2":3184.315,"population":23,"toponymIds":["17-19352c44b0"]}},{"type":"Feature","geometry":{"type":"Polygon","coordinates":[[[136.58212,36.58022],[136.58276,36.57989],[136.58297,36.58009],[136.58357,36.58016],[136.58473,36.57756],[136.58573,36.57652],[136.58589,36.57611],[136.58385,36.57148],[136.58359,36.57037],[136.58268,36.56953],[136.57703,36.56962],[136.577,36.56976],[136.57502,36.56987],[136.57122,36.5705],[136.56858,36.57115],[136.5625,36.5738],[136.56379,36.57465],[136.56542,36.57699],[136.57245,36.58423],[136.5785,36.58154],[136.58212,36.58022]]]},"properties":{"key":"172013760","name":"下安原町","pref":"石川県","prefCode":"17","municipality":"金沢市","areaM2":2149358.799,"population":697,"toponymIds":["17-207635610c","17-5016cf23c1","17-9e3159f0ba","17-ab9291557c"]}},{"type":"Feature","geometry":{"type":"Polygon","coordinates":[[[136.72989,36.49361],[136.72997,36.49308],[136.73038,36.49225],[136.73125,36.49092],[136.73125,36.49047],[136.73082,36.49],[136.72873,36.48875],[136.72849,36.48834],[136.72853,36.48785],[136.72889,36.48722],[136.72426,36.49113],[136.72361,36.49184],[136.72308,36.49329],[136.72319,36.49422],[136.72438,36.49396],[136.72774,36.49416],[136.72989,36.49361]]]},"properties":{"key":"172017460","name":"菅池町","pref":"石川県","prefCode":"17","municipality":"金沢市","areaM2":319182.014,"population":11,"toponymIds":["17-be6cfe2966","17-5f47beb5b2"]}},{"type":"Feature","geometry":{"type":"Polygon","coordinates":[[[136.66718,36.56024],[136.66765,36.56015],[136.66817,36.55978],[136.66844,36.55955],[136.66835,36.55937],[136.66895,36.55886],[136.66971,36.55851],[136.66994,36.55809],[136.66933,36.55761],[136.66888,36.55786],[136.66815,36.55741],[136.66611,36.55929],[136.66709,36.56033],[136.66718,36.56024]]]},"properties":{"key":"172017850","name":"飛梅町","pref":"石川県","prefCode":"17","municipality":"金沢市","areaM2":52395.232,"population":159,"toponymIds":["17-65b92e0d7d"]}},{"type":"Feature","geometry":{"type":"Polygon","coordinates":[[[136.65396,36.55571],[136.6549,36.55537],[136.65462,36.55504],[136.65499,36.5548],[136.65541,36.55494],[136.6555,36.55466],[136.65634,36.55412],[136.65607,36.55388],[136.65539,36.5544],[136.6549,36.55398],[136.65221,36.55609],[136.65271,36.55654],[136.65405,36.55585],[136.65396,36.55571]]]},"properties":{"key":"172010140","name":"中川除町","pref":"石川県","prefCode":"17","municipality":"金沢市","areaM2":33102.012,"population":116,"toponymIds":["17-c83c875536"]}},{"type":"Feature","geometry":{"type":"Polygon","coordinates":[[[136.74853,36.49186],[136.74893,36.49062],[136.74926,36.49031],[136.75076,36.48973],[136.75103,36.48941],[136.75127,36.48901],[136.7514,36.48783],[136.75068,36.48548],[136.75065,36.48355],[136.75035,36.4829],[136.74984,36.48247],[136.74915,36.48224],[136.74879,36.48184],[136.74771,36.48283],[136.74725,36.48375],[136.74502,36.48632],[136.74616,36.48723],[136.74691,36.48827],[136.74671,36.48932],[136.74564,36.49038],[136.74575,36.49174],[136.74545,36.49247],[136.74669,36.49246],[136.74853,36.49186]]]},"properties":{"key":"172017270","name":"羽場町","pref":"石川県","prefCode":"17","municipality":"金沢市","areaM2":404764.39,"population":24,"toponymIds":["17-fd937c3373"]}},{"type":"Feature","geometry":{"type":"Polygon","coordinates":[[[136.65525,36.55706],[136.65546,36.55701],[136.65571,36.55588],[136.65505,36.55602],[136.65494,36.55581],[136.65427,36.55608],[136.65448,36.55635],[136.65435,36.55643],[136.65444,36.55653],[136.65525,36.55706]]]},"properties":{"key":"172010170","name":"水溜町","pref":"石川県","prefCode":"17","municipality":"金沢市","areaM2":11359.72,"population":70,"toponymIds":["17-7d0a5ba569"]}},{"type":"Feature","geometry":{"type":"Polygon","coordinates":[[[136.65494,36.57084],[136.65476,36.57016],[136.65227,36.57057],[136.65276,36.57352],[136.65475,36.57334],[136.65589,36.57211],[136.65494,36.57084]]]},"properties":{"key":"172010310","name":"武蔵町","pref":"石川県","prefCode":"17","municipality":"金沢市","areaM2":84291.918,"population":610,"toponymIds":["17-c58b4ab88c"]}},{"type":"Feature","geometry":{"type":"Polygon","coordinates":[[[137.02687,36.99999],[137.02881,36.99947],[137.02941,36.99909],[137.03091,36.99399],[137.02944,36.99402],[137.02823,36.99337],[137.02672,36.99398],[137.02533,36.99419],[137.02491,36.99412],[137.02422,36.99344],[137.02521,36.99246],[137.02511,36.99228],[137.02376,36.99209],[137.02294,36.99178],[137.02285,36.98954],[137.02219,36.98832],[137.02125,36.98755],[137.02008,36.98688],[137.01917,36.98662],[137.01746,36.98683],[137.01639,36.9873],[137.01462,36.98871],[137.01344,36.99056],[137.00933,36.99603],[137.00887,36.99704],[137.0093,36.99775],[137.00838,36.99841],[137.007,37.00093],[137.00413,37.00356],[137.00309,37.005],[137.00296,37.0054],[137.00475,37.00562],[137.00715,37.00502],[137.01262,37.00191],[137.01483,37.00111],[137.01581,37.00096],[137.01753,37.001],[137.01966,37.00161],[137.02017,37.00163],[137.02687,36.99999]]]},"properties":{"key":"172020960","name":"菅沢町","pref":"石川県","prefCode":"17","municipality":"七尾市","areaM2":2353366.897,"population":6,"toponymIds":["17-dba3cc7982"]}},{"type":"Feature","geometry":{"type":"Polygon","coordinates":[[[136.97012,37.04342],[136.97007,37.04321],[136.97043,37.04316],[136.97011,37.04161],[136.96934,37.0418],[136.96942,37.04204],[136.96841,37.04223],[136.96853,37.04302],[136.96962,37.04285],[136.96971,37.04339],[136.97012,37.04342]]]},"properties":{"key":"172020080","name":"川原町","pref":"石川県","prefCode":"17","municipality":"七尾市","areaM2":20753.368,"population":116,"toponymIds":["17-f6aeaab7af"]}},{"type":"Feature","geometry":{"type":"Polygon","coordinates":[[[136.97247,37.0196],[136.97256,37.0194],[136.97292,37.01962],[136.97329,37.02012],[136.97557,37.0216],[136.9765,37.02089],[136.97715,37.01987],[136.97787,37.01986],[136.97919,37.01898],[136.9798,37.01843],[136.98058,37.0169],[136.98038,37.01649],[136.98053,37.01618],[136.98047,37.0159],[136.97959,37.01592],[136.98017,37.01463],[136.98014,37.01361],[136.97979,37.0137],[136.97879,37.01511],[136.97818,37.01543],[136.97787,37.01517],[136.97785,37.01499],[136.97858,37.01354],[136.97844,37.01328],[136.9778,37.01301],[136.97777,37.01188],[136.97679,37.01169],[136.97636,37.01198],[136.97341,37.01508],[136.97147,37.01616],[136.97006,37.01761],[136.96884,37.0198],[136.96862,37.02033],[136.96865,37.02112],[136.96839,37.02135],[136.96775,37.02274],[136.96782,37.02311],[136.96834,37.02232],[136.9708,37.02161],[136.97166,37.02113],[136.97213,37.02051],[136.97247,37.0196]]]},"properties":{"key":"172020610","name":"小池川原町","pref":"石川県","prefCode":"17","municipality":"七尾市","areaM2":650411.229,"population":61,"toponymIds":["17-26f7ed5f72","17-8e0ff31515"]}},{"type":"Feature","geometry":{"type":"Polygon","coordinates":[[[136.96988,37.03494],[136.97073,37.03429],[136.97074,37.03475],[136.97158,37.03473],[136.97156,37.03372],[136.97201,37.03347],[136.97249,37.03418],[136.97267,37.03418],[136.9726,37.03366],[136.97206,37.03313],[136.9721,37.03263],[136.9724,37.03255],[136.97262,37.03275],[136.97291,37.03243],[136.97372,37.03252],[136.97369,37.03218],[136.97347,37.03196],[136.97349,37.03114],[136.97398,37.03075],[136.97526,37.03129],[136.97533,37.03167],[136.97549,37.03175],[136.9759,37.03016],[136.9753,37.03031],[136.97503,37.03029],[136.9749,37.03009],[136.97558,37.02921],[136.97488,37.02891],[136.97402,37.029],[136.97392,37.02842],[136.97363,37.02838],[136.97371,37.02806],[136.97313,37.02831],[136.97236,37.02984],[136.97211,37.03071],[136.97232,37.03099],[136.97224,37.03121],[136.97071,37.03203],[136.96941,37.03245],[136.96902,37.0328],[136.96997,37.03267],[136.96993,37.03401],[136.9697,37.03405],[136.96988,37.03494]]]},"properties":{"key":"172020570","name":"天神川原町","pref":"石川県","prefCode":"17","municipality":"七尾市","areaM2":153059.066,"population":233,"toponymIds":["17-09823ab2dd"]}},{"type":"Feature","geometry":{"type":"Polygon","coordinates":[[[136.88834,37.13167],[136.88951,37.13182],[136.89029,37.13226],[136.89111,37.13129],[136.89192,37.1309],[136.89181,37.1306],[136.89129,37.13062],[136.89052,37.12879],[136.89039,37.12443],[136.89009,37.12281],[136.88968,37.12257],[136.88917,37.1219],[136.88877,37.12073],[136.88842,37.12019],[136.88736,37.11948],[136.8863,37.11928],[136.88507,37.1195],[136.88384,37.11905],[136.88338,37.11913],[136.87962,37.12174],[136.87789,37.12262],[136.87624,37.12294],[136.87197,37.12308],[136.87092,37.12342],[136.87073,37.12455],[136.87108,37.12613],[136.87111,37.12785],[136.87088,37.12969],[136.87043,37.1306],[136.87226,37.13252],[136.87346,37.13176],[136.87487,37.13152],[136.87616,37.13082],[136.87818,37.13037],[136.87979,37.13041],[136.8817,37.13088],[136.88294,37.13147],[136.88436,37.13273],[136.88524,37.13384],[136.88604,37.13399],[136.88655,37.13372],[136.88735,37.13194],[136.88834,37.13167]]]},"properties":{"key":"172021390","name":"中島町鹿島台","pref":"石川県","prefCode":"17","municipality":"七尾市","areaM2":1987599.995,"population":237,"toponymIds":["17-d0f8ee198e"]}},{"type":"Feature","geometry":{"type":"Polygon","coordinates":[[[136.85514,37.18151],[136.85533,37.18087],[136.85583,37.1802],[136.85908,37.17681],[136.86359,37.17287],[136.86925,37.17043],[136.87201,37.16951],[136.8738,37.16861],[136.87812,37.16531],[136.87975,37.16436],[136.88371,37.16252],[136.88336,37.16204],[136.88299,37.16188],[136.88273,37.16129],[136.88301,37.16052],[136.88298,37.15933],[136.88258,37.15789],[136.88227,37.15755],[136.88224,37.15721],[136.8821,37.15737],[136.88155,37.15727],[136.88139,37.15697],[136.88083,37.15664],[136.88066,37.15598],[136.881,37.15466],[136.87936,37.15554],[136.87499,37.15671],[136.87439,37.15715],[136.87313,37.15869],[136.86986,37.16155],[136.86848,37.16352],[136.86637,37.16527],[136.8642,37.1663],[136.86132,37.17006],[136.86047,37.17095],[136.85799,37.17264],[136.85489,37.17424],[136.85331,37.17581],[136.85252,37.17731],[136.85221,37.17828],[136.85242,37.17929],[136.85372,37.18014],[136.85514,37.18151]]]},"properties":{"key":"172021440","name":"中島町田岸","pref":"石川県","prefCode":"17","municipality":"七尾市","areaM2":2197367.298,"population":49,"toponymIds":["17-934cc101a9","17-279ce9c4f4"]}},{"type":"Feature","geometry":{"type":"Polygon","coordinates":[[[136.94616,37.0466],[136.948,37.0466],[136.94819,37.04537],[136.94777,37.04497],[136.94795,37.04456],[136.94827,37.04433],[136.94945,37.04434],[136.9509,37.04346],[136.95127,37.04364],[136.95177,37.04356],[136.95214,37.0434],[136.9522,37.04321],[136.95274,37.04307],[136.95279,37.04265],[136.9542,37.04216],[136.95561,37.0419],[136.95579,37.04244],[136.95635,37.04259],[136.95615,37.04307],[136.95591,37.04286],[136.95601,37.04336],[136.9563,37.04333],[136.95736,37.0438],[136.95806,37.04381],[136.95821,37.04378],[136.95814,37.0435],[136.95881,37.04369],[136.95928,37.04345],[136.95923,37.04191],[136.95989,37.04191],[136.95989,37.04162],[136.95923,37.04163],[136.95922,37.04062],[136.96118,37.04059],[136.96118,37.04111],[136.96246,37.04108],[136.96251,37.04161],[136.96352,37.04119],[136.96352,37.03993],[136.96381,37.03932],[136.96352,37.03903],[136.96367,37.03891],[136.96361,37.0377],[136.96372,37.03761],[136.96238,37.03392],[136.96117,37.03424],[136.96116,37.0348],[136.96062,37.03478],[136.96064,37.03448],[136.96022,37.03443],[136.95734,37.03505],[136.95678,37.03175],[136.95695,37.03154],[136.95594,37.03083],[136.95542,37.03489],[136.95551,37.03608],[136.95412,37.03673],[136.95399,37.03656],[136.95319,37.03682],[136.95326,37.03698],[136.95272,37.03723],[136.95601,37.03862],[136.95653,37.03956],[136.95477,37.04012],[136.95457,37.03964],[136.95409,37.03979],[136.95399,37.03963],[136.95332,37.03985],[136.95339,37.04001],[136.95324,37.04007],[136.95353,37.04057],[136.95321,37.04067],[136.95326,37.04188],[136.95263,37.04204],[136.95223,37.0424],[136.95145,37.04244],[136.9522,37.0429],[136.9511,37.04338],[136.94981,37.04283],[136.94916,37.04195],[136.94892,37.04117],[136.94868,37.04099],[136.94784,37.04113],[136.94592,37.04098],[136.94521,37.04126],[136.94432,37.04242],[136.94368,37.04296],[136.94229,37.04364],[136.94179,37.04361],[136.94171,37.04399],[136.9419,37.04483],[136.9417,37.04517],[136.9416,37.04606],[136.94181,37.04645],[136.94248,37.047],[136.94285,37.04711],[136.94616,37.0466]],[[136.96115,37.04025],[136.96115,37.03922],[136.96133,37.03921],[136.96141,37.03888],[136.96177,37.03887],[136.96176,37.03871],[136.96228,37.03858],[136.96233,37.0392],[136.96175,37.03921],[136.96179,37.03957],[136.96244,37.03956],[136.96246,37.04044],[136.96181,37.04045],[136.9618,37.04026],[136.96115,37.04025]],[[136.95919,37.03942],[136.95853,37.03943],[136.95852,37.0384],[136.95918,37.03839],[136.95919,37.03942]],[[136.96046,37.03855],[136.96044,37.03769],[136.96098,37.03768],[136.96112,37.03854],[136.96046,37.03855]],[[136.95657,37.04239],[136.95672,37.04269],[136.95658,37.04265],[136.95657,37.04239]]]},"properties":{"key":"17202054001","name":"藤橋町","pref":"石川県","prefCode":"17","municipality":"七尾市","areaM2":1038378.227,"population":1172,"toponymIds":["17-1fd5f3d6a9"]}},{"type":"Feature","geometry":{"type":"Polygon","coordinates":[[[136.97967,37.04692],[136.97927,37.04537],[136.97929,37.04464],[136.98263,37.04478],[136.98356,37.04288],[136.98342,37.04248],[136.98349,37.04211],[136.98383,37.04175],[136.98369,37.04175],[136.98481,37.04081],[136.98456,37.04006],[136.98465,37.03957],[136.98422,37.03875],[136.98495,37.0381],[136.98468,37.03756],[136.98489,37.03697],[136.98537,37.03708],[136.98558,37.03657],[136.98589,37.0363],[136.98621,37.03634],[136.98646,37.03589],[136.98594,37.03595],[136.98601,37.0358],[136.98525,37.03559],[136.98519,37.03529],[136.98461,37.0352],[136.98445,37.03484],[136.98391,37.03527],[136.98344,37.03499],[136.98424,37.03456],[136.98479,37.03355],[136.98561,37.03285],[136.98624,37.03123],[136.98717,37.03011],[136.98739,37.02877],[136.98857,37.0278],[136.98909,37.02632],[136.99012,37.02557],[136.99042,37.02483],[136.99383,37.02116],[136.99614,37.01947],[136.99846,37.01822],[137.00021,37.01655],[137.00018,37.01624],[136.99996,37.01618],[136.99806,37.01645],[136.99703,37.01627],[136.99511,37.01526],[136.99358,37.01421],[136.9929,37.01345],[136.99282,37.01308],[136.99345,37.01147],[136.99346,37.01123],[136.99325,37.01104],[136.99122,37.01126],[136.98855,37.01203],[136.98635,37.01308],[136.98539,37.01392],[136.98471,37.01483],[136.98393,37.01662],[136.98368,37.02028],[136.98261,37.02199],[136.9811,37.02354],[136.98283,37.02405],[136.982,37.02557],[136.9814,37.02627],[136.98029,37.02688],[136.97903,37.02694],[136.97872,37.02689],[136.97856,37.02665],[136.97763,37.02792],[136.97613,37.02878],[136.97497,37.02989],[136.97503,37.03029],[136.97576,37.03029],[136.9759,37.03016],[136.97549,37.03175],[136.97548,37.03238],[136.97498,37.03311],[136.97467,37.03419],[136.97474,37.03548],[136.97433,37.03647],[136.97425,37.03851],[136.97346,37.03875],[136.9751,37.04069],[136.97564,37.04162],[136.97678,37.04141],[136.97696,37.04162],[136.97694,37.04202],[136.97736,37.04189],[136.97736,37.0417],[136.97763,37.04171],[136.97777,37.04128],[136.97811,37.04129],[136.9781,37.04172],[136.97835,37.04181],[136.98005,37.04174],[136.97921,37.04225],[136.97917,37.04275],[136.97869,37.04273],[136.97848,37.04306],[136.97862,37.04341],[136.97825,37.0434],[136.97823,37.04306],[136.9776,37.04304],[136.97752,37.0429],[136.97716,37.04327],[136.97745,37.04359],[136.97742,37.04382],[136.97719,37.04399],[136.9773,37.04455],[136.97762,37.04488],[136.97757,37.04506],[136.97713,37.04463],[136.97773,37.04637],[136.97827,37.04639],[136.97831,37.04689],[136.97953,37.0468],[136.97967,37.04692]],[[136.98274,37.03039],[136.98103,37.02966],[136.98187,37.02732],[136.9819,37.0268],[136.98509,37.02748],[136.98558,37.02778],[136.98518,37.02885],[136.98589,37.029],[136.98652,37.02943],[136.98656,37.02991],[136.98595,37.03084],[136.98522,37.03158],[136.98427,37.03161],[136.98431,37.03127],[136.98396,37.03121],[136.98409,37.03086],[136.98274,37.03039]]]},"properties":{"key":"17202065001","name":"矢田町","pref":"石川県","prefCode":"17","municipality":"七尾市","areaM2":3129472.05,"population":3096,"toponymIds":["17-688220e2aa"]}},{"type":"Feature","geometry":{"type":"Polygon","coordinates":[[[136.92082,37.08742],[136.92199,37.0874],[136.92198,37.08675],[136.92284,37.08688],[136.92286,37.08744],[136.9233,37.08721],[136.92306,37.08693],[136.92324,37.08676],[136.92291,37.08595],[136.92152,37.08512],[136.92104,37.08466],[136.9204,37.08342],[136.91965,37.0839],[136.91846,37.0841],[136.91809,37.08384],[136.91743,37.08368],[136.91715,37.08501],[136.91769,37.0851],[136.91774,37.08563],[136.91802,37.08614],[136.91835,37.08634],[136.91898,37.08632],[136.91913,37.08691],[136.91932,37.08688],[136.91963,37.08765],[136.92082,37.08742]]]},"properties":{"key":"17202086007","name":"和倉町","pref":"石川県","prefCode":"17","municipality":"七尾市","areaM2":140052.046,"population":411,"toponymIds":["17-5397c66fce","17-4bd6bcf1ce"]}},{"type":"Feature","geometry":{"type":"Polygon","coordinates":[[[136.9255,37.08792],[136.9259,37.08765],[136.92453,37.08624],[136.9233,37.08721],[136.92321,37.08778],[136.92334,37.08807],[136.92501,37.08791],[136.92544,37.08809],[136.9255,37.08792]]]},"properties":{"key":"17202086004","name":"和倉町ひばり一丁目","pref":"石川県","prefCode":"17","municipality":"七尾市","areaM2":29171.473,"population":0,"toponymIds":["17-3b1d736726"]}},{"type":"Feature","geometry":{"type":"Polygon","coordinates":[[[136.44502,36.40606],[136.44438,36.40435],[136.44413,36.4044],[136.444,36.40405],[136.44354,36.40416],[136.44429,36.40625],[136.44462,36.40627],[136.44502,36.40606]]]},"properties":{"key":"17203038001","name":"芦田町一丁目","pref":"石川県","prefCode":"17","municipality":"小松市","areaM2":15953.137,"population":83,"toponymIds":["17-80643ead2a"]}},{"type":"Feature","geometry":{"type":"Polygon","coordinates":[[[136.45539,36.41924],[136.45619,36.41911],[136.45689,36.41934],[136.45665,36.41892],[136.4575,36.41884],[136.45743,36.41836],[136.45674,36.41801],[136.45809,36.41657],[136.45653,36.41554],[136.45569,36.41604],[136.45614,36.41653],[136.45521,36.41774],[136.45479,36.41776],[136.45297,36.41721],[136.45295,36.41815],[136.45478,36.41869],[136.45476,36.41935],[136.45539,36.41924]]]},"properties":{"key":"172030030","name":"梅田町","pref":"石川県","prefCode":"17","municipality":"小松市","areaM2":85634.702,"population":380,"toponymIds":["17-0b67ddf701"]}},{"type":"Feature","geometry":{"type":"Polygon","coordinates":[[[136.52817,36.42642],[136.52898,36.42657],[136.52968,36.42633],[136.53023,36.42633],[136.53044,36.4261],[136.53026,36.42563],[136.52983,36.42524],[136.53029,36.42469],[136.52842,36.42141],[136.52786,36.42072],[136.52635,36.41965],[136.52234,36.41826],[136.52232,36.42221],[136.52311,36.42225],[136.52305,36.42477],[136.52349,36.42449],[136.52378,36.42456],[136.52418,36.42588],[136.52642,36.42689],[136.52817,36.42642]]]},"properties":{"key":"172031940","name":"上八里町","pref":"石川県","prefCode":"17","municipality":"小松市","areaM2":438258.355,"population":159,"toponymIds":["17-cf5db40392"]}},{"type":"Feature","geometry":{"type":"Polygon","coordinates":[[[136.45344,36.40844],[136.45342,36.40817],[136.45177,36.40812],[136.45173,36.40876],[136.45244,36.40882],[136.45245,36.40923],[136.45352,36.4092],[136.45344,36.40844]]]},"properties":{"key":"172030180","name":"新鍛冶町","pref":"石川県","prefCode":"17","municipality":"小松市","areaM2":15666.604,"population":69,"toponymIds":["17-9dbcc4c466"]}},{"type":"Feature","geometry":{"type":"Polygon","coordinates":[[[136.44618,36.33762],[136.44642,36.33708],[136.44618,36.3372],[136.44546,36.33677],[136.44506,36.33758],[136.44414,36.33854],[136.44331,36.33923],[136.44157,36.34014],[136.44115,36.34096],[136.44019,36.34148],[136.4401,36.34192],[136.44024,36.3424],[136.44009,36.34275],[136.43874,36.34314],[136.4383,36.34337],[136.43798,36.34383],[136.43854,36.34557],[136.44092,36.35144],[136.44557,36.35072],[136.44552,36.35028],[136.45013,36.34974],[136.45115,36.34914],[136.45041,36.34738],[136.44922,36.34566],[136.44717,36.34377],[136.44858,36.34264],[136.44844,36.34187],[136.44879,36.34056],[136.44758,36.34031],[136.44705,36.33952],[136.44687,36.3387],[136.44623,36.33841],[136.44618,36.33762]]]},"properties":{"key":"172032770","name":"津波倉町","pref":"石川県","prefCode":"17","municipality":"小松市","areaM2":1097260.081,"population":339,"toponymIds":["17-7635e5db30","17-f39a1e51df"]}},{"type":"Feature","geometry":{"type":"Polygon","coordinates":[[[136.44556,36.3235],[136.44583,36.32054],[136.44639,36.31827],[136.44645,36.31632],[136.44567,36.31115],[136.44428,36.30658],[136.44407,36.30614],[136.44332,36.30535],[136.44162,36.30729],[136.44038,36.30822],[136.43965,36.30846],[136.4372,36.31049],[136.43649,36.31136],[136.43547,36.31359],[136.43475,36.31472],[136.43444,36.31559],[136.43324,36.31753],[136.43241,36.31924],[136.43262,36.3199],[136.43238,36.32085],[136.43248,36.32141],[136.43264,36.32162],[136.43354,36.32203],[136.43264,36.3233],[136.43491,36.32443],[136.43534,36.32381],[136.4357,36.32382],[136.43665,36.32291],[136.43786,36.32221],[136.4384,36.32173],[136.4387,36.32169],[136.43985,36.32071],[136.44329,36.32214],[136.44556,36.3235]]]},"properties":{"key":"172032820","name":"馬場町","pref":"石川県","prefCode":"17","municipality":"小松市","areaM2":1632258.91,"population":158,"toponymIds":["17-2b78db4b5c","17-a221f8f4ed"]}},{"type":"Feature","geometry":{"type":"Polygon","coordinates":[[[136.44257,36.40408],[136.44343,36.40388],[136.44354,36.40416],[136.44395,36.40406],[136.44346,36.40265],[136.44098,36.40324],[136.4413,36.40437],[136.44257,36.40408]]]},"properties":{"key":"172030680","name":"古河町","pref":"石川県","prefCode":"17","municipality":"小松市","areaM2":30823.287,"population":217,"toponymIds":["17-efcfb85f71"]}},{"type":"Feature","geometry":{"type":"Polygon","coordinates":[[[136.44765,36.40165],[136.44767,36.40047],[136.44785,36.40043],[136.44771,36.40005],[136.44703,36.40023],[136.44717,36.40057],[136.44696,36.40145],[136.44696,36.40162],[136.44765,36.40165]]]},"properties":{"key":"172030750","name":"本鍛冶町","pref":"石川県","prefCode":"17","municipality":"小松市","areaM2":9742.979,"population":67,"toponymIds":["17-d48d587acd"]}},{"type":"Feature","geometry":{"type":"Polygon","coordinates":[[[137.08354,37.42483],[137.0852,37.42513],[137.08559,37.42504],[137.08612,37.42453],[137.08661,37.42374],[137.08705,37.42359],[137.08941,37.42435],[137.09054,37.42441],[137.09142,37.42464],[137.09186,37.42321],[137.09244,37.42298],[137.09376,37.422],[137.09492,37.42185],[137.09526,37.42166],[137.09572,37.42099],[137.09622,37.41948],[137.09696,37.41848],[137.09613,37.41754],[137.09482,37.41648],[137.09414,37.41755],[137.09432,37.41896],[137.09391,37.41976],[137.09251,37.42015],[137.09206,37.42002],[137.09024,37.41886],[137.08974,37.41821],[137.08974,37.42112],[137.08483,37.42114],[137.08459,37.42139],[137.08339,37.42194],[137.08284,37.42291],[137.0825,37.42395],[137.08213,37.42437],[137.08144,37.42474],[137.0813,37.42502],[137.08173,37.42612],[137.08188,37.42583],[137.08268,37.42522],[137.08354,37.42483]]]},"properties":{"key":"17204077020","name":"町野町粟蔵","pref":"石川県","prefCode":"17","municipality":"輪島市","areaM2":487287.262,"population":144,"toponymIds":["17-61eb3e39c9"]}},{"type":"Feature","geometry":{"type":"Polygon","coordinates":[[[137.09796,37.39884],[137.09639,37.39556],[137.09729,37.39501],[137.09816,37.39421],[137.09814,37.3929],[137.09828,37.39261],[137.10029,37.39173],[137.10437,37.39092],[137.10466,37.39008],[137.10481,37.38854],[137.10468,37.38808],[137.10225,37.38649],[137.10039,37.38628],[137.09985,37.38587],[137.09682,37.38741],[137.0965,37.38774],[137.09531,37.38838],[137.0941,37.38953],[137.09367,37.38972],[137.09355,37.39082],[137.09219,37.39376],[137.09198,37.39452],[137.09195,37.39529],[137.09217,37.39593],[137.09201,37.3971],[137.09796,37.39884]]]},"properties":{"key":"17204077038","name":"町野町麦生野","pref":"石川県","prefCode":"17","municipality":"輪島市","areaM2":796179.47,"population":34,"toponymIds":["17-188ef9b05b","17-aec686d11a"]}},{"type":"Feature","geometry":{"type":"Polygon","coordinates":[[[136.72476,37.29485],[136.72454,37.29478],[136.72423,37.29424],[136.72407,37.29431],[136.72441,37.2952],[136.72476,37.29485]]]},"properties":{"key":"172041160","name":"門前町鹿磯","pref":"石川県","prefCode":"17","municipality":"輪島市","areaM2":2497.687,"population":0,"toponymIds":["17-ac60d2d905","17-c02c53ca45"]}},{"type":"Feature","geometry":{"type":"Polygon","coordinates":[[[136.76297,37.27007],[136.76327,37.26994],[136.76312,37.26976],[136.76227,37.26932],[136.7613,37.26855],[136.76082,37.26847],[136.76071,37.26803],[136.7611,37.26749],[136.76063,37.26587],[136.76088,37.26532],[136.76148,37.26485],[136.76216,37.26466],[136.76248,37.26402],[136.76383,37.26378],[136.76211,37.26279],[136.76165,37.26244],[136.76148,37.26205],[136.76132,37.26144],[136.76137,37.26057],[136.76232,37.25833],[136.76162,37.25652],[136.76098,37.25556],[136.75881,37.25446],[136.75806,37.25365],[136.75663,37.25488],[136.75482,37.25732],[136.75341,37.25998],[136.75254,37.26188],[136.7518,37.26431],[136.75151,37.26552],[136.75159,37.26661],[136.75211,37.26733],[136.75481,37.26986],[136.75571,37.27138],[136.75619,37.27274],[136.75636,37.27501],[136.7584,37.27462],[136.7592,37.27416],[136.75979,37.2736],[136.76024,37.27281],[136.7608,37.27093],[136.76297,37.27007]]]},"properties":{"key":"172041370","name":"門前町猿橋","pref":"石川県","prefCode":"17","municipality":"輪島市","areaM2":1463755.218,"population":12,"toponymIds":["17-86857c0e40","17-d21c4ccc71"]}},{"type":"Feature","geometry":{"type":"Polygon","coordinates":[[[136.71447,37.23246],[136.71631,37.23231],[136.71983,37.23303],[136.72031,37.23297],[136.72309,37.2318],[136.72397,37.23161],[136.72693,37.23178],[136.73243,37.227],[136.73013,37.22692],[136.72894,37.22659],[136.72289,37.22273],[136.72038,37.22164],[136.71511,37.21993],[136.715,37.22025],[136.7145,37.22076],[136.71319,37.22107],[136.71279,37.22138],[136.71285,37.22169],[136.71266,37.22229],[136.71106,37.22249],[136.71071,37.22304],[136.71009,37.22319],[136.71035,37.22326],[136.71145,37.22299],[136.71187,37.22344],[136.71138,37.22481],[136.71128,37.22685],[136.71142,37.22854],[136.71116,37.22964],[136.71124,37.23249],[136.7116,37.23417],[136.71276,37.23317],[136.71355,37.23272],[136.71447,37.23246]]]},"properties":{"key":"172040820","name":"門前町馬場","pref":"石川県","prefCode":"17","municipality":"輪島市","areaM2":1763952.89,"population":77,"toponymIds":["17-9349d404a4","17-ca84e8bc50"]}},{"type":"Feature","geometry":{"type":"Polygon","coordinates":[[[136.78003,37.28986],[136.78007,37.28956],[136.78091,37.28961],[136.78111,37.28831],[136.78028,37.28823],[136.78065,37.2858],[136.7824,37.28394],[136.78463,37.28332],[136.7839,37.28201],[136.78213,37.28033],[136.77995,37.2779],[136.777,37.27583],[136.77651,37.27848],[136.7752,37.28311],[136.776,37.28468],[136.77725,37.28598],[136.77883,37.28807],[136.7785,37.28813],[136.77825,37.28874],[136.77758,37.28926],[136.77736,37.28992],[136.77686,37.29012],[136.77876,37.29129],[136.7798,37.29101],[136.78003,37.28986]]]},"properties":{"key":"172041280","name":"門前町深田","pref":"石川県","prefCode":"17","municipality":"輪島市","areaM2":661812.528,"population":184,"toponymIds":["17-8771ac3297"]}},{"type":"Feature","geometry":{"type":"Polygon","coordinates":[[[136.9047,37.38525],[136.90615,37.38523],[136.90677,37.3824],[136.90662,37.38089],[136.90583,37.37946],[136.90494,37.37838],[136.90467,37.37749],[136.90466,37.3769],[136.90579,37.37551],[136.90597,37.37487],[136.90581,37.37329],[136.90516,37.37128],[136.90579,37.37088],[136.89518,37.36747],[136.89444,37.36526],[136.893,37.36413],[136.89258,37.36557],[136.89246,37.36743],[136.89429,37.36909],[136.89449,37.37021],[136.89297,37.37118],[136.89206,37.37313],[136.89279,37.37341],[136.8975,37.37748],[136.89878,37.37841],[136.90096,37.38175],[136.90174,37.38227],[136.90265,37.38238],[136.90344,37.38319],[136.90388,37.38335],[136.90372,37.38471],[136.9047,37.38525]]]},"properties":{"key":"172040330","name":"山岸町","pref":"石川県","prefCode":"17","municipality":"輪島市","areaM2":1390572.015,"population":288,"toponymIds":["17-7dbba36118","17-114ad46587"]}},{"type":"Feature","geometry":{"type":"Polygon","coordinates":[[[136.33846,36.32172],[136.33893,36.32157],[136.33912,36.32129],[136.33947,36.32114],[136.34147,36.32085],[136.34132,36.32025],[136.34085,36.32009],[136.34053,36.31963],[136.34186,36.3198],[136.34169,36.31928],[136.34197,36.31909],[136.34194,36.3185],[136.33278,36.31632],[136.33277,36.31695],[136.33227,36.31815],[136.33284,36.3184],[136.33406,36.32062],[136.33411,36.32118],[136.33501,36.32118],[136.33559,36.32145],[136.33706,36.32171],[136.33846,36.32172]]]},"properties":{"key":"172061240","name":"大菅波町","pref":"石川県","prefCode":"17","municipality":"加賀市","areaM2":326594.052,"population":273,"toponymIds":["17-d5b8e17e9a","17-e082da2ef3"]}},{"type":"Feature","geometry":{"type":"Polygon","coordinates":[[[136.31565,36.35411],[136.31506,36.35384],[136.3152,36.35317],[136.31606,36.35324],[136.316,36.35364],[136.31621,36.35366],[136.31641,36.35253],[136.316,36.35142],[136.31559,36.3513],[136.3158,36.35081],[136.31501,36.348],[136.31539,36.34712],[136.31465,36.34597],[136.31431,36.34459],[136.31421,36.34332],[136.31295,36.34047],[136.31208,36.34145],[136.31051,36.34376],[136.31006,36.34482],[136.31017,36.34563],[136.30991,36.34594],[136.31056,36.34586],[136.3106,36.34641],[136.31014,36.34664],[136.31022,36.34697],[136.31198,36.34914],[136.31176,36.35073],[136.3119,36.35148],[136.31257,36.35212],[136.31374,36.35261],[136.31388,36.35254],[136.31409,36.35284],[136.31442,36.35283],[136.31445,36.35349],[136.31483,36.35323],[136.31511,36.35326],[136.31501,36.35387],[136.31565,36.35411]]]},"properties":{"key":"172061580","name":"小塩町","pref":"石川県","prefCode":"17","municipality":"加賀市","areaM2":433961.34,"population":439,"toponymIds":["17-73bd44db80"]}},{"type":"Feature","geometry":{"type":"Polygon","coordinates":[[[136.36339,36.35033],[136.36382,36.35013],[136.36364,36.35002],[136.36566,36.34703],[136.36546,36.34677],[136.36631,36.34631],[136.3678,36.34746],[136.36724,36.34693],[136.36739,36.34683],[136.36756,36.34702],[136.36927,36.34564],[136.36909,36.34554],[136.36935,36.34516],[136.369,36.34496],[136.36914,36.34483],[136.3683,36.34413],[136.36887,36.34364],[136.37063,36.34399],[136.37101,36.34374],[136.37103,36.34407],[136.37125,36.34392],[136.37152,36.34417],[136.37156,36.34404],[136.37135,36.34393],[136.3716,36.34404],[136.37162,36.34426],[136.37187,36.34428],[136.37266,36.34386],[136.37244,36.34293],[136.37211,36.34294],[136.37206,36.34256],[136.37086,36.34263],[136.37084,36.34238],[136.36978,36.34244],[136.36974,36.34201],[136.36817,36.34211],[136.36807,36.34122],[136.36734,36.34127],[136.36742,36.34165],[136.36647,36.34183],[136.36671,36.34206],[136.36683,36.34271],[136.3663,36.34317],[136.36542,36.34356],[136.36416,36.343],[136.36164,36.34248],[136.36147,36.34302],[136.36122,36.34311],[136.36032,36.34289],[136.35997,36.34295],[136.35992,36.34323],[136.36028,36.34358],[136.35969,36.34439],[136.36175,36.34567],[136.36165,36.34597],[136.36214,36.34692],[136.36156,36.34826],[136.3622,36.34865],[136.36164,36.34924],[136.36202,36.34957],[136.36242,36.34935],[136.36273,36.34947],[136.36235,36.34993],[136.36294,36.35059],[136.3632,36.35073],[136.36339,36.35033]]]},"properties":{"key":"172061130","name":"片山津温泉","pref":"石川県","prefCode":"17","municipality":"加賀市","areaM2":476182.913,"population":1225,"toponymIds":["17-480b2ee478"]}},{"type":"Feature","geometry":{"type":"Polygon","coordinates":[[[136.38522,36.30924],[136.38521,36.30767],[136.38786,36.30765],[136.38782,36.30649],[136.39045,36.30642],[136.39054,36.30491],[136.38791,36.30496],[136.38814,36.30233],[136.3853,36.30335],[136.38427,36.30525],[136.38201,36.30693],[136.38204,36.30756],[136.38245,36.30828],[136.38309,36.30874],[136.38479,36.3089],[136.38522,36.30924]]]},"properties":{"key":"172061020","name":"河原町","pref":"石川県","prefCode":"17","municipality":"加賀市","areaM2":269026.727,"population":136,"toponymIds":["17-9703cc2fc9","17-498292bee1"]}},{"type":"Feature","geometry":{"type":"Polygon","coordinates":[[[136.34838,36.32339],[136.34905,36.32307],[136.3491,36.3227],[136.34938,36.3226],[136.34899,36.32245],[136.3494,36.32165],[136.34897,36.32137],[136.34995,36.32123],[136.34997,36.32043],[136.35073,36.32061],[136.35118,36.31925],[136.35098,36.31913],[136.35138,36.31828],[136.35107,36.3182],[136.3511,36.31775],[136.35027,36.31769],[136.35038,36.31612],[136.34522,36.31588],[136.34516,36.31729],[136.33923,36.3171],[136.33913,36.31783],[136.34575,36.31943],[136.34611,36.31997],[136.34505,36.31981],[136.34483,36.32046],[136.34438,36.32069],[136.34464,36.32081],[136.34513,36.32043],[136.34554,36.3204],[136.34601,36.32071],[136.34596,36.32107],[136.34668,36.32097],[136.34818,36.32163],[136.3483,36.32186],[136.34779,36.32298],[136.34729,36.32347],[136.34776,36.32387],[136.34838,36.32339]]]},"properties":{"key":"172061220","name":"小菅波町","pref":"石川県","prefCode":"17","municipality":"加賀市","areaM2":387334.732,"population":739,"toponymIds":["17-c12b45f383","17-4d9020af46"]}},{"type":"Feature","geometry":{"type":"Polygon","coordinates":[[[136.30675,36.30888],[136.30645,36.3085],[136.30564,36.30826],[136.3052,36.30795],[136.30529,36.30768],[136.30626,36.30756],[136.30647,36.30739],[136.30622,36.30681],[136.30531,36.30682],[136.30497,36.30667],[136.30491,36.3063],[136.30517,36.30604],[136.30508,36.30585],[136.30452,36.30583],[136.3019,36.30474],[136.30052,36.30457],[136.2984,36.304],[136.29807,36.30383],[136.2981,36.30361],[136.29723,36.30321],[136.29819,36.30483],[136.29816,36.30548],[136.29737,36.30682],[136.2974,36.30863],[136.29719,36.30874],[136.29675,36.30865],[136.29612,36.30689],[136.29545,36.3065],[136.29514,36.30597],[136.2949,36.30504],[136.29439,36.30442],[136.2937,36.30393],[136.29276,36.30377],[136.29181,36.30403],[136.2902,36.30491],[136.28927,36.30572],[136.29501,36.30923],[136.30173,36.31242],[136.30281,36.31276],[136.30318,36.31282],[136.30253,36.31245],[136.30283,36.31209],[136.30471,36.3119],[136.3058,36.31142],[136.30601,36.30969],[136.30676,36.30935],[136.30675,36.30888]]]},"properties":{"key":"172060750","name":"大聖寺荻生町","pref":"石川県","prefCode":"17","municipality":"加賀市","areaM2":806528.556,"population":57,"toponymIds":["17-4855db3b1b","17-d721d0b309"]}},{"type":"Feature","geometry":{"type":"Polygon","coordinates":[[[136.31176,36.30595],[136.31238,36.30566],[136.31303,36.30602],[136.31346,36.3057],[136.3129,36.30495],[136.31235,36.3051],[136.31227,36.30489],[136.31117,36.30542],[136.3114,36.30596],[136.31176,36.30595]]]},"properties":{"key":"172060310","name":"大聖寺鍛冶町","pref":"石川県","prefCode":"17","municipality":"加賀市","areaM2":15120.605,"population":27,"toponymIds":["17-ecf7c73aff"]}},{"type":"Feature","geometry":{"type":"Polygon","coordinates":[[[136.32138,36.3072],[136.32169,36.30688],[136.32177,36.30646],[136.32212,36.30639],[136.32224,36.30547],[136.32216,36.30079],[136.31756,36.30112],[136.31666,36.3021],[136.32091,36.305],[136.32072,36.3057],[136.32048,36.30573],[136.32044,36.30621],[136.31985,36.3062],[136.31987,36.30664],[136.3202,36.30659],[136.3202,36.30681],[136.32046,36.30683],[136.32049,36.30742],[136.32138,36.3072]]]},"properties":{"key":"172060650","name":"大聖寺菅生","pref":"石川県","prefCode":"17","municipality":"加賀市","areaM2":188664.577,"population":141,"toponymIds":["17-91d257e539","17-b3ce5d8d68"]}},{"type":"Feature","geometry":{"type":"Polygon","coordinates":[[[136.32018,36.30743],[136.32021,36.30718],[136.32049,36.30718],[136.32046,36.30683],[136.3202,36.30681],[136.3202,36.30659],[136.31938,36.30664],[136.3192,36.30692],[136.31888,36.30676],[136.3188,36.30699],[136.31841,36.30712],[136.31854,36.30806],[136.32018,36.30743]]]},"properties":{"key":"172060410","name":"大聖寺菅生町","pref":"石川県","prefCode":"17","municipality":"加賀市","areaM2":17186.183,"population":57,"toponymIds":["17-10aaf5a736"]}},{"type":"Feature","geometry":{"type":"Polygon","coordinates":[[[136.30778,36.3065],[136.30817,36.30643],[136.30839,36.30696],[136.30935,36.30666],[136.30833,36.30482],[136.30765,36.30511],[136.30765,36.30497],[136.30665,36.30522],[136.30528,36.30507],[136.30596,36.30674],[136.30622,36.30681],[136.30644,36.30726],[136.30633,36.3066],[136.30778,36.3065]]]},"properties":{"key":"172060010","name":"大聖寺馬場町","pref":"石川県","prefCode":"17","municipality":"加賀市","areaM2":52554.327,"population":171,"toponymIds":["17-b71ec62699"]}},{"type":"Feature","geometry":{"type":"Polygon","coordinates":[[[136.3095,36.34439],[136.31007,36.3436],[136.31024,36.34252],[136.31,36.34231],[136.31021,36.34177],[136.30978,36.34153],[136.30943,36.34059],[136.30943,36.34017],[136.30963,36.33986],[136.3089,36.33988],[136.30889,36.33958],[136.30814,36.33937],[136.30868,36.33916],[136.30874,36.33885],[136.30759,36.33883],[136.30792,36.33849],[136.30768,36.33814],[136.30656,36.33742],[136.3065,36.3368],[136.30759,36.3365],[136.30772,36.33634],[136.30756,36.3359],[136.30728,36.33636],[136.30697,36.33631],[136.30694,36.33609],[136.30671,36.33602],[136.3062,36.33655],[136.30565,36.33655],[136.30525,36.33702],[136.30372,36.33749],[136.30341,36.33775],[136.30373,36.33842],[136.30082,36.34047],[136.30291,36.34158],[136.30267,36.3421],[136.30189,36.34241],[136.30326,36.34265],[136.30457,36.34362],[136.30468,36.34396],[136.30426,36.34439],[136.30357,36.34436],[136.30363,36.34491],[136.30513,36.34428],[136.30565,36.34422],[136.30617,36.34482],[136.30816,36.34535],[136.3095,36.34439]]]},"properties":{"key":"172061600","name":"深田町","pref":"石川県","prefCode":"17","municipality":"加賀市","areaM2":472115.576,"population":169,"toponymIds":["17-2c1f9a82b0","17-1e49dabb0e"]}},{"type":"Feature","geometry":{"type":"Polygon","coordinates":[[[136.37574,36.24526],[136.37562,36.24444],[136.37492,36.24386],[136.37351,36.24397],[136.37333,36.24416],[136.37355,36.24469],[136.37392,36.24462],[136.37444,36.24529],[136.37485,36.2462],[136.37592,36.24599],[136.37574,36.24526]]]},"properties":{"key":"172061920","name":"山中温泉河鹿町","pref":"石川県","prefCode":"17","municipality":"加賀市","areaM2":34374.056,"population":85,"toponymIds":["17-1c00945b9e"]}},{"type":"Feature","geometry":{"type":"Polygon","coordinates":[[[136.36999,36.23645],[136.37085,36.23635],[136.37138,36.23476],[136.37196,36.23375],[136.37166,36.23355],[136.37052,36.23378],[136.36984,36.23417],[136.36949,36.23464],[136.36939,36.23409],[136.37066,36.23183],[136.37047,36.23167],[136.36936,36.23226],[136.36918,36.23101],[136.36896,36.23053],[136.36876,36.2303],[136.3669,36.22936],[136.36698,36.22894],[136.3658,36.22842],[136.36483,36.22854],[136.36389,36.22825],[136.36331,36.22756],[136.36321,36.22722],[136.36295,36.22721],[136.36267,36.22756],[136.36176,36.2274],[136.36055,36.22892],[136.36029,36.22965],[136.36042,36.22997],[136.36102,36.23005],[136.36141,36.23051],[136.36166,36.2317],[136.36231,36.23189],[136.36348,36.23288],[136.36507,36.23385],[136.36683,36.23421],[136.36708,36.2346],[136.36714,36.23526],[136.36769,36.23576],[136.36831,36.23667],[136.36832,36.23698],[136.36999,36.23645]]]},"properties":{"key":"172062130","name":"山中温泉菅谷町","pref":"石川県","prefCode":"17","municipality":"加賀市","areaM2":502276.761,"population":563,"toponymIds":["17-d44ffae5e0","17-2832732f90"]}},{"type":"Feature","geometry":{"type":"Polygon","coordinates":[[[136.41351,36.2601],[136.41158,36.2599],[136.41044,36.2595],[136.40909,36.25865],[136.40795,36.25745],[136.40736,36.25614],[136.40718,36.25446],[136.40535,36.25533],[136.40492,36.25604],[136.4047,36.25683],[136.40431,36.25733],[136.40411,36.25856],[136.40294,36.2615],[136.40122,36.26411],[136.40164,36.26374],[136.40236,36.26449],[136.40335,36.26456],[136.40625,36.26312],[136.40751,36.26387],[136.40819,36.26387],[136.40981,36.26262],[136.41319,36.26104],[136.41351,36.2601]]]},"properties":{"key":"172062230","name":"山中温泉菅生谷町","pref":"石川県","prefCode":"17","municipality":"加賀市","areaM2":541218.692,"population":20,"toponymIds":["17-a27f9f2d14","17-1da90ee4e0"]}},{"type":"Feature","geometry":{"type":"Polygon","coordinates":[[[136.82001,36.90736],[136.82132,36.90736],[136.82135,36.90505],[136.82249,36.90503],[136.82297,36.89935],[136.82424,36.89829],[136.82325,36.89788],[136.82311,36.89814],[136.82286,36.89799],[136.8227,36.89817],[136.82282,36.89833],[136.82245,36.89898],[136.82252,36.89974],[136.8214,36.90205],[136.81997,36.90238],[136.81884,36.90365],[136.81674,36.90397],[136.81656,36.90453],[136.8166,36.90512],[136.81624,36.90511],[136.81614,36.90677],[136.81767,36.90672],[136.81774,36.90759],[136.82001,36.90736]]]},"properties":{"key":"172070420","name":"垣内田町","pref":"石川県","prefCode":"17","municipality":"羽咋市","areaM2":266578.759,"population":55,"toponymIds":["17-cfb28f6330","17-474571cc2e"]}},{"type":"Feature","geometry":{"type":"Polygon","coordinates":[[[136.82643,36.94743],[136.82662,36.94668],[136.82764,36.94621],[136.82786,36.94536],[136.82863,36.9441],[136.82838,36.94374],[136.82913,36.94268],[136.82752,36.94206],[136.82911,36.93977],[136.82687,36.93836],[136.82623,36.93759],[136.82628,36.93743],[136.82285,36.93593],[136.82501,36.9327],[136.82608,36.93316],[136.82645,36.93276],[136.82642,36.93166],[136.82716,36.93095],[136.82641,36.93033],[136.82603,36.92869],[136.82618,36.92804],[136.82682,36.92737],[136.82659,36.92722],[136.82566,36.92781],[136.82461,36.92769],[136.80231,36.9179],[136.79927,36.9166],[136.79802,36.91624],[136.79797,36.91601],[136.79871,36.91518],[136.79822,36.91504],[136.79759,36.91565],[136.79725,36.91563],[136.79576,36.91407],[136.79434,36.91293],[136.79311,36.91416],[136.79318,36.91465],[136.79391,36.91434],[136.79453,36.91449],[136.80052,36.9205],[136.80038,36.92106],[136.79927,36.92294],[136.80185,36.92386],[136.80319,36.92379],[136.80404,36.92409],[136.80795,36.92698],[136.80505,36.92853],[136.80415,36.92987],[136.8031,36.92927],[136.80332,36.92896],[136.8028,36.92878],[136.80247,36.92951],[136.80216,36.9297],[136.80221,36.93021],[136.80139,36.93022],[136.80107,36.93091],[136.80061,36.9313],[136.80075,36.93205],[136.80117,36.9325],[136.80147,36.9335],[136.80181,36.93403],[136.80292,36.93501],[136.80338,36.93512],[136.80382,36.93548],[136.80419,36.9355],[136.80458,36.93689],[136.8052,36.93762],[136.80532,36.93805],[136.80633,36.93848],[136.80718,36.93947],[136.80846,36.93959],[136.80865,36.93988],[136.80869,36.94088],[136.80911,36.94157],[136.80988,36.94134],[136.81083,36.94139],[136.81159,36.94107],[136.81188,36.94178],[136.81304,36.94165],[136.81452,36.94247],[136.81607,36.94245],[136.81664,36.94275],[136.81764,36.94291],[136.81927,36.94393],[136.82065,36.94418],[136.82152,36.94496],[136.82216,36.94528],[136.82274,36.94706],[136.82255,36.94773],[136.8227,36.94783],[136.82311,36.94737],[136.82376,36.94774],[136.82446,36.94842],[136.82537,36.94885],[136.8259,36.94848],[136.82643,36.94743]]]},"properties":{"key":"172070570","name":"鹿島路町","pref":"石川県","prefCode":"17","municipality":"羽咋市","areaM2":4695819.459,"population":476,"toponymIds":["17-57b3f1b959","17-62966a0bd7","17-14e00df257"]}},{"type":"Feature","geometry":{"type":"Polygon","coordinates":[[[136.78321,36.89808],[136.78355,36.89594],[136.78352,36.89477],[136.78247,36.89211],[136.78073,36.89254],[136.78102,36.8932],[136.78096,36.89364],[136.78062,36.89406],[136.78001,36.89394],[136.78035,36.89466],[136.78049,36.89469],[136.78051,36.89534],[136.77979,36.89585],[136.77945,36.89653],[136.77963,36.89661],[136.77899,36.89741],[136.77925,36.89769],[136.78037,36.89801],[136.78212,36.8981],[136.78168,36.89871],[136.78314,36.89851],[136.78321,36.89808]]]},"properties":{"key":"172070010","name":"川原町","pref":"石川県","prefCode":"17","municipality":"羽咋市","areaM2":183218.213,"population":388,"toponymIds":["17-1e5c2e668b"]}},{"type":"Feature","geometry":{"type":"Polygon","coordinates":[[[136.86975,36.88378],[136.87188,36.8838],[136.87292,36.884],[136.87416,36.8819],[136.87439,36.88173],[136.87478,36.8817],[136.87717,36.88224],[136.87847,36.88217],[136.87882,36.88196],[136.87968,36.88058],[136.8809,36.88023],[136.88146,36.87987],[136.88236,36.87971],[136.88272,36.87863],[136.88271,36.87736],[136.88312,36.87665],[136.88216,36.87577],[136.8818,36.87564],[136.88145,36.87473],[136.88018,36.87371],[136.88006,36.873],[136.87909,36.87202],[136.87905,36.87153],[136.878,36.87004],[136.87772,36.86916],[136.87589,36.86741],[136.87325,36.86767],[136.87235,36.86887],[136.87026,36.87038],[136.86961,36.87014],[136.86815,36.87091],[136.86515,36.87078],[136.86473,36.87155],[136.86402,36.87172],[136.86261,36.87301],[136.86222,36.87353],[136.86185,36.87448],[136.86101,36.8752],[136.86073,36.87576],[136.86037,36.87602],[136.86034,36.87662],[136.85937,36.87731],[136.85928,36.87784],[136.85888,36.87833],[136.86029,36.87865],[136.86095,36.87948],[136.86116,36.87962],[136.86168,36.87959],[136.86174,36.87988],[136.86247,36.88017],[136.86247,36.88058],[136.86224,36.88086],[136.8625,36.88183],[136.86285,36.88174],[136.86363,36.88197],[136.86495,36.88249],[136.86559,36.88296],[136.86675,36.88268],[136.86769,36.88327],[136.86975,36.88378]]]},"properties":{"key":"172070400","name":"菅池町","pref":"石川県","prefCode":"17","municipality":"羽咋市","areaM2":2451866.48,"population":59,"toponymIds":["17-521ac0be08","17-538f47964d"]}},{"type":"Feature","geometry":{"type":"Polygon","coordinates":[[[136.78575,36.89396],[136.78335,36.89421],[136.78356,36.89573],[136.78314,36.89851],[136.78659,36.89762],[136.78886,36.89682],[136.79053,36.89574],[136.79132,36.89503],[136.78575,36.89396]]]},"properties":{"key":"172070020","name":"東川原町","pref":"石川県","prefCode":"17","municipality":"羽咋市","areaM2":220135.858,"population":527,"toponymIds":["17-15d853797e","17-299a39373f","17-88667345a0","17-51c43774a5","17-e54f29dfb3"]}},{"type":"Feature","geometry":{"type":"Polygon","coordinates":[[[136.79434,36.88814],[136.79385,36.88697],[136.7945,36.8848],[136.79333,36.88271],[136.7927,36.8826],[136.79262,36.88225],[136.79192,36.88235],[136.79194,36.88204],[136.79001,36.8821],[136.78919,36.88479],[136.78684,36.88432],[136.78677,36.88373],[136.78813,36.87928],[136.78893,36.87889],[136.7907,36.8792],[136.79069,36.879],[136.79194,36.879],[136.79077,36.8748],[136.79088,36.87383],[136.78877,36.8741],[136.78565,36.87559],[136.78378,36.87551],[136.78392,36.87313],[136.78347,36.87308],[136.78402,36.86947],[136.78599,36.86728],[136.78471,36.86472],[136.78243,36.86496],[136.78248,36.86535],[136.78057,36.86615],[136.77775,36.86658],[136.77827,36.86882],[136.77775,36.86916],[136.77834,36.8697],[136.7785,36.87195],[136.77972,36.87181],[136.77991,36.87277],[136.77861,36.87293],[136.77912,36.87847],[136.78018,36.882],[136.77971,36.8818],[136.77878,36.88203],[136.77861,36.88171],[136.77824,36.88169],[136.77288,36.88272],[136.7742,36.88799],[136.77502,36.88815],[136.77515,36.88864],[136.77658,36.88936],[136.77787,36.88952],[136.77779,36.88918],[136.77997,36.88964],[136.78116,36.88959],[136.78135,36.88952],[136.78127,36.88939],[136.78312,36.88869],[136.78353,36.88926],[136.78512,36.88837],[136.78894,36.88792],[136.78783,36.89157],[136.79091,36.89215],[136.79098,36.89292],[136.79434,36.88814]]]},"properties":{"key":"172070230","name":"兵庫町","pref":"石川県","prefCode":"17","municipality":"羽咋市","areaM2":2739353.193,"population":642,"toponymIds":["17-523f8079e9"]}},{"type":"Feature","geometry":{"type":"Polygon","coordinates":[[[136.71352,36.71318],[136.71364,36.71279],[136.71441,36.71283],[136.71708,36.71213],[136.71922,36.71092],[136.72044,36.71012],[136.72061,36.70903],[136.72022,36.70872],[136.71659,36.707],[136.71695,36.7065],[136.71636,36.70623],[136.71649,36.70591],[136.71303,36.70493],[136.70966,36.70366],[136.7095,36.70381],[136.70675,36.70328],[136.70652,36.70565],[136.7065,36.70822],[136.70625,36.70898],[136.7075,36.70955],[136.70941,36.71078],[136.70986,36.71166],[136.71025,36.71208],[136.71203,36.71331],[136.71265,36.7141],[136.71289,36.71415],[136.71318,36.71396],[136.71352,36.71318]]]},"properties":{"key":"172090030","name":"狩鹿野","pref":"石川県","prefCode":"17","municipality":"かほく市","areaM2":876685.276,"population":390,"toponymIds":["17-b6b2875d5d"]}},{"type":"Feature","geometry":{"type":"Polygon","coordinates":[[[136.74887,36.78114],[136.74901,36.78007],[136.74952,36.77928],[136.75173,36.77755],[136.75262,36.77706],[136.75219,36.77635],[136.75218,36.77591],[136.75239,36.77543],[136.75183,36.77389],[136.75152,36.77385],[136.75143,36.77421],[136.75108,36.77355],[136.7499,36.77255],[136.74739,36.7733],[136.74762,36.77371],[136.74489,36.77562],[136.74499,36.77586],[136.74477,36.77594],[136.74478,36.77611],[136.74505,36.77718],[136.74392,36.77813],[136.74384,36.77866],[136.74436,36.7793],[136.74494,36.7793],[136.74509,36.78052],[136.74887,36.78114]]]},"properties":{"key":"172090380","name":"夏栗","pref":"石川県","prefCode":"17","municipality":"かほく市","areaM2":452578.747,"population":129,"toponymIds":["17-60008e0cb7"]}},{"type":"Feature","geometry":{"type":"Polygon","coordinates":[[[136.51148,36.50616],[136.50964,36.50163],[136.50654,36.50248],[136.50695,36.50336],[136.50715,36.50333],[136.50749,36.50418],[136.50722,36.50436],[136.50801,36.50641],[136.50967,36.50577],[136.51003,36.50666],[136.51148,36.50616]]]},"properties":{"key":"172102320","name":"鹿島平","pref":"石川県","prefCode":"17","municipality":"白山市","areaM2":142437.388,"population":1087,"toponymIds":["17-07150aeb9d"]}},{"type":"Feature","geometry":{"type":"Polygon","coordinates":[[[136.50483,36.50764],[136.50655,36.50731],[136.50801,36.50641],[136.50722,36.50436],[136.50749,36.50418],[136.50715,36.50333],[136.50695,36.50336],[136.50654,36.50248],[136.50964,36.50163],[136.51151,36.50623],[136.51207,36.50607],[136.51129,36.50427],[136.51208,36.50404],[136.51064,36.50048],[136.51007,36.50062],[136.50995,36.50036],[136.50861,36.49699],[136.50908,36.49683],[136.50747,36.49694],[136.50293,36.49815],[136.50334,36.49911],[136.50104,36.49972],[136.5014,36.50065],[136.50042,36.50091],[136.49976,36.50141],[136.49926,36.50147],[136.49526,36.50402],[136.49517,36.50422],[136.49547,36.50454],[136.4962,36.50469],[136.49638,36.50543],[136.49733,36.50562],[136.49748,36.50588],[136.49735,36.50644],[136.49826,36.50673],[136.4984,36.50734],[136.49941,36.50738],[136.49924,36.50754],[136.49966,36.50785],[136.49971,36.50844],[136.50041,36.50863],[136.50072,36.50893],[136.50314,36.50913],[136.50414,36.50843],[136.50448,36.50784],[136.50483,36.50764]]]},"properties":{"key":"172102280","name":"鹿島町","pref":"石川県","prefCode":"17","municipality":"白山市","areaM2":1046661.341,"population":698,"toponymIds":["17-5ca677afcf","17-d17afd452c"]}},{"type":"Feature","geometry":{"type":"Polygon","coordinates":[[[136.64443,36.31551],[136.64549,36.31542],[136.64745,36.31596],[136.64777,36.3155],[136.64781,36.31508],[136.64741,36.31424],[136.64669,36.31328],[136.64427,36.3115],[136.64288,36.30897],[136.64155,36.307],[136.64124,36.30589],[136.63879,36.3032],[136.63837,36.30151],[136.63915,36.30052],[136.63832,36.29829],[136.63608,36.29747],[136.63574,36.29667],[136.63548,36.29498],[136.63442,36.2946],[136.63257,36.29293],[136.63126,36.29265],[136.62937,36.29193],[136.62873,36.29268],[136.6281,36.29414],[136.62728,36.29464],[136.6275,36.2959],[136.62655,36.29697],[136.62623,36.29761],[136.62642,36.29914],[136.62626,36.29977],[136.62584,36.30024],[136.62598,36.30088],[136.62587,36.30171],[136.62614,36.30221],[136.62608,36.3029],[136.6257,36.30395],[136.62445,36.30481],[136.6243,36.30518],[136.62439,36.30583],[136.62482,36.30663],[136.6252,36.30716],[136.62629,36.30806],[136.62678,36.30875],[136.62847,36.30927],[136.6307,36.3105],[136.63236,36.31288],[136.63483,36.31284],[136.63617,36.31325],[136.6364,36.31321],[136.6368,36.31248],[136.63695,36.31244],[136.63864,36.31451],[136.63922,36.3169],[136.64226,36.31581],[136.64443,36.31551]]]},"properties":{"key":"172103240","name":"河原山町","pref":"石川県","prefCode":"17","municipality":"白山市","areaM2":2748978.119,"population":119,"toponymIds":["17-e81074833d","17-0b0db89523"]}},{"type":"Feature","geometry":{"type":"Polygon","coordinates":[[[136.55259,36.56328],[136.55359,36.56233],[136.55442,36.56276],[136.55503,36.56329],[136.55626,36.56258],[136.55581,36.56207],[136.55877,36.56039],[136.55801,36.55981],[136.55807,36.55906],[136.55855,36.55906],[136.55823,36.55705],[136.55808,36.55705],[136.55802,36.55486],[136.55585,36.55479],[136.55631,36.55206],[136.5541,36.55233],[136.5505,36.55221],[136.54832,36.55292],[136.54881,36.55396],[136.54857,36.55539],[136.54667,36.55616],[136.5464,36.55647],[136.54662,36.55707],[136.54647,36.55761],[136.54721,36.55778],[136.54764,36.55806],[136.54861,36.559],[136.54871,36.55973],[136.54932,36.55971],[136.54975,36.55988],[136.54999,36.56064],[136.55134,36.56187],[136.55158,36.56174],[136.55152,36.56204],[136.55192,36.56275],[136.55259,36.56328]]]},"properties":{"key":"172101090","name":"倉部町","pref":"石川県","prefCode":"17","municipality":"白山市","areaM2":899670.693,"population":369,"toponymIds":["17-8fdea20239","17-ef18c7f9d3"]}},{"type":"Feature","geometry":{"type":"Polygon","coordinates":[[[136.57249,36.51379],[136.56893,36.51128],[136.56709,36.51026],[136.56756,36.51352],[136.56754,36.51373],[136.56725,36.51371],[136.56714,36.51402],[136.56714,36.51489],[136.57067,36.51468],[136.57161,36.5144],[136.57249,36.51379]]]},"properties":{"key":"17210031001","name":"倉光一丁目","pref":"石川県","prefCode":"17","municipality":"白山市","areaM2":137091.461,"population":350,"toponymIds":["17-c004caaadc","17-1190aa116d"]}},{"type":"Feature","geometry":{"type":"Polygon","coordinates":[[[136.5694,36.49446],[136.57006,36.49385],[136.57132,36.49387],[136.57148,36.49374],[136.57164,36.49387],[136.57351,36.49387],[136.57361,36.49346],[136.57409,36.49355],[136.57407,36.49183],[136.57544,36.49172],[136.57865,36.48732],[136.57991,36.48792],[136.58033,36.48732],[136.58096,36.48761],[136.58073,36.48537],[136.57981,36.48568],[136.57883,36.48704],[136.57754,36.48644],[136.57598,36.48863],[136.57416,36.48779],[136.57503,36.48658],[136.57546,36.4868],[136.57616,36.4858],[136.57484,36.48484],[136.57362,36.48561],[136.57179,36.48814],[136.57011,36.48753],[136.56757,36.48976],[136.56784,36.49001],[136.56706,36.49069],[136.5663,36.49109],[136.56523,36.49449],[136.5649,36.49467],[136.56512,36.49486],[136.56489,36.49507],[136.56529,36.49517],[136.56504,36.49557],[136.56807,36.49554],[136.5694,36.49446]]]},"properties":{"key":"172101360","name":"菅波町","pref":"石川県","prefCode":"17","municipality":"白山市","areaM2":698558.947,"population":160,"toponymIds":["17-f694574c3b","17-cf6db2eabd"]}},{"type":"Feature","geometry":{"type":"Polygon","coordinates":[[[136.56324,36.52242],[136.56343,36.52178],[136.56375,36.5218],[136.56376,36.52193],[136.56412,36.52177],[136.56427,36.51995],[136.56363,36.51991],[136.5636,36.52019],[136.56109,36.52001],[136.56092,36.52132],[136.56197,36.5214],[136.56191,36.52177],[136.56125,36.52164],[136.56129,36.52232],[136.56204,36.5222],[136.56324,36.52242]]]},"properties":{"key":"17210006001","name":"馬場一丁目","pref":"石川県","prefCode":"17","municipality":"白山市","areaM2":62037.948,"population":157,"toponymIds":["17-e9a9a9898a"]}},{"type":"Feature","geometry":{"type":"Polygon","coordinates":[[[136.54534,36.45533],[136.54579,36.45513],[136.54632,36.45533],[136.54684,36.45531],[136.54681,36.45494],[136.5464,36.45495],[136.54569,36.45377],[136.54554,36.45306],[136.5456,36.45121],[136.54417,36.45131],[136.54333,36.45113],[136.54284,36.45078],[136.54191,36.44967],[136.54147,36.45128],[136.54097,36.45119],[136.54085,36.45158],[136.5403,36.45148],[136.54014,36.45191],[136.53771,36.45149],[136.53759,36.452],[136.53803,36.45224],[136.5392,36.45243],[136.5393,36.45292],[136.54321,36.45374],[136.54368,36.45358],[136.54402,36.45406],[136.5445,36.45395],[136.54486,36.45476],[136.54476,36.45507],[136.54504,36.45513],[136.54518,36.45537],[136.54534,36.45533]]]},"properties":{"key":"172110530","name":"倉重町","pref":"石川県","prefCode":"17","municipality":"能美市","areaM2":179242.915,"population":224,"toponymIds":["17-8742666820","17-26866dedff"]}},{"type":"Feature","geometry":{"type":"Polygon","coordinates":[[[136.45503,36.44387],[136.45526,36.44354],[136.45581,36.44399],[136.45598,36.44384],[136.45553,36.44345],[136.45584,36.44319],[136.45605,36.44326],[136.45604,36.44302],[136.45644,36.44297],[136.46046,36.44329],[136.46181,36.44358],[136.46178,36.43567],[136.46169,36.4359],[136.45898,36.43518],[136.45466,36.4349],[136.45218,36.43497],[136.45255,36.43559],[136.45255,36.43742],[136.45277,36.43741],[136.45328,36.43958],[136.45098,36.44057],[136.44995,36.44123],[136.45132,36.4424],[136.45117,36.44251],[136.45418,36.44505],[136.45503,36.44387]]]},"properties":{"key":"172110270","name":"下ノ江町","pref":"石川県","prefCode":"17","municipality":"能美市","areaM2":812958.31,"population":1345,"toponymIds":["17-638c417d3f"]}},{"type":"Feature","geometry":{"type":"Polygon","coordinates":[[[136.61666,36.524],[136.61649,36.52313],[136.61511,36.52325],[136.615,36.52397],[136.61525,36.52522],[136.6148,36.52528],[136.61487,36.52561],[136.61437,36.52572],[136.61458,36.52813],[136.61445,36.53036],[136.61788,36.52992],[136.61666,36.524]]]},"properties":{"key":"172120120","name":"菅原町","pref":"石川県","prefCode":"17","municipality":"野々市市","areaM2":173209.838,"population":1473,"toponymIds":["17-9bcf9adbe5"]}},{"type":"Feature","geometry":{"type":"Polygon","coordinates":[[[136.7259,37.31869],[136.7345,37.31793],[136.73993,37.31684],[136.74147,37.3163],[136.7407,37.31453],[136.7411,37.3137],[136.7408,37.31109],[136.74133,37.30951],[136.74132,37.30899],[136.74095,37.3083],[136.74045,37.30789],[136.73954,37.30752],[136.73921,37.30705],[136.73946,37.30359],[136.73998,37.30132],[136.72691,37.30115],[136.72672,37.3012],[136.72659,37.30151],[136.72634,37.30151],[136.72645,37.30162],[136.72631,37.30173],[136.72615,37.30155],[136.72589,37.30171],[136.72582,37.3021],[136.72557,37.30198],[136.72539,37.30216],[136.7251,37.30213],[136.72491,37.3023],[136.72496,37.30249],[136.72425,37.30281],[136.72436,37.30335],[136.72476,37.30349],[136.72508,37.30345],[136.72551,37.30312],[136.72542,37.30345],[136.7258,37.30337],[136.7254,37.30369],[136.72541,37.30398],[136.72577,37.3039],[136.72594,37.30357],[136.7259,37.30382],[136.7262,37.30377],[136.72605,37.30401],[136.72638,37.30405],[136.72662,37.30455],[136.72705,37.30463],[136.72701,37.30483],[136.72759,37.30507],[136.72773,37.3054],[136.72761,37.30592],[136.72667,37.30705],[136.72631,37.30717],[136.72604,37.30708],[136.72614,37.3072],[136.72573,37.30733],[136.72549,37.30723],[136.72582,37.30715],[136.72563,37.30696],[136.72518,37.30695],[136.72477,37.30722],[136.72459,37.30715],[136.72462,37.30691],[136.72416,37.30689],[136.72421,37.3071],[136.72368,37.3075],[136.72399,37.3078],[136.72383,37.30824],[136.72448,37.30858],[136.7243,37.30892],[136.72475,37.30926],[136.72409,37.30949],[136.72407,37.31002],[136.7244,37.31023],[136.72478,37.31016],[136.7246,37.31035],[136.72486,37.31059],[136.72496,37.31114],[136.72461,37.31312],[136.72423,37.31373],[136.72364,37.31422],[136.72418,37.31436],[136.72352,37.31452],[136.72373,37.31472],[136.72353,37.31522],[136.72416,37.3157],[136.72423,37.31646],[136.72438,37.31658],[136.72415,37.31695],[136.72442,37.31728],[136.72435,37.31756],[136.72404,37.3177],[136.72415,37.31782],[136.72394,37.31789],[136.72402,37.31812],[136.72359,37.3188],[136.7259,37.31869]]]},"properties":{"key":"172041170","name":"門前町深見","pref":"石川県","prefCode":"17","municipality":"輪島市","areaM2":2541752.288,"population":56,"toponymIds":["17-95d0dc1a1d"]}},{"type":"Feature","geometry":{"type":"Polygon","coordinates":[[[136.71252,37.24154],[136.71494,37.23901],[136.7158,37.23763],[136.71771,37.23414],[136.71786,37.23357],[136.71775,37.23267],[136.71577,37.23229],[136.71355,37.23272],[136.71276,37.23317],[136.71133,37.23458],[136.70884,37.23548],[136.70768,37.23618],[136.70827,37.2397],[136.70891,37.24117],[136.70935,37.24167],[136.70971,37.24191],[136.71024,37.24164],[136.71125,37.24148],[136.71252,37.24154]]]},"properties":{"key":"172040830","name":"門前町上代","pref":"石川県","prefCode":"17","municipality":"輪島市","areaM2":586857.685,"population":4,"toponymIds":["17-f8dbaec680"]}},{"type":"Feature","geometry":{"type":"Polygon","coordinates":[[[137.27111,37.45305],[137.27141,37.4528],[137.27196,37.45276],[137.27266,37.45327],[137.27314,37.45336],[137.27445,37.45297],[137.27485,37.453],[137.27564,37.45359],[137.27632,37.4535],[137.27701,37.45378],[137.27766,37.45435],[137.27849,37.45447],[137.27895,37.45431],[137.27956,37.45356],[137.2809,37.45238],[137.28105,37.44894],[137.28154,37.44637],[137.28298,37.4474],[137.28346,37.44724],[137.28385,37.44682],[137.28397,37.44656],[137.28387,37.44613],[137.28409,37.44599],[137.28561,37.44204],[137.28514,37.44193],[137.28516,37.44178],[137.28511,37.44194],[137.28451,37.4417],[137.28433,37.44184],[137.2839,37.4417],[137.2839,37.44158],[137.28386,37.44172],[137.28367,37.4417],[137.28263,37.44131],[137.28245,37.44144],[137.28193,37.44115],[137.28188,37.44128],[137.28164,37.44125],[137.28137,37.44115],[137.28139,37.44102],[137.28118,37.44115],[137.28082,37.44102],[137.28085,37.44089],[137.28075,37.44101],[137.28028,37.44089],[137.28034,37.44073],[137.28015,37.44089],[137.27976,37.44067],[137.27938,37.44074],[137.27913,37.44064],[137.27919,37.44048],[137.27906,37.44066],[137.27854,37.44043],[137.27849,37.44055],[137.27788,37.44042],[137.27791,37.44027],[137.27785,37.44044],[137.27721,37.4403],[137.27717,37.44016],[137.27709,37.4403],[137.27683,37.44029],[137.27645,37.44006],[137.27641,37.44016],[137.27529,37.43995],[137.27522,37.43974],[137.27515,37.43985],[137.2748,37.43979],[137.27455,37.43958],[137.27414,37.43959],[137.27399,37.43975],[137.27417,37.43951],[137.27378,37.43935],[137.26983,37.43805],[137.26936,37.43882],[137.26903,37.43869],[137.26761,37.44057],[137.26757,37.44121],[137.26736,37.44129],[137.26724,37.44179],[137.26723,37.44249],[137.26638,37.44454],[137.26628,37.44577],[137.26594,37.44616],[137.2654,37.44632],[137.26548,37.44791],[137.2661,37.44937],[137.26601,37.45031],[137.26631,37.45143],[137.26833,37.45426],[137.26921,37.45583],[137.26947,37.45513],[137.27,37.45485],[137.26981,37.45451],[137.27066,37.45402],[137.27111,37.45305]]]},"properties":{"key":"172050050","name":"野々江町","pref":"石川県","prefCode":"17","municipality":"珠洲市","areaM2":2196898.362,"population":881,"toponymIds":["17-4c5ae685c4"]}},{"type":"Feature","geometry":{"type":"Polygon","coordinates":[[[136.91143,37.37504],[136.91348,37.37472],[136.91384,37.37441],[136.91394,37.37325],[136.91519,37.37266],[136.91701,37.37225],[136.91599,37.37131],[136.91376,37.37113],[136.91196,37.37044],[136.91116,37.37039],[136.91033,37.37059],[136.90917,37.37012],[136.90864,37.37068],[136.90623,37.37068],[136.90516,37.37128],[136.90602,37.37437],[136.90579,37.37551],[136.90466,37.3769],[136.90472,37.37786],[136.90662,37.38089],[136.90954,37.38069],[136.90899,37.38054],[136.90884,37.38034],[136.90965,37.37749],[136.91143,37.37504]]]},"properties":{"key":"172040340","name":"横地町","pref":"石川県","prefCode":"17","municipality":"輪島市","areaM2":638825.999,"population":192,"toponymIds":["17-ee43837202"]}},{"type":"Feature","geometry":{"type":"Polygon","coordinates":[[[136.96852,37.3777],[136.96884,37.37697],[136.9695,37.37671],[136.97,37.37625],[136.97013,37.37555],[136.96943,37.37517],[136.9689,37.37433],[136.96795,37.37434],[136.96798,37.3735],[136.96766,37.37285],[136.96832,37.37226],[136.96836,37.37145],[136.96803,37.37088],[136.96813,37.37],[136.97004,37.36771],[136.97058,37.36769],[136.97093,37.36803],[136.97172,37.36817],[136.97281,37.36869],[136.97302,37.36863],[136.97322,37.36794],[136.97375,37.3673],[136.97364,37.36681],[136.97243,37.36631],[136.97162,37.36641],[136.97091,37.36567],[136.97094,37.36519],[136.97056,37.36407],[136.97118,37.36334],[136.97131,37.36259],[136.9701,37.361],[136.97081,37.35998],[136.9715,37.35946],[136.97228,37.35839],[136.97267,37.35727],[136.97345,37.35687],[136.97496,37.35702],[136.97499,37.3562],[136.97578,37.35546],[136.97573,37.35518],[136.97631,37.35393],[136.97631,37.35312],[136.97587,37.35223],[136.97619,37.35198],[136.97699,37.35181],[136.97761,37.35105],[136.97828,37.35068],[136.97859,37.35027],[136.97916,37.3501],[136.97936,37.34981],[136.97928,37.34928],[136.9782,37.34859],[136.97754,37.34793],[136.97746,37.34766],[136.9778,37.34696],[136.97706,37.34657],[136.97638,37.34669],[136.97506,37.34609],[136.97507,37.3454],[136.97463,37.34478],[136.97519,37.34441],[136.975,37.34377],[136.97546,37.34355],[136.97552,37.34332],[136.97475,37.34224],[136.97405,37.34188],[136.9727,37.34169],[136.97236,37.34063],[136.97153,37.34037],[136.97143,37.34014],[136.97138,37.33992],[136.97176,37.33982],[136.97186,37.33937],[136.97038,37.33881],[136.96771,37.33921],[136.96473,37.3393],[136.96471,37.33953],[136.96451,37.33956],[136.96347,37.33883],[136.96175,37.33814],[136.96024,37.33795],[136.95978,37.33746],[136.95768,37.33749],[136.95559,37.33674],[136.95241,37.33871],[136.95138,37.33954],[136.95082,37.34041],[136.95076,37.34099],[136.95098,37.34246],[136.95216,37.34301],[136.95555,37.34332],[136.95677,37.3438],[136.9574,37.3444],[136.95744,37.34475],[136.95673,37.3463],[136.95722,37.34665],[136.95737,37.34714],[136.95726,37.34751],[136.9578,37.34876],[136.95763,37.34944],[136.95715,37.35013],[136.95561,37.35088],[136.955,37.35163],[136.95334,37.35267],[136.95323,37.35363],[136.95275,37.35456],[136.95261,37.35519],[136.95231,37.35493],[136.95225,37.35442],[136.95188,37.3541],[136.95149,37.35398],[136.95087,37.3541],[136.95041,37.35386],[136.95043,37.35351],[136.95085,37.35297],[136.95079,37.35245],[136.95034,37.35226],[136.94977,37.3525],[136.94894,37.35201],[136.94812,37.35226],[136.94774,37.35189],[136.94751,37.35119],[136.94756,37.35091],[136.94716,37.35023],[136.94585,37.34916],[136.94525,37.34836],[136.9447,37.3481],[136.94383,37.34729],[136.94078,37.34574],[136.93888,37.34455],[136.93841,37.34337],[136.9377,37.34259],[136.93707,37.34147],[136.93486,37.33927],[136.93305,37.33666],[136.93271,37.33709],[136.93103,37.33779],[136.92957,37.33777],[136.92889,37.3384],[136.92635,37.33991],[136.92601,37.34004],[136.92432,37.34002],[136.92299,37.34082],[136.92252,37.34129],[136.92243,37.34162],[136.92305,37.34286],[136.92309,37.34324],[136.92288,37.34358],[136.91938,37.34456],[136.91794,37.34588],[136.91697,37.34766],[136.91786,37.34968],[136.91786,37.35006],[136.91871,37.3511],[136.92003,37.35216],[136.92117,37.35364],[136.9207,37.35445],[136.9181,37.35515],[136.91792,37.35687],[136.91717,37.35736],[136.91684,37.35791],[136.91686,37.35814],[136.91578,37.35845],[136.91317,37.35833],[136.91182,37.35806],[136.91145,37.35857],[136.91042,37.35935],[136.90849,37.3589],[136.90782,37.35902],[136.90722,37.35963],[136.90718,37.36053],[136.90732,37.36116],[136.90706,37.36177],[136.90553,37.36334],[136.9051,37.36418],[136.9051,37.36475],[136.90531,37.36501],[136.90623,37.36501],[136.90714,37.36551],[136.90771,37.36603],[136.9088,37.36749],[136.90917,37.37012],[136.91033,37.37059],[136.91116,37.37039],[136.91196,37.37044],[136.91376,37.37113],[136.91599,37.37131],[136.91701,37.37225],[136.91805,37.3722],[136.91887,37.37195],[136.92008,37.37118],[136.92035,37.37116],[136.92142,37.37145],[136.92336,37.3712],[136.92519,37.37167],[136.92573,37.37211],[136.92685,37.37188],[136.9275,37.37203],[136.92778,37.37277],[136.92741,37.37402],[136.92774,37.37535],[136.92871,37.37594],[136.92992,37.37608],[136.93282,37.37691],[136.93397,37.37689],[136.93635,37.37628],[136.93668,37.37576],[136.93735,37.37527],[136.93815,37.37473],[136.93894,37.37445],[136.93928,37.37378],[136.93961,37.37352],[136.94126,37.37265],[136.94171,37.37174],[136.94243,37.37106],[136.94436,37.37033],[136.94556,37.37063],[136.94607,37.37127],[136.94817,37.37175],[136.9487,37.37151],[136.95032,37.37132],[136.95049,37.37157],[136.95092,37.37168],[136.95097,37.3719],[136.95186,37.37222],[136.95262,37.37207],[136.95305,37.37244],[136.95368,37.37224],[136.95486,37.37282],[136.95538,37.37248],[136.95567,37.37248],[136.95569,37.37355],[136.95627,37.3739],[136.95621,37.37431],[136.95648,37.37481],[136.95673,37.37489],[136.95717,37.37451],[136.9575,37.37449],[136.95794,37.37491],[136.95789,37.37557],[136.959,37.37606],[136.95976,37.37611],[136.96002,37.37565],[136.96117,37.37554],[136.96127,37.37577],[136.96087,37.37655],[136.96094,37.37714],[136.96129,37.3773],[136.96476,37.3779],[136.96578,37.37791],[136.96613,37.37762],[136.96689,37.37762],[136.96788,37.378],[136.96852,37.3777]]]},"properties":{"key":"172040350","name":"石休場町","pref":"石川県","prefCode":"17","municipality":"輪島市","areaM2":18303618.466,"population":103,"toponymIds":["17-65d740b245"]}},{"type":"Feature","geometry":{"type":"Polygon","coordinates":[[[136.95275,37.35456],[136.95323,37.35363],[136.95334,37.35267],[136.955,37.35163],[136.95561,37.35088],[136.95715,37.35013],[136.95763,37.34944],[136.9578,37.34876],[136.95726,37.34751],[136.95737,37.34714],[136.95722,37.34665],[136.95673,37.3463],[136.95747,37.34458],[136.95677,37.3438],[136.95555,37.34332],[136.95216,37.34301],[136.95098,37.34246],[136.95076,37.34099],[136.95082,37.34041],[136.95138,37.33954],[136.95241,37.33871],[136.95559,37.33674],[136.95648,37.33568],[136.95697,37.33481],[136.95744,37.33329],[136.9574,37.33252],[136.95691,37.33089],[136.95652,37.32986],[136.95597,37.329],[136.95512,37.32834],[136.95255,37.32737],[136.95188,37.32654],[136.95118,37.32449],[136.95115,37.32241],[136.94957,37.32244],[136.94907,37.3223],[136.9467,37.32079],[136.94535,37.31948],[136.94449,37.31947],[136.93761,37.32159],[136.936,37.32293],[136.93428,37.32246],[136.93284,37.32229],[136.93197,37.32245],[136.93047,37.32356],[136.92883,37.32618],[136.92832,37.32668],[136.9273,37.32723],[136.92661,37.32741],[136.92604,37.32717],[136.92459,37.32605],[136.92257,37.32531],[136.92148,37.32555],[136.92029,37.32541],[136.91739,37.3245],[136.91584,37.32358],[136.91565,37.32487],[136.91556,37.32797],[136.91602,37.33045],[136.91756,37.33428],[136.91785,37.33607],[136.91813,37.33652],[136.92065,37.33799],[136.92031,37.33888],[136.92031,37.33959],[136.92077,37.34029],[136.9215,37.34041],[136.92275,37.33992],[136.92326,37.33988],[136.9238,37.34022],[136.92447,37.34001],[136.92601,37.34004],[136.92889,37.3384],[136.92957,37.33777],[136.93103,37.33779],[136.93271,37.33709],[136.93305,37.33666],[136.93486,37.33927],[136.93707,37.34147],[136.9377,37.34259],[136.93841,37.34337],[136.93888,37.34455],[136.94078,37.34574],[136.94383,37.34729],[136.9447,37.3481],[136.94525,37.34836],[136.94585,37.34916],[136.94716,37.35023],[136.94756,37.35091],[136.94751,37.35119],[136.94774,37.35189],[136.94812,37.35226],[136.94894,37.35201],[136.94977,37.3525],[136.95054,37.3523],[136.95084,37.35253],[136.95085,37.35297],[136.95038,37.35364],[136.9505,37.35394],[136.95106,37.35412],[136.95149,37.35398],[136.95188,37.3541],[136.95225,37.35442],[136.95231,37.35493],[136.95261,37.35519],[136.95275,37.35456]]]},"properties":{"key":"17204043004","name":"三井町仁行","pref":"石川県","prefCode":"17","municipality":"輪島市","areaM2":7711686.966,"population":136,"toponymIds":["17-e69a702f0b"]}},{"type":"Feature","geometry":{"type":"Polygon","coordinates":[[[136.88118,37.35186],[136.88242,37.35236],[136.88286,37.35294],[136.88325,37.35315],[136.88615,37.35368],[136.88614,37.35334],[136.88645,37.35277],[136.88704,37.35211],[136.88742,37.35102],[136.88754,37.35014],[136.88836,37.34932],[136.88852,37.34897],[136.8888,37.34763],[136.88875,37.34693],[136.8874,37.3432],[136.88696,37.34266],[136.88561,37.34169],[136.88482,37.34133],[136.88187,37.3391],[136.88069,37.33759],[136.88053,37.3359],[136.88083,37.33365],[136.88191,37.32901],[136.88179,37.32775],[136.88083,37.32497],[136.88094,37.32439],[136.88294,37.32281],[136.88384,37.3223],[136.88369,37.32202],[136.87931,37.32119],[136.87858,37.32174],[136.87797,37.32247],[136.8767,37.32282],[136.87566,37.32364],[136.87318,37.32437],[136.87115,37.32554],[136.86873,37.33021],[136.86913,37.33056],[136.86991,37.33081],[136.87089,37.33169],[136.87068,37.33265],[136.86897,37.33436],[136.86299,37.33829],[136.86219,37.33918],[136.86134,37.34055],[136.86504,37.34261],[136.86727,37.34496],[136.86917,37.34739],[136.86955,37.34862],[136.86915,37.34929],[136.8695,37.35055],[136.86941,37.35068],[136.86836,37.35084],[136.86852,37.35171],[136.86943,37.35291],[136.872,37.35414],[136.87265,37.35462],[136.87395,37.35668],[136.87389,37.35879],[136.87817,37.35961],[136.87887,37.35943],[136.87946,37.35903],[136.87964,37.35812],[136.8803,37.35688],[136.88018,37.35318],[136.88065,37.35269],[136.88084,37.35204],[136.88118,37.35186]]]},"properties":{"key":"172040180","name":"別所谷町","pref":"石川県","prefCode":"17","municipality":"輪島市","areaM2":5157495.039,"population":79,"toponymIds":["17-2d1efeb281"]}},{"type":"Feature","geometry":{"type":"Polygon","coordinates":[[[136.7897,37.36432],[136.79451,37.36469],[136.7959,37.36498],[136.79813,37.36452],[136.80577,37.36381],[136.80665,37.36398],[136.80792,37.36455],[136.80947,37.36377],[136.81017,37.36291],[136.81084,37.36281],[136.81203,37.36199],[136.81238,37.36123],[136.81198,37.35902],[136.8124,37.3584],[136.8124,37.3574],[136.81263,37.35702],[136.81223,37.35659],[136.81249,37.35585],[136.81217,37.35519],[136.81186,37.35496],[136.80983,37.35489],[136.80886,37.3547],[136.80746,37.35406],[136.80674,37.35347],[136.80613,37.35247],[136.80597,37.35183],[136.8056,37.34882],[136.80505,37.34838],[136.80238,37.34825],[136.80173,37.34796],[136.80105,37.34663],[136.80124,37.34595],[136.80179,37.34558],[136.80093,37.34547],[136.80042,37.34572],[136.79953,37.3457],[136.79774,37.34651],[136.79612,37.34767],[136.79435,37.34838],[136.79161,37.34678],[136.78787,37.34559],[136.78484,37.34852],[136.78476,37.34882],[136.78489,37.34933],[136.78575,37.35039],[136.78666,37.35068],[136.78684,37.3509],[136.78736,37.3542],[136.78736,37.35536],[136.78689,37.3559],[136.78618,37.35607],[136.78549,37.35651],[136.78389,37.35899],[136.78497,37.35943],[136.7897,37.36432]]]},"properties":{"key":"172040450","name":"西二又町","pref":"石川県","prefCode":"17","municipality":"輪島市","areaM2":3894964.89,"population":34,"toponymIds":["17-4472af47ab"]}},{"type":"Feature","geometry":{"type":"Polygon","coordinates":[[[137.16072,37.50187],[137.16158,37.50193],[137.1635,37.50256],[137.16448,37.50255],[137.16621,37.50291],[137.16648,37.50274],[137.16738,37.50279],[137.17033,37.5001],[137.16929,37.49959],[137.16735,37.49829],[137.16726,37.49549],[137.16667,37.49466],[137.16586,37.493],[137.1651,37.49249],[137.16266,37.49156],[137.16114,37.49219],[137.16018,37.4922],[137.15836,37.49116],[137.15531,37.48995],[137.15461,37.49005],[137.15374,37.49059],[137.15299,37.49056],[137.15246,37.48997],[137.15298,37.489],[137.15262,37.48823],[137.15345,37.48675],[137.1545,37.48645],[137.15562,37.48567],[137.15395,37.48597],[137.1497,37.48568],[137.15059,37.48694],[137.15069,37.48784],[137.15038,37.48896],[137.14976,37.48998],[137.14745,37.49175],[137.14638,37.49233],[137.1457,37.49322],[137.14561,37.49345],[137.14593,37.49493],[137.14596,37.4964],[137.14585,37.49674],[137.14495,37.49783],[137.14475,37.4991],[137.14518,37.49937],[137.14539,37.4992],[137.14529,37.4991],[137.14579,37.49892],[137.14601,37.49929],[137.14635,37.49909],[137.14656,37.4992],[137.14668,37.49891],[137.14689,37.49884],[137.1474,37.49908],[137.14752,37.49894],[137.14758,37.49916],[137.14777,37.49897],[137.15223,37.50023],[137.15282,37.50055],[137.15289,37.5004],[137.15148,37.49981],[137.15219,37.50001],[137.15239,37.49989],[137.15265,37.5002],[137.15448,37.50077],[137.15475,37.50112],[137.15544,37.50131],[137.15479,37.50107],[137.15434,37.50023],[137.15529,37.50038],[137.1551,37.50038],[137.15504,37.5007],[137.15528,37.50086],[137.15582,37.50039],[137.15674,37.50084],[137.15771,37.50107],[137.15781,37.50145],[137.15791,37.50135],[137.15846,37.50151],[137.15864,37.50138],[137.15916,37.50138],[137.15952,37.5016],[137.15988,37.50153],[137.16042,37.50166],[137.16046,37.50179],[137.16059,37.50171],[137.16072,37.50187]]]},"properties":{"key":"172050200","name":"長橋町","pref":"石川県","prefCode":"17","municipality":"珠洲市","areaM2":2214955.911,"population":79,"toponymIds":["17-8db883ccc1"]}},{"type":"Feature","geometry":{"type":"Polygon","coordinates":[[[137.09121,37.47662],[137.09154,37.47621],[137.09179,37.47637],[137.09145,37.4766],[137.09256,37.47615],[137.09273,37.47627],[137.09256,37.47636],[137.09277,37.47644],[137.09351,37.47639],[137.09328,37.47669],[137.09367,37.47673],[137.09332,37.47688],[137.09322,37.47717],[137.09387,37.47686],[137.09381,37.47657],[137.094,37.47682],[137.09467,37.47674],[137.09487,37.47698],[137.09509,37.47698],[137.09523,37.47739],[137.09589,37.47673],[137.097,37.47512],[137.09996,37.47357],[137.10017,37.47315],[137.10028,37.47178],[137.10113,37.47093],[137.10262,37.47053],[137.10436,37.47035],[137.10573,37.46976],[137.10656,37.46889],[137.10797,37.46642],[137.10904,37.46525],[137.11134,37.46387],[137.11302,37.46341],[137.11447,37.46257],[137.11546,37.46167],[137.11624,37.46051],[137.11518,37.46073],[137.1145,37.46048],[137.1143,37.4598],[137.11394,37.45928],[137.11403,37.45882],[137.11371,37.45806],[137.11422,37.45719],[137.11411,37.45702],[137.11321,37.45667],[137.11232,37.45596],[137.11055,37.45532],[137.10906,37.45435],[137.10807,37.45437],[137.10684,37.45359],[137.10489,37.4538],[137.10403,37.45346],[137.10295,37.45341],[137.10232,37.45296],[137.10101,37.45259],[137.10014,37.45331],[137.09852,37.45319],[137.09801,37.45333],[137.09754,37.45371],[137.09666,37.45388],[137.09609,37.45507],[137.09554,37.45531],[137.09517,37.45576],[137.09479,37.45671],[137.09429,37.45708],[137.09393,37.45777],[137.09351,37.45824],[137.09287,37.45857],[137.09279,37.45891],[137.09195,37.46012],[137.09147,37.46146],[137.09089,37.46249],[137.08994,37.463],[137.0894,37.46365],[137.08775,37.46467],[137.08599,37.46608],[137.08616,37.46683],[137.08604,37.46696],[137.08675,37.46695],[137.08631,37.46707],[137.08632,37.46726],[137.08646,37.46728],[137.0861,37.46733],[137.08634,37.46738],[137.08608,37.46757],[137.0867,37.46757],[137.08646,37.46777],[137.08662,37.46791],[137.08652,37.46803],[137.08679,37.46801],[137.08699,37.4678],[137.08702,37.46805],[137.08719,37.46802],[137.08712,37.46823],[137.08723,37.46826],[137.08709,37.46834],[137.08726,37.46852],[137.08774,37.46856],[137.08789,37.46884],[137.08771,37.46898],[137.08822,37.46924],[137.08823,37.47024],[137.08861,37.47036],[137.08887,37.47075],[137.08897,37.47069],[137.08907,37.47108],[137.08934,37.47106],[137.08922,37.47134],[137.09183,37.4718],[137.09228,37.47197],[137.0927,37.47245],[137.093,37.47414],[137.09265,37.47451],[137.09229,37.47443],[137.09223,37.47471],[137.0917,37.47497],[137.09164,37.47513],[137.09201,37.47507],[137.09166,37.4753],[137.0918,37.47539],[137.09102,37.47574],[137.09098,37.47585],[137.09117,37.47581],[137.09104,37.47593],[137.09137,37.47592],[137.09137,37.47609],[137.09103,37.47606],[137.09091,37.47629],[137.09137,37.47614],[137.09117,37.47635],[137.09121,37.47662]]]},"properties":{"key":"172050160","name":"真浦町","pref":"石川県","prefCode":"17","municipality":"珠洲市","areaM2":3803596.824,"population":47,"toponymIds":["17-7660f39bc2"]}},{"type":"Feature","geometry":{"type":"Polygon","coordinates":[[[137.07025,37.44943],[137.07091,37.44814],[137.07128,37.44773],[137.07311,37.44711],[137.07343,37.44682],[137.07353,37.44621],[137.07336,37.44529],[137.07165,37.44499],[137.07186,37.44428],[137.06977,37.44395],[137.06789,37.44321],[137.06601,37.44191],[137.06336,37.43975],[137.06183,37.4389],[137.05904,37.43807],[137.05758,37.43808],[137.05784,37.43861],[137.05787,37.44026],[137.05823,37.44114],[137.05867,37.44184],[137.06049,37.44369],[137.06073,37.44422],[137.06221,37.44489],[137.06303,37.44557],[137.06492,37.44647],[137.06577,37.44647],[137.0663,37.44682],[137.06841,37.4472],[137.06933,37.44759],[137.06962,37.44788],[137.07025,37.44943]]]},"properties":{"key":"17204077006","name":"町野町伏戸","pref":"石川県","prefCode":"17","municipality":"輪島市","areaM2":680720.027,"population":22,"toponymIds":["17-78f82d91cb"]}},{"type":"Feature","geometry":{"type":"Polygon","coordinates":[[[137.09482,37.41648],[137.09532,37.41537],[137.0946,37.41268],[137.09448,37.41054],[137.09458,37.41013],[137.09564,37.40895],[137.09571,37.40855],[137.09552,37.4081],[137.08791,37.40946],[137.08836,37.40985],[137.08874,37.41046],[137.08965,37.41258],[137.09033,37.41479],[137.0905,37.41682],[137.08974,37.41821],[137.09002,37.41865],[137.0906,37.41914],[137.09251,37.42015],[137.09391,37.41976],[137.09432,37.41896],[137.09414,37.41755],[137.09482,37.41648]]]},"properties":{"key":"17204077030","name":"町野町桶戸","pref":"石川県","prefCode":"17","municipality":"輪島市","areaM2":537194.009,"population":43,"toponymIds":["17-f4897584ea"]}},{"type":"Feature","geometry":{"type":"Polygon","coordinates":[[[137.03233,37.43414],[137.03324,37.43404],[137.0338,37.43333],[137.03478,37.43286],[137.03517,37.43227],[137.03501,37.43185],[137.0352,37.43161],[137.03598,37.43136],[137.03601,37.43082],[137.03654,37.43047],[137.03869,37.42987],[137.03974,37.42915],[137.04081,37.42804],[137.04127,37.42779],[137.04216,37.42776],[137.04342,37.42558],[137.04443,37.42433],[137.04549,37.42263],[137.04672,37.42206],[137.04936,37.42146],[137.05326,37.42141],[137.05326,37.42095],[137.05185,37.4194],[137.05075,37.41764],[137.05027,37.41743],[137.04952,37.41729],[137.04761,37.41757],[137.04629,37.41696],[137.04541,37.41787],[137.04498,37.41879],[137.04458,37.41897],[137.04357,37.41871],[137.0432,37.41894],[137.04176,37.41809],[137.03898,37.41695],[137.03797,37.41628],[137.03766,37.41573],[137.0373,37.41408],[137.03666,37.41302],[137.03584,37.41225],[137.03497,37.41242],[137.03414,37.41217],[137.03354,37.41247],[137.03297,37.41188],[137.03154,37.41164],[137.03061,37.4117],[137.02983,37.41204],[137.03063,37.41272],[137.03155,37.41388],[137.03331,37.41694],[137.03515,37.41889],[137.03553,37.41964],[137.03554,37.42017],[137.03487,37.42211],[137.03561,37.42333],[137.03577,37.42762],[137.03546,37.4287],[137.03509,37.42866],[137.0341,37.4297],[137.03282,37.4301],[137.03164,37.43091],[137.0307,37.4311],[137.02933,37.43237],[137.02871,37.43248],[137.03078,37.43349],[137.03186,37.43441],[137.03233,37.43414]]]},"properties":{"key":"172040690","name":"里町","pref":"石川県","prefCode":"17","municipality":"輪島市","areaM2":1760551.404,"population":151,"toponymIds":["17-a865f5f156"]}},{"type":"Feature","geometry":{"type":"Polygon","coordinates":[[[136.72156,36.71697],[136.72228,36.71705],[136.72165,36.71607],[136.72259,36.71607],[136.72711,36.71542],[136.72716,36.71563],[136.72781,36.71553],[136.72903,36.71631],[136.73082,36.71658],[136.73107,36.71679],[136.73296,36.71684],[136.73305,36.71638],[136.73346,36.71591],[136.73285,36.71556],[136.7325,36.71477],[136.73276,36.71473],[136.73322,36.71512],[136.73357,36.71502],[136.73362,36.71549],[136.73446,36.71573],[136.73457,36.71516],[136.73505,36.71508],[136.73566,36.71408],[136.73667,36.71337],[136.73644,36.71286],[136.73607,36.71256],[136.73594,36.71207],[136.73536,36.71184],[136.73466,36.71105],[136.73411,36.71069],[136.73333,36.71118],[136.73226,36.71156],[136.73254,36.71206],[136.73209,36.71223],[136.73132,36.71198],[136.73056,36.71144],[136.72802,36.7105],[136.7276,36.70969],[136.72682,36.70935],[136.72562,36.70953],[136.72507,36.70991],[136.72505,36.7102],[136.72449,36.71024],[136.72161,36.70968],[136.72059,36.70964],[136.72032,36.71022],[136.71708,36.71213],[136.71441,36.71283],[136.71364,36.71279],[136.71318,36.71396],[136.71289,36.71415],[136.71265,36.7141],[136.71441,36.71544],[136.715,36.71618],[136.71522,36.71679],[136.71745,36.7179],[136.71807,36.71785],[136.71872,36.71751],[136.72156,36.71697]]]},"properties":{"key":"172090070","name":"上山田","pref":"石川県","prefCode":"17","municipality":"かほく市","areaM2":1184859.938,"population":147,"toponymIds":["17-2c5b5f2e82"]}},{"type":"Feature","geometry":{"type":"Polygon","coordinates":[[[136.69918,36.27409],[136.69963,36.27408],[136.70166,36.27466],[136.70296,36.2746],[136.70334,36.27491],[136.70426,36.27508],[136.70507,36.27439],[136.7079,36.27435],[136.70928,36.27496],[136.71182,36.27398],[136.71342,36.2739],[136.71408,36.27341],[136.71426,36.27267],[136.71457,36.27223],[136.71534,36.27183],[136.71698,36.27154],[136.7175,36.2713],[136.71834,36.27046],[136.71968,36.2698],[136.72139,36.2679],[136.72235,36.26605],[136.72377,36.26556],[136.72445,36.2659],[136.72545,36.26598],[136.72613,36.26635],[136.72685,36.26617],[136.72703,36.26553],[136.72745,36.2651],[136.72812,36.26395],[136.7286,36.26363],[136.72914,36.26298],[136.72984,36.2629],[136.73055,36.26232],[136.73099,36.26109],[136.73099,36.25979],[136.73141,36.25922],[136.73317,36.25874],[136.73586,36.25872],[136.73692,36.25836],[136.73742,36.25836],[136.73758,36.25826],[136.73764,36.25748],[136.73789,36.25709],[136.74216,36.25588],[136.74313,36.25569],[136.74393,36.25581],[136.7447,36.25551],[136.74534,36.25506],[136.74658,36.2537],[136.74792,36.25297],[136.74815,36.25208],[136.74934,36.25194],[136.74986,36.25086],[136.75202,36.2499],[136.75193,36.24935],[136.7526,36.24859],[136.75228,36.24784],[136.7526,36.24732],[136.75254,36.24646],[136.75318,36.24602],[136.75415,36.2449],[136.75511,36.24439],[136.75487,36.24278],[136.75522,36.24177],[136.7561,36.24111],[136.75712,36.24105],[136.75723,36.24038],[136.75749,36.24002],[136.75855,36.24016],[136.75884,36.24006],[136.75955,36.23869],[136.75942,36.23788],[136.76015,36.2375],[136.76027,36.23638],[136.7626,36.23562],[136.76277,36.23549],[136.76279,36.23459],[136.76341,36.23441],[136.76377,36.23411],[136.76389,36.23374],[136.76347,36.2331],[136.76363,36.23279],[136.76404,36.23254],[136.76437,36.23205],[136.76503,36.232],[136.76562,36.23163],[136.76655,36.23156],[136.76758,36.2319],[136.76805,36.23175],[136.76781,36.229],[136.76818,36.22844],[136.76894,36.2282],[136.76995,36.22856],[136.77051,36.22849],[136.77156,36.22716],[136.77192,36.22715],[136.77322,36.22765],[136.77364,36.22704],[136.77537,36.2272],[136.77541,36.22561],[136.77582,36.22534],[136.77701,36.22515],[136.77713,36.22617],[136.77757,36.22637],[136.77799,36.22631],[136.77877,36.22606],[136.77942,36.22533],[136.78096,36.22512],[136.78156,36.22476],[136.78215,36.22388],[136.78319,36.22354],[136.78335,36.22293],[136.783,36.22209],[136.78308,36.21883],[136.78175,36.21693],[136.78146,36.21601],[136.78212,36.21466],[136.782,36.21349],[136.78211,36.21311],[136.78296,36.21195],[136.78297,36.21042],[136.78631,36.20932],[136.78676,36.20887],[136.78723,36.20796],[136.78783,36.20764],[136.78905,36.20749],[136.79013,36.20652],[136.79154,36.20607],[136.7931,36.20482],[136.79497,36.20473],[136.79821,36.20424],[136.80164,36.20474],[136.80204,36.20459],[136.80279,36.20392],[136.80369,36.20275],[136.80443,36.20214],[136.80423,36.20155],[136.80445,36.20083],[136.80434,36.19986],[136.80406,36.19928],[136.80376,36.19784],[136.80413,36.19723],[136.80435,36.19615],[136.80542,36.19506],[136.80564,36.19413],[136.80722,36.19247],[136.80689,36.19197],[136.80638,36.19021],[136.80576,36.18961],[136.80562,36.18922],[136.80389,36.18856],[136.80234,36.18775],[136.80208,36.18694],[136.80213,36.1858],[136.80052,36.18389],[136.79961,36.18111],[136.79988,36.18022],[136.80032,36.17944],[136.80039,36.17762],[136.80022,36.17684],[136.79957,36.17576],[136.7994,36.17462],[136.79893,36.17378],[136.79853,36.17258],[136.79698,36.17148],[136.79326,36.17062],[136.7914,36.1699],[136.7879,36.16702],[136.78639,36.16611],[136.78451,36.16583],[136.7829,36.16656],[136.77729,36.16649],[136.77664,36.16609],[136.77629,36.16558],[136.77548,36.16499],[136.77389,36.16421],[136.7723,36.16397],[136.77084,36.16403],[136.76977,36.16379],[136.76863,36.16419],[136.76733,36.16533],[136.76624,36.1666],[136.76568,36.16695],[136.76399,36.16716],[136.76268,36.1676],[136.7622,36.16888],[136.76167,36.16947],[136.76124,36.17032],[136.76,36.17045],[136.75884,36.1714],[136.75861,36.17141],[136.75727,36.17042],[136.75504,36.16919],[136.75317,36.16842],[136.75193,36.16684],[136.75062,36.16602],[136.74969,36.16574],[136.7497,36.16475],[136.74944,36.16447],[136.74716,36.16402],[136.74396,36.16388],[136.74207,36.16348],[136.74198,36.1632],[136.74221,36.16284],[136.74135,36.16269],[136.74046,36.16206],[136.7396,36.16113],[136.73981,36.16049],[136.73894,36.16003],[136.73778,36.15894],[136.73715,36.15801],[136.73655,36.15777],[136.73517,36.15824],[136.73401,36.15937],[136.73261,36.16004],[136.73249,36.16045],[136.73275,36.16154],[136.73252,36.162],[136.73239,36.16281],[136.73101,36.16409],[136.73002,36.1668],[136.7297,36.16713],[136.7288,36.16771],[136.72789,36.16767],[136.72757,36.16781],[136.7264,36.16937],[136.7253,36.16997],[136.72371,36.17045],[136.72241,36.17201],[136.72138,36.1724],[136.72056,36.17311],[136.71809,36.17346],[136.71566,36.17475],[136.71452,36.17572],[136.71375,36.17609],[136.71318,36.17992],[136.7123,36.1805],[136.71139,36.18054],[136.71078,36.18101],[136.71011,36.18105],[136.70945,36.18141],[136.70622,36.18178],[136.70534,36.18088],[136.70437,36.1804],[136.7037,36.17964],[136.70235,36.17941],[136.70161,36.17963],[136.701,36.17924],[136.70001,36.17931],[136.69872,36.17878],[136.69828,36.1798],[136.69805,36.17997],[136.69729,36.17935],[136.69628,36.17927],[136.69601,36.17872],[136.69489,36.17856],[136.69429,36.17896],[136.69341,36.17912],[136.69176,36.18039],[136.69135,36.18157],[136.6894,36.18249],[136.68917,36.18342],[136.68966,36.18452],[136.68894,36.18579],[136.68885,36.18628],[136.68778,36.18703],[136.6877,36.18748],[136.68822,36.18931],[136.68911,36.19071],[136.6892,36.19168],[136.6897,36.19191],[136.6899,36.19231],[136.69055,36.19223],[136.69095,36.1924],[136.69167,36.19383],[136.69166,36.19522],[136.69128,36.19581],[136.69153,36.19647],[136.69112,36.19757],[136.69137,36.19871],[136.69082,36.19921],[136.69065,36.20282],[136.6886,36.20294],[136.68639,36.20453],[136.68529,36.20413],[136.68441,36.20326],[136.68212,36.20307],[136.68175,36.20254],[136.68097,36.20295],[136.67863,36.20317],[136.67862,36.20399],[136.67825,36.20465],[136.6764,36.2064],[136.67655,36.20761],[136.67687,36.20823],[136.67662,36.20949],[136.6769,36.21019],[136.67694,36.2112],[136.67723,36.21205],[136.67696,36.21261],[136.6761,36.21324],[136.67596,36.2137],[136.67616,36.21409],[136.6768,36.21445],[136.67662,36.21527],[136.67732,36.21644],[136.67742,36.2173],[136.67867,36.21804],[136.67972,36.21807],[136.68091,36.21848],[136.68126,36.21927],[136.68158,36.21948],[136.68478,36.21987],[136.6854,36.22099],[136.68594,36.22139],[136.68739,36.22154],[136.68756,36.22533],[136.68717,36.22597],[136.68622,36.22666],[136.68601,36.22714],[136.68613,36.22768],[136.68573,36.22791],[136.68563,36.22827],[136.68508,36.22854],[136.68482,36.22907],[136.68447,36.22935],[136.68163,36.22931],[136.67924,36.22992],[136.67779,36.22982],[136.67668,36.22926],[136.67537,36.23053],[136.67461,36.23159],[136.67401,36.23184],[136.67325,36.23282],[136.67303,36.23284],[136.67235,36.23233],[136.67217,36.23236],[136.67156,36.23347],[136.67037,36.23445],[136.6704,36.23561],[136.66948,36.23667],[136.66969,36.23716],[136.67091,36.23842],[136.67163,36.23915],[136.67247,36.2397],[136.67499,36.23959],[136.67631,36.24048],[136.67866,36.24142],[136.67883,36.24189],[136.67956,36.24228],[136.67984,36.24261],[136.68173,36.24297],[136.68226,36.24291],[136.68323,36.2426],[136.68339,36.24216],[136.68379,36.24196],[136.68817,36.24027],[136.68885,36.2404],[136.69433,36.24635],[136.69479,36.24675],[136.69586,36.24728],[136.69874,36.24945],[136.69927,36.25042],[136.70078,36.25132],[136.70154,36.25203],[136.70273,36.25267],[136.70368,36.2536],[136.70397,36.25427],[136.70347,36.25503],[136.70352,36.25519],[136.70454,36.25622],[136.70452,36.25639],[136.70372,36.25706],[136.70353,36.25748],[136.70345,36.25904],[136.70302,36.25942],[136.70186,36.25877],[136.70072,36.25885],[136.69972,36.25967],[136.69889,36.26011],[136.69875,36.26102],[136.69755,36.26422],[136.69624,36.26561],[136.69391,36.26694],[136.69371,36.26744],[136.69373,36.2679],[136.69208,36.26976],[136.69196,36.2711],[136.69096,36.27152],[136.68986,36.27232],[136.69076,36.27246],[136.69198,36.27199],[136.69302,36.27273],[136.69395,36.2731],[136.69551,36.27259],[136.69626,36.27344],[136.69593,36.27439],[136.69606,36.27477],[136.69851,36.27547],[136.69878,36.27539],[136.69899,36.27497],[136.69893,36.27436],[136.69918,36.27409]]]},"properties":{"key":"172103310","name":"尾添","pref":"石川県","prefCode":"17","municipality":"白山市","areaM2":87984205.93,"population":80,"toponymIds":["17-5c5737a0c1"]}},{"type":"Feature","geometry":{"type":"Polygon","coordinates":[[[136.79057,36.3158],[136.79012,36.31446],[136.78883,36.31322],[136.78841,36.31227],[136.78874,36.31061],[136.78946,36.30996],[136.78975,36.30941],[136.78973,36.30843],[136.7902,36.30735],[136.79043,36.30532],[136.79093,36.30444],[136.79123,36.30346],[136.79068,36.30205],[136.79076,36.30157],[136.79111,36.30074],[136.79168,36.30012],[136.79186,36.29964],[136.7923,36.29939],[136.79232,36.2986],[136.7937,36.29697],[136.79422,36.29514],[136.7951,36.29399],[136.79532,36.29234],[136.79686,36.29191],[136.79901,36.29071],[136.80074,36.29025],[136.80157,36.28942],[136.80228,36.28824],[136.80252,36.28755],[136.80264,36.28645],[136.80416,36.28605],[136.80433,36.28583],[136.80433,36.28507],[136.80509,36.28482],[136.80564,36.28426],[136.80612,36.2818],[136.80562,36.28007],[136.80546,36.27815],[136.80617,36.27575],[136.80969,36.27398],[136.81036,36.27344],[136.81099,36.27333],[136.81198,36.2721],[136.8144,36.27031],[136.81518,36.26839],[136.81508,36.26738],[136.81469,36.26645],[136.81727,36.26564],[136.81962,36.26565],[136.8208,36.2654],[136.82155,36.2659],[136.82274,36.26618],[136.82805,36.26544],[136.82913,36.26588],[136.83093,36.2662],[136.83354,36.26582],[136.83365,36.26568],[136.83335,36.26497],[136.83353,36.26452],[136.83413,36.26417],[136.83461,36.26347],[136.83527,36.2631],[136.83559,36.2623],[136.83656,36.2615],[136.83713,36.26131],[136.83809,36.26063],[136.83931,36.2609],[136.84013,36.26077],[136.84125,36.2602],[136.84195,36.25925],[136.84285,36.25968],[136.84366,36.25957],[136.84474,36.25865],[136.84421,36.25794],[136.84415,36.25759],[136.84434,36.25675],[136.84431,36.256],[136.84471,36.25508],[136.8446,36.25448],[136.84558,36.2533],[136.84674,36.25325],[136.84843,36.2524],[136.84924,36.25221],[136.85002,36.25223],[136.85109,36.25149],[136.85122,36.25111],[136.85085,36.25042],[136.85084,36.25003],[136.85109,36.24928],[136.85153,36.24863],[136.85208,36.247],[136.8519,36.24673],[136.85027,36.24681],[136.84899,36.24657],[136.84795,36.24603],[136.84681,36.24377],[136.84693,36.24267],[136.84651,36.24213],[136.84659,36.24141],[136.84464,36.23918],[136.84419,36.23843],[136.84396,36.23719],[136.84242,36.23637],[136.84214,36.23575],[136.84224,36.23517],[136.84213,36.23493],[136.84,36.23289],[136.83924,36.23266],[136.83981,36.23237],[136.84041,36.23155],[136.83997,36.23066],[136.83824,36.22964],[136.83619,36.22739],[136.83549,36.22599],[136.83446,36.2253],[136.83357,36.22525],[136.83234,36.22374],[136.83247,36.22154],[136.8319,36.2209],[136.83237,36.2203],[136.83238,36.22006],[136.83166,36.21908],[136.83187,36.21778],[136.83172,36.21749],[136.83087,36.21688],[136.82731,36.21541],[136.8263,36.21455],[136.8264,36.2142],[136.82593,36.21367],[136.82314,36.21232],[136.82247,36.21179],[136.82208,36.21123],[136.82092,36.21049],[136.82068,36.20943],[136.81992,36.20847],[136.81937,36.20642],[136.82093,36.20393],[136.82269,36.20278],[136.82244,36.20157],[136.82186,36.20115],[136.82172,36.2001],[136.82087,36.19997],[136.8187,36.20117],[136.81696,36.20057],[136.81534,36.19962],[136.81489,36.19898],[136.81363,36.1982],[136.81294,36.19754],[136.81123,36.19669],[136.80958,36.19433],[136.80947,36.19377],[136.80911,36.19317],[136.80849,36.19316],[136.80722,36.19247],[136.80564,36.19413],[136.80542,36.19506],[136.80435,36.19615],[136.80413,36.19723],[136.80376,36.19784],[136.80406,36.19928],[136.80434,36.19986],[136.80445,36.20083],[136.80423,36.20155],[136.80443,36.20214],[136.80369,36.20275],[136.80279,36.20392],[136.80204,36.20459],[136.80164,36.20474],[136.79821,36.20424],[136.79497,36.20473],[136.7931,36.20482],[136.79154,36.20607],[136.79013,36.20652],[136.78905,36.20749],[136.78783,36.20764],[136.78723,36.20796],[136.78676,36.20887],[136.78631,36.20932],[136.78297,36.21042],[136.78296,36.21195],[136.78211,36.21311],[136.782,36.21349],[136.78212,36.21466],[136.78146,36.21601],[136.78175,36.21693],[136.78308,36.21883],[136.783,36.22209],[136.78335,36.22293],[136.78319,36.22354],[136.78215,36.22388],[136.78156,36.22476],[136.78096,36.22512],[136.77942,36.22533],[136.77877,36.22606],[136.77799,36.22631],[136.77757,36.22637],[136.77713,36.22617],[136.77701,36.22515],[136.77582,36.22534],[136.77541,36.22561],[136.77537,36.2272],[136.77364,36.22704],[136.77322,36.22765],[136.77192,36.22715],[136.77156,36.22716],[136.77051,36.22849],[136.76995,36.22856],[136.76894,36.2282],[136.76818,36.22844],[136.76781,36.229],[136.76805,36.23175],[136.76758,36.2319],[136.76655,36.23156],[136.76562,36.23163],[136.76503,36.232],[136.76437,36.23205],[136.76404,36.23254],[136.76363,36.23279],[136.76347,36.2331],[136.76389,36.23374],[136.76377,36.23411],[136.76341,36.23441],[136.76279,36.23459],[136.76277,36.23549],[136.7626,36.23562],[136.76027,36.23638],[136.76015,36.2375],[136.75942,36.23788],[136.75955,36.23869],[136.75884,36.24006],[136.75855,36.24016],[136.75749,36.24002],[136.75723,36.24038],[136.75712,36.24105],[136.7561,36.24111],[136.75522,36.24177],[136.75487,36.24278],[136.75511,36.24439],[136.75415,36.2449],[136.75318,36.24602],[136.75254,36.24646],[136.7526,36.24732],[136.75228,36.24784],[136.7526,36.24859],[136.75193,36.24935],[136.75202,36.2499],[136.74986,36.25086],[136.74934,36.25194],[136.74815,36.25208],[136.74792,36.25297],[136.74658,36.2537],[136.74534,36.25506],[136.7447,36.25551],[136.74393,36.25581],[136.74313,36.25569],[136.74216,36.25588],[136.73789,36.25709],[136.73764,36.25748],[136.73758,36.25826],[136.73742,36.25836],[136.73692,36.25836],[136.73586,36.25872],[136.73317,36.25874],[136.73141,36.25922],[136.73099,36.25979],[136.73099,36.26109],[136.73055,36.26232],[136.72984,36.2629],[136.72914,36.26298],[136.7286,36.26363],[136.72812,36.26395],[136.72745,36.2651],[136.72703,36.26553],[136.72685,36.26617],[136.72613,36.26635],[136.72545,36.26598],[136.72445,36.2659],[136.72377,36.26556],[136.72235,36.26605],[136.72139,36.2679],[136.71968,36.2698],[136.71834,36.27046],[136.7175,36.2713],[136.71698,36.27154],[136.71534,36.27183],[136.71457,36.27223],[136.71426,36.27267],[136.71408,36.27341],[136.71328,36.27395],[136.71182,36.27398],[136.70928,36.27496],[136.7079,36.27435],[136.70507,36.27439],[136.70426,36.27508],[136.70334,36.27491],[136.70296,36.2746],[136.70166,36.27466],[136.69933,36.27405],[136.69899,36.27424],[136.69899,36.27497],[136.69878,36.27539],[136.69851,36.27547],[136.69606,36.27477],[136.69593,36.27439],[136.69626,36.27344],[136.69563,36.27264],[136.69529,36.27259],[136.69395,36.2731],[136.69302,36.27273],[136.69262,36.27233],[136.6919,36.27198],[136.69068,36.27248],[136.68958,36.27228],[136.68911,36.27235],[136.68736,36.27306],[136.68701,36.27336],[136.68592,36.27357],[136.68341,36.27335],[136.68288,36.27363],[136.68276,36.27377],[136.68284,36.27402],[136.68449,36.27439],[136.68478,36.27474],[136.68478,36.27493],[136.6841,36.27542],[136.68359,36.27527],[136.68311,36.27532],[136.68249,36.27596],[136.68203,36.27571],[136.68028,36.27554],[136.67933,36.27571],[136.6788,36.27597],[136.67855,36.27636],[136.67851,36.27678],[136.67811,36.27721],[136.67728,36.27784],[136.67595,36.2785],[136.67475,36.27875],[136.67367,36.27842],[136.67268,36.27873],[136.67387,36.2791],[136.67512,36.28027],[136.67623,36.28184],[136.67623,36.28305],[136.67694,36.2839],[136.67743,36.28511],[136.67783,36.28545],[136.67892,36.28589],[136.67947,36.2867],[136.68137,36.28827],[136.6823,36.28964],[136.68899,36.288],[136.69072,36.28799],[136.69199,36.28845],[136.69251,36.28837],[136.69451,36.28729],[136.69652,36.28596],[136.69688,36.28593],[136.69914,36.28641],[136.7046,36.28623],[136.70583,36.28672],[136.70689,36.28748],[136.70871,36.28834],[136.71376,36.28939],[136.71649,36.29015],[136.71922,36.29211],[136.72183,36.29288],[136.72542,36.29082],[136.72878,36.28997],[136.72965,36.2899],[136.731,36.29047],[136.73109,36.29158],[136.7314,36.29204],[136.73214,36.29249],[136.73237,36.29346],[136.73262,36.29387],[136.73289,36.29418],[136.73389,36.29458],[136.73406,36.29567],[136.7344,36.29652],[136.73635,36.298],[136.737,36.29887],[136.73776,36.29907],[136.73944,36.29918],[136.74078,36.29877],[136.741,36.2991],[136.74174,36.2994],[136.74684,36.30387],[136.74918,36.30401],[136.75007,36.30426],[136.75256,36.30638],[136.75467,36.30675],[136.75516,36.307],[136.7559,36.30857],[136.7574,36.30944],[136.75903,36.30996],[136.76123,36.31007],[136.76273,36.31109],[136.76626,36.31252],[136.77164,36.31532],[136.77295,36.31561],[136.77454,36.31553],[136.77723,36.31623],[136.77874,36.31645],[136.77964,36.31686],[136.78122,36.31807],[136.78269,36.3188],[136.78605,36.31978],[136.78954,36.32052],[136.78933,36.31974],[136.78987,36.31859],[136.78999,36.31782],[136.79059,36.31618],[136.79057,36.3158]]]},"properties":{"key":"172102960","name":"中宮","pref":"石川県","prefCode":"17","municipality":"白山市","areaM2":86005162.726,"population":57,"toponymIds":["17-94d942d94c"]}},{"type":"Feature","geometry":{"type":"Polygon","coordinates":[[[136.7445,36.44503],[136.74273,36.44323],[136.73954,36.44095],[136.73887,36.44061],[136.73921,36.43976],[136.73895,36.4385],[136.7394,36.43792],[136.74019,36.43749],[136.74228,36.43675],[136.74474,36.43667],[136.74638,36.43645],[136.74766,36.43663],[136.74988,36.43753],[136.75394,36.43798],[136.75624,36.43787],[136.7583,36.437],[136.75903,36.43625],[136.75887,36.43472],[136.75902,36.43425],[136.76064,36.43339],[136.76087,36.43257],[136.7602,36.43138],[136.762,36.43112],[136.76399,36.42946],[136.76476,36.4292],[136.76691,36.42902],[136.76838,36.42839],[136.76888,36.42802],[136.76914,36.42649],[136.76905,36.42578],[136.76834,36.4235],[136.77119,36.42276],[136.77163,36.42035],[136.77133,36.41976],[136.77139,36.41917],[136.77123,36.41877],[136.77018,36.41766],[136.76968,36.4153],[136.76993,36.41489],[136.77092,36.41414],[136.77133,36.41401],[136.77274,36.41401],[136.77449,36.41444],[136.77527,36.41434],[136.7773,36.41466],[136.77893,36.41444],[136.77948,36.41355],[136.7804,36.41272],[136.77844,36.41236],[136.77718,36.41185],[136.77554,36.41068],[136.77332,36.40962],[136.7722,36.40848],[136.77127,36.40627],[136.77092,36.40457],[136.7704,36.40344],[136.76954,36.40255],[136.76848,36.40189],[136.76724,36.4015],[136.76612,36.40169],[136.76531,36.40144],[136.76279,36.39971],[136.76167,36.39834],[136.76044,36.39763],[136.75937,36.39729],[136.75766,36.39613],[136.75606,36.3946],[136.75484,36.39373],[136.75121,36.39186],[136.75006,36.39091],[136.74961,36.38987],[136.74966,36.38896],[136.75012,36.38812],[136.74982,36.38683],[136.75027,36.38609],[136.74948,36.38419],[136.74919,36.38241],[136.74797,36.38132],[136.74742,36.37906],[136.74761,36.37822],[136.74823,36.37697],[136.7483,36.37379],[136.74799,36.37289],[136.74631,36.37153],[136.7432,36.36729],[136.74104,36.36671],[136.73962,36.3656],[136.73875,36.36394],[136.73796,36.36301],[136.73652,36.36473],[136.7349,36.36598],[136.73243,36.36622],[136.7308,36.36673],[136.72913,36.36766],[136.72818,36.36844],[136.72667,36.36895],[136.72622,36.36897],[136.72567,36.36863],[136.72478,36.36842],[136.72403,36.36842],[136.72277,36.36927],[136.72203,36.36924],[136.7209,36.36883],[136.72057,36.36891],[136.71891,36.37022],[136.71835,36.37086],[136.71601,36.37139],[136.71568,36.37206],[136.7154,36.37368],[136.7159,36.37674],[136.71562,36.37699],[136.7132,36.37737],[136.71211,36.37806],[136.71083,36.37814],[136.71045,36.3798],[136.71,36.3807],[136.71002,36.38458],[136.71058,36.38617],[136.71011,36.38779],[136.71004,36.3887],[136.71106,36.39077],[136.71104,36.39165],[136.70869,36.3954],[136.70833,36.3983],[136.70859,36.3994],[136.70934,36.39994],[136.71238,36.40078],[136.71583,36.40216],[136.71925,36.40442],[136.72052,36.40568],[136.72249,36.409],[136.7222,36.41109],[136.72097,36.41411],[136.72035,36.41614],[136.72217,36.41758],[136.72312,36.41813],[136.72421,36.41837],[136.72727,36.41864],[136.73134,36.4186],[136.73323,36.41825],[136.7371,36.41798],[136.73965,36.41835],[136.74115,36.41882],[136.74191,36.41937],[136.7447,36.42242],[136.74629,36.42357],[136.74629,36.42435],[136.74606,36.42499],[136.74331,36.42734],[136.74296,36.4282],[136.74297,36.42865],[136.74374,36.43043],[136.74344,36.43092],[136.74219,36.43125],[136.7412,36.43129],[136.74072,36.43152],[136.74101,36.43252],[136.74092,36.43324],[136.74045,36.43353],[136.73788,36.43404],[136.73531,36.43578],[136.73478,36.43592],[136.73372,36.43581],[136.73174,36.43478],[136.731,36.43468],[136.72951,36.4356],[136.72838,36.43556],[136.72791,36.43579],[136.72739,36.43637],[136.72708,36.43797],[136.7271,36.4416],[136.72972,36.4415],[136.73124,36.44204],[136.7332,36.44301],[136.73472,36.444],[136.7356,36.44572],[136.73683,36.44627],[136.73765,36.44713],[136.74004,36.44862],[136.7417,36.44797],[136.74301,36.44712],[136.7445,36.44503]]]},"properties":{"key":"172017550","name":"二又新町","pref":"石川県","prefCode":"17","municipality":"金沢市","areaM2":27698300.986,"population":0,"toponymIds":["17-e69ba33727"]}},{"type":"Feature","geometry":{"type":"Polygon","coordinates":[[[136.75323,36.63542],[136.75408,36.63477],[136.7556,36.63418],[136.75603,36.63369],[136.7561,36.63324],[136.75368,36.63094],[136.75298,36.63086],[136.75135,36.63031],[136.74966,36.62905],[136.74869,36.62853],[136.74671,36.62864],[136.74449,36.62831],[136.74397,36.62846],[136.74292,36.62911],[136.74053,36.62925],[136.73929,36.62991],[136.73755,36.6302],[136.73569,36.63093],[136.73835,36.63147],[136.73906,36.63176],[136.73982,36.63241],[136.74104,36.63287],[136.7417,36.63359],[136.74336,36.63427],[136.74579,36.63581],[136.7467,36.63667],[136.74881,36.63719],[136.74913,36.63777],[136.74873,36.63857],[136.74898,36.63904],[136.74938,36.6385],[136.74931,36.63809],[136.74994,36.63755],[136.75323,36.63542]]]},"properties":{"key":"172016040","name":"榎尾町","pref":"石川県","prefCode":"17","municipality":"金沢市","areaM2":981604.098,"population":8,"toponymIds":["17-d39107fc8d"]}},{"type":"Feature","geometry":{"type":"Polygon","coordinates":[[[136.68963,36.53355],[136.68973,36.53301],[136.68936,36.53308],[136.68926,36.53364],[136.68834,36.53467],[136.68753,36.5361],[136.68714,36.53649],[136.6873,36.53657],[136.68728,36.53676],[136.68705,36.53677],[136.68696,36.53696],[136.68639,36.5386],[136.68682,36.53875],[136.68756,36.53671],[136.68871,36.5347],[136.68938,36.53406],[136.68963,36.53355]]]},"properties":{"key":"172011810","name":"大桑町","pref":"石川県","prefCode":"17","municipality":"金沢市","areaM2":25154.226,"population":0,"toponymIds":["17-d9e2caff03"]}},{"type":"Feature","geometry":{"type":"Polygon","coordinates":[[[136.63292,36.60678],[136.63205,36.60674],[136.63186,36.60631],[136.63185,36.60464],[136.63196,36.60434],[136.6325,36.60448],[136.63267,36.60402],[136.6332,36.60415],[136.6332,36.60221],[136.63216,36.60232],[136.63097,36.60549],[136.63229,36.60776],[136.63372,36.60906],[136.63414,36.60753],[136.63341,36.60696],[136.63292,36.60678]]]},"properties":{"key":"17201912001","name":"直江南一丁目","pref":"石川県","prefCode":"17","municipality":"金沢市","areaM2":72171.533,"population":120,"toponymIds":["17-6f262d6320"]}},{"type":"Feature","geometry":{"type":"Polygon","coordinates":[[[136.53677,36.50597],[136.53688,36.50566],[136.5345,36.5064],[136.53494,36.50726],[136.53633,36.50667],[136.53677,36.50597]]]},"properties":{"key":"172102040","name":"宮原町","pref":"石川県","prefCode":"17","municipality":"白山市","areaM2":18295.975,"population":222,"toponymIds":["17-88132b94a1"]}},{"type":"Feature","geometry":{"type":"Polygon","coordinates":[[[136.87348,37.14552],[136.87339,37.14535],[136.87242,37.14527],[136.87314,37.14529],[136.87291,37.14493],[136.87321,37.14484],[136.87315,37.14443],[136.87365,37.14394],[136.87406,37.14394],[136.87426,37.14419],[136.87477,37.14418],[136.87531,37.14446],[136.8761,37.14437],[136.87618,37.14414],[136.87588,37.14386],[136.87601,37.14344],[136.87583,37.14266],[136.876,37.14234],[136.87557,37.14181],[136.87553,37.14124],[136.8752,37.14075],[136.87538,37.14063],[136.87502,37.14064],[136.87375,37.14135],[136.87528,37.14042],[136.87593,37.13966],[136.87643,37.13922],[136.87674,37.13915],[136.87549,37.13795],[136.87286,37.13326],[136.87043,37.1306],[136.87003,37.13142],[136.86884,37.13287],[136.86717,37.13347],[136.86478,37.13377],[136.86329,37.13365],[136.85806,37.13222],[136.85605,37.13206],[136.85411,37.13212],[136.85352,37.13235],[136.85245,37.13338],[136.85056,37.13552],[136.8478,37.13946],[136.84581,37.14166],[136.84491,37.14291],[136.84415,37.14364],[136.84332,37.14403],[136.84217,37.14498],[136.84081,37.14721],[136.83916,37.14895],[136.84037,37.14995],[136.84322,37.1533],[136.84358,37.15426],[136.84378,37.1558],[136.84396,37.15611],[136.84798,37.15903],[136.84979,37.1614],[136.85113,37.16249],[136.85346,37.16336],[136.85535,37.16439],[136.8562,37.16509],[136.85685,37.16442],[136.85923,37.16283],[136.86044,37.1614],[136.86127,37.15915],[136.8617,37.15734],[136.86357,37.15463],[136.86802,37.1504],[136.87113,37.14798],[136.87386,37.14639],[136.87314,37.14566],[136.87348,37.14552]]]},"properties":{"key":"172021420","name":"中島町小牧","pref":"石川県","prefCode":"17","municipality":"七尾市","areaM2":7089104.779,"population":181,"toponymIds":["17-21e08dfe11"]}},{"type":"Feature","geometry":{"type":"Polygon","coordinates":[[[136.90524,37.14414],[136.90566,37.14411],[136.90573,37.14448],[136.90769,37.14388],[136.90846,37.14306],[136.90888,37.14229],[136.9061,37.14109],[136.90441,37.14015],[136.90534,37.14009],[136.90702,37.13885],[136.90884,37.13676],[136.90969,37.13498],[136.91027,37.13447],[136.91091,37.13425],[136.91174,37.13436],[136.91282,37.13493],[136.91302,37.13534],[136.91511,37.13578],[136.91482,37.1346],[136.91532,37.13457],[136.91456,37.13337],[136.91316,37.13364],[136.91293,37.13308],[136.91041,37.13221],[136.90949,37.13213],[136.90824,37.13309],[136.90684,37.13327],[136.90634,37.13356],[136.90613,37.13384],[136.90619,37.1342],[136.90691,37.1346],[136.90586,37.13579],[136.90579,37.13724],[136.90596,37.1375],[136.90658,37.13768],[136.90669,37.13785],[136.90644,37.13818],[136.90669,37.13852],[136.90634,37.13887],[136.90518,37.13939],[136.90436,37.14014],[136.90377,37.14002],[136.90504,37.13917],[136.90373,37.14001],[136.90334,37.13992],[136.90251,37.14014],[136.90179,37.14085],[136.90168,37.14128],[136.90281,37.14187],[136.90365,37.14259],[136.90386,37.14341],[136.90372,37.14437],[136.90396,37.14457],[136.90439,37.14471],[136.90484,37.1446],[136.90524,37.14414]]]},"properties":{"key":"172021910","name":"能登島通町","pref":"石川県","prefCode":"17","municipality":"七尾市","areaM2":452285.741,"population":65,"toponymIds":["17-954b4edeb7"]}},{"type":"Feature","geometry":{"type":"Polygon","coordinates":[[[136.8819,37.06166],[136.88471,37.06058],[136.88542,37.06096],[136.8852,37.06102],[136.88532,37.06153],[136.8862,37.06137],[136.88599,37.05964],[136.88636,37.05946],[136.88563,37.05835],[136.88427,37.05848],[136.88366,37.059],[136.88313,37.05882],[136.88221,37.05926],[136.88178,37.05985],[136.88156,37.06091],[136.88159,37.06128],[136.8819,37.06166]]]},"properties":{"key":"172021310","name":"上野ケ丘町","pref":"石川県","prefCode":"17","municipality":"七尾市","areaM2":102587.274,"population":255,"toponymIds":["17-91f46bcffa"]}},{"type":"Feature","geometry":{"type":"Polygon","coordinates":[[[136.74371,37.22308],[136.7466,37.2213],[136.74926,37.21999],[136.7529,37.21863],[136.75717,37.21638],[136.76093,37.21528],[136.76338,37.21505],[136.76879,37.21508],[136.76997,37.21483],[136.7708,37.21435],[136.77162,37.21367],[136.77297,37.21205],[136.77524,37.20898],[136.77393,37.20897],[136.77369,37.20878],[136.77409,37.20847],[136.77497,37.20827],[136.7752,37.20754],[136.77514,37.2071],[136.77395,37.20677],[136.77244,37.20596],[136.77271,37.20527],[136.77234,37.20442],[136.77231,37.20396],[136.77296,37.2035],[136.77327,37.20272],[136.77306,37.20234],[136.77231,37.20201],[136.77153,37.20231],[136.77109,37.20273],[136.77074,37.20274],[136.76993,37.20255],[136.76991,37.20213],[136.76814,37.20209],[136.7676,37.20116],[136.76673,37.20117],[136.76564,37.20093],[136.7652,37.20046],[136.76465,37.19925],[136.76301,37.19901],[136.76293,37.19878],[136.76337,37.19801],[136.76331,37.19759],[136.76234,37.1969],[136.76154,37.19712],[136.76035,37.19703],[136.75873,37.19724],[136.75747,37.19659],[136.75533,37.19721],[136.75412,37.19714],[136.75411,37.19579],[136.75394,37.19555],[136.75346,37.19536],[136.7528,37.19464],[136.75274,37.19389],[136.75253,37.19369],[136.7516,37.19344],[136.75136,37.19428],[136.75072,37.1943],[136.74993,37.19388],[136.74961,37.19317],[136.74862,37.19299],[136.74812,37.19264],[136.74721,37.19244],[136.74706,37.19228],[136.7471,37.19168],[136.74621,37.1923],[136.74608,37.19251],[136.7462,37.19316],[136.74674,37.19395],[136.7479,37.19496],[136.74844,37.19584],[136.74935,37.19598],[136.74994,37.1964],[136.75017,37.19681],[136.75027,37.19717],[136.75014,37.19764],[136.75058,37.1986],[136.75093,37.2006],[136.75169,37.20117],[136.75206,37.20168],[136.7521,37.20325],[136.75183,37.20514],[136.75092,37.20866],[136.74991,37.20954],[136.74706,37.21058],[136.74477,37.21184],[136.74392,37.21296],[136.74454,37.21471],[136.74462,37.21556],[136.74449,37.2162],[136.74387,37.21711],[136.74096,37.21971],[136.74371,37.22308]]]},"properties":{"key":"172040940","name":"門前町久川","pref":"石川県","prefCode":"17","municipality":"輪島市","areaM2":4678221.345,"population":42,"toponymIds":["17-c02f1e880e"]}},{"type":"Feature","geometry":{"type":"Polygon","coordinates":[[[136.77736,37.28992],[136.77758,37.28926],[136.77825,37.28874],[136.7785,37.28813],[136.77883,37.28807],[136.77725,37.28598],[136.776,37.28468],[136.7752,37.28311],[136.77368,37.28338],[136.77307,37.28472],[136.7734,37.28543],[136.7736,37.28745],[136.77396,37.28771],[136.77423,37.28881],[136.77366,37.28893],[136.77298,37.28946],[136.77336,37.29003],[136.77391,37.2899],[136.77686,37.29012],[136.77736,37.28992]]]},"properties":{"key":"172041290","name":"門前町広瀬","pref":"石川県","prefCode":"17","municipality":"輪島市","areaM2":245662.446,"population":97,"toponymIds":["17-9448b6a988"]}},{"type":"Feature","geometry":{"type":"Polygon","coordinates":[[[136.81771,37.33599],[136.819,37.33538],[136.82075,37.33496],[136.82552,37.33454],[136.8245,37.33372],[136.82407,37.33322],[136.82406,37.33298],[136.82456,37.33147],[136.82547,37.33073],[136.82616,37.32977],[136.82668,37.32939],[136.82618,37.32876],[136.82656,37.3282],[136.82658,37.3279],[136.82608,37.32729],[136.82565,37.32638],[136.82568,37.32576],[136.8262,37.32486],[136.82621,37.32449],[136.8221,37.32248],[136.81934,37.32041],[136.81806,37.32017],[136.81732,37.31981],[136.81539,37.31836],[136.81479,37.31751],[136.81458,37.31676],[136.81423,37.31392],[136.81328,37.31215],[136.81218,37.31101],[136.80946,37.30966],[136.80883,37.30919],[136.80706,37.30697],[136.81275,37.30839],[136.81493,37.30835],[136.8169,37.30793],[136.81449,37.30364],[136.81326,37.30046],[136.81274,37.29961],[136.81125,37.29819],[136.80704,37.29537],[136.80116,37.29109],[136.79951,37.29314],[136.79673,37.29485],[136.79587,37.29629],[136.79561,37.29715],[136.79419,37.29821],[136.79345,37.2986],[136.79189,37.29904],[136.78566,37.30012],[136.78532,37.3035],[136.78468,37.30429],[136.78415,37.30435],[136.78404,37.30486],[136.78413,37.3052],[136.78371,37.30553],[136.78368,37.30574],[136.78768,37.30662],[136.79077,37.30755],[136.79611,37.30884],[136.79573,37.30999],[136.7949,37.31084],[136.79459,37.31145],[136.79466,37.31284],[136.79289,37.31246],[136.78638,37.30987],[136.78252,37.30772],[136.78141,37.30685],[136.78104,37.30697],[136.78034,37.30765],[136.77914,37.30759],[136.77908,37.30908],[136.7787,37.31059],[136.78038,37.31096],[136.78351,37.31222],[136.78587,37.31284],[136.78716,37.31347],[136.78875,37.31467],[136.78985,37.3167],[136.79094,37.31631],[136.79281,37.316],[136.79473,37.31612],[136.79435,37.31692],[136.79241,37.31942],[136.79249,37.32077],[136.79207,37.32276],[136.79016,37.32278],[136.78755,37.32344],[136.78373,37.32468],[136.78113,37.32609],[136.78241,37.32798],[136.78392,37.32947],[136.78659,37.33302],[136.787,37.33403],[136.78734,37.33634],[136.78763,37.33684],[136.78838,37.33724],[136.78834,37.33668],[136.78857,37.33654],[136.79031,37.33637],[136.7906,37.33612],[136.79081,37.33518],[136.79125,37.3351],[136.79195,37.33549],[136.79261,37.33647],[136.79305,37.33661],[136.79515,37.33633],[136.79677,37.3363],[136.7978,37.33646],[136.80003,37.33744],[136.80053,37.33749],[136.80116,37.33718],[136.80103,37.33599],[136.80152,37.33525],[136.80643,37.33342],[136.80689,37.33337],[136.80819,37.33384],[136.80921,37.33471],[136.81045,37.33624],[136.81193,37.33626],[136.81266,37.33553],[136.81331,37.33545],[136.8144,37.33644],[136.81551,37.33686],[136.81607,37.33762],[136.81771,37.33599]]]},"properties":{"key":"172041600","name":"門前町浦上","pref":"石川県","prefCode":"17","municipality":"輪島市","areaM2":11959990.332,"population":297,"toponymIds":["17-7e94153a21"]}},{"type":"Feature","geometry":{"type":"Polygon","coordinates":[[[136.78549,37.15655],[136.78744,37.15667],[136.789,37.15626],[136.79126,37.15644],[136.79359,37.15556],[136.79441,37.15547],[136.79627,37.15576],[136.7973,37.15576],[136.79878,37.15533],[136.79999,37.1553],[136.80105,37.15468],[136.80343,37.15427],[136.80511,37.15437],[136.80695,37.15494],[136.8075,37.15475],[136.80968,37.15308],[136.81097,37.15028],[136.81155,37.14969],[136.81144,37.14939],[136.81033,37.14949],[136.80929,37.14938],[136.80813,37.14966],[136.80759,37.14981],[136.80731,37.15006],[136.80723,37.15051],[136.80645,37.15128],[136.80488,37.15199],[136.80315,37.15224],[136.80107,37.15219],[136.79952,37.15287],[136.7981,37.15312],[136.797,37.15313],[136.79608,37.15298],[136.79545,37.15269],[136.79391,37.15297],[136.78863,37.15314],[136.7857,37.15372],[136.78619,37.15441],[136.78566,37.1555],[136.78526,37.15573],[136.78522,37.15605],[136.7849,37.15628],[136.78549,37.15655]]]},"properties":{"key":"172021490","name":"中島町古江","pref":"石川県","prefCode":"17","municipality":"七尾市","areaM2":732640.659,"population":28,"toponymIds":["17-eebbd9237b"]}},{"type":"Feature","geometry":{"type":"Polygon","coordinates":[[[136.96799,37.02386],[136.96779,37.02345],[136.96775,37.02274],[136.96839,37.02135],[136.96865,37.02112],[136.96862,37.02033],[136.96878,37.01994],[136.97003,37.01764],[136.97147,37.01616],[136.97341,37.01508],[136.97679,37.01169],[136.97777,37.01188],[136.9778,37.01301],[136.97855,37.0134],[136.97852,37.01385],[136.97791,37.01478],[136.97797,37.01531],[136.97839,37.01543],[136.97879,37.01511],[136.97979,37.0137],[136.9801,37.01357],[136.98017,37.01463],[136.97961,37.01596],[136.98047,37.0159],[136.98053,37.01618],[136.98038,37.01649],[136.98058,37.0169],[136.98147,37.01596],[136.98196,37.01563],[136.98234,37.01562],[136.98347,37.01719],[136.98386,37.01724],[136.98393,37.01662],[136.98471,37.01483],[136.98539,37.01392],[136.98635,37.01308],[136.98789,37.01228],[136.9902,37.0115],[136.99334,37.01087],[136.99162,37.00845],[136.99042,37.00765],[136.99091,37.00677],[136.99339,37.00533],[136.99334,37.00493],[136.99291,37.00415],[136.9925,37.00384],[136.99059,37.00323],[136.98542,37.00206],[136.98389,37.00197],[136.98113,36.99982],[136.97962,36.9992],[136.97647,36.99881],[136.97576,36.99901],[136.97428,36.99998],[136.97329,37.0009],[136.97279,37.00206],[136.97259,37.00724],[136.9718,37.01114],[136.97023,37.01489],[136.96992,37.01534],[136.96901,37.01632],[136.96614,37.01823],[136.96661,37.01899],[136.96436,37.02007],[136.96347,37.02031],[136.96317,37.01999],[136.96244,37.02049],[136.96142,37.02076],[136.96037,37.02053],[136.95955,37.02117],[136.95893,37.02092],[136.95791,37.02157],[136.95749,37.02111],[136.95755,37.02381],[136.95854,37.02378],[136.95862,37.026],[136.95895,37.02698],[136.95958,37.02766],[136.96035,37.02913],[136.96098,37.03119],[136.96074,37.03133],[136.96048,37.03312],[136.9623,37.0339],[136.96751,37.0327],[136.96616,37.02867],[136.96619,37.02766],[136.96597,37.02734],[136.96683,37.02702],[136.96674,37.02644],[136.96719,37.02562],[136.96761,37.02543],[136.96799,37.02386]]]},"properties":{"key":"172020600","name":"古府町","pref":"石川県","prefCode":"17","municipality":"七尾市","areaM2":3707459.773,"population":1479,"toponymIds":["17-f8a92769eb"]}},{"type":"Feature","geometry":{"type":"Polygon","coordinates":[[[136.9446,37.04718],[136.94553,37.04686],[136.94666,37.04707],[136.94773,37.04697],[136.94801,37.04692],[136.948,37.0466],[136.94558,37.04663],[136.94285,37.04711],[136.94248,37.047],[136.94181,37.04645],[136.9416,37.04606],[136.9417,37.04517],[136.9419,37.04483],[136.94171,37.04399],[136.94179,37.04361],[136.94229,37.04364],[136.94368,37.04296],[136.94432,37.04242],[136.94521,37.04126],[136.94592,37.04098],[136.94784,37.04113],[136.94868,37.04099],[136.94892,37.04117],[136.94916,37.04195],[136.94981,37.04283],[136.95054,37.04323],[136.9511,37.04338],[136.9522,37.0429],[136.95145,37.04244],[136.95223,37.0424],[136.95263,37.04204],[136.95326,37.04188],[136.9533,37.04126],[136.95273,37.03937],[136.95275,37.03871],[136.95241,37.03787],[136.95213,37.03776],[136.95198,37.03711],[136.95272,37.03723],[136.95326,37.03698],[136.95319,37.03682],[136.95399,37.03656],[136.95412,37.03673],[136.95551,37.03608],[136.95542,37.03489],[136.95594,37.03083],[136.95695,37.03154],[136.95678,37.03175],[136.95734,37.03505],[136.95839,37.03492],[136.95797,37.03239],[136.95769,37.03224],[136.95788,37.032],[136.96048,37.03312],[136.96074,37.03133],[136.96098,37.03119],[136.96058,37.02969],[136.95958,37.02766],[136.9589,37.02684],[136.95862,37.026],[136.95854,37.02378],[136.95755,37.02381],[136.95749,37.02188],[136.95655,37.02191],[136.95646,37.02131],[136.95441,37.0216],[136.95336,37.02193],[136.95307,37.02186],[136.95191,37.02219],[136.95079,37.02284],[136.94953,37.02331],[136.94774,37.02444],[136.94872,37.02563],[136.9486,37.02684],[136.94903,37.02755],[136.94802,37.02791],[136.94794,37.02825],[136.94752,37.02862],[136.94718,37.0284],[136.94693,37.02863],[136.9468,37.02897],[136.9462,37.02962],[136.94632,37.03039],[136.94462,37.0319],[136.94263,37.03337],[136.93933,37.03542],[136.93932,37.03645],[136.93777,37.03674],[136.93597,37.036],[136.93483,37.03599],[136.9339,37.03516],[136.92515,37.04078],[136.94213,37.05537],[136.94425,37.05328],[136.9437,37.05313],[136.94409,37.05136],[136.94408,37.05042],[136.94433,37.0501],[136.94465,37.04889],[136.94432,37.04802],[136.94434,37.04767],[136.94398,37.04754],[136.9446,37.04718]]]},"properties":{"key":"172020490","name":"国分町","pref":"石川県","prefCode":"17","municipality":"七尾市","areaM2":4381709.618,"population":898,"toponymIds":["17-935ef3ef91"]}},{"type":"Feature","geometry":{"type":"Polygon","coordinates":[[[137.05754,37.10873],[137.05772,37.10876],[137.05774,37.10843],[137.05711,37.10835],[137.05708,37.10813],[137.05808,37.10773],[137.05842,37.10727],[137.05844,37.10698],[137.05786,37.106],[137.05735,37.10556],[137.05696,37.10396],[137.05608,37.10338],[137.05534,37.10336],[137.05477,37.10191],[137.05513,37.10302],[137.0522,37.10381],[137.05177,37.10269],[137.05277,37.10238],[137.05122,37.10275],[137.05099,37.10231],[137.05004,37.1026],[137.04974,37.10214],[137.04959,37.10126],[137.04926,37.10115],[137.04955,37.10109],[137.0495,37.0996],[137.05005,37.09904],[137.04961,37.09854],[137.04963,37.09771],[137.04917,37.09751],[137.04971,37.09754],[137.05017,37.09612],[137.0511,37.09611],[137.05211,37.09502],[137.053,37.09494],[137.05277,37.09448],[137.05193,37.09389],[137.05292,37.09141],[137.05174,37.09033],[137.05133,37.08956],[137.05133,37.08905],[137.05075,37.08815],[137.05062,37.08649],[137.05075,37.08607],[137.05125,37.08608],[137.05095,37.08535],[137.05124,37.08503],[137.0488,37.08407],[137.04572,37.08261],[137.04518,37.08342],[137.04434,37.08415],[137.038,37.0857],[137.03713,37.08574],[137.03512,37.08536],[137.03047,37.08378],[137.02999,37.08374],[137.02906,37.08406],[137.02828,37.085],[137.02783,37.08511],[137.02723,37.08482],[137.02503,37.08243],[137.02421,37.08124],[137.0242,37.08057],[137.02458,37.07971],[137.02435,37.07976],[137.02197,37.0757],[137.01748,37.07757],[137.01562,37.07764],[137.02083,37.08776],[137.03326,37.09936],[137.02841,37.10324],[137.02989,37.10677],[137.03047,37.10698],[137.03158,37.10673],[137.03156,37.10642],[137.03276,37.1058],[137.03329,37.10478],[137.03436,37.10337],[137.03492,37.10334],[137.03614,37.10389],[137.03753,37.10488],[137.03783,37.10581],[137.03861,37.10593],[137.04032,37.10676],[137.0406,37.10663],[137.04194,37.10716],[137.04238,37.1076],[137.04258,37.10761],[137.04241,37.1073],[137.04279,37.10666],[137.04321,37.10675],[137.04324,37.10648],[137.04335,37.10679],[137.04346,37.10674],[137.04327,37.10646],[137.04384,37.10632],[137.04514,37.1065],[137.04833,37.10746],[137.04956,37.10687],[137.05014,37.10697],[137.05068,37.10732],[137.05092,37.10718],[137.0509,37.10744],[137.05094,37.10719],[137.05118,37.10727],[137.05104,37.10747],[137.05064,37.10746],[137.05105,37.10748],[137.05139,37.10692],[137.05129,37.10703],[137.05111,37.1069],[137.05146,37.10674],[137.05121,37.10679],[137.05121,37.10653],[137.0515,37.10651],[137.05159,37.10643],[137.05144,37.10637],[137.05186,37.10621],[137.05172,37.1063],[137.05161,37.10613],[137.05231,37.10598],[137.05277,37.10605],[137.05302,37.10624],[137.05283,37.10632],[137.05398,37.1064],[137.0539,37.10651],[137.05437,37.10637],[137.05508,37.10714],[137.05648,37.10768],[137.05647,37.10799],[137.05704,37.10822],[137.05705,37.10906],[137.05729,37.1091],[137.05754,37.10873]]]},"properties":{"key":"172021060","name":"鵜浦町","pref":"石川県","prefCode":"17","municipality":"七尾市","areaM2":5907536.664,"population":442,"toponymIds":["17-733d46f58f"]}},{"type":"Feature","geometry":{"type":"Polygon","coordinates":[[[136.2874,36.30453],[136.28604,36.30369],[136.28539,36.30526],[136.28548,36.30701],[136.28605,36.30855],[136.28706,36.31038],[136.28809,36.31185],[136.28942,36.31336],[136.29052,36.31438],[136.29192,36.31526],[136.29637,36.31669],[136.29894,36.31846],[136.3019,36.3197],[136.3033,36.32078],[136.30373,36.31289],[136.30195,36.31251],[136.29501,36.30923],[136.2874,36.30453]]]},"properties":{"key":"172060740","name":"大聖寺下福田町","pref":"石川県","prefCode":"17","municipality":"加賀市","areaM2":1276823.688,"population":252,"toponymIds":["17-8b886ff646"]}},{"type":"Feature","geometry":{"type":"Polygon","coordinates":[[[136.74996,36.49184],[136.75041,36.49129],[136.75085,36.49104],[136.75159,36.49105],[136.75307,36.4903],[136.75454,36.48979],[136.75488,36.48954],[136.75505,36.48907],[136.75456,36.48862],[136.75347,36.48703],[136.75245,36.48599],[136.75189,36.48572],[136.75183,36.48549],[136.75203,36.48317],[136.75184,36.48259],[136.75258,36.48022],[136.75253,36.47826],[136.75309,36.47738],[136.75315,36.47684],[136.75269,36.47314],[136.75198,36.47195],[136.75204,36.47133],[136.75169,36.46985],[136.75243,36.46936],[136.75322,36.46842],[136.75437,36.4677],[136.75675,36.46534],[136.75816,36.46289],[136.75969,36.46391],[136.76069,36.46315],[136.76082,36.46057],[136.76182,36.45878],[136.76171,36.45822],[136.76233,36.45757],[136.762,36.45665],[136.76201,36.45605],[136.76252,36.45422],[136.76305,36.45366],[136.76224,36.45351],[136.76055,36.45374],[136.75828,36.45364],[136.75674,36.45415],[136.75622,36.45474],[136.75459,36.45831],[136.75146,36.46175],[136.75008,36.46253],[136.74915,36.46407],[136.74817,36.46496],[136.7477,36.46638],[136.74693,36.46708],[136.74676,36.46778],[136.74762,36.4688],[136.74871,36.47095],[136.74874,36.47136],[136.74865,36.47168],[136.74669,36.47293],[136.74601,36.47357],[136.74544,36.47421],[136.7451,36.47501],[136.74672,36.47604],[136.74818,36.47658],[136.74845,36.47689],[136.74806,36.47871],[136.74841,36.47916],[136.74843,36.48055],[136.74879,36.48184],[136.74915,36.48224],[136.74984,36.48247],[136.75035,36.4829],[136.75065,36.48355],[136.75068,36.48548],[136.7514,36.48783],[136.75127,36.48901],[136.75076,36.48973],[136.74926,36.49031],[136.74893,36.49062],[136.74853,36.49186],[136.7493,36.49168],[136.74996,36.49184]]]},"properties":{"key":"172017280","name":"湯涌田子島町","pref":"石川県","prefCode":"17","municipality":"金沢市","areaM2":2037641.858,"population":66,"toponymIds":["17-0814d3678c"]}},{"type":"Feature","geometry":{"type":"Polygon","coordinates":[[[136.65709,36.48625],[136.65371,36.48254],[136.65311,36.48122],[136.65153,36.47879],[136.6511,36.47717],[136.65134,36.47548],[136.65194,36.47513],[136.65279,36.47424],[136.65322,36.47282],[136.65453,36.47096],[136.65484,36.47014],[136.65553,36.4692],[136.65702,36.4679],[136.65631,36.46537],[136.65538,36.46456],[136.64804,36.46137],[136.64816,36.46106],[136.64806,36.46117],[136.64549,36.46002],[136.64494,36.45994],[136.64424,36.46023],[136.64241,36.4616],[136.64269,36.46196],[136.64519,36.46286],[136.64567,36.46318],[136.64595,36.46363],[136.64647,36.46568],[136.64665,36.46688],[136.64657,36.46786],[136.64604,36.46847],[136.64476,36.4691],[136.64335,36.4694],[136.64144,36.46934],[136.6406,36.46979],[136.64009,36.47056],[136.63984,36.4713],[136.63913,36.47205],[136.63937,36.47301],[136.63924,36.47324],[136.63781,36.47398],[136.63689,36.47476],[136.63597,36.47595],[136.63582,36.47691],[136.63672,36.47723],[136.63663,36.47799],[136.63707,36.47823],[136.63782,36.47804],[136.63918,36.4772],[136.64085,36.47654],[136.64235,36.47633],[136.64337,36.47662],[136.64355,36.47676],[136.64392,36.47855],[136.64428,36.47915],[136.64445,36.48035],[136.64515,36.4825],[136.6459,36.48307],[136.64611,36.48403],[136.64733,36.48504],[136.64759,36.48545],[136.64832,36.48545],[136.64983,36.48506],[136.65095,36.48445],[136.65171,36.48432],[136.65229,36.48456],[136.65339,36.48593],[136.65717,36.48883],[136.65946,36.49015],[136.66097,36.49059],[136.66159,36.49063],[136.66165,36.49029],[136.66101,36.48909],[136.65881,36.48771],[136.65709,36.48625]]]},"properties":{"key":"172011960","name":"倉ケ岳","pref":"石川県","prefCode":"17","municipality":"金沢市","areaM2":2686305.462,"population":9,"toponymIds":["17-f25dd67977"]}},{"type":"Feature","geometry":{"type":"Polygon","coordinates":[[[136.6116,36.46668],[136.61377,36.46672],[136.61474,36.46539],[136.6152,36.46559],[136.6154,36.46528],[136.61537,36.46552],[136.61659,36.46559],[136.61688,36.46395],[136.61769,36.46275],[136.61633,36.4622],[136.61641,36.46203],[136.61555,36.46163],[136.61578,36.462],[136.61557,36.46336],[136.61526,36.46421],[136.6129,36.46517],[136.60795,36.46853],[136.60758,36.46918],[136.60622,36.47034],[136.60612,36.47215],[136.60702,36.47244],[136.60942,36.47277],[136.61069,36.47333],[136.61073,36.4723],[136.61095,36.47194],[136.61117,36.47068],[136.61114,36.46987],[136.6116,36.46668]]]},"properties":{"key":"172102530","name":"日御子町","pref":"石川県","prefCode":"17","municipality":"白山市","areaM2":325848.973,"population":744,"toponymIds":["17-d152c0a92d"]}},{"type":"Feature","geometry":{"type":"Polygon","coordinates":[[[136.52076,36.45408],[136.52168,36.4535],[136.52345,36.45329],[136.52578,36.4526],[136.52662,36.45267],[136.52643,36.4518],[136.52457,36.45161],[136.52424,36.45193],[136.52196,36.45169],[136.52191,36.45203],[136.51009,36.45087],[136.51038,36.45309],[136.51029,36.45379],[136.51088,36.45545],[136.51111,36.45765],[136.51559,36.45695],[136.51543,36.45628],[136.51755,36.45594],[136.5173,36.45498],[136.52001,36.45455],[136.52076,36.45408]]]},"properties":{"key":"172110130","name":"新保町","pref":"石川県","prefCode":"17","municipality":"能美市","areaM2":564237.959,"population":374,"toponymIds":["17-ce9db15091"]}},{"type":"Feature","geometry":{"type":"Polygon","coordinates":[[[136.4277,36.41165],[136.42847,36.41036],[136.42542,36.40961],[136.42575,36.4092],[136.42364,36.40896],[136.42356,36.40941],[136.42082,36.4091],[136.42055,36.41083],[136.42456,36.41134],[136.42471,36.41089],[136.4277,36.41165]]]},"properties":{"key":"172031080","name":"鶴ケ島町","pref":"石川県","prefCode":"17","municipality":"小松市","areaM2":127535.05,"population":191,"toponymIds":["17-85e1e12d0c"]}},{"type":"Feature","geometry":{"type":"Polygon","coordinates":[[[136.25677,36.30061],[136.25701,36.29504],[136.25655,36.29475],[136.25516,36.29473],[136.25535,36.29381],[136.25362,36.29377],[136.2518,36.29083],[136.25034,36.29092],[136.24946,36.29135],[136.24771,36.29295],[136.24672,36.29343],[136.24589,36.29427],[136.24467,36.29457],[136.24407,36.2949],[136.24318,36.29584],[136.24282,36.29657],[136.24306,36.29692],[136.24447,36.29638],[136.24594,36.29687],[136.24599,36.29712],[136.24611,36.29703],[136.24682,36.29741],[136.24857,36.2988],[136.24914,36.29985],[136.25002,36.29989],[136.25354,36.30148],[136.25551,36.30253],[136.25605,36.30311],[136.25661,36.30344],[136.25677,36.30061]]]},"properties":{"key":"172061880","name":"塩屋町","pref":"石川県","prefCode":"17","municipality":"加賀市","areaM2":884321.281,"population":565,"toponymIds":["17-399811b974"]}}]}
