{"type":"FeatureCollection","features":[{"type":"Feature","geometry":{"type":"Polygon","coordinates":[[[136.42336,34.67032],[136.42341,34.66994],[136.42312,34.66955],[136.42053,34.66868],[136.41801,34.66729],[136.41648,34.66623],[136.41418,34.66394],[136.41298,34.66251],[136.41135,34.66335],[136.4091,34.66241],[136.4073,34.66134],[136.40685,34.66081],[136.40638,34.66088],[136.40599,34.66044],[136.40439,34.66079],[136.40363,34.66035],[136.40307,34.66108],[136.40187,34.66138],[136.40181,34.66159],[136.40222,34.66224],[136.40169,34.66251],[136.4013,34.66325],[136.40119,34.6637],[136.40144,34.66391],[136.40123,34.66431],[136.40173,34.66492],[136.40156,34.6658],[136.40202,34.66641],[136.40269,34.66664],[136.4029,34.6671],[136.40237,34.66782],[136.40135,34.66849],[136.40135,34.66871],[136.40217,34.66944],[136.40303,34.66904],[136.40374,34.66967],[136.40428,34.67082],[136.40354,34.67141],[136.40355,34.67164],[136.40476,34.67169],[136.4051,34.67222],[136.40645,34.67206],[136.40777,34.67095],[136.40907,34.67104],[136.40917,34.66985],[136.40997,34.67008],[136.41077,34.67006],[136.41129,34.66949],[136.41176,34.66924],[136.41199,34.66882],[136.41245,34.66873],[136.41262,34.66828],[136.41302,34.66804],[136.41414,34.66831],[136.41451,34.66956],[136.41605,34.67046],[136.41669,34.67055],[136.41679,34.67073],[136.42085,34.67055],[136.42177,34.67013],[136.42253,34.67036],[136.42336,34.67032]]]},"properties":{"key":"242012760","name":"一志町其倉","pref":"三重県","prefCode":"24","municipality":"津市","areaM2":1325437.328,"population":105,"toponymIds":["24-3a851cf795"]}},{"type":"Feature","geometry":{"type":"Polygon","coordinates":[[[136.50766,34.70089],[136.50783,34.70028],[136.50579,34.70088],[136.50572,34.70071],[136.50421,34.70389],[136.50314,34.70541],[136.50391,34.70577],[136.50698,34.70552],[136.50675,34.70434],[136.50766,34.70089]]]},"properties":{"key":"242011390","name":"大倉","pref":"三重県","prefCode":"24","municipality":"津市","areaM2":134371.42,"population":399,"toponymIds":["24-5f66e7aaf5"]}},{"type":"Feature","geometry":{"type":"Polygon","coordinates":[[[136.52466,34.71462],[136.51993,34.71594],[136.52128,34.71926],[136.52563,34.71797],[136.52466,34.71462]]]},"properties":{"key":"242010370","name":"海岸町","pref":"三重県","prefCode":"24","municipality":"津市","areaM2":169700.943,"population":736,"toponymIds":["24-ed7a75f8f1"]}},{"type":"Feature","geometry":{"type":"Polygon","coordinates":[[[136.53752,34.66882],[136.54024,34.66855],[136.54032,34.66885],[136.54424,34.66811],[136.5451,34.66926],[136.54539,34.66941],[136.54585,34.66881],[136.5463,34.66591],[136.54605,34.66566],[136.5462,34.66553],[136.54602,34.66565],[136.54612,34.66546],[136.54593,34.66558],[136.54436,34.66432],[136.5443,34.66348],[136.5439,34.66266],[136.54355,34.66262],[136.54339,34.66287],[136.54237,34.66283],[136.54111,34.66217],[136.53771,34.66119],[136.53807,34.66042],[136.53714,34.66013],[136.53561,34.65908],[136.53499,34.65831],[136.53395,34.65743],[136.53224,34.6554],[136.53075,34.65456],[136.52839,34.65132],[136.52754,34.65041],[136.52662,34.65106],[136.52671,34.65119],[136.52615,34.65321],[136.52749,34.65437],[136.52705,34.65595],[136.52763,34.65607],[136.52703,34.65813],[136.52935,34.65859],[136.52879,34.66053],[136.53102,34.66097],[136.52995,34.66462],[136.53094,34.66454],[136.531,34.66646],[136.53356,34.66633],[136.53357,34.66727],[136.53415,34.66807],[136.53472,34.66979],[136.53746,34.6691],[136.53752,34.66882]]]},"properties":{"key":"242011280","name":"雲出伊倉津町","pref":"三重県","prefCode":"24","municipality":"津市","areaM2":1526736.099,"population":1147,"toponymIds":["24-0f3e1c21b8"]}},{"type":"Feature","geometry":{"type":"Polygon","coordinates":[[[136.52879,34.75596],[136.53219,34.75443],[136.53127,34.7516],[136.53325,34.75108],[136.53243,34.74928],[136.53222,34.74836],[136.53207,34.7483],[136.53168,34.74661],[136.53139,34.74623],[136.53009,34.74179],[136.52149,34.74463],[136.52123,34.74407],[136.52049,34.74429],[136.52034,34.74397],[136.51926,34.74434],[136.51963,34.74484],[136.51916,34.74505],[136.51727,34.74664],[136.51619,34.74608],[136.51643,34.74753],[136.51634,34.74812],[136.51764,34.75059],[136.51727,34.75075],[136.51791,34.75181],[136.51772,34.75189],[136.51854,34.75324],[136.51798,34.75347],[136.51858,34.75447],[136.51815,34.75468],[136.51805,34.75496],[136.51815,34.75514],[136.51917,34.75525],[136.51964,34.75466],[136.52056,34.75413],[136.52232,34.75388],[136.5225,34.75447],[136.52332,34.75483],[136.52342,34.75537],[136.52281,34.7555],[136.52297,34.75601],[136.52361,34.75586],[136.52385,34.7566],[136.52573,34.75735],[136.52879,34.75596]]]},"properties":{"key":"242010040","name":"栗真町屋町","pref":"三重県","prefCode":"24","municipality":"津市","areaM2":1735797.051,"population":3129,"toponymIds":["24-511c5adbe2"]}},{"type":"Feature","geometry":{"type":"Polygon","coordinates":[[[136.51154,34.69765],[136.51138,34.69736],[136.51017,34.69752],[136.5101,34.69692],[136.50991,34.69714],[136.50954,34.69722],[136.5094,34.69858],[136.50859,34.69877],[136.50898,34.69992],[136.51173,34.69902],[136.51154,34.69765]]]},"properties":{"key":"24201118001","name":"垂水","pref":"三重県","prefCode":"24","municipality":"津市","areaM2":53412.476,"population":228,"toponymIds":["24-2c38d5abc1"]}},{"type":"Feature","geometry":{"type":"Polygon","coordinates":[[[136.51868,34.72672],[136.51832,34.72569],[136.52283,34.72464],[136.52119,34.71986],[136.52148,34.71973],[136.52128,34.71926],[136.51789,34.7201],[136.51661,34.72153],[136.5167,34.72173],[136.51717,34.72157],[136.51744,34.72224],[136.51698,34.72237],[136.51736,34.72325],[136.51679,34.72343],[136.5176,34.72534],[136.51615,34.7257],[136.51631,34.72617],[136.51522,34.72645],[136.51501,34.72642],[136.51498,34.72578],[136.51376,34.72593],[136.51364,34.72675],[136.51556,34.72711],[136.51879,34.7285],[136.51898,34.7278],[136.51868,34.72672]]]},"properties":{"key":"242010420","name":"中河原","pref":"三重県","prefCode":"24","municipality":"津市","areaM2":354664.569,"population":940,"toponymIds":["24-68460149c0"]}},{"type":"Feature","geometry":{"type":"Polygon","coordinates":[[[136.49858,34.72007],[136.49833,34.71972],[136.49491,34.72104],[136.49613,34.7232],[136.49664,34.72486],[136.50034,34.72273],[136.49858,34.72007]]]},"properties":{"key":"242010560","name":"西古河町","pref":"三重県","prefCode":"24","municipality":"津市","areaM2":153148.302,"population":702,"toponymIds":["24-0fc42f051f"]}},{"type":"Feature","geometry":{"type":"Polygon","coordinates":[[[136.50168,34.72223],[136.50191,34.72222],[136.50118,34.71962],[136.5003,34.71878],[136.49833,34.71972],[136.50034,34.72273],[136.50168,34.72223]]]},"properties":{"key":"242010550","name":"東古河町","pref":"三重県","prefCode":"24","municipality":"津市","areaM2":79428.092,"population":151,"toponymIds":["24-80b60d221c"]}},{"type":"Feature","geometry":{"type":"Polygon","coordinates":[[[136.39859,34.72304],[136.39817,34.72128],[136.39694,34.72179],[136.39644,34.72144],[136.3966,34.72078],[136.39729,34.71993],[136.39706,34.71807],[136.39916,34.71762],[136.39709,34.71536],[136.39725,34.71521],[136.39349,34.71475],[136.39347,34.71394],[136.39115,34.7131],[136.39063,34.71351],[136.39049,34.71391],[136.38969,34.71412],[136.38985,34.71446],[136.38912,34.71461],[136.38917,34.71499],[136.38869,34.71507],[136.38863,34.71551],[136.38842,34.71562],[136.38821,34.71635],[136.38727,34.71716],[136.38817,34.71776],[136.38824,34.71825],[136.38892,34.71771],[136.38898,34.71857],[136.38745,34.72012],[136.38771,34.72116],[136.38844,34.72223],[136.38844,34.7225],[136.38789,34.72275],[136.38824,34.72355],[136.38818,34.72466],[136.38962,34.72565],[136.39588,34.72908],[136.39749,34.72597],[136.39916,34.72544],[136.39907,34.72366],[136.39859,34.72304]]]},"properties":{"key":"242012280","name":"美里町足坂","pref":"三重県","prefCode":"24","municipality":"津市","areaM2":1257935.981,"population":195,"toponymIds":["24-eb8209805d"]}},{"type":"Feature","geometry":{"type":"Polygon","coordinates":[[[136.38115,34.76623],[136.38177,34.76523],[136.38239,34.76509],[136.38267,34.76488],[136.38277,34.76381],[136.38209,34.76217],[136.38285,34.76069],[136.38295,34.75914],[136.38336,34.75688],[136.38332,34.75576],[136.38367,34.7553],[136.3883,34.75323],[136.39151,34.75226],[136.3918,34.75153],[136.39218,34.75104],[136.39474,34.74886],[136.39622,34.74854],[136.39727,34.74862],[136.39796,34.74875],[136.39923,34.74945],[136.40234,34.74645],[136.40363,34.74548],[136.40674,34.74381],[136.40562,34.74239],[136.40473,34.74192],[136.40181,34.74374],[136.40104,34.74406],[136.39884,34.74436],[136.39747,34.74413],[136.39746,34.74386],[136.3992,34.7421],[136.39969,34.7413],[136.39914,34.74072],[136.39781,34.74018],[136.39718,34.73953],[136.39665,34.73861],[136.39655,34.73834],[136.39673,34.73783],[136.39752,34.73684],[136.3963,34.73472],[136.39343,34.73329],[136.39274,34.73269],[136.39179,34.73246],[136.38737,34.73582],[136.38662,34.73667],[136.386,34.73669],[136.38447,34.73732],[136.3838,34.73881],[136.38354,34.74001],[136.38317,34.74069],[136.38238,34.7415],[136.38163,34.7428],[136.38022,34.74659],[136.3791,34.74829],[136.37831,34.74982],[136.37783,34.75222],[136.37618,34.75578],[136.37566,34.75755],[136.3746,34.75995],[136.37669,34.76023],[136.37515,34.76448],[136.37491,34.76587],[136.37466,34.76598],[136.37442,34.76648],[136.37528,34.76641],[136.37587,34.7658],[136.37658,34.76577],[136.37704,34.76593],[136.37739,34.76627],[136.37851,34.76624],[136.37955,34.76711],[136.38054,34.76743],[136.38068,34.76669],[136.38115,34.76623]]]},"properties":{"key":"242012210","name":"美里町穴倉","pref":"三重県","prefCode":"24","municipality":"津市","areaM2":4162860.177,"population":227,"toponymIds":["24-0047509770"]}},{"type":"Feature","geometry":{"type":"Polygon","coordinates":[[[136.62198,34.99283],[136.61963,34.99292],[136.61973,34.99409],[136.62032,34.9945],[136.61984,34.99492],[136.62051,34.99482],[136.62214,34.99288],[136.62198,34.99283]]]},"properties":{"key":"242023510","name":"阿倉川新町","pref":"三重県","prefCode":"24","municipality":"四日市市","areaM2":30484.345,"population":273,"toponymIds":["24-6493e91d2a"]}},{"type":"Feature","geometry":{"type":"Polygon","coordinates":[[[136.62564,34.98747],[136.62594,34.9875],[136.62671,34.98714],[136.62705,34.98733],[136.62982,34.98623],[136.62996,34.98559],[136.63041,34.98517],[136.62994,34.98465],[136.62913,34.98422],[136.62828,34.98346],[136.62601,34.98449],[136.62439,34.98484],[136.62477,34.98569],[136.62503,34.98728],[136.62527,34.98762],[136.62564,34.98747]]]},"properties":{"key":"242023130","name":"阿倉川町","pref":"三重県","prefCode":"24","municipality":"四日市市","areaM2":148427.55,"population":761,"toponymIds":["24-71e359aa67"]}},{"type":"Feature","geometry":{"type":"Polygon","coordinates":[[[136.60576,34.97049],[136.60563,34.97023],[136.60519,34.97032],[136.60238,34.9713],[136.60378,34.974],[136.60699,34.97286],[136.60576,34.97049]]]},"properties":{"key":"24202057001","name":"伊倉一丁目","pref":"三重県","prefCode":"24","municipality":"四日市市","areaM2":103424.476,"population":685,"toponymIds":["24-0d0fd01a3e"]}},{"type":"Feature","geometry":{"type":"Polygon","coordinates":[[[136.58601,34.98594],[136.58602,34.98522],[136.58553,34.98403],[136.5862,34.98374],[136.5864,34.98274],[136.58765,34.9826],[136.58778,34.98196],[136.58742,34.98168],[136.5864,34.9818],[136.5858,34.98122],[136.58548,34.98135],[136.58527,34.98087],[136.58565,34.9806],[136.58559,34.98035],[136.58583,34.9801],[136.58664,34.97986],[136.58828,34.98122],[136.58831,34.98145],[136.58781,34.98155],[136.58812,34.98174],[136.58901,34.98161],[136.58893,34.982],[136.58978,34.98187],[136.5898,34.98166],[136.59075,34.98194],[136.59081,34.98171],[136.59125,34.98158],[136.59179,34.98208],[136.59216,34.98327],[136.59297,34.98416],[136.59376,34.98382],[136.59424,34.98324],[136.59439,34.98288],[136.59431,34.98253],[136.59465,34.98212],[136.59454,34.9821],[136.59457,34.98168],[136.59512,34.98149],[136.59482,34.98052],[136.59712,34.97871],[136.59757,34.97757],[136.59837,34.97626],[136.59622,34.97573],[136.5946,34.97568],[136.59318,34.97512],[136.59167,34.97488],[136.5903,34.97479],[136.5886,34.97497],[136.5882,34.97437],[136.58808,34.97441],[136.58816,34.97365],[136.58749,34.97256],[136.58708,34.97137],[136.58249,34.97352],[136.58153,34.97374],[136.58049,34.97374],[136.58018,34.97394],[136.58115,34.9766],[136.58092,34.97664],[136.58135,34.97783],[136.57965,34.97817],[136.58008,34.97908],[136.58044,34.97895],[136.58071,34.97951],[136.58088,34.97956],[136.58225,34.98275],[136.58349,34.98505],[136.58345,34.98578],[136.58355,34.98563],[136.58601,34.98594]]]},"properties":{"key":"242021830","name":"尾平町","pref":"三重県","prefCode":"24","municipality":"四日市市","areaM2":1390439.697,"population":2056,"toponymIds":["24-90628f7572"]}},{"type":"Feature","geometry":{"type":"Polygon","coordinates":[[[136.63086,34.97294],[136.63064,34.97227],[136.62763,34.97283],[136.62503,34.97289],[136.62509,34.97434],[136.62545,34.97519],[136.62644,34.97677],[136.63201,34.97477],[136.63083,34.97355],[136.63086,34.97294]]]},"properties":{"key":"242023340","name":"川原町","pref":"三重県","prefCode":"24","municipality":"四日市市","areaM2":196114.644,"population":941,"toponymIds":["24-106d25238d"]}},{"type":"Feature","geometry":{"type":"Polygon","coordinates":[[[136.62472,34.92095],[136.62466,34.91962],[136.62485,34.91919],[136.62531,34.91873],[136.62509,34.91865],[136.62449,34.91866],[136.62449,34.91896],[136.61945,34.91998],[136.6196,34.92063],[136.61918,34.92081],[136.619,34.92064],[136.61661,34.92077],[136.61871,34.92397],[136.61937,34.9245],[136.62562,34.92604],[136.62586,34.92488],[136.62465,34.92428],[136.62473,34.92299],[136.62455,34.92229],[136.62485,34.92223],[136.62472,34.92095]]]},"properties":{"key":"24202356001","name":"楠町小倉","pref":"三重県","prefCode":"24","municipality":"四日市市","areaM2":386577.34,"population":293,"toponymIds":["24-174f4090dd"]}},{"type":"Feature","geometry":{"type":"Polygon","coordinates":[[[136.63366,34.96436],[136.63333,34.96394],[136.63117,34.96486],[136.63249,34.96678],[136.63477,34.96544],[136.63366,34.96436]]]},"properties":{"key":"242020230","name":"蔵町","pref":"三重県","prefCode":"24","municipality":"四日市市","areaM2":54807.067,"population":181,"toponymIds":["24-6096306ec0"]}},{"type":"Feature","geometry":{"type":"Polygon","coordinates":[[[136.60784,34.99742],[136.60821,34.99712],[136.60869,34.99757],[136.60909,34.99729],[136.6092,34.99688],[136.60953,34.99697],[136.61002,34.9968],[136.61047,34.99698],[136.61308,34.99416],[136.61335,34.99336],[136.61332,34.99319],[136.61238,34.99243],[136.61258,34.99196],[136.61174,34.99058],[136.61178,34.99],[136.61239,34.9893],[136.60994,34.98701],[136.61187,34.98516],[136.61117,34.9847],[136.60988,34.9833],[136.60933,34.98347],[136.60398,34.98681],[136.60439,34.98733],[136.60333,34.98771],[136.60399,34.98905],[136.60324,34.98949],[136.60392,34.99108],[136.60331,34.99129],[136.60347,34.99164],[136.60248,34.99231],[136.60286,34.9926],[136.60279,34.99317],[136.60339,34.99323],[136.60335,34.99344],[136.604,34.99348],[136.604,34.99368],[136.60527,34.99377],[136.60499,34.99521],[136.60559,34.99549],[136.60611,34.99618],[136.60576,34.99636],[136.6064,34.99725],[136.60675,34.99708],[136.60708,34.99752],[136.6073,34.99739],[136.6076,34.99767],[136.60784,34.99742]]]},"properties":{"key":"242022010","name":"小杉町","pref":"三重県","prefCode":"24","municipality":"四日市市","areaM2":956177.009,"population":1612,"toponymIds":["24-d8d27c88d8"]}},{"type":"Feature","geometry":{"type":"Polygon","coordinates":[[[136.53871,34.9351],[136.53925,34.93499],[136.53951,34.93515],[136.54122,34.93438],[136.54144,34.93419],[136.54143,34.93374],[136.54229,34.93306],[136.54192,34.93247],[136.54473,34.93136],[136.54364,34.92975],[136.54359,34.92929],[136.54499,34.92951],[136.54663,34.92872],[136.54691,34.92875],[136.54692,34.92822],[136.54667,34.92736],[136.54616,34.92757],[136.54521,34.926],[136.54538,34.92576],[136.54498,34.9251],[136.5449,34.92417],[136.54468,34.92401],[136.5452,34.92368],[136.54514,34.92304],[136.54082,34.9238],[136.53667,34.92567],[136.53659,34.92552],[136.5349,34.92628],[136.5338,34.92654],[136.53273,34.92653],[136.53155,34.92696],[136.53015,34.92794],[136.53003,34.92821],[136.52827,34.92922],[136.52301,34.93165],[136.52321,34.93179],[136.5223,34.93251],[136.51976,34.93421],[136.52006,34.93457],[136.52169,34.93416],[136.52235,34.9348],[136.52289,34.93438],[136.52404,34.93402],[136.5242,34.93421],[136.52436,34.93411],[136.52447,34.93422],[136.52489,34.93403],[136.52549,34.93448],[136.52653,34.93456],[136.52664,34.93584],[136.52974,34.93346],[136.5315,34.93333],[136.53284,34.93304],[136.5334,34.93367],[136.53272,34.93426],[136.53332,34.93556],[136.53284,34.93611],[136.53457,34.93765],[136.53861,34.93563],[136.53871,34.9351]]]},"properties":{"key":"242021480","name":"鹿間町","pref":"三重県","prefCode":"24","municipality":"四日市市","areaM2":1804837.127,"population":663,"toponymIds":["24-32c2aca909"]}},{"type":"Feature","geometry":{"type":"Polygon","coordinates":[[[136.55961,34.99621],[136.55978,34.99555],[136.55899,34.99488],[136.55822,34.99461],[136.55776,34.99417],[136.55744,34.99355],[136.5571,34.99329],[136.55677,34.99228],[136.55572,34.99221],[136.55562,34.99208],[136.55596,34.99132],[136.55582,34.99106],[136.55568,34.99151],[136.55492,34.99229],[136.55367,34.99014],[136.55323,34.99006],[136.55304,34.99049],[136.55252,34.99017],[136.55197,34.99046],[136.55163,34.99092],[136.55119,34.99064],[136.55078,34.99211],[136.55087,34.99256],[136.55058,34.99285],[136.55092,34.99313],[136.55044,34.99356],[136.55083,34.99346],[136.55126,34.99382],[136.55001,34.9949],[136.55209,34.99602],[136.55328,34.99479],[136.55427,34.99539],[136.55498,34.99476],[136.55534,34.99508],[136.55465,34.99569],[136.55518,34.99609],[136.55568,34.99565],[136.55558,34.99619],[136.55638,34.99651],[136.55673,34.99684],[136.55758,34.99829],[136.55816,34.99834],[136.55842,34.99862],[136.55961,34.99621]]]},"properties":{"key":"242021790","name":"菅原町","pref":"三重県","prefCode":"24","municipality":"四日市市","areaM2":372133.966,"population":213,"toponymIds":["24-cc9be62602"]}},{"type":"Feature","geometry":{"type":"Polygon","coordinates":[[[136.55593,34.99094],[136.55677,34.99087],[136.55766,34.99045],[136.55971,34.9899],[136.55999,34.99027],[136.56428,34.98855],[136.56453,34.98894],[136.56594,34.98841],[136.56543,34.98756],[136.56791,34.98659],[136.56911,34.98537],[136.56889,34.98522],[136.56868,34.98447],[136.5685,34.98447],[136.56803,34.98256],[136.57074,34.98204],[136.57232,34.98148],[136.57648,34.9809],[136.57824,34.98037],[136.57868,34.97954],[136.58008,34.97908],[136.57965,34.97817],[136.5763,34.97857],[136.57132,34.97863],[136.57137,34.97963],[136.57076,34.97961],[136.57096,34.98044],[136.57019,34.98058],[136.57033,34.98105],[136.5701,34.9811],[136.56996,34.98062],[136.5693,34.98074],[136.56916,34.98023],[136.56753,34.98051],[136.56737,34.9799],[136.56703,34.98015],[136.56678,34.97959],[136.56564,34.97983],[136.55969,34.98029],[136.55956,34.97958],[136.55827,34.97961],[136.55411,34.98029],[136.55352,34.97987],[136.55293,34.97997],[136.55266,34.98022],[136.55244,34.98009],[136.55165,34.9805],[136.55118,34.98079],[136.55138,34.98109],[136.55,34.98207],[136.54977,34.98256],[136.54959,34.98269],[136.54919,34.98264],[136.54928,34.9831],[136.54884,34.9831],[136.54878,34.98453],[136.54854,34.9847],[136.54926,34.98532],[136.54891,34.98582],[136.54895,34.98637],[136.55004,34.98588],[136.55211,34.98567],[136.55231,34.98646],[136.5521,34.9871],[136.55271,34.98764],[136.55117,34.98916],[136.55118,34.98949],[136.55187,34.9901],[136.55208,34.98988],[136.5526,34.99007],[136.55252,34.99017],[136.55304,34.99049],[136.55323,34.99006],[136.55367,34.99014],[136.55492,34.99229],[136.55568,34.99151],[136.55593,34.99094]]]},"properties":{"key":"242021840","name":"高角町","pref":"三重県","prefCode":"24","municipality":"四日市市","areaM2":1974636.728,"population":1274,"toponymIds":["24-40d6c8b155"]}},{"type":"Feature","geometry":{"type":"Polygon","coordinates":[[[136.61075,35.0039],[136.61084,35.00317],[136.61065,35.00298],[136.61059,35.00232],[136.61033,35.00234],[136.61029,35.00222],[136.60982,35.00233],[136.60979,35.00214],[136.6093,35.00211],[136.6094,35.0014],[136.60906,35.00135],[136.60804,35.00308],[136.6078,35.00382],[136.60836,35.00419],[136.60928,35.00383],[136.6096,35.00472],[136.61064,35.00449],[136.61075,35.0039]]]},"properties":{"key":"242023500","name":"垂坂新町","pref":"三重県","prefCode":"24","municipality":"四日市市","areaM2":58215.089,"population":488,"toponymIds":["24-66327b76d3"]}},{"type":"Feature","geometry":{"type":"Polygon","coordinates":[[[136.61388,35.01635],[136.61433,35.01631],[136.61475,35.01675],[136.61636,35.01612],[136.61769,35.01642],[136.61743,35.01539],[136.618,35.01495],[136.61859,35.01352],[136.61909,35.01275],[136.62011,35.01227],[136.62112,35.01209],[136.62271,35.01002],[136.62248,35.00982],[136.62243,35.00943],[136.62272,35.00897],[136.62258,35.0086],[136.62304,35.0085],[136.6233,35.00823],[136.62272,35.00768],[136.62016,35.00762],[136.61949,35.0073],[136.61903,35.00741],[136.61678,35.00734],[136.61669,35.00715],[136.61674,35.00675],[136.61734,35.00661],[136.61801,35.00619],[136.61775,35.0055],[136.61799,35.00547],[136.61798,35.00528],[136.61871,35.00464],[136.61906,35.00457],[136.61914,35.00438],[136.61976,35.0048],[136.62022,35.00487],[136.62021,35.00326],[136.6214,35.00348],[136.62085,35.00279],[136.62075,35.00221],[136.62075,35.00173],[136.62115,35.00135],[136.62092,35.0002],[136.62106,34.99985],[136.62059,34.99968],[136.62038,34.99929],[136.61976,34.99933],[136.61918,34.99905],[136.61845,34.99786],[136.61844,34.99868],[136.61738,34.99943],[136.61653,35.00029],[136.61656,35.00063],[136.61618,35.00137],[136.61579,35.00165],[136.61571,35.00148],[136.61514,35.00165],[136.61475,35.00228],[136.61366,35.00255],[136.61359,35.00233],[136.61335,35.00239],[136.61342,35.0026],[136.6128,35.00276],[136.61241,35.00225],[136.61201,35.00218],[136.61194,35.00208],[136.61208,35.00202],[136.61169,35.00159],[136.61116,35.00179],[136.60978,35.00052],[136.60972,35.00067],[136.60955,35.00063],[136.60906,35.00135],[136.6094,35.0014],[136.6093,35.00211],[136.60979,35.00214],[136.60982,35.00233],[136.61029,35.00222],[136.61033,35.00234],[136.61059,35.00232],[136.61065,35.00298],[136.61084,35.00317],[136.6119,35.00277],[136.61201,35.00311],[136.61344,35.00386],[136.61321,35.00391],[136.61332,35.00418],[136.61352,35.00414],[136.61378,35.00439],[136.61305,35.00486],[136.61326,35.00535],[136.61252,35.00556],[136.61235,35.00547],[136.6122,35.00566],[136.6123,35.00595],[136.61099,35.00537],[136.6109,35.00515],[136.61124,35.00478],[136.61109,35.00463],[136.61086,35.00469],[136.61071,35.00455],[136.60918,35.00498],[136.60907,35.0049],[136.60632,35.00671],[136.60609,35.00647],[136.60585,35.00675],[136.60587,35.00715],[136.60568,35.00725],[136.60623,35.00773],[136.60621,35.00825],[136.60678,35.00903],[136.60751,35.00946],[136.60692,35.01001],[136.60692,35.01018],[136.6082,35.01063],[136.60881,35.01114],[136.60819,35.01189],[136.61175,35.01401],[136.61069,35.01572],[136.61103,35.01609],[136.61175,35.01661],[136.6121,35.01714],[136.61271,35.01752],[136.61354,35.01714],[136.61365,35.01694],[136.61357,35.01662],[136.61388,35.01635]]]},"properties":{"key":"242022500","name":"垂坂町","pref":"三重県","prefCode":"24","municipality":"四日市市","areaM2":1697257.884,"population":1652,"toponymIds":["24-8a65569db0"]}},{"type":"Feature","geometry":{"type":"Polygon","coordinates":[[[136.60269,34.97637],[136.60267,34.97588],[136.6031,34.97594],[136.60454,34.97549],[136.60351,34.97349],[136.60116,34.97407],[136.59832,34.97506],[136.59832,34.9748],[136.5976,34.97508],[136.59737,34.97533],[136.59764,34.97541],[136.59765,34.97613],[136.5978,34.97616],[136.60067,34.97653],[136.60269,34.97637]]]},"properties":{"key":"242020580","name":"西伊倉町","pref":"三重県","prefCode":"24","municipality":"四日市市","areaM2":133634.554,"population":733,"toponymIds":["24-8fab58e7f5"]}},{"type":"Feature","geometry":{"type":"Polygon","coordinates":[[[136.62399,35.00791],[136.62383,35.00705],[136.62394,35.00665],[136.62333,35.00685],[136.62298,35.00757],[136.62216,35.00714],[136.62113,35.00725],[136.62106,35.0071],[136.62129,35.00697],[136.62131,35.0066],[136.62117,35.00647],[136.62203,35.00592],[136.62195,35.00504],[136.62302,35.00472],[136.62359,35.00479],[136.62419,35.00498],[136.62513,35.00579],[136.62649,35.00549],[136.62758,35.0057],[136.62786,35.00552],[136.62746,35.00453],[136.62654,35.00454],[136.62514,35.00421],[136.62512,35.00374],[136.624,35.00383],[136.62333,35.00411],[136.6224,35.00392],[136.6213,35.00345],[136.62021,35.00326],[136.62022,35.00487],[136.61976,35.0048],[136.61914,35.00438],[136.61906,35.00457],[136.61831,35.00494],[136.61799,35.00547],[136.61775,35.0055],[136.61801,35.00619],[136.61734,35.00661],[136.61674,35.00675],[136.61678,35.00734],[136.61903,35.00741],[136.61949,35.0073],[136.62016,35.00762],[136.62272,35.00768],[136.6233,35.00823],[136.6237,35.00832],[136.62399,35.00791]]]},"properties":{"key":"242022520","name":"東垂坂町","pref":"三重県","prefCode":"24","municipality":"四日市市","areaM2":219767.799,"population":962,"toponymIds":["24-297ccc6b6a"]}},{"type":"Feature","geometry":{"type":"Polygon","coordinates":[[[136.6122,35.00566],[136.61235,35.00547],[136.61252,35.00556],[136.61326,35.00535],[136.61305,35.00486],[136.61378,35.00439],[136.61352,35.00414],[136.61332,35.00418],[136.61321,35.00391],[136.61344,35.00386],[136.61201,35.00311],[136.6119,35.00277],[136.61084,35.00317],[136.61064,35.00449],[136.6096,35.00472],[136.60928,35.00383],[136.60836,35.00419],[136.60918,35.00498],[136.61028,35.00462],[136.61109,35.00463],[136.61124,35.00478],[136.6109,35.00515],[136.61099,35.00537],[136.6123,35.00595],[136.6122,35.00566]]]},"properties":{"key":"242022490","name":"南垂坂町","pref":"三重県","prefCode":"24","municipality":"四日市市","areaM2":67964.466,"population":407,"toponymIds":["24-afcc0260e3"]}},{"type":"Feature","geometry":{"type":"Polygon","coordinates":[[[136.70157,34.52573],[136.70373,34.5257],[136.70372,34.52526],[136.7046,34.52526],[136.70459,34.52537],[136.70644,34.52529],[136.70663,34.5244],[136.70728,34.52279],[136.7112,34.51596],[136.71016,34.51557],[136.71052,34.51495],[136.711,34.51504],[136.71129,34.5143],[136.70628,34.51441],[136.70308,34.5125],[136.70182,34.51072],[136.70089,34.51038],[136.70088,34.50997],[136.70013,34.50978],[136.69877,34.50995],[136.69428,34.51331],[136.69337,34.51321],[136.69148,34.51239],[136.68984,34.51113],[136.68864,34.51152],[136.68626,34.51092],[136.68629,34.5111],[136.68586,34.51173],[136.68547,34.51332],[136.6859,34.51369],[136.68566,34.51389],[136.68613,34.51445],[136.68636,34.51522],[136.68711,34.51588],[136.68713,34.5161],[136.69019,34.51679],[136.69149,34.51672],[136.69135,34.51782],[136.69182,34.51783],[136.69179,34.51814],[136.69336,34.51846],[136.69443,34.51944],[136.69536,34.51978],[136.69664,34.51977],[136.69812,34.51943],[136.69916,34.52012],[136.70072,34.52248],[136.70087,34.52311],[136.70073,34.52555],[136.70164,34.52744],[136.702,34.52729],[136.7016,34.52688],[136.70133,34.52625],[136.70187,34.52623],[136.70187,34.5261],[136.70158,34.5261],[136.70157,34.52573]]]},"properties":{"key":"242030680","name":"磯町","pref":"三重県","prefCode":"24","municipality":"伊勢市","areaM2":2066439.035,"population":693,"toponymIds":["24-0f3ffad2ec"]}},{"type":"Feature","geometry":{"type":"Polygon","coordinates":[[[136.68053,34.47398],[136.68076,34.47364],[136.68031,34.47319],[136.68019,34.4715],[136.67997,34.47189],[136.67854,34.4729],[136.67805,34.4729],[136.67714,34.47166],[136.67692,34.47188],[136.67701,34.47217],[136.67672,34.47239],[136.67572,34.4723],[136.67554,34.47339],[136.67561,34.47383],[136.67533,34.47397],[136.67483,34.47386],[136.67409,34.47328],[136.67439,34.47294],[136.67452,34.47248],[136.67313,34.47174],[136.67253,34.47102],[136.6714,34.47067],[136.66999,34.4725],[136.66748,34.47407],[136.66793,34.47436],[136.67054,34.47446],[136.67121,34.47512],[136.67264,34.47597],[136.67882,34.47888],[136.6795,34.47762],[136.67906,34.47708],[136.67962,34.47698],[136.67974,34.47681],[136.67931,34.4757],[136.68011,34.47435],[136.68053,34.47398]]]},"properties":{"key":"242030200","name":"大倉町","pref":"三重県","prefCode":"24","municipality":"伊勢市","areaM2":500786.481,"population":729,"toponymIds":["24-63c08adee0"]}},{"type":"Feature","geometry":{"type":"Polygon","coordinates":[[[136.75355,34.50005],[136.7536,34.49989],[136.75625,34.50043],[136.75729,34.49834],[136.75713,34.49756],[136.75759,34.49633],[136.7582,34.49543],[136.75904,34.49513],[136.75919,34.49337],[136.75891,34.49273],[136.75847,34.49249],[136.75722,34.49217],[136.75515,34.49212],[136.75426,34.49128],[136.75353,34.48947],[136.75251,34.48871],[136.75196,34.48786],[136.75191,34.48726],[136.75147,34.4866],[136.75136,34.48547],[136.75098,34.48441],[136.75104,34.48404],[136.75163,34.48356],[136.75172,34.4833],[136.7519,34.48239],[136.75174,34.48223],[136.75183,34.48176],[136.75167,34.48148],[136.75205,34.48132],[136.75236,34.48084],[136.75205,34.48087],[136.75156,34.48062],[136.7512,34.48092],[136.75118,34.48146],[136.75153,34.48174],[136.75111,34.48231],[136.75067,34.48239],[136.75058,34.48167],[136.75045,34.48162],[136.75056,34.48274],[136.75045,34.4832],[136.75029,34.48327],[136.74988,34.4829],[136.74981,34.48216],[136.74935,34.48156],[136.74869,34.48189],[136.7482,34.48137],[136.74785,34.4814],[136.74639,34.48041],[136.74484,34.48039],[136.74451,34.47997],[136.74425,34.47991],[136.74267,34.48026],[136.74171,34.48086],[136.74191,34.48099],[136.7414,34.48097],[136.74068,34.48197],[136.7411,34.48278],[136.74152,34.48301],[136.74183,34.48382],[136.74143,34.48409],[136.7412,34.48484],[136.74071,34.48546],[136.74097,34.48574],[136.74053,34.48666],[136.74085,34.48699],[136.7408,34.48799],[136.74034,34.48821],[136.74007,34.48814],[136.74009,34.48856],[136.73981,34.48842],[136.73968,34.48852],[136.73983,34.48873],[136.73982,34.4896],[136.74051,34.48992],[136.74122,34.493],[136.74187,34.49329],[136.74202,34.49358],[136.74234,34.49312],[136.7429,34.49322],[136.74262,34.4934],[136.74297,34.49345],[136.74293,34.49383],[136.74253,34.49439],[136.74296,34.49436],[136.74257,34.49526],[136.74287,34.49533],[136.74317,34.49563],[136.74469,34.49588],[136.74504,34.49619],[136.74516,34.49692],[136.74566,34.49704],[136.74604,34.49691],[136.74632,34.49715],[136.74805,34.4975],[136.74863,34.49777],[136.74834,34.49817],[136.75016,34.49887],[136.75093,34.4996],[136.75125,34.49969],[136.75139,34.49952],[136.7533,34.5005],[136.75355,34.50005]]]},"properties":{"key":"242030610","name":"鹿海町","pref":"三重県","prefCode":"24","municipality":"伊勢市","areaM2":2316642.741,"population":1423,"toponymIds":["24-a9b60ee844"]}},{"type":"Feature","geometry":{"type":"Polygon","coordinates":[[[136.19259,34.37582],[136.19287,34.3742],[136.1926,34.36881],[136.19286,34.36635],[136.19337,34.3647],[136.19401,34.36357],[136.19529,34.36224],[136.19664,34.36138],[136.19715,34.36005],[136.19498,34.3533],[136.19472,34.34961],[136.19517,34.34553],[136.18973,34.34113],[136.18759,34.34019],[136.18632,34.34002],[136.17801,34.34391],[136.17596,34.34513],[136.17479,34.34654],[136.17405,34.34775],[136.17406,34.3494],[136.17488,34.35475],[136.17466,34.35603],[136.17356,34.35713],[136.16755,34.35945],[136.16608,34.36079],[136.1587,34.36961],[136.15896,34.36988],[136.16059,34.37297],[136.16145,34.37358],[136.16248,34.37396],[136.16782,34.37496],[136.16917,34.37517],[136.17316,34.37463],[136.17472,34.37473],[136.1772,34.37534],[136.18198,34.3772],[136.18278,34.37733],[136.18458,34.37719],[136.18528,34.37687],[136.18771,34.37496],[136.18852,34.37454],[136.18946,34.37466],[136.18974,34.37546],[136.19049,34.37609],[136.19145,34.37616],[136.19259,34.37582]]]},"properties":{"key":"242042410","name":"飯高町猿山","pref":"三重県","prefCode":"24","municipality":"松阪市","areaM2":8832712.028,"population":0,"toponymIds":["24-64a6016a0f"]}},{"type":"Feature","geometry":{"type":"Polygon","coordinates":[[[136.12047,34.43686],[136.12326,34.43577],[136.12639,34.43507],[136.12692,34.43482],[136.12818,34.43354],[136.12984,34.43111],[136.13225,34.42956],[136.13214,34.42922],[136.1268,34.42659],[136.12612,34.42723],[136.12548,34.42733],[136.12474,34.42729],[136.12419,34.42704],[136.12369,34.42645],[136.1217,34.42677],[136.12029,34.42732],[136.11677,34.42934],[136.11268,34.42924],[136.11186,34.42962],[136.11064,34.43102],[136.1102,34.43117],[136.10973,34.43116],[136.10763,34.42971],[136.10615,34.42946],[136.10464,34.42989],[136.1038,34.43034],[136.10304,34.43101],[136.10215,34.43325],[136.10162,34.43572],[136.10417,34.4358],[136.107,34.43548],[136.10884,34.43587],[136.11055,34.43568],[136.11228,34.43628],[136.11331,34.43697],[136.11655,34.43676],[136.11886,34.43706],[136.12047,34.43686]]]},"properties":{"key":"242042490","name":"飯高町草鹿野","pref":"三重県","prefCode":"24","municipality":"松阪市","areaM2":2032345.505,"population":4,"toponymIds":["24-df796e2c17"]}},{"type":"Feature","geometry":{"type":"Polygon","coordinates":[[[136.35763,34.51092],[136.35809,34.51086],[136.35881,34.51047],[136.3597,34.51069],[136.3608,34.51038],[136.36134,34.50989],[136.36272,34.50966],[136.36325,34.50911],[136.36377,34.50936],[136.36415,34.50931],[136.36517,34.50837],[136.36548,34.5074],[136.36735,34.50716],[136.36774,34.50664],[136.36863,34.50635],[136.36943,34.50643],[136.36956,34.50684],[136.36968,34.50626],[136.37033,34.50537],[136.37047,34.50376],[136.37115,34.50225],[136.37209,34.50233],[136.37287,34.50159],[136.37311,34.49951],[136.37351,34.49876],[136.37278,34.49625],[136.37284,34.49594],[136.37433,34.49404],[136.37531,34.49348],[136.37558,34.49264],[136.37506,34.49241],[136.3741,34.49163],[136.37287,34.49042],[136.37283,34.48657],[136.37309,34.48589],[136.37491,34.4839],[136.37505,34.48257],[136.37533,34.48264],[136.37571,34.4819],[136.37599,34.48199],[136.37596,34.4822],[136.37614,34.48134],[136.37589,34.48067],[136.3753,34.48035],[136.37492,34.47988],[136.37397,34.47984],[136.37226,34.47917],[136.37148,34.47852],[136.36993,34.47848],[136.36898,34.47824],[136.36783,34.47836],[136.36668,34.4777],[136.36629,34.47773],[136.36518,34.47822],[136.36225,34.47794],[136.36142,34.47825],[136.36078,34.47786],[136.36005,34.47701],[136.35973,34.47689],[136.35951,34.47601],[136.35884,34.4756],[136.35834,34.47501],[136.35739,34.47491],[136.35695,34.47444],[136.35411,34.47415],[136.35268,34.47345],[136.35193,34.47271],[136.35183,34.47002],[136.35171,34.46958],[136.35104,34.46862],[136.35101,34.46747],[136.3508,34.46667],[136.35088,34.46565],[136.35072,34.46509],[136.35028,34.46441],[136.34884,34.46294],[136.34839,34.4618],[136.348,34.46124],[136.34702,34.46137],[136.34514,34.46085],[136.34417,34.46081],[136.3424,34.46199],[136.341,34.46213],[136.34026,34.46237],[136.33969,34.46269],[136.33841,34.46395],[136.33798,34.46408],[136.33705,34.46358],[136.33656,34.46302],[136.33431,34.463],[136.33268,34.46253],[136.33202,34.46202],[136.33168,34.46134],[136.33111,34.46081],[136.32969,34.46071],[136.32881,34.46086],[136.32708,34.46048],[136.32642,34.46134],[136.32627,34.46223],[136.32585,34.46288],[136.32527,34.4636],[136.32443,34.46427],[136.32362,34.46456],[136.32321,34.46532],[136.32169,34.46567],[136.32085,34.46624],[136.32036,34.46623],[136.31817,34.4669],[136.31729,34.46698],[136.31638,34.46773],[136.31553,34.46776],[136.31492,34.4681],[136.31417,34.46814],[136.31372,34.47026],[136.31397,34.47087],[136.31497,34.47197],[136.31573,34.47333],[136.31586,34.47409],[136.3184,34.47526],[136.31989,34.4757],[136.32017,34.47598],[136.3214,34.47658],[136.32225,34.47725],[136.32296,34.47831],[136.32437,34.47945],[136.32416,34.48112],[136.32424,34.48219],[136.32449,34.48299],[136.32435,34.48333],[136.32466,34.4847],[136.32428,34.48651],[136.32502,34.48752],[136.32506,34.48781],[136.32469,34.48887],[136.32456,34.4901],[136.32702,34.49031],[136.32816,34.49015],[136.32934,34.49051],[136.33115,34.49166],[136.33185,34.49118],[136.33297,34.49111],[136.33414,34.49056],[136.3352,34.49111],[136.33615,34.49241],[136.33715,34.49298],[136.33813,34.49474],[136.339,34.49505],[136.33942,34.49567],[136.34031,34.49621],[136.34057,34.49664],[136.34152,34.4974],[136.34236,34.49863],[136.34302,34.49894],[136.3435,34.49995],[136.34366,34.50156],[136.34424,34.50274],[136.34503,34.50356],[136.34543,34.50426],[136.34519,34.50551],[136.34635,34.50704],[136.34946,34.50816],[136.3502,34.50808],[136.3513,34.50846],[136.352,34.50978],[136.35297,34.51001],[136.35419,34.51072],[136.35483,34.51081],[136.356,34.51024],[136.35668,34.51078],[136.35716,34.51073],[136.35763,34.51092]]]},"properties":{"key":"242042220","name":"飯南町上仁柿","pref":"三重県","prefCode":"24","municipality":"松阪市","areaM2":17600037.944,"population":212,"toponymIds":["24-64b297c078"]}},{"type":"Feature","geometry":{"type":"Polygon","coordinates":[[[136.37682,34.50256],[136.37832,34.50117],[136.37878,34.49939],[136.37842,34.4981],[136.37926,34.49735],[136.37875,34.49702],[136.37905,34.49657],[136.37889,34.49603],[136.37855,34.49567],[136.37833,34.49584],[136.37822,34.49577],[136.37835,34.49541],[136.37867,34.49522],[136.3786,34.4945],[136.37836,34.49417],[136.3788,34.49374],[136.37977,34.49353],[136.3804,34.49303],[136.38109,34.49279],[136.38146,34.49174],[136.38292,34.4905],[136.38224,34.48938],[136.38238,34.48847],[136.38374,34.48791],[136.38404,34.48758],[136.38412,34.48685],[136.3844,34.48647],[136.38655,34.48522],[136.38679,34.48477],[136.38736,34.48428],[136.38807,34.48406],[136.38835,34.4833],[136.38927,34.48254],[136.3894,34.48178],[136.39013,34.48151],[136.39087,34.48089],[136.392,34.47938],[136.3928,34.47919],[136.39313,34.47887],[136.39324,34.4786],[136.39305,34.47834],[136.39204,34.47784],[136.39181,34.47703],[136.39203,34.47663],[136.39266,34.47625],[136.39261,34.47596],[136.39211,34.47573],[136.39132,34.47582],[136.39091,34.47538],[136.39066,34.47497],[136.39117,34.47435],[136.39067,34.47375],[136.39181,34.47244],[136.39329,34.47218],[136.39468,34.47117],[136.3954,34.47136],[136.39628,34.4712],[136.39586,34.47034],[136.39516,34.47021],[136.39345,34.47033],[136.39258,34.47021],[136.39043,34.46958],[136.38949,34.46898],[136.38798,34.4685],[136.38487,34.46775],[136.38255,34.46746],[136.38027,34.46764],[136.3791,34.46758],[136.37851,34.46644],[136.37802,34.4659],[136.37616,34.46491],[136.37383,34.46308],[136.37303,34.4627],[136.37261,34.46273],[136.37097,34.46348],[136.36957,34.46358],[136.36845,34.4644],[136.36664,34.46511],[136.3651,34.46534],[136.36355,34.46521],[136.36247,34.46559],[136.36141,34.46503],[136.36006,34.46404],[136.35831,34.46379],[136.35591,34.46293],[136.35308,34.46153],[136.35126,34.46086],[136.3493,34.46061],[136.34832,34.46095],[136.348,34.46124],[136.34839,34.4618],[136.34884,34.46294],[136.35028,34.46441],[136.35084,34.46542],[136.3508,34.46667],[136.35101,34.46747],[136.35104,34.46862],[136.35171,34.46958],[136.35183,34.47002],[136.35193,34.47271],[136.35268,34.47345],[136.35411,34.47415],[136.35695,34.47444],[136.35739,34.47491],[136.35834,34.47501],[136.35884,34.4756],[136.35951,34.47601],[136.35973,34.47689],[136.36005,34.47701],[136.36078,34.47786],[136.36142,34.47825],[136.36225,34.47794],[136.36518,34.47822],[136.36629,34.47773],[136.36668,34.4777],[136.36783,34.47836],[136.36898,34.47824],[136.36993,34.47848],[136.37148,34.47852],[136.37226,34.47917],[136.37397,34.47984],[136.37492,34.47988],[136.3753,34.48035],[136.37589,34.48067],[136.37614,34.48134],[136.37596,34.4822],[136.37599,34.48199],[136.37571,34.4819],[136.37533,34.48264],[136.37505,34.48257],[136.37491,34.4839],[136.37309,34.48589],[136.37283,34.48657],[136.37287,34.49042],[136.3741,34.49163],[136.37506,34.49241],[136.37558,34.49264],[136.37553,34.49304],[136.37531,34.49348],[136.37433,34.49404],[136.37284,34.49594],[136.37278,34.49625],[136.37351,34.49876],[136.37311,34.49951],[136.37287,34.50159],[136.37209,34.50233],[136.37115,34.50225],[136.37064,34.50335],[136.37322,34.50409],[136.374,34.50413],[136.37646,34.50334],[136.37682,34.50256]]]},"properties":{"key":"242042230","name":"飯南町下仁柿","pref":"三重県","prefCode":"24","municipality":"松阪市","areaM2":7574093.801,"population":186,"toponymIds":["24-dd2d727ab0"]}},{"type":"Feature","geometry":{"type":"Polygon","coordinates":[[[136.42663,34.58372],[136.42684,34.58266],[136.42493,34.58115],[136.42453,34.58054],[136.42371,34.57996],[136.42325,34.57927],[136.42296,34.57762],[136.42254,34.57782],[136.42229,34.57759],[136.42169,34.57744],[136.42164,34.57696],[136.42313,34.57522],[136.42202,34.57484],[136.42058,34.57283],[136.41879,34.57324],[136.41679,34.57349],[136.41443,34.57345],[136.41219,34.5729],[136.41078,34.57234],[136.40984,34.57023],[136.41125,34.56988],[136.41168,34.56944],[136.41187,34.56768],[136.41094,34.56678],[136.41099,34.56613],[136.41122,34.56583],[136.41098,34.56549],[136.41092,34.56499],[136.40994,34.56392],[136.40944,34.56362],[136.40915,34.56357],[136.40828,34.56393],[136.40658,34.56396],[136.4061,34.56433],[136.40641,34.56656],[136.40559,34.56751],[136.40443,34.56819],[136.4042,34.56856],[136.40349,34.56903],[136.40336,34.5693],[136.40334,34.57038],[136.40225,34.57116],[136.40227,34.57161],[136.40323,34.57263],[136.40301,34.57327],[136.40196,34.57376],[136.40083,34.57362],[136.39959,34.57406],[136.39879,34.57399],[136.39822,34.57479],[136.39631,34.57522],[136.39618,34.5764],[136.39634,34.57696],[136.39578,34.57788],[136.39631,34.57908],[136.3977,34.57891],[136.39856,34.57925],[136.39845,34.57988],[136.39875,34.58063],[136.39961,34.58075],[136.40051,34.58111],[136.40065,34.58143],[136.40255,34.58277],[136.40276,34.58358],[136.40497,34.58382],[136.40587,34.58435],[136.40721,34.58393],[136.40767,34.58351],[136.40778,34.58319],[136.40874,34.58347],[136.41048,34.5829],[136.41221,34.58276],[136.41588,34.58298],[136.41997,34.5835],[136.42259,34.58408],[136.42357,34.58455],[136.42533,34.58614],[136.42663,34.58372]]]},"properties":{"key":"242041690","name":"嬉野岩倉町","pref":"三重県","prefCode":"24","municipality":"松阪市","areaM2":3252875.266,"population":2,"toponymIds":["24-82c196b1e5"]}},{"type":"Feature","geometry":{"type":"Polygon","coordinates":[[[136.49376,34.64241],[136.49274,34.64191],[136.49217,34.64209],[136.49062,34.64181],[136.49013,34.64186],[136.48882,34.64242],[136.48903,34.64366],[136.4882,34.64418],[136.48769,34.64542],[136.49002,34.64629],[136.49205,34.64756],[136.49336,34.64658],[136.49362,34.64582],[136.49383,34.64572],[136.49426,34.64398],[136.49376,34.64241]]]},"properties":{"key":"242041900","name":"嬉野川原木造町","pref":"三重県","prefCode":"24","municipality":"松阪市","areaM2":254570.191,"population":109,"toponymIds":["24-1cd7b2deb8"]}},{"type":"Feature","geometry":{"type":"Polygon","coordinates":[[[136.50632,34.57288],[136.50923,34.57122],[136.50944,34.57113],[136.50972,34.57139],[136.51043,34.57088],[136.51021,34.57074],[136.51045,34.57059],[136.51088,34.57057],[136.51111,34.57075],[136.51176,34.5703],[136.511,34.56949],[136.51115,34.56916],[136.51072,34.569],[136.51056,34.56822],[136.50966,34.56668],[136.50973,34.56478],[136.50949,34.56348],[136.5096,34.56342],[136.51025,34.56385],[136.51114,34.56479],[136.51112,34.5651],[136.51074,34.56527],[136.51087,34.56545],[136.51045,34.56573],[136.51109,34.5666],[136.51183,34.56644],[136.51387,34.56863],[136.51421,34.56848],[136.51525,34.56953],[136.51631,34.56895],[136.51539,34.56805],[136.51593,34.56801],[136.51641,34.5677],[136.51588,34.56712],[136.51564,34.56718],[136.51414,34.56562],[136.51439,34.56543],[136.51567,34.5652],[136.51483,34.56437],[136.5154,34.56403],[136.5132,34.56162],[136.51184,34.56253],[136.51172,34.56241],[136.51069,34.56298],[136.51006,34.56352],[136.50962,34.56304],[136.50861,34.56324],[136.50886,34.56436],[136.50499,34.5663],[136.50445,34.56569],[136.50226,34.56698],[136.50274,34.56753],[136.50194,34.56803],[136.50632,34.57288]]]},"properties":{"key":"242040910","name":"大足町","pref":"三重県","prefCode":"24","municipality":"松阪市","areaM2":731344.66,"population":381,"toponymIds":["24-1ace5b252e"]}},{"type":"Feature","geometry":{"type":"Polygon","coordinates":[[[136.59874,34.58877],[136.59924,34.58699],[136.59754,34.5866],[136.59696,34.58628],[136.59706,34.58567],[136.59583,34.58565],[136.59554,34.58578],[136.59469,34.58668],[136.59453,34.58706],[136.59464,34.58749],[136.59534,34.58756],[136.59606,34.58799],[136.59726,34.58999],[136.59782,34.58991],[136.59788,34.59086],[136.59814,34.59087],[136.59874,34.58877]]]},"properties":{"key":"242041240","name":"垣内田町","pref":"三重県","prefCode":"24","municipality":"松阪市","areaM2":116777.66,"population":45,"toponymIds":["24-b03d00f38e"]}},{"type":"Feature","geometry":{"type":"Polygon","coordinates":[[[136.60226,34.60192],[136.60218,34.60149],[136.60313,34.60118],[136.60328,34.60152],[136.60318,34.60117],[136.604,34.60075],[136.60373,34.59933],[136.6048,34.59905],[136.60448,34.59817],[136.60734,34.59742],[136.60694,34.59637],[136.60544,34.59532],[136.60523,34.59468],[136.60596,34.59444],[136.60595,34.59425],[136.60859,34.59357],[136.60986,34.59345],[136.60984,34.59305],[136.6089,34.59283],[136.60899,34.59247],[136.60522,34.59172],[136.6057,34.59008],[136.60344,34.58961],[136.60364,34.58876],[136.60133,34.58837],[136.60109,34.58917],[136.60023,34.589],[136.59991,34.58919],[136.5999,34.58901],[136.59874,34.58877],[136.59814,34.59087],[136.6013,34.59134],[136.60135,34.59244],[136.60199,34.59244],[136.60253,34.59268],[136.60343,34.59399],[136.60344,34.59434],[136.60247,34.59568],[136.60244,34.59659],[136.60208,34.59787],[136.60213,34.59874],[136.60147,34.59876],[136.60197,34.60159],[136.6021,34.60154],[136.60226,34.60192]]]},"properties":{"key":"242041170","name":"柿木原町","pref":"三重県","prefCode":"24","municipality":"松阪市","areaM2":539941.17,"population":57,"toponymIds":["24-4062ad4ab2"]}},{"type":"Feature","geometry":{"type":"Polygon","coordinates":[[[136.57183,34.57523],[136.57211,34.57518],[136.57151,34.57279],[136.57183,34.57266],[136.57187,34.57219],[136.5725,34.5723],[136.57174,34.57026],[136.56578,34.57173],[136.56305,34.57224],[136.56207,34.57216],[136.56077,34.57265],[136.55957,34.57338],[136.55736,34.57507],[136.55755,34.57531],[136.55752,34.57748],[136.55653,34.57799],[136.55693,34.57875],[136.5567,34.57895],[136.55679,34.57918],[136.55694,34.57911],[136.55734,34.57984],[136.55773,34.57981],[136.55769,34.57789],[136.57183,34.57523]]]},"properties":{"key":"242040640","name":"佐久米町","pref":"三重県","prefCode":"24","municipality":"松阪市","areaM2":698825.231,"population":128,"toponymIds":["24-efdde3fd13"]}},{"type":"Feature","geometry":{"type":"Polygon","coordinates":[[[136.58658,34.56465],[136.58741,34.56382],[136.5898,34.56242],[136.59088,34.56481],[136.59105,34.56454],[136.59315,34.56542],[136.59367,34.56436],[136.5922,34.56359],[136.59169,34.56277],[136.59058,34.56322],[136.58944,34.56043],[136.58741,34.5608],[136.58773,34.56203],[136.58418,34.56271],[136.58253,34.56182],[136.58167,34.562],[136.58311,34.56679],[136.58405,34.56655],[136.58392,34.56623],[136.58419,34.56617],[136.58433,34.56671],[136.58544,34.56648],[136.58577,34.56708],[136.58638,34.56691],[136.58622,34.56648],[136.58639,34.56643],[136.58622,34.56535],[136.58658,34.56465]]]},"properties":{"key":"242041630","name":"菅生町","pref":"三重県","prefCode":"24","municipality":"松阪市","areaM2":305473.65,"population":87,"toponymIds":["24-309dc9aa0e"]}},{"type":"Feature","geometry":{"type":"Polygon","coordinates":[[[136.70058,35.05846],[136.70091,35.05809],[136.70139,35.05839],[136.70343,35.05632],[136.70913,35.05769],[136.70957,35.05647],[136.71188,35.05262],[136.71201,35.0518],[136.71136,35.04819],[136.7047,35.04773],[136.70455,35.04854],[136.70298,35.05088],[136.7026,35.05249],[136.70238,35.05272],[136.70242,35.05331],[136.70119,35.05299],[136.70234,35.05466],[136.70116,35.05607],[136.70145,35.05648],[136.70034,35.05758],[136.70013,35.05737],[136.69893,35.05803],[136.69944,35.05822],[136.6998,35.05869],[136.70061,35.05922],[136.70091,35.05867],[136.70058,35.05846]]]},"properties":{"key":"242051490","name":"大字地蔵","pref":"三重県","prefCode":"24","municipality":"桑名市","areaM2":819157.339,"population":484,"toponymIds":["24-83e2ea605d"]}},{"type":"Feature","geometry":{"type":"Polygon","coordinates":[[[136.69221,35.06187],[136.6931,35.06175],[136.69301,35.06108],[136.69261,35.06052],[136.69145,35.06091],[136.69221,35.06187]]]},"properties":{"key":"242050250","name":"入江葭町","pref":"三重県","prefCode":"24","municipality":"桑名市","areaM2":13495.022,"population":75,"toponymIds":["24-898bbfaa2b"]}},{"type":"Feature","geometry":{"type":"Polygon","coordinates":[[[136.67492,35.06719],[136.67525,35.06704],[136.67531,35.06728],[136.67554,35.0674],[136.67569,35.06725],[136.67658,35.06744],[136.67661,35.06691],[136.67393,35.06652],[136.6739,35.06628],[136.67308,35.06627],[136.67292,35.06658],[136.67271,35.06652],[136.6728,35.06626],[136.67232,35.06625],[136.67234,35.06587],[136.67192,35.0659],[136.67191,35.0661],[136.67168,35.06609],[136.67169,35.06587],[136.67154,35.06581],[136.67154,35.06569],[136.67218,35.06557],[136.6721,35.0652],[136.67234,35.0652],[136.67233,35.06501],[136.67125,35.06514],[136.67148,35.06581],[136.67147,35.06644],[136.67213,35.06647],[136.67214,35.06677],[136.67238,35.06677],[136.6724,35.06694],[136.67286,35.06705],[136.67296,35.06685],[136.6742,35.06714],[136.67426,35.0676],[136.67498,35.06759],[136.67492,35.06719]]]},"properties":{"key":"242050970","name":"梅園通","pref":"三重県","prefCode":"24","municipality":"桑名市","areaM2":37990.08,"population":168,"toponymIds":["24-3c0d13c934"]}},{"type":"Feature","geometry":{"type":"Polygon","coordinates":[[[136.66366,35.10045],[136.66382,35.0994],[136.66264,35.09926],[136.66251,35.10007],[136.66303,35.10012],[136.66301,35.1003],[136.66366,35.10045]]]},"properties":{"key":"242051281","name":"北川原台","pref":"三重県","prefCode":"24","municipality":"桑名市","areaM2":11089.078,"population":15,"toponymIds":["24-1945e58ebe"]}},{"type":"Feature","geometry":{"type":"Polygon","coordinates":[[[136.66504,35.06104],[136.66508,35.06055],[136.66549,35.0604],[136.66521,35.06035],[136.66458,35.05929],[136.6639,35.05902],[136.66326,35.06025],[136.6635,35.06069],[136.66347,35.06109],[136.66504,35.06104]]]},"properties":{"key":"242051151","name":"新倉持","pref":"三重県","prefCode":"24","municipality":"桑名市","areaM2":28161.125,"population":180,"toponymIds":["24-12d29b6ece"]}},{"type":"Feature","geometry":{"type":"Polygon","coordinates":[[[136.62745,35.12257],[136.6278,35.12084],[136.62842,35.12073],[136.63068,35.11907],[136.63143,35.11881],[136.62975,35.11858],[136.62737,35.11779],[136.62699,35.11858],[136.62365,35.11868],[136.62219,35.11851],[136.62047,35.11799],[136.61961,35.11798],[136.61857,35.11752],[136.61799,35.1175],[136.61765,35.1171],[136.6171,35.11687],[136.61639,35.11682],[136.61553,35.11711],[136.61508,35.11703],[136.61398,35.11652],[136.61368,35.11588],[136.61292,35.11502],[136.61268,35.11419],[136.6116,35.11365],[136.61104,35.11296],[136.6107,35.11276],[136.60654,35.11131],[136.60541,35.11122],[136.60504,35.11081],[136.60445,35.1108],[136.60382,35.11052],[136.60347,35.10991],[136.60339,35.1102],[136.60187,35.11124],[136.60231,35.11177],[136.60232,35.11207],[136.60272,35.11222],[136.60309,35.11275],[136.60439,35.11369],[136.60565,35.11407],[136.60604,35.11458],[136.607,35.1142],[136.60827,35.11474],[136.60937,35.11485],[136.61147,35.11673],[136.61182,35.11679],[136.613,35.11752],[136.61357,35.11761],[136.61424,35.11816],[136.61541,35.11877],[136.61853,35.12094],[136.61927,35.12181],[136.62192,35.12216],[136.62269,35.12212],[136.62308,35.12229],[136.62366,35.12221],[136.62465,35.12264],[136.62542,35.1227],[136.62565,35.12341],[136.62561,35.12428],[136.62629,35.12698],[136.62629,35.12772],[136.62728,35.12834],[136.62805,35.12804],[136.628,35.12735],[136.62861,35.12688],[136.62817,35.12599],[136.62817,35.1254],[136.6274,35.12426],[136.62745,35.12384],[136.62722,35.12334],[136.62745,35.12257]]]},"properties":{"key":"242051720","name":"多度町猪飼","pref":"三重県","prefCode":"24","municipality":"桑名市","areaM2":963557.259,"population":222,"toponymIds":["24-28f57cf7e2"]}},{"type":"Feature","geometry":{"type":"Polygon","coordinates":[[[136.62629,35.12772],[136.62629,35.12698],[136.62561,35.12428],[136.62565,35.12341],[136.62542,35.1227],[136.62465,35.12264],[136.62366,35.12221],[136.62308,35.12229],[136.62269,35.12212],[136.62192,35.12216],[136.61927,35.12181],[136.61853,35.12094],[136.61541,35.11877],[136.61424,35.11816],[136.61357,35.11761],[136.613,35.11752],[136.61182,35.11679],[136.61147,35.11673],[136.60937,35.11485],[136.60827,35.11474],[136.607,35.1142],[136.60604,35.11458],[136.60565,35.11407],[136.60418,35.11356],[136.60309,35.11275],[136.60257,35.11214],[136.60204,35.11212],[136.60129,35.11237],[136.60143,35.11332],[136.60219,35.11344],[136.60279,35.11375],[136.60448,35.11594],[136.60527,35.11652],[136.60599,35.11682],[136.60643,35.11738],[136.60689,35.11748],[136.60721,35.11796],[136.60765,35.1181],[136.60822,35.11925],[136.60805,35.11982],[136.60872,35.12279],[136.60815,35.12325],[136.60825,35.12357],[136.60786,35.12366],[136.60813,35.1251],[136.60684,35.12658],[136.6072,35.12715],[136.60802,35.12732],[136.60815,35.12786],[136.60919,35.12892],[136.60976,35.13034],[136.6094,35.13088],[136.60987,35.13194],[136.60974,35.13289],[136.61083,35.13391],[136.61193,35.13321],[136.6135,35.13352],[136.61402,35.13338],[136.61428,35.13296],[136.61484,35.13304],[136.61533,35.13269],[136.61544,35.13214],[136.61565,35.13216],[136.61622,35.13097],[136.61725,35.12994],[136.61818,35.12931],[136.61958,35.1295],[136.62126,35.12941],[136.62175,35.12931],[136.62262,35.12878],[136.62325,35.12898],[136.62434,35.12892],[136.62542,35.12805],[136.62556,35.12771],[136.62593,35.12754],[136.62629,35.12772]]]},"properties":{"key":"242051710","name":"多度町北猪飼","pref":"三重県","prefCode":"24","municipality":"桑名市","areaM2":2165879.017,"population":186,"toponymIds":["24-e5b4646452"]}},{"type":"Feature","geometry":{"type":"Polygon","coordinates":[[[136.58923,35.17337],[136.58872,35.17295],[136.58695,35.17222],[136.5866,35.17193],[136.58703,35.16977],[136.58673,35.16902],[136.58687,35.16841],[136.5868,35.1678],[136.58715,35.16692],[136.5868,35.1659],[136.5875,35.16551],[136.58776,35.16498],[136.58806,35.16497],[136.58839,35.16462],[136.58863,35.16407],[136.58859,35.16355],[136.58878,35.16335],[136.58939,35.16321],[136.58975,35.16232],[136.59051,35.1623],[136.59078,35.16158],[136.59152,35.16139],[136.59185,35.16062],[136.59261,35.15988],[136.59299,35.15902],[136.59323,35.15706],[136.5948,35.15596],[136.59466,35.15547],[136.59477,35.1549],[136.59455,35.15426],[136.5937,35.15392],[136.5935,35.15275],[136.59288,35.15278],[136.59134,35.1524],[136.59102,35.1516],[136.59128,35.15095],[136.59089,35.14864],[136.59119,35.14804],[136.59163,35.14758],[136.59276,35.14717],[136.59303,35.1461],[136.59356,35.14595],[136.59388,35.14496],[136.59336,35.14425],[136.59332,35.14375],[136.59225,35.14328],[136.59107,35.14216],[136.58744,35.13683],[136.58541,35.13582],[136.58462,35.13424],[136.58435,35.13409],[136.58352,35.13415],[136.58257,35.13431],[136.58205,35.13476],[136.5816,35.13552],[136.57963,35.13737],[136.57939,35.13794],[136.57795,35.13975],[136.57742,35.13989],[136.57718,35.14025],[136.57687,35.14037],[136.57655,35.14142],[136.57508,35.14182],[136.57504,35.14222],[136.57474,35.1426],[136.57464,35.14342],[136.57425,35.14375],[136.57419,35.14422],[136.57383,35.14468],[136.57412,35.14515],[136.57399,35.14555],[136.57365,35.14603],[136.57281,35.1465],[136.57346,35.14716],[136.57368,35.14793],[136.57415,35.14861],[136.57401,35.14937],[136.57327,35.15],[136.57393,35.15088],[136.57262,35.15264],[136.57385,35.15324],[136.57318,35.15377],[136.57324,35.15454],[136.57492,35.15563],[136.57532,35.15656],[136.57531,35.1573],[136.57606,35.15775],[136.57662,35.15836],[136.57762,35.15854],[136.57744,35.15913],[136.57694,35.15957],[136.57683,35.16035],[136.57595,35.16168],[136.57592,35.16273],[136.57532,35.16351],[136.57504,35.16421],[136.575,35.16614],[136.57486,35.16651],[136.57536,35.16799],[136.57597,35.16867],[136.57646,35.16878],[136.57652,35.16917],[136.57676,35.16943],[136.57667,35.17004],[136.57725,35.17051],[136.57749,35.17125],[136.57938,35.17183],[136.57973,35.17211],[136.58044,35.17216],[136.58205,35.17354],[136.58303,35.17334],[136.58405,35.17349],[136.58569,35.17452],[136.5861,35.17461],[136.58644,35.17501],[136.58644,35.17543],[136.58694,35.17591],[136.58821,35.17637],[136.58851,35.17642],[136.5888,35.17608],[136.58865,35.17551],[136.5888,35.17525],[136.58966,35.17493],[136.58963,35.17464],[136.58914,35.17396],[136.58923,35.17337]]]},"properties":{"key":"242051760","name":"多度町美鹿","pref":"三重県","prefCode":"24","municipality":"桑名市","areaM2":5707126.282,"population":264,"toponymIds":["24-e8cdd68c82"]}},{"type":"Feature","geometry":{"type":"Polygon","coordinates":[[[136.70205,35.10418],[136.70009,35.10338],[136.69786,35.10716],[136.70286,35.10922],[136.70403,35.1074],[136.7033,35.10709],[136.70358,35.10676],[136.70334,35.10663],[136.70481,35.10529],[136.70205,35.10418]]]},"properties":{"key":"242051910","name":"長島町大倉","pref":"三重県","prefCode":"24","municipality":"桑名市","areaM2":223922.196,"population":1046,"toponymIds":["24-b3ff240f3c"]}},{"type":"Feature","geometry":{"type":"Polygon","coordinates":[[[136.66715,35.109],[136.67868,35.10691],[136.68284,35.10776],[136.68569,35.09886],[136.6848,35.09788],[136.67969,35.09353],[136.67898,35.09383],[136.67411,35.09685],[136.67113,35.10008],[136.66995,35.10188],[136.66906,35.10366],[136.66849,35.10607],[136.66715,35.109]]]},"properties":{"key":"242052020","name":"長島町千倉","pref":"三重県","prefCode":"24","municipality":"桑名市","areaM2":1717264.732,"population":174,"toponymIds":["24-d0c343e416"]}},{"type":"Feature","geometry":{"type":"Polygon","coordinates":[[[136.69632,35.11131],[136.69589,35.11091],[136.69592,35.11022],[136.69897,35.10529],[136.69593,35.10406],[136.69234,35.10367],[136.69201,35.10577],[136.69014,35.10557],[136.68955,35.10917],[136.69292,35.10944],[136.69302,35.10964],[136.69369,35.1097],[136.69336,35.11007],[136.69332,35.11038],[136.69632,35.11131]]]},"properties":{"key":"242051930","name":"長島町間々","pref":"三重県","prefCode":"24","municipality":"桑名市","areaM2":428696.926,"population":128,"toponymIds":["24-fdf767489f"]}},{"type":"Feature","geometry":{"type":"Polygon","coordinates":[[[136.72932,35.05831],[136.73666,35.04956],[136.73035,35.04739],[136.7301,35.04641],[136.72657,35.04781],[136.72536,35.04905],[136.7229,35.05054],[136.72062,35.05057],[136.72022,35.05082],[136.71973,35.05084],[136.72136,35.05278],[136.72215,35.05357],[136.72239,35.05351],[136.7235,35.05535],[136.72405,35.0551],[136.72523,35.05668],[136.72493,35.05718],[136.72534,35.05732],[136.72436,35.05915],[136.728,35.06056],[136.72932,35.05831]]]},"properties":{"key":"242052150","name":"長島町横満蔵","pref":"三重県","prefCode":"24","municipality":"桑名市","areaM2":1137671.297,"population":440,"toponymIds":["24-b50a92717f"]}},{"type":"Feature","geometry":{"type":"Polygon","coordinates":[[[136.70846,35.081],[136.7086,35.08086],[136.70968,35.08103],[136.70998,35.07979],[136.71026,35.07984],[136.71038,35.07933],[136.71151,35.07953],[136.71146,35.07978],[136.71185,35.07985],[136.71204,35.0791],[136.71326,35.07931],[136.71332,35.07915],[136.71414,35.07892],[136.71427,35.07844],[136.7204,35.07955],[136.72112,35.07748],[136.7227,35.07396],[136.71714,35.07251],[136.71591,35.07288],[136.71245,35.07275],[136.71148,35.07284],[136.71096,35.07305],[136.70971,35.07384],[136.7094,35.07434],[136.70941,35.0753],[136.70899,35.07815],[136.70732,35.08209],[136.70728,35.08251],[136.70747,35.08279],[136.70832,35.08216],[136.70823,35.08179],[136.70846,35.081]]]},"properties":{"key":"242052100","name":"長島町葭ケ須","pref":"三重県","prefCode":"24","municipality":"桑名市","areaM2":812648.906,"population":524,"toponymIds":["24-08f72c36e4"]}},{"type":"Feature","geometry":{"type":"Polygon","coordinates":[[[136.6873,35.05947],[136.68783,35.05938],[136.68757,35.0587],[136.68799,35.05843],[136.6877,35.05765],[136.68452,35.05853],[136.6848,35.05957],[136.68564,35.05931],[136.68571,35.05948],[136.68648,35.05942],[136.68656,35.0596],[136.6873,35.05947]]]},"properties":{"key":"242050390","name":"矢田磧","pref":"三重県","prefCode":"24","municipality":"桑名市","areaM2":45528.028,"population":370,"toponymIds":["24-70cac24be3"]}},{"type":"Feature","geometry":{"type":"Polygon","coordinates":[[[136.56837,34.81208],[136.56482,34.80809],[136.5619,34.80971],[136.56154,34.81012],[136.56155,34.81046],[136.56202,34.81101],[136.56241,34.81213],[136.56366,34.81161],[136.56414,34.81241],[136.5641,34.81274],[136.56457,34.81356],[136.56568,34.81309],[136.56702,34.81296],[136.56837,34.81208]]]},"properties":{"key":"24207118001","name":"磯山一丁目","pref":"三重県","prefCode":"24","municipality":"鈴鹿市","areaM2":200880.063,"population":511,"toponymIds":["24-608aa92389"]}},{"type":"Feature","geometry":{"type":"Polygon","coordinates":[[[136.56843,34.81975],[136.57014,34.81977],[136.56856,34.81705],[136.56713,34.8176],[136.56728,34.81733],[136.56699,34.81743],[136.56539,34.81524],[136.56543,34.81498],[136.5641,34.81274],[136.56414,34.81241],[136.56366,34.81161],[136.56241,34.81213],[136.56379,34.81599],[136.56375,34.81723],[136.56405,34.8193],[136.56329,34.81996],[136.56433,34.81968],[136.56565,34.82171],[136.566,34.82058],[136.56843,34.81975]]]},"properties":{"key":"242071160","name":"磯山町","pref":"三重県","prefCode":"24","municipality":"鈴鹿市","areaM2":270429.267,"population":64,"toponymIds":["24-f44df112f8"]}},{"type":"Feature","geometry":{"type":"Polygon","coordinates":[[[136.47156,34.96838],[136.47201,34.96773],[136.47212,34.96698],[136.47316,34.96643],[136.47255,34.96544],[136.47195,34.96551],[136.47172,34.96507],[136.47434,34.96423],[136.47563,34.96421],[136.47624,34.96384],[136.47512,34.96171],[136.47685,34.96043],[136.47565,34.95863],[136.48002,34.95736],[136.47947,34.95629],[136.47911,34.95497],[136.47758,34.95653],[136.47519,34.95772],[136.47018,34.9609],[136.46753,34.96211],[136.46598,34.96339],[136.46491,34.96387],[136.46123,34.96613],[136.46086,34.96567],[136.45875,34.96652],[136.45884,34.96692],[136.45802,34.96726],[136.4567,34.96761],[136.45592,34.96746],[136.45564,34.96783],[136.45464,34.96843],[136.45402,34.96834],[136.45396,34.96854],[136.45491,34.96895],[136.45503,34.96939],[136.4549,34.96998],[136.45588,34.972],[136.45656,34.97278],[136.45648,34.97459],[136.45587,34.9756],[136.45452,34.97669],[136.45322,34.97738],[136.45522,34.97801],[136.45578,34.97941],[136.45659,34.97909],[136.45913,34.97854],[136.46135,34.97779],[136.46351,34.97663],[136.46441,34.97596],[136.46822,34.97238],[136.47064,34.97058],[136.47156,34.96838]]]},"properties":{"key":"242071320","name":"大久保町","pref":"三重県","prefCode":"24","municipality":"鈴鹿市","areaM2":2190622.321,"population":468,"toponymIds":["24-dbc97e04a2"]}},{"type":"Feature","geometry":{"type":"Polygon","coordinates":[[[136.60417,34.85693],[136.60461,34.85593],[136.60598,34.8563],[136.60737,34.85702],[136.60847,34.85702],[136.60945,34.85674],[136.60968,34.85709],[136.61001,34.85662],[136.61042,34.85524],[136.61081,34.85498],[136.61042,34.85462],[136.61034,34.85447],[136.61047,34.85433],[136.60994,34.85407],[136.61007,34.85397],[136.60952,34.85347],[136.60989,34.85325],[136.6016,34.8434],[136.60058,34.84411],[136.60179,34.84587],[136.60135,34.84608],[136.60201,34.84704],[136.60155,34.84727],[136.60123,34.84685],[136.59531,34.84605],[136.59521,34.84567],[136.59471,34.84558],[136.59478,34.84543],[136.59443,34.84547],[136.59426,34.84571],[136.59369,34.8456],[136.59331,34.84588],[136.59343,34.84601],[136.59333,34.84612],[136.59307,34.8462],[136.59328,34.84637],[136.59253,34.84665],[136.59211,34.84714],[136.59185,34.84721],[136.5919,34.84738],[136.59175,34.84745],[136.5915,34.84711],[136.5911,34.84722],[136.59144,34.84807],[136.58989,34.84845],[136.59012,34.84948],[136.58962,34.84956],[136.58998,34.85339],[136.59095,34.85273],[136.59247,34.85289],[136.59262,34.85263],[136.5971,34.854],[136.5968,34.85483],[136.59655,34.85478],[136.59569,34.85575],[136.59607,34.85598],[136.59618,34.85626],[136.59578,34.8564],[136.59611,34.85686],[136.59597,34.85695],[136.59632,34.85741],[136.59746,34.85719],[136.59745,34.85782],[136.59939,34.8569],[136.60047,34.85772],[136.60078,34.86097],[136.60372,34.85796],[136.60427,34.85757],[136.60417,34.85693]],[[136.59984,34.85495],[136.59902,34.85444],[136.59768,34.85401],[136.59853,34.84945],[136.60002,34.84953],[136.6005,34.84924],[136.60426,34.84851],[136.60615,34.85128],[136.60388,34.85229],[136.60388,34.8525],[136.60436,34.85281],[136.60391,34.85328],[136.60433,34.85362],[136.60438,34.85404],[136.60363,34.85445],[136.60289,34.85431],[136.6025,34.85447],[136.60259,34.85486],[136.60235,34.85496],[136.60242,34.85509],[136.60156,34.85561],[136.60072,34.85549],[136.59984,34.85495]]]},"properties":{"key":"24207094000","name":"岸岡町","pref":"三重県","prefCode":"24","municipality":"鈴鹿市","areaM2":1417177.459,"population":4293,"toponymIds":["24-4c474b68e3"]}},{"type":"Feature","geometry":{"type":"Polygon","coordinates":[[[136.51146,34.93355],[136.51081,34.93299],[136.51002,34.93357],[136.5074,34.93471],[136.5019,34.93788],[136.49946,34.93968],[136.50158,34.94059],[136.50283,34.94079],[136.50429,34.94176],[136.50535,34.94277],[136.50565,34.9428],[136.50629,34.9435],[136.50382,34.94492],[136.49943,34.9479],[136.49726,34.94897],[136.49755,34.95088],[136.49737,34.95091],[136.4969,34.95172],[136.49692,34.95215],[136.49836,34.95188],[136.50234,34.95068],[136.50597,34.94934],[136.50851,34.9478],[136.51328,34.94428],[136.51332,34.94261],[136.5131,34.94203],[136.51119,34.93957],[136.51274,34.93833],[136.51557,34.93656],[136.51146,34.93355]]]},"properties":{"key":"242071300","name":"岸田町","pref":"三重県","prefCode":"24","municipality":"鈴鹿市","areaM2":1557381.597,"population":360,"toponymIds":["24-c4e4f81e41"]}},{"type":"Feature","geometry":{"type":"Polygon","coordinates":[[[136.5165,34.88275],[136.51763,34.88329],[136.5178,34.88356],[136.52204,34.88058],[136.52101,34.88089],[136.52056,34.87996],[136.52112,34.87975],[136.52057,34.87873],[136.52225,34.87915],[136.52359,34.87994],[136.52646,34.87947],[136.52516,34.87734],[136.52446,34.87654],[136.52365,34.87593],[136.5222,34.87542],[136.5223,34.8752],[136.51976,34.87486],[136.51825,34.87511],[136.51493,34.87469],[136.51316,34.87394],[136.51304,34.87554],[136.51324,34.87555],[136.51332,34.87605],[136.51293,34.87619],[136.51443,34.87706],[136.51421,34.87736],[136.51434,34.87777],[136.51265,34.87769],[136.51274,34.87803],[136.51233,34.87894],[136.51451,34.87952],[136.51349,34.88103],[136.51484,34.88176],[136.51453,34.88259],[136.51593,34.88278],[136.51613,34.88394],[136.51554,34.88434],[136.5156,34.88465],[136.51587,34.88438],[136.51642,34.88419],[136.51653,34.88378],[136.51631,34.88305],[136.5165,34.88275]]]},"properties":{"key":"242070070","name":"汲川原町","pref":"三重県","prefCode":"24","municipality":"鈴鹿市","areaM2":758592.885,"population":164,"toponymIds":["24-dbe261aeb4"]}},{"type":"Feature","geometry":{"type":"Polygon","coordinates":[[[136.52006,34.93457],[136.51976,34.93421],[136.5223,34.93251],[136.52321,34.93179],[136.52301,34.93165],[136.52827,34.92922],[136.53003,34.92821],[136.53015,34.92794],[136.53155,34.92696],[136.53273,34.92653],[136.5338,34.92654],[136.5349,34.92628],[136.53659,34.92552],[136.53667,34.92567],[136.54082,34.9238],[136.54457,34.92321],[136.54902,34.92183],[136.55098,34.92088],[136.5524,34.91982],[136.55245,34.91954],[136.55463,34.91882],[136.55609,34.9181],[136.55659,34.91775],[136.55784,34.91624],[136.56063,34.91564],[136.56015,34.91469],[136.55823,34.91476],[136.55823,34.91429],[136.55758,34.91419],[136.55565,34.91311],[136.55512,34.91367],[136.55424,34.91304],[136.55023,34.917],[136.54947,34.9182],[136.54804,34.91679],[136.54782,34.91696],[136.54722,34.91647],[136.54725,34.9162],[136.54553,34.91584],[136.54464,34.91594],[136.545,34.91556],[136.54384,34.91475],[136.54195,34.91662],[136.54121,34.91709],[136.54006,34.91609],[136.53807,34.91716],[136.53748,34.91696],[136.5372,34.91651],[136.53644,34.91674],[136.53588,34.91644],[136.53395,34.9169],[136.534,34.91719],[136.53171,34.91867],[136.52913,34.92026],[136.52849,34.92039],[136.52676,34.92177],[136.52319,34.92503],[136.52149,34.92633],[136.51737,34.92856],[136.51808,34.92959],[136.51876,34.93018],[136.51848,34.93066],[136.51755,34.93084],[136.51684,34.93122],[136.51643,34.93194],[136.51646,34.93228],[136.51782,34.93349],[136.5179,34.93436],[136.51818,34.93482],[136.51846,34.93443],[136.51892,34.93503],[136.52006,34.93457]]]},"properties":{"key":"24207128000","name":"下大久保町","pref":"三重県","prefCode":"24","municipality":"鈴鹿市","areaM2":2879412.604,"population":1213,"toponymIds":["24-453bca712d"]}},{"type":"Feature","geometry":{"type":"Polygon","coordinates":[[[136.55518,34.85599],[136.55565,34.85548],[136.55623,34.85608],[136.55825,34.85473],[136.55834,34.8525],[136.55791,34.8525],[136.5579,34.85281],[136.55767,34.85289],[136.55668,34.85184],[136.5562,34.85178],[136.55706,34.85323],[136.55573,34.85439],[136.55555,34.85515],[136.55511,34.85516],[136.55505,34.85486],[136.55486,34.85475],[136.55437,34.85491],[136.55416,34.85455],[136.55456,34.85396],[136.55431,34.85376],[136.55372,34.85415],[136.55263,34.85443],[136.55195,34.85425],[136.55196,34.85393],[136.55229,34.8538],[136.55283,34.85318],[136.55321,34.85319],[136.55303,34.85246],[136.54957,34.85313],[136.54935,34.85275],[136.54786,34.8535],[136.54879,34.85494],[136.54914,34.85502],[136.55042,34.85586],[136.55183,34.85723],[136.55235,34.85725],[136.5524,34.85681],[136.55437,34.85655],[136.55518,34.85599]]]},"properties":{"key":"242070431","name":"鈴鹿ハイツ","pref":"三重県","prefCode":"24","municipality":"鈴鹿市","areaM2":258450.199,"population":1100,"toponymIds":["24-2f3ca76fd8"]}},{"type":"Feature","geometry":{"type":"Polygon","coordinates":[[[136.57081,34.80458],[136.57047,34.80445],[136.56864,34.80691],[136.56774,34.80731],[136.56596,34.80748],[136.56482,34.80809],[136.56837,34.81208],[136.57107,34.81042],[136.57072,34.80988],[136.57342,34.80798],[136.57103,34.80547],[136.57085,34.805],[136.57094,34.80467],[136.57081,34.80458]]]},"properties":{"key":"24207117001","name":"東磯山一丁目","pref":"三重県","prefCode":"24","municipality":"鈴鹿市","areaM2":296108.706,"population":983,"toponymIds":["24-71e4d03633"]}},{"type":"Feature","geometry":{"type":"Polygon","coordinates":[[[136.09286,34.64056],[136.09337,34.64055],[136.09364,34.64037],[136.09395,34.63975],[136.09394,34.63938],[136.09462,34.63858],[136.09485,34.63782],[136.09477,34.63731],[136.09428,34.63688],[136.09284,34.63623],[136.09267,34.63598],[136.09262,34.63542],[136.09166,34.63659],[136.08966,34.63663],[136.08965,34.63974],[136.09,34.63979],[136.09023,34.63955],[136.09088,34.63956],[136.09108,34.6394],[136.09152,34.6397],[136.09212,34.64077],[136.09236,34.64084],[136.09286,34.64056]]]},"properties":{"key":"242080370","name":"梅が丘北一番町","pref":"三重県","prefCode":"24","municipality":"名張市","areaM2":175326.28,"population":808,"toponymIds":["24-fdf48a09bc"]}},{"type":"Feature","geometry":{"type":"Polygon","coordinates":[[[136.08645,34.63972],[136.08734,34.63973],[136.08733,34.63839],[136.08755,34.63839],[136.08754,34.638],[136.08734,34.63801],[136.08734,34.63665],[136.08501,34.63663],[136.085,34.63974],[136.08645,34.63972]]]},"properties":{"key":"242080390","name":"梅が丘北三番町","pref":"三重県","prefCode":"24","municipality":"名張市","areaM2":73883.585,"population":684,"toponymIds":["24-7e5e7057ad"]}},{"type":"Feature","geometry":{"type":"Polygon","coordinates":[[[136.08966,34.63949],[136.08966,34.63663],[136.08734,34.63665],[136.08734,34.63801],[136.08754,34.638],[136.08755,34.63839],[136.08733,34.63839],[136.08734,34.63973],[136.08965,34.63974],[136.08966,34.63949]]]},"properties":{"key":"242080380","name":"梅が丘北二番町","pref":"三重県","prefCode":"24","municipality":"名張市","areaM2":72475.113,"population":633,"toponymIds":["24-bdcf73a152"]}},{"type":"Feature","geometry":{"type":"Polygon","coordinates":[[[136.09077,34.6409],[136.09193,34.64093],[136.09212,34.64077],[136.09152,34.6397],[136.09108,34.6394],[136.09088,34.63956],[136.09023,34.63955],[136.09,34.63979],[136.08563,34.63975],[136.08559,34.64464],[136.08606,34.64499],[136.0862,34.64489],[136.08792,34.64337],[136.08813,34.64261],[136.08846,34.64212],[136.089,34.64171],[136.09077,34.6409]]]},"properties":{"key":"242080410","name":"梅が丘北五番町","pref":"三重県","prefCode":"24","municipality":"名張市","areaM2":176507.094,"population":572,"toponymIds":["24-0c1325e819"]}},{"type":"Feature","geometry":{"type":"Polygon","coordinates":[[[136.08559,34.64464],[136.08563,34.63975],[136.085,34.63974],[136.08501,34.63663],[136.08417,34.63663],[136.08327,34.63596],[136.08231,34.63574],[136.08374,34.6366],[136.08392,34.6404],[136.08367,34.64112],[136.08379,34.64251],[136.08412,34.6431],[136.08412,34.64374],[136.08447,34.64381],[136.08464,34.64407],[136.08559,34.64464]]]},"properties":{"key":"242080400","name":"梅が丘北四番町","pref":"三重県","prefCode":"24","municipality":"名張市","areaM2":118905.249,"population":662,"toponymIds":["24-29659ad204"]}},{"type":"Feature","geometry":{"type":"Polygon","coordinates":[[[136.09419,34.63552],[136.0943,34.63531],[136.09388,34.6343],[136.09299,34.6342],[136.09213,34.63462],[136.09159,34.63429],[136.09151,34.63403],[136.09053,34.63342],[136.09024,34.63305],[136.08956,34.63284],[136.08966,34.63663],[136.09166,34.63659],[136.09262,34.63542],[136.09267,34.63598],[136.09284,34.63623],[136.09428,34.63688],[136.09389,34.6363],[136.09419,34.63552]]]},"properties":{"key":"242080420","name":"梅が丘南一番町","pref":"三重県","prefCode":"24","municipality":"名張市","areaM2":112767.226,"population":482,"toponymIds":["24-14c40d1433"]}},{"type":"Feature","geometry":{"type":"Polygon","coordinates":[[[136.08735,34.63378],[136.08735,34.63354],[136.08502,34.63354],[136.08501,34.63663],[136.08734,34.63665],[136.08732,34.63528],[136.08712,34.63528],[136.08712,34.63489],[136.08735,34.63488],[136.08735,34.63378]]]},"properties":{"key":"242080440","name":"梅が丘南三番町","pref":"三重県","prefCode":"24","municipality":"名張市","areaM2":72317.245,"population":613,"toponymIds":["24-41293d6bed"]}},{"type":"Feature","geometry":{"type":"Polygon","coordinates":[[[136.08734,34.63665],[136.08966,34.63663],[136.08965,34.63353],[136.08735,34.63354],[136.08735,34.63488],[136.08712,34.63489],[136.08712,34.63528],[136.08732,34.63528],[136.08734,34.63665]]]},"properties":{"key":"242080430","name":"梅が丘南二番町","pref":"三重県","prefCode":"24","municipality":"名張市","areaM2":73798.563,"population":617,"toponymIds":["24-261f0c3f3a"]}},{"type":"Feature","geometry":{"type":"Polygon","coordinates":[[[136.08426,34.63386],[136.08428,34.63353],[136.08965,34.63353],[136.08966,34.6333],[136.08955,34.63329],[136.08956,34.63284],[136.08873,34.63257],[136.08787,34.63258],[136.08688,34.63231],[136.08489,34.63215],[136.08338,34.6316],[136.08243,34.63078],[136.08162,34.63124],[136.08172,34.63233],[136.08243,34.63244],[136.08266,34.63291],[136.083,34.63309],[136.08298,34.63386],[136.08426,34.63386]]]},"properties":{"key":"242080460","name":"梅が丘南五番町","pref":"三重県","prefCode":"24","municipality":"名張市","areaM2":111647.245,"population":389,"toponymIds":["24-a4aac5c974"]}},{"type":"Feature","geometry":{"type":"Polygon","coordinates":[[[136.08501,34.63489],[136.08502,34.63354],[136.08428,34.63353],[136.08426,34.63386],[136.08298,34.63386],[136.08286,34.63426],[136.08249,34.6343],[136.0822,34.63483],[136.08231,34.63574],[136.08327,34.63596],[136.08417,34.63663],[136.08501,34.63663],[136.08501,34.63489]]]},"properties":{"key":"242080450","name":"梅が丘南四番町","pref":"三重県","prefCode":"24","municipality":"名張市","areaM2":64844.33,"population":445,"toponymIds":["24-ee96cd51b3"]}},{"type":"Feature","geometry":{"type":"Polygon","coordinates":[[[136.08922,34.61917],[136.0905,34.61894],[136.09041,34.61875],[136.09267,34.61876],[136.09277,34.61824],[136.08822,34.61797],[136.0882,34.61914],[136.08842,34.61904],[136.08894,34.61931],[136.08922,34.61917]]]},"properties":{"key":"242080070","name":"鍛冶町","pref":"三重県","prefCode":"24","municipality":"名張市","areaM2":36908.708,"population":95,"toponymIds":["24-534c8b8449"]}},{"type":"Feature","geometry":{"type":"Polygon","coordinates":[[[136.10616,34.64527],[136.10692,34.64519],[136.10902,34.64163],[136.11041,34.64026],[136.11165,34.63938],[136.11112,34.63838],[136.11051,34.63811],[136.10982,34.63825],[136.10889,34.63811],[136.10809,34.63833],[136.10615,34.63758],[136.104,34.63781],[136.10256,34.6371],[136.10128,34.63679],[136.10023,34.63707],[136.09945,34.63786],[136.0984,34.63994],[136.09775,34.64089],[136.09934,34.64139],[136.09994,34.63942],[136.10016,34.63916],[136.10013,34.6389],[136.10032,34.63882],[136.10054,34.63896],[136.1011,34.6389],[136.10186,34.6391],[136.10281,34.63892],[136.10338,34.63914],[136.10348,34.6394],[136.10323,34.63957],[136.10324,34.63985],[136.10442,34.63972],[136.1055,34.64053],[136.10619,34.64068],[136.10624,34.64088],[136.10592,34.64155],[136.10601,34.64246],[136.1057,34.64244],[136.10565,34.64278],[136.10603,34.64292],[136.10632,34.64391],[136.10677,34.644],[136.10677,34.64422],[136.10661,34.64474],[136.10575,34.64503],[136.10525,34.64541],[136.1055,34.64566],[136.10597,34.64551],[136.10616,34.64527]]]},"properties":{"key":"242080260","name":"蔵持町里","pref":"三重県","prefCode":"24","municipality":"名張市","areaM2":406613.364,"population":183,"toponymIds":["24-49084d4306"]}},{"type":"Feature","geometry":{"type":"Polygon","coordinates":[[[136.10286,34.63553],[136.10394,34.63545],[136.105,34.63574],[136.10529,34.63526],[136.10516,34.63414],[136.10528,34.63387],[136.10617,34.63333],[136.10805,34.63276],[136.10915,34.63168],[136.10739,34.63028],[136.10708,34.6304],[136.10673,34.62985],[136.10637,34.62973],[136.10606,34.63008],[136.10582,34.62986],[136.10568,34.62991],[136.10548,34.62965],[136.10562,34.62945],[136.10512,34.62937],[136.10509,34.62864],[136.10492,34.62849],[136.10371,34.6287],[136.10306,34.62828],[136.10293,34.62885],[136.10263,34.62922],[136.1022,34.62899],[136.10155,34.62902],[136.10143,34.62922],[136.1017,34.62932],[136.10154,34.62948],[136.10189,34.62981],[136.10021,34.62886],[136.09934,34.62817],[136.09919,34.6282],[136.09911,34.62826],[136.10051,34.62976],[136.10085,34.62991],[136.10057,34.63057],[136.10083,34.63069],[136.1003,34.63071],[136.10003,34.63105],[136.10133,34.63244],[136.10242,34.63334],[136.10227,34.63347],[136.10144,34.63289],[136.10088,34.63337],[136.10061,34.63611],[136.10286,34.63553]]]},"properties":{"key":"242080280","name":"蔵持町芝出","pref":"三重県","prefCode":"24","municipality":"名張市","areaM2":409691.727,"population":340,"toponymIds":["24-468f867259"]}},{"type":"Feature","geometry":{"type":"Polygon","coordinates":[[[136.11213,34.63915],[136.11301,34.63914],[136.11399,34.6387],[136.11517,34.63869],[136.11543,34.63848],[136.11616,34.63855],[136.11634,34.63844],[136.11619,34.63781],[136.11661,34.63783],[136.11665,34.63804],[136.11706,34.63829],[136.11859,34.63829],[136.11924,34.63863],[136.11963,34.63832],[136.12035,34.63913],[136.12209,34.63852],[136.12254,34.63725],[136.12238,34.63662],[136.12059,34.63696],[136.11999,34.63687],[136.11895,34.63622],[136.11879,34.63564],[136.12016,34.63415],[136.12229,34.63282],[136.12431,34.63223],[136.12548,34.6329],[136.12551,34.63276],[136.12523,34.6326],[136.12514,34.63211],[136.1247,34.63176],[136.12461,34.63143],[136.12367,34.63087],[136.12296,34.63088],[136.12294,34.63048],[136.12255,34.62991],[136.12199,34.62966],[136.12054,34.62949],[136.1202,34.6286],[136.1189,34.62793],[136.1184,34.62901],[136.11744,34.62993],[136.11671,34.63035],[136.11547,34.63061],[136.11469,34.62957],[136.1163,34.62933],[136.11742,34.62849],[136.11752,34.62725],[136.11697,34.62571],[136.11666,34.62543],[136.11166,34.62892],[136.11261,34.62999],[136.11295,34.6309],[136.11265,34.63109],[136.11253,34.63091],[136.11231,34.6312],[136.11189,34.63112],[136.11132,34.63171],[136.11021,34.63103],[136.10959,34.63164],[136.10937,34.63147],[136.10805,34.63276],[136.10571,34.63354],[136.10516,34.63414],[136.10529,34.63526],[136.105,34.63574],[136.10394,34.63545],[136.10286,34.63553],[136.10061,34.63611],[136.10056,34.63689],[136.10128,34.63679],[136.10214,34.63697],[136.10367,34.63773],[136.10428,34.63782],[136.10504,34.63763],[136.1063,34.63759],[136.10809,34.63833],[136.10889,34.63811],[136.10982,34.63825],[136.11051,34.63811],[136.11152,34.63857],[136.11213,34.63915]]]},"properties":{"key":"242080270","name":"蔵持町原出","pref":"三重県","prefCode":"24","municipality":"名張市","areaM2":1507219.329,"population":737,"toponymIds":["24-6cec2fb21c"]}},{"type":"Feature","geometry":{"type":"Polygon","coordinates":[[[136.10208,34.64545],[136.10342,34.64547],[136.10343,34.64505],[136.10168,34.6449],[136.10104,34.64416],[136.10015,34.64445],[136.0999,34.64438],[136.09829,34.64331],[136.09826,34.6431],[136.09934,34.64139],[136.09775,34.64089],[136.0992,34.63836],[136.09823,34.63797],[136.09789,34.63861],[136.09714,34.63862],[136.09707,34.63813],[136.09725,34.63804],[136.09721,34.63784],[136.09475,34.63821],[136.09448,34.63882],[136.09401,34.63925],[136.09394,34.63977],[136.09341,34.64054],[136.09277,34.64057],[136.09193,34.64093],[136.09077,34.6409],[136.089,34.64171],[136.08846,34.64212],[136.08813,34.64261],[136.08792,34.64337],[136.08722,34.644],[136.0904,34.64465],[136.09299,34.64593],[136.09482,34.64789],[136.09741,34.64982],[136.09953,34.64855],[136.09866,34.64695],[136.09908,34.64689],[136.09977,34.64619],[136.10046,34.64581],[136.10208,34.64545]]]},"properties":{"key":"242080340","name":"夏秋","pref":"三重県","prefCode":"24","municipality":"名張市","areaM2":823990.186,"population":65,"toponymIds":["24-fcc24f4196"]}},{"type":"Feature","geometry":{"type":"Polygon","coordinates":[[[136.11606,34.6208],[136.11674,34.62038],[136.11681,34.61975],[136.11711,34.61953],[136.11753,34.61962],[136.11851,34.61915],[136.1188,34.61879],[136.11848,34.61805],[136.12233,34.61714],[136.1247,34.61602],[136.12409,34.61441],[136.12317,34.61498],[136.12086,34.61573],[136.12021,34.61613],[136.1189,34.61634],[136.11791,34.61731],[136.11424,34.61725],[136.11425,34.61711],[136.1133,34.61693],[136.1132,34.61672],[136.11198,34.616],[136.1116,34.61596],[136.11103,34.61627],[136.11055,34.61631],[136.11029,34.61607],[136.11046,34.61581],[136.1114,34.61502],[136.11345,34.61423],[136.11404,34.61333],[136.11372,34.61316],[136.11417,34.61207],[136.11515,34.61084],[136.10891,34.60946],[136.10869,34.60974],[136.10821,34.60992],[136.10803,34.61063],[136.10767,34.61065],[136.10776,34.61089],[136.10745,34.61114],[136.10742,34.61146],[136.10704,34.61156],[136.10595,34.6113],[136.10514,34.6108],[136.10394,34.61071],[136.10336,34.61079],[136.10265,34.61144],[136.10119,34.61181],[136.1004,34.61069],[136.09931,34.61075],[136.0987,34.61045],[136.09937,34.60981],[136.09901,34.60948],[136.09761,34.60951],[136.09704,34.61035],[136.09639,34.61204],[136.0952,34.61295],[136.09592,34.61287],[136.0966,34.61313],[136.09649,34.61334],[136.09767,34.61374],[136.09796,34.61393],[136.09809,34.61432],[136.09702,34.61541],[136.0957,34.61533],[136.09534,34.61608],[136.09493,34.61647],[136.09394,34.6169],[136.0944,34.61814],[136.09802,34.6181],[136.09902,34.61826],[136.10105,34.61897],[136.10072,34.61951],[136.10123,34.61989],[136.10155,34.62089],[136.10224,34.62176],[136.10125,34.62213],[136.10157,34.62265],[136.10319,34.62186],[136.10313,34.6215],[136.10331,34.62099],[136.10407,34.62111],[136.10443,34.62072],[136.1053,34.62226],[136.10631,34.62351],[136.11166,34.62892],[136.11485,34.62675],[136.114,34.62619],[136.11527,34.62522],[136.11594,34.62438],[136.11666,34.623],[136.11647,34.62184],[136.11565,34.62142],[136.11551,34.62118],[136.11606,34.6208]]]},"properties":{"key":"242081210","name":"夏見","pref":"三重県","prefCode":"24","municipality":"名張市","areaM2":2565647.897,"population":1420,"toponymIds":["24-08406bea2e","24-60f54b88c2"]}},{"type":"Feature","geometry":{"type":"Polygon","coordinates":[[[136.18928,34.0768],[136.18754,34.07311],[136.18716,34.0733],[136.18691,34.07369],[136.18719,34.0747],[136.18701,34.07482],[136.18695,34.07538],[136.18675,34.07507],[136.18636,34.07488],[136.18552,34.07474],[136.18503,34.07496],[136.18412,34.07447],[136.18374,34.07482],[136.18384,34.07528],[136.18316,34.0756],[136.18259,34.07546],[136.18232,34.07585],[136.18324,34.07655],[136.18421,34.07645],[136.1857,34.07674],[136.18596,34.07634],[136.18594,34.0765],[136.1867,34.07736],[136.1866,34.07918],[136.18703,34.07946],[136.18701,34.07985],[136.18677,34.08003],[136.18694,34.08013],[136.18786,34.08001],[136.18875,34.0796],[136.19008,34.07856],[136.18928,34.0768]]]},"properties":{"key":"242090520","name":"倉ノ谷町","pref":"三重県","prefCode":"24","municipality":"尾鷲市","areaM2":210524.075,"population":684,"toponymIds":["24-38b83ceb19"]}},{"type":"Feature","geometry":{"type":"Polygon","coordinates":[[[136.46166,34.85001],[136.46131,34.84993],[136.46067,34.85044],[136.46049,34.85068],[136.46048,34.85116],[136.46245,34.85137],[136.46582,34.85222],[136.46601,34.85263],[136.46635,34.85281],[136.46707,34.85367],[136.46697,34.85289],[136.46658,34.85209],[136.46781,34.85198],[136.46885,34.85158],[136.46166,34.85001]]]},"properties":{"key":"242100341","name":"北鹿島町","pref":"三重県","prefCode":"24","municipality":"亀山市","areaM2":96583.884,"population":278,"toponymIds":["24-b4109ca1b1"]}},{"type":"Feature","geometry":{"type":"Polygon","coordinates":[[[136.45803,34.85434],[136.45796,34.85396],[136.45739,34.85415],[136.45761,34.85448],[136.45803,34.85434]]]},"properties":{"key":"242100090","name":"渋倉町","pref":"三重県","prefCode":"24","municipality":"亀山市","areaM2":2083.568,"population":19,"toponymIds":["24-bec346f9b5"]}},{"type":"Feature","geometry":{"type":"Polygon","coordinates":[[[136.4831,34.85016],[136.48481,34.85026],[136.48721,34.85109],[136.48763,34.85033],[136.48835,34.84967],[136.48718,34.84875],[136.48621,34.84744],[136.48649,34.84668],[136.48621,34.84631],[136.48624,34.84606],[136.48665,34.84583],[136.48636,34.8456],[136.48634,34.84523],[136.48588,34.84455],[136.48614,34.84368],[136.48492,34.84267],[136.48373,34.8426],[136.4837,34.84241],[136.48337,34.84232],[136.48325,34.84189],[136.48292,34.84186],[136.48292,34.84125],[136.48251,34.84057],[136.48177,34.84003],[136.48184,34.83935],[136.48266,34.83841],[136.48262,34.83746],[136.48154,34.83681],[136.48177,34.83654],[136.48093,34.83662],[136.47826,34.83641],[136.47754,34.8369],[136.47705,34.83758],[136.47647,34.83761],[136.47575,34.83822],[136.47486,34.83853],[136.47552,34.83973],[136.47554,34.8404],[136.47594,34.8407],[136.47608,34.84105],[136.47604,34.84138],[136.47571,34.8418],[136.47482,34.84193],[136.47499,34.84237],[136.4747,34.84266],[136.47486,34.84287],[136.47549,34.84288],[136.47574,34.84355],[136.47599,34.84357],[136.47605,34.84422],[136.47679,34.84442],[136.47673,34.84487],[136.47695,34.84521],[136.47798,34.84561],[136.47778,34.84588],[136.47829,34.84651],[136.47836,34.84712],[136.47631,34.84723],[136.47627,34.84559],[136.47605,34.84559],[136.4759,34.84586],[136.47453,34.84473],[136.4715,34.8449],[136.47114,34.84524],[136.47083,34.8453],[136.47128,34.8469],[136.47157,34.84713],[136.4723,34.84711],[136.47255,34.84775],[136.47326,34.84768],[136.47259,34.8486],[136.47238,34.84873],[136.47176,34.84871],[136.47488,34.85028],[136.47658,34.85039],[136.47658,34.85132],[136.47928,34.85107],[136.48137,34.85039],[136.4831,34.85016]]]},"properties":{"key":"242100290","name":"菅内町","pref":"三重県","prefCode":"24","municipality":"亀山市","areaM2":1437958.217,"population":358,"toponymIds":["24-0b833e6ad0"]}},{"type":"Feature","geometry":{"type":"Polygon","coordinates":[[[136.47237,34.8521],[136.47454,34.85178],[136.46936,34.85046],[136.46728,34.84903],[136.46644,34.84872],[136.46534,34.84869],[136.4634,34.84904],[136.46239,34.84891],[136.46218,34.84938],[136.46131,34.84993],[136.47082,34.852],[136.47237,34.8521]]]},"properties":{"key":"242100351","name":"南鹿島町","pref":"三重県","prefCode":"24","municipality":"亀山市","areaM2":173512.591,"population":560,"toponymIds":["24-5b6c625254"]}},{"type":"Feature","geometry":{"type":"Polygon","coordinates":[[[136.85789,34.45308],[136.85892,34.4527],[136.85974,34.45211],[136.86278,34.44782],[136.86387,34.44674],[136.86689,34.44444],[136.86785,34.4442],[136.86795,34.44311],[136.86791,34.4418],[136.86778,34.44159],[136.86547,34.4393],[136.86177,34.43665],[136.86098,34.43591],[136.8605,34.43504],[136.86049,34.43445],[136.86066,34.43416],[136.85863,34.43493],[136.85743,34.4352],[136.85485,34.43543],[136.84734,34.43717],[136.84547,34.43991],[136.84144,34.4447],[136.84039,34.44553],[136.83965,34.44731],[136.83972,34.44773],[136.84004,34.44783],[136.83999,34.44815],[136.83918,34.44969],[136.83899,34.45109],[136.8391,34.45131],[136.83975,34.45167],[136.83997,34.45087],[136.84056,34.45036],[136.84218,34.45088],[136.8425,34.45116],[136.84333,34.45116],[136.84335,34.45138],[136.84388,34.45155],[136.84412,34.45191],[136.84507,34.45224],[136.84626,34.45318],[136.84838,34.45313],[136.85335,34.45541],[136.8539,34.4543],[136.85612,34.4538],[136.85789,34.45308]]]},"properties":{"key":"242110170","name":"岩倉町","pref":"三重県","prefCode":"24","municipality":"鳥羽市","areaM2":3797418.34,"population":664,"toponymIds":["24-51f223b498"]}},{"type":"Feature","geometry":{"type":"Polygon","coordinates":[[[136.90419,34.50313],[136.90586,34.50249],[136.9071,34.50236],[136.90809,34.50252],[136.90836,34.50277],[136.90832,34.50313],[136.90872,34.50309],[136.90904,34.50189],[136.90956,34.50128],[136.90943,34.50109],[136.90953,34.50096],[136.90931,34.50082],[136.90945,34.5006],[136.90933,34.50048],[136.90977,34.49968],[136.90887,34.49915],[136.90857,34.49877],[136.90845,34.49759],[136.9078,34.49584],[136.90583,34.49228],[136.90606,34.49122],[136.90644,34.49099],[136.90687,34.49116],[136.90704,34.49096],[136.90648,34.49075],[136.90652,34.4903],[136.9067,34.4903],[136.90673,34.49007],[136.90632,34.49016],[136.90604,34.48982],[136.90614,34.48956],[136.90671,34.48949],[136.90682,34.48924],[136.90606,34.489],[136.90557,34.4892],[136.90516,34.48956],[136.90544,34.48994],[136.90538,34.49014],[136.90427,34.49054],[136.90384,34.49046],[136.9035,34.49018],[136.90309,34.49035],[136.90152,34.48987],[136.90133,34.48993],[136.90071,34.48956],[136.89911,34.48901],[136.89871,34.48866],[136.89854,34.48819],[136.8981,34.48817],[136.89748,34.48772],[136.89795,34.48718],[136.89742,34.48713],[136.89748,34.48678],[136.89797,34.48674],[136.89825,34.48655],[136.89825,34.4863],[136.89801,34.48607],[136.89817,34.48592],[136.89726,34.48595],[136.89684,34.48569],[136.89651,34.48531],[136.89639,34.48482],[136.89558,34.48391],[136.89355,34.48365],[136.89263,34.4829],[136.89182,34.48312],[136.89003,34.48279],[136.88937,34.48215],[136.88915,34.48149],[136.88871,34.48132],[136.88835,34.48077],[136.88761,34.48024],[136.8873,34.47968],[136.88722,34.47892],[136.88751,34.47834],[136.88805,34.47824],[136.8877,34.47755],[136.888,34.47751],[136.88812,34.47719],[136.88795,34.47708],[136.88795,34.47685],[136.8882,34.47672],[136.88771,34.47683],[136.88749,34.47718],[136.88699,34.47734],[136.88653,34.47716],[136.88633,34.47662],[136.88584,34.47631],[136.88556,34.47695],[136.88482,34.47704],[136.88493,34.47729],[136.88478,34.47748],[136.88403,34.47768],[136.88433,34.47786],[136.88428,34.47816],[136.88376,34.47851],[136.88421,34.47873],[136.88511,34.47878],[136.88532,34.47915],[136.88537,34.47979],[136.88525,34.48027],[136.88495,34.48062],[136.88436,34.48064],[136.88442,34.48128],[136.8837,34.48171],[136.8828,34.48193],[136.88247,34.48166],[136.88172,34.48153],[136.88147,34.48103],[136.87966,34.48066],[136.87969,34.48084],[136.87937,34.48107],[136.87943,34.48161],[136.88005,34.48153],[136.88022,34.48169],[136.88055,34.48304],[136.8804,34.48304],[136.88056,34.48306],[136.88068,34.48346],[136.88056,34.48352],[136.88071,34.48348],[136.88105,34.48411],[136.88097,34.48451],[136.88095,34.48411],[136.8803,34.4842],[136.8802,34.48381],[136.88037,34.48381],[136.88022,34.48364],[136.88018,34.48377],[136.87975,34.48348],[136.87853,34.48312],[136.87811,34.48322],[136.87804,34.48306],[136.87691,34.48393],[136.87654,34.48464],[136.87591,34.48494],[136.87599,34.48455],[136.87581,34.48495],[136.87528,34.48466],[136.87518,34.4837],[136.87379,34.48351],[136.87314,34.48378],[136.87306,34.48403],[136.87324,34.4845],[136.87307,34.48514],[136.87213,34.48572],[136.8722,34.4866],[136.87347,34.48837],[136.87363,34.48876],[136.87353,34.48892],[136.87419,34.49002],[136.87494,34.49056],[136.87629,34.49252],[136.87652,34.49305],[136.87628,34.49321],[136.87672,34.4933],[136.87829,34.49434],[136.87984,34.49458],[136.88048,34.49484],[136.88214,34.49472],[136.88283,34.49499],[136.88311,34.49535],[136.88358,34.49531],[136.88467,34.49562],[136.88576,34.49562],[136.88844,34.49605],[136.88953,34.49595],[136.8905,34.49614],[136.89166,34.49669],[136.89349,34.49684],[136.89394,34.49711],[136.89373,34.4977],[136.89399,34.49768],[136.89416,34.49746],[136.89415,34.49761],[136.89443,34.49756],[136.8948,34.49819],[136.89513,34.49816],[136.89534,34.49791],[136.89652,34.49781],[136.89692,34.49794],[136.89708,34.49811],[136.89683,34.49872],[136.89755,34.49892],[136.89759,34.49881],[136.89688,34.4987],[136.89707,34.49823],[136.89773,34.49845],[136.89761,34.49859],[136.89772,34.49862],[136.89775,34.49845],[136.89887,34.49886],[136.89871,34.49918],[136.89973,34.49949],[136.89993,34.49927],[136.90026,34.49947],[136.90069,34.4993],[136.90117,34.49982],[136.9003,34.5004],[136.90033,34.50051],[136.90075,34.50041],[136.9014,34.50124],[136.90165,34.50111],[136.90232,34.50193],[136.90131,34.50247],[136.90034,34.50237],[136.90132,34.50254],[136.90246,34.50193],[136.90298,34.50191],[136.90346,34.50253],[136.9035,34.50293],[136.90402,34.50328],[136.90419,34.50313]]]},"properties":{"key":"242110300","name":"菅島町","pref":"三重県","prefCode":"24","municipality":"鳥羽市","areaM2":4419908.471,"population":455,"toponymIds":["24-fe3d31d05f"]}},{"type":"Feature","geometry":{"type":"Polygon","coordinates":[[[136.08725,34.02709],[136.08873,34.02707],[136.08884,34.02685],[136.0886,34.02626],[136.08876,34.02605],[136.08919,34.02595],[136.08995,34.02612],[136.09047,34.02553],[136.0915,34.02541],[136.0919,34.02515],[136.0934,34.02338],[136.09506,34.02276],[136.09667,34.02246],[136.09683,34.02293],[136.09738,34.02305],[136.09743,34.02319],[136.0972,34.02337],[136.09727,34.0237],[136.09757,34.02385],[136.0988,34.02393],[136.10001,34.0238],[136.10036,34.02397],[136.10107,34.02484],[136.10123,34.02575],[136.10196,34.02518],[136.10332,34.02447],[136.10402,34.0237],[136.10514,34.02317],[136.10948,34.0234],[136.11452,34.02331],[136.11726,34.02364],[136.11834,34.02343],[136.11863,34.02464],[136.11917,34.02496],[136.11952,34.02546],[136.12159,34.0265],[136.12184,34.02639],[136.12284,34.02668],[136.12321,34.0275],[136.12346,34.02757],[136.12389,34.02808],[136.12425,34.02804],[136.12562,34.02735],[136.12599,34.02695],[136.12706,34.02635],[136.12761,34.02658],[136.12865,34.02663],[136.13,34.02598],[136.13038,34.02608],[136.13104,34.02656],[136.13175,34.02652],[136.13224,34.02697],[136.13346,34.02701],[136.13445,34.02674],[136.13533,34.02699],[136.13789,34.02653],[136.13872,34.02704],[136.13936,34.0271],[136.14126,34.02645],[136.14181,34.02672],[136.14354,34.02669],[136.14561,34.0257],[136.14797,34.02543],[136.14871,34.02504],[136.14891,34.02468],[136.14908,34.02415],[136.14893,34.02364],[136.14929,34.0234],[136.15011,34.02227],[136.15122,34.02138],[136.15186,34.01994],[136.15157,34.01933],[136.15154,34.01809],[136.15176,34.01697],[136.15167,34.01599],[136.15155,34.01545],[136.15121,34.01511],[136.15086,34.01426],[136.15099,34.01365],[136.15052,34.0133],[136.14922,34.01329],[136.14888,34.013],[136.14805,34.01269],[136.14666,34.01128],[136.14624,34.01055],[136.14548,34.01005],[136.14383,34.01018],[136.14323,34.01009],[136.14276,34.01043],[136.14187,34.01064],[136.13927,34.00959],[136.13895,34.00932],[136.13898,34.00879],[136.13741,34.00854],[136.13654,34.0078],[136.13696,34.00671],[136.13697,34.00593],[136.13648,34.004],[136.13662,34.00337],[136.1366,34.00159],[136.13691,34.00097],[136.13682,33.99982],[136.13656,33.99951],[136.13549,33.99889],[136.13419,33.9973],[136.13359,33.9971],[136.13333,33.99671],[136.13223,33.99633],[136.13159,33.99528],[136.132,33.99432],[136.13237,33.99388],[136.13244,33.99335],[136.1323,33.99275],[136.13279,33.99066],[136.13258,33.98959],[136.13347,33.98793],[136.13384,33.98754],[136.1338,33.98672],[136.13359,33.98624],[136.13362,33.98559],[136.13405,33.98544],[136.13486,33.9848],[136.13588,33.98455],[136.13618,33.98366],[136.13647,33.98345],[136.13631,33.98244],[136.13639,33.98209],[136.13608,33.98165],[136.13637,33.97917],[136.13672,33.97876],[136.13589,33.9778],[136.13583,33.97687],[136.13608,33.97619],[136.13618,33.97502],[136.13596,33.97412],[136.13754,33.97184],[136.13794,33.97154],[136.13799,33.97091],[136.13845,33.97054],[136.13848,33.96977],[136.13886,33.96894],[136.13874,33.9676],[136.13901,33.96625],[136.13725,33.96535],[136.13672,33.96492],[136.13566,33.96333],[136.13458,33.9624],[136.1339,33.96123],[136.13361,33.961],[136.13254,33.96073],[136.13042,33.96053],[136.12962,33.95925],[136.12941,33.95822],[136.13015,33.95726],[136.12978,33.95669],[136.12992,33.95583],[136.13051,33.95471],[136.13082,33.9543],[136.13141,33.95405],[136.13156,33.95373],[136.131,33.95214],[136.13096,33.9507],[136.13111,33.9496],[136.13131,33.94932],[136.13053,33.94855],[136.12937,33.94833],[136.12765,33.9476],[136.12646,33.94749],[136.12618,33.94786],[136.1254,33.94811],[136.12299,33.94852],[136.12256,33.949],[136.12128,33.94922],[136.11971,33.94916],[136.11777,33.94995],[136.11713,33.95037],[136.11643,33.95113],[136.11631,33.95253],[136.11655,33.95612],[136.11851,33.95652],[136.11965,33.95727],[136.12023,33.95798],[136.12052,33.9587],[136.12089,33.96049],[136.12082,33.96178],[136.12058,33.9625],[136.11927,33.96434],[136.1169,33.96873],[136.11434,33.96663],[136.11292,33.96478],[136.11077,33.96255],[136.10624,33.95889],[136.10572,33.95832],[136.10482,33.95655],[136.10454,33.95541],[136.10457,33.95505],[136.10552,33.95371],[136.10546,33.95303],[136.10524,33.95289],[136.1023,33.95565],[136.10108,33.95727],[136.09915,33.9592],[136.0963,33.96153],[136.09438,33.96341],[136.09184,33.96506],[136.08757,33.96588],[136.08727,33.96747],[136.08766,33.96853],[136.08765,33.96973],[136.0879,33.97025],[136.08732,33.97213],[136.08736,33.97271],[136.08776,33.97352],[136.08755,33.97445],[136.08782,33.97543],[136.08862,33.97613],[136.08933,33.97725],[136.089,33.97823],[136.08902,33.97888],[136.08845,33.97978],[136.08851,33.98101],[136.08754,33.98198],[136.08637,33.98274],[136.08616,33.98306],[136.0862,33.98385],[136.08496,33.98554],[136.08481,33.98633],[136.08395,33.98728],[136.08348,33.9875],[136.08386,33.98869],[136.08422,33.98924],[136.08413,33.98946],[136.08254,33.99071],[136.08213,33.99122],[136.08085,33.99188],[136.08099,33.99377],[136.08037,33.9943],[136.08011,33.99479],[136.07989,33.99566],[136.07945,33.99629],[136.07928,33.99734],[136.07812,33.99798],[136.07745,33.99928],[136.07675,33.99933],[136.07495,34.00027],[136.07395,34.00115],[136.07386,34.00151],[136.07257,34.00165],[136.07155,34.00241],[136.07093,34.00268],[136.07057,34.00388],[136.07012,34.00434],[136.06944,34.00565],[136.06886,34.00582],[136.06781,34.00575],[136.06633,34.00718],[136.06576,34.00733],[136.06429,34.00829],[136.06349,34.00837],[136.06308,34.00863],[136.06274,34.00901],[136.0626,34.01],[136.06225,34.01076],[136.06122,34.01135],[136.06084,34.01207],[136.05898,34.01284],[136.05855,34.01316],[136.05673,34.01369],[136.05752,34.01515],[136.05739,34.01615],[136.05681,34.018],[136.05677,34.01913],[136.05689,34.01928],[136.05807,34.01922],[136.06139,34.01801],[136.06389,34.01656],[136.06341,34.0186],[136.06363,34.01939],[136.06355,34.01993],[136.06299,34.02152],[136.06242,34.02241],[136.06183,34.02386],[136.06176,34.02454],[136.06133,34.02505],[136.06033,34.02579],[136.06131,34.02583],[136.06277,34.02497],[136.06294,34.02439],[136.0634,34.02385],[136.06427,34.02373],[136.06456,34.02391],[136.06639,34.02288],[136.06704,34.02283],[136.0677,34.02164],[136.06916,34.02111],[136.06915,34.02095],[136.06823,34.02079],[136.06808,34.02063],[136.06815,34.01998],[136.06848,34.01946],[136.06945,34.01905],[136.06928,34.01877],[136.06842,34.01814],[136.06818,34.01732],[136.07003,34.01727],[136.07181,34.01687],[136.0732,34.01686],[136.07545,34.01719],[136.07656,34.017],[136.0781,34.01702],[136.07999,34.01669],[136.08193,34.01665],[136.08424,34.01747],[136.08624,34.01776],[136.08635,34.01815],[136.08594,34.02112],[136.08598,34.02258],[136.08573,34.02353],[136.08586,34.02586],[136.08572,34.02713],[136.08652,34.02879],[136.08714,34.02834],[136.08682,34.02777],[136.08725,34.02709]]]},"properties":{"key":"242120510","name":"飛鳥町大又","pref":"三重県","prefCode":"24","municipality":"熊野市","areaM2":40611861.911,"population":284,"toponymIds":["24-87971cd7fc"]}},{"type":"Feature","geometry":{"type":"Polygon","coordinates":[[[136.08698,33.96401],[136.08635,33.96172],[136.08786,33.9602],[136.09005,33.95872],[136.08706,33.95716],[136.08352,33.95479],[136.08199,33.95353],[136.08034,33.95267],[136.07863,33.9522],[136.07742,33.95154],[136.0752,33.94939],[136.07529,33.94876],[136.074,33.94501],[136.07393,33.94365],[136.07341,33.9415],[136.07336,33.94036],[136.0739,33.93993],[136.075,33.93802],[136.0749,33.93763],[136.07502,33.93657],[136.0755,33.93485],[136.07874,33.93631],[136.08112,33.93699],[136.08485,33.9377],[136.08736,33.93774],[136.08749,33.93608],[136.08802,33.9336],[136.08886,33.93104],[136.08994,33.92924],[136.09056,33.92864],[136.09134,33.92824],[136.09002,33.92735],[136.08906,33.92698],[136.08869,33.92646],[136.08848,33.92571],[136.08814,33.92538],[136.08694,33.9249],[136.08542,33.925],[136.08446,33.92546],[136.0842,33.92595],[136.08386,33.92621],[136.0824,33.92683],[136.08131,33.92662],[136.08073,33.92667],[136.07973,33.92614],[136.07929,33.92607],[136.07795,33.9272],[136.07501,33.92734],[136.07177,33.92798],[136.07075,33.9285],[136.06955,33.92938],[136.06838,33.92975],[136.06707,33.93054],[136.06632,33.93081],[136.06452,33.93063],[136.06138,33.92922],[136.06066,33.92905],[136.05951,33.92893],[136.05698,33.92914],[136.05595,33.92871],[136.05409,33.92912],[136.05397,33.93024],[136.05359,33.93109],[136.05356,33.93156],[136.05188,33.93248],[136.05106,33.93345],[136.05081,33.93355],[136.04918,33.93322],[136.04794,33.93329],[136.04748,33.93425],[136.04751,33.93542],[136.04726,33.93589],[136.04754,33.93668],[136.04747,33.93737],[136.04724,33.9379],[136.04622,33.93846],[136.04594,33.93917],[136.04601,33.93983],[136.04654,33.9405],[136.04655,33.94105],[136.04746,33.942],[136.04802,33.94299],[136.04787,33.9438],[136.04816,33.9447],[136.04809,33.94596],[136.04756,33.94795],[136.04676,33.94904],[136.04712,33.95088],[136.0467,33.95219],[136.04599,33.9533],[136.04473,33.95449],[136.04447,33.95506],[136.0459,33.95509],[136.04671,33.95544],[136.0545,33.95579],[136.05792,33.95567],[136.05806,33.9558],[136.05793,33.95735],[136.05803,33.95802],[136.06176,33.96055],[136.06302,33.96105],[136.06718,33.96184],[136.06914,33.96256],[136.0783,33.96396],[136.07952,33.96373],[136.08125,33.96379],[136.0824,33.96446],[136.08353,33.96489],[136.08757,33.96588],[136.08698,33.96401]]]},"properties":{"key":"242120560","name":"飛鳥町神山","pref":"三重県","prefCode":"24","municipality":"熊野市","areaM2":11146896.903,"population":175,"toponymIds":["24-03c10888ee"]}},{"type":"Feature","geometry":{"type":"Polygon","coordinates":[[[136.10488,33.95321],[136.10524,33.95289],[136.10546,33.95303],[136.10636,33.95435],[136.10747,33.95525],[136.10912,33.9559],[136.11112,33.95643],[136.11425,33.9567],[136.11655,33.95612],[136.11631,33.95253],[136.11643,33.95113],[136.11629,33.95095],[136.11496,33.9504],[136.11402,33.95064],[136.11232,33.95055],[136.11249,33.94967],[136.11174,33.94878],[136.1103,33.94798],[136.10957,33.94633],[136.11021,33.94451],[136.11001,33.94302],[136.11047,33.94256],[136.11087,33.94247],[136.11181,33.9418],[136.1114,33.94158],[136.11037,33.94148],[136.10885,33.94005],[136.10944,33.93936],[136.11033,33.93874],[136.11038,33.93781],[136.11094,33.93714],[136.11316,33.9362],[136.11331,33.93576],[136.11326,33.93442],[136.11421,33.93346],[136.11586,33.93136],[136.11529,33.93129],[136.11383,33.93067],[136.11275,33.92987],[136.11223,33.92912],[136.11076,33.92863],[136.10886,33.92767],[136.1073,33.92835],[136.10663,33.92894],[136.10541,33.92944],[136.10491,33.92933],[136.10381,33.92942],[136.10291,33.92974],[136.10138,33.92983],[136.0993,33.9297],[136.09763,33.92913],[136.09582,33.92878],[136.09444,33.92789],[136.09272,33.92844],[136.09198,33.92846],[136.09134,33.92824],[136.09056,33.92864],[136.08994,33.92924],[136.08907,33.93057],[136.08842,33.93216],[136.08736,33.93697],[136.08744,33.93866],[136.08777,33.93966],[136.08852,33.94063],[136.09042,33.94239],[136.09118,33.94348],[136.09015,33.94791],[136.08978,33.95087],[136.09005,33.95872],[136.08786,33.9602],[136.08635,33.96172],[136.08757,33.96588],[136.09184,33.96506],[136.09438,33.96341],[136.0963,33.96153],[136.09915,33.9592],[136.10108,33.95727],[136.1023,33.95565],[136.10488,33.95321]]]},"properties":{"key":"242120530","name":"飛鳥町小阪","pref":"三重県","prefCode":"24","municipality":"熊野市","areaM2":7300405.761,"population":289,"toponymIds":["24-5cc2de8fed"]}},{"type":"Feature","geometry":{"type":"Polygon","coordinates":[[[136.11173,33.96347],[136.11434,33.96663],[136.1169,33.96873],[136.11927,33.96434],[136.12058,33.9625],[136.12082,33.96178],[136.12085,33.96012],[136.12023,33.95798],[136.11895,33.95671],[136.11759,33.95628],[136.11655,33.95612],[136.11465,33.95668],[136.11341,33.95669],[136.11112,33.95643],[136.10831,33.95564],[136.10687,33.95487],[136.10604,33.95397],[136.10546,33.95303],[136.10552,33.95371],[136.10457,33.95505],[136.10454,33.95541],[136.10482,33.95655],[136.10572,33.95832],[136.10624,33.95889],[136.10946,33.96138],[136.11173,33.96347]]]},"properties":{"key":"242120520","name":"飛鳥町小又","pref":"三重県","prefCode":"24","municipality":"熊野市","areaM2":1211642.753,"population":61,"toponymIds":["24-5493710004"]}},{"type":"Feature","geometry":{"type":"Polygon","coordinates":[[[136.0874,33.93821],[136.08736,33.93774],[136.08435,33.93764],[136.07961,33.93661],[136.0755,33.93485],[136.07502,33.93657],[136.0749,33.93763],[136.075,33.93802],[136.0739,33.93993],[136.07336,33.94036],[136.07506,33.94152],[136.07666,33.94238],[136.07982,33.94309],[136.08103,33.94346],[136.0818,33.94387],[136.08255,33.94474],[136.08288,33.9455],[136.08298,33.94677],[136.08384,33.94809],[136.08536,33.94915],[136.08661,33.94948],[136.08727,33.94994],[136.08837,33.95107],[136.08915,33.95233],[136.08988,33.95279],[136.08978,33.95087],[136.09005,33.94859],[136.09069,33.94518],[136.09118,33.94348],[136.09042,33.94239],[136.088,33.94002],[136.08749,33.93888],[136.0874,33.93821]]]},"properties":{"key":"242120540","name":"飛鳥町佐渡","pref":"三重県","prefCode":"24","municipality":"熊野市","areaM2":1410874.53,"population":187,"toponymIds":["24-9088c9383c"]}},{"type":"Feature","geometry":{"type":"Polygon","coordinates":[[[136.09005,33.95872],[136.08988,33.95279],[136.08915,33.95233],[136.08805,33.95068],[136.08692,33.94967],[136.08536,33.94915],[136.08384,33.94809],[136.08298,33.94677],[136.08288,33.9455],[136.08255,33.94474],[136.0818,33.94387],[136.08103,33.94346],[136.07982,33.94309],[136.07666,33.94238],[136.07506,33.94152],[136.07336,33.94036],[136.07341,33.9415],[136.07393,33.94365],[136.074,33.94501],[136.07529,33.94876],[136.0752,33.94939],[136.07742,33.95154],[136.07863,33.9522],[136.08034,33.95267],[136.08199,33.95353],[136.08352,33.95479],[136.08706,33.95716],[136.09005,33.95872]]]},"properties":{"key":"242120550","name":"飛鳥町野口","pref":"三重県","prefCode":"24","municipality":"熊野市","areaM2":1297168.509,"population":89,"toponymIds":["24-9400e0b6f5"]}},{"type":"Feature","geometry":{"type":"Polygon","coordinates":[[[136.14192,33.96355],[136.14357,33.9634],[136.14464,33.9631],[136.14503,33.96278],[136.1466,33.96221],[136.14702,33.9614],[136.14745,33.96125],[136.14754,33.961],[136.14884,33.95982],[136.14933,33.9598],[136.14962,33.95889],[136.15077,33.95835],[136.15111,33.95773],[136.15196,33.95771],[136.15328,33.95723],[136.1541,33.95722],[136.15529,33.95744],[136.15628,33.95862],[136.15714,33.95865],[136.15783,33.9582],[136.16077,33.95813],[136.16254,33.95777],[136.16336,33.95744],[136.16404,33.95742],[136.16549,33.95769],[136.16781,33.95707],[136.1681,33.95717],[136.16849,33.95692],[136.16876,33.9566],[136.16903,33.95493],[136.17058,33.95378],[136.17083,33.95323],[136.17128,33.95276],[136.17138,33.95255],[136.17115,33.95214],[136.17171,33.95093],[136.17067,33.94902],[136.17068,33.9486],[136.17098,33.94813],[136.17083,33.94771],[136.16886,33.94624],[136.16787,33.94584],[136.16725,33.94513],[136.16726,33.94419],[136.1682,33.94326],[136.16891,33.94292],[136.16923,33.94258],[136.16882,33.94219],[136.16859,33.9417],[136.1693,33.93959],[136.16991,33.93859],[136.16991,33.93834],[136.16954,33.93767],[136.16823,33.93617],[136.16695,33.93438],[136.1683,33.93427],[136.1692,33.93386],[136.16999,33.93305],[136.17039,33.93188],[136.16952,33.93112],[136.16776,33.92999],[136.16497,33.92868],[136.16492,33.92931],[136.16455,33.92955],[136.16445,33.92947],[136.16441,33.92965],[136.16355,33.92977],[136.16361,33.92943],[136.16345,33.92959],[136.16298,33.9295],[136.16237,33.9299],[136.16173,33.93007],[136.16157,33.93024],[136.16175,33.93024],[136.16172,33.93037],[136.16081,33.9304],[136.16054,33.93067],[136.16031,33.93057],[136.16008,33.93083],[136.1602,33.93093],[136.15976,33.93115],[136.15878,33.93125],[136.15735,33.93103],[136.15739,33.93088],[136.15685,33.9309],[136.15534,33.93027],[136.15417,33.9303],[136.15366,33.93047],[136.15254,33.93041],[136.15264,33.93052],[136.15192,33.93068],[136.15141,33.93054],[136.151,33.93111],[136.15074,33.93116],[136.15012,33.93107],[136.14941,33.93059],[136.14792,33.92891],[136.14721,33.92707],[136.14735,33.92649],[136.1484,33.92495],[136.14831,33.9245],[136.14799,33.92431],[136.14833,33.92448],[136.15015,33.9241],[136.15102,33.9241],[136.15104,33.92482],[136.15115,33.92481],[136.15107,33.92411],[136.15239,33.92374],[136.15301,33.92338],[136.15351,33.92272],[136.15365,33.92218],[136.15356,33.92196],[136.1538,33.92186],[136.15368,33.92149],[136.15475,33.92065],[136.15474,33.92028],[136.15496,33.92004],[136.15452,33.91988],[136.15455,33.91978],[136.15386,33.92052],[136.15276,33.92136],[136.15067,33.92223],[136.15026,33.92224],[136.14878,33.92144],[136.14717,33.92118],[136.14643,33.91998],[136.14566,33.91978],[136.14387,33.91987],[136.14142,33.91969],[136.14067,33.91994],[136.13935,33.92006],[136.13769,33.91935],[136.13642,33.91964],[136.13503,33.91957],[136.134,33.91973],[136.13283,33.91922],[136.13161,33.91914],[136.13031,33.9194],[136.12944,33.91918],[136.1279,33.91927],[136.12736,33.91904],[136.12696,33.91944],[136.12641,33.92055],[136.1257,33.92097],[136.12434,33.92213],[136.12179,33.92302],[136.12108,33.92389],[136.12182,33.92622],[136.12077,33.92773],[136.1203,33.9282],[136.11908,33.92851],[136.11835,33.92918],[136.11714,33.92967],[136.11487,33.93267],[136.11326,33.93442],[136.11331,33.93576],[136.11316,33.9362],[136.11094,33.93714],[136.11038,33.93781],[136.11033,33.93874],[136.10944,33.93936],[136.10885,33.94005],[136.11037,33.94148],[136.1114,33.94158],[136.11181,33.9418],[136.11087,33.94247],[136.11047,33.94256],[136.11001,33.94302],[136.11021,33.94451],[136.10956,33.94608],[136.10963,33.94655],[136.1103,33.94798],[136.11174,33.94878],[136.11249,33.94967],[136.11232,33.95055],[136.11402,33.95064],[136.11496,33.9504],[136.11617,33.9508],[136.11643,33.95113],[136.11713,33.95037],[136.11777,33.94995],[136.11971,33.94916],[136.12128,33.94922],[136.12256,33.949],[136.12299,33.94852],[136.1254,33.94811],[136.12618,33.94786],[136.12646,33.94749],[136.12765,33.9476],[136.12937,33.94833],[136.13053,33.94855],[136.13131,33.94932],[136.13111,33.9496],[136.13094,33.95098],[136.131,33.95214],[136.13154,33.95391],[136.13082,33.9543],[136.1303,33.95502],[136.12977,33.9565],[136.13015,33.95726],[136.12952,33.95799],[136.12937,33.95847],[136.12962,33.95925],[136.13042,33.96053],[136.13254,33.96073],[136.13361,33.961],[136.1339,33.96123],[136.13458,33.9624],[136.13566,33.96333],[136.13672,33.96492],[136.13725,33.96535],[136.13901,33.96625],[136.13915,33.96572],[136.14034,33.96483],[136.14049,33.96444],[136.14098,33.96424],[136.14139,33.96367],[136.14192,33.96355]]]},"properties":{"key":"242120060","name":"新鹿町","pref":"三重県","prefCode":"24","municipality":"熊野市","areaM2":18573051.657,"population":673,"toponymIds":["24-717c136393"]}},{"type":"Feature","geometry":{"type":"Polygon","coordinates":[[[136.03351,33.92305],[136.03428,33.92297],[136.03518,33.92314],[136.03598,33.92237],[136.036,33.92204],[136.03723,33.92149],[136.03692,33.92083],[136.03652,33.92059],[136.03366,33.92057],[136.03289,33.92039],[136.03204,33.91994],[136.03156,33.91987],[136.03131,33.9195],[136.03061,33.91939],[136.02972,33.91891],[136.0293,33.91887],[136.02885,33.91841],[136.02873,33.91808],[136.0282,33.91786],[136.02794,33.91697],[136.0269,33.91604],[136.0254,33.91503],[136.0253,33.91433],[136.02544,33.91384],[136.0263,33.91282],[136.02808,33.91271],[136.03002,33.91281],[136.03235,33.91238],[136.03347,33.91172],[136.03397,33.91104],[136.03454,33.90817],[136.03583,33.907],[136.03618,33.90526],[136.03621,33.90458],[136.03569,33.90274],[136.03522,33.90191],[136.03446,33.90122],[136.03345,33.90102],[136.02983,33.90094],[136.02885,33.90155],[136.02715,33.90217],[136.02454,33.90404],[136.02378,33.90357],[136.02326,33.90261],[136.02284,33.90221],[136.02245,33.90206],[136.02167,33.90213],[136.02136,33.90196],[136.02122,33.90161],[136.02163,33.90095],[136.02097,33.90053],[136.01984,33.9003],[136.01759,33.90052],[136.0167,33.90124],[136.0156,33.90252],[136.01336,33.90263],[136.01302,33.90279],[136.01299,33.90335],[136.01218,33.90425],[136.01149,33.9043],[136.00993,33.90476],[136.00917,33.90555],[136.00762,33.90533],[136.00729,33.90547],[136.0071,33.90589],[136.00657,33.90619],[136.00513,33.90607],[136.0049,33.90626],[136.00489,33.90773],[136.00389,33.90783],[136.00317,33.90763],[136.00138,33.9077],[135.99954,33.90828],[135.9996,33.91116],[136.0,33.91362],[136.00036,33.91436],[136.00126,33.91534],[136.00266,33.91585],[136.00374,33.91592],[136.00761,33.9155],[136.0122,33.91544],[136.01555,33.91738],[136.01989,33.9203],[136.02161,33.9221],[136.02439,33.92239],[136.02569,33.92311],[136.02695,33.92419],[136.02886,33.92436],[136.0308,33.92383],[136.03248,33.92312],[136.03351,33.92305]]]},"properties":{"key":"242120250","name":"育生町赤倉","pref":"三重県","prefCode":"24","municipality":"熊野市","areaM2":5182036.257,"population":5,"toponymIds":["24-a8d5a33acc"]}},{"type":"Feature","geometry":{"type":"Polygon","coordinates":[[[136.13595,33.9021],[136.13618,33.90195],[136.13774,33.90175],[136.14001,33.90204],[136.14411,33.90161],[136.1445,33.90181],[136.14554,33.90285],[136.14577,33.9027],[136.14634,33.90301],[136.14713,33.90305],[136.14755,33.90282],[136.14696,33.90236],[136.14773,33.90225],[136.14743,33.90213],[136.14753,33.90198],[136.14786,33.90207],[136.14755,33.90194],[136.14768,33.9016],[136.14859,33.90143],[136.14826,33.90116],[136.14872,33.90109],[136.14862,33.90069],[136.14884,33.90067],[136.14913,33.90094],[136.14965,33.90085],[136.15001,33.90071],[136.14941,33.90044],[136.14999,33.90054],[136.15084,33.90017],[136.15036,33.89931],[136.14972,33.89973],[136.14943,33.89973],[136.14938,33.89962],[136.15007,33.89903],[136.14975,33.89903],[136.14907,33.89956],[136.14941,33.89895],[136.14906,33.8988],[136.14868,33.89887],[136.14842,33.89858],[136.14873,33.89844],[136.14839,33.89835],[136.14878,33.89801],[136.14855,33.89784],[136.14803,33.8978],[136.14834,33.89763],[136.14819,33.89753],[136.14893,33.89752],[136.14928,33.8973],[136.14858,33.89718],[136.14778,33.89753],[136.14791,33.89782],[136.14718,33.89797],[136.1472,33.89779],[136.14631,33.89729],[136.14656,33.89711],[136.14601,33.89705],[136.14664,33.89684],[136.14699,33.8964],[136.14685,33.89628],[136.1465,33.8963],[136.14611,33.89675],[136.14532,33.89714],[136.1457,33.89657],[136.14514,33.89674],[136.14518,33.89648],[136.145,33.89645],[136.14559,33.896],[136.14547,33.89594],[136.14474,33.89603],[136.14394,33.89662],[136.14394,33.89684],[136.14361,33.8968],[136.14355,33.89706],[136.14277,33.89707],[136.14259,33.89747],[136.14171,33.89725],[136.14155,33.89742],[136.14147,33.89722],[136.14093,33.8974],[136.14081,33.89718],[136.1411,33.89688],[136.14067,33.89683],[136.1404,33.89705],[136.14065,33.89733],[136.13973,33.89748],[136.13969,33.89762],[136.13948,33.89752],[136.13894,33.89767],[136.13878,33.89789],[136.13897,33.89823],[136.13877,33.89827],[136.13911,33.89833],[136.13801,33.89884],[136.13557,33.89928],[136.13424,33.89905],[136.13383,33.89862],[136.13392,33.8983],[136.13574,33.89631],[136.13621,33.89612],[136.13618,33.89596],[136.13665,33.89567],[136.13826,33.89509],[136.13824,33.89494],[136.13702,33.89464],[136.13777,33.89454],[136.13804,33.89429],[136.13828,33.89365],[136.13871,33.89347],[136.13861,33.8931],[136.13767,33.89338],[136.13789,33.89272],[136.13762,33.89266],[136.13823,33.89231],[136.13792,33.89174],[136.13859,33.89193],[136.13873,33.89155],[136.13786,33.89106],[136.13819,33.89088],[136.13812,33.89079],[136.13734,33.89074],[136.13744,33.89002],[136.13719,33.88936],[136.13731,33.88922],[136.13667,33.88889],[136.13688,33.88847],[136.13653,33.88833],[136.13723,33.88799],[136.13609,33.88804],[136.13564,33.88827],[136.13475,33.8884],[136.13402,33.88902],[136.13422,33.88875],[136.13376,33.88854],[136.13389,33.88849],[136.13361,33.88827],[136.13383,33.88808],[136.13335,33.88807],[136.13408,33.88782],[136.13316,33.88806],[136.13284,33.888],[136.13364,33.88749],[136.13357,33.88736],[136.13232,33.88757],[136.13188,33.88774],[136.13159,33.88808],[136.13137,33.88806],[136.13147,33.88784],[136.13123,33.88783],[136.13122,33.88769],[136.13154,33.88736],[136.13098,33.88739],[136.13079,33.88685],[136.1315,33.88657],[136.13164,33.88628],[136.13122,33.88635],[136.13198,33.88599],[136.13132,33.88522],[136.13053,33.8851],[136.12965,33.88536],[136.12917,33.88565],[136.12843,33.8865],[136.12825,33.88709],[136.12849,33.88762],[136.1283,33.88771],[136.12839,33.88856],[136.12829,33.88909],[136.12801,33.88983],[136.12781,33.88986],[136.12792,33.89],[136.12764,33.89052],[136.12685,33.89163],[136.12682,33.89248],[136.12562,33.8933],[136.1257,33.89339],[136.12702,33.89257],[136.12746,33.89301],[136.12741,33.89285],[136.12781,33.89267],[136.12816,33.89279],[136.12834,33.89265],[136.12809,33.8929],[136.12783,33.89364],[136.12696,33.89395],[136.1265,33.8937],[136.12676,33.89389],[136.12669,33.8944],[136.1263,33.89499],[136.12571,33.89505],[136.12595,33.89514],[136.12561,33.89556],[136.1258,33.89567],[136.12542,33.89652],[136.12546,33.89676],[136.12502,33.89731],[136.12327,33.89761],[136.12306,33.89774],[136.12321,33.89784],[136.12227,33.89786],[136.12182,33.89806],[136.12173,33.89827],[136.12127,33.89836],[136.1208,33.89888],[136.1204,33.89907],[136.12211,33.90016],[136.12788,33.90188],[136.12856,33.90227],[136.12915,33.90293],[136.13049,33.90396],[136.13182,33.90468],[136.13462,33.90411],[136.13559,33.90305],[136.13595,33.9021]]]},"properties":{"key":"242120080","name":"磯崎町","pref":"三重県","prefCode":"24","municipality":"熊野市","areaM2":2406517.828,"population":142,"toponymIds":["24-aa7a61dd54"]}},{"type":"Feature","geometry":{"type":"Polygon","coordinates":[[[136.81344,34.36775],[136.81493,34.36579],[136.82501,34.36346],[136.82766,34.35945],[136.82086,34.35785],[136.82016,34.35809],[136.81993,34.3576],[136.8204,34.35642],[136.82055,34.35458],[136.8209,34.35386],[136.82061,34.35327],[136.82063,34.35243],[136.8203,34.35197],[136.82003,34.35067],[136.81947,34.34935],[136.81983,34.34853],[136.81998,34.34769],[136.81948,34.3471],[136.81857,34.34681],[136.81803,34.34639],[136.81775,34.34554],[136.81785,34.34532],[136.81725,34.34527],[136.81676,34.34495],[136.81433,34.34524],[136.81344,34.34569],[136.81309,34.34612],[136.81265,34.34763],[136.81264,34.34847],[136.811,34.34831],[136.809,34.34848],[136.80786,34.34845],[136.80746,34.34829],[136.80758,34.34756],[136.80623,34.34681],[136.80559,34.3474],[136.8049,34.34712],[136.80408,34.34642],[136.80282,34.34471],[136.8018,34.34504],[136.80147,34.34555],[136.80049,34.34523],[136.80035,34.34458],[136.80017,34.34451],[136.79966,34.34454],[136.79906,34.34485],[136.79842,34.3445],[136.79603,34.34496],[136.79575,34.34463],[136.79429,34.34467],[136.79407,34.34481],[136.79375,34.34432],[136.79297,34.34427],[136.79023,34.34244],[136.79023,34.34201],[136.79052,34.34126],[136.7903,34.34032],[136.79063,34.33923],[136.78997,34.33834],[136.79005,34.33772],[136.78961,34.33675],[136.78897,34.33625],[136.78877,34.33584],[136.78781,34.33654],[136.78726,34.33652],[136.786,34.33687],[136.78583,34.33747],[136.78447,34.33828],[136.78409,34.33871],[136.78264,34.33898],[136.78266,34.33963],[136.78217,34.33992],[136.78247,34.34025],[136.78238,34.3409],[136.7809,34.34205],[136.78079,34.34249],[136.78016,34.34261],[136.77969,34.34292],[136.77913,34.34342],[136.77912,34.34372],[136.77853,34.34407],[136.77806,34.34544],[136.77991,34.34686],[136.78073,34.34789],[136.78176,34.34841],[136.78295,34.34977],[136.78459,34.3504],[136.78542,34.35095],[136.78662,34.35135],[136.78802,34.35227],[136.78999,34.35286],[136.79391,34.35331],[136.79473,34.3531],[136.79587,34.35223],[136.79681,34.35185],[136.7978,34.35225],[136.79884,34.35289],[136.79952,34.35421],[136.79918,34.35507],[136.79929,34.35532],[136.80024,34.35608],[136.79881,34.35616],[136.79784,34.35668],[136.79763,34.35687],[136.79753,34.35764],[136.79729,34.35808],[136.7962,34.35901],[136.79556,34.35923],[136.79456,34.35917],[136.7943,34.35931],[136.79405,34.3598],[136.79464,34.36189],[136.79467,34.36377],[136.79541,34.36335],[136.79666,34.36386],[136.79754,34.36524],[136.79791,34.36656],[136.79836,34.36695],[136.79965,34.36749],[136.80168,34.36785],[136.80245,34.36749],[136.80321,34.36681],[136.80727,34.36883],[136.80853,34.36811],[136.81344,34.36775]]]},"properties":{"key":"242150360","name":"磯部町穴川","pref":"三重県","prefCode":"24","municipality":"志摩市","areaM2":7176256.385,"population":971,"toponymIds":["24-107c7cfcc2"]}},{"type":"Feature","geometry":{"type":"Polygon","coordinates":[[[136.83202,34.37938],[136.833,34.37876],[136.834,34.37715],[136.83531,34.37693],[136.83799,34.37497],[136.83854,34.3749],[136.83869,34.37439],[136.83848,34.3738],[136.83873,34.37312],[136.83969,34.37215],[136.83983,34.37184],[136.84076,34.37184],[136.84459,34.37042],[136.84592,34.37058],[136.84566,34.37015],[136.84563,34.36967],[136.84597,34.36791],[136.84027,34.36609],[136.83853,34.36182],[136.83456,34.35931],[136.82766,34.35945],[136.82501,34.36346],[136.82413,34.36368],[136.82433,34.36484],[136.82423,34.36596],[136.82371,34.36762],[136.82398,34.36833],[136.82448,34.36882],[136.82472,34.37055],[136.8262,34.37186],[136.8265,34.37332],[136.82635,34.37592],[136.82714,34.37785],[136.82856,34.37826],[136.82933,34.37922],[136.83082,34.37892],[136.83202,34.37938]]]},"properties":{"key":"242150280","name":"磯部町飯浜","pref":"三重県","prefCode":"24","municipality":"志摩市","areaM2":2759592.174,"population":152,"toponymIds":["24-5e4271ffda"]}},{"type":"Feature","geometry":{"type":"Polygon","coordinates":[[[136.77493,34.41772],[136.77738,34.4174],[136.77902,34.41681],[136.7798,34.4168],[136.78112,34.41403],[136.78395,34.41249],[136.78564,34.41058],[136.78577,34.40986],[136.78524,34.40784],[136.78536,34.4076],[136.78638,34.4069],[136.78996,34.40539],[136.79186,34.40403],[136.79464,34.40516],[136.79546,34.40522],[136.79649,34.40494],[136.79652,34.40447],[136.798,34.40327],[136.79878,34.40176],[136.79903,34.40059],[136.79914,34.39793],[136.79927,34.39768],[136.80218,34.39737],[136.80319,34.39673],[136.80416,34.3956],[136.80609,34.39506],[136.80699,34.39431],[136.80851,34.39456],[136.80927,34.39444],[136.8101,34.39405],[136.81085,34.39339],[136.81195,34.39173],[136.81241,34.38899],[136.81294,34.3881],[136.81097,34.38715],[136.81023,34.38647],[136.81009,34.38589],[136.80969,34.38535],[136.80874,34.38482],[136.80872,34.38592],[136.80899,34.38749],[136.80882,34.38728],[136.80861,34.38617],[136.8082,34.38573],[136.80806,34.38525],[136.80812,34.38389],[136.80747,34.38281],[136.80727,34.38127],[136.80759,34.38048],[136.80347,34.38052],[136.80347,34.37983],[136.80409,34.37833],[136.80202,34.37786],[136.80163,34.37783],[136.80048,34.37825],[136.79809,34.37807],[136.79767,34.37856],[136.79747,34.37933],[136.7973,34.37939],[136.7963,34.37902],[136.79512,34.37884],[136.79422,34.378],[136.79406,34.37911],[136.79416,34.37977],[136.79264,34.38],[136.79082,34.38384],[136.79056,34.38399],[136.78886,34.38332],[136.788,34.38326],[136.78616,34.38377],[136.7849,34.38367],[136.78445,34.38382],[136.78318,34.3838],[136.78242,34.38444],[136.78122,34.38441],[136.77824,34.38841],[136.77742,34.38996],[136.77727,34.39064],[136.77699,34.39092],[136.777,34.39246],[136.77661,34.39271],[136.77502,34.39307],[136.77419,34.39395],[136.77348,34.39519],[136.77234,34.3961],[136.77017,34.39619],[136.76955,34.39639],[136.76875,34.39696],[136.76856,34.39768],[136.7683,34.39789],[136.7673,34.39764],[136.76559,34.39813],[136.76366,34.39819],[136.7606,34.39912],[136.75949,34.39907],[136.75844,34.39866],[136.75794,34.39942],[136.7572,34.39992],[136.75637,34.39996],[136.7543,34.4006],[136.75404,34.4009],[136.75437,34.40118],[136.75435,34.40268],[136.75467,34.40325],[136.75552,34.40374],[136.75639,34.40381],[136.75789,34.40468],[136.75786,34.40555],[136.75827,34.40627],[136.75847,34.4075],[136.75816,34.40842],[136.75866,34.40926],[136.75864,34.40994],[136.75906,34.41042],[136.75913,34.4114],[136.759,34.41185],[136.76046,34.41186],[136.76202,34.41246],[136.763,34.41193],[136.76436,34.41295],[136.76521,34.41326],[136.76577,34.41384],[136.76684,34.41409],[136.76745,34.41467],[136.76784,34.41453],[136.76831,34.41463],[136.76901,34.41536],[136.76997,34.41565],[136.77181,34.41676],[136.77316,34.41806],[136.77493,34.41772]]]},"properties":{"key":"242150290","name":"磯部町恵利原","pref":"三重県","prefCode":"24","municipality":"志摩市","areaM2":11202494.589,"population":546,"toponymIds":["24-d8a0687f4b"]}},{"type":"Feature","geometry":{"type":"Polygon","coordinates":[[[136.8135,34.38804],[136.81399,34.38804],[136.81396,34.38626],[136.81418,34.38487],[136.81391,34.38327],[136.8142,34.38304],[136.81615,34.38284],[136.8166,34.38237],[136.81626,34.38176],[136.81544,34.38094],[136.81476,34.3805],[136.81429,34.38065],[136.8138,34.38033],[136.81293,34.3785],[136.81145,34.378],[136.8091,34.37768],[136.80928,34.37879],[136.80978,34.37878],[136.80978,34.37917],[136.80959,34.37946],[136.80833,34.37981],[136.80782,34.38017],[136.80727,34.38127],[136.80747,34.38281],[136.80812,34.38389],[136.80812,34.38552],[136.80861,34.38617],[136.80877,34.38718],[136.80899,34.38749],[136.80872,34.38592],[136.80874,34.38482],[136.80969,34.38535],[136.81009,34.38589],[136.81023,34.38647],[136.81097,34.38715],[136.81265,34.38801],[136.81327,34.38819],[136.8135,34.38804]]]},"properties":{"key":"242150260","name":"磯部町上之郷","pref":"三重県","prefCode":"24","municipality":"志摩市","areaM2":565401.213,"population":325,"toponymIds":["24-6ab353b138"]}},{"type":"Feature","geometry":{"type":"Polygon","coordinates":[[[136.82422,34.40881],[136.82506,34.40727],[136.82387,34.40609],[136.82371,34.40577],[136.8237,34.4051],[136.82495,34.40383],[136.82593,34.40126],[136.82594,34.40076],[136.8247,34.39648],[136.82398,34.39598],[136.8233,34.39504],[136.82283,34.39414],[136.82291,34.39336],[136.82259,34.39328],[136.82177,34.39252],[136.82141,34.39245],[136.82095,34.39266],[136.81971,34.39422],[136.81954,34.39467],[136.81922,34.39431],[136.8193,34.39382],[136.81877,34.39286],[136.81883,34.39236],[136.81821,34.39058],[136.81833,34.39003],[136.8182,34.38973],[136.81672,34.38973],[136.81661,34.38906],[136.81503,34.38905],[136.81494,34.38845],[136.81399,34.38804],[136.81353,34.38801],[136.81327,34.38819],[136.81294,34.3881],[136.81241,34.38899],[136.81195,34.39173],[136.81152,34.39254],[136.81062,34.39362],[136.80972,34.39426],[136.80887,34.39454],[136.80699,34.39431],[136.80609,34.39506],[136.805,34.39538],[136.80541,34.39556],[136.80657,34.3968],[136.80787,34.39785],[136.8117,34.39957],[136.81236,34.40043],[136.8125,34.40132],[136.8124,34.40198],[136.81195,34.40249],[136.81196,34.40324],[136.81262,34.40368],[136.8129,34.4041],[136.81504,34.40539],[136.81616,34.40641],[136.81677,34.40649],[136.81723,34.40684],[136.81918,34.40739],[136.82151,34.40843],[136.82207,34.40829],[136.82422,34.40881]]]},"properties":{"key":"242150240","name":"磯部町沓掛","pref":"三重県","prefCode":"24","municipality":"志摩市","areaM2":2284789.667,"population":119,"toponymIds":["24-c528610d10"]}},{"type":"Feature","geometry":{"type":"Polygon","coordinates":[[[136.76351,34.35802],[136.76365,34.35803],[136.7638,34.35854],[136.76444,34.35698],[136.76414,34.35598],[136.76395,34.35322],[136.76338,34.35156],[136.76271,34.35109],[136.76105,34.35074],[136.75809,34.35091],[136.75762,34.35067],[136.75671,34.34983],[136.75575,34.3483],[136.75516,34.34777],[136.75461,34.34752],[136.75369,34.34735],[136.75277,34.34773],[136.75247,34.34858],[136.75125,34.34956],[136.75079,34.34979],[136.7497,34.34991],[136.74922,34.35034],[136.74843,34.35047],[136.74789,34.35146],[136.74784,34.35183],[136.74838,34.35323],[136.74889,34.35342],[136.74961,34.35407],[136.74987,34.35462],[136.75082,34.35551],[136.75063,34.35632],[136.75085,34.35722],[136.75217,34.35918],[136.75293,34.35982],[136.75441,34.36196],[136.75518,34.364],[136.7569,34.3637],[136.75885,34.3626],[136.76089,34.36175],[136.76264,34.36012],[136.76303,34.35852],[136.76328,34.35807],[136.76351,34.35802]]]},"properties":{"key":"242150340","name":"磯部町栗木広","pref":"三重県","prefCode":"24","municipality":"志摩市","areaM2":1678649.039,"population":0,"toponymIds":["24-83b4910237"]}},{"type":"Feature","geometry":{"type":"Polygon","coordinates":[[[136.79047,34.42443],[136.79354,34.42424],[136.79539,34.42235],[136.79764,34.42266],[136.79855,34.42231],[136.8001,34.42239],[136.80145,34.42197],[136.80261,34.42201],[136.80342,34.42184],[136.80401,34.42133],[136.8045,34.42051],[136.80573,34.4199],[136.80639,34.41855],[136.80739,34.4176],[136.80767,34.4171],[136.81184,34.41438],[136.81241,34.41421],[136.81371,34.41424],[136.8155,34.41294],[136.81872,34.41287],[136.82017,34.41218],[136.82003,34.41025],[136.82037,34.40972],[136.82108,34.40931],[136.82114,34.40892],[136.82151,34.40843],[136.81918,34.40739],[136.81723,34.40684],[136.81677,34.40649],[136.81616,34.40641],[136.81504,34.40539],[136.8129,34.4041],[136.81262,34.40368],[136.81196,34.40324],[136.81187,34.40296],[136.81195,34.40249],[136.8124,34.40198],[136.81251,34.40162],[136.81236,34.40043],[136.81191,34.3998],[136.81133,34.39938],[136.80787,34.39785],[136.80724,34.39741],[136.80517,34.3954],[136.80392,34.39574],[136.80319,34.39673],[136.80218,34.39737],[136.79927,34.39768],[136.79914,34.39793],[136.79903,34.40059],[136.79878,34.40176],[136.798,34.40327],[136.79652,34.40447],[136.79649,34.40494],[136.79546,34.40522],[136.79464,34.40516],[136.79186,34.40403],[136.78996,34.40539],[136.78638,34.4069],[136.78536,34.4076],[136.78525,34.40799],[136.78577,34.40986],[136.78564,34.41058],[136.78395,34.41249],[136.78112,34.41403],[136.7798,34.4168],[136.78086,34.41683],[136.78168,34.41853],[136.78395,34.41942],[136.78544,34.42158],[136.78676,34.42238],[136.78752,34.42339],[136.78825,34.42348],[136.79007,34.42443],[136.79047,34.42443]]]},"properties":{"key":"242150230","name":"磯部町五知","pref":"三重県","prefCode":"24","municipality":"志摩市","areaM2":6345028.504,"population":108,"toponymIds":["24-d2f33fa185"]}},{"type":"Feature","geometry":{"type":"Polygon","coordinates":[[[136.84941,34.35925],[136.84933,34.35901],[136.84838,34.35825],[136.8483,34.35775],[136.8479,34.35729],[136.8479,34.35701],[136.84848,34.35639],[136.84829,34.3556],[136.84902,34.35467],[136.85135,34.3546],[136.85169,34.35433],[136.85208,34.35363],[136.85314,34.35299],[136.85328,34.35229],[136.85317,34.35165],[136.85368,34.3511],[136.85386,34.35008],[136.85331,34.34936],[136.85342,34.34742],[136.85323,34.34665],[136.8527,34.34673],[136.85245,34.34709],[136.85176,34.34715],[136.85085,34.34668],[136.84911,34.3465],[136.84823,34.34588],[136.84756,34.34563],[136.84717,34.34586],[136.84541,34.34455],[136.84474,34.3445],[136.84419,34.34405],[136.84274,34.34384],[136.84227,34.34391],[136.84166,34.34363],[136.84059,34.34567],[136.83952,34.34523],[136.83907,34.34533],[136.83844,34.34584],[136.83761,34.34604],[136.83598,34.34589],[136.83535,34.34554],[136.83471,34.34544],[136.83269,34.34399],[136.83135,34.3438],[136.831,34.34332],[136.83058,34.34309],[136.8282,34.34322],[136.82695,34.34364],[136.82552,34.3433],[136.82466,34.34337],[136.82297,34.34304],[136.82041,34.34462],[136.81831,34.34485],[136.81798,34.345],[136.81775,34.34554],[136.81803,34.34639],[136.81857,34.34681],[136.81948,34.3471],[136.81998,34.34769],[136.81983,34.34853],[136.81947,34.34935],[136.82003,34.35067],[136.8203,34.35197],[136.82063,34.35243],[136.82061,34.35327],[136.8209,34.35386],[136.82055,34.35458],[136.8204,34.35642],[136.81993,34.3576],[136.82016,34.35809],[136.82086,34.35785],[136.8276,34.35945],[136.83456,34.35931],[136.83853,34.36182],[136.84027,34.36609],[136.84597,34.36791],[136.84563,34.36967],[136.84566,34.37015],[136.84592,34.37058],[136.84788,34.37057],[136.84853,34.37034],[136.84796,34.36933],[136.84796,34.3686],[136.84962,34.3676],[136.8498,34.36734],[136.84982,34.36585],[136.84943,34.36551],[136.84955,34.36468],[136.84935,34.36408],[136.84959,34.36354],[136.8494,34.36279],[136.84955,34.36217],[136.84846,34.36078],[136.84874,34.35986],[136.84921,34.35962],[136.84941,34.35925]]]},"properties":{"key":"242150370","name":"磯部町坂崎","pref":"三重県","prefCode":"24","municipality":"志摩市","areaM2":5636613.044,"population":312,"toponymIds":["24-0ead380e8f"]}},{"type":"Feature","geometry":{"type":"Polygon","coordinates":[[[136.85366,34.36845],[136.85453,34.36255],[136.85941,34.36278],[136.86185,34.36585],[136.86452,34.36593],[136.86709,34.36285],[136.87235,34.35507],[136.87084,34.35431],[136.87002,34.35369],[136.86956,34.35297],[136.86932,34.35211],[136.86854,34.35139],[136.86578,34.35104],[136.86548,34.35058],[136.86518,34.35059],[136.86451,34.34994],[136.86383,34.35024],[136.86315,34.34997],[136.86276,34.34943],[136.86274,34.34879],[136.86212,34.34781],[136.86202,34.34722],[136.86176,34.347],[136.8619,34.34624],[136.86139,34.34541],[136.8616,34.34453],[136.86048,34.34456],[136.86057,34.34438],[136.86027,34.3444],[136.8594,34.34395],[136.8585,34.34287],[136.8581,34.34294],[136.85757,34.34257],[136.85687,34.3429],[136.85582,34.34246],[136.85497,34.34296],[136.85513,34.34369],[136.85463,34.34453],[136.85327,34.34502],[136.85324,34.34552],[136.85351,34.34641],[136.85323,34.34665],[136.85342,34.34742],[136.85331,34.34936],[136.85386,34.35008],[136.85368,34.3511],[136.85317,34.35165],[136.85328,34.35229],[136.85314,34.35299],[136.85208,34.35363],[136.85169,34.35433],[136.85135,34.3546],[136.84918,34.35464],[136.84888,34.35478],[136.84829,34.3556],[136.84848,34.35639],[136.8479,34.35701],[136.8479,34.35729],[136.8483,34.35775],[136.84838,34.35825],[136.8494,34.35913],[136.84921,34.35962],[136.84874,34.35986],[136.84846,34.36078],[136.84955,34.36217],[136.8494,34.36279],[136.84959,34.36354],[136.84935,34.36408],[136.84955,34.36468],[136.84943,34.36551],[136.84982,34.36585],[136.8498,34.36734],[136.84923,34.36785],[136.84803,34.3685],[136.8479,34.36876],[136.84796,34.36933],[136.84837,34.37007],[136.85366,34.36845]]]},"properties":{"key":"242150390","name":"磯部町三ケ所","pref":"三重県","prefCode":"24","municipality":"志摩市","areaM2":3530262.327,"population":215,"toponymIds":["24-53a18e2245"]}},{"type":"Feature","geometry":{"type":"Polygon","coordinates":[[[136.81569,34.37957],[136.81694,34.37957],[136.8215,34.38019],[136.82185,34.38008],[136.82183,34.37917],[136.82422,34.3796],[136.82494,34.37922],[136.82604,34.37909],[136.82714,34.37785],[136.82635,34.37592],[136.8265,34.37332],[136.8262,34.37186],[136.82472,34.37055],[136.82448,34.36882],[136.82398,34.36833],[136.82371,34.36762],[136.82423,34.36596],[136.82433,34.36484],[136.82413,34.36368],[136.81493,34.36579],[136.81344,34.36775],[136.80853,34.36811],[136.80727,34.36883],[136.80532,34.37169],[136.80542,34.37213],[136.80617,34.37316],[136.80656,34.37507],[136.80728,34.37605],[136.80747,34.37675],[136.80786,34.37715],[136.80944,34.37779],[136.81145,34.378],[136.8127,34.37836],[136.81322,34.3789],[136.8138,34.38033],[136.81429,34.38065],[136.81476,34.3805],[136.81488,34.38012],[136.81569,34.37957]]]},"properties":{"key":"242150270","name":"磯部町下之郷","pref":"三重県","prefCode":"24","municipality":"志摩市","areaM2":2511023.413,"population":554,"toponymIds":["24-f7f73f79a2"]}},{"type":"Feature","geometry":{"type":"Polygon","coordinates":[[[136.76702,34.3977],[136.76739,34.39765],[136.7683,34.39789],[136.76856,34.39768],[136.76875,34.39696],[136.76955,34.39639],[136.77017,34.39619],[136.77218,34.39614],[136.77303,34.39563],[136.77348,34.39519],[136.77419,34.39395],[136.77502,34.39307],[136.77661,34.39271],[136.777,34.39246],[136.77699,34.39092],[136.77727,34.39064],[136.77742,34.38996],[136.77824,34.38841],[136.78122,34.38441],[136.78227,34.38449],[136.78281,34.38424],[136.78318,34.3838],[136.78445,34.38382],[136.7849,34.38367],[136.78486,34.3811],[136.78665,34.37891],[136.78701,34.37793],[136.78657,34.37652],[136.78657,34.37515],[136.78707,34.37433],[136.78776,34.37155],[136.78695,34.36842],[136.78577,34.36798],[136.78555,34.3682],[136.78554,34.3686],[136.78472,34.36919],[136.7837,34.36815],[136.78318,34.36806],[136.78255,34.36823],[136.78225,34.36841],[136.78201,34.36915],[136.78198,34.3701],[136.78171,34.37076],[136.77997,34.37113],[136.77937,34.37193],[136.77599,34.37191],[136.77481,34.37217],[136.77451,34.37253],[136.77437,34.37323],[136.77298,34.37559],[136.77221,34.37587],[136.77122,34.37557],[136.7696,34.37466],[136.7678,34.37397],[136.76731,34.37338],[136.76619,34.37262],[136.76341,34.37198],[136.76169,34.37078],[136.75401,34.36834],[136.75221,34.36966],[136.75007,34.37185],[136.74845,34.37274],[136.74743,34.37418],[136.74665,34.3763],[136.74455,34.37668],[136.74355,34.37734],[136.74296,34.37806],[136.74346,34.38007],[136.74322,34.38053],[136.74349,34.38184],[136.74344,34.38247],[136.7437,34.38343],[136.74346,34.38408],[136.74353,34.38476],[136.74559,34.38517],[136.74714,34.38499],[136.74998,34.38551],[136.75163,34.38632],[136.75133,34.38727],[136.75134,34.38773],[136.7519,34.38963],[136.75273,34.39008],[136.75411,34.39146],[136.75421,34.3919],[136.75403,34.39237],[136.75457,34.3927],[136.75491,34.39319],[136.75525,34.39437],[136.75521,34.3951],[136.75656,34.39613],[136.75688,34.39733],[136.75751,34.39823],[136.75929,34.399],[136.76014,34.39915],[136.76098,34.39905],[136.76366,34.39819],[136.76559,34.39813],[136.76702,34.3977]]]},"properties":{"key":"242150320","name":"磯部町築地","pref":"三重県","prefCode":"24","municipality":"志摩市","areaM2":8711705.183,"population":496,"toponymIds":["24-5393e7236c"]}},{"type":"Feature","geometry":{"type":"Polygon","coordinates":[[[136.8098,34.37907],[136.80978,34.37878],[136.80928,34.37879],[136.8091,34.37768],[136.80786,34.37715],[136.80747,34.37675],[136.80728,34.37605],[136.80656,34.37507],[136.80609,34.37296],[136.80533,34.37196],[136.80532,34.37169],[136.80566,34.37111],[136.80727,34.36883],[136.80506,34.36774],[136.80412,34.36849],[136.80273,34.37062],[136.80257,34.37152],[136.80258,34.37363],[136.80216,34.3735],[136.80162,34.37358],[136.80065,34.37425],[136.80087,34.37443],[136.8007,34.37519],[136.80031,34.3752],[136.80023,34.37582],[136.79986,34.3762],[136.79991,34.37636],[136.7996,34.3767],[136.79963,34.37687],[136.79923,34.37665],[136.79956,34.37578],[136.79986,34.37566],[136.79983,34.37477],[136.79939,34.37414],[136.79914,34.37438],[136.79854,34.37431],[136.79836,34.37444],[136.79827,34.37489],[136.79842,34.3751],[136.79783,34.37616],[136.79622,34.37644],[136.79579,34.37705],[136.79502,34.37731],[136.79422,34.378],[136.79512,34.37884],[136.7963,34.37902],[136.7973,34.37939],[136.79747,34.37933],[136.79781,34.37834],[136.79834,34.37802],[136.80048,34.37825],[136.80177,34.37782],[136.80409,34.37833],[136.80347,34.37983],[136.80347,34.38052],[136.80759,34.38048],[136.80833,34.37981],[136.80959,34.37946],[136.8098,34.37907]]]},"properties":{"key":"242150300","name":"磯部町迫間","pref":"三重県","prefCode":"24","municipality":"志摩市","areaM2":765319.051,"population":522,"toponymIds":["24-6067dbc6dd"]}},{"type":"Feature","geometry":{"type":"Polygon","coordinates":[[[136.86559,34.39388],[136.86615,34.39399],[136.86643,34.39375],[136.86602,34.39281],[136.86633,34.39225],[136.867,34.39206],[136.86801,34.39133],[136.86807,34.39109],[136.86779,34.39028],[136.8679,34.38972],[136.8687,34.3888],[136.86913,34.38853],[136.87008,34.38727],[136.87085,34.38575],[136.8717,34.38514],[136.87292,34.38368],[136.87503,34.38182],[136.87753,34.37923],[136.87868,34.37684],[136.88014,34.37045],[136.87206,34.36822],[136.86452,34.36593],[136.86185,34.36585],[136.85941,34.36278],[136.85453,34.36255],[136.85366,34.36845],[136.84837,34.37007],[136.84853,34.37034],[136.84788,34.37057],[136.84592,34.37058],[136.84767,34.37363],[136.84747,34.37611],[136.84768,34.37919],[136.84896,34.37939],[136.84987,34.37935],[136.85005,34.37968],[136.85051,34.37982],[136.85092,34.38022],[136.85149,34.38008],[136.85184,34.37979],[136.85262,34.37975],[136.85382,34.37881],[136.8558,34.3803],[136.85701,34.38089],[136.85809,34.38253],[136.85979,34.38399],[136.85998,34.38487],[136.8604,34.38546],[136.86125,34.3861],[136.8612,34.38662],[136.86179,34.38758],[136.86185,34.38839],[136.86149,34.38901],[136.86189,34.39187],[136.86145,34.39214],[136.86128,34.39259],[136.86098,34.39281],[136.863,34.39418],[136.86491,34.3945],[136.86524,34.39438],[136.86559,34.39388]]]},"properties":{"key":"242150380","name":"磯部町的矢","pref":"三重県","prefCode":"24","municipality":"志摩市","areaM2":5638611.519,"population":415,"toponymIds":["24-48c259e334"]}},{"type":"Feature","geometry":{"type":"Polygon","coordinates":[[[136.85372,34.40781],[136.85445,34.40713],[136.855,34.40523],[136.85516,34.40512],[136.85663,34.40503],[136.85768,34.40541],[136.8582,34.40505],[136.85885,34.40512],[136.85936,34.4045],[136.85966,34.40439],[136.86138,34.40514],[136.86221,34.40503],[136.86258,34.40537],[136.86389,34.40554],[136.8644,34.40489],[136.86504,34.40448],[136.86572,34.40322],[136.86741,34.40313],[136.86814,34.40249],[136.86855,34.40196],[136.86831,34.40141],[136.86837,34.40081],[136.86829,34.40054],[136.86787,34.40027],[136.86689,34.4003],[136.86656,34.39965],[136.86597,34.39923],[136.86287,34.39913],[136.86179,34.39805],[136.86066,34.39762],[136.86057,34.39731],[136.86114,34.39607],[136.8604,34.39445],[136.86062,34.39396],[136.86058,34.39312],[136.86075,34.39281],[136.86128,34.39259],[136.86145,34.39214],[136.86189,34.39187],[136.86149,34.38901],[136.86185,34.38839],[136.86183,34.38785],[136.86172,34.38736],[136.86136,34.38705],[136.8612,34.38662],[136.86125,34.3861],[136.86013,34.38514],[136.85979,34.38399],[136.85809,34.38253],[136.85717,34.38102],[136.8558,34.3803],[136.85382,34.37881],[136.85262,34.37975],[136.85184,34.37979],[136.85149,34.38008],[136.85092,34.38022],[136.85051,34.37982],[136.85005,34.37968],[136.84987,34.37935],[136.84896,34.37939],[136.84768,34.37919],[136.84747,34.37611],[136.84767,34.37363],[136.84592,34.37058],[136.84459,34.37042],[136.84076,34.37184],[136.83983,34.37184],[136.83969,34.37215],[136.83873,34.37312],[136.83848,34.3738],[136.83869,34.37439],[136.83854,34.3749],[136.83799,34.37497],[136.83531,34.37693],[136.834,34.37715],[136.833,34.37876],[136.83202,34.37938],[136.83082,34.37892],[136.82933,34.37922],[136.82856,34.37826],[136.82714,34.37785],[136.82604,34.37909],[136.82494,34.37922],[136.82422,34.3796],[136.82183,34.37917],[136.82175,34.37941],[136.8219,34.37994],[136.82167,34.38017],[136.82013,34.3801],[136.81933,34.37987],[136.8163,34.37954],[136.81559,34.3796],[136.81488,34.38012],[136.81476,34.3805],[136.81626,34.38176],[136.81661,34.38241],[136.81615,34.38284],[136.8142,34.38304],[136.81391,34.38327],[136.81418,34.38487],[136.81396,34.38626],[136.81399,34.38804],[136.81494,34.38845],[136.81503,34.38905],[136.81661,34.38906],[136.81672,34.38973],[136.8182,34.38973],[136.81833,34.39003],[136.81821,34.39058],[136.81883,34.39236],[136.81877,34.39286],[136.8193,34.39382],[136.81922,34.39431],[136.81954,34.39467],[136.81971,34.39422],[136.82113,34.3925],[136.82177,34.39252],[136.82259,34.39328],[136.82291,34.39336],[136.82283,34.39414],[136.8233,34.39504],[136.82398,34.39598],[136.8247,34.39648],[136.82594,34.40076],[136.82582,34.40173],[136.82537,34.40256],[136.82495,34.40383],[136.8237,34.4051],[136.82371,34.40577],[136.82387,34.40609],[136.82506,34.40727],[136.82617,34.40657],[136.82726,34.40638],[136.82802,34.40655],[136.82909,34.40645],[136.82964,34.4059],[136.83031,34.40584],[136.83054,34.40512],[136.83104,34.40462],[136.83105,34.40406],[136.83056,34.40264],[136.83088,34.40186],[136.83084,34.40134],[136.83176,34.40092],[136.83252,34.40108],[136.83356,34.40079],[136.83403,34.40085],[136.83466,34.40035],[136.83546,34.39927],[136.83578,34.39916],[136.83666,34.39934],[136.83737,34.40013],[136.83822,34.40014],[136.83867,34.40041],[136.83905,34.40023],[136.83983,34.40026],[136.84032,34.40079],[136.84086,34.40094],[136.84209,34.40052],[136.84281,34.39981],[136.84396,34.39956],[136.84453,34.39963],[136.84474,34.39992],[136.84414,34.40062],[136.84414,34.40092],[136.84457,34.40213],[136.84446,34.40284],[136.84456,34.40321],[136.84581,34.40415],[136.84607,34.40494],[136.84671,34.40535],[136.84672,34.40625],[136.84651,34.40668],[136.84682,34.40773],[136.84778,34.40786],[136.84908,34.40748],[136.84952,34.40772],[136.85141,34.40785],[136.85235,34.40771],[136.85329,34.40811],[136.85372,34.40781]]]},"properties":{"key":"242150250","name":"磯部町山田","pref":"三重県","prefCode":"24","municipality":"志摩市","areaM2":11511219.074,"population":450,"toponymIds":["24-5588d2d1da"]}},{"type":"Feature","geometry":{"type":"Polygon","coordinates":[[[136.77546,34.37194],[136.77937,34.37193],[136.77997,34.37113],[136.78171,34.37076],[136.78198,34.3701],[136.78201,34.36915],[136.78225,34.36841],[136.78318,34.36806],[136.7839,34.36829],[136.78472,34.36919],[136.78554,34.3686],[136.78555,34.3682],[136.78577,34.36798],[136.78695,34.36842],[136.78903,34.36783],[136.78983,34.3683],[136.79176,34.36862],[136.79306,34.3695],[136.794,34.36709],[136.79308,34.36684],[136.7921,34.36543],[136.79197,34.36431],[136.79241,34.36359],[136.79103,34.36332],[136.79018,34.36295],[136.78675,34.36318],[136.78279,34.36243],[136.78072,34.36557],[136.78066,34.36597],[136.77951,34.3672],[136.77897,34.36757],[136.77809,34.36785],[136.7782,34.36841],[136.77697,34.36918],[136.77598,34.37026],[136.77486,34.37058],[136.77455,34.3703],[136.77467,34.36985],[136.77437,34.36934],[136.77486,34.36895],[136.77485,34.36848],[136.77275,34.36753],[136.76932,34.36558],[136.77033,34.36445],[136.77047,34.36251],[136.77141,34.36079],[136.77302,34.36122],[136.77403,34.36056],[136.77454,34.3604],[136.77695,34.36128],[136.77859,34.36085],[136.78183,34.362],[136.77952,34.35985],[136.7793,34.35911],[136.77953,34.35837],[136.77734,34.35564],[136.77478,34.35346],[136.77248,34.3521],[136.77207,34.35301],[136.7717,34.35305],[136.77103,34.35279],[136.77073,34.3529],[136.77042,34.35333],[136.77057,34.35453],[136.76774,34.35684],[136.76736,34.35677],[136.76622,34.35552],[136.76582,34.35535],[136.76534,34.35543],[136.76491,34.35482],[136.76405,34.35431],[136.76414,34.35598],[136.76444,34.35698],[136.7638,34.35854],[136.76365,34.35803],[136.76322,34.35813],[136.76287,34.35961],[136.7624,34.3604],[136.76089,34.36175],[136.76043,34.36199],[136.75885,34.3626],[136.7569,34.3637],[136.75518,34.364],[136.75489,34.36455],[136.75369,34.36583],[136.75215,34.36687],[136.75401,34.36834],[136.76169,34.37078],[136.76341,34.37198],[136.76619,34.37262],[136.76731,34.37338],[136.7678,34.37397],[136.7696,34.37466],[136.77092,34.37544],[136.77197,34.37583],[136.77245,34.37586],[136.77298,34.37559],[136.77437,34.37323],[136.77462,34.37232],[136.77546,34.37194]]]},"properties":{"key":"242150330","name":"磯部町山原","pref":"三重県","prefCode":"24","municipality":"志摩市","areaM2":3800367.519,"population":297,"toponymIds":["24-8364ce330a"]}},{"type":"Feature","geometry":{"type":"Polygon","coordinates":[[[136.87415,34.35609],[136.87235,34.35507],[136.86709,34.36285],[136.86452,34.36593],[136.87206,34.36822],[136.88014,34.37045],[136.88059,34.36735],[136.87858,34.36194],[136.87704,34.35872],[136.87553,34.35687],[136.87415,34.35609]]]},"properties":{"key":"242150400","name":"磯部町渡鹿野","pref":"三重県","prefCode":"24","municipality":"志摩市","areaM2":1359721.535,"population":160,"toponymIds":["24-b03497fb41"]}},{"type":"Feature","geometry":{"type":"Polygon","coordinates":[[[136.1484,34.72455],[136.14928,34.72311],[136.15124,34.71723],[136.15091,34.71718],[136.15065,34.71734],[136.14935,34.7196],[136.14891,34.71907],[136.14773,34.71888],[136.14773,34.71765],[136.14641,34.71669],[136.14637,34.71619],[136.14573,34.71612],[136.14639,34.71515],[136.14638,34.7147],[136.14522,34.71461],[136.14493,34.71474],[136.14483,34.71453],[136.14438,34.71454],[136.14403,34.71426],[136.14343,34.71295],[136.1427,34.71203],[136.1415,34.7112],[136.14019,34.71098],[136.13961,34.71128],[136.13889,34.71137],[136.13816,34.7114],[136.13774,34.71119],[136.13773,34.71056],[136.13737,34.71032],[136.13702,34.70948],[136.13718,34.70899],[136.13716,34.7082],[136.13759,34.70787],[136.13762,34.70746],[136.13811,34.70723],[136.13912,34.70709],[136.13915,34.70566],[136.1357,34.70562],[136.13531,34.70543],[136.13505,34.70467],[136.13415,34.70601],[136.133,34.70549],[136.1321,34.70534],[136.13188,34.70512],[136.13242,34.70442],[136.13073,34.70346],[136.12783,34.70214],[136.12734,34.70288],[136.12532,34.70201],[136.12266,34.70263],[136.11987,34.70443],[136.12109,34.70592],[136.12579,34.7056],[136.12683,34.70959],[136.12846,34.71136],[136.1287,34.71231],[136.12907,34.71237],[136.12987,34.71319],[136.12983,34.71367],[136.13022,34.71455],[136.13063,34.71492],[136.13031,34.71557],[136.12947,34.71634],[136.12973,34.71665],[136.1314,34.71755],[136.13139,34.71957],[136.13247,34.71836],[136.13585,34.7183],[136.13583,34.71872],[136.13821,34.71871],[136.1382,34.72008],[136.14051,34.72007],[136.1412,34.72062],[136.14179,34.72043],[136.14263,34.72046],[136.14236,34.72115],[136.1421,34.72382],[136.14181,34.72441],[136.14155,34.72457],[136.14189,34.72487],[136.14422,34.72399],[136.1442,34.72598],[136.14586,34.72678],[136.14731,34.72585],[136.1484,34.72455]]]},"properties":{"key":"242160960","name":"猪田","pref":"三重県","prefCode":"24","municipality":"伊賀市","areaM2":2694298.323,"population":180,"toponymIds":["24-07fdda11ee"]}},{"type":"Feature","geometry":{"type":"Polygon","coordinates":[[[136.10112,34.78262],[136.10097,34.78177],[136.1014,34.77903],[136.10159,34.77869],[136.10126,34.77842],[136.10022,34.77773],[136.09893,34.77714],[136.09763,34.77692],[136.09657,34.77715],[136.09606,34.77751],[136.09566,34.77814],[136.0951,34.77851],[136.09551,34.77939],[136.09526,34.78012],[136.09494,34.78042],[136.09476,34.78113],[136.09482,34.78141],[136.09523,34.78179],[136.09527,34.78207],[136.0967,34.78269],[136.09718,34.78241],[136.0983,34.78262],[136.09865,34.78424],[136.10105,34.78359],[136.10122,34.78277],[136.10112,34.78262]]]},"properties":{"key":"242160630","name":"岩倉","pref":"三重県","prefCode":"24","municipality":"伊賀市","areaM2":347805.271,"population":434,"toponymIds":["24-7e0c382f72"]}},{"type":"Feature","geometry":{"type":"Polygon","coordinates":[[[136.13353,34.76574],[136.13359,34.76535],[136.13267,34.76526],[136.13265,34.76562],[136.13353,34.76574]]]},"properties":{"key":"242161330","name":"上野鍛冶町","pref":"三重県","prefCode":"24","municipality":"伊賀市","areaM2":3508.928,"population":15,"toponymIds":["24-285ae7ebc7"]}},{"type":"Feature","geometry":{"type":"Polygon","coordinates":[[[136.26698,34.66031],[136.26734,34.65984],[136.26773,34.65976],[136.26813,34.6594],[136.26806,34.65805],[136.26827,34.65714],[136.26686,34.65644],[136.26637,34.6565],[136.2662,34.65624],[136.2657,34.656],[136.26467,34.65618],[136.26343,34.65584],[136.26269,34.65609],[136.2619,34.65579],[136.2613,34.65576],[136.26096,34.65533],[136.26098,34.65483],[136.26128,34.65405],[136.26074,34.65311],[136.26057,34.65241],[136.25991,34.65182],[136.2595,34.65068],[136.25921,34.65049],[136.2519,34.65325],[136.24937,34.65308],[136.24599,34.65213],[136.24512,34.65158],[136.24342,34.64932],[136.24042,34.64802],[136.23646,34.64659],[136.23299,34.64596],[136.23532,34.65115],[136.23539,34.65286],[136.23338,34.65419],[136.23274,34.65506],[136.23221,34.65622],[136.23177,34.65656],[136.22985,34.65733],[136.22871,34.65752],[136.22672,34.65733],[136.22357,34.65635],[136.21891,34.65441],[136.21805,34.65498],[136.21769,34.65563],[136.21724,34.65644],[136.21678,34.65826],[136.21736,34.65961],[136.21826,34.65962],[136.21996,34.66078],[136.22068,34.6616],[136.2209,34.66212],[136.22055,34.66328],[136.22046,34.66441],[136.22151,34.66904],[136.22158,34.67008],[136.22115,34.6716],[136.22135,34.67194],[136.22278,34.67316],[136.22371,34.6737],[136.22421,34.67375],[136.22674,34.67266],[136.23145,34.67134],[136.23598,34.67099],[136.23767,34.67106],[136.23915,34.67151],[136.24026,34.67152],[136.24125,34.6712],[136.24159,34.67089],[136.24247,34.66903],[136.24343,34.66854],[136.24514,34.66847],[136.24628,34.66879],[136.2472,34.66877],[136.25147,34.66697],[136.25281,34.66659],[136.25402,34.6666],[136.25607,34.66719],[136.25689,34.66728],[136.25725,34.66716],[136.25873,34.66564],[136.26274,34.66252],[136.26536,34.66093],[136.26698,34.66031]]]},"properties":{"key":"242162180","name":"奥鹿野","pref":"三重県","prefCode":"24","municipality":"伊賀市","areaM2":7586781.461,"population":62,"toponymIds":["24-133fb7b360"]}},{"type":"Feature","geometry":{"type":"Polygon","coordinates":[[[136.1393,34.70459],[136.13848,34.7038],[136.13846,34.70335],[136.13886,34.70249],[136.13892,34.70194],[136.13799,34.70032],[136.13743,34.69985],[136.13744,34.69947],[136.13647,34.69895],[136.1365,34.69845],[136.13769,34.69662],[136.13755,34.69633],[136.13781,34.69589],[136.13775,34.69551],[136.13744,34.69509],[136.13631,34.69449],[136.13573,34.69332],[136.13569,34.69252],[136.13517,34.69304],[136.13531,34.69324],[136.13494,34.69418],[136.13467,34.69441],[136.13443,34.69423],[136.13384,34.69458],[136.13365,34.69441],[136.13332,34.69443],[136.13224,34.69321],[136.13,34.69344],[136.12961,34.69602],[136.12748,34.69566],[136.12465,34.6975],[136.12091,34.69765],[136.1213,34.69678],[136.12093,34.69569],[136.1202,34.69579],[136.11845,34.69531],[136.11803,34.69537],[136.11819,34.69575],[136.11812,34.69602],[136.11766,34.69638],[136.11755,34.69678],[136.11795,34.69758],[136.11752,34.69767],[136.11687,34.69729],[136.11631,34.69732],[136.11613,34.69748],[136.11606,34.69856],[136.11836,34.70011],[136.11901,34.69975],[136.12,34.69982],[136.12734,34.70288],[136.12783,34.70214],[136.13073,34.70346],[136.13242,34.70442],[136.13188,34.70512],[136.1321,34.70534],[136.133,34.70549],[136.13415,34.70601],[136.13505,34.70467],[136.13531,34.70543],[136.1357,34.70562],[136.13915,34.70566],[136.13914,34.7046],[136.1393,34.70459]]]},"properties":{"key":"242161220","name":"鍛冶屋","pref":"三重県","prefCode":"24","municipality":"伊賀市","areaM2":1544247.679,"population":71,"toponymIds":["24-263e5eb9d2"]}},{"type":"Feature","geometry":{"type":"Polygon","coordinates":[[[136.11411,34.6978],[136.11608,34.69798],[136.11613,34.69748],[136.11651,34.69727],[136.11687,34.69729],[136.11752,34.69767],[136.11795,34.69758],[136.11755,34.69678],[136.11766,34.69638],[136.11812,34.69602],[136.11819,34.69575],[136.11803,34.69537],[136.11904,34.69542],[136.1202,34.69579],[136.12093,34.69569],[136.12123,34.69535],[136.12099,34.69526],[136.12049,34.69425],[136.12045,34.6929],[136.11991,34.69269],[136.12027,34.6924],[136.12077,34.69097],[136.1204,34.6889],[136.11992,34.68797],[136.11985,34.68751],[136.11951,34.68912],[136.11733,34.69073],[136.11536,34.69147],[136.11272,34.69325],[136.11271,34.69425],[136.11212,34.69492],[136.11185,34.69502],[136.11147,34.69561],[136.10948,34.69628],[136.10811,34.69627],[136.10792,34.69671],[136.10865,34.69707],[136.10874,34.69725],[136.10856,34.6978],[136.10882,34.69829],[136.11239,34.69766],[136.11411,34.6978]]]},"properties":{"key":"242161190","name":"蔵縄手","pref":"三重県","prefCode":"24","municipality":"伊賀市","areaM2":585383.102,"population":70,"toponymIds":["24-f8fb293306"]}},{"type":"Feature","geometry":{"type":"Polygon","coordinates":[[[136.20137,34.6923],[136.20557,34.68803],[136.20724,34.68659],[136.20674,34.68626],[136.20624,34.68554],[136.20466,34.68094],[136.20389,34.68037],[136.20432,34.67983],[136.20601,34.67889],[136.2065,34.67711],[136.20648,34.67621],[136.20616,34.67549],[136.20495,34.67457],[136.2029,34.67619],[136.20134,34.67661],[136.1984,34.67813],[136.19798,34.67885],[136.19734,34.67933],[136.19712,34.67978],[136.197,34.6809],[136.19682,34.68116],[136.19679,34.68244],[136.1966,34.68283],[136.19524,34.68362],[136.19409,34.68373],[136.19313,34.68507],[136.19244,34.68523],[136.19242,34.68544],[136.19306,34.68644],[136.19306,34.68676],[136.19422,34.6872],[136.19452,34.6879],[136.19436,34.68844],[136.19442,34.68897],[136.19469,34.68943],[136.19437,34.69018],[136.19464,34.69074],[136.19566,34.69031],[136.19557,34.6899],[136.19626,34.68945],[136.19691,34.6895],[136.19722,34.68971],[136.1973,34.69015],[136.19789,34.69009],[136.19834,34.69035],[136.19875,34.69073],[136.19877,34.69118],[136.20036,34.69167],[136.20098,34.69171],[136.20093,34.69234],[136.20137,34.6923]]]},"properties":{"key":"242162200","name":"下川原","pref":"三重県","prefCode":"24","municipality":"伊賀市","areaM2":1451021.614,"population":125,"toponymIds":["24-48485e038d"]}},{"type":"Feature","geometry":{"type":"Polygon","coordinates":[[[136.16178,34.757],[136.16253,34.75591],[136.16393,34.75683],[136.16557,34.75701],[136.16588,34.75689],[136.16625,34.75708],[136.1685,34.75556],[136.16925,34.75436],[136.17033,34.75455],[136.17108,34.75428],[136.1713,34.75378],[136.17115,34.75359],[136.17138,34.75228],[136.17063,34.75226],[136.17008,34.75184],[136.16965,34.75019],[136.16776,34.7506],[136.16743,34.74905],[136.16701,34.74911],[136.1656,34.74279],[136.16253,34.7436],[136.16035,34.74315],[136.15945,34.74333],[136.15887,34.74424],[136.15803,34.74477],[136.15614,34.74398],[136.15489,34.74384],[136.15496,34.74349],[136.15465,34.74219],[136.15475,34.7419],[136.15456,34.74144],[136.15372,34.74165],[136.15318,34.74336],[136.15277,34.74286],[136.15147,34.74263],[136.15051,34.74276],[136.15014,34.74293],[136.15,34.74324],[136.14965,34.74322],[136.1493,34.74382],[136.14846,34.74459],[136.14717,34.7453],[136.14723,34.7466],[136.14674,34.75117],[136.14788,34.75132],[136.1469,34.75258],[136.14631,34.75292],[136.14387,34.75336],[136.14717,34.75479],[136.14907,34.75253],[136.15258,34.75198],[136.15233,34.75089],[136.15256,34.75079],[136.15315,34.75072],[136.15461,34.75105],[136.15602,34.75106],[136.15641,34.75283],[136.15664,34.75281],[136.15664,34.75409],[136.15699,34.75432],[136.15726,34.7541],[136.15798,34.75443],[136.15853,34.75503],[136.15869,34.75567],[136.1591,34.75567],[136.15882,34.75639],[136.16018,34.75667],[136.16009,34.7569],[136.16038,34.75697],[136.16033,34.75711],[136.16118,34.75792],[136.16188,34.75725],[136.16178,34.757]]]},"properties":{"key":"242160930","name":"下友生","pref":"三重県","prefCode":"24","municipality":"伊賀市","areaM2":2370618.46,"population":580,"toponymIds":["24-24f82589cf"]}},{"type":"Feature","geometry":{"type":"Polygon","coordinates":[[[136.11553,34.71665],[136.11515,34.7156],[136.11569,34.71463],[136.11768,34.71236],[136.11645,34.71022],[136.11499,34.7094],[136.11484,34.70899],[136.11836,34.70743],[136.1199,34.70716],[136.12026,34.70737],[136.12079,34.7084],[136.12083,34.71005],[136.12113,34.71056],[136.12177,34.71112],[136.12194,34.71155],[136.12185,34.7122],[136.12314,34.71248],[136.12352,34.71289],[136.12362,34.71334],[136.12423,34.71344],[136.12505,34.71389],[136.12609,34.7136],[136.12687,34.7148],[136.12796,34.71523],[136.12947,34.71634],[136.13031,34.71557],[136.13063,34.71492],[136.13022,34.71455],[136.12983,34.71367],[136.12987,34.71319],[136.12907,34.71237],[136.1287,34.71231],[136.12846,34.71136],[136.12683,34.70959],[136.12579,34.7056],[136.12109,34.70592],[136.11902,34.70319],[136.11762,34.70268],[136.11674,34.70146],[136.11621,34.70168],[136.11587,34.70097],[136.11609,34.70084],[136.11549,34.70024],[136.11486,34.70026],[136.11477,34.69842],[136.1146,34.69806],[136.11411,34.6978],[136.11239,34.69766],[136.10882,34.69829],[136.10914,34.6987],[136.10894,34.69931],[136.10942,34.6997],[136.10971,34.70033],[136.10995,34.70163],[136.10944,34.70174],[136.10908,34.70143],[136.1085,34.70143],[136.10793,34.70114],[136.10783,34.70206],[136.10728,34.70307],[136.10681,34.70324],[136.10851,34.70474],[136.10959,34.70649],[136.1099,34.70955],[136.10883,34.71064],[136.10971,34.71122],[136.10834,34.7126],[136.10854,34.71308],[136.10845,34.71343],[136.10802,34.71332],[136.10814,34.71364],[136.1081,34.71459],[136.10955,34.71571],[136.11102,34.71601],[136.11173,34.71655],[136.11361,34.71656],[136.11581,34.71716],[136.11553,34.71665]]]},"properties":{"key":"242161210","name":"菖蒲池","pref":"三重県","prefCode":"24","municipality":"伊賀市","areaM2":2093649.165,"population":173,"toponymIds":["24-7e7185dc4a"]}},{"type":"Feature","geometry":{"type":"Polygon","coordinates":[[[136.08975,34.81103],[136.09094,34.81094],[136.09185,34.81117],[136.09255,34.81075],[136.09317,34.81014],[136.09482,34.80936],[136.09576,34.80922],[136.09576,34.80868],[136.09593,34.80837],[136.09732,34.80747],[136.0988,34.80811],[136.09993,34.80822],[136.10015,34.80838],[136.10033,34.80746],[136.10063,34.80709],[136.10048,34.80624],[136.10288,34.79826],[136.10392,34.79641],[136.10367,34.79581],[136.10282,34.7953],[136.10207,34.79532],[136.10193,34.79507],[136.10203,34.79464],[136.10275,34.79417],[136.10291,34.79379],[136.10277,34.79021],[136.10321,34.78977],[136.10313,34.78901],[136.10488,34.78871],[136.10485,34.78847],[136.10465,34.78844],[136.1046,34.78774],[136.10765,34.78712],[136.10756,34.78633],[136.10683,34.78633],[136.10725,34.78547],[136.10686,34.78255],[136.10691,34.77938],[136.10638,34.77864],[136.10585,34.77821],[136.1042,34.77896],[136.10313,34.77919],[136.10249,34.77914],[136.10159,34.77869],[136.1014,34.77903],[136.10097,34.78177],[136.10122,34.78277],[136.10105,34.78359],[136.09865,34.78424],[136.0983,34.78262],[136.09718,34.78241],[136.0967,34.78269],[136.09527,34.78207],[136.09523,34.78179],[136.09482,34.78141],[136.09481,34.78072],[136.09526,34.78012],[136.09551,34.77939],[136.0951,34.77851],[136.09476,34.77869],[136.09359,34.77831],[136.09269,34.77828],[136.0895,34.77885],[136.08765,34.77939],[136.08692,34.77924],[136.08666,34.77897],[136.08659,34.77915],[136.08542,34.77978],[136.08514,34.7801],[136.08494,34.78074],[136.08481,34.78076],[136.08511,34.7816],[136.08587,34.78245],[136.08585,34.7831],[136.08398,34.78432],[136.08357,34.78544],[136.08421,34.78601],[136.08519,34.78632],[136.08572,34.78668],[136.08447,34.788],[136.08428,34.78832],[136.08417,34.7892],[136.08444,34.78943],[136.08499,34.78937],[136.08515,34.78979],[136.08571,34.78943],[136.08652,34.79038],[136.08607,34.79257],[136.08623,34.79279],[136.08675,34.79286],[136.08748,34.79229],[136.08762,34.79231],[136.08777,34.79278],[136.08816,34.79297],[136.08857,34.797],[136.08596,34.80001],[136.08556,34.80134],[136.08492,34.80175],[136.08313,34.80357],[136.08224,34.80378],[136.08201,34.80405],[136.08189,34.80569],[136.0811,34.80764],[136.08155,34.80776],[136.08231,34.80838],[136.08293,34.80915],[136.08308,34.80966],[136.08464,34.80997],[136.08486,34.81055],[136.08552,34.81102],[136.08732,34.811],[136.08797,34.81124],[136.08975,34.81103]]]},"properties":{"key":"242160610","name":"西高倉","pref":"三重県","prefCode":"24","municipality":"伊賀市","areaM2":5535150.364,"population":756,"toponymIds":["24-1ad163042b"]}},{"type":"Feature","geometry":{"type":"Polygon","coordinates":[[[136.17858,34.83028],[136.17878,34.82994],[136.17897,34.8289],[136.17775,34.82858],[136.17765,34.82832],[136.17805,34.82823],[136.17914,34.82839],[136.17962,34.82692],[136.17902,34.8268],[136.17845,34.82593],[136.17887,34.82456],[136.17875,34.82365],[136.17794,34.8228],[136.17678,34.82217],[136.17568,34.8224],[136.17557,34.82205],[136.17447,34.82182],[136.17338,34.82228],[136.17286,34.82189],[136.17124,34.82207],[136.17075,34.82229],[136.16901,34.82224],[136.16867,34.82257],[136.1684,34.82383],[136.16818,34.82398],[136.16745,34.82418],[136.16594,34.82402],[136.16661,34.82479],[136.16775,34.82666],[136.1678,34.82704],[136.16748,34.82755],[136.16688,34.82757],[136.16445,34.82667],[136.16394,34.82674],[136.16336,34.82706],[136.16108,34.8269],[136.16119,34.82963],[136.16233,34.83014],[136.16243,34.83079],[136.16628,34.83044],[136.1683,34.82919],[136.16901,34.83058],[136.1698,34.83022],[136.1721,34.83037],[136.17316,34.82982],[136.17395,34.83006],[136.17554,34.83011],[136.17612,34.8304],[136.17746,34.83172],[136.17781,34.83155],[136.17858,34.83028]]]},"properties":{"key":"242161680","name":"馬場","pref":"三重県","prefCode":"24","municipality":"伊賀市","areaM2":1137368.326,"population":400,"toponymIds":["24-2302157f50"]}},{"type":"Feature","geometry":{"type":"Polygon","coordinates":[[[136.11227,34.80534],[136.1121,34.80487],[136.11506,34.80472],[136.11696,34.80083],[136.11716,34.7996],[136.11668,34.79893],[136.11573,34.79862],[136.11679,34.79648],[136.11643,34.7955],[136.11585,34.79513],[136.11589,34.79484],[136.11557,34.79466],[136.11537,34.79408],[136.11482,34.79398],[136.11486,34.79323],[136.1142,34.79321],[136.11382,34.79221],[136.1143,34.79219],[136.11442,34.79202],[136.1144,34.79105],[136.11663,34.79006],[136.1172,34.79004],[136.11779,34.79036],[136.11828,34.79042],[136.11848,34.78974],[136.11883,34.78942],[136.11862,34.78929],[136.11874,34.78696],[136.12132,34.78692],[136.1213,34.78668],[136.1231,34.78661],[136.12326,34.7869],[136.12354,34.7869],[136.12344,34.7861],[136.12269,34.78625],[136.12275,34.78552],[136.12395,34.78578],[136.12402,34.78301],[136.12267,34.78319],[136.12096,34.783],[136.1178,34.78199],[136.11434,34.77927],[136.11533,34.77751],[136.11484,34.77754],[136.11381,34.77711],[136.11288,34.77702],[136.11174,34.7765],[136.11072,34.77581],[136.10898,34.77547],[136.10585,34.77821],[136.10638,34.77864],[136.10691,34.77938],[136.10686,34.78255],[136.10725,34.78547],[136.10683,34.78633],[136.10756,34.78633],[136.10765,34.78712],[136.1046,34.78774],[136.10465,34.78844],[136.10485,34.78847],[136.10488,34.78871],[136.10313,34.78901],[136.10321,34.78977],[136.10277,34.79021],[136.10291,34.79379],[136.10275,34.79417],[136.10203,34.79464],[136.10193,34.79507],[136.10207,34.79532],[136.10282,34.7953],[136.10367,34.79581],[136.10392,34.79641],[136.10288,34.79826],[136.10048,34.80624],[136.10052,34.80687],[136.10063,34.80709],[136.10262,34.80678],[136.10341,34.8065],[136.10424,34.8061],[136.10443,34.80528],[136.10794,34.80521],[136.10744,34.8058],[136.10748,34.80641],[136.10825,34.8074],[136.10876,34.80868],[136.10901,34.80891],[136.10954,34.80817],[136.11082,34.80741],[136.11135,34.80674],[136.11227,34.80632],[136.11237,34.80603],[136.11227,34.80534]]]},"properties":{"key":"242160600","name":"東高倉","pref":"三重県","prefCode":"24","municipality":"伊賀市","areaM2":3931545.79,"population":1439,"toponymIds":["24-ca2e08746c"]}},{"type":"Feature","geometry":{"type":"Polygon","coordinates":[[[136.28975,34.7695],[136.29116,34.7684],[136.29171,34.76732],[136.29202,34.76712],[136.2941,34.76816],[136.29449,34.76779],[136.29479,34.7666],[136.29459,34.76575],[136.29489,34.76439],[136.29517,34.76426],[136.29546,34.76384],[136.29539,34.76336],[136.29579,34.76223],[136.29588,34.76097],[136.29691,34.75992],[136.29704,34.75941],[136.2978,34.75851],[136.29863,34.75789],[136.2986,34.75651],[136.29813,34.75549],[136.29646,34.75454],[136.29655,34.75338],[136.29695,34.75275],[136.29696,34.75205],[136.29833,34.74989],[136.29915,34.74934],[136.29962,34.74999],[136.30027,34.74963],[136.3007,34.74967],[136.30115,34.74945],[136.30164,34.74974],[136.30195,34.74966],[136.30227,34.74923],[136.30231,34.74888],[136.30264,34.74878],[136.30252,34.74845],[136.30295,34.74779],[136.30337,34.74755],[136.30353,34.74718],[136.30352,34.74663],[136.30317,34.74552],[136.30209,34.74414],[136.30168,34.74335],[136.30052,34.7425],[136.30068,34.74134],[136.301,34.7411],[136.30117,34.74033],[136.30095,34.73925],[136.30051,34.73886],[136.29974,34.73862],[136.29946,34.73812],[136.29795,34.7373],[136.29678,34.73754],[136.29191,34.73977],[136.29139,34.74083],[136.29066,34.74118],[136.28978,34.74232],[136.28892,34.74307],[136.28776,34.74462],[136.28758,34.74544],[136.28645,34.74591],[136.2861,34.74647],[136.28437,34.74817],[136.28406,34.74871],[136.28408,34.75018],[136.28396,34.75035],[136.28237,34.75116],[136.27469,34.75804],[136.27461,34.75826],[136.27484,34.7589],[136.27605,34.75946],[136.27644,34.75994],[136.27641,34.76048],[136.27536,34.76112],[136.27523,34.76261],[136.27607,34.76345],[136.27674,34.76449],[136.27781,34.76671],[136.28087,34.7668],[136.28204,34.76708],[136.28257,34.76732],[136.28335,34.76818],[136.28494,34.76938],[136.28577,34.76939],[136.28752,34.77033],[136.28863,34.77055],[136.28887,34.7699],[136.28975,34.7695]]]},"properties":{"key":"242162060","name":"猿野","pref":"三重県","prefCode":"24","municipality":"伊賀市","areaM2":5138777.964,"population":186,"toponymIds":["24-5da5747509"]}}]}
