{"type":"FeatureCollection","features":[{"type":"Feature","geometry":{"type":"Polygon","coordinates":[[[133.86614,34.6927],[133.86628,34.69255],[133.86694,34.69289],[133.86734,34.69255],[133.86786,34.69251],[133.86801,34.69208],[133.86836,34.69183],[133.8662,34.69072],[133.86936,34.68648],[133.86771,34.68571],[133.86811,34.68506],[133.86683,34.68414],[133.86811,34.68245],[133.86706,34.68178],[133.86702,34.68151],[133.86651,34.68134],[133.86603,34.68165],[133.86529,34.68146],[133.86509,34.68179],[133.86459,34.6814],[133.86402,34.68241],[133.86339,34.68299],[133.86258,34.68454],[133.86205,34.68484],[133.86176,34.68524],[133.86167,34.68594],[133.86153,34.68601],[133.86176,34.68621],[133.86189,34.68673],[133.86116,34.68663],[133.86059,34.68755],[133.86073,34.68763],[133.86015,34.68835],[133.8592,34.68802],[133.85907,34.68754],[133.85781,34.68676],[133.85597,34.68689],[133.85525,34.68833],[133.85511,34.68876],[133.85582,34.68977],[133.85644,34.69016],[133.85714,34.69034],[133.85706,34.69016],[133.85724,34.68973],[133.85679,34.68928],[133.85782,34.68788],[133.85873,34.68895],[133.85936,34.68913],[133.85922,34.6894],[133.86041,34.68973],[133.85891,34.69048],[133.86084,34.69044],[133.86597,34.69292],[133.86614,34.6927]]]},"properties":{"key":"331012070","name":"辛川市場","pref":"岡山県","prefCode":"33","municipality":"岡山市北区","areaM2":737824.504,"population":1621,"toponymIds":["33-4cb27014f9"]}},{"type":"Feature","geometry":{"type":"Polygon","coordinates":[[[133.96961,34.59255],[133.96998,34.59],[133.97061,34.58886],[133.96991,34.58839],[133.97021,34.58796],[133.9709,34.58726],[133.9718,34.58714],[133.97308,34.58626],[133.97365,34.58569],[133.97407,34.58488],[133.97537,34.58458],[133.97361,34.58307],[133.97303,34.58297],[133.97199,34.58328],[133.96871,34.58298],[133.96618,34.58434],[133.96536,34.58529],[133.9648,34.58527],[133.96462,34.58464],[133.96438,34.58492],[133.96368,34.58507],[133.9638,34.58607],[133.96278,34.58682],[133.96204,34.58822],[133.96264,34.58878],[133.9631,34.58998],[133.96334,34.58979],[133.96369,34.59019],[133.9634,34.58978],[133.96444,34.58952],[133.96419,34.59004],[133.96802,34.59183],[133.96798,34.59259],[133.96847,34.59274],[133.96886,34.59263],[133.96907,34.59277],[133.96909,34.59252],[133.96916,34.59281],[133.96954,34.59294],[133.96961,34.59255]]]},"properties":{"key":"331040290","name":"北浦","pref":"岡山県","prefCode":"33","municipality":"岡山市南区","areaM2":667544.424,"population":597,"toponymIds":["33-3146f9cbbb"]}},{"type":"Feature","geometry":{"type":"Polygon","coordinates":[[[133.60264,34.50303],[133.60245,34.50265],[133.60246,34.50178],[133.6031,34.50123],[133.60326,34.50081],[133.60305,34.50051],[133.60309,34.4998],[133.60289,34.49946],[133.60316,34.49855],[133.60296,34.49837],[133.60283,34.49722],[133.60206,34.49748],[133.60095,34.49704],[133.60049,34.49766],[133.59999,34.49786],[133.59951,34.49744],[133.59938,34.49684],[133.59914,34.49662],[133.59835,34.49665],[133.59786,34.4965],[133.597,34.49701],[133.59659,34.49709],[133.59617,34.49654],[133.59594,34.49648],[133.59569,34.49661],[133.59549,34.49715],[133.59556,34.49762],[133.59525,34.49844],[133.5947,34.4984],[133.59426,34.49802],[133.59343,34.49804],[133.59343,34.49712],[133.59306,34.49676],[133.59318,34.49581],[133.59254,34.49539],[133.59284,34.49393],[133.59274,34.49382],[133.59224,34.49421],[133.59181,34.49415],[133.59205,34.4935],[133.59157,34.49268],[133.59121,34.49255],[133.59048,34.49299],[133.59003,34.49225],[133.58923,34.49207],[133.5895,34.49176],[133.58935,34.49126],[133.58853,34.49092],[133.58873,34.48981],[133.589,34.48955],[133.58869,34.48927],[133.58851,34.4887],[133.58679,34.4872],[133.58677,34.48683],[133.58703,34.48615],[133.58622,34.48584],[133.58517,34.48564],[133.58533,34.48595],[133.58529,34.48641],[133.58481,34.48788],[133.5851,34.48921],[133.58423,34.49125],[133.58446,34.49189],[133.58485,34.4924],[133.58371,34.49255],[133.58297,34.49283],[133.58244,34.49334],[133.58251,34.49396],[133.58003,34.49545],[133.57884,34.49578],[133.57734,34.49584],[133.57782,34.49694],[133.57766,34.49742],[133.5807,34.4977],[133.58054,34.4971],[133.58247,34.49689],[133.58336,34.49694],[133.5845,34.49744],[133.58575,34.49724],[133.58633,34.498],[133.58627,34.49902],[133.58666,34.4995],[133.58631,34.50061],[133.58685,34.50107],[133.58695,34.50149],[133.58778,34.50193],[133.58893,34.5021],[133.59076,34.50267],[133.59278,34.50264],[133.5932,34.503],[133.59485,34.50229],[133.59768,34.50357],[133.59839,34.50289],[133.59935,34.50264],[133.60233,34.50383],[133.60249,34.5038],[133.60271,34.50329],[133.60264,34.50303]]]},"properties":{"key":"33216026007","name":"寄島町","pref":"岡山県","prefCode":"33","municipality":"浅口市","areaM2":1720664.485,"population":0,"toponymIds":["33-b1639f430e","33-0554ea6d7d"]}},{"type":"Feature","geometry":{"type":"Polygon","coordinates":[[[133.52481,34.41641],[133.52687,34.41609],[133.52704,34.41572],[133.52671,34.41542],[133.52706,34.41522],[133.52672,34.41468],[133.52607,34.41419],[133.52552,34.41405],[133.52525,34.41365],[133.52448,34.41328],[133.52428,34.41294],[133.52466,34.4113],[133.5249,34.41112],[133.52557,34.41121],[133.52588,34.41063],[133.52548,34.41049],[133.52477,34.40976],[133.52359,34.40899],[133.52296,34.409],[133.52279,34.40882],[133.52278,34.40838],[133.52316,34.40739],[133.52364,34.40737],[133.52388,34.40704],[133.52359,34.40624],[133.52398,34.40553],[133.52396,34.40491],[133.52424,34.40424],[133.52556,34.4022],[133.52542,34.40152],[133.52561,34.40111],[133.52535,34.40054],[133.52591,34.39988],[133.52596,34.39952],[133.52561,34.39889],[133.52522,34.39858],[133.52235,34.39913],[133.522,34.39909],[133.52189,34.39879],[133.52141,34.39852],[133.52136,34.39835],[133.52119,34.39846],[133.52083,34.39833],[133.52029,34.397],[133.52017,34.39567],[133.51917,34.39492],[133.51897,34.3942],[133.51816,34.39412],[133.5176,34.39357],[133.51752,34.39324],[133.51726,34.39331],[133.51633,34.39282],[133.51617,34.39263],[133.51637,34.39239],[133.51535,34.39164],[133.51517,34.39094],[133.51401,34.3902],[133.51383,34.38979],[133.51362,34.38967],[133.51288,34.39003],[133.51185,34.39011],[133.51137,34.39082],[133.51134,34.3915],[133.51065,34.39219],[133.50996,34.39249],[133.51009,34.39272],[133.50998,34.39289],[133.50904,34.39354],[133.50892,34.39394],[133.50924,34.39462],[133.50889,34.39554],[133.50935,34.39633],[133.50925,34.39722],[133.50889,34.39808],[133.50837,34.39828],[133.50803,34.39902],[133.5073,34.39916],[133.50696,34.40157],[133.50664,34.40224],[133.50648,34.40221],[133.50663,34.40228],[133.50654,34.40243],[133.5063,34.40242],[133.50552,34.40325],[133.5053,34.40324],[133.50533,34.40362],[133.50571,34.40429],[133.50618,34.40476],[133.50597,34.40512],[133.50575,34.40502],[133.50575,34.40529],[133.50614,34.40542],[133.50619,34.40563],[133.5061,34.40596],[133.50574,34.40609],[133.50594,34.40662],[133.50502,34.40659],[133.50489,34.40686],[133.50592,34.40745],[133.50612,34.40741],[133.50616,34.4072],[133.50576,34.40707],[133.50613,34.40675],[133.50681,34.40678],[133.50826,34.40727],[133.50948,34.40713],[133.5098,34.40689],[133.50991,34.40639],[133.5103,34.40627],[133.51198,34.40668],[133.51278,34.40721],[133.51354,34.40811],[133.51456,34.4097],[133.51446,34.41011],[133.51501,34.41059],[133.51569,34.4108],[133.5166,34.41138],[133.51679,34.41115],[133.51661,34.41089],[133.51739,34.41068],[133.51786,34.41018],[133.51746,34.41009],[133.51717,34.40965],[133.51746,34.40958],[133.51713,34.40951],[133.5177,34.40904],[133.5176,34.40897],[133.51717,34.40941],[133.51656,34.40859],[133.51661,34.40843],[133.51702,34.40869],[133.5173,34.40839],[133.51758,34.40858],[133.51731,34.40836],[133.51755,34.40811],[133.5187,34.40848],[133.51901,34.40894],[133.51897,34.40939],[133.51863,34.40941],[133.51897,34.40942],[133.519,34.41023],[133.51855,34.41021],[133.51856,34.41002],[133.51854,34.41021],[133.51827,34.41024],[133.5191,34.41028],[133.51938,34.41069],[133.51957,34.41129],[133.5191,34.41156],[133.51936,34.41152],[133.51954,34.41175],[133.51942,34.41216],[133.51974,34.4126],[133.51978,34.41314],[133.51946,34.41324],[133.51939,34.41344],[133.51957,34.41409],[133.52023,34.41459],[133.52099,34.41455],[133.52129,34.41501],[133.52141,34.41576],[133.5221,34.416],[133.52343,34.41614],[133.52349,34.41629],[133.52398,34.41612],[133.52432,34.41619],[133.52438,34.41637],[133.52481,34.41641]]]},"properties":{"key":"332050780","name":"白石島","pref":"岡山県","prefCode":"33","municipality":"笠岡市","areaM2":2933982.71,"population":346,"toponymIds":["33-a923abd8dc"]}},{"type":"Feature","geometry":{"type":"Polygon","coordinates":[[[133.81909,34.73958],[133.82042,34.73793],[133.82056,34.73698],[133.82083,34.73652],[133.82164,34.73587],[133.82204,34.73582],[133.82261,34.73604],[133.82356,34.73575],[133.82517,34.73439],[133.82449,34.73371],[133.82321,34.73311],[133.82287,34.733],[133.82225,34.73319],[133.82154,34.73241],[133.81823,34.73215],[133.81823,34.73202],[133.81746,34.73202],[133.81711,34.73219],[133.81529,34.73117],[133.81482,34.72957],[133.81402,34.72819],[133.81377,34.72809],[133.81277,34.72823],[133.8113,34.7278],[133.81095,34.72792],[133.81019,34.72771],[133.8101,34.72783],[133.80932,34.72678],[133.80543,34.72508],[133.80687,34.72276],[133.80695,34.72233],[133.79861,34.71857],[133.79797,34.71846],[133.79714,34.7197],[133.7967,34.72073],[133.79667,34.72163],[133.797,34.72245],[133.79598,34.72324],[133.79601,34.72399],[133.79574,34.72395],[133.79561,34.72415],[133.79561,34.72493],[133.79465,34.72558],[133.79411,34.72631],[133.79336,34.72806],[133.79304,34.72847],[133.79232,34.72892],[133.79189,34.72974],[133.79122,34.73053],[133.79091,34.73148],[133.79245,34.73206],[133.79279,34.73247],[133.79377,34.7325],[133.79472,34.73279],[133.79579,34.73357],[133.7978,34.7327],[133.79893,34.73265],[133.80004,34.73361],[133.80162,34.73389],[133.80347,34.73466],[133.80372,34.73493],[133.80592,34.73553],[133.80589,34.73679],[133.80677,34.73861],[133.80692,34.73865],[133.80901,34.73858],[133.81037,34.73891],[133.81069,34.73921],[133.81198,34.73917],[133.81296,34.7395],[133.81376,34.73946],[133.81464,34.73906],[133.81618,34.73962],[133.8173,34.73948],[133.81836,34.74025],[133.81904,34.74005],[133.81909,34.73958]]]},"properties":{"key":"331012570","name":"足守","pref":"岡山県","prefCode":"33","municipality":"岡山市北区","areaM2":3252999.269,"population":1683,"toponymIds":["33-af0ca5ea73","33-a02cb3cc45"]}},{"type":"Feature","geometry":{"type":"Polygon","coordinates":[[[133.84885,34.63483],[133.84957,34.63447],[133.85049,34.63431],[133.85209,34.63444],[133.85237,34.63408],[133.85246,34.63315],[133.85276,34.63298],[133.85197,34.632],[133.85149,34.6309],[133.84906,34.62924],[133.84741,34.62786],[133.84734,34.62675],[133.84581,34.62506],[133.84517,34.62471],[133.84416,34.6245],[133.84434,34.62417],[133.84419,34.62367],[133.84356,34.62313],[133.84356,34.62179],[133.8432,34.62106],[133.84193,34.62043],[133.8415,34.62044],[133.84092,34.6202],[133.84056,34.6199],[133.84012,34.619],[133.83942,34.61869],[133.83909,34.61916],[133.83758,34.62024],[133.83677,34.61981],[133.8359,34.61994],[133.83552,34.62033],[133.83513,34.62109],[133.83502,34.62238],[133.83438,34.62335],[133.83435,34.62461],[133.83375,34.62577],[133.83337,34.62598],[133.83331,34.6262],[133.83198,34.62588],[133.83144,34.62697],[133.83034,34.62773],[133.83105,34.62794],[133.83335,34.62783],[133.83373,34.62893],[133.83463,34.62965],[133.83533,34.62995],[133.83604,34.63149],[133.83568,34.63281],[133.83516,34.63381],[133.83569,34.6339],[133.83561,34.63409],[133.83676,34.63417],[133.83907,34.63376],[133.8403,34.63397],[133.84025,34.63374],[133.84046,34.6337],[133.8418,34.63436],[133.8421,34.63478],[133.84391,34.63442],[133.84728,34.63471],[133.84836,34.63467],[133.84885,34.63483]]]},"properties":{"key":"331012390","name":"大内田","pref":"岡山県","prefCode":"33","municipality":"岡山市北区","areaM2":1922276.065,"population":306,"toponymIds":["33-a264369ebc"]}},{"type":"Feature","geometry":{"type":"Polygon","coordinates":[[[133.78667,34.81114],[133.78734,34.81109],[133.78697,34.81022],[133.78747,34.80843],[133.78712,34.80762],[133.78832,34.80817],[133.78819,34.80839],[133.78828,34.80859],[133.78935,34.80843],[133.79054,34.80855],[133.79106,34.80845],[133.79259,34.80556],[133.79364,34.80558],[133.79339,34.80466],[133.79388,34.80402],[133.79419,34.80278],[133.79463,34.8028],[133.79469,34.80258],[133.79568,34.80218],[133.79613,34.80181],[133.79621,34.8011],[133.7953,34.79936],[133.79476,34.7975],[133.79481,34.79695],[133.79536,34.79555],[133.79555,34.79426],[133.79575,34.79421],[133.79683,34.79472],[133.79752,34.79524],[133.79833,34.79554],[133.79925,34.79625],[133.80079,34.79457],[133.80107,34.79406],[133.80105,34.79338],[133.80032,34.79204],[133.79913,34.79185],[133.7994,34.79123],[133.80051,34.79024],[133.80083,34.79005],[133.80312,34.79053],[133.80492,34.79054],[133.80587,34.7907],[133.80629,34.79069],[133.80646,34.79051],[133.80607,34.7901],[133.8055,34.78992],[133.80532,34.78817],[133.80543,34.7876],[133.80567,34.78744],[133.80587,34.78696],[133.80662,34.78641],[133.80507,34.78457],[133.80534,34.78383],[133.80633,34.78386],[133.80624,34.78344],[133.80637,34.78327],[133.80689,34.78323],[133.80684,34.78293],[133.80611,34.78281],[133.80576,34.78293],[133.80542,34.78262],[133.8051,34.78274],[133.80458,34.78217],[133.80456,34.78148],[133.80397,34.78136],[133.80353,34.78102],[133.8029,34.78135],[133.80262,34.78075],[133.80236,34.78061],[133.80189,34.78054],[133.80105,34.78082],[133.80084,34.78059],[133.80015,34.78035],[133.80008,34.7801],[133.79968,34.7798],[133.79982,34.77961],[133.79842,34.77837],[133.79845,34.77812],[133.79867,34.7781],[133.7996,34.77682],[133.80013,34.77671],[133.80097,34.77622],[133.80127,34.77556],[133.80121,34.77511],[133.80162,34.77378],[133.80158,34.77325],[133.80132,34.77277],[133.79966,34.77318],[133.79901,34.77316],[133.7984,34.77274],[133.79752,34.77255],[133.79542,34.77121],[133.79523,34.77024],[133.79535,34.76969],[133.79474,34.76884],[133.79473,34.76697],[133.79505,34.7659],[133.79474,34.76531],[133.79493,34.76454],[133.79486,34.76422],[133.79446,34.76372],[133.79432,34.76303],[133.79355,34.76235],[133.79291,34.76267],[133.7913,34.76241],[133.79073,34.76395],[133.79149,34.76636],[133.79001,34.76992],[133.78984,34.77068],[133.7901,34.77135],[133.79078,34.7722],[133.79124,34.77388],[133.79122,34.77439],[133.79095,34.77508],[133.79058,34.77545],[133.79058,34.77596],[133.79295,34.77796],[133.79293,34.7785],[133.79218,34.77951],[133.79226,34.78061],[133.79251,34.78139],[133.79294,34.78173],[133.7951,34.78266],[133.79617,34.78357],[133.79642,34.78408],[133.79537,34.78516],[133.79581,34.78639],[133.79535,34.78729],[133.79553,34.78836],[133.7951,34.78915],[133.79497,34.78998],[133.79506,34.79043],[133.79475,34.79069],[133.7938,34.79103],[133.79351,34.79153],[133.7937,34.79315],[133.79336,34.79347],[133.79309,34.7935],[133.79211,34.79308],[133.79153,34.79305],[133.79053,34.79402],[133.78981,34.79363],[133.78724,34.79309],[133.78671,34.79346],[133.78673,34.79416],[133.78622,34.79444],[133.78589,34.79447],[133.78553,34.7941],[133.78512,34.79428],[133.78485,34.79476],[133.78459,34.7949],[133.78326,34.79501],[133.78285,34.79518],[133.78223,34.79611],[133.78248,34.79679],[133.78241,34.79707],[133.78141,34.79737],[133.78106,34.79764],[133.7805,34.7976],[133.77949,34.79857],[133.77883,34.79876],[133.77777,34.7985],[133.77689,34.79872],[133.77644,34.7983],[133.77565,34.79875],[133.77579,34.79915],[133.77549,34.79945],[133.77466,34.79927],[133.77407,34.79943],[133.77333,34.79928],[133.77302,34.79937],[133.77363,34.80007],[133.77538,34.80111],[133.77662,34.80233],[133.77797,34.80292],[133.7783,34.80337],[133.77901,34.80373],[133.7795,34.80449],[133.78007,34.80499],[133.7802,34.8058],[133.7807,34.80657],[133.78115,34.80806],[133.78111,34.8085],[133.78084,34.80886],[133.78311,34.80928],[133.78334,34.80976],[133.78308,34.81064],[133.78418,34.81127],[133.78568,34.81137],[133.78667,34.81114]]]},"properties":{"key":"331012440","name":"河原","pref":"岡山県","prefCode":"33","municipality":"岡山市北区","areaM2":4823680.112,"population":128,"toponymIds":["33-a2c97c14d3","33-f7a77bfadb"]}},{"type":"Feature","geometry":{"type":"Polygon","coordinates":[[[133.9199,34.65291],[133.91986,34.65265],[133.91736,34.65321],[133.91856,34.65503],[133.91924,34.65473],[133.92013,34.6547],[133.9199,34.65291]]]},"properties":{"key":"33101108001","name":"鹿田町一丁目","pref":"岡山県","prefCode":"33","municipality":"岡山市北区","areaM2":42129.297,"population":747,"toponymIds":["33-947dfd3607"]}},{"type":"Feature","geometry":{"type":"Polygon","coordinates":[[[133.91713,34.65095],[133.9169,34.65053],[133.91636,34.65039],[133.91549,34.65061],[133.91521,34.65042],[133.91396,34.65045],[133.9171,34.65302],[133.91736,34.65293],[133.91713,34.65095]]]},"properties":{"key":"331011090","name":"鹿田本町","pref":"岡山県","prefCode":"33","municipality":"岡山市北区","areaM2":43603.883,"population":427,"toponymIds":["33-8267b8534a"]}},{"type":"Feature","geometry":{"type":"Polygon","coordinates":[[[133.82444,34.73322],[133.8245,34.73263],[133.8238,34.73195],[133.82382,34.73145],[133.82405,34.73121],[133.82387,34.73105],[133.82281,34.73083],[133.82179,34.73093],[133.82062,34.73039],[133.82045,34.73011],[133.82037,34.72926],[133.82091,34.72808],[133.82058,34.72682],[133.82066,34.72649],[133.82137,34.726],[133.82206,34.72505],[133.823,34.72444],[133.82344,34.72385],[133.82337,34.72338],[133.82473,34.72313],[133.82426,34.72159],[133.82545,34.71988],[133.82696,34.71943],[133.82752,34.71897],[133.82792,34.71902],[133.82832,34.71837],[133.82863,34.71823],[133.82946,34.71827],[133.82834,34.71728],[133.8293,34.71691],[133.82934,34.71666],[133.82842,34.71674],[133.82804,34.71648],[133.82936,34.71539],[133.82903,34.7151],[133.82918,34.71498],[133.82861,34.71462],[133.82847,34.71388],[133.82758,34.71356],[133.82749,34.71248],[133.82683,34.71237],[133.82588,34.71256],[133.82494,34.71226],[133.82416,34.71261],[133.82439,34.71294],[133.8244,34.71331],[133.82393,34.71426],[133.82342,34.71466],[133.82369,34.71517],[133.82355,34.71571],[133.82268,34.71582],[133.82237,34.71638],[133.82038,34.71648],[133.819,34.71518],[133.81849,34.71489],[133.81735,34.71366],[133.81682,34.71402],[133.81667,34.71432],[133.816,34.714],[133.81554,34.71411],[133.81514,34.71364],[133.81448,34.71344],[133.81373,34.71349],[133.81356,34.71322],[133.81281,34.71277],[133.81154,34.7126],[133.81009,34.71347],[133.80946,34.71325],[133.80915,34.71261],[133.80802,34.71227],[133.8078,34.71153],[133.80797,34.71094],[133.80748,34.71063],[133.80731,34.71022],[133.80688,34.70998],[133.80394,34.70999],[133.80444,34.70902],[133.80438,34.70868],[133.80338,34.70768],[133.80145,34.71072],[133.80157,34.7112],[133.80054,34.71247],[133.79987,34.71083],[133.79928,34.711],[133.79904,34.71165],[133.79838,34.71183],[133.79812,34.71224],[133.7983,34.71293],[133.79791,34.71399],[133.79813,34.71452],[133.79835,34.71461],[133.79778,34.71587],[133.79784,34.71611],[133.79905,34.71634],[133.79845,34.71726],[133.79797,34.71846],[133.79861,34.71857],[133.80695,34.72233],[133.80687,34.72276],[133.80543,34.72508],[133.80932,34.72678],[133.8101,34.72783],[133.81019,34.72771],[133.81095,34.72792],[133.8113,34.7278],[133.81277,34.72823],[133.81377,34.72809],[133.81402,34.72819],[133.81482,34.72957],[133.81529,34.73117],[133.81689,34.7321],[133.81823,34.73202],[133.81823,34.73215],[133.82154,34.73241],[133.82225,34.73319],[133.82287,34.733],[133.82449,34.73371],[133.82435,34.73357],[133.82444,34.73322]]]},"properties":{"key":"331012580","name":"下足守","pref":"岡山県","prefCode":"33","municipality":"岡山市北区","areaM2":3851272.564,"population":1077,"toponymIds":["33-161b55d52f","33-ab7a1aa471"]}},{"type":"Feature","geometry":{"type":"Polygon","coordinates":[[[133.92819,34.64811],[133.92811,34.64791],[133.92833,34.64768],[133.928,34.64625],[133.92762,34.64636],[133.9278,34.64673],[133.92752,34.64681],[133.92771,34.6478],[133.92793,34.64793],[133.92736,34.64795],[133.92737,34.64815],[133.92751,34.64903],[133.92795,34.64894],[133.92792,34.64879],[133.92815,34.64873],[133.92819,34.64811]]]},"properties":{"key":"331011680","name":"下内田町","pref":"岡山県","prefCode":"33","municipality":"岡山市北区","areaM2":17091.306,"population":121,"toponymIds":["33-6283fb440d"]}},{"type":"Feature","geometry":{"type":"Polygon","coordinates":[[[133.87755,34.77052],[133.87791,34.77021],[133.8789,34.77026],[133.87923,34.77055],[133.87967,34.77058],[133.88017,34.77046],[133.88131,34.76976],[133.88266,34.76934],[133.88241,34.76841],[133.88253,34.76672],[133.88335,34.76613],[133.88455,34.76605],[133.88582,34.76555],[133.88674,34.76556],[133.88693,34.76598],[133.88729,34.7662],[133.88781,34.76596],[133.88792,34.76564],[133.88829,34.76551],[133.8885,34.76502],[133.89131,34.76378],[133.89275,34.76345],[133.89335,34.76364],[133.89393,34.7641],[133.89458,34.76493],[133.89543,34.76544],[133.89646,34.76531],[133.8971,34.76499],[133.89765,34.76509],[133.89757,34.76478],[133.89851,34.76421],[133.89974,34.76307],[133.90334,34.76109],[133.90371,34.76056],[133.90313,34.76026],[133.90267,34.75964],[133.90288,34.75857],[133.90351,34.75757],[133.90391,34.75749],[133.90403,34.75724],[133.90445,34.757],[133.90788,34.7559],[133.90859,34.75551],[133.90915,34.75471],[133.90918,34.75394],[133.90951,34.75314],[133.91009,34.75259],[133.91021,34.75208],[133.91093,34.75174],[133.9115,34.75086],[133.9126,34.75002],[133.91321,34.74901],[133.91407,34.7487],[133.9145,34.74793],[133.91556,34.74837],[133.91593,34.74776],[133.91656,34.74744],[133.91736,34.7475],[133.91777,34.74783],[133.91832,34.7471],[133.91854,34.74599],[133.91917,34.74556],[133.92015,34.74533],[133.92105,34.74476],[133.92078,34.74428],[133.92022,34.74397],[133.91873,34.74366],[133.91776,34.74291],[133.91731,34.74318],[133.91645,34.74435],[133.91494,34.74463],[133.91471,34.74459],[133.91462,34.74427],[133.91375,34.74431],[133.91105,34.74355],[133.90932,34.74354],[133.90817,34.74334],[133.90682,34.74284],[133.90549,34.74199],[133.90489,34.74188],[133.90466,34.74132],[133.90479,34.74035],[133.90515,34.73935],[133.90499,34.73915],[133.9056,34.73762],[133.90422,34.73699],[133.90025,34.73659],[133.89985,34.73695],[133.8994,34.73692],[133.89922,34.73638],[133.89825,34.73589],[133.89748,34.73477],[133.89723,34.73469],[133.89708,34.7343],[133.89577,34.73355],[133.89717,34.73277],[133.89662,34.73181],[133.89588,34.73114],[133.89539,34.7298],[133.89369,34.72963],[133.89354,34.72984],[133.89329,34.72969],[133.89315,34.72879],[133.89268,34.72831],[133.89211,34.72815],[133.89201,34.72776],[133.89106,34.72755],[133.89064,34.72794],[133.88902,34.72785],[133.88859,34.7276],[133.8885,34.72729],[133.88815,34.72702],[133.8876,34.72696],[133.88668,34.72654],[133.88638,34.72607],[133.88557,34.72555],[133.88514,34.72627],[133.88403,34.7269],[133.88351,34.72833],[133.8835,34.7289],[133.8839,34.73045],[133.8843,34.73106],[133.88485,34.73135],[133.88495,34.73162],[133.88475,34.73296],[133.88522,34.73406],[133.8851,34.73469],[133.88565,34.73596],[133.88566,34.73644],[133.88619,34.73677],[133.88586,34.73752],[133.88565,34.73873],[133.88584,34.74105],[133.8862,34.74166],[133.88517,34.74339],[133.88375,34.7451],[133.88372,34.74555],[133.88225,34.74584],[133.87956,34.74759],[133.87721,34.7477],[133.87652,34.74849],[133.87618,34.74858],[133.87577,34.74854],[133.8751,34.74874],[133.87298,34.74841],[133.87181,34.74879],[133.87145,34.74943],[133.87059,34.74966],[133.87015,34.74906],[133.86883,34.7489],[133.8683,34.74852],[133.8672,34.74914],[133.86655,34.74913],[133.86615,34.74929],[133.86505,34.75017],[133.86484,34.75059],[133.86484,34.75096],[133.86535,34.75227],[133.86426,34.75242],[133.86386,34.75266],[133.86269,34.75404],[133.86162,34.75492],[133.86138,34.75524],[133.86134,34.75599],[133.861,34.75586],[133.86184,34.75622],[133.86243,34.75678],[133.86319,34.75712],[133.86348,34.75756],[133.8655,34.75742],[133.86686,34.7567],[133.86762,34.75733],[133.86797,34.75794],[133.86778,34.75985],[133.86734,34.76026],[133.86807,34.7607],[133.86859,34.76131],[133.86859,34.76172],[133.86891,34.76165],[133.86941,34.76191],[133.86979,34.7617],[133.87261,34.76125],[133.87279,34.76152],[133.87343,34.76169],[133.87223,34.76246],[133.87214,34.76265],[133.87128,34.76294],[133.8704,34.76378],[133.87025,34.76495],[133.87039,34.76529],[133.87006,34.76603],[133.87018,34.76623],[133.87012,34.76686],[133.8707,34.7671],[133.8712,34.76757],[133.8717,34.76757],[133.87231,34.76788],[133.87261,34.76786],[133.87325,34.7684],[133.87351,34.7684],[133.87424,34.76901],[133.87424,34.77012],[133.87479,34.77046],[133.87503,34.7708],[133.87582,34.77122],[133.87646,34.77107],[133.87699,34.77064],[133.87755,34.77052]]]},"properties":{"key":"331011860","name":"菅野","pref":"岡山県","prefCode":"33","municipality":"岡山市北区","areaM2":11450680.294,"population":1140,"toponymIds":["33-5dd1132474","33-ecfe34272b"]}},{"type":"Feature","geometry":{"type":"Polygon","coordinates":[[[133.93834,34.83653],[133.94326,34.83719],[133.94498,34.8372],[133.95038,34.83591],[133.95417,34.8346],[133.95359,34.83275],[133.9526,34.83273],[133.95221,34.83242],[133.95221,34.83139],[133.95199,34.83114],[133.95117,34.83078],[133.95041,34.8307],[133.94996,34.83013],[133.9459,34.82971],[133.94377,34.8282],[133.94259,34.82797],[133.94194,34.82767],[133.94121,34.82676],[133.94142,34.82527],[133.93821,34.82565],[133.93422,34.82556],[133.93208,34.8259],[133.92998,34.82701],[133.92849,34.82831],[133.92798,34.8295],[133.92776,34.83174],[133.92783,34.83273],[133.92905,34.83418],[133.93167,34.83671],[133.9325,34.83959],[133.9333,34.84132],[133.93629,34.83821],[133.93834,34.83653]]]},"properties":{"key":"331012940","name":"建部町小倉","pref":"岡山県","prefCode":"33","municipality":"岡山市北区","areaM2":2343995.834,"population":153,"toponymIds":["33-2991d87a44","33-6e145e4ead","33-2c95314217"]}},{"type":"Feature","geometry":{"type":"Polygon","coordinates":[[[133.90893,34.67138],[133.91092,34.67135],[133.911,34.67084],[133.90814,34.66901],[133.90813,34.67137],[133.90893,34.67138]]]},"properties":{"key":"33101063001","name":"津倉町一丁目","pref":"岡山県","prefCode":"33","municipality":"岡山市北区","areaM2":40503.76,"population":303,"toponymIds":["33-f106df8524"]}},{"type":"Feature","geometry":{"type":"Polygon","coordinates":[[[133.7763,34.79833],[133.77644,34.7983],[133.77689,34.79872],[133.77777,34.7985],[133.77883,34.79876],[133.77949,34.79857],[133.7805,34.7976],[133.78106,34.79764],[133.78141,34.79737],[133.78241,34.79707],[133.78248,34.79679],[133.78223,34.79611],[133.78285,34.79518],[133.78326,34.79501],[133.78459,34.7949],[133.78485,34.79476],[133.78512,34.79428],[133.78553,34.7941],[133.78589,34.79447],[133.78622,34.79444],[133.78673,34.79416],[133.78671,34.79346],[133.78724,34.79309],[133.78981,34.79363],[133.79053,34.79402],[133.79153,34.79305],[133.79211,34.79308],[133.79309,34.7935],[133.79336,34.79347],[133.7937,34.79315],[133.79349,34.79143],[133.79175,34.78972],[133.79012,34.78851],[133.79002,34.78909],[133.7896,34.78942],[133.78812,34.78938],[133.78754,34.78864],[133.78761,34.78829],[133.78729,34.7881],[133.78662,34.78679],[133.78598,34.7863],[133.78531,34.78615],[133.78513,34.78351],[133.78482,34.78259],[133.78411,34.78166],[133.78397,34.78117],[133.78429,34.77968],[133.78462,34.7791],[133.78506,34.77875],[133.78535,34.77803],[133.78487,34.77701],[133.78455,34.77692],[133.78408,34.77713],[133.78379,34.77705],[133.78325,34.77747],[133.78309,34.77735],[133.78289,34.77754],[133.78225,34.77764],[133.78212,34.77737],[133.78154,34.77731],[133.7809,34.77754],[133.78088,34.77814],[133.78026,34.77811],[133.77972,34.77831],[133.77912,34.77821],[133.77876,34.77765],[133.77855,34.77764],[133.77831,34.77803],[133.77709,34.77889],[133.77619,34.77982],[133.77572,34.77977],[133.77509,34.77996],[133.77483,34.77973],[133.77499,34.77919],[133.77473,34.77899],[133.77425,34.77905],[133.77354,34.77837],[133.7719,34.77773],[133.77075,34.77708],[133.77021,34.77696],[133.76917,34.77766],[133.76875,34.7777],[133.76847,34.7768],[133.76703,34.77593],[133.76731,34.77486],[133.76636,34.77477],[133.76563,34.77501],[133.76508,34.77373],[133.76452,34.77341],[133.7642,34.77288],[133.75978,34.77126],[133.75798,34.77107],[133.75691,34.7703],[133.75664,34.76975],[133.75554,34.77058],[133.75525,34.77178],[133.75547,34.77305],[133.75521,34.7739],[133.75474,34.77456],[133.75489,34.77527],[133.75593,34.77549],[133.75593,34.77604],[133.75558,34.77656],[133.755,34.77675],[133.7533,34.77636],[133.75023,34.77627],[133.74904,34.77711],[133.74666,34.77771],[133.74717,34.77881],[133.74735,34.77966],[133.74783,34.78],[133.74843,34.78084],[133.74913,34.78278],[133.74902,34.78311],[133.74829,34.78373],[133.7477,34.78455],[133.74743,34.78523],[133.74743,34.78564],[133.74825,34.78768],[133.74874,34.78755],[133.75029,34.78649],[133.75296,34.78568],[133.75357,34.78502],[133.75385,34.78412],[133.75496,34.78309],[133.75562,34.78199],[133.75597,34.78212],[133.75659,34.78288],[133.75749,34.78489],[133.75803,34.78554],[133.75893,34.7859],[133.76062,34.78608],[133.76199,34.78647],[133.76258,34.78729],[133.76513,34.78864],[133.76639,34.78977],[133.76737,34.78812],[133.76762,34.78671],[133.76813,34.78654],[133.77053,34.78646],[133.77189,34.78623],[133.77249,34.78631],[133.77303,34.78657],[133.77329,34.7868],[133.77333,34.78746],[133.77382,34.78837],[133.77353,34.78899],[133.77341,34.79034],[133.7741,34.79142],[133.77399,34.79368],[133.77445,34.79483],[133.77401,34.79574],[133.77434,34.79651],[133.77425,34.79716],[133.77458,34.79769],[133.77496,34.79894],[133.77483,34.79932],[133.77536,34.79947],[133.77562,34.79938],[133.77579,34.79915],[133.77565,34.79875],[133.7763,34.79833]]]},"properties":{"key":"331012460","name":"間倉","pref":"岡山県","prefCode":"33","municipality":"岡山市北区","areaM2":5602428.617,"population":87,"toponymIds":["33-2dc0072f3f","33-17f1392858"]}},{"type":"Feature","geometry":{"type":"Polygon","coordinates":[[[133.92847,34.84272],[133.93234,34.84266],[133.93326,34.8424],[133.93345,34.84199],[133.93306,34.8407],[133.9325,34.83959],[133.93167,34.83671],[133.92905,34.83418],[133.92783,34.83273],[133.92776,34.83174],[133.92809,34.8291],[133.92458,34.82976],[133.9239,34.83058],[133.92151,34.83218],[133.92013,34.83283],[133.92,34.83279],[133.91996,34.83121],[133.91873,34.83052],[133.91851,34.8302],[133.9176,34.82965],[133.91671,34.82873],[133.91661,34.82819],[133.91615,34.82799],[133.9155,34.82717],[133.91471,34.82649],[133.91435,34.82642],[133.91436,34.82733],[133.91368,34.82815],[133.91333,34.82906],[133.91259,34.82994],[133.91244,34.83261],[133.91503,34.83287],[133.91682,34.83338],[133.91917,34.83528],[133.9212,34.83724],[133.92387,34.83985],[133.92645,34.84274],[133.92847,34.84272]]]},"properties":{"key":"331012690","name":"御津鹿瀬","pref":"岡山県","prefCode":"33","municipality":"岡山市北区","areaM2":1460008.093,"population":154,"toponymIds":["33-5718b46fed","33-8a24a26067"]}},{"type":"Feature","geometry":{"type":"Polygon","coordinates":[[[133.84867,34.8541],[133.84964,34.85413],[133.85101,34.85328],[133.85141,34.8521],[133.85172,34.85166],[133.85158,34.85055],[133.85196,34.84933],[133.85214,34.84928],[133.85294,34.84965],[133.8545,34.84885],[133.85606,34.84832],[133.85909,34.84778],[133.86008,34.84719],[133.86031,34.84619],[133.859,34.84551],[133.85847,34.84431],[133.85809,34.84415],[133.8579,34.84389],[133.85752,34.84263],[133.85719,34.84236],[133.85602,34.84198],[133.85309,34.84168],[133.85203,34.84051],[133.85107,34.84001],[133.85114,34.83919],[133.85101,34.83883],[133.84901,34.83631],[133.84869,34.83458],[133.8476,34.83384],[133.84689,34.83236],[133.8455,34.83199],[133.84371,34.8307],[133.84346,34.83004],[133.84362,34.82749],[133.84323,34.82573],[133.84214,34.82298],[133.8414,34.82202],[133.84096,34.82104],[133.84084,34.82054],[133.84109,34.82],[133.84072,34.81956],[133.83995,34.81907],[133.83898,34.81941],[133.83881,34.81933],[133.83857,34.8188],[133.83841,34.8174],[133.83784,34.8165],[133.836,34.81541],[133.83657,34.81263],[133.83639,34.81203],[133.83565,34.81148],[133.83605,34.80891],[133.83636,34.80893],[133.83701,34.80957],[133.83722,34.80951],[133.83776,34.80767],[133.83795,34.80546],[133.83824,34.80516],[133.83924,34.80479],[133.83963,34.8044],[133.83924,34.80334],[133.83988,34.80173],[133.83979,34.80039],[133.83996,34.79892],[133.83878,34.79909],[133.83804,34.79899],[133.83647,34.79839],[133.83632,34.79762],[133.83601,34.79723],[133.83611,34.79714],[133.83551,34.79566],[133.83468,34.7958],[133.83428,34.79538],[133.83161,34.79407],[133.83007,34.79384],[133.82867,34.7939],[133.82804,34.79347],[133.82723,34.79318],[133.82573,34.79408],[133.82564,34.79435],[133.82538,34.79415],[133.82389,34.79405],[133.82303,34.7935],[133.82258,34.79346],[133.82132,34.79371],[133.82016,34.79454],[133.81897,34.79446],[133.81743,34.79506],[133.81601,34.79489],[133.81537,34.79497],[133.81496,34.79524],[133.81462,34.79575],[133.81461,34.79743],[133.81441,34.79785],[133.81371,34.79848],[133.81373,34.79881],[133.81461,34.80047],[133.81498,34.80209],[133.8158,34.80326],[133.81634,34.8038],[133.81696,34.80396],[133.81783,34.80485],[133.81873,34.80508],[133.81953,34.80574],[133.81891,34.80666],[133.81869,34.8066],[133.81857,34.80695],[133.81889,34.8075],[133.819,34.8081],[133.81928,34.8084],[133.81929,34.80912],[133.81966,34.80938],[133.82004,34.81031],[133.82002,34.81086],[133.81927,34.81155],[133.81829,34.81284],[133.8182,34.81329],[133.81859,34.81431],[133.81805,34.81546],[133.8182,34.81611],[133.81784,34.81669],[133.81783,34.81709],[133.8184,34.81877],[133.82032,34.81937],[133.82009,34.81999],[133.82007,34.82068],[133.82029,34.82119],[133.81944,34.82199],[133.819,34.82276],[133.81905,34.82311],[133.81774,34.82405],[133.81767,34.826],[133.81693,34.82674],[133.81725,34.82764],[133.81626,34.82888],[133.81616,34.8292],[133.8166,34.83165],[133.8174,34.83288],[133.81774,34.83373],[133.81777,34.83475],[133.81849,34.83521],[133.81988,34.83514],[133.82074,34.83656],[133.82169,34.83689],[133.82244,34.83755],[133.82316,34.83744],[133.82363,34.83757],[133.82463,34.83836],[133.82506,34.83936],[133.8254,34.83973],[133.82596,34.84003],[133.82643,34.84009],[133.8286,34.84188],[133.83043,34.8423],[133.83165,34.84221],[133.83254,34.84331],[133.83305,34.84354],[133.83367,34.84349],[133.83415,34.84327],[133.83441,34.84295],[133.83344,34.84175],[133.83327,34.84129],[133.83345,34.84118],[133.8345,34.84184],[133.83531,34.84213],[133.83763,34.84225],[133.83932,34.84269],[133.84118,34.8434],[133.8431,34.84438],[133.84343,34.8447],[133.84361,34.84544],[133.84283,34.84611],[133.84269,34.84643],[133.84289,34.84716],[133.84287,34.84859],[133.84317,34.84924],[133.84394,34.85011],[133.84504,34.85069],[133.84519,34.85097],[133.84621,34.8517],[133.84682,34.8519],[133.84753,34.85261],[133.84818,34.85359],[133.84789,34.85425],[133.84867,34.8541]]]},"properties":{"key":"331012760","name":"御津虎倉","pref":"岡山県","prefCode":"33","municipality":"岡山市北区","areaM2":12653781.376,"population":126,"toponymIds":["33-bdb4c510ce","33-285b353506"]}},{"type":"Feature","geometry":{"type":"Polygon","coordinates":[[[133.95971,34.68204],[133.96043,34.68192],[133.96437,34.68193],[133.9652,34.68164],[133.96514,34.68122],[133.96578,34.68121],[133.96585,34.68193],[133.96776,34.68189],[133.96747,34.6805],[133.96735,34.68051],[133.96722,34.67938],[133.96645,34.67957],[133.96578,34.67945],[133.96443,34.67817],[133.96368,34.67809],[133.96362,34.67781],[133.96302,34.67735],[133.96227,34.67755],[133.96151,34.67839],[133.96061,34.67876],[133.96047,34.67876],[133.96019,34.6777],[133.95971,34.67795],[133.95861,34.67799],[133.95871,34.67894],[133.95914,34.67889],[133.95919,34.67913],[133.95965,34.67939],[133.95886,34.68049],[133.95893,34.68175],[133.95916,34.68211],[133.95971,34.68204]]]},"properties":{"key":"331020670","name":"赤田","pref":"岡山県","prefCode":"33","municipality":"岡山市中区","areaM2":295855.586,"population":2067,"toponymIds":["33-43d0599112"]}},{"type":"Feature","geometry":{"type":"Polygon","coordinates":[[[133.96303,34.64613],[133.96351,34.64573],[133.96366,34.64586],[133.96901,34.63377],[133.96221,34.631],[133.95836,34.62879],[133.95733,34.62772],[133.95589,34.62701],[133.95394,34.63227],[133.95306,34.63341],[133.95336,34.63676],[133.95371,34.63783],[133.95508,34.63996],[133.95655,34.64117],[133.9594,34.64292],[133.96303,34.64613]]]},"properties":{"key":"331020290","name":"倉田","pref":"岡山県","prefCode":"33","municipality":"岡山市中区","areaM2":1727038.739,"population":2979,"toponymIds":["33-5db35b9447"]}},{"type":"Feature","geometry":{"type":"Polygon","coordinates":[[[133.97202,34.64912],[133.97213,34.64857],[133.97189,34.64861],[133.97319,34.64098],[133.97557,34.64143],[133.97599,34.63911],[133.97587,34.63891],[133.97367,34.63805],[133.97395,34.63612],[133.97369,34.63575],[133.97376,34.6355],[133.9732,34.63542],[133.96899,34.63381],[133.96366,34.64586],[133.96351,34.64573],[133.96303,34.64613],[133.96715,34.64966],[133.96758,34.64975],[133.96995,34.64952],[133.97202,34.64912]]]},"properties":{"key":"331020280","name":"倉富","pref":"岡山県","prefCode":"33","municipality":"岡山市中区","areaM2":1152519.306,"population":1939,"toponymIds":["33-1b9bff573a"]}},{"type":"Feature","geometry":{"type":"Polygon","coordinates":[[[133.97471,34.64865],[133.98244,34.64671],[133.98266,34.6437],[133.98339,34.64089],[133.98318,34.64081],[133.98326,34.64003],[133.98304,34.64003],[133.98305,34.63963],[133.98241,34.63939],[133.98239,34.63961],[133.98219,34.63959],[133.9821,34.63928],[133.97395,34.63612],[133.97367,34.63805],[133.97596,34.639],[133.97567,34.64127],[133.97545,34.64145],[133.97319,34.64098],[133.97189,34.64861],[133.97213,34.64857],[133.97202,34.64912],[133.97471,34.64865]]]},"properties":{"key":"331020270","name":"倉益","pref":"岡山県","prefCode":"33","municipality":"岡山市中区","areaM2":954885.401,"population":1667,"toponymIds":["33-5d549ff8b7"]}},{"type":"Feature","geometry":{"type":"Polygon","coordinates":[[[133.93869,34.68114],[133.94239,34.68102],[133.94325,34.6801],[133.94343,34.67848],[133.94272,34.67839],[133.94267,34.67735],[133.94207,34.67733],[133.942,34.67629],[133.9422,34.67628],[133.9422,34.67585],[133.94201,34.67535],[133.94208,34.67485],[133.9409,34.67471],[133.94088,34.67542],[133.94057,34.67541],[133.94056,34.67526],[133.93938,34.67523],[133.93929,34.67546],[133.93863,34.67552],[133.93893,34.67665],[133.93925,34.67724],[133.93923,34.67856],[133.93945,34.67942],[133.93747,34.67888],[133.93573,34.67861],[133.9328,34.67865],[133.93373,34.6811],[133.93869,34.68114]]]},"properties":{"key":"33102046000","name":"西川原","pref":"岡山県","prefCode":"33","municipality":"岡山市中区","areaM2":356035.93,"population":2575,"toponymIds":["33-d73120be31"]}},{"type":"Feature","geometry":{"type":"Polygon","coordinates":[[[133.94974,34.67753],[133.94959,34.67499],[133.94907,34.67417],[133.9444,34.67197],[133.94414,34.67199],[133.94468,34.67267],[133.94482,34.67327],[133.94202,34.67361],[133.94202,34.67408],[133.9417,34.67427],[133.94165,34.67475],[133.94208,34.67485],[133.94201,34.67535],[133.9422,34.67585],[133.9422,34.67628],[133.942,34.67629],[133.94207,34.67733],[133.94267,34.67735],[133.94272,34.67839],[133.94343,34.67848],[133.94325,34.6801],[133.9453,34.68248],[133.94645,34.68083],[133.94974,34.67753]]]},"properties":{"key":"331020450","name":"東川原","pref":"岡山県","prefCode":"33","municipality":"岡山市中区","areaM2":509351.212,"population":2391,"toponymIds":["33-e29e456478"]}},{"type":"Feature","geometry":{"type":"Polygon","coordinates":[[[133.99436,34.69657],[133.99441,34.69617],[133.99407,34.69592],[133.99431,34.6956],[133.99415,34.69551],[133.99415,34.69515],[133.99428,34.69259],[133.99506,34.69266],[133.99585,34.69218],[133.99642,34.69207],[133.99792,34.6906],[133.99868,34.69024],[133.99997,34.68994],[133.99996,34.68718],[133.99914,34.68566],[133.9987,34.68566],[133.99866,34.68432],[133.9991,34.68392],[133.99905,34.68211],[133.99856,34.68212],[133.99865,34.68285],[133.99854,34.683],[133.99794,34.683],[133.99808,34.68411],[133.99761,34.68444],[133.99676,34.68448],[133.99636,34.68433],[133.99632,34.684],[133.99516,34.68403],[133.99395,34.68339],[133.99393,34.68355],[133.99266,34.68359],[133.99265,34.68324],[133.99174,34.68319],[133.99162,34.68301],[133.98908,34.68304],[133.98904,34.69014],[133.98875,34.69091],[133.98914,34.69191],[133.98912,34.69702],[133.98991,34.69699],[133.99058,34.69664],[133.99065,34.69641],[133.99094,34.69654],[133.99071,34.69664],[133.99057,34.69842],[133.99144,34.69883],[133.99159,34.69958],[133.99239,34.69973],[133.9927,34.70123],[133.99198,34.70328],[133.993,34.70331],[133.99287,34.70411],[133.99461,34.70441],[133.99472,34.70439],[133.99461,34.70332],[133.99498,34.70199],[133.99485,34.70091],[133.99512,34.70062],[133.99469,34.70021],[133.9947,34.69897],[133.99486,34.69853],[133.9943,34.69832],[133.99429,34.69808],[133.99388,34.69766],[133.99436,34.69657]]]},"properties":{"key":"331030010","name":"宍甘","pref":"岡山県","prefCode":"33","municipality":"岡山市東区","areaM2":1335994.927,"population":912,"toponymIds":["33-8f40e7049e"]}},{"type":"Feature","geometry":{"type":"Polygon","coordinates":[[[134.0743,34.78164],[134.07494,34.78173],[134.07601,34.78231],[134.07703,34.78205],[134.07805,34.78207],[134.07939,34.78133],[134.07953,34.78076],[134.07869,34.77829],[134.07833,34.77781],[134.07833,34.77663],[134.07774,34.77583],[134.07712,34.77534],[134.07687,34.77469],[134.07596,34.77425],[134.07536,34.77374],[134.07403,34.77376],[134.07338,34.77319],[134.07307,34.7722],[134.07319,34.77112],[134.07295,34.76976],[134.07134,34.76807],[134.07171,34.76775],[134.07103,34.7672],[134.07207,34.76666],[134.07164,34.76628],[134.07166,34.76611],[134.07231,34.76614],[134.07236,34.76583],[134.07217,34.76578],[134.07214,34.76558],[134.07185,34.76555],[134.073,34.76198],[134.07361,34.76169],[134.07395,34.76106],[134.07373,34.76017],[134.07343,34.76004],[134.07248,34.76005],[134.07262,34.75913],[134.07301,34.75805],[134.07183,34.75775],[134.07325,34.75408],[134.07277,34.75406],[134.07105,34.75327],[134.07003,34.75616],[134.06896,34.75557],[134.06866,34.75599],[134.06687,34.76096],[134.06685,34.76137],[134.06741,34.7621],[134.06753,34.76277],[134.06741,34.76341],[134.06711,34.76406],[134.06595,34.76452],[134.0658,34.76565],[134.06523,34.76591],[134.06342,34.76618],[134.06271,34.76571],[134.06195,34.76544],[134.06159,34.76595],[134.05907,34.76709],[134.05824,34.76804],[134.05923,34.76878],[134.059,34.77074],[134.05991,34.7714],[134.06019,34.77221],[134.05931,34.77291],[134.05948,34.77401],[134.06015,34.7748],[134.06015,34.77579],[134.06151,34.77702],[134.06218,34.77731],[134.06229,34.77805],[134.06295,34.77868],[134.06396,34.77897],[134.06446,34.77972],[134.06526,34.78011],[134.06663,34.77993],[134.06714,34.78032],[134.06807,34.78051],[134.06923,34.78104],[134.06974,34.78175],[134.0699,34.78262],[134.07118,34.78309],[134.0733,34.78192],[134.0743,34.78164]]]},"properties":{"key":"331031050","name":"瀬戸町鍛冶屋","pref":"岡山県","prefCode":"33","municipality":"岡山市東区","areaM2":2919105.407,"population":262,"toponymIds":["33-500da08d39","33-fcfca9ea59"]}},{"type":"Feature","geometry":{"type":"Polygon","coordinates":[[[133.96149,34.60943],[133.96416,34.60643],[133.96417,34.60622],[133.96856,34.60099],[133.96875,34.60036],[133.96861,34.59989],[133.96817,34.59946],[133.96732,34.59916],[133.96751,34.5988],[133.96825,34.59898],[133.96835,34.59881],[133.96748,34.59863],[133.96724,34.59914],[133.96707,34.5991],[133.96709,34.59855],[133.96631,34.59839],[133.96701,34.59866],[133.96696,34.59906],[133.96522,34.59865],[133.96544,34.59821],[133.96502,34.59861],[133.96493,34.59846],[133.96399,34.59838],[133.95441,34.60984],[133.95544,34.60991],[133.95684,34.61037],[133.95888,34.61127],[133.95919,34.61152],[133.9593,34.61182],[133.96156,34.6128],[133.96179,34.61255],[133.95985,34.61144],[133.96149,34.60943]]]},"properties":{"key":"33104019001","name":"海岸通一丁目","pref":"岡山県","prefCode":"33","municipality":"岡山市南区","areaM2":804706.334,"population":0,"toponymIds":["33-ef58d9e4f8"]}},{"type":"Feature","geometry":{"type":"Polygon","coordinates":[[[133.88846,34.63115],[133.89069,34.63114],[133.89142,34.63011],[133.89176,34.63028],[133.89277,34.63024],[133.89306,34.6304],[133.8933,34.63033],[133.89352,34.63001],[133.89382,34.63017],[133.89539,34.63021],[133.89813,34.62878],[133.89796,34.62823],[133.89817,34.62819],[133.89653,34.62617],[133.89486,34.62656],[133.89223,34.62685],[133.89142,34.62712],[133.89054,34.62764],[133.88998,34.62816],[133.88993,34.62845],[133.88887,34.62835],[133.88806,34.62915],[133.88721,34.62946],[133.88786,34.63122],[133.88846,34.63115]]]},"properties":{"key":"331040020","name":"米倉","pref":"岡山県","prefCode":"33","municipality":"岡山市南区","areaM2":322460.466,"population":1086,"toponymIds":["33-96000ffa54"]}},{"type":"Feature","geometry":{"type":"Polygon","coordinates":[[[133.7907,34.58552],[133.79163,34.58539],[133.791,34.58429],[133.79107,34.58398],[133.79186,34.58396],[133.79237,34.58361],[133.79271,34.5836],[133.79314,34.58311],[133.79342,34.58303],[133.79389,34.58318],[133.7941,34.58281],[133.79411,34.58245],[133.79378,34.58237],[133.79382,34.58173],[133.79432,34.58119],[133.7937,34.58164],[133.79342,34.5816],[133.79305,34.58066],[133.79249,34.57987],[133.7921,34.5796],[133.79165,34.57964],[133.79125,34.58012],[133.79134,34.58108],[133.79102,34.58111],[133.79095,34.58161],[133.79,34.58272],[133.78997,34.58313],[133.78862,34.58294],[133.78859,34.58354],[133.78832,34.58361],[133.78815,34.58435],[133.78965,34.58528],[133.7907,34.58552]]]},"properties":{"key":"332020600","name":"倉敷ハイツ","pref":"岡山県","prefCode":"33","municipality":"倉敷市","areaM2":161782.396,"population":567,"toponymIds":["33-d3efc037ff"]}},{"type":"Feature","geometry":{"type":"Polygon","coordinates":[[[133.78375,34.567],[133.78463,34.56593],[133.78567,34.56502],[133.78688,34.56481],[133.78695,34.56459],[133.78604,34.5646],[133.78538,34.56382],[133.78506,34.56378],[133.78513,34.56352],[133.78533,34.56356],[133.78531,34.56311],[133.78495,34.56125],[133.78326,34.56008],[133.78267,34.55925],[133.7812,34.55832],[133.7807,34.55886],[133.78009,34.55857],[133.77989,34.5583],[133.77915,34.55869],[133.77887,34.56005],[133.77743,34.55972],[133.77688,34.55944],[133.77701,34.55839],[133.77623,34.55762],[133.77511,34.5582],[133.77505,34.55869],[133.77401,34.55823],[133.77314,34.55818],[133.77274,34.55848],[133.77025,34.55953],[133.76982,34.56022],[133.76974,34.56013],[133.76826,34.56074],[133.76807,34.56107],[133.76809,34.56166],[133.76775,34.56196],[133.76786,34.56221],[133.76781,34.56362],[133.76688,34.56502],[133.76703,34.56556],[133.76777,34.56552],[133.76915,34.56575],[133.77244,34.56679],[133.77593,34.56707],[133.77828,34.56697],[133.78161,34.5678],[133.78291,34.56759],[133.78375,34.567]]]},"properties":{"key":"332020480","name":"黒石","pref":"岡山県","prefCode":"33","municipality":"倉敷市","areaM2":1363480.04,"population":392,"toponymIds":["33-826780a034"]}},{"type":"Feature","geometry":{"type":"Polygon","coordinates":[[[133.67896,34.56112],[133.67878,34.56052],[133.67618,34.56321],[133.67733,34.56401],[133.67809,34.56418],[133.6797,34.56541],[133.68012,34.56497],[133.67941,34.56451],[133.68033,34.56354],[133.67896,34.56112]]]},"properties":{"key":"33202178101","name":"新倉敷駅前一丁目","pref":"岡山県","prefCode":"33","municipality":"倉敷市","areaM2":93430.985,"population":317,"toponymIds":["33-df1bcabbfa"]}},{"type":"Feature","geometry":{"type":"Polygon","coordinates":[[[133.7751,34.58933],[133.77476,34.5891],[133.77447,34.58926],[133.77394,34.58911],[133.77373,34.58897],[133.77401,34.5885],[133.77367,34.58842],[133.77302,34.58944],[133.77262,34.5905],[133.77163,34.59424],[133.77524,34.59453],[133.77532,34.59433],[133.77496,34.59275],[133.77433,34.59268],[133.774,34.59214],[133.77403,34.59182],[133.77434,34.5914],[133.77387,34.59055],[133.77396,34.59039],[133.77457,34.59023],[133.7745,34.58974],[133.775,34.58962],[133.7751,34.58933]]]},"properties":{"key":"332020060","name":"船倉町","pref":"岡山県","prefCode":"33","municipality":"倉敷市","areaM2":122559.232,"population":296,"toponymIds":["33-cbbd00b4a3"]}},{"type":"Feature","geometry":{"type":"Polygon","coordinates":[[[133.73017,34.52838],[133.73258,34.52839],[133.7375,34.52732],[133.73745,34.52515],[133.73786,34.52475],[133.73741,34.52314],[133.73002,34.52318],[133.73001,34.52838],[133.73017,34.52838]]]},"properties":{"key":"33202086001","name":"水島海岸通一丁目","pref":"岡山県","prefCode":"33","municipality":"倉敷市","areaM2":372614.264,"population":0,"toponymIds":["33-bb2d8363c0"]}},{"type":"Feature","geometry":{"type":"Polygon","coordinates":[[[133.99982,35.0913],[134.00008,35.09086],[134.00076,35.09027],[134.00376,35.08895],[134.0042,35.08835],[134.00564,35.0861],[134.006,35.08524],[134.00627,35.08527],[134.00632,35.084],[134.00649,35.08346],[134.00788,35.08158],[134.00755,35.08152],[134.00832,35.08028],[134.00844,35.07901],[134.00668,35.07913],[134.00674,35.07939],[134.00353,35.07951],[134.00356,35.08233],[134.00122,35.08244],[134.00132,35.08726],[134.00077,35.08807],[133.99984,35.08874],[133.99928,35.09115],[133.99913,35.09124],[133.99898,35.09101],[133.99885,35.09126],[133.99882,35.09153],[133.99943,35.0918],[133.99963,35.09177],[133.99982,35.0913]]]},"properties":{"key":"332030810","name":"上河原","pref":"岡山県","prefCode":"33","municipality":"津山市","areaM2":487999.776,"population":1947,"toponymIds":["33-85cfc1625e"]}},{"type":"Feature","geometry":{"type":"Polygon","coordinates":[[[134.0546,35.1329],[134.05755,35.1327],[134.05733,35.13226],[134.05731,35.13112],[134.05611,35.12976],[134.0559,35.12792],[134.05494,35.12707],[134.05486,35.12662],[134.05505,35.12483],[134.05677,35.12367],[134.05703,35.12274],[134.05765,35.12187],[134.05801,35.1216],[134.05854,35.12168],[134.05846,35.12128],[134.05861,35.12097],[134.05934,35.12056],[134.0598,35.12006],[134.05941,35.11964],[134.05893,35.11948],[134.05871,35.11879],[134.05987,35.11868],[134.06004,35.11852],[134.06003,35.11792],[134.05981,35.11757],[134.0587,35.11374],[134.05751,35.11177],[134.05803,35.1109],[134.05883,35.11082],[134.05969,35.10997],[134.05937,35.10897],[134.05963,35.10806],[134.0582,35.10637],[134.05672,35.10707],[134.05512,35.10582],[134.05425,35.10609],[134.05388,35.106],[134.05366,35.10551],[134.05271,35.10581],[134.05252,35.10541],[134.05152,35.10577],[134.05153,35.10655],[134.05064,35.10717],[134.04982,35.10695],[134.04923,35.10699],[134.04877,35.1062],[134.0478,35.10539],[134.04776,35.10492],[134.04759,35.10479],[134.04695,35.10502],[134.04706,35.10541],[134.04692,35.10584],[134.04599,35.10581],[134.04554,35.10538],[134.0455,35.10483],[134.04502,35.1047],[134.04493,35.10447],[134.04443,35.10413],[134.04449,35.10382],[134.04395,35.10384],[134.04243,35.10351],[134.04198,35.1032],[134.04156,35.10227],[134.04199,35.1011],[134.04096,35.10108],[134.0408,35.10145],[134.04012,35.10169],[134.03977,35.10242],[134.03995,35.10262],[134.03972,35.1028],[134.03875,35.10278],[134.03842,35.10332],[134.03938,35.10394],[134.03947,35.10421],[134.0408,35.10555],[134.04201,35.10817],[134.04322,35.10819],[134.04503,35.11015],[134.04449,35.1105],[134.04353,35.11054],[134.04342,35.11119],[134.04309,35.1116],[134.04385,35.1123],[134.04413,35.11316],[134.0446,35.11362],[134.04401,35.11452],[134.04367,35.11598],[134.04341,35.11597],[134.04356,35.11642],[134.04396,35.11682],[134.04431,35.11815],[134.04481,35.11897],[134.04434,35.12095],[134.04508,35.12187],[134.04534,35.12261],[134.04522,35.12296],[134.04356,35.1242],[134.04331,35.12551],[134.0444,35.12601],[134.04533,35.12669],[134.04607,35.12756],[134.04673,35.12889],[134.04715,35.12909],[134.04844,35.13061],[134.04924,35.13118],[134.04984,35.13126],[134.05033,35.13159],[134.05164,35.13305],[134.05211,35.13387],[134.05239,35.13403],[134.05395,35.13327],[134.0541,35.13304],[134.0546,35.1329]]]},"properties":{"key":"332031810","name":"上高倉","pref":"岡山県","prefCode":"33","municipality":"津山市","areaM2":3708430.268,"population":299,"toponymIds":["33-f7c3a1f545","33-a31c8670cc"]}},{"type":"Feature","geometry":{"type":"Polygon","coordinates":[[[134.03473,35.30385],[134.03632,35.30393],[134.03769,35.30447],[134.03974,35.30376],[134.04159,35.30352],[134.0424,35.30364],[134.04409,35.30265],[134.04524,35.30122],[134.04631,35.30048],[134.04739,35.29924],[134.04809,35.29867],[134.04887,35.29852],[134.05077,35.29869],[134.05217,35.29821],[134.05371,35.29861],[134.05477,35.2985],[134.05559,35.29886],[134.05621,35.29943],[134.05758,35.3002],[134.0585,35.30136],[134.06143,35.30299],[134.06231,35.30309],[134.06378,35.30248],[134.06459,35.30169],[134.06495,35.30071],[134.06653,35.29935],[134.06996,35.29721],[134.06936,35.29511],[134.06965,35.29438],[134.07035,35.29386],[134.07018,35.29316],[134.0706,35.29256],[134.07085,35.29097],[134.07245,35.28836],[134.07284,35.2869],[134.07341,35.28604],[134.07354,35.28424],[134.07326,35.28269],[134.0737,35.28167],[134.07364,35.28074],[134.0742,35.27963],[134.07433,35.27764],[134.07464,35.27667],[134.07488,35.27651],[134.07768,35.27601],[134.07858,35.27615],[134.07898,35.27593],[134.08059,35.27563],[134.08116,35.27524],[134.08146,35.27404],[134.082,35.27313],[134.08305,35.27262],[134.08454,35.27217],[134.08596,35.27226],[134.08663,35.27158],[134.08809,35.27069],[134.08775,35.26976],[134.08783,35.26879],[134.08837,35.26795],[134.08892,35.26754],[134.08916,35.2671],[134.09069,35.26559],[134.09128,35.2656],[134.09192,35.26588],[134.09406,35.26631],[134.0948,35.26623],[134.09439,35.26507],[134.0943,35.2638],[134.09197,35.26251],[134.09137,35.26197],[134.09116,35.26134],[134.09092,35.26109],[134.08959,35.26091],[134.08915,35.26071],[134.0879,35.25932],[134.08695,35.25873],[134.08653,35.25811],[134.08637,35.25749],[134.08649,35.2571],[134.08601,35.25615],[134.08555,35.25423],[134.08564,35.2538],[134.08601,35.2535],[134.08707,35.25316],[134.08752,35.25263],[134.08843,35.25201],[134.08999,35.25171],[134.09021,35.25112],[134.09008,35.25095],[134.08879,35.25056],[134.08731,35.24891],[134.08697,35.24799],[134.08685,35.24683],[134.08628,35.24574],[134.08562,35.24524],[134.08544,35.2449],[134.08542,35.24408],[134.08601,35.24179],[134.08585,35.24135],[134.08362,35.24115],[134.08214,35.24139],[134.08099,35.24105],[134.08116,35.24002],[134.08053,35.23919],[134.08042,35.23854],[134.08181,35.23803],[134.0808,35.23664],[134.07923,35.23554],[134.07869,35.2347],[134.07842,35.23387],[134.07823,35.23202],[134.07769,35.23052],[134.07585,35.22961],[134.07366,35.22904],[134.07297,35.22854],[134.0717,35.22847],[134.07104,35.22805],[134.06969,35.22869],[134.06855,35.22876],[134.06799,35.22838],[134.06617,35.22805],[134.06528,35.22794],[134.06476,35.22809],[134.0643,35.22846],[134.06343,35.23077],[134.06241,35.23169],[134.06097,35.23193],[134.06035,35.23225],[134.05985,35.23297],[134.0585,35.23391],[134.05804,35.23453],[134.05806,35.23564],[134.05845,35.23713],[134.05817,35.23797],[134.0577,35.23856],[134.05687,35.23916],[134.05532,35.23934],[134.05408,35.23968],[134.05336,35.24015],[134.05292,35.24121],[134.05292,35.24167],[134.05151,35.24245],[134.04828,35.2436],[134.03898,35.24316],[134.03791,35.24282],[134.03587,35.24195],[134.03494,35.24139],[134.03331,35.24095],[134.0326,35.24047],[134.03183,35.2393],[134.03054,35.23839],[134.03007,35.23771],[134.02958,35.23757],[134.02864,35.23791],[134.02801,35.23789],[134.02592,35.23666],[134.02351,35.23574],[134.02271,35.23574],[134.02058,35.23639],[134.01945,35.23652],[134.01868,35.2362],[134.01572,35.23425],[134.01478,35.2333],[134.01245,35.23153],[134.01192,35.23188],[134.01077,35.23342],[134.0086,35.23477],[134.00799,35.23603],[134.00684,35.23671],[134.00663,35.23706],[134.00654,35.23778],[134.00598,35.23865],[134.00427,35.24027],[134.0041,35.24099],[134.00576,35.24425],[134.00585,35.24491],[134.0053,35.24572],[134.00456,35.24633],[134.00413,35.24713],[134.00346,35.24768],[134.00173,35.24857],[134.00134,35.24907],[134.00118,35.25209],[134.00025,35.2532],[133.99988,35.25585],[134.00025,35.25627],[134.00057,35.25637],[134.00162,35.25628],[134.00428,35.25642],[134.00501,35.25662],[134.00513,35.25674],[134.00511,35.2578],[134.00619,35.25812],[134.00627,35.25829],[134.00608,35.25911],[134.00624,35.25954],[134.00788,35.25989],[134.00851,35.26179],[134.0089,35.26222],[134.00906,35.2634],[134.01022,35.26424],[134.01137,35.26476],[134.0126,35.26559],[134.01473,35.26571],[134.0168,35.26679],[134.01822,35.26792],[134.01848,35.26837],[134.01938,35.26915],[134.02016,35.27162],[134.02007,35.27258],[134.02193,35.27412],[134.02184,35.2757],[134.02224,35.27645],[134.02181,35.27816],[134.02185,35.27887],[134.02093,35.28045],[134.02054,35.28207],[134.01803,35.28349],[134.01753,35.2842],[134.0182,35.28618],[134.01874,35.28701],[134.01853,35.2884],[134.0188,35.28987],[134.01927,35.29056],[134.01893,35.29122],[134.01925,35.2916],[134.02009,35.2915],[134.02078,35.29193],[134.02121,35.29257],[134.02117,35.2934],[134.02307,35.29379],[134.02351,35.29424],[134.0234,35.29497],[134.02359,35.29537],[134.02409,35.29586],[134.02536,35.29633],[134.0256,35.29763],[134.0262,35.29878],[134.02645,35.29972],[134.02814,35.30229],[134.02896,35.30401],[134.0299,35.30473],[134.0301,35.30545],[134.03116,35.30536],[134.03322,35.30428],[134.03473,35.30385]]]},"properties":{"key":"332032650","name":"加茂町倉見","pref":"岡山県","prefCode":"33","municipality":"津山市","areaM2":44252275.68,"population":29,"toponymIds":["33-71adf8640b","33-1db4708f70"]}},{"type":"Feature","geometry":{"type":"Polygon","coordinates":[[[134.06015,35.06616],[134.06159,35.06613],[134.06337,35.06644],[134.06385,35.06627],[134.06359,35.06619],[134.06334,35.06576],[134.06271,35.0654],[134.06211,35.06463],[134.06237,35.06378],[134.06221,35.0636],[134.06285,35.06296],[134.06234,35.06255],[134.06257,35.06214],[134.06254,35.06148],[134.06198,35.05923],[134.0614,35.05933],[134.06077,35.05913],[134.05981,35.0574],[134.05913,35.05717],[134.05882,35.05603],[134.05785,35.0557],[134.05729,35.05631],[134.05531,35.05748],[134.0543,35.05766],[134.05173,35.05776],[134.052,35.05702],[134.05235,35.05683],[134.05205,35.05638],[134.0533,35.05495],[134.05118,35.05444],[134.05032,35.05401],[134.04958,35.05335],[134.049,35.05235],[134.04914,35.05161],[134.04872,35.05068],[134.04908,35.04887],[134.04828,35.04907],[134.04823,35.04843],[134.04701,35.04851],[134.04652,35.04889],[134.04458,35.04922],[134.04428,35.05051],[134.04341,35.05027],[134.04362,35.05105],[134.0434,35.05143],[134.04373,35.05207],[134.04235,35.05212],[134.04194,35.05239],[134.0414,35.05388],[134.0412,35.05367],[134.04087,35.05388],[134.04113,35.05434],[134.04108,35.0546],[134.04154,35.05485],[134.04207,35.0578],[134.04243,35.05783],[134.04262,35.05877],[134.03811,35.05894],[134.03977,35.06131],[134.04077,35.06305],[134.04494,35.06572],[134.0456,35.06552],[134.04654,35.0663],[134.04744,35.06586],[134.04942,35.0663],[134.04916,35.06729],[134.05541,35.06704],[134.05823,35.06641],[134.06015,35.06616]]]},"properties":{"key":"332032540","name":"河辺","pref":"岡山県","prefCode":"33","municipality":"津山市","areaM2":2613747.34,"population":2288,"toponymIds":["33-cb41bc2cc7"]}},{"type":"Feature","geometry":{"type":"Polygon","coordinates":[[[134.00539,35.05874],[134.0058,35.05759],[134.00501,35.05753],[134.0049,35.05799],[134.00459,35.05793],[134.00446,35.05813],[134.00378,35.05796],[134.00371,35.05849],[134.00539,35.05874]]]},"properties":{"key":"332030340","name":"河原町","pref":"岡山県","prefCode":"33","municipality":"津山市","areaM2":14185.81,"population":61,"toponymIds":["33-0446772eec"]}},{"type":"Feature","geometry":{"type":"Polygon","coordinates":[[[134.03842,35.10332],[134.03875,35.10278],[134.03972,35.1028],[134.03995,35.10262],[134.03977,35.10242],[134.04012,35.10169],[134.0408,35.10145],[134.04096,35.10108],[134.04199,35.1011],[134.04252,35.09897],[134.04395,35.09898],[134.04404,35.09982],[134.04478,35.09986],[134.045,35.10006],[134.04561,35.09974],[134.04665,35.09972],[134.04704,35.09985],[134.04753,35.09975],[134.04877,35.09868],[134.04851,35.09806],[134.04863,35.09762],[134.04849,35.09719],[134.04799,35.09677],[134.04763,35.09569],[134.04735,35.09539],[134.04729,35.09444],[134.04801,35.09398],[134.04825,35.09408],[134.04902,35.09386],[134.04988,35.09331],[134.0499,35.09274],[134.04967,35.09216],[134.04995,35.09182],[134.04972,35.09148],[134.04972,35.09059],[134.04958,35.09025],[134.04918,35.09018],[134.04921,35.08976],[134.04945,35.08943],[134.04918,35.08864],[134.04942,35.08825],[134.04891,35.0873],[134.0493,35.08709],[134.04913,35.08616],[134.04929,35.08496],[134.04992,35.08464],[134.04887,35.08313],[134.0484,35.08311],[134.04752,35.08368],[134.04732,35.0847],[134.04737,35.08618],[134.04622,35.087],[134.03897,35.08701],[134.03528,35.08728],[134.03447,35.08869],[134.03445,35.08894],[134.03472,35.08924],[134.03362,35.09048],[134.03377,35.09152],[134.0336,35.09187],[134.03372,35.09282],[134.03405,35.09371],[134.03297,35.09353],[134.03213,35.09357],[134.03142,35.09437],[134.03112,35.09447],[134.03038,35.09428],[134.03011,35.09468],[134.03031,35.09509],[134.03003,35.09683],[134.0295,35.09685],[134.02992,35.09794],[134.03015,35.10052],[134.03239,35.10176],[134.03251,35.10155],[134.0328,35.10165],[134.0327,35.10192],[134.03313,35.10221],[134.03376,35.10332],[134.03447,35.10323],[134.03509,35.10342],[134.03511,35.10319],[134.03547,35.10314],[134.03571,35.10335],[134.03561,35.10368],[134.03674,35.10412],[134.03755,35.10421],[134.03831,35.10401],[134.03842,35.10332]]]},"properties":{"key":"332031830","name":"下高倉西","pref":"岡山県","prefCode":"33","municipality":"津山市","areaM2":2531812.369,"population":1043,"toponymIds":["33-00e177c836","33-f208724aa9"]}},{"type":"Feature","geometry":{"type":"Polygon","coordinates":[[[134.05102,35.10698],[134.05153,35.10655],[134.05152,35.10577],[134.05252,35.10541],[134.05271,35.10581],[134.05366,35.10551],[134.05388,35.106],[134.05425,35.10609],[134.05512,35.10582],[134.05587,35.10633],[134.05632,35.10685],[134.05678,35.10707],[134.05691,35.10689],[134.05818,35.1064],[134.05903,35.10523],[134.05974,35.10543],[134.06016,35.10519],[134.0614,35.10341],[134.06172,35.10336],[134.06221,35.1021],[134.06051,35.1016],[134.06046,35.101],[134.06,35.09991],[134.05905,35.10035],[134.05854,35.10047],[134.05839,35.10031],[134.05668,35.10087],[134.05801,35.09982],[134.05909,35.09704],[134.05959,35.09678],[134.05975,35.09582],[134.05945,35.09446],[134.05917,35.09393],[134.05958,35.09434],[134.06067,35.09428],[134.06109,35.09371],[134.06144,35.09357],[134.06129,35.09345],[134.06157,35.0931],[134.06234,35.09306],[134.06236,35.09273],[134.06213,35.09191],[134.06011,35.09162],[134.05917,35.09045],[134.05917,35.09016],[134.05974,35.08926],[134.05986,35.0887],[134.05895,35.08778],[134.05795,35.08763],[134.05726,35.08627],[134.05721,35.08519],[134.05665,35.08427],[134.05493,35.08418],[134.05333,35.08389],[134.05265,35.08449],[134.0497,35.08314],[134.04887,35.08313],[134.04992,35.08464],[134.04929,35.08496],[134.04913,35.08616],[134.0493,35.08709],[134.04891,35.0873],[134.04942,35.08825],[134.04918,35.08864],[134.04945,35.08943],[134.04921,35.08976],[134.04918,35.09018],[134.04958,35.09025],[134.04972,35.09059],[134.04972,35.09148],[134.04995,35.09182],[134.04967,35.09216],[134.0499,35.09274],[134.04988,35.09331],[134.04902,35.09386],[134.04825,35.09408],[134.04801,35.09398],[134.04729,35.09444],[134.04735,35.09539],[134.04763,35.09569],[134.04799,35.09677],[134.04849,35.09719],[134.04863,35.09762],[134.04851,35.09806],[134.04877,35.09868],[134.04753,35.09975],[134.04704,35.09985],[134.04665,35.09972],[134.04561,35.09974],[134.045,35.10006],[134.04478,35.09986],[134.04404,35.09982],[134.04395,35.09898],[134.04252,35.09897],[134.04156,35.10227],[134.04198,35.1032],[134.04243,35.10351],[134.04395,35.10384],[134.04449,35.10382],[134.04443,35.10413],[134.04493,35.10447],[134.04502,35.1047],[134.0455,35.10483],[134.04554,35.10538],[134.04599,35.10581],[134.04692,35.10584],[134.04706,35.10541],[134.04695,35.10502],[134.04759,35.10479],[134.04776,35.10492],[134.0478,35.10539],[134.04877,35.1062],[134.04923,35.10699],[134.04982,35.10695],[134.05064,35.10717],[134.05102,35.10698]]]},"properties":{"key":"332031820","name":"下高倉東","pref":"岡山県","prefCode":"33","municipality":"津山市","areaM2":2766444.309,"population":329,"toponymIds":["33-7139043ad6"]}},{"type":"Feature","geometry":{"type":"Polygon","coordinates":[[[133.49845,34.35039],[133.49876,34.35023],[133.49964,34.35023],[133.50009,34.34982],[133.49967,34.34893],[133.49987,34.34824],[133.50015,34.34793],[133.50005,34.34776],[133.50015,34.3473],[133.50068,34.34699],[133.50085,34.34721],[133.50069,34.34699],[133.50092,34.34686],[133.50156,34.34687],[133.50289,34.3464],[133.5035,34.34576],[133.50349,34.34538],[133.50393,34.34514],[133.50379,34.34505],[133.50405,34.34489],[133.50505,34.34486],[133.50616,34.34512],[133.50698,34.34485],[133.50708,34.34458],[133.50779,34.34446],[133.50708,34.34453],[133.50703,34.34426],[133.50746,34.34366],[133.50739,34.34355],[133.50757,34.34352],[133.5074,34.34348],[133.50744,34.34314],[133.50784,34.34292],[133.50837,34.34288],[133.50832,34.34323],[133.50839,34.34289],[133.51012,34.34262],[133.50959,34.34157],[133.50967,34.34137],[133.50947,34.34053],[133.50871,34.33892],[133.50825,34.33847],[133.50797,34.33783],[133.50772,34.33678],[133.50796,34.33528],[133.50818,34.33529],[133.50827,34.33492],[133.5081,34.33471],[133.50799,34.3351],[133.50773,34.33473],[133.50767,34.33497],[133.50691,34.33522],[133.50657,34.33575],[133.50582,34.33635],[133.50529,34.33646],[133.50524,34.33664],[133.5048,34.33681],[133.50424,34.33678],[133.50353,34.33624],[133.50307,34.33632],[133.50282,34.33667],[133.50272,34.33727],[133.50259,34.33731],[133.50279,34.33745],[133.50282,34.338],[133.50254,34.33824],[133.50216,34.339],[133.50195,34.33894],[133.5014,34.3392],[133.50111,34.33911],[133.50104,34.33967],[133.50046,34.33991],[133.50091,34.33978],[133.50098,34.34004],[133.50049,34.3402],[133.50021,34.33999],[133.50033,34.34008],[133.5002,34.34014],[133.49928,34.33977],[133.49887,34.33986],[133.49873,34.33972],[133.49865,34.33994],[133.49831,34.34012],[133.49785,34.33992],[133.49793,34.3401],[133.49742,34.34026],[133.49718,34.34056],[133.4971,34.34086],[133.4973,34.34125],[133.49736,34.34192],[133.49854,34.34247],[133.49882,34.34313],[133.49858,34.34349],[133.49861,34.3439],[133.49911,34.34434],[133.49863,34.34458],[133.49878,34.34471],[133.49902,34.34457],[133.4992,34.34485],[133.49903,34.34526],[133.49865,34.34558],[133.49792,34.34555],[133.49776,34.34526],[133.4975,34.34522],[133.49681,34.34552],[133.49699,34.34592],[133.49771,34.3464],[133.49758,34.34685],[133.49786,34.34726],[133.49762,34.34769],[133.49786,34.34835],[133.4975,34.34966],[133.49769,34.35014],[133.49761,34.35031],[133.49812,34.35052],[133.49845,34.35039]]]},"properties":{"key":"33205077001","name":"飛島","pref":"岡山県","prefCode":"33","municipality":"笠岡市","areaM2":956946.807,"population":42,"toponymIds":["33-23f4f31eba","33-b42f5ee605"]}},{"type":"Feature","geometry":{"type":"Polygon","coordinates":[[[133.47344,34.58372],[133.47339,34.58245],[133.47515,34.58298],[133.47545,34.58286],[133.47571,34.58244],[133.47563,34.58218],[133.476,34.58185],[133.47569,34.5809],[133.4751,34.58022],[133.47556,34.57883],[133.47567,34.57791],[133.4755,34.57659],[133.47603,34.5767],[133.47617,34.5764],[133.476,34.57631],[133.47668,34.57564],[133.47734,34.57465],[133.47779,34.57373],[133.47821,34.57188],[133.47863,34.57121],[133.47907,34.57076],[133.48136,34.56928],[133.48135,34.56766],[133.48166,34.56637],[133.48146,34.56577],[133.48151,34.5652],[133.48132,34.56521],[133.4815,34.56394],[133.48129,34.56332],[133.48201,34.56267],[133.48256,34.56177],[133.4825,34.56046],[133.48297,34.55881],[133.48342,34.55815],[133.48548,34.55711],[133.48629,34.55624],[133.48676,34.556],[133.4876,34.55496],[133.48769,34.55436],[133.48832,34.55369],[133.48836,34.5534],[133.48766,34.55268],[133.48617,34.55195],[133.48531,34.55131],[133.48424,34.55144],[133.48374,34.55221],[133.48306,34.5521],[133.48272,34.55231],[133.48222,34.55219],[133.48133,34.55072],[133.48018,34.5498],[133.47891,34.54942],[133.47863,34.54912],[133.47819,34.54797],[133.47747,34.5474],[133.47676,34.54711],[133.47494,34.5473],[133.47459,34.54755],[133.47402,34.54914],[133.47409,34.55042],[133.47291,34.55182],[133.47295,34.55329],[133.47384,34.55422],[133.47394,34.55473],[133.4736,34.55538],[133.47336,34.55642],[133.47284,34.5567],[133.47258,34.55719],[133.4724,34.55786],[133.47254,34.55828],[133.47216,34.55942],[133.47229,34.56091],[133.47267,34.56142],[133.47278,34.56217],[133.47328,34.56271],[133.47333,34.56336],[133.47375,34.56458],[133.47365,34.56544],[133.47417,34.56601],[133.47365,34.56692],[133.47356,34.56779],[133.47367,34.56819],[133.47429,34.56894],[133.47409,34.57086],[133.47387,34.572],[133.47269,34.57343],[133.47243,34.5742],[133.47232,34.57574],[133.47258,34.57792],[133.47034,34.57917],[133.46934,34.58013],[133.46959,34.58097],[133.47128,34.58318],[133.47173,34.58355],[133.47332,34.58418],[133.47344,34.58372]]]},"properties":{"key":"332070100","name":"岩倉町","pref":"岡山県","prefCode":"33","municipality":"井原市","areaM2":2815698.102,"population":547,"toponymIds":["33-6de71f6901","33-699c917144","33-b2514adea3"]}},{"type":"Feature","geometry":{"type":"Polygon","coordinates":[[[133.7353,34.65566],[133.73503,34.65384],[133.73439,34.65381],[133.73437,34.65436],[133.7346,34.65438],[133.73452,34.65562],[133.7353,34.65566]]]},"properties":{"key":"33208063003","name":"清音柿木","pref":"岡山県","prefCode":"33","municipality":"総社市","areaM2":12260.913,"population":114,"toponymIds":["33-50e7b44999","33-da970345f5"]}},{"type":"Feature","geometry":{"type":"Polygon","coordinates":[[[133.71725,34.71976],[133.7174,34.71911],[133.71823,34.71874],[133.71913,34.71732],[133.71941,34.71667],[133.71932,34.71586],[133.71956,34.71525],[133.71991,34.71486],[133.72024,34.71474],[133.72122,34.7147],[133.72201,34.71445],[133.72283,34.71321],[133.72276,34.7125],[133.72307,34.71232],[133.72175,34.70648],[133.72141,34.70637],[133.7227,34.70358],[133.72027,34.70332],[133.7147,34.70062],[133.71411,34.70083],[133.7119,34.70287],[133.70774,34.70759],[133.70652,34.70922],[133.70595,34.71038],[133.70555,34.71069],[133.71006,34.72153],[133.70963,34.72256],[133.7119,34.72757],[133.71228,34.7273],[133.71252,34.72636],[133.71431,34.72586],[133.71526,34.7252],[133.71515,34.72449],[133.71525,34.72382],[133.71586,34.72328],[133.7159,34.72252],[133.71645,34.72249],[133.71707,34.72206],[133.71708,34.72051],[133.71725,34.71976]]]},"properties":{"key":"33208043001","name":"宍粟","pref":"岡山県","prefCode":"33","municipality":"総社市","areaM2":2756543.37,"population":178,"toponymIds":["33-6e66f4ae72"]}},{"type":"Feature","geometry":{"type":"Polygon","coordinates":[[[133.64409,34.71931],[133.64571,34.71845],[133.64806,34.71751],[133.65147,34.71654],[133.6538,34.71622],[133.65778,34.71628],[133.65831,34.71649],[133.65865,34.71515],[133.63921,34.70042],[133.63872,34.70069],[133.63818,34.70062],[133.63733,34.69981],[133.63644,34.6983],[133.63593,34.69784],[133.63464,34.69707],[133.63352,34.69682],[133.63293,34.69636],[133.6323,34.69614],[133.63198,34.69557],[133.63107,34.69593],[133.63071,34.6959],[133.62938,34.69556],[133.62873,34.69488],[133.62694,34.69448],[133.6265,34.69547],[133.6266,34.69569],[133.62766,34.69594],[133.62782,34.69635],[133.62766,34.69675],[133.62779,34.69734],[133.62752,34.69823],[133.62687,34.69891],[133.62657,34.69949],[133.6268,34.70016],[133.62729,34.70085],[133.62617,34.70132],[133.62601,34.70226],[133.62418,34.70214],[133.62255,34.70133],[133.62155,34.70119],[133.62119,34.70193],[133.62007,34.70208],[133.61902,34.70455],[133.61875,34.70592],[133.61854,34.70613],[133.61736,34.70619],[133.61617,34.70579],[133.61495,34.70568],[133.61281,34.70605],[133.61219,34.70629],[133.61135,34.70692],[133.61089,34.7069],[133.6102,34.70645],[133.60926,34.70619],[133.60859,34.70619],[133.60712,34.70659],[133.60637,34.70718],[133.60615,34.70804],[133.60549,34.70802],[133.6052,34.70824],[133.60533,34.70932],[133.6059,34.70945],[133.60692,34.70936],[133.60788,34.70984],[133.60765,34.71057],[133.60774,34.71087],[133.60713,34.71264],[133.6072,34.71295],[133.608,34.71364],[133.60819,34.71465],[133.60864,34.71525],[133.61106,34.71565],[133.6121,34.71655],[133.61364,34.71616],[133.61458,34.71615],[133.61535,34.71637],[133.61585,34.7163],[133.61627,34.71646],[133.61692,34.71708],[133.61757,34.71721],[133.61867,34.71716],[133.61915,34.71697],[133.62025,34.71593],[133.62051,34.71597],[133.62075,34.71608],[133.62116,34.71695],[133.62255,34.71814],[133.62353,34.71823],[133.6245,34.718],[133.6254,34.71815],[133.62555,34.72023],[133.62575,34.72052],[133.62608,34.72063],[133.62924,34.71998],[133.63029,34.72028],[133.63149,34.72012],[133.63254,34.72033],[133.63371,34.72028],[133.63395,34.7201],[133.63422,34.71943],[133.636,34.71925],[133.63756,34.71871],[133.63856,34.71872],[133.63908,34.71892],[133.63948,34.7195],[133.63889,34.72256],[133.63902,34.72317],[133.6402,34.72272],[133.64256,34.72035],[133.64409,34.71931]]]},"properties":{"key":"33208051001","name":"下倉","pref":"岡山県","prefCode":"33","municipality":"総社市","areaM2":7345148.678,"population":85,"toponymIds":["33-d3f6aea781","33-d69b1f8c10"]}},{"type":"Feature","geometry":{"type":"Polygon","coordinates":[[[133.61783,34.79613],[133.61776,34.79564],[133.61813,34.79559],[133.61798,34.79433],[133.61719,34.79437],[133.61721,34.79453],[133.61672,34.79458],[133.6169,34.79514],[133.6173,34.79509],[133.61736,34.7954],[133.61709,34.79544],[133.61721,34.79612],[133.61783,34.79613]]]},"properties":{"key":"332090180","name":"柿木町","pref":"岡山県","prefCode":"33","municipality":"高梁市","areaM2":16435.872,"population":46,"toponymIds":["33-1f7b248aae"]}},{"type":"Feature","geometry":{"type":"Polygon","coordinates":[[[133.61241,34.82179],[133.61287,34.82144],[133.61262,34.82111],[133.61192,34.82098],[133.61158,34.8213],[133.61188,34.82176],[133.61241,34.82179]]]},"properties":{"key":"33209901001","name":"高倉町大瀬八長","pref":"岡山県","prefCode":"33","municipality":"高梁市","areaM2":6890.223,"population":119,"toponymIds":["33-2732460f3c"]}},{"type":"Feature","geometry":{"type":"Polygon","coordinates":[[[133.41589,35.07168],[133.41754,35.07186],[133.41852,35.07269],[133.42032,35.07254],[133.4218,35.07278],[133.42223,35.07208],[133.42292,35.07144],[133.42312,35.07047],[133.42378,35.07004],[133.42526,35.06954],[133.42603,35.06861],[133.42734,35.06633],[133.42767,35.06452],[133.4283,35.0632],[133.42813,35.06244],[133.42845,35.06189],[133.4293,35.06177],[133.4301,35.06194],[133.43117,35.06241],[133.4326,35.06266],[133.4345,35.06366],[133.43487,35.06364],[133.43562,35.06325],[133.437,35.062],[133.44132,35.06013],[133.43882,35.05871],[133.43823,35.05815],[133.43769,35.05706],[133.4362,35.05514],[133.43547,35.05481],[133.43375,35.05448],[133.4332,35.05401],[133.43248,35.05374],[133.43205,35.05312],[133.43176,35.05215],[133.43132,35.05168],[133.42905,35.05076],[133.42621,35.04886],[133.42518,35.04857],[133.42215,35.04853],[133.41999,35.04954],[133.41941,35.04955],[133.41839,35.04934],[133.41733,35.0488],[133.41664,35.04782],[133.4166,35.0469],[133.41597,35.04583],[133.41641,35.04463],[133.41623,35.04351],[133.41501,35.04162],[133.41419,35.04097],[133.41313,35.03977],[133.41271,35.03843],[133.41003,35.03505],[133.40916,35.03436],[133.40698,35.03308],[133.40539,35.03317],[133.40458,35.03253],[133.40278,35.03203],[133.40272,35.03175],[133.4018,35.03169],[133.40162,35.03143],[133.40104,35.03134],[133.40039,35.03087],[133.398,35.0302],[133.39784,35.03007],[133.39796,35.02917],[133.39786,35.02878],[133.39711,35.02795],[133.39763,35.0269],[133.39775,35.02611],[133.39707,35.02563],[133.39576,35.02561],[133.39282,35.02658],[133.39259,35.02698],[133.39299,35.02864],[133.3929,35.02883],[133.39247,35.0291],[133.38945,35.02978],[133.38897,35.03051],[133.38967,35.03164],[133.38923,35.03284],[133.38845,35.03359],[133.38724,35.03431],[133.38633,35.03432],[133.3864,35.035],[133.38683,35.03632],[133.3858,35.03676],[133.38456,35.03763],[133.38311,35.04051],[133.38195,35.04102],[133.38085,35.04184],[133.38008,35.04266],[133.37831,35.04309],[133.37573,35.04431],[133.37513,35.04491],[133.37452,35.04628],[133.37502,35.04735],[133.3752,35.04857],[133.37513,35.0495],[133.37539,35.04999],[133.37551,35.05071],[133.37586,35.05116],[133.3762,35.05203],[133.37651,35.05219],[133.3767,35.05259],[133.37741,35.05283],[133.37853,35.05371],[133.37946,35.05372],[133.38022,35.05326],[133.38229,35.05336],[133.38274,35.05444],[133.38286,35.05525],[133.38327,35.0557],[133.38573,35.05533],[133.38683,35.05542],[133.38808,35.05511],[133.38931,35.05609],[133.38993,35.0564],[133.39241,35.05667],[133.396,35.05845],[133.39975,35.05995],[133.39989,35.06058],[133.40055,35.06138],[133.40086,35.06244],[133.40092,35.06334],[133.40059,35.06375],[133.39995,35.0641],[133.39898,35.06428],[133.3987,35.06522],[133.39892,35.06653],[133.40108,35.06787],[133.40265,35.0684],[133.40439,35.06788],[133.40461,35.06805],[133.40591,35.06786],[133.40616,35.06812],[133.4063,35.06859],[133.40672,35.06875],[133.40679,35.06901],[133.40725,35.06931],[133.40736,35.06991],[133.40765,35.07037],[133.40853,35.07112],[133.40871,35.07182],[133.41103,35.07234],[133.41243,35.07293],[133.41371,35.07285],[133.41491,35.07191],[133.41589,35.07168]]]},"properties":{"key":"332108210","name":"足立","pref":"岡山県","prefCode":"33","municipality":"新見市","areaM2":14626607.451,"population":73,"toponymIds":["33-ec810301a9"]}},{"type":"Feature","geometry":{"type":"Polygon","coordinates":[[[133.50805,34.92992],[133.50911,34.93014],[133.51006,34.93056],[133.51117,34.93167],[133.51188,34.93201],[133.51561,34.93263],[133.51806,34.9327],[133.51922,34.93243],[133.52309,34.92982],[133.52412,34.92884],[133.5244,34.92845],[133.52445,34.92799],[133.52337,34.9266],[133.51971,34.92452],[133.51941,34.92406],[133.51932,34.92361],[133.51947,34.92247],[133.52014,34.92079],[133.52163,34.92036],[133.52021,34.91865],[133.5199,34.91851],[133.51945,34.91856],[133.51627,34.91923],[133.51217,34.91909],[133.5113,34.91877],[133.50899,34.91748],[133.5069,34.91592],[133.50511,34.91521],[133.50329,34.9149],[133.50198,34.91488],[133.49953,34.91513],[133.49395,34.9168],[133.49273,34.91676],[133.49207,34.91694],[133.49121,34.91737],[133.48905,34.91889],[133.48844,34.91903],[133.48795,34.91873],[133.48769,34.91928],[133.48655,34.91924],[133.48528,34.92017],[133.48444,34.92038],[133.48414,34.92083],[133.48437,34.92203],[133.48421,34.92251],[133.48245,34.92353],[133.48183,34.92458],[133.48189,34.92505],[133.48237,34.92543],[133.4841,34.92538],[133.48509,34.92596],[133.48585,34.92585],[133.48724,34.926],[133.49124,34.92789],[133.49304,34.92949],[133.49385,34.93056],[133.4949,34.93242],[133.49549,34.93297],[133.49602,34.93408],[133.49705,34.93504],[133.49706,34.93615],[133.49859,34.93646],[133.50003,34.93718],[133.50121,34.93839],[133.50254,34.94072],[133.50311,34.94114],[133.50386,34.94132],[133.50506,34.94144],[133.50592,34.94117],[133.5062,34.94105],[133.50693,34.94015],[133.50725,34.93866],[133.50694,34.93719],[133.50574,34.93462],[133.50496,34.93225],[133.50509,34.93169],[133.50602,34.9307],[133.50703,34.93013],[133.50805,34.92992]]]},"properties":{"key":"332103080","name":"井倉","pref":"岡山県","prefCode":"33","municipality":"新見市","areaM2":5712506.932,"population":335,"toponymIds":["33-012ab4969e","33-714cbe6e01"]}},{"type":"Feature","geometry":{"type":"Polygon","coordinates":[[[133.49521,35.12003],[133.49429,35.11897],[133.49418,35.11859],[133.49417,35.11624],[133.49471,35.11325],[133.49604,35.11303],[133.49659,35.11347],[133.49735,35.11371],[133.49884,35.11376],[133.50016,35.1141],[133.50057,35.11391],[133.50172,35.11254],[133.50319,35.1125],[133.50413,35.11188],[133.50493,35.1119],[133.50559,35.11123],[133.50542,35.1104],[133.50559,35.10995],[133.50617,35.10968],[133.50687,35.10967],[133.50681,35.10891],[133.50636,35.10814],[133.50685,35.10685],[133.50734,35.10615],[133.50864,35.10518],[133.50885,35.10429],[133.50969,35.10405],[133.51027,35.10331],[133.51159,35.10274],[133.51183,35.10204],[133.5118,35.10103],[133.51192,35.10084],[133.51291,35.10052],[133.51433,35.09859],[133.51656,35.09908],[133.51788,35.09884],[133.51763,35.09834],[133.51767,35.09795],[133.5187,35.09734],[133.51931,35.09668],[133.5199,35.09452],[133.51979,35.09347],[133.52024,35.09224],[133.51996,35.09134],[133.52005,35.09087],[133.52137,35.09005],[133.5216,35.08912],[133.52253,35.08855],[133.52569,35.0887],[133.52722,35.08799],[133.5323,35.08648],[133.53449,35.08454],[133.53498,35.08379],[133.53674,35.08254],[133.53751,35.08175],[133.53814,35.0815],[133.53888,35.08091],[133.53908,35.08044],[133.53911,35.07959],[133.53868,35.07874],[133.53766,35.07741],[133.5372,35.07561],[133.53643,35.07355],[133.53739,35.07313],[133.53822,35.0725],[133.53901,35.07156],[133.53905,35.07093],[133.53866,35.06926],[133.53908,35.06833],[133.53894,35.06778],[133.53983,35.06676],[133.54023,35.06577],[133.53901,35.06463],[133.54049,35.06273],[133.54003,35.06219],[133.53923,35.06178],[133.53842,35.06179],[133.53884,35.05987],[133.53709,35.0588],[133.53663,35.0583],[133.53664,35.05746],[133.53736,35.05463],[133.53526,35.05376],[133.53506,35.05271],[133.5343,35.05237],[133.53381,35.05186],[133.53249,35.05185],[133.53102,35.05127],[133.53062,35.0507],[133.52988,35.04713],[133.52917,35.04619],[133.52866,35.0459],[133.52739,35.04541],[133.52244,35.04427],[133.52004,35.04402],[133.51765,35.04308],[133.51756,35.04359],[133.51721,35.04397],[133.51567,35.04424],[133.51489,35.04465],[133.51454,35.04414],[133.51303,35.04293],[133.51277,35.04258],[133.51239,35.04141],[133.51174,35.04056],[133.51056,35.04072],[133.51026,35.04092],[133.50804,35.04105],[133.50744,35.04092],[133.50657,35.04043],[133.50391,35.04069],[133.50341,35.04086],[133.50313,35.04142],[133.50219,35.0416],[133.50136,35.04221],[133.4997,35.04227],[133.49954,35.04262],[133.49946,35.04553],[133.49918,35.04617],[133.4982,35.04755],[133.49768,35.04899],[133.49626,35.04982],[133.49574,35.05135],[133.49533,35.05196],[133.49457,35.05205],[133.49374,35.05243],[133.4915,35.05185],[133.49025,35.05106],[133.48841,35.05088],[133.48756,35.05131],[133.48666,35.05275],[133.48606,35.05258],[133.48465,35.05251],[133.48388,35.05214],[133.48285,35.0506],[133.48131,35.04928],[133.48087,35.04907],[133.47823,35.04937],[133.47615,35.04786],[133.47285,35.04726],[133.47312,35.04634],[133.47367,35.0458],[133.47442,35.04394],[133.47549,35.04235],[133.47535,35.04196],[133.47441,35.04168],[133.47445,35.04076],[133.47421,35.03926],[133.47308,35.04032],[133.47224,35.04071],[133.46992,35.04094],[133.46881,35.04182],[133.46769,35.04239],[133.46674,35.04266],[133.46459,35.04299],[133.46244,35.04299],[133.46035,35.0432],[133.45959,35.04341],[133.45921,35.04393],[133.45906,35.04469],[133.45725,35.04512],[133.45542,35.04613],[133.45848,35.04754],[133.45927,35.04751],[133.45986,35.04778],[133.46009,35.04869],[133.45998,35.04916],[133.45959,35.04937],[133.45717,35.04878],[133.4556,35.04882],[133.4554,35.04885],[133.45513,35.04955],[133.45526,35.05018],[133.45574,35.05089],[133.45646,35.05155],[133.45739,35.05282],[133.4586,35.05367],[133.45896,35.05422],[133.45843,35.05505],[133.45672,35.05654],[133.4562,35.05743],[133.45627,35.05783],[133.4576,35.05957],[133.45755,35.06038],[133.45585,35.06109],[133.45544,35.06142],[133.45562,35.06183],[133.45717,35.06324],[133.45728,35.06373],[133.45666,35.06472],[133.45733,35.06561],[133.45725,35.06596],[133.45619,35.06723],[133.45606,35.06761],[133.45537,35.07119],[133.45523,35.07237],[133.45534,35.0733],[133.45549,35.07351],[133.45625,35.07364],[133.4573,35.07307],[133.45786,35.07297],[133.45939,35.07339],[133.45965,35.07321],[133.4597,35.07292],[133.46079,35.07308],[133.4611,35.07344],[133.45949,35.07627],[133.45921,35.07759],[133.45871,35.07838],[133.45679,35.07938],[133.45508,35.07941],[133.45457,35.07956],[133.45352,35.08026],[133.45481,35.0827],[133.45584,35.08511],[133.45607,35.08694],[133.45796,35.08956],[133.45858,35.09069],[133.45932,35.09151],[133.46112,35.09309],[133.46191,35.0933],[133.46302,35.09315],[133.46383,35.09341],[133.465,35.09459],[133.46557,35.09552],[133.46675,35.09642],[133.46723,35.09722],[133.4672,35.09878],[133.46754,35.0995],[133.46869,35.10006],[133.47029,35.10027],[133.47078,35.10073],[133.47082,35.10117],[133.47051,35.1019],[133.47098,35.10384],[133.47246,35.10594],[133.47275,35.1076],[133.47364,35.10821],[133.47398,35.10869],[133.47475,35.11014],[133.47476,35.11047],[133.4745,35.11184],[133.47319,35.11316],[133.4727,35.11513],[133.47104,35.11699],[133.47104,35.11798],[133.47226,35.11834],[133.47286,35.11886],[133.47336,35.11975],[133.47366,35.12002],[133.47501,35.11959],[133.47619,35.11865],[133.48026,35.11962],[133.48174,35.11887],[133.48432,35.11861],[133.48619,35.1187],[133.48775,35.11908],[133.48937,35.119],[133.49084,35.12009],[133.49278,35.12033],[133.49422,35.11997],[133.49625,35.12099],[133.49521,35.12003]]]},"properties":{"key":"332107180","name":"菅生","pref":"岡山県","prefCode":"33","municipality":"新見市","areaM2":47214025.145,"population":532,"toponymIds":["33-44e85c0a0f","33-a83598fa26"]}},{"type":"Feature","geometry":{"type":"Polygon","coordinates":[[[133.52226,34.95677],[133.52343,34.95659],[133.52613,34.95708],[133.52969,34.95724],[133.53054,34.9571],[133.53172,34.95726],[133.53333,34.95612],[133.53448,34.95569],[133.53572,34.95481],[133.53598,34.95446],[133.53605,34.95321],[133.53648,34.9522],[133.5363,34.95175],[133.53553,34.95095],[133.53554,34.95073],[133.53604,34.95008],[133.53422,34.94936],[133.53263,34.94818],[133.53306,34.94786],[133.53389,34.94644],[133.53555,34.94255],[133.53645,34.94185],[133.53701,34.94163],[133.54013,34.94133],[133.53913,34.93992],[133.53888,34.93935],[133.53884,34.93859],[133.54047,34.93736],[133.54101,34.93621],[133.54169,34.93561],[133.53961,34.93571],[133.53819,34.93597],[133.53774,34.93677],[133.53827,34.93799],[133.5382,34.93811],[133.53289,34.93847],[133.53074,34.93802],[133.53002,34.93758],[133.52935,34.93603],[133.52821,34.93523],[133.52768,34.93523],[133.52641,34.93578],[133.52502,34.93702],[133.52293,34.93947],[133.52146,34.94044],[133.52125,34.94028],[133.52122,34.9398],[133.521,34.93953],[133.521,34.93896],[133.52068,34.93821],[133.52058,34.93747],[133.51986,34.93725],[133.51973,34.93681],[133.51881,34.93607],[133.51865,34.93532],[133.51824,34.93457],[133.51842,34.93318],[133.51819,34.93268],[133.51561,34.93263],[133.51188,34.93201],[133.51117,34.93167],[133.51006,34.93056],[133.50911,34.93014],[133.50805,34.92992],[133.50703,34.93013],[133.50602,34.9307],[133.50509,34.93169],[133.50496,34.93225],[133.50574,34.93462],[133.50673,34.93655],[133.50725,34.93866],[133.50693,34.94015],[133.5062,34.94105],[133.50506,34.94144],[133.50311,34.94114],[133.50254,34.94072],[133.5015,34.93884],[133.50038,34.93746],[133.49956,34.93684],[133.49782,34.93626],[133.49609,34.93609],[133.49473,34.93625],[133.49259,34.93752],[133.49238,34.93784],[133.4923,34.93863],[133.49273,34.93938],[133.49324,34.93996],[133.49466,34.94086],[133.49539,34.94204],[133.49576,34.94342],[133.49569,34.94571],[133.49637,34.9494],[133.49638,34.95041],[133.49823,34.95041],[133.50106,34.9511],[133.50279,34.95135],[133.50608,34.95209],[133.50958,34.95315],[133.51354,34.95504],[133.51738,34.95735],[133.5183,34.95712],[133.52226,34.95677]]]},"properties":{"key":"332104110","name":"足見","pref":"岡山県","prefCode":"33","municipality":"新見市","areaM2":7731097.492,"population":286,"toponymIds":["33-3067cc4d83"]}},{"type":"Feature","geometry":{"type":"Polygon","coordinates":[[[133.48655,34.91924],[133.48769,34.91928],[133.48803,34.91852],[133.48975,34.91117],[133.48903,34.91082],[133.48908,34.91029],[133.48878,34.90958],[133.48896,34.90862],[133.48947,34.90764],[133.49017,34.90722],[133.49106,34.90722],[133.49162,34.90701],[133.49256,34.90618],[133.49567,34.90468],[133.49699,34.90358],[133.49798,34.90309],[133.4989,34.90158],[133.49913,34.90065],[133.49887,34.89946],[133.49669,34.89925],[133.49641,34.89907],[133.49663,34.89833],[133.49655,34.89806],[133.49574,34.89687],[133.49416,34.89586],[133.49268,34.89578],[133.4922,34.89556],[133.49188,34.89514],[133.49202,34.89462],[133.49273,34.894],[133.49301,34.89393],[133.49362,34.89438],[133.49468,34.89434],[133.49503,34.89421],[133.49569,34.89335],[133.49546,34.89296],[133.49475,34.89291],[133.49492,34.89229],[133.49462,34.8915],[133.49337,34.89055],[133.49249,34.88833],[133.49259,34.8876],[133.49231,34.88674],[133.49275,34.88415],[133.49251,34.88379],[133.49232,34.88285],[133.49268,34.88171],[133.49234,34.88147],[133.49208,34.88065],[133.49106,34.87966],[133.49122,34.87917],[133.49204,34.87868],[133.49143,34.87811],[133.49104,34.87731],[133.49043,34.87693],[133.49002,34.8758],[133.48947,34.87508],[133.48778,34.87496],[133.48585,34.87378],[133.484,34.87216],[133.48261,34.87171],[133.48151,34.87226],[133.4805,34.87322],[133.48029,34.87388],[133.48043,34.87501],[133.47967,34.87531],[133.47921,34.87612],[133.47836,34.87649],[133.47785,34.8764],[133.47712,34.87675],[133.47665,34.87729],[133.47642,34.87783],[133.47587,34.87837],[133.47684,34.87906],[133.47743,34.87994],[133.47748,34.8803],[133.47715,34.88067],[133.47648,34.88089],[133.47594,34.88185],[133.47563,34.88289],[133.47474,34.88303],[133.474,34.88363],[133.47347,34.88488],[133.47286,34.88577],[133.47253,34.88585],[133.47229,34.8873],[133.47254,34.88768],[133.47323,34.88803],[133.47317,34.8885],[133.47368,34.88895],[133.4746,34.88873],[133.47527,34.88891],[133.47447,34.89196],[133.47366,34.89326],[133.47129,34.89632],[133.47049,34.89712],[133.46792,34.89897],[133.46611,34.90002],[133.46573,34.90049],[133.46501,34.90239],[133.46486,34.9041],[133.46542,34.90546],[133.46658,34.90651],[133.47179,34.90919],[133.47133,34.9112],[133.47142,34.91219],[133.47207,34.91395],[133.47262,34.9147],[133.47373,34.91556],[133.47763,34.91748],[133.47934,34.91877],[133.48024,34.92105],[133.48003,34.92304],[133.48066,34.92378],[133.48208,34.92415],[133.48245,34.92353],[133.48421,34.92251],[133.48437,34.92203],[133.48414,34.92083],[133.48444,34.92038],[133.48528,34.92017],[133.48655,34.91924]]]},"properties":{"key":"332109440","name":"哲多町荻尾","pref":"岡山県","prefCode":"33","municipality":"新見市","areaM2":9383204.601,"population":137,"toponymIds":["33-0e01edce3b"]}},{"type":"Feature","geometry":{"type":"Polygon","coordinates":[[[134.13734,34.6156],[134.13739,34.61544],[134.13772,34.61553],[134.138,34.61517],[134.13813,34.61516],[134.13821,34.61545],[134.13929,34.61526],[134.13917,34.6149],[134.13969,34.6147],[134.14019,34.61475],[134.14087,34.61413],[134.14104,34.61429],[134.14184,34.61386],[134.14314,34.61372],[134.14315,34.61266],[134.1435,34.61234],[134.14385,34.61134],[134.14499,34.61031],[134.14463,34.60981],[134.14408,34.61004],[134.1434,34.60989],[134.14358,34.60938],[134.14338,34.60988],[134.14197,34.6093],[134.14192,34.60912],[134.14242,34.60893],[134.14192,34.6091],[134.14163,34.60786],[134.14187,34.60768],[134.14166,34.60764],[134.14128,34.60789],[134.14022,34.60954],[134.13958,34.60926],[134.13918,34.60947],[134.13958,34.6093],[134.13999,34.60947],[134.13962,34.61005],[134.13982,34.61014],[134.13898,34.61142],[134.13826,34.61226],[134.13814,34.61221],[134.13824,34.61232],[134.1381,34.61318],[134.1378,34.61366],[134.13766,34.6138],[134.13753,34.61372],[134.13788,34.61336],[134.13787,34.61295],[134.13641,34.61278],[134.13568,34.61436],[134.13646,34.61458],[134.13645,34.6152],[134.13722,34.61539],[134.13717,34.61557],[134.13734,34.6156]]]},"properties":{"key":"33212088001","name":"牛窓町鹿忍","pref":"岡山県","prefCode":"33","municipality":"瀬戸内市","areaM2":315014.928,"population":186,"toponymIds":["33-61f22fdd03","33-67c8f6c15a"]}},{"type":"Feature","geometry":{"type":"Polygon","coordinates":[[[134.13019,34.71367],[134.12994,34.7131],[134.13106,34.71302],[134.1304,34.71223],[134.13081,34.71195],[134.12656,34.70717],[134.12156,34.70995],[134.12524,34.71418],[134.12584,34.7142],[134.12622,34.71373],[134.12686,34.7144],[134.1277,34.71435],[134.12945,34.71339],[134.12974,34.71339],[134.13019,34.71367]]]},"properties":{"key":"33212097001","name":"長船町磯上","pref":"岡山県","prefCode":"33","municipality":"瀬戸内市","areaM2":389686.388,"population":107,"toponymIds":["33-4c0093b526","33-5b08998650"]}},{"type":"Feature","geometry":{"type":"Polygon","coordinates":[[[134.08233,34.94101],[134.0824,34.9407],[134.08301,34.94019],[134.08268,34.94022],[134.08207,34.93939],[134.08277,34.93873],[134.08066,34.93712],[134.08001,34.93634],[134.07939,34.93614],[134.07835,34.9354],[134.07804,34.93455],[134.07827,34.93365],[134.07799,34.9328],[134.0775,34.93264],[134.07716,34.93221],[134.07654,34.92994],[134.07662,34.92937],[134.07435,34.92825],[134.07283,34.92723],[134.07156,34.92667],[134.07088,34.9261],[134.06992,34.92584],[134.06918,34.9278],[134.06796,34.92829],[134.06896,34.9282],[134.06918,34.92867],[134.0687,34.92863],[134.06882,34.92884],[134.06833,34.92901],[134.06799,34.92957],[134.06693,34.92967],[134.0665,34.92955],[134.06578,34.92981],[134.06406,34.92955],[134.06315,34.92969],[134.06293,34.92975],[134.06268,34.93026],[134.06186,34.93075],[134.06087,34.93048],[134.06032,34.93105],[134.05896,34.93131],[134.05864,34.93204],[134.05837,34.93193],[134.05808,34.9323],[134.05686,34.93216],[134.05675,34.9314],[134.05639,34.9314],[134.05618,34.93166],[134.05568,34.93172],[134.05497,34.9314],[134.05394,34.93128],[134.05251,34.93067],[134.05211,34.9307],[134.05286,34.93151],[134.05212,34.93237],[134.05186,34.93335],[134.05134,34.93347],[134.05136,34.93335],[134.05011,34.93388],[134.05011,34.93354],[134.04968,34.93315],[134.04953,34.9336],[134.04915,34.93339],[134.04836,34.93398],[134.04873,34.93489],[134.04874,34.93542],[134.04941,34.93669],[134.05017,34.93674],[134.05119,34.93717],[134.05164,34.93716],[134.05438,34.9383],[134.05708,34.93831],[134.05827,34.93851],[134.05895,34.93945],[134.06204,34.93831],[134.06261,34.93832],[134.06504,34.93753],[134.06656,34.93731],[134.06731,34.93685],[134.06788,34.93765],[134.06978,34.93795],[134.07136,34.93912],[134.07153,34.93956],[134.072,34.93997],[134.07257,34.94128],[134.07466,34.9409],[134.07794,34.94087],[134.08221,34.94164],[134.08233,34.94101]]]},"properties":{"key":"332130750","name":"河原屋","pref":"岡山県","prefCode":"33","municipality":"赤磐市","areaM2":2691957.919,"population":18,"toponymIds":["33-636a73c64b"]}},{"type":"Feature","geometry":{"type":"Polygon","coordinates":[[[133.69464,35.15473],[133.69439,35.15411],[133.69468,35.15316],[133.69466,35.15181],[133.6945,35.15124],[133.69502,35.15028],[133.69507,35.14963],[133.69576,35.14818],[133.69619,35.14785],[133.69691,35.14803],[133.69763,35.14792],[133.69883,35.14706],[133.70097,35.14755],[133.70276,35.14609],[133.70376,35.1458],[133.7049,35.14433],[133.70224,35.1419],[133.70065,35.13927],[133.69763,35.13743],[133.69474,35.13625],[133.69323,35.13587],[133.69227,35.13544],[133.69185,35.13475],[133.69167,35.13385],[133.6918,35.13177],[133.69259,35.12926],[133.69286,35.12886],[133.69341,35.12853],[133.69652,35.1279],[133.70207,35.12623],[133.70204,35.12526],[133.70182,35.12489],[133.70027,35.12394],[133.69919,35.12361],[133.69523,35.1231],[133.69405,35.12142],[133.69344,35.12106],[133.69246,35.12085],[133.69119,35.12095],[133.69029,35.12114],[133.69016,35.12419],[133.6897,35.12624],[133.68918,35.12706],[133.68621,35.13028],[133.68615,35.1312],[133.68405,35.13187],[133.6812,35.1344],[133.67711,35.13633],[133.67676,35.13671],[133.67666,35.13716],[133.67758,35.1392],[133.67787,35.14085],[133.67779,35.14169],[133.6775,35.14206],[133.67685,35.14236],[133.67556,35.1425],[133.67526,35.14274],[133.67514,35.14379],[133.67339,35.14676],[133.67231,35.14941],[133.67322,35.14933],[133.67369,35.14955],[133.67458,35.1496],[133.67507,35.14987],[133.67649,35.15159],[133.677,35.15167],[133.67743,35.152],[133.68049,35.15232],[133.68293,35.1536],[133.68639,35.15389],[133.68815,35.1545],[133.68956,35.15476],[133.69086,35.15483],[133.69196,35.15465],[133.69332,35.15498],[133.69464,35.15473]]]},"properties":{"key":"332140120","name":"菅谷","pref":"岡山県","prefCode":"33","municipality":"真庭市","areaM2":5479555.275,"population":4,"toponymIds":["33-09b18baaaa"]}},{"type":"Feature","geometry":{"type":"Polygon","coordinates":[[[133.72994,35.15586],[133.73028,35.15521],[133.73079,35.15495],[133.73129,35.15402],[133.73311,35.15222],[133.73353,35.15055],[133.73397,35.14959],[133.73498,35.14869],[133.7346,35.1472],[133.73365,35.14634],[133.73322,35.14562],[133.7334,35.14411],[133.73388,35.14368],[133.73392,35.14242],[133.73156,35.14267],[133.7303,35.14348],[133.72964,35.1432],[133.72825,35.14335],[133.7274,35.1431],[133.72723,35.14254],[133.72749,35.14194],[133.72712,35.14059],[133.72654,35.13987],[133.72664,35.13907],[133.72571,35.13739],[133.7247,35.13643],[133.72251,35.13576],[133.72224,35.13483],[133.7206,35.13356],[133.71968,35.13303],[133.71852,35.1328],[133.71697,35.13445],[133.71577,35.13613],[133.71524,35.13715],[133.71621,35.1373],[133.71666,35.13778],[133.71674,35.13847],[133.71808,35.14323],[133.71913,35.14486],[133.71905,35.146],[133.71873,35.14676],[133.71732,35.14862],[133.7163,35.14949],[133.71618,35.14999],[133.71715,35.15142],[133.71909,35.15357],[133.7201,35.15426],[133.72235,35.15541],[133.72288,35.15561],[133.72429,35.15564],[133.72486,35.15581],[133.72596,35.15622],[133.72821,35.1574],[133.729,35.15662],[133.72912,35.15623],[133.72994,35.15586]]]},"properties":{"key":"332140800","name":"都喜足","pref":"岡山県","prefCode":"33","municipality":"真庭市","areaM2":2751419.478,"population":66,"toponymIds":["33-590c786d4d"]}},{"type":"Feature","geometry":{"type":"Polygon","coordinates":[[[134.1194,34.9998],[134.11933,34.99936],[134.11964,34.9991],[134.12003,34.99902],[134.12014,34.99874],[134.11971,34.99815],[134.11893,34.99763],[134.11853,34.99766],[134.11733,34.99722],[134.11777,34.99681],[134.11723,34.99667],[134.11703,34.99647],[134.11672,34.99669],[134.11587,34.99671],[134.11576,34.99613],[134.11538,34.99605],[134.11455,34.99675],[134.11393,34.99679],[134.11381,34.99718],[134.11331,34.99759],[134.11173,34.99844],[134.11242,34.99872],[134.11398,34.99976],[134.1159,35.00015],[134.11673,35.00095],[134.11858,35.00018],[134.11915,34.99978],[134.1194,34.9998]]]},"properties":{"key":"332152070","name":"青木","pref":"岡山県","prefCode":"33","municipality":"美作市","areaM2":219853.533,"population":27,"toponymIds":["33-fae677f86a"]}},{"type":"Feature","geometry":{"type":"Polygon","coordinates":[[[134.29469,35.08495],[134.29477,35.08428],[134.2954,35.08319],[134.29436,35.08229],[134.29046,35.07998],[134.28969,35.07982],[134.28848,35.07985],[134.28356,35.07834],[134.28179,35.07796],[134.27861,35.07889],[134.27785,35.07944],[134.27693,35.08067],[134.27629,35.0819],[134.28017,35.08295],[134.28215,35.08329],[134.29469,35.08495]]]},"properties":{"key":"332158350","name":"赤田","pref":"岡山県","prefCode":"33","municipality":"美作市","areaM2":757640.878,"population":107,"toponymIds":["33-9fcfe971ac"]}},{"type":"Feature","geometry":{"type":"Polygon","coordinates":[[[134.224,35.04501],[134.22303,35.0433],[134.22303,35.04288],[134.22351,35.04238],[134.22461,35.04182],[134.22675,35.04101],[134.22808,35.03879],[134.23002,35.03686],[134.22895,35.03634],[134.22595,35.03567],[134.22526,35.03532],[134.22571,35.03422],[134.22579,35.03154],[134.22548,35.03084],[134.22412,35.02903],[134.22335,35.02765],[134.2234,35.02743],[134.22389,35.02702],[134.22471,35.02658],[134.22422,35.02624],[134.22326,35.02611],[134.2226,35.02619],[134.22169,35.02689],[134.22027,35.02728],[134.21919,35.02851],[134.21828,35.02927],[134.21747,35.03058],[134.21674,35.03141],[134.21742,35.03193],[134.21748,35.03215],[134.21686,35.03243],[134.21701,35.03328],[134.21599,35.03367],[134.21569,35.03321],[134.21499,35.03276],[134.21377,35.03253],[134.21286,35.03264],[134.21299,35.03331],[134.21393,35.03502],[134.2143,35.03552],[134.21489,35.03568],[134.21521,35.03651],[134.21568,35.03688],[134.21577,35.03744],[134.21563,35.03835],[134.21521,35.03898],[134.21584,35.03948],[134.21533,35.04065],[134.21538,35.04089],[134.21645,35.04139],[134.21682,35.04207],[134.21799,35.04192],[134.2184,35.04224],[134.21853,35.04274],[134.21805,35.04328],[134.21748,35.0446],[134.21771,35.04543],[134.21836,35.04641],[134.21892,35.04678],[134.22031,35.0468],[134.22189,35.04654],[134.22302,35.04609],[134.22342,35.0454],[134.224,35.04501]]]},"properties":{"key":"332158590","name":"芦河内","pref":"岡山県","prefCode":"33","municipality":"美作市","areaM2":1779370.045,"population":11,"toponymIds":["33-52044f5686"]}},{"type":"Feature","geometry":{"type":"Polygon","coordinates":[[[134.17428,34.99963],[134.17441,34.99866],[134.1747,34.99805],[134.17519,34.99758],[134.17793,34.99644],[134.17985,34.99676],[134.18062,34.99663],[134.18107,34.99634],[134.18125,34.99544],[134.18154,34.9951],[134.18158,34.99443],[134.18226,34.9937],[134.18236,34.99311],[134.18219,34.99248],[134.18252,34.99211],[134.18296,34.99193],[134.18301,34.99145],[134.18321,34.99118],[134.18305,34.99074],[134.18337,34.99041],[134.18317,34.9897],[134.18329,34.98918],[134.18345,34.98891],[134.1841,34.9889],[134.18425,34.98851],[134.18532,34.98778],[134.1852,34.98632],[134.18331,34.98499],[134.18353,34.98348],[134.18257,34.98195],[134.18315,34.97953],[134.18453,34.97763],[134.18466,34.97662],[134.18493,34.9763],[134.18494,34.97545],[134.18431,34.97471],[134.18404,34.97413],[134.18424,34.97307],[134.18349,34.97257],[134.18313,34.97252],[134.18196,34.97288],[134.18132,34.97345],[134.18007,34.97384],[134.1794,34.97465],[134.17853,34.97508],[134.17846,34.97601],[134.17745,34.97612],[134.17739,34.97645],[134.17823,34.97716],[134.17838,34.97758],[134.17816,34.97784],[134.1776,34.97782],[134.17612,34.9801],[134.17611,34.98143],[134.1757,34.98188],[134.1731,34.98305],[134.17019,34.98412],[134.16886,34.98591],[134.16852,34.98682],[134.16855,34.98787],[134.16617,34.98794],[134.16495,34.98884],[134.16421,34.98977],[134.16459,34.99148],[134.16669,34.99275],[134.16753,34.99266],[134.16801,34.99299],[134.16787,34.99377],[134.16807,34.99433],[134.16743,34.99698],[134.16751,34.99755],[134.16811,34.99859],[134.16823,34.99943],[134.16854,34.99988],[134.16824,34.99996],[134.1684,35.00057],[134.17104,35.0001],[134.17238,35.00007],[134.17428,34.99963]]]},"properties":{"key":"332154060","name":"猪臥","pref":"岡山県","prefCode":"33","municipality":"美作市","areaM2":3062758.732,"population":88,"toponymIds":["33-62e73b373f"]}},{"type":"Feature","geometry":{"type":"Polygon","coordinates":[[[134.23756,34.96963],[134.2378,34.96919],[134.2377,34.9686],[134.23792,34.96827],[134.23791,34.96776],[134.23851,34.96706],[134.24008,34.96418],[134.24062,34.96193],[134.24117,34.96054],[134.23987,34.95687],[134.24195,34.95471],[134.2436,34.95383],[134.243,34.95257],[134.24311,34.95188],[134.24221,34.95082],[134.24222,34.95012],[134.24292,34.94959],[134.24399,34.94928],[134.24434,34.94885],[134.24483,34.94717],[134.24388,34.94696],[134.24386,34.94675],[134.24437,34.9462],[134.24443,34.94519],[134.24579,34.94468],[134.24609,34.94423],[134.24629,34.94362],[134.24575,34.94321],[134.24635,34.94285],[134.24655,34.94246],[134.24646,34.94187],[134.24615,34.94145],[134.24319,34.94006],[134.2424,34.93911],[134.24168,34.93875],[134.23971,34.938],[134.23711,34.93752],[134.23568,34.93765],[134.23499,34.93531],[134.23514,34.93405],[134.23501,34.93311],[134.23352,34.93296],[134.23301,34.93233],[134.23188,34.93216],[134.22977,34.93119],[134.22933,34.93127],[134.22832,34.93089],[134.22716,34.93106],[134.2268,34.93076],[134.22487,34.93061],[134.22453,34.92981],[134.22406,34.92936],[134.22319,34.92899],[134.22313,34.92912],[134.22243,34.929],[134.22234,34.92876],[134.22047,34.92851],[134.2195,34.92916],[134.21957,34.93033],[134.21904,34.93124],[134.21933,34.933],[134.22045,34.93401],[134.21853,34.93645],[134.21849,34.9372],[134.21801,34.93758],[134.21773,34.9376],[134.21708,34.9393],[134.21719,34.93972],[134.21911,34.94137],[134.21977,34.94176],[134.22051,34.94286],[134.22006,34.94406],[134.21894,34.94591],[134.21871,34.94623],[134.21762,34.94679],[134.21755,34.94712],[134.21837,34.94884],[134.21824,34.94944],[134.21783,34.94983],[134.21902,34.95053],[134.21977,34.952],[134.21981,34.95315],[134.21948,34.95336],[134.21753,34.95332],[134.21689,34.95356],[134.21565,34.95339],[134.2142,34.95347],[134.21388,34.95434],[134.21288,34.95487],[134.21303,34.95615],[134.21262,34.95757],[134.21212,34.95839],[134.21152,34.95887],[134.20899,34.95983],[134.20984,34.96069],[134.21252,34.9612],[134.21287,34.96222],[134.21332,34.96266],[134.21378,34.96232],[134.21466,34.9621],[134.21474,34.96254],[134.21519,34.96288],[134.2172,34.96283],[134.2171,34.96404],[134.21835,34.96389],[134.21987,34.96418],[134.22082,34.9639],[134.22175,34.96389],[134.22202,34.96402],[134.22271,34.96468],[134.22287,34.96503],[134.22252,34.96611],[134.22247,34.96695],[134.22268,34.96766],[134.22329,34.96855],[134.22631,34.96856],[134.22756,34.9689],[134.23013,34.96883],[134.23099,34.96848],[134.23167,34.96858],[134.23335,34.9692],[134.2334,34.96943],[134.23298,34.97031],[134.2335,34.97084],[134.23411,34.97101],[134.2346,34.97086],[134.23492,34.97046],[134.23501,34.96896],[134.23479,34.96815],[134.23541,34.96736],[134.23569,34.96724],[134.23619,34.96768],[134.23689,34.96908],[134.23756,34.96963]]]},"properties":{"key":"332158750","name":"柿ケ原","pref":"岡山県","prefCode":"33","municipality":"美作市","areaM2":8945937.208,"population":82,"toponymIds":["33-76200a5a4c"]}},{"type":"Feature","geometry":{"type":"Polygon","coordinates":[[[134.35799,35.1704],[134.35872,35.17007],[134.35938,35.16917],[134.36046,35.16832],[134.36175,35.16695],[134.36215,35.16687],[134.36299,35.1677],[134.36338,35.16787],[134.36377,35.16796],[134.36465,35.16773],[134.36513,35.16569],[134.36559,35.16514],[134.37009,35.16349],[134.37078,35.16304],[134.37106,35.16243],[134.37213,35.16182],[134.37274,35.16082],[134.37304,35.159],[134.37288,35.15803],[134.37301,35.15744],[134.37371,35.15654],[134.3742,35.1551],[134.37493,35.15421],[134.37541,35.15392],[134.37628,35.1539],[134.37677,35.15343],[134.37823,35.15312],[134.38016,35.15328],[134.38104,35.15275],[134.38172,35.15165],[134.38,35.15082],[134.37987,35.15051],[134.38001,35.15003],[134.37956,35.14932],[134.37923,35.14912],[134.37848,35.14922],[134.3774,35.1491],[134.37568,35.15085],[134.37485,35.15098],[134.37462,35.1509],[134.3742,35.15019],[134.37162,35.14882],[134.37152,35.14809],[134.37118,35.14754],[134.36931,35.1473],[134.36865,35.14704],[134.36772,35.14709],[134.36756,35.14689],[134.3672,35.14687],[134.36487,35.1492],[134.36411,35.15025],[134.36294,35.15075],[134.36205,35.15044],[134.3614,35.15061],[134.36101,35.15097],[134.36038,35.15201],[134.35819,35.15192],[134.35784,35.15218],[134.3572,35.15414],[134.35595,35.15517],[134.35583,35.1555],[134.35577,35.15714],[134.3553,35.15781],[134.35511,35.15845],[134.35524,35.15971],[134.35424,35.16036],[134.35414,35.16087],[134.35333,35.16154],[134.35349,35.16343],[134.35325,35.16428],[134.35346,35.16476],[134.35468,35.16536],[134.35497,35.16583],[134.3554,35.16604],[134.35532,35.16665],[134.35559,35.16728],[134.35689,35.16835],[134.35757,35.16933],[134.35804,35.16968],[134.35816,35.17006],[134.35799,35.1704]]]},"properties":{"key":"332158440","name":"東青野","pref":"岡山県","prefCode":"33","municipality":"美作市","areaM2":3278765.499,"population":114,"toponymIds":["33-f7fa5a6f43"]}},{"type":"Feature","geometry":{"type":"Polygon","coordinates":[[[134.11889,35.22359],[134.11924,35.22356],[134.12022,35.22394],[134.12205,35.22365],[134.12287,35.22368],[134.1243,35.22324],[134.12551,35.2221],[134.12607,35.22179],[134.12734,35.22169],[134.12786,35.22177],[134.13089,35.2231],[134.13331,35.22486],[134.13392,35.22486],[134.1344,35.22509],[134.13516,35.22496],[134.13635,35.22443],[134.13634,35.22417],[134.13511,35.22276],[134.13182,35.22012],[134.13095,35.21895],[134.13015,35.21818],[134.13,35.2178],[134.13007,35.21717],[134.13055,35.21544],[134.12906,35.21309],[134.12637,35.21181],[134.12455,35.21061],[134.12272,35.21004],[134.12248,35.20989],[134.1223,35.20922],[134.12251,35.20713],[134.12274,35.2066],[134.12433,35.20522],[134.1252,35.2049],[134.12604,35.20483],[134.12871,35.20489],[134.12988,35.20378],[134.13065,35.20276],[134.13157,35.20234],[134.13279,35.20211],[134.13352,35.20172],[134.13433,35.20011],[134.13504,35.1997],[134.13508,35.1995],[134.13453,35.19898],[134.13432,35.19847],[134.13492,35.1976],[134.13491,35.19704],[134.13548,35.19462],[134.13467,35.19414],[134.13188,35.19184],[134.13142,35.19176],[134.13069,35.19216],[134.12994,35.19217],[134.12852,35.19174],[134.12679,35.19087],[134.1248,35.19066],[134.12344,35.18962],[134.12256,35.1876],[134.1224,35.18675],[134.12165,35.18626],[134.12098,35.18616],[134.11826,35.18636],[134.11805,35.1865],[134.11757,35.18764],[134.1173,35.18783],[134.11473,35.18848],[134.11378,35.18907],[134.11215,35.18911],[134.11202,35.18954],[134.11086,35.19142],[134.11082,35.19192],[134.1118,35.19387],[134.11362,35.19507],[134.11377,35.19534],[134.11388,35.19697],[134.1146,35.19792],[134.11468,35.19826],[134.11381,35.19941],[134.11257,35.2004],[134.11221,35.20115],[134.11208,35.2053],[134.11176,35.20648],[134.11148,35.207],[134.11136,35.20694],[134.11105,35.20732],[134.11119,35.20829],[134.11106,35.20954],[134.11087,35.20988],[134.10658,35.20944],[134.10601,35.20954],[134.10458,35.2102],[134.10422,35.2113],[134.10317,35.21196],[134.10324,35.21342],[134.10193,35.215],[134.10157,35.21569],[134.10097,35.2183],[134.101,35.21877],[134.10126,35.21873],[134.10271,35.21936],[134.10356,35.21992],[134.10407,35.21974],[134.10459,35.21976],[134.10579,35.22053],[134.1065,35.22079],[134.10786,35.22241],[134.11099,35.22271],[134.11134,35.22247],[134.11143,35.22118],[134.11271,35.2213],[134.11448,35.22106],[134.11505,35.22136],[134.11566,35.22131],[134.1165,35.22187],[134.11701,35.22251],[134.11677,35.22376],[134.11625,35.22508],[134.11637,35.22533],[134.11723,35.22572],[134.11744,35.22553],[134.11744,35.22501],[134.11836,35.22468],[134.11869,35.22375],[134.11889,35.22359]]]},"properties":{"key":"332032560","name":"加茂町河井","pref":"岡山県","prefCode":"33","municipality":"津山市","areaM2":7355019.898,"population":64,"toponymIds":["33-24ac7d26d0"]}},{"type":"Feature","geometry":{"type":"Polygon","coordinates":[[[134.03711,35.08712],[134.04244,35.08692],[134.04622,35.087],[134.04737,35.08618],[134.04736,35.08399],[134.04752,35.08368],[134.0484,35.08311],[134.0497,35.08314],[134.05265,35.08449],[134.05333,35.08389],[134.05468,35.08411],[134.05429,35.08355],[134.05436,35.08283],[134.05401,35.08187],[134.05314,35.08094],[134.05339,35.0803],[134.05395,35.07992],[134.05424,35.07951],[134.05385,35.07842],[134.05379,35.07767],[134.05397,35.07753],[134.05335,35.07728],[134.05314,35.07761],[134.05293,35.07763],[134.05279,35.07826],[134.05255,35.07822],[134.05202,35.07776],[134.05157,35.07707],[134.05144,35.07643],[134.05039,35.07607],[134.05051,35.07584],[134.04993,35.07541],[134.04891,35.07566],[134.04841,35.07546],[134.04808,35.0741],[134.04771,35.074],[134.04753,35.0737],[134.04642,35.07408],[134.04592,35.07309],[134.04486,35.07333],[134.04466,35.07235],[134.04428,35.07189],[134.04395,35.07157],[134.04258,35.07086],[134.04216,35.0708],[134.04219,35.07139],[134.0417,35.07195],[134.04076,35.07188],[134.03947,35.07224],[134.03877,35.07215],[134.03827,35.0728],[134.03781,35.07283],[134.03738,35.07351],[134.03604,35.07407],[134.03583,35.07501],[134.03587,35.0756],[134.03662,35.07621],[134.03705,35.07715],[134.03685,35.07722],[134.03659,35.07763],[134.0355,35.07987],[134.03543,35.08253],[134.03487,35.08608],[134.03528,35.08728],[134.03711,35.08712]]]},"properties":{"key":"332032220","name":"高野山西","pref":"岡山県","prefCode":"33","municipality":"津山市","areaM2":2202063.954,"population":2108,"toponymIds":["33-3e01619cda"]}},{"type":"Feature","geometry":{"type":"Polygon","coordinates":[[[134.09381,35.14924],[134.09496,35.14758],[134.09501,35.14652],[134.09567,35.14512],[134.09576,35.14406],[134.09617,35.14367],[134.09621,35.1434],[134.09669,35.14306],[134.0964,35.14126],[134.09672,35.14069],[134.09626,35.1397],[134.09598,35.13942],[134.094,35.13907],[134.09362,35.13887],[134.09247,35.13869],[134.09202,35.13877],[134.09096,35.13846],[134.09081,35.1383],[134.09014,35.13856],[134.0894,35.13913],[134.08827,35.13892],[134.0879,35.1391],[134.08639,35.13919],[134.08544,35.13904],[134.08343,35.13836],[134.0823,35.13821],[134.08154,35.13843],[134.08045,35.13832],[134.07834,35.1389],[134.07779,35.13879],[134.07737,35.13889],[134.07798,35.13971],[134.07807,35.14041],[134.07647,35.14296],[134.07587,35.14462],[134.07916,35.14621],[134.08041,35.14649],[134.08453,35.14802],[134.08601,35.14924],[134.08791,35.14929],[134.08878,35.15001],[134.09253,35.15192],[134.09271,35.15196],[134.09283,35.15146],[134.09263,35.1508],[134.09335,35.15012],[134.09381,35.14924]]]},"properties":{"key":"332032030","name":"三浦","pref":"岡山県","prefCode":"33","municipality":"津山市","areaM2":1856532.06,"population":186,"toponymIds":["33-e140738596"]}},{"type":"Feature","geometry":{"type":"Polygon","coordinates":[[[134.19573,34.91414],[134.19525,34.91349],[134.19513,34.91302],[134.19513,34.91251],[134.19549,34.91127],[134.19426,34.91004],[134.19523,34.90953],[134.19533,34.90874],[134.19599,34.90786],[134.19598,34.90696],[134.19666,34.90605],[134.1968,34.90489],[134.19641,34.90327],[134.19605,34.90254],[134.19529,34.90187],[134.19526,34.90145],[134.19547,34.90106],[134.19648,34.90067],[134.19652,34.90028],[134.19606,34.89952],[134.19617,34.89934],[134.19636,34.89918],[134.19739,34.89896],[134.19865,34.89799],[134.19935,34.89648],[134.20011,34.89596],[134.19983,34.89487],[134.19989,34.89451],[134.19972,34.89423],[134.199,34.89392],[134.19883,34.89323],[134.19842,34.8926],[134.19817,34.89154],[134.19757,34.89099],[134.19682,34.89102],[134.19594,34.89127],[134.19535,34.89163],[134.19443,34.89173],[134.19353,34.89133],[134.19329,34.89079],[134.19274,34.89031],[134.19198,34.89032],[134.19146,34.89144],[134.1915,34.89189],[134.19085,34.89243],[134.19061,34.89325],[134.18955,34.89339],[134.18851,34.89387],[134.18791,34.89462],[134.18788,34.8959],[134.18803,34.89654],[134.18829,34.8969],[134.18794,34.89874],[134.18738,34.89868],[134.18712,34.8985],[134.18669,34.89731],[134.18511,34.89697],[134.18467,34.89709],[134.18347,34.89835],[134.18231,34.89821],[134.18176,34.89772],[134.18129,34.89754],[134.17865,34.89741],[134.17814,34.89846],[134.17734,34.89826],[134.17505,34.89856],[134.17389,34.89838],[134.17265,34.89918],[134.17211,34.89872],[134.17194,34.89824],[134.1703,34.89846],[134.16734,34.89769],[134.16623,34.89936],[134.16569,34.90088],[134.1658,34.90223],[134.1657,34.90278],[134.1648,34.9041],[134.16329,34.90706],[134.16558,34.9115],[134.16568,34.91215],[134.16543,34.91352],[134.16565,34.91359],[134.1685,34.91341],[134.16991,34.91316],[134.17044,34.91227],[134.17611,34.91206],[134.17904,34.91152],[134.17976,34.91104],[134.18051,34.90937],[134.1815,34.90926],[134.18182,34.90939],[134.18201,34.91031],[134.18222,34.91055],[134.18363,34.911],[134.18456,34.91166],[134.18491,34.91211],[134.18517,34.91201],[134.18564,34.91122],[134.18631,34.9108],[134.18924,34.91253],[134.1915,34.9134],[134.19573,34.91414]]]},"properties":{"key":"332158940","name":"横尾","pref":"岡山県","prefCode":"33","municipality":"美作市","areaM2":5146102.767,"population":11,"toponymIds":["33-c9955c933a"]}},{"type":"Feature","geometry":{"type":"Polygon","coordinates":[[[134.01106,34.88614],[134.01198,34.8859],[134.01212,34.88565],[134.01245,34.88572],[134.01246,34.88529],[134.013,34.88489],[134.01302,34.88399],[134.01356,34.88359],[134.01369,34.88237],[134.01385,34.88208],[134.01379,34.88132],[134.01342,34.88083],[134.01338,34.87875],[134.01304,34.87849],[134.01254,34.87718],[134.01281,34.87651],[134.01319,34.87621],[134.01317,34.87591],[134.0129,34.87569],[134.01281,34.875],[134.01305,34.87458],[134.01267,34.87416],[134.01273,34.87346],[134.01308,34.8732],[134.01372,34.87318],[134.01388,34.87302],[134.01536,34.87297],[134.01874,34.87233],[134.02019,34.87181],[134.02059,34.87154],[134.02114,34.86943],[134.02183,34.86911],[134.02189,34.8686],[134.02162,34.86818],[134.02214,34.8679],[134.02281,34.86778],[134.02215,34.86712],[134.02223,34.86652],[134.02177,34.86505],[134.02125,34.86453],[134.021,34.86392],[134.02033,34.86363],[134.0206,34.86292],[134.01994,34.86212],[134.0201,34.86188],[134.02001,34.86078],[134.01947,34.8606],[134.01889,34.86007],[134.01844,34.85996],[134.01671,34.8608],[134.01592,34.86077],[134.01603,34.8611],[134.01592,34.86126],[134.01452,34.8611],[134.01394,34.86128],[134.01331,34.86003],[134.01277,34.85943],[134.01207,34.8591],[134.01203,34.8584],[134.01099,34.85751],[134.01056,34.85804],[134.00934,34.85877],[134.00858,34.85886],[134.00672,34.85865],[134.00571,34.85893],[134.00574,34.85997],[134.00306,34.86086],[134.00356,34.86144],[134.00354,34.86203],[134.00391,34.86284],[134.00346,34.86407],[134.00361,34.86476],[134.00315,34.86527],[134.00386,34.86635],[134.00452,34.86678],[134.0051,34.86754],[134.00612,34.86764],[134.00659,34.86793],[134.00667,34.86907],[134.00585,34.86975],[134.00569,34.87028],[134.00472,34.87093],[134.00402,34.87105],[134.0033,34.87152],[134.0022,34.87155],[134.00116,34.8726],[134.00015,34.87319],[133.99991,34.87366],[133.99987,34.8745],[133.99772,34.8751],[133.99837,34.87602],[133.99866,34.8768],[133.999,34.87813],[133.99933,34.8787],[133.9994,34.8797],[133.99962,34.88004],[134.00003,34.88022],[134.00019,34.88056],[134.00038,34.88116],[134.00021,34.88191],[134.00029,34.8823],[134.00128,34.88378],[134.00155,34.88465],[134.00218,34.88566],[134.00252,34.88514],[134.00335,34.88447],[134.00514,34.88413],[134.00604,34.88455],[134.00715,34.88479],[134.00798,34.8852],[134.0083,34.88561],[134.00962,34.88613],[134.01106,34.88614]]]},"properties":{"key":"332130930","name":"仁堀中","pref":"岡山県","prefCode":"33","municipality":"赤磐市","areaM2":3914636.0,"population":201,"toponymIds":["33-10e207169b"]}},{"type":"Feature","geometry":{"type":"Polygon","coordinates":[[[134.22533,34.81492],[134.22486,34.8093],[134.2239,34.80925],[134.21689,34.81085],[134.21654,34.80965],[134.21515,34.80987],[134.21546,34.81188],[134.21286,34.81755],[134.22533,34.81492]]]},"properties":{"key":"33211079001","name":"吉永町福満","pref":"岡山県","prefCode":"33","municipality":"備前市","areaM2":661667.518,"population":174,"toponymIds":["33-742497339c"]}},{"type":"Feature","geometry":{"type":"Polygon","coordinates":[[[134.09069,34.76395],[134.08864,34.75524],[134.08853,34.75391],[134.08618,34.75426],[134.08609,34.7539],[134.08391,34.7553],[134.08368,34.7558],[134.08421,34.75608],[134.08461,34.7567],[134.08295,34.75888],[134.08361,34.75902],[134.08466,34.75953],[134.08533,34.76013],[134.08546,34.76099],[134.08475,34.76215],[134.0852,34.76266],[134.08665,34.76348],[134.08899,34.76528],[134.08989,34.76567],[134.09113,34.76557],[134.09069,34.76395]]]},"properties":{"key":"331031020","name":"瀬戸町二日市","pref":"岡山県","prefCode":"33","municipality":"岡山市東区","areaM2":526212.18,"population":182,"toponymIds":["33-eaee76550a"]}},{"type":"Feature","geometry":{"type":"Polygon","coordinates":[[[134.04466,34.71747],[134.04033,34.72456],[134.04266,34.72562],[134.04474,34.72299],[134.04643,34.72229],[134.04724,34.72157],[134.04827,34.72041],[134.04877,34.7193],[134.04466,34.71747]]]},"properties":{"key":"331031010","name":"瀬戸町沖","pref":"岡山県","prefCode":"33","municipality":"岡山市東区","areaM2":305779.732,"population":1250,"toponymIds":["33-785f391039"]}},{"type":"Feature","geometry":{"type":"Polygon","coordinates":[[[134.05447,34.69896],[134.0549,34.6983],[134.05607,34.69892],[134.05706,34.69722],[134.0575,34.69739],[134.05782,34.69739],[134.05791,34.69725],[134.05852,34.69731],[134.05881,34.697],[134.05943,34.69686],[134.05964,34.69684],[134.06056,34.69783],[134.06269,34.69786],[134.06448,34.69876],[134.06548,34.69807],[134.06484,34.69733],[134.06488,34.69649],[134.06386,34.69542],[134.06271,34.69453],[134.06304,34.69302],[134.06308,34.69167],[134.0633,34.69164],[134.0635,34.69017],[134.06372,34.68999],[134.06354,34.68986],[134.06335,34.68898],[134.06369,34.68878],[134.06355,34.68843],[134.06383,34.68817],[134.0642,34.68715],[134.06312,34.68583],[134.06144,34.68494],[134.06054,34.68475],[134.05987,34.68429],[134.06066,34.68379],[134.06119,34.68309],[134.06115,34.68229],[134.06099,34.68205],[134.05936,34.6818],[134.05878,34.68143],[134.05738,34.68158],[134.05729,34.6814],[134.05614,34.68078],[134.05374,34.67981],[134.05288,34.67928],[134.05236,34.67864],[134.05171,34.67845],[134.05108,34.6786],[134.04977,34.67943],[134.05054,34.68003],[134.04963,34.68013],[134.04848,34.68056],[134.0483,34.68119],[134.04801,34.68141],[134.04749,34.6815],[134.04603,34.68112],[134.04641,34.68201],[134.04457,34.68383],[134.04352,34.68413],[134.04247,34.68503],[134.04156,34.68679],[134.04141,34.68766],[134.04098,34.68813],[134.04024,34.68853],[134.03996,34.68995],[134.04101,34.69043],[134.04256,34.69159],[134.04256,34.6923],[134.04215,34.69288],[134.04209,34.69384],[134.04225,34.69433],[134.04301,34.69483],[134.04366,34.69564],[134.04413,34.69582],[134.04528,34.69589],[134.04589,34.69631],[134.04649,34.69627],[134.04704,34.69686],[134.04966,34.69813],[134.05198,34.69807],[134.05284,34.69834],[134.0533,34.69867],[134.05354,34.69938],[134.05395,34.69967],[134.05447,34.69896]]]},"properties":{"key":"331030790","name":"竹原","pref":"岡山県","prefCode":"33","municipality":"岡山市東区","areaM2":3487867.739,"population":557,"toponymIds":["33-78e11cec48"]}},{"type":"Feature","geometry":{"type":"Polygon","coordinates":[[[133.43551,35.12154],[133.43669,35.12044],[133.43748,35.1194],[133.43765,35.11887],[133.43758,35.11848],[133.4366,35.11647],[133.43584,35.11595],[133.43374,35.11537],[133.43358,35.115],[133.43447,35.11447],[133.43473,35.11407],[133.43528,35.1117],[133.43533,35.11078],[133.43498,35.10822],[133.4353,35.1074],[133.43545,35.10639],[133.43567,35.10602],[133.43603,35.10579],[133.43806,35.10495],[133.43893,35.10388],[133.43906,35.10347],[133.43882,35.10264],[133.43825,35.10212],[133.43491,35.10074],[133.43364,35.09989],[133.43322,35.09887],[133.43378,35.0957],[133.43407,35.0952],[133.43469,35.09464],[133.43561,35.09416],[133.43632,35.09408],[133.43754,35.09429],[133.44057,35.09394],[133.44135,35.09352],[133.44261,35.09231],[133.44328,35.09134],[133.44347,35.09075],[133.44317,35.08979],[133.44236,35.08926],[133.43949,35.08846],[133.43863,35.08795],[133.43884,35.0876],[133.43918,35.08748],[133.43964,35.08752],[133.4401,35.08779],[133.44161,35.0875],[133.44274,35.08708],[133.44349,35.08653],[133.44358,35.08614],[133.44257,35.08501],[133.44227,35.0843],[133.44228,35.08349],[133.44254,35.08326],[133.44317,35.08338],[133.4442,35.08325],[133.44507,35.08283],[133.44525,35.08258],[133.44522,35.08226],[133.44458,35.08174],[133.44498,35.08109],[133.44576,35.08087],[133.44617,35.08041],[133.44662,35.08035],[133.44914,35.08153],[133.44953,35.0815],[133.45038,35.08093],[133.45179,35.08122],[133.45278,35.08079],[133.45457,35.07956],[133.45508,35.07941],[133.45679,35.07938],[133.45772,35.07899],[133.45892,35.0781],[133.45921,35.07759],[133.45949,35.07627],[133.4611,35.07344],[133.46098,35.07316],[133.46012,35.07295],[133.4597,35.07292],[133.45965,35.07321],[133.45939,35.07339],[133.45759,35.07298],[133.45602,35.07365],[133.45549,35.07351],[133.45534,35.0733],[133.45523,35.07237],[133.45364,35.07239],[133.45228,35.07271],[133.4506,35.07237],[133.45006,35.07277],[133.44885,35.07295],[133.4454,35.07207],[133.44522,35.07191],[133.4452,35.07158],[133.44586,35.06997],[133.44606,35.06757],[133.44592,35.06686],[133.4456,35.06644],[133.4439,35.06555],[133.44365,35.06525],[133.44321,35.06329],[133.44288,35.06253],[133.44307,35.06051],[133.44288,35.06022],[133.44222,35.05985],[133.44033,35.06046],[133.43844,35.06147],[133.43752,35.06172],[133.43651,35.06232],[133.43562,35.06325],[133.43487,35.06364],[133.4345,35.06366],[133.4326,35.06266],[133.43117,35.06241],[133.4301,35.06194],[133.42886,35.06179],[133.42845,35.06189],[133.42822,35.06217],[133.42814,35.06258],[133.4283,35.0632],[133.42767,35.06452],[133.42734,35.06633],[133.42603,35.06861],[133.42526,35.06954],[133.42378,35.07004],[133.42312,35.07047],[133.42292,35.07144],[133.42223,35.07208],[133.4218,35.07278],[133.42188,35.0739],[133.423,35.07528],[133.42338,35.07699],[133.42396,35.07753],[133.42388,35.07847],[133.42422,35.07883],[133.42352,35.07965],[133.42181,35.08053],[133.4215,35.0809],[133.42123,35.08216],[133.42185,35.08292],[133.42124,35.08433],[133.42,35.08481],[133.41945,35.08531],[133.41794,35.08572],[133.41738,35.08605],[133.41734,35.08636],[133.4183,35.08795],[133.41787,35.08925],[133.41787,35.08981],[133.41712,35.09168],[133.41711,35.09311],[133.41762,35.09427],[133.41868,35.09497],[133.41811,35.09552],[133.41777,35.09811],[133.41647,35.09936],[133.41565,35.0999],[133.41378,35.10069],[133.41309,35.1014],[133.41173,35.10154],[133.41115,35.10226],[133.41119,35.10307],[133.41065,35.10352],[133.40995,35.10383],[133.40956,35.10461],[133.40807,35.10518],[133.40766,35.10645],[133.40751,35.10791],[133.40718,35.1084],[133.4068,35.10975],[133.40623,35.1106],[133.40655,35.11129],[133.40646,35.1118],[133.40594,35.11237],[133.40361,35.11392],[133.40338,35.11425],[133.40443,35.11563],[133.40497,35.11591],[133.40511,35.11683],[133.40582,35.11814],[133.40698,35.11879],[133.40838,35.11993],[133.41017,35.12025],[133.41182,35.12109],[133.41253,35.12093],[133.41467,35.12113],[133.41816,35.1212],[133.42103,35.12043],[133.42378,35.11945],[133.42438,35.1194],[133.42609,35.11991],[133.42782,35.12111],[133.4319,35.12092],[133.43379,35.12128],[133.435,35.12131],[133.43551,35.12154]]]},"properties":{"key":"332109260","name":"千屋","pref":"岡山県","prefCode":"33","municipality":"新見市","areaM2":15146107.058,"population":144,"toponymIds":["33-f3915f91dc"]}},{"type":"Feature","geometry":{"type":"Polygon","coordinates":[[[133.49034,34.99658],[133.49135,34.99624],[133.49288,34.9961],[133.49512,34.99628],[133.49518,34.99542],[133.49537,34.9951],[133.49589,34.99443],[133.49679,34.99372],[133.49607,34.99291],[133.49594,34.99253],[133.49621,34.99214],[133.49706,34.99151],[133.49742,34.9908],[133.49723,34.98872],[133.49748,34.98755],[133.49719,34.98652],[133.49722,34.98607],[133.49744,34.98572],[133.49931,34.98475],[133.4997,34.9842],[133.49999,34.98337],[133.50117,34.98258],[133.50122,34.98206],[133.50148,34.98171],[133.50256,34.98135],[133.50294,34.98099],[133.50086,34.97815],[133.50022,34.9776],[133.49917,34.97734],[133.49573,34.97718],[133.49519,34.97693],[133.49481,34.97629],[133.49451,34.97445],[133.49347,34.97331],[133.49309,34.97259],[133.49232,34.97233],[133.49211,34.97274],[133.49102,34.97349],[133.49041,34.97432],[133.49006,34.97445],[133.48695,34.97416],[133.48424,34.97425],[133.48272,34.97409],[133.48087,34.97422],[133.47963,34.97257],[133.47875,34.97187],[133.47639,34.97047],[133.47541,34.97037],[133.47437,34.9693],[133.47261,34.96889],[133.4701,34.9692],[133.46965,34.96942],[133.46865,34.97084],[133.46952,34.97134],[133.46992,34.97213],[133.46915,34.97664],[133.46902,34.97916],[133.46856,34.98101],[133.46824,34.98174],[133.46742,34.98289],[133.46613,34.98407],[133.46495,34.98543],[133.46435,34.98666],[133.46511,34.98767],[133.46576,34.98816],[133.46679,34.98929],[133.46714,34.99004],[133.46728,34.99135],[133.4679,34.99271],[133.46882,34.99377],[133.47013,34.99433],[133.47086,34.99493],[133.47101,34.99542],[133.47095,34.99618],[133.47172,34.99601],[133.47471,34.99477],[133.47699,34.99423],[133.47823,34.99477],[133.47909,34.99439],[133.47994,34.99487],[133.4811,34.99469],[133.4824,34.99488],[133.48318,34.9954],[133.48398,34.99639],[133.4845,34.99654],[133.4862,34.99668],[133.4877,34.99652],[133.48976,34.99675],[133.49034,34.99658]]]},"properties":{"key":"332101010","name":"新見","pref":"岡山県","prefCode":"33","municipality":"新見市","areaM2":7072733.416,"population":3682,"toponymIds":["33-2d0b7c8985"]}},{"type":"Feature","geometry":{"type":"Polygon","coordinates":[[[133.41288,35.00443],[133.41269,35.00357],[133.41324,35.00272],[133.41544,35.00171],[133.41647,35.00061],[133.41814,34.9996],[133.4178,34.99993],[133.41828,35.00058],[133.41864,35.00191],[133.4202,35.00214],[133.42111,35.00286],[133.42185,35.00278],[133.42339,35.00165],[133.42419,35.00142],[133.42498,35.00147],[133.42636,35.00208],[133.42733,35.00231],[133.43201,35.00271],[133.43359,35.0031],[133.43477,35.00277],[133.4353,35.00246],[133.43592,35.00251],[133.43704,35.00227],[133.43827,35.00248],[133.43896,35.00231],[133.43956,35.00348],[133.4394,35.00411],[133.4398,35.00456],[133.43982,35.00513],[133.44106,35.00548],[133.44362,35.00424],[133.44397,35.00368],[133.44405,35.00307],[133.44367,34.99987],[133.44405,34.9967],[133.44411,34.99421],[133.44462,34.99312],[133.44521,34.99276],[133.44584,34.9927],[133.4466,34.99279],[133.44749,34.99334],[133.4486,34.99322],[133.44956,34.99267],[133.4506,34.99123],[133.45201,34.98999],[133.453,34.98939],[133.45476,34.98882],[133.45574,34.98869],[133.46138,34.98722],[133.46451,34.98619],[133.46503,34.98533],[133.46382,34.98504],[133.46444,34.98371],[133.46434,34.98345],[133.46369,34.98283],[133.46281,34.98128],[133.46173,34.98066],[133.46132,34.98023],[133.46093,34.9802],[133.46001,34.98049],[133.45853,34.98029],[133.45737,34.97992],[133.45656,34.97937],[133.45589,34.9786],[133.45428,34.97756],[133.45107,34.97637],[133.45033,34.97654],[133.44977,34.97724],[133.44876,34.97762],[133.44824,34.9777],[133.44704,34.97747],[133.4459,34.97784],[133.44424,34.97763],[133.44371,34.97721],[133.44348,34.97681],[133.44347,34.976],[133.44444,34.9741],[133.44516,34.97328],[133.44557,34.97114],[133.4437,34.97129],[133.44214,34.97168],[133.4393,34.97296],[133.43672,34.9732],[133.43559,34.97364],[133.43335,34.975],[133.4324,34.97501],[133.43176,34.97478],[133.42985,34.97344],[133.42879,34.97317],[133.42583,34.97363],[133.42438,34.97422],[133.42317,34.97452],[133.42078,34.97464],[133.41785,34.97427],[133.41674,34.97394],[133.40967,34.96998],[133.40872,34.96973],[133.40848,34.96991],[133.40841,34.97025],[133.40903,34.97157],[133.41076,34.97257],[133.41134,34.97316],[133.41137,34.97461],[133.41193,34.97533],[133.41116,34.97596],[133.41105,34.97627],[133.41114,34.97667],[133.41094,34.97718],[133.41,34.97794],[133.40976,34.97844],[133.41059,34.97923],[133.41165,34.97982],[133.41179,34.98011],[133.41064,34.98142],[133.40861,34.98231],[133.40759,34.98253],[133.40679,34.9841],[133.40617,34.98441],[133.40676,34.98487],[133.40729,34.98503],[133.40799,34.98468],[133.4084,34.98466],[133.40914,34.98518],[133.40835,34.98607],[133.40745,34.98614],[133.4069,34.98638],[133.40606,34.98729],[133.40564,34.9881],[133.40593,34.98838],[133.40702,34.98875],[133.41005,34.98941],[133.4102,34.99017],[133.4112,34.99136],[133.41137,34.99163],[133.41134,34.99195],[133.41076,34.99232],[133.41038,34.99234],[133.40697,34.99175],[133.404,34.99168],[133.40265,34.99201],[133.40233,34.99282],[133.40185,34.99322],[133.39985,34.99333],[133.39946,34.99393],[133.39954,34.99562],[133.39904,34.9972],[133.39903,34.9979],[133.39945,34.99977],[133.40009,35.00136],[133.40121,35.00302],[133.40164,35.0033],[133.40507,35.00395],[133.40639,35.00466],[133.40849,35.0041],[133.41127,35.00562],[133.41191,35.00554],[133.41256,35.00514],[133.41283,35.00483],[133.41288,35.00443]]]},"properties":{"key":"332108220","name":"西方","pref":"岡山県","prefCode":"33","municipality":"新見市","areaM2":13770640.667,"population":2257,"toponymIds":["33-c1b08d9f8e"]}},{"type":"Feature","geometry":{"type":"Polygon","coordinates":[[[133.3873,34.98043],[133.38724,34.98018],[133.38629,34.97997],[133.38628,34.98064],[133.3873,34.98043]]]},"properties":{"key":"33210935014","name":"神郷下神代","pref":"岡山県","prefCode":"33","municipality":"新見市","areaM2":4615.88,"population":43,"toponymIds":["33-27193a3338"]}},{"type":"Feature","geometry":{"type":"Polygon","coordinates":[[[133.41062,34.92245],[133.41484,34.92004],[133.41548,34.91951],[133.41627,34.91796],[133.41643,34.91717],[133.41584,34.91473],[133.41487,34.91288],[133.41419,34.9112],[133.41394,34.91003],[133.41437,34.907],[133.41516,34.90555],[133.41667,34.90423],[133.41845,34.90314],[133.42077,34.90253],[133.42099,34.90217],[133.41982,34.90031],[133.41977,34.8999],[133.42008,34.8989],[133.41949,34.89817],[133.41917,34.8975],[133.41913,34.89521],[133.41817,34.89277],[133.41725,34.89167],[133.4169,34.89091],[133.41701,34.88967],[133.41755,34.8888],[133.41936,34.88704],[133.42338,34.88571],[133.42181,34.88347],[133.42087,34.88336],[133.42048,34.88303],[133.42074,34.88157],[133.41938,34.88066],[133.41844,34.88045],[133.41786,34.88005],[133.4176,34.88004],[133.41752,34.87931],[133.41702,34.87862],[133.41721,34.87776],[133.417,34.87753],[133.41596,34.877],[133.41489,34.87675],[133.41372,34.87817],[133.41268,34.87871],[133.4124,34.87938],[133.41192,34.87995],[133.41099,34.8799],[133.41059,34.8796],[133.40997,34.87848],[133.40839,34.87799],[133.40744,34.87727],[133.40664,34.87592],[133.40558,34.87527],[133.40477,34.87452],[133.40466,34.87379],[133.40283,34.87467],[133.40175,34.875],[133.40034,34.87469],[133.39974,34.87479],[133.39942,34.87518],[133.39866,34.87512],[133.39832,34.87481],[133.39805,34.87425],[133.39609,34.87258],[133.3955,34.87167],[133.39482,34.87131],[133.39391,34.87115],[133.39285,34.87008],[133.39093,34.86983],[133.38975,34.86917],[133.38849,34.8697],[133.38758,34.87067],[133.3866,34.8711],[133.38612,34.87117],[133.38445,34.87085],[133.38335,34.87206],[133.38242,34.87227],[133.38166,34.8721],[133.37995,34.87352],[133.37696,34.87337],[133.37526,34.87374],[133.37387,34.87439],[133.37236,34.87444],[133.37093,34.87435],[133.36876,34.87376],[133.36802,34.87375],[133.36689,34.87396],[133.36578,34.87453],[133.36499,34.87529],[133.36448,34.87556],[133.36281,34.87528],[133.36184,34.87491],[133.35987,34.87501],[133.35795,34.87487],[133.35419,34.87703],[133.35305,34.87793],[133.3528,34.87942],[133.35294,34.87988],[133.3524,34.88026],[133.35235,34.88046],[133.3526,34.88104],[133.35317,34.88159],[133.35283,34.88214],[133.35307,34.8826],[133.35301,34.88329],[133.35367,34.8838],[133.35435,34.8838],[133.35466,34.88435],[133.35544,34.88478],[133.35473,34.88609],[133.35396,34.88633],[133.35318,34.88619],[133.35305,34.88659],[133.35243,34.88669],[133.35199,34.88693],[133.35156,34.88781],[133.35239,34.88901],[133.35232,34.88997],[133.35369,34.89065],[133.35385,34.89131],[133.35391,34.89197],[133.35366,34.89454],[133.35419,34.89499],[133.35419,34.89576],[133.35345,34.89637],[133.35381,34.89718],[133.35339,34.89777],[133.3535,34.89802],[133.35474,34.89879],[133.35529,34.89935],[133.35629,34.89927],[133.35696,34.89964],[133.35871,34.89961],[133.35967,34.90043],[133.3606,34.90074],[133.36103,34.90105],[133.36208,34.90132],[133.36236,34.90196],[133.36314,34.90234],[133.36435,34.90255],[133.37185,34.90481],[133.37761,34.90694],[133.38186,34.90904],[133.38621,34.91074],[133.38817,34.91115],[133.39042,34.91131],[133.3926,34.91094],[133.3958,34.91203],[133.39877,34.9135],[133.40032,34.9147],[133.40114,34.91602],[133.403,34.91834],[133.40293,34.91957],[133.40332,34.92064],[133.40413,34.92189],[133.40444,34.92177],[133.40831,34.92209],[133.41062,34.92245]]]},"properties":{"key":"332109390","name":"哲多町蚊家","pref":"岡山県","prefCode":"33","municipality":"新見市","areaM2":23543132.254,"population":281,"toponymIds":["33-585daf5601"]}},{"type":"Feature","geometry":{"type":"Polygon","coordinates":[[[133.41852,34.75079],[133.41788,34.75002],[133.41699,34.7476],[133.41708,34.74686],[133.4177,34.74513],[133.41407,34.74432],[133.41144,34.74211],[133.41098,34.74405],[133.41114,34.74522],[133.41104,34.74624],[133.41017,34.74825],[133.40951,34.74905],[133.40856,34.7498],[133.40836,34.75015],[133.4083,34.75053],[133.4085,34.75083],[133.4107,34.75167],[133.41137,34.75231],[133.41151,34.75275],[133.41124,34.75369],[133.41166,34.75455],[133.41301,34.75444],[133.41342,34.75428],[133.41402,34.75371],[133.41487,34.7535],[133.41516,34.75285],[133.41479,34.75217],[133.41748,34.75195],[133.41801,34.75156],[133.41852,34.75079]]]},"properties":{"key":"332099410","name":"川上町大原","pref":"岡山県","prefCode":"33","municipality":"高梁市","areaM2":688864.839,"population":4,"toponymIds":["33-1a1e1ad20f"]}},{"type":"Feature","geometry":{"type":"Polygon","coordinates":[[[133.44272,34.71082],[133.4427,34.71212],[133.44369,34.71223],[133.44385,34.71063],[133.44273,34.71058],[133.44272,34.71082]]]},"properties":{"key":"33209937006","name":"川上町上大竹","pref":"岡山県","prefCode":"33","municipality":"高梁市","areaM2":17027.5,"population":45,"toponymIds":["33-d14bbce15b"]}},{"type":"Feature","geometry":{"type":"Polygon","coordinates":[[[133.87795,35.08095],[133.87977,35.08147],[133.88032,35.08071],[133.88072,35.08056],[133.88218,35.08081],[133.88324,35.08033],[133.88438,35.08021],[133.88592,35.08055],[133.88654,35.08031],[133.8872,35.08082],[133.88739,35.08081],[133.88807,35.08023],[133.88834,35.08021],[133.88938,35.08106],[133.8903,35.08111],[133.89138,35.08087],[133.89178,35.08052],[133.8929,35.0804],[133.89479,35.07975],[133.8959,35.07981],[133.89622,35.0796],[133.89756,35.07741],[133.89875,35.07719],[133.89835,35.07541],[133.89921,35.07339],[133.89925,35.07213],[133.89906,35.07158],[133.89884,35.07115],[133.89736,35.07056],[133.89646,35.07047],[133.89506,35.07063],[133.89449,35.07035],[133.89353,35.06934],[133.89182,35.06594],[133.89068,35.06447],[133.88918,35.06527],[133.88792,35.06517],[133.88707,35.06598],[133.88593,35.06564],[133.88119,35.06606],[133.87965,35.06568],[133.87864,35.06491],[133.8782,35.06496],[133.87698,35.06591],[133.87611,35.06708],[133.87498,35.06714],[133.874,35.06812],[133.8729,35.06808],[133.87094,35.06926],[133.86874,35.06917],[133.86809,35.06993],[133.86727,35.0699],[133.86645,35.07115],[133.86577,35.07147],[133.86603,35.07263],[133.86683,35.07374],[133.8676,35.07398],[133.87014,35.07371],[133.87139,35.0739],[133.87247,35.07441],[133.87309,35.07547],[133.87367,35.07584],[133.87386,35.07633],[133.87479,35.07718],[133.87472,35.07783],[133.87489,35.07859],[133.87424,35.07864],[133.87397,35.079],[133.87404,35.07926],[133.87442,35.07943],[133.87426,35.0805],[133.87414,35.08083],[133.87319,35.08124],[133.87287,35.08184],[133.87299,35.08225],[133.8741,35.08268],[133.87478,35.08224],[133.87633,35.0819],[133.87795,35.08095]]]},"properties":{"key":"332033070","name":"宮部下","pref":"岡山県","prefCode":"33","municipality":"津山市","areaM2":3792249.431,"population":388,"toponymIds":["33-fc40c7d959"]}},{"type":"Feature","geometry":{"type":"Polygon","coordinates":[[[133.86529,35.06572],[133.86587,35.06507],[133.86697,35.06478],[133.86828,35.06404],[133.86915,35.06334],[133.86926,35.06283],[133.87119,35.06146],[133.87364,35.06101],[133.88005,35.06174],[133.8797,35.06128],[133.87818,35.06049],[133.87801,35.05985],[133.87814,35.05927],[133.8775,35.05858],[133.8771,35.05775],[133.87718,35.05601],[133.87696,35.05436],[133.87644,35.05307],[133.87622,35.0512],[133.87578,35.0508],[133.87509,35.04954],[133.87318,35.0485],[133.87268,35.04785],[133.87195,35.04593],[133.87161,35.0455],[133.86833,35.04363],[133.86731,35.04264],[133.8657,35.04254],[133.86457,35.04195],[133.86366,35.04028],[133.86345,35.04019],[133.86206,35.0404],[133.86141,35.03983],[133.85978,35.03991],[133.85824,35.04024],[133.85726,35.03965],[133.85613,35.04033],[133.85511,35.03971],[133.85461,35.03991],[133.85415,35.0405],[133.85368,35.04072],[133.85231,35.03932],[133.85106,35.03964],[133.85101,35.0399],[133.85148,35.04083],[133.85131,35.04143],[133.85114,35.04153],[133.8499,35.04125],[133.84921,35.04164],[133.84865,35.04174],[133.84797,35.04235],[133.84807,35.04317],[133.84771,35.0437],[133.84709,35.04408],[133.84691,35.04446],[133.84731,35.04512],[133.84729,35.0456],[133.84768,35.04651],[133.84805,35.04699],[133.85016,35.04808],[133.8504,35.04894],[133.8514,35.04991],[133.85133,35.05033],[133.85199,35.05115],[133.85227,35.05272],[133.85182,35.05472],[133.85195,35.05517],[133.85222,35.05535],[133.85398,35.0554],[133.85469,35.05566],[133.85501,35.05695],[133.85547,35.05766],[133.85544,35.05847],[133.85517,35.05869],[133.85524,35.05911],[133.85502,35.06019],[133.85546,35.06198],[133.85645,35.06373],[133.85796,35.06382],[133.85943,35.06451],[133.86048,35.06469],[133.86175,35.06577],[133.86282,35.06569],[133.86411,35.06599],[133.86529,35.06572]]]},"properties":{"key":"332033040","name":"坪井下","pref":"岡山県","prefCode":"33","municipality":"津山市","areaM2":5276193.493,"population":347,"toponymIds":["33-0c8fc4629b"]}},{"type":"Feature","geometry":{"type":"Polygon","coordinates":[[[133.93341,35.06352],[133.93392,35.06244],[133.93381,35.06217],[133.93397,35.06129],[133.93484,35.05991],[133.93886,35.05657],[133.94155,35.05298],[133.94255,35.05247],[133.94125,35.0519],[133.94011,35.05199],[133.93711,35.05108],[133.93608,35.05138],[133.93585,35.05163],[133.93581,35.05201],[133.93469,35.05259],[133.93183,35.05296],[133.92967,35.05373],[133.92867,35.05389],[133.92625,35.05378],[133.92536,35.05393],[133.92439,35.05385],[133.92247,35.05325],[133.92165,35.05319],[133.92041,35.05358],[133.91874,35.05462],[133.92098,35.05737],[133.92162,35.05869],[133.92258,35.05889],[133.92375,35.05889],[133.92463,35.05848],[133.9262,35.05813],[133.92909,35.05921],[133.92886,35.05984],[133.92908,35.06023],[133.92891,35.06071],[133.92846,35.06104],[133.9288,35.06123],[133.92861,35.06156],[133.92903,35.06227],[133.92994,35.06252],[133.92958,35.06276],[133.92982,35.06304],[133.92944,35.06337],[133.92942,35.06358],[133.93133,35.06344],[133.93241,35.06394],[133.93265,35.06424],[133.93341,35.06352]]]},"properties":{"key":"332033140","name":"宮尾","pref":"岡山県","prefCode":"33","municipality":"津山市","areaM2":1389859.611,"population":563,"toponymIds":["33-68fa3ca0d2"]}},{"type":"Feature","geometry":{"type":"Polygon","coordinates":[[[133.85526,34.9445],[133.85665,34.94297],[133.86111,34.94371],[133.8618,34.94239],[133.86187,34.94187],[133.8625,34.94151],[133.86283,34.94091],[133.86303,34.93855],[133.86317,34.93833],[133.86395,34.93797],[133.86399,34.937],[133.86551,34.93671],[133.86603,34.93472],[133.86634,34.93431],[133.86872,34.93275],[133.86918,34.9328],[133.8692,34.93377],[133.86899,34.93409],[133.86906,34.9348],[133.86859,34.93539],[133.86875,34.93673],[133.86899,34.93711],[133.8688,34.93748],[133.86888,34.93777],[133.87025,34.938],[133.87017,34.93863],[133.87068,34.9385],[133.8725,34.93897],[133.87355,34.94009],[133.87533,34.94081],[133.87606,34.94091],[133.87673,34.93973],[133.87806,34.93896],[133.87884,34.93798],[133.88012,34.9375],[133.88196,34.93601],[133.88214,34.9357],[133.88235,34.93467],[133.88229,34.93339],[133.88107,34.9253],[133.88057,34.92526],[133.87927,34.92561],[133.87899,34.92554],[133.87941,34.92285],[133.88009,34.92141],[133.88003,34.92093],[133.87894,34.9199],[133.87736,34.91929],[133.87639,34.91927],[133.87529,34.91948],[133.87452,34.91937],[133.87338,34.91791],[133.87303,34.917],[133.87305,34.91664],[133.87444,34.91412],[133.87633,34.91189],[133.87539,34.91189],[133.87457,34.91225],[133.87382,34.91207],[133.87341,34.91212],[133.87175,34.91406],[133.87148,34.91418],[133.87107,34.91409],[133.87104,34.91366],[133.87142,34.91239],[133.87112,34.91201],[133.87099,34.9112],[133.8712,34.91043],[133.87193,34.90914],[133.87172,34.90868],[133.87079,34.9086],[133.86997,34.9091],[133.86953,34.90916],[133.86844,34.90851],[133.86675,34.90848],[133.86493,34.90919],[133.86418,34.90933],[133.86248,34.91211],[133.86147,34.91269],[133.86151,34.91315],[133.86138,34.91334],[133.86052,34.91359],[133.86064,34.91411],[133.8611,34.9146],[133.86056,34.91507],[133.85977,34.91545],[133.85938,34.9148],[133.85901,34.91466],[133.85858,34.91479],[133.85803,34.91551],[133.85804,34.91575],[133.85777,34.91593],[133.85727,34.91594],[133.85603,34.91655],[133.85508,34.91644],[133.85433,34.91676],[133.85425,34.91636],[133.85401,34.91635],[133.85327,34.91694],[133.8525,34.91716],[133.8523,34.91748],[133.85254,34.91779],[133.85243,34.918],[133.8515,34.91872],[133.85133,34.91934],[133.85149,34.91978],[133.85197,34.92004],[133.85287,34.92008],[133.85328,34.92029],[133.85316,34.92048],[133.85183,34.92084],[133.85168,34.92118],[133.85206,34.92188],[133.85053,34.92177],[133.8503,34.92189],[133.85026,34.92208],[133.85104,34.92296],[133.85132,34.92313],[133.85214,34.9232],[133.85297,34.92368],[133.85318,34.92408],[133.85393,34.92439],[133.85402,34.92495],[133.85426,34.92519],[133.85625,34.92511],[133.85709,34.92458],[133.85774,34.92387],[133.85923,34.92395],[133.85875,34.92484],[133.85881,34.92553],[133.85763,34.92615],[133.85752,34.92672],[133.85805,34.92706],[133.86015,34.9272],[133.86091,34.92755],[133.85939,34.92814],[133.85886,34.92854],[133.85662,34.92907],[133.85616,34.92938],[133.85553,34.92919],[133.8549,34.92954],[133.85434,34.92946],[133.85343,34.92993],[133.85261,34.92984],[133.85221,34.93137],[133.85162,34.93258],[133.85025,34.93426],[133.85219,34.93619],[133.85286,34.93912],[133.85268,34.93956],[133.85231,34.9399],[133.85167,34.94027],[133.85101,34.94104],[133.8498,34.94196],[133.84918,34.94295],[133.85099,34.94331],[133.85201,34.94375],[133.85217,34.94395],[133.85245,34.94535],[133.85436,34.94518],[133.85526,34.9445]]]},"properties":{"key":"331013050","name":"建部町和田南","pref":"岡山県","prefCode":"33","municipality":"岡山市北区","areaM2":7297400.257,"population":42,"toponymIds":["33-a73332b75a"]}},{"type":"Feature","geometry":{"type":"Polygon","coordinates":[[[133.97024,34.76689],[133.97025,34.76481],[133.97003,34.76351],[133.96968,34.76272],[133.96893,34.76199],[133.96568,34.76047],[133.96012,34.75841],[133.95924,34.75786],[133.95918,34.75737],[133.95937,34.75677],[133.95752,34.75619],[133.95691,34.75578],[133.95569,34.75531],[133.95496,34.75541],[133.95432,34.7552],[133.95328,34.75528],[133.95219,34.75505],[133.95147,34.75732],[133.95122,34.75889],[133.95272,34.76168],[133.95272,34.76224],[133.95187,34.76387],[133.95217,34.76472],[133.95272,34.76548],[133.9526,34.76576],[133.95269,34.76617],[133.95337,34.76638],[133.95403,34.76691],[133.9541,34.76732],[133.95491,34.76736],[133.95742,34.76806],[133.95823,34.76688],[133.95919,34.76662],[133.9599,34.7698],[133.96281,34.77023],[133.96592,34.77097],[133.96776,34.77098],[133.96849,34.77067],[133.96924,34.76992],[133.97012,34.76782],[133.97024,34.76689]]]},"properties":{"key":"331010830","name":"中牧","pref":"岡山県","prefCode":"33","municipality":"岡山市北区","areaM2":1950376.336,"population":125,"toponymIds":["33-df122bb959"]}},{"type":"Feature","geometry":{"type":"Polygon","coordinates":[[[133.83876,34.76395],[133.84018,34.76368],[133.84059,34.76274],[133.84047,34.76184],[133.84034,34.76139],[133.83995,34.76108],[133.83971,34.76061],[133.83887,34.75993],[133.83868,34.76012],[133.83842,34.76008],[133.83834,34.76032],[133.83763,34.76021],[133.83711,34.75979],[133.83691,34.75835],[133.83697,34.75775],[133.83721,34.75726],[133.83706,34.75707],[133.83719,34.75637],[133.83651,34.75653],[133.83601,34.75597],[133.83628,34.75432],[133.836,34.75411],[133.83655,34.75248],[133.83605,34.75221],[133.83629,34.75153],[133.83619,34.751],[133.8354,34.74985],[133.83563,34.74902],[133.83626,34.74854],[133.83578,34.74758],[133.83626,34.7463],[133.83534,34.74554],[133.83311,34.74532],[133.83137,34.74399],[133.83004,34.74374],[133.82889,34.74204],[133.82886,34.74027],[133.82858,34.73995],[133.82821,34.74006],[133.82748,34.74131],[133.82681,34.74146],[133.82602,34.74232],[133.82536,34.74261],[133.825,34.74308],[133.82459,34.74322],[133.82508,34.74411],[133.82359,34.74654],[133.82053,34.74838],[133.82046,34.74901],[133.8207,34.74936],[133.82053,34.74948],[133.81952,34.74939],[133.82008,34.75009],[133.82059,34.75041],[133.82173,34.75038],[133.8224,34.75197],[133.82406,34.75303],[133.82524,34.75335],[133.8268,34.75402],[133.82721,34.7545],[133.82883,34.75406],[133.82982,34.75432],[133.83021,34.75459],[133.83036,34.75517],[133.82999,34.75775],[133.8297,34.75813],[133.82916,34.75827],[133.82972,34.75873],[133.83036,34.7587],[133.83062,34.75894],[133.83116,34.75884],[133.83117,34.75919],[133.83137,34.75947],[133.83318,34.75972],[133.83261,34.76067],[133.83292,34.76106],[133.83285,34.76137],[133.83325,34.76172],[133.83349,34.76319],[133.83482,34.76352],[133.83465,34.76401],[133.83484,34.76464],[133.83526,34.7652],[133.83559,34.76524],[133.83596,34.76483],[133.83666,34.76484],[133.83703,34.7651],[133.83731,34.76508],[133.83876,34.76395]]]},"properties":{"key":"331012520","name":"杉谷","pref":"岡山県","prefCode":"33","municipality":"岡山市北区","areaM2":2102103.0,"population":66,"toponymIds":["33-b4723c94d6"]}},{"type":"Feature","geometry":{"type":"Polygon","coordinates":[[[133.85356,34.72843],[133.85435,34.72805],[133.85563,34.72806],[133.85726,34.72739],[133.85802,34.72642],[133.8582,34.72601],[133.85798,34.72583],[133.85845,34.72566],[133.85852,34.72531],[133.8592,34.7244],[133.85868,34.72175],[133.85826,34.72164],[133.85801,34.72116],[133.85734,34.72085],[133.85697,34.72018],[133.85694,34.71995],[133.85741,34.71911],[133.85741,34.71835],[133.85708,34.71766],[133.85619,34.71679],[133.85619,34.71595],[133.85592,34.71585],[133.85573,34.71536],[133.85556,34.71353],[133.85587,34.71276],[133.85696,34.71142],[133.85622,34.71106],[133.85632,34.71034],[133.8558,34.71006],[133.85698,34.70744],[133.85705,34.70693],[133.8581,34.70568],[133.85801,34.70546],[133.85866,34.7049],[133.85913,34.70373],[133.85973,34.70312],[133.85845,34.70005],[133.85748,34.6994],[133.85813,34.69858],[133.85831,34.69791],[133.8581,34.69759],[133.85727,34.69715],[133.85734,34.69673],[133.85635,34.69624],[133.85535,34.69607],[133.85501,34.69619],[133.85492,34.69682],[133.85453,34.6968],[133.85424,34.69698],[133.85334,34.69807],[133.85244,34.69877],[133.85234,34.70152],[133.85173,34.70224],[133.85141,34.7032],[133.8512,34.70345],[133.85069,34.70359],[133.85032,34.70518],[133.8487,34.70529],[133.84794,34.70571],[133.84901,34.706],[133.85025,34.70747],[133.8517,34.70876],[133.85152,34.70934],[133.85169,34.71022],[133.85116,34.71091],[133.85116,34.71139],[133.85177,34.71275],[133.85079,34.71359],[133.85029,34.71479],[133.85073,34.71545],[133.85095,34.71688],[133.85072,34.71813],[133.85075,34.71926],[133.8515,34.7208],[133.85141,34.72128],[133.85216,34.72194],[133.85242,34.72249],[133.8533,34.72341],[133.85348,34.72392],[133.85387,34.72422],[133.85396,34.72447],[133.85369,34.72561],[133.85338,34.72594],[133.85305,34.72798],[133.85305,34.72872],[133.85356,34.72843]]]},"properties":{"key":"331011970","name":"福谷","pref":"岡山県","prefCode":"33","municipality":"岡山市北区","areaM2":1877592.038,"population":127,"toponymIds":["33-2b548d47a4"]}},{"type":"Feature","geometry":{"type":"Polygon","coordinates":[[[133.89548,34.72143],[133.89587,34.72124],[133.8964,34.72068],[133.89656,34.72027],[133.89648,34.71983],[133.8967,34.7194],[133.8972,34.71901],[133.89781,34.71798],[133.89949,34.71735],[133.90127,34.71747],[133.90211,34.7178],[133.90232,34.7193],[133.9041,34.71955],[133.90477,34.71766],[133.90561,34.71776],[133.90594,34.71806],[133.90623,34.7181],[133.90608,34.71664],[133.9053,34.71563],[133.90518,34.7144],[133.90423,34.71242],[133.90426,34.71163],[133.90387,34.70968],[133.90376,34.70796],[133.90341,34.7073],[133.90216,34.70688],[133.89985,34.70644],[133.89924,34.70621],[133.89875,34.70574],[133.89831,34.70655],[133.89758,34.70649],[133.89731,34.7068],[133.89754,34.70878],[133.89683,34.70852],[133.89674,34.7088],[133.89607,34.70853],[133.89599,34.70866],[133.895,34.70827],[133.89493,34.70844],[133.89465,34.70826],[133.89411,34.70831],[133.89407,34.7085],[133.89245,34.70824],[133.89168,34.70829],[133.89034,34.70797],[133.88997,34.70767],[133.88896,34.70774],[133.88843,34.7075],[133.88809,34.70773],[133.88794,34.70842],[133.88754,34.7086],[133.88696,34.70839],[133.88661,34.70892],[133.88581,34.7128],[133.88655,34.71312],[133.88695,34.71383],[133.88831,34.71457],[133.88813,34.71489],[133.88816,34.71533],[133.88771,34.71552],[133.88734,34.71598],[133.88784,34.71699],[133.88748,34.71811],[133.88802,34.71931],[133.88883,34.72033],[133.88913,34.72111],[133.89025,34.72159],[133.89123,34.72135],[133.89353,34.72193],[133.89548,34.72143]]]},"properties":{"key":"331011910","name":"田益","pref":"岡山県","prefCode":"33","municipality":"岡山市北区","areaM2":2180488.403,"population":1640,"toponymIds":["33-750fc5d000"]}},{"type":"Feature","geometry":{"type":"Polygon","coordinates":[[[133.92288,34.72341],[133.92538,34.72321],[133.92651,34.72256],[133.92716,34.72177],[133.92721,34.72106],[133.92702,34.72089],[133.92699,34.72054],[133.92726,34.72009],[133.92688,34.71949],[133.92761,34.71721],[133.92712,34.71612],[133.92699,34.71523],[133.9271,34.71482],[133.92693,34.71453],[133.9251,34.7144],[133.92335,34.71325],[133.92279,34.71263],[133.92074,34.71192],[133.91904,34.71093],[133.91926,34.70863],[133.91991,34.70708],[133.91913,34.7029],[133.91813,34.70288],[133.91763,34.70308],[133.91704,34.7036],[133.915,34.70316],[133.9133,34.7031],[133.91176,34.7023],[133.91147,34.70277],[133.91076,34.70291],[133.90962,34.7025],[133.90771,34.70109],[133.90646,34.70111],[133.90473,34.70003],[133.90387,34.69997],[133.90391,34.69972],[133.90244,34.69948],[133.9002,34.70516],[133.90144,34.70616],[133.90183,34.70681],[133.9031,34.70714],[133.90366,34.70765],[133.90426,34.71163],[133.90423,34.71242],[133.90518,34.7144],[133.9053,34.71563],[133.90608,34.71664],[133.90623,34.7181],[133.90892,34.71847],[133.9101,34.71936],[133.9125,34.71952],[133.91312,34.71983],[133.91359,34.7203],[133.91464,34.72025],[133.91554,34.72087],[133.91629,34.72087],[133.91722,34.72052],[133.91759,34.72061],[133.91839,34.7204],[133.91942,34.7208],[133.91986,34.72169],[133.92136,34.72223],[133.92288,34.72341]]]},"properties":{"key":"331011900","name":"横井上","pref":"岡山県","prefCode":"33","municipality":"岡山市北区","areaM2":3574514.95,"population":4953,"toponymIds":["33-703e371a17"]}},{"type":"Feature","geometry":{"type":"Polygon","coordinates":[[[133.92693,34.71453],[133.92718,34.7132],[133.92698,34.71216],[133.92723,34.71146],[133.92853,34.7096],[133.92943,34.70884],[133.93078,34.70818],[133.93191,34.7084],[133.93226,34.70789],[133.93266,34.70781],[133.93415,34.70821],[133.9352,34.70827],[133.93599,34.70729],[133.93703,34.70769],[133.93862,34.70765],[133.94021,34.70525],[133.94091,34.7052],[133.94114,34.70509],[133.94115,34.70485],[133.94131,34.70484],[133.94106,34.70402],[133.94164,34.7039],[133.94174,34.70369],[133.94203,34.70372],[133.94232,34.70343],[133.94295,34.70188],[133.94276,34.70109],[133.94562,34.70034],[133.94427,34.69632],[133.94326,34.69384],[133.94222,34.69401],[133.94064,34.69363],[133.9394,34.6954],[133.93929,34.69597],[133.94003,34.69714],[133.93994,34.69749],[133.93857,34.69891],[133.9379,34.69927],[133.94029,34.70097],[133.9405,34.70192],[133.93929,34.70234],[133.93931,34.70252],[133.93839,34.70248],[133.93825,34.70263],[133.93811,34.70248],[133.93816,34.70216],[133.9376,34.70203],[133.93739,34.7014],[133.93625,34.70151],[133.93615,34.70138],[133.93658,34.70062],[133.93613,34.70001],[133.93542,34.69947],[133.93589,34.69889],[133.93586,34.69856],[133.93512,34.69822],[133.93399,34.69839],[133.93346,34.69808],[133.93249,34.69711],[133.93201,34.69729],[133.93062,34.699],[133.92909,34.69826],[133.92631,34.69775],[133.92565,34.69728],[133.92484,34.69747],[133.92417,34.69785],[133.92311,34.69766],[133.92192,34.69786],[133.92131,34.69772],[133.91983,34.69845],[133.91955,34.69924],[133.91981,34.70136],[133.91931,34.70223],[133.91913,34.7029],[133.91991,34.70708],[133.91926,34.70863],[133.91904,34.71093],[133.92074,34.71192],[133.92279,34.71263],[133.92335,34.71325],[133.9251,34.7144],[133.92693,34.71453]]]},"properties":{"key":"331010780","name":"宿","pref":"岡山県","prefCode":"33","municipality":"岡山市北区","areaM2":2810173.285,"population":1001,"toponymIds":["33-de71b20a7e"]}},{"type":"Feature","geometry":{"type":"Polygon","coordinates":[[[133.9603,34.75538],[133.96156,34.75314],[133.96143,34.75058],[133.96085,34.74687],[133.96086,34.74529],[133.96134,34.74271],[133.96207,34.74051],[133.96297,34.73945],[133.9633,34.73869],[133.9633,34.73574],[133.96224,34.73325],[133.9574,34.72798],[133.9571,34.72699],[133.95727,34.72615],[133.95646,34.72596],[133.95585,34.72561],[133.95423,34.72396],[133.95277,34.72491],[133.95157,34.7261],[133.95139,34.72742],[133.95058,34.72912],[133.95058,34.73011],[133.94984,34.73169],[133.94999,34.73208],[133.95056,34.73265],[133.9511,34.73463],[133.95145,34.73495],[133.95235,34.7353],[133.95244,34.7367],[133.95268,34.73727],[133.95381,34.73809],[133.95252,34.73926],[133.94948,34.74027],[133.94813,34.74045],[133.94792,34.74105],[133.94805,34.7411],[133.94797,34.74143],[133.94723,34.74208],[133.94708,34.7424],[133.94715,34.74284],[133.94763,34.74352],[133.94761,34.74389],[133.94789,34.74413],[133.94758,34.74483],[133.94761,34.74525],[133.94635,34.74581],[133.94619,34.74556],[133.946,34.74562],[133.94543,34.74616],[133.94362,34.74662],[133.94229,34.74742],[133.94261,34.74941],[133.94387,34.75008],[133.94412,34.75054],[133.94447,34.75212],[133.94459,34.75227],[133.94553,34.75256],[133.94587,34.75332],[133.94626,34.75372],[133.94761,34.75353],[133.94829,34.75369],[133.94957,34.75438],[133.95143,34.75473],[133.95305,34.75525],[133.95432,34.7552],[133.95496,34.75541],[133.95569,34.75531],[133.95691,34.75578],[133.95752,34.75619],[133.95937,34.75677],[133.9603,34.75538]]]},"properties":{"key":"331010840","name":"下牧","pref":"岡山県","prefCode":"33","municipality":"岡山市北区","areaM2":3818808.685,"population":155,"toponymIds":["33-7d74bfcfe6"]}},{"type":"Feature","geometry":{"type":"Polygon","coordinates":[[[133.99527,34.71322],[133.99559,34.71278],[133.99537,34.71157],[133.99636,34.71092],[133.99607,34.70995],[133.99722,34.70914],[133.99725,34.70869],[133.99681,34.70759],[133.99701,34.7067],[133.99669,34.70591],[133.99593,34.70565],[133.99562,34.70536],[133.99526,34.70461],[133.99287,34.70411],[133.993,34.70331],[133.99198,34.70328],[133.9927,34.70123],[133.99246,34.69989],[133.99229,34.69962],[133.99159,34.69958],[133.99144,34.69883],[133.99057,34.69842],[133.99071,34.69664],[133.99094,34.69654],[133.99065,34.69641],[133.99058,34.69664],[133.98991,34.69699],[133.98912,34.69702],[133.9891,34.69735],[133.98796,34.69741],[133.98741,34.69923],[133.98688,34.69947],[133.9871,34.70118],[133.98628,34.70223],[133.98627,34.70398],[133.98507,34.70421],[133.98476,34.70441],[133.98452,34.70492],[133.98456,34.70663],[133.98594,34.70765],[133.9839,34.70767],[133.98392,34.70791],[133.98623,34.71081],[133.98655,34.71202],[133.98631,34.71281],[133.98597,34.71317],[133.98731,34.71305],[133.98896,34.71347],[133.99003,34.71433],[133.99018,34.71569],[133.99064,34.71613],[133.99139,34.71644],[133.9936,34.71655],[133.99383,34.71594],[133.99504,34.71561],[133.99578,34.71462],[133.99511,34.7137],[133.99527,34.71322]]]},"properties":{"key":"331030020","name":"矢津","pref":"岡山県","prefCode":"33","municipality":"岡山市東区","areaM2":1531943.319,"population":244,"toponymIds":["33-6bf566918a"]}},{"type":"Feature","geometry":{"type":"Polygon","coordinates":[[[133.77437,34.70798],[133.77535,34.70758],[133.77552,34.70738],[133.77469,34.70662],[133.77474,34.70598],[133.77452,34.70578],[133.77431,34.70477],[133.77439,34.70404],[133.77367,34.70249],[133.77358,34.70184],[133.77375,34.70145],[133.77359,34.70049],[133.77161,34.69954],[133.77017,34.69911],[133.76973,34.69837],[133.76824,34.69855],[133.76665,34.6995],[133.76684,34.69979],[133.7656,34.70065],[133.76439,34.70079],[133.76362,34.70151],[133.76236,34.70193],[133.76105,34.70285],[133.7607,34.70287],[133.76043,34.70307],[133.75954,34.70451],[133.75878,34.70464],[133.75812,34.70506],[133.75764,34.70555],[133.75746,34.706],[133.75657,34.70662],[133.75832,34.70829],[133.7588,34.71009],[133.76038,34.71088],[133.76115,34.71158],[133.76196,34.71174],[133.76232,34.71235],[133.76232,34.7128],[133.76362,34.7145],[133.76406,34.71552],[133.76448,34.71509],[133.76579,34.71485],[133.7665,34.71434],[133.76729,34.71443],[133.76845,34.71368],[133.76883,34.71312],[133.76889,34.71239],[133.77063,34.71005],[133.77295,34.70931],[133.77376,34.70826],[133.77437,34.70798]]]},"properties":{"key":"33208032001","name":"久米","pref":"岡山県","prefCode":"33","municipality":"総社市","areaM2":1835110.132,"population":134,"toponymIds":["33-b33790d568"]}},{"type":"Feature","geometry":{"type":"Polygon","coordinates":[[[133.77699,34.6949],[133.77737,34.69499],[133.7792,34.69223],[133.7787,34.69214],[133.7783,34.69229],[133.77728,34.692],[133.77678,34.69169],[133.77855,34.68914],[133.77408,34.68735],[133.7733,34.68674],[133.77237,34.6864],[133.77177,34.68729],[133.77114,34.6889],[133.77039,34.6896],[133.77018,34.68945],[133.76921,34.6901],[133.76929,34.69135],[133.76918,34.69171],[133.76819,34.69234],[133.77141,34.69385],[133.77085,34.69479],[133.77185,34.69519],[133.77245,34.69436],[133.77664,34.69621],[133.77722,34.69532],[133.77689,34.69511],[133.77699,34.6949]]]},"properties":{"key":"33208026001","name":"北溝手","pref":"岡山県","prefCode":"33","municipality":"総社市","areaM2":600087.58,"population":583,"toponymIds":["33-1b81d7241a"]}},{"type":"Feature","geometry":{"type":"Polygon","coordinates":[[[133.83819,34.6722],[133.83868,34.6713],[133.83838,34.67118],[133.83847,34.671],[133.83829,34.67093],[133.83831,34.67064],[133.83847,34.67064],[133.83833,34.67037],[133.83853,34.67028],[133.83941,34.66796],[133.8369,34.66745],[133.83551,34.66697],[133.83582,34.66596],[133.83393,34.66545],[133.83436,34.6645],[133.83328,34.66301],[133.83208,34.66336],[133.83135,34.66412],[133.83093,34.66409],[133.82941,34.66495],[133.82896,34.66471],[133.82627,34.66628],[133.82581,34.66638],[133.82578,34.66726],[133.82495,34.66947],[133.82511,34.66954],[133.83798,34.67285],[133.83819,34.6722]]]},"properties":{"key":"331012290","name":"惣爪","pref":"岡山県","prefCode":"33","municipality":"岡山市北区","areaM2":790927.948,"population":700,"toponymIds":["33-55bf917978"]}},{"type":"Feature","geometry":{"type":"Polygon","coordinates":[[[133.84556,34.68498],[133.84498,34.68407],[133.84504,34.68366],[133.84614,34.6831],[133.84644,34.68279],[133.84689,34.68169],[133.84823,34.68112],[133.84942,34.67963],[133.8504,34.67877],[133.85069,34.67807],[133.85059,34.67786],[133.85071,34.67758],[133.85278,34.67485],[133.85318,34.67516],[133.85414,34.67424],[133.8546,34.6742],[133.85453,34.67406],[133.8542,34.67405],[133.85421,34.67382],[133.85468,34.67324],[133.85555,34.67288],[133.85592,34.67251],[133.85604,34.67029],[133.85447,34.66865],[133.85435,34.66782],[133.85499,34.66562],[133.85561,34.66518],[133.8542,34.66518],[133.85451,34.66454],[133.854,34.66449],[133.85218,34.6636],[133.85165,34.66441],[133.8506,34.66536],[133.85008,34.66561],[133.84973,34.66609],[133.84743,34.66616],[133.84649,34.66483],[133.8441,34.6643],[133.84391,34.66372],[133.84355,34.6636],[133.84363,34.6627],[133.84343,34.66239],[133.84355,34.66207],[133.84325,34.66157],[133.84279,34.66141],[133.84278,34.66188],[133.84212,34.66228],[133.8409,34.66213],[133.84025,34.66185],[133.83807,34.66142],[133.83702,34.66102],[133.83576,34.66118],[133.83496,34.662],[133.83394,34.6625],[133.83339,34.66255],[133.83328,34.66301],[133.83436,34.6645],[133.83393,34.66545],[133.83582,34.66596],[133.83551,34.66697],[133.8358,34.66715],[133.83941,34.66796],[133.83853,34.67028],[133.83833,34.67037],[133.83847,34.67064],[133.83831,34.67064],[133.83829,34.67093],[133.83847,34.671],[133.83838,34.67118],[133.83868,34.6713],[133.83782,34.67311],[133.83709,34.67348],[133.83675,34.67493],[133.8368,34.67585],[133.83659,34.67598],[133.83661,34.67615],[133.83614,34.6762],[133.83584,34.67663],[133.83617,34.67691],[133.836,34.67736],[133.83682,34.67902],[133.83687,34.67964],[133.83865,34.68071],[133.83868,34.68184],[133.83895,34.68289],[133.83953,34.68381],[133.84025,34.68457],[133.84123,34.68495],[133.84252,34.68483],[133.84354,34.68507],[133.84433,34.68565],[133.84493,34.68644],[133.84535,34.68624],[133.84556,34.68498]]]},"properties":{"key":"331012240","name":"吉備津","pref":"岡山県","prefCode":"33","municipality":"岡山市北区","areaM2":3256967.212,"population":3216,"toponymIds":["33-fc7ca33863"]}},{"type":"Feature","geometry":{"type":"Polygon","coordinates":[[[133.62076,35.27546],[133.62119,35.2744],[133.62271,35.27188],[133.62314,35.27088],[133.62356,35.26868],[133.62359,35.26775],[133.62325,35.26522],[133.62186,35.25945],[133.6219,35.2576],[133.6224,35.25608],[133.62327,35.25506],[133.62493,35.25388],[133.62669,35.25374],[133.62859,35.25435],[133.62995,35.25493],[133.63311,35.25678],[133.63356,35.2569],[133.63443,35.25696],[133.63834,35.25629],[133.63977,35.25656],[133.64065,35.25696],[133.64307,35.25883],[133.64463,35.26095],[133.64611,35.26512],[133.64897,35.27125],[133.65146,35.2711],[133.6538,35.27009],[133.65605,35.26822],[133.66037,35.26233],[133.65537,35.25653],[133.65465,35.25734],[133.65413,35.25741],[133.65343,35.25787],[133.65192,35.25804],[133.65137,35.2587],[133.651,35.2588],[133.64985,35.25766],[133.64861,35.25749],[133.64759,35.25608],[133.64694,35.25579],[133.64549,35.25585],[133.64454,35.25521],[133.64388,35.2537],[133.64323,35.25309],[133.64267,35.25283],[133.64284,35.25206],[133.6434,35.25165],[133.64348,35.25094],[133.64335,35.25052],[133.64024,35.24766],[133.63647,35.24822],[133.63502,35.24863],[133.63323,35.24834],[133.62989,35.24733],[133.62774,35.24817],[133.62636,35.24758],[133.62301,35.2482],[133.62239,35.24809],[133.62153,35.24766],[133.62062,35.24764],[133.62002,35.24826],[133.61832,35.24851],[133.61804,35.24937],[133.61769,35.24966],[133.61547,35.24932],[133.61503,35.24965],[133.61422,35.24955],[133.61494,35.25662],[133.61485,35.25818],[133.61455,35.25902],[133.61459,35.26033],[133.61408,35.26241],[133.61461,35.26555],[133.6146,35.2672],[133.61433,35.26844],[133.61425,35.27256],[133.61673,35.27321],[133.618,35.27373],[133.61848,35.27403],[133.61909,35.27493],[133.62076,35.27546]]]},"properties":{"key":"33214118001","name":"蒜山西茅部","pref":"岡山県","prefCode":"33","municipality":"真庭市","areaM2":5360919.648,"population":0,"toponymIds":["33-e5bb9f82ef","33-cf6bc2996a"]}},{"type":"Feature","geometry":{"type":"Polygon","coordinates":[[[133.5523,35.09068],[133.55435,35.0883],[133.55471,35.08714],[133.55476,35.08588],[133.55421,35.0848],[133.55235,35.08356],[133.54981,35.08219],[133.54915,35.08119],[133.54903,35.08014],[133.54939,35.07951],[133.55049,35.07932],[133.55131,35.07869],[133.55086,35.07864],[133.54979,35.07799],[133.55002,35.07768],[133.55078,35.07721],[133.55015,35.07685],[133.54864,35.07651],[133.54733,35.07576],[133.54311,35.07198],[133.54045,35.07111],[133.53887,35.07014],[133.53905,35.07093],[133.53888,35.07177],[133.53739,35.07313],[133.53643,35.07355],[133.5372,35.07561],[133.53766,35.07741],[133.53868,35.07874],[133.53911,35.07959],[133.53908,35.08044],[133.53888,35.08091],[133.53814,35.0815],[133.53751,35.08175],[133.53674,35.08254],[133.53498,35.08379],[133.53449,35.08454],[133.5323,35.08648],[133.52722,35.08799],[133.52569,35.0887],[133.52253,35.08855],[133.52155,35.08925],[133.52199,35.09021],[133.52572,35.09452],[133.52865,35.09674],[133.52973,35.09727],[133.53196,35.09755],[133.53693,35.09717],[133.53956,35.09721],[133.54258,35.09868],[133.547,35.10131],[133.54876,35.10208],[133.55151,35.10184],[133.5556,35.10309],[133.55598,35.1022],[133.55616,35.10145],[133.55608,35.10103],[133.55528,35.10005],[133.55208,35.09748],[133.55077,35.09612],[133.54992,35.09388],[133.5499,35.09252],[133.55017,35.09214],[133.5523,35.09068]]]},"properties":{"key":"33210928000","name":"大佐小阪部","pref":"岡山県","prefCode":"33","municipality":"新見市","areaM2":5282285.474,"population":1,"toponymIds":["33-1289f7f7b3"]}},{"type":"Feature","geometry":{"type":"Polygon","coordinates":[[[133.48666,35.05275],[133.48756,35.05131],[133.48841,35.05088],[133.49025,35.05106],[133.4915,35.05185],[133.49296,35.05215],[133.4934,35.0524],[133.49406,35.05239],[133.49457,35.05205],[133.49525,35.05202],[133.49574,35.05135],[133.49612,35.05],[133.49653,35.04957],[133.49768,35.04899],[133.4982,35.04755],[133.49936,35.04584],[133.49954,35.04262],[133.4997,35.04227],[133.50136,35.04221],[133.50219,35.0416],[133.50313,35.04142],[133.50361,35.04074],[133.50657,35.04043],[133.50744,35.04092],[133.50804,35.04105],[133.51026,35.04092],[133.51056,35.04072],[133.51174,35.04056],[133.51239,35.04141],[133.51277,35.04258],[133.51303,35.04293],[133.51454,35.04414],[133.51489,35.04465],[133.51567,35.04424],[133.51721,35.04397],[133.51756,35.04359],[133.51765,35.04308],[133.52004,35.04402],[133.52244,35.04427],[133.52739,35.04541],[133.52866,35.0459],[133.52917,35.04619],[133.52988,35.04713],[133.53045,35.05005],[133.53081,35.05103],[133.5314,35.05147],[133.53249,35.05185],[133.53381,35.05186],[133.53438,35.05095],[133.53503,35.0483],[133.53757,35.04511],[133.53781,35.04402],[133.53895,35.04166],[133.53907,35.04073],[133.53841,35.03991],[133.53798,35.03885],[133.53821,35.0377],[133.53883,35.03716],[133.53833,35.03685],[133.53909,35.03628],[133.53954,35.03504],[133.54021,35.03449],[133.54031,35.0342],[133.54019,35.03065],[133.53971,35.02843],[133.53978,35.02791],[133.53907,35.02653],[133.5384,35.02455],[133.53727,35.02345],[133.53626,35.02304],[133.53469,35.02181],[133.53422,35.02157],[133.5331,35.02152],[133.53201,35.0198],[133.53155,35.01839],[133.53126,35.01812],[133.52996,35.01754],[133.52968,35.01706],[133.53,35.01656],[133.53062,35.01615],[133.53129,35.01596],[133.53198,35.01613],[133.53309,35.016],[133.53414,35.01522],[133.5346,35.01469],[133.53606,35.01441],[133.53729,35.01398],[133.53854,35.01328],[133.53884,35.01268],[133.53951,35.01221],[133.53946,35.01148],[133.53906,35.01105],[133.53862,35.00978],[133.53893,35.00914],[133.53966,35.00842],[133.53951,35.00739],[133.54034,35.00724],[133.54012,35.00637],[133.54024,35.00597],[133.54177,35.00601],[133.54287,35.00579],[133.54336,35.0049],[133.54477,35.00393],[133.54569,35.00372],[133.54607,35.00298],[133.54713,35.00261],[133.54744,35.00211],[133.54745,35.00115],[133.54817,35.00049],[133.54864,34.99943],[133.55016,34.99835],[133.55046,34.99766],[133.55043,34.99718],[133.54975,34.99663],[133.54916,34.99578],[133.54662,34.99481],[133.54646,34.99462],[133.54716,34.99343],[133.54702,34.99204],[133.54715,34.99118],[133.54778,34.99031],[133.54848,34.98996],[133.55145,34.98714],[133.54947,34.98465],[133.54784,34.98309],[133.54689,34.98234],[133.54475,34.98108],[133.5431,34.98052],[133.54146,34.98031],[133.53894,34.98059],[133.53748,34.98053],[133.53674,34.98011],[133.53618,34.97901],[133.53569,34.97877],[133.53514,34.97881],[133.53338,34.97981],[133.53036,34.98078],[133.52884,34.981],[133.52842,34.98088],[133.52693,34.97976],[133.52213,34.978],[133.52043,34.97833],[133.51994,34.9799],[133.51906,34.98055],[133.51847,34.98129],[133.51796,34.98158],[133.517,34.9833],[133.51624,34.98518],[133.51603,34.986],[133.51595,34.98734],[133.51621,34.98779],[133.51668,34.98801],[133.52173,34.98913],[133.52218,34.98955],[133.52218,34.99021],[133.5221,34.99099],[133.52155,34.99141],[133.5209,34.99141],[133.51934,34.99071],[133.51869,34.99072],[133.51721,34.99218],[133.51541,34.99251],[133.51254,34.98953],[133.51142,34.98891],[133.5104,34.98882],[133.50935,34.98971],[133.50738,34.99015],[133.50656,34.99099],[133.50406,34.99111],[133.50319,34.99187],[133.50221,34.99227],[133.4971,34.99354],[133.49589,34.99443],[133.49537,34.9951],[133.49518,34.99542],[133.49512,34.99628],[133.49288,34.9961],[133.49135,34.99624],[133.48976,34.99675],[133.49029,34.9969],[133.49065,34.99722],[133.49114,34.99896],[133.49407,34.99876],[133.49458,34.9989],[133.49509,34.99927],[133.49572,35.00052],[133.49617,35.00272],[133.49654,35.00347],[133.49792,35.00464],[133.49901,35.00531],[133.49782,35.00664],[133.49765,35.00701],[133.49754,35.00776],[133.49786,35.00859],[133.49771,35.00873],[133.50114,35.01085],[133.50562,35.01274],[133.50617,35.01312],[133.50668,35.01377],[133.50662,35.01412],[133.50549,35.01531],[133.50523,35.01593],[133.50419,35.01669],[133.50421,35.01779],[133.50377,35.01849],[133.5041,35.01921],[133.50487,35.01981],[133.50467,35.02089],[133.50494,35.02221],[133.50485,35.02277],[133.50423,35.02339],[133.50191,35.0246],[133.50197,35.02473],[133.4996,35.0258],[133.49885,35.02637],[133.49835,35.02726],[133.49768,35.02757],[133.49345,35.02838],[133.49359,35.02697],[133.49317,35.02667],[133.49298,35.02632],[133.49319,35.02581],[133.49318,35.02526],[133.4942,35.02412],[133.49412,35.02378],[133.49361,35.02307],[133.49053,35.02286],[133.48855,35.02228],[133.48699,35.02162],[133.48651,35.02071],[133.48624,35.02054],[133.48529,35.02042],[133.48443,35.02052],[133.48439,35.02064],[133.48494,35.02116],[133.48579,35.02181],[133.4859,35.02226],[133.4858,35.02245],[133.48422,35.02319],[133.4836,35.02402],[133.48276,35.02833],[133.48212,35.03072],[133.48089,35.03375],[133.47991,35.03487],[133.47889,35.03555],[133.47555,35.03666],[133.47389,35.03845],[133.47421,35.03926],[133.47445,35.04076],[133.47441,35.04168],[133.47535,35.04196],[133.47549,35.04235],[133.47442,35.04394],[133.47367,35.0458],[133.47312,35.04634],[133.47285,35.04726],[133.47615,35.04786],[133.47823,35.04937],[133.48087,35.04907],[133.48131,35.04928],[133.48285,35.0506],[133.48409,35.05231],[133.48666,35.05275]]]},"properties":{"key":"332106160","name":"上熊谷","pref":"岡山県","prefCode":"33","municipality":"新見市","areaM2":31086247.539,"population":671,"toponymIds":["33-a959948a06","33-dd878ff147"]}},{"type":"Feature","geometry":{"type":"Polygon","coordinates":[[[133.57607,35.01292],[133.57611,35.01276],[133.57756,35.01301],[133.57932,35.01167],[133.58025,35.01184],[133.5807,35.01212],[133.58131,35.01187],[133.5823,35.01192],[133.58262,35.01143],[133.58272,35.01082],[133.58357,35.00982],[133.58451,35.00919],[133.58487,35.00836],[133.58578,35.00781],[133.58586,35.00733],[133.58607,35.00712],[133.587,35.00649],[133.5879,35.00667],[133.58861,35.00617],[133.58761,35.00547],[133.58715,35.00489],[133.58674,35.004],[133.58592,35.00311],[133.58548,35.0022],[133.58574,35.00125],[133.58518,35.00059],[133.58507,35.00013],[133.58455,34.99984],[133.58322,34.99982],[133.58275,34.99965],[133.58271,34.9995],[133.58287,34.99873],[133.58325,34.9982],[133.58388,34.99663],[133.58425,34.99645],[133.58482,34.99646],[133.58545,34.99603],[133.58673,34.99577],[133.58727,34.99494],[133.58763,34.99386],[133.58853,34.99298],[133.58909,34.99282],[133.59041,34.99283],[133.59037,34.99335],[133.59052,34.99359],[133.59188,34.99412],[133.59227,34.99482],[133.59248,34.997],[133.59374,34.99822],[133.59451,34.99991],[133.59755,35.00153],[133.59869,35.00123],[133.59956,35.00072],[133.5996,35.0001],[133.60014,34.99969],[133.60014,34.99932],[133.60144,34.99881],[133.60293,34.99741],[133.60386,34.99679],[133.60599,34.99621],[133.60673,34.99582],[133.60695,34.99522],[133.60813,34.99445],[133.6081,34.99263],[133.60887,34.99158],[133.60851,34.99095],[133.60854,34.99004],[133.60759,34.9891],[133.60689,34.9887],[133.6073,34.98853],[133.60685,34.98803],[133.60605,34.98813],[133.60261,34.98939],[133.60161,34.98953],[133.60094,34.98941],[133.60078,34.98898],[133.60105,34.98639],[133.6019,34.98565],[133.60302,34.98523],[133.60338,34.9844],[133.60259,34.98404],[133.60224,34.98347],[133.60147,34.98322],[133.60087,34.98278],[133.60004,34.98069],[133.59989,34.97898],[133.59946,34.97866],[133.59702,34.97773],[133.59535,34.97674],[133.59516,34.976],[133.59564,34.97439],[133.59554,34.9738],[133.59471,34.97334],[133.59226,34.97274],[133.59171,34.97246],[133.59023,34.96902],[133.59042,34.96731],[133.59025,34.9667],[133.58931,34.9654],[133.58817,34.96482],[133.58651,34.96465],[133.5848,34.96562],[133.58367,34.96594],[133.58258,34.96602],[133.58183,34.96629],[133.58097,34.96695],[133.57988,34.9668],[133.57939,34.96691],[133.57872,34.96843],[133.57779,34.96883],[133.57698,34.96831],[133.57671,34.96736],[133.57633,34.96708],[133.57531,34.96748],[133.57412,34.96767],[133.57019,34.96802],[133.56969,34.96837],[133.56864,34.9705],[133.56786,34.97141],[133.56765,34.97147],[133.56697,34.97113],[133.56657,34.97012],[133.5662,34.96997],[133.56263,34.96951],[133.56162,34.96952],[133.56058,34.9708],[133.55955,34.97132],[133.55929,34.97171],[133.55914,34.97302],[133.55894,34.97351],[133.55777,34.97477],[133.55647,34.97504],[133.555,34.97501],[133.55324,34.97548],[133.55122,34.97457],[133.55073,34.97452],[133.55026,34.97473],[133.54887,34.97727],[133.5483,34.97789],[133.54739,34.97836],[133.54657,34.97853],[133.54569,34.97945],[133.54475,34.98108],[133.54689,34.98234],[133.54784,34.98309],[133.54947,34.98465],[133.55145,34.98714],[133.55275,34.98729],[133.55383,34.9869],[133.55464,34.98622],[133.55573,34.98609],[133.55653,34.98622],[133.5568,34.98654],[133.55655,34.98877],[133.55677,34.98932],[133.55745,34.98975],[133.55818,34.98997],[133.56041,34.9897],[133.56085,34.99023],[133.56092,34.9911],[133.56121,34.9916],[133.56281,34.99215],[133.56334,34.99249],[133.56349,34.99318],[133.56295,34.99345],[133.56281,34.99399],[133.56285,34.99475],[133.56306,34.99511],[133.56352,34.99558],[133.5657,34.99643],[133.56602,34.99689],[133.5655,34.99738],[133.56319,34.99838],[133.56253,34.99888],[133.56206,34.99954],[133.56188,35.00018],[133.56216,35.00113],[133.56244,35.00137],[133.5632,35.00135],[133.56583,35.0006],[133.56765,35.00055],[133.56903,35.00079],[133.5704,35.00451],[133.57122,35.00524],[133.57326,35.00662],[133.57326,35.00683],[133.57168,35.0082],[133.57101,35.009],[133.57035,35.01085],[133.5702,35.01222],[133.57029,35.01288],[133.57065,35.01346],[133.57116,35.01374],[133.5737,35.01423],[133.57405,35.01369],[133.57607,35.01292]]]},"properties":{"key":"332105140","name":"豊永赤馬","pref":"岡山県","prefCode":"33","municipality":"新見市","areaM2":15866162.034,"population":197,"toponymIds":["33-b321757940"]}},{"type":"Feature","geometry":{"type":"Polygon","coordinates":[[[133.61286,34.9792],[133.61256,34.97896],[133.61174,34.97914],[133.61102,34.97904],[133.61018,34.97865],[133.60969,34.97814],[133.61081,34.97736],[133.61225,34.97702],[133.613,34.97634],[133.6144,34.97605],[133.61488,34.97553],[133.61559,34.97523],[133.61719,34.97384],[133.61882,34.97294],[133.61949,34.97128],[133.61808,34.96998],[133.618,34.96931],[133.61971,34.96561],[133.62104,34.96452],[133.62167,34.96301],[133.62187,34.96187],[133.62154,34.96155],[133.62065,34.9614],[133.61825,34.9616],[133.61509,34.96148],[133.61262,34.96094],[133.61136,34.96048],[133.60984,34.96042],[133.60747,34.95899],[133.60706,34.95854],[133.60699,34.95791],[133.60712,34.95767],[133.60795,34.95705],[133.60794,34.95654],[133.6074,34.95602],[133.60549,34.9548],[133.60442,34.95441],[133.60166,34.95463],[133.60124,34.95479],[133.60081,34.95581],[133.60012,34.95629],[133.60014,34.95711],[133.60048,34.95842],[133.59982,34.95904],[133.59905,34.9593],[133.59781,34.95908],[133.59669,34.95858],[133.59566,34.958],[133.59513,34.95742],[133.59419,34.95746],[133.5937,34.95768],[133.59324,34.95855],[133.59269,34.95864],[133.59159,34.95933],[133.58947,34.95946],[133.58796,34.95923],[133.58693,34.95873],[133.5854,34.95752],[133.58476,34.95646],[133.58411,34.95587],[133.58285,34.95528],[133.5803,34.95479],[133.57916,34.95486],[133.57856,34.95515],[133.57847,34.95567],[133.57889,34.95617],[133.57914,34.95693],[133.57901,34.95827],[133.57851,34.95889],[133.57722,34.95986],[133.57464,34.95796],[133.57439,34.95681],[133.57416,34.95657],[133.57362,34.95671],[133.57121,34.95648],[133.57064,34.95673],[133.56891,34.95669],[133.56796,34.95899],[133.56837,34.95947],[133.56937,34.96008],[133.56955,34.96066],[133.56858,34.96084],[133.56881,34.96163],[133.56829,34.9621],[133.56851,34.96256],[133.5685,34.96323],[133.56719,34.96417],[133.56675,34.96474],[133.566,34.96473],[133.56552,34.96512],[133.56452,34.96499],[133.56443,34.96729],[133.56417,34.96793],[133.56313,34.96916],[133.56162,34.96952],[133.56263,34.96951],[133.5662,34.96997],[133.56657,34.97012],[133.56697,34.97113],[133.56765,34.97147],[133.56786,34.97141],[133.56864,34.9705],[133.56969,34.96837],[133.57019,34.96802],[133.57412,34.96767],[133.57531,34.96748],[133.57633,34.96708],[133.57671,34.96736],[133.57698,34.96831],[133.57779,34.96883],[133.57872,34.96843],[133.57939,34.96691],[133.57988,34.9668],[133.58097,34.96695],[133.58183,34.96629],[133.58258,34.96602],[133.58367,34.96594],[133.5848,34.96562],[133.58651,34.96465],[133.58817,34.96482],[133.58931,34.9654],[133.59025,34.9667],[133.59042,34.96731],[133.59023,34.96902],[133.59171,34.97246],[133.59226,34.97274],[133.59471,34.97334],[133.59554,34.9738],[133.59564,34.97439],[133.59516,34.976],[133.59535,34.97674],[133.59702,34.97773],[133.59946,34.97866],[133.59989,34.97898],[133.60004,34.98069],[133.60058,34.98226],[133.60087,34.98278],[133.60147,34.98322],[133.60224,34.98347],[133.60274,34.98414],[133.60338,34.9844],[133.60354,34.98415],[133.60471,34.98371],[133.60543,34.98317],[133.60852,34.98244],[133.60962,34.98201],[133.61191,34.9806],[133.6125,34.97996],[133.61286,34.9792]]]},"properties":{"key":"332105130","name":"豊永佐伏","pref":"岡山県","prefCode":"33","municipality":"新見市","areaM2":8158576.465,"population":280,"toponymIds":["33-c474ce3f02"]}},{"type":"Feature","geometry":{"type":"Polygon","coordinates":[[[133.70591,34.95986],[133.7085,34.96023],[133.70926,34.96007],[133.71014,34.95961],[133.71051,34.95861],[133.71116,34.95767],[133.71366,34.95775],[133.71405,34.95721],[133.71449,34.95693],[133.71558,34.95667],[133.71625,34.95615],[133.71723,34.9558],[133.71591,34.9547],[133.71581,34.95384],[133.71536,34.95358],[133.71496,34.95304],[133.7141,34.9526],[133.71458,34.952],[133.71463,34.95161],[133.71517,34.95061],[133.71605,34.9505],[133.71658,34.94996],[133.71739,34.94959],[133.71754,34.94899],[133.71674,34.94851],[133.71679,34.94764],[133.71715,34.94733],[133.71787,34.94731],[133.71814,34.94712],[133.71852,34.94568],[133.71876,34.9455],[133.71899,34.9448],[133.71881,34.94422],[133.71815,34.94386],[133.71792,34.94349],[133.71621,34.94303],[133.71451,34.94223],[133.71276,34.94202],[133.71168,34.94218],[133.7097,34.94298],[133.7088,34.94368],[133.7079,34.94497],[133.70539,34.9438],[133.70294,34.9435],[133.7015,34.94372],[133.6959,34.94587],[133.69505,34.94561],[133.68976,34.94258],[133.68899,34.94238],[133.68838,34.94234],[133.68431,34.94342],[133.68287,34.94332],[133.68193,34.94301],[133.67968,34.94199],[133.67648,34.94014],[133.67154,34.9391],[133.67102,34.93875],[133.67032,34.93803],[133.66989,34.93698],[133.66904,34.93346],[133.66811,34.93207],[133.6669,34.93131],[133.66634,34.93127],[133.66545,34.93176],[133.66405,34.93418],[133.66366,34.93453],[133.66323,34.9347],[133.66268,34.93464],[133.66218,34.93426],[133.66044,34.93174],[133.659,34.93049],[133.65774,34.93008],[133.65654,34.9287],[133.65607,34.92722],[133.65505,34.92678],[133.65486,34.92571],[133.65498,34.92151],[133.65518,34.9202],[133.65575,34.9184],[133.65496,34.91844],[133.64926,34.91982],[133.64932,34.92016],[133.65033,34.92104],[133.64972,34.9214],[133.64946,34.92184],[133.65012,34.92338],[133.64936,34.9247],[133.64895,34.92579],[133.6482,34.92676],[133.64869,34.92728],[133.64858,34.92789],[133.64822,34.92829],[133.64743,34.92873],[133.64827,34.92958],[133.64821,34.93118],[133.64802,34.93156],[133.64716,34.93156],[133.64663,34.93183],[133.64649,34.93254],[133.64659,34.93309],[133.6455,34.93359],[133.64441,34.93518],[133.64441,34.9356],[133.64504,34.93619],[133.64426,34.9374],[133.64481,34.93783],[133.64592,34.93823],[133.64663,34.93908],[133.64782,34.93993],[133.64787,34.94051],[133.64807,34.94072],[133.64926,34.94091],[133.64953,34.94138],[133.64947,34.942],[133.6497,34.94247],[133.65022,34.94258],[133.65139,34.94229],[133.65297,34.94097],[133.65284,34.94043],[133.65309,34.93996],[133.65345,34.93982],[133.65467,34.94002],[133.65548,34.93938],[133.65569,34.93876],[133.65602,34.93832],[133.65713,34.93845],[133.65803,34.93819],[133.66051,34.93923],[133.66275,34.93983],[133.66649,34.94142],[133.66885,34.942],[133.66973,34.94238],[133.67073,34.94248],[133.6717,34.94234],[133.67195,34.94274],[133.6717,34.94358],[133.67095,34.94411],[133.67099,34.9453],[133.67114,34.94558],[133.67141,34.94552],[133.67174,34.94479],[133.67252,34.94475],[133.67281,34.94487],[133.67347,34.94578],[133.67452,34.94554],[133.67499,34.94581],[133.67565,34.94656],[133.6755,34.9474],[133.67559,34.94835],[133.67531,34.94864],[133.67487,34.94872],[133.67444,34.94987],[133.67352,34.95055],[133.67357,34.95087],[133.67476,34.95142],[133.67522,34.95139],[133.67571,34.95071],[133.67614,34.95057],[133.67643,34.95064],[133.67696,34.95119],[133.67822,34.95167],[133.67935,34.95158],[133.68026,34.95186],[133.6813,34.95189],[133.68292,34.95047],[133.68357,34.95022],[133.68391,34.94975],[133.68534,34.94914],[133.68659,34.94789],[133.68954,34.9473],[133.69248,34.94782],[133.69468,34.94859],[133.69595,34.94924],[133.69771,34.95041],[133.70093,34.95325],[133.70339,34.95428],[133.70362,34.95632],[133.70424,34.95713],[133.70429,34.95833],[133.70537,34.9598],[133.70591,34.95986]]]},"properties":{"key":"33209906022","name":"有漢町有漢","pref":"岡山県","prefCode":"33","municipality":"高梁市","areaM2":7218954.533,"population":1,"toponymIds":["33-161458b043"]}},{"type":"Feature","geometry":{"type":"Polygon","coordinates":[[[133.6199,34.78781],[133.61955,34.7877],[133.61901,34.78665],[133.61876,34.7866],[133.61935,34.78654],[133.61956,34.78675],[133.6199,34.78675],[133.62256,34.7853],[133.62295,34.78531],[133.62358,34.78461],[133.62619,34.78302],[133.62624,34.78171],[133.62666,34.77996],[133.62454,34.78039],[133.6226,34.78152],[133.6212,34.78346],[133.62139,34.78446],[133.62077,34.78461],[133.62027,34.7845],[133.61973,34.78481],[133.61872,34.78476],[133.61804,34.78508],[133.6184,34.78584],[133.61775,34.78616],[133.618,34.78627],[133.61851,34.78707],[133.61866,34.78829],[133.61906,34.78936],[133.61931,34.78934],[133.6193,34.78866],[133.61962,34.78842],[133.61969,34.78806],[133.61998,34.78793],[133.6199,34.78781]]]},"properties":{"key":"33209041001","name":"上谷町","pref":"岡山県","prefCode":"33","municipality":"高梁市","areaM2":256807.587,"population":313,"toponymIds":["33-cd12fedda2","33-aaed1478f3"]}},{"type":"Feature","geometry":{"type":"Polygon","coordinates":[[[133.65715,34.76891],[133.65806,34.75378],[133.65463,34.75244],[133.65405,34.75242],[133.65382,34.75196],[133.65311,34.75179],[133.65298,34.75154],[133.65228,34.75115],[133.65216,34.75065],[133.65258,34.75063],[133.6527,34.75021],[133.65304,34.7502],[133.65378,34.75061],[133.65416,34.75065],[133.6544,34.75019],[133.65515,34.74967],[133.65509,34.74925],[133.6484,34.74617],[133.6482,34.74695],[133.64793,34.74734],[133.64714,34.74748],[133.64697,34.74768],[133.64664,34.74855],[133.64604,34.74918],[133.64586,34.74986],[133.64639,34.75086],[133.64621,34.7519],[133.64671,34.75319],[133.64669,34.75371],[133.64711,34.7541],[133.64709,34.75448],[133.64737,34.75479],[133.64717,34.75513],[133.64735,34.75542],[133.64723,34.75571],[133.64734,34.75613],[133.64774,34.7565],[133.648,34.75705],[133.649,34.75713],[133.64939,34.75729],[133.64956,34.75775],[133.65063,34.75796],[133.65105,34.75885],[133.65117,34.75947],[133.65091,34.75986],[133.65095,34.76024],[133.65124,34.76053],[133.65133,34.76106],[133.65042,34.76313],[133.65002,34.7634],[133.64988,34.76419],[133.65057,34.76559],[133.6511,34.76556],[133.65232,34.76491],[133.65304,34.76476],[133.65448,34.7649],[133.6548,34.7658],[133.65547,34.76586],[133.65561,34.766],[133.65554,34.76678],[133.65609,34.76777],[133.65715,34.76891]]]},"properties":{"key":"33208053001","name":"延原","pref":"岡山県","prefCode":"33","municipality":"総社市","areaM2":1496208.8,"population":11,"toponymIds":["33-ebe8f7d960"]}},{"type":"Feature","geometry":{"type":"Polygon","coordinates":[[[133.95843,34.53039],[133.95867,34.53032],[133.95959,34.53064],[133.96017,34.53064],[133.96147,34.53032],[133.96183,34.5305],[133.96256,34.53053],[133.96419,34.53015],[133.96475,34.52988],[133.96638,34.5278],[133.96287,34.52595],[133.96166,34.52418],[133.96061,34.52344],[133.96104,34.52298],[133.96104,34.52278],[133.96074,34.52324],[133.95946,34.5228],[133.96025,34.52145],[133.96127,34.52203],[133.96146,34.52266],[133.96133,34.52202],[133.96023,34.52138],[133.9607,34.52076],[133.96062,34.52021],[133.96077,34.52019],[133.96084,34.52064],[133.96107,34.52064],[133.96139,34.51973],[133.96234,34.51912],[133.96236,34.51866],[133.96166,34.5184],[133.96147,34.51777],[133.96094,34.51757],[133.96056,34.51813],[133.95989,34.51832],[133.9596,34.51832],[133.95836,34.51774],[133.95791,34.51731],[133.95693,34.51488],[133.95644,34.51498],[133.95429,34.5161],[133.95332,34.51724],[133.95375,34.51736],[133.95353,34.51784],[133.95256,34.5188],[133.95104,34.51804],[133.94835,34.51769],[133.94816,34.51871],[133.9475,34.51851],[133.94728,34.5189],[133.9475,34.5193],[133.94744,34.51951],[133.94712,34.51987],[133.94748,34.52026],[133.94824,34.52035],[133.9483,34.52129],[133.94871,34.52101],[133.94895,34.52105],[133.94905,34.52142],[133.94951,34.52102],[133.94993,34.52101],[133.95011,34.52105],[133.95045,34.52163],[133.95034,34.52231],[133.95076,34.52404],[133.95072,34.52503],[133.95039,34.52632],[133.94968,34.52689],[133.94961,34.52791],[133.95042,34.5303],[133.95021,34.53065],[133.9497,34.53089],[133.95155,34.53224],[133.95211,34.53409],[133.95467,34.53423],[133.95533,34.5332],[133.95584,34.5314],[133.9575,34.53126],[133.95802,34.53058],[133.95843,34.53039]]]},"properties":{"key":"33204101005","name":"田井五丁目","pref":"岡山県","prefCode":"33","municipality":"玉野市","areaM2":1917633.401,"population":2262,"toponymIds":["33-9c594f0cfd"]}},{"type":"Feature","geometry":{"type":"Polygon","coordinates":[[[133.85283,34.55336],[133.85103,34.55058],[133.85127,34.54968],[133.85151,34.54964],[133.85155,34.54923],[133.85093,34.54789],[133.85013,34.54714],[133.84858,34.54627],[133.84807,34.54652],[133.84813,34.54718],[133.84973,34.54757],[133.8502,34.54799],[133.85041,34.54892],[133.85039,34.55005],[133.84991,34.55099],[133.84876,34.5515],[133.84795,34.55218],[133.84574,34.55239],[133.84528,34.55178],[133.84454,34.55153],[133.84412,34.55108],[133.8433,34.55087],[133.84299,34.55096],[133.84301,34.55049],[133.8434,34.5499],[133.84342,34.54953],[133.84311,34.54923],[133.84351,34.54891],[133.84199,34.54779],[133.8408,34.54628],[133.84123,34.54598],[133.841,34.54507],[133.84063,34.54478],[133.84096,34.54458],[133.84105,34.54379],[133.84216,34.54363],[133.84214,34.54224],[133.84095,34.5402],[133.83948,34.54079],[133.83867,34.54092],[133.83563,34.53911],[133.83527,34.53875],[133.83352,34.54016],[133.83136,34.54113],[133.83055,34.54133],[133.82837,34.54135],[133.82628,34.54072],[133.82608,34.54082],[133.82603,34.54154],[133.82617,34.542],[133.8267,34.54284],[133.82911,34.54419],[133.8296,34.5442],[133.83065,34.54522],[133.83193,34.5471],[133.83268,34.54765],[133.83224,34.54763],[133.83202,34.54744],[133.8316,34.54757],[133.83172,34.54782],[133.83151,34.54831],[133.83057,34.54939],[133.82995,34.54953],[133.82925,34.54918],[133.82853,34.54924],[133.82816,34.54909],[133.82793,34.54935],[133.82794,34.54963],[133.82936,34.55001],[133.83061,34.55067],[133.83202,34.55195],[133.83429,34.5547],[133.83604,34.5541],[133.839,34.55349],[133.84159,34.55249],[133.84269,34.55238],[133.84404,34.55259],[133.84549,34.55328],[133.84639,34.55384],[133.84755,34.55508],[133.84886,34.55553],[133.85016,34.55565],[133.85383,34.55491],[133.85283,34.55336]]]},"properties":{"key":"331040680","name":"彦崎","pref":"岡山県","prefCode":"33","municipality":"岡山市南区","areaM2":1959112.293,"population":3260,"toponymIds":["33-e7cd247961"]}},{"type":"Feature","geometry":{"type":"Polygon","coordinates":[[[133.75202,34.57101],[133.75647,34.57002],[133.75551,34.56643],[133.75461,34.56615],[133.75326,34.56631],[133.75152,34.5679],[133.75066,34.56813],[133.7494,34.56779],[133.74825,34.56667],[133.74735,34.56598],[133.74722,34.5661],[133.74704,34.56575],[133.74644,34.56545],[133.74293,34.5689],[133.74292,34.57044],[133.74632,34.57091],[133.74637,34.57077],[133.74691,34.57086],[133.74983,34.57062],[133.75096,34.57097],[133.75202,34.57101]]]},"properties":{"key":"332020260","name":"福井","pref":"岡山県","prefCode":"33","municipality":"倉敷市","areaM2":498320.143,"population":2661,"toponymIds":["33-9ba2614a53"]}},{"type":"Feature","geometry":{"type":"Polygon","coordinates":[[[133.77247,34.58329],[133.77264,34.58304],[133.77254,34.58288],[133.77182,34.58237],[133.77162,34.58189],[133.77358,34.57029],[133.77233,34.56984],[133.77028,34.57014],[133.77016,34.56976],[133.76963,34.56986],[133.76857,34.57013],[133.76831,34.57047],[133.76851,34.5707],[133.76753,34.5716],[133.76693,34.57171],[133.76587,34.57141],[133.76594,34.57123],[133.76275,34.57046],[133.7614,34.56996],[133.76116,34.56969],[133.76098,34.56996],[133.76115,34.57076],[133.76031,34.57093],[133.76036,34.57142],[133.7602,34.57186],[133.76043,34.57189],[133.76036,34.57217],[133.75956,34.57284],[133.75953,34.57323],[133.7598,34.57334],[133.75986,34.5738],[133.75965,34.57478],[133.75997,34.57524],[133.75968,34.5762],[133.7595,34.57618],[133.75949,34.57645],[133.75867,34.57786],[133.75951,34.57801],[133.75943,34.57827],[133.76035,34.57876],[133.76124,34.5789],[133.76271,34.57989],[133.76297,34.58008],[133.76316,34.58102],[133.76713,34.58222],[133.7671,34.58135],[133.77006,34.58173],[133.77033,34.58341],[133.771,34.58337],[133.77103,34.58312],[133.77222,34.58377],[133.77247,34.58329]]]},"properties":{"key":"332020230","name":"笹沖","pref":"岡山県","prefCode":"33","municipality":"倉敷市","areaM2":1403643.542,"population":6113,"toponymIds":["33-08d3534e7c"]}},{"type":"Feature","geometry":{"type":"Polygon","coordinates":[[[133.7744,34.59811],[133.77472,34.59767],[133.77502,34.59774],[133.77509,34.5976],[133.77507,34.59786],[133.77531,34.59779],[133.77575,34.59634],[133.77614,34.59636],[133.77743,34.59565],[133.777,34.59506],[133.77698,34.59479],[133.77622,34.59465],[133.77606,34.59477],[133.77475,34.59441],[133.77163,34.59424],[133.77185,34.59592],[133.77207,34.59625],[133.77121,34.59675],[133.772,34.59801],[133.77353,34.5981],[133.77384,34.59828],[133.7744,34.59811]]]},"properties":{"key":"332020020","name":"本町","pref":"岡山県","prefCode":"33","municipality":"倉敷市","areaM2":165734.72,"population":288,"toponymIds":["33-c9f020c343"]}},{"type":"Feature","geometry":{"type":"Polygon","coordinates":[[[133.8102,34.57207],[133.8099,34.57167],[133.80751,34.57164],[133.8076,34.5725],[133.80778,34.57242],[133.80781,34.57215],[133.8082,34.57206],[133.80861,34.57223],[133.80897,34.57278],[133.80862,34.57373],[133.81004,34.57408],[133.80977,34.5748],[133.80989,34.57532],[133.81013,34.57547],[133.81058,34.57498],[133.81076,34.5742],[133.8112,34.5738],[133.81122,34.57357],[133.81058,34.57255],[133.81024,34.5724],[133.8102,34.57207]]]},"properties":{"key":"33202084004","name":"天城台四丁目","pref":"岡山県","prefCode":"33","municipality":"倉敷市","areaM2":61561.407,"population":283,"toponymIds":["33-4450a40cdf"]}},{"type":"Feature","geometry":{"type":"Polygon","coordinates":[[[133.81458,34.68051],[133.81544,34.67982],[133.81597,34.67963],[133.8164,34.67913],[133.81702,34.67795],[133.81627,34.67765],[133.81677,34.67691],[133.81766,34.67631],[133.8169,34.67566],[133.81617,34.67532],[133.81612,34.67515],[133.81658,34.6749],[133.81646,34.67474],[133.81509,34.6741],[133.81344,34.67364],[133.81102,34.67207],[133.81109,34.67131],[133.8118,34.67038],[133.81179,34.66973],[133.81235,34.66853],[133.81238,34.66736],[133.81193,34.66666],[133.81161,34.66636],[133.81085,34.66629],[133.80946,34.66569],[133.80852,34.66587],[133.80659,34.6653],[133.80597,34.66496],[133.80472,34.66359],[133.8033,34.66304],[133.80149,34.66271],[133.80153,34.66254],[133.80058,34.66304],[133.79909,34.66489],[133.79945,34.66526],[133.80011,34.665],[133.80088,34.66494],[133.80151,34.66588],[133.801,34.66661],[133.80087,34.66733],[133.80098,34.66802],[133.80087,34.66905],[133.80111,34.6697],[133.80085,34.66972],[133.80065,34.67032],[133.80084,34.67045],[133.79914,34.67281],[133.8013,34.67316],[133.80289,34.67402],[133.80327,34.67463],[133.80379,34.67496],[133.80447,34.67499],[133.80515,34.67464],[133.80505,34.67576],[133.80747,34.67583],[133.80734,34.6798],[133.81101,34.67995],[133.81144,34.68017],[133.81166,34.67999],[133.81387,34.68127],[133.81387,34.68108],[133.81458,34.68051]]]},"properties":{"key":"331012280","name":"新庄下","pref":"岡山県","prefCode":"33","municipality":"岡山市北区","areaM2":1725378.947,"population":519,"toponymIds":["33-02ed7499bb"]}},{"type":"Feature","geometry":{"type":"Polygon","coordinates":[[[133.85552,34.63548],[133.85559,34.6347],[133.85581,34.6347],[133.85578,34.6327],[133.85543,34.63273],[133.8559,34.63231],[133.85592,34.6308],[133.85478,34.63086],[133.85479,34.62988],[133.85309,34.62997],[133.85304,34.62976],[133.85241,34.62969],[133.85215,34.62988],[133.85201,34.63041],[133.85144,34.63091],[133.85197,34.632],[133.85276,34.63298],[133.85246,34.63315],[133.85237,34.63408],[133.85212,34.63452],[133.85451,34.63509],[133.85552,34.63548]]]},"properties":{"key":"331040510","name":"妹尾崎","pref":"岡山県","prefCode":"33","municipality":"岡山市南区","areaM2":180902.683,"population":359,"toponymIds":["33-89fe3e4fda"]}},{"type":"Feature","geometry":{"type":"Polygon","coordinates":[[[133.87851,34.63286],[133.88027,34.63223],[133.88184,34.63053],[133.88345,34.62976],[133.88711,34.62948],[133.88806,34.62915],[133.88852,34.62881],[133.88894,34.6282],[133.88899,34.62656],[133.88776,34.62646],[133.88763,34.62623],[133.88658,34.62561],[133.88401,34.62865],[133.88173,34.62704],[133.88081,34.62597],[133.88009,34.62554],[133.8788,34.62441],[133.87212,34.62103],[133.87175,34.62117],[133.87107,34.62228],[133.87071,34.62446],[133.8701,34.62458],[133.86985,34.62621],[133.87016,34.62707],[133.87018,34.62782],[133.86952,34.63119],[133.86933,34.63173],[133.86905,34.63186],[133.8692,34.63211],[133.8683,34.63251],[133.86811,34.63291],[133.87004,34.63287],[133.87238,34.63411],[133.87323,34.6343],[133.87432,34.63414],[133.87851,34.63286]]]},"properties":{"key":"331040500","name":"古新田","pref":"岡山県","prefCode":"33","municipality":"岡山市南区","areaM2":1371313.806,"population":1473,"toponymIds":["33-f74966124f"]}},{"type":"Feature","geometry":{"type":"Polygon","coordinates":[[[133.91549,34.65061],[133.91636,34.65039],[133.9169,34.65053],[133.9158,34.64806],[133.91226,34.64818],[133.91219,34.64904],[133.91396,34.65045],[133.91521,34.65042],[133.91549,34.65061]]]},"properties":{"key":"33101113002","name":"東古松二丁目","pref":"岡山県","prefCode":"33","municipality":"岡山市北区","areaM2":86991.661,"population":1912,"toponymIds":["33-5a4a107262"]}},{"type":"Feature","geometry":{"type":"Polygon","coordinates":[[[133.92483,34.63523],[133.92687,34.63503],[133.92665,34.63234],[133.92324,34.63266],[133.92333,34.63359],[133.92409,34.63517],[133.92483,34.63523]]]},"properties":{"key":"33101179003","name":"青江三丁目","pref":"岡山県","prefCode":"33","municipality":"岡山市北区","areaM2":88003.947,"population":1196,"toponymIds":["33-03bec1d712"]}},{"type":"Feature","geometry":{"type":"Polygon","coordinates":[[[133.7762,34.6441],[133.7768,34.64405],[133.77666,34.64318],[133.77637,34.64193],[133.77581,34.64168],[133.77542,34.64122],[133.77557,34.64014],[133.77544,34.63782],[133.77461,34.63655],[133.77465,34.63607],[133.77495,34.63529],[133.77518,34.6353],[133.77555,34.63428],[133.77637,34.63432],[133.77667,34.63404],[133.77739,34.63387],[133.77796,34.63329],[133.77835,34.63264],[133.77798,34.63231],[133.7781,34.63177],[133.77922,34.63062],[133.77907,34.63018],[133.77771,34.62886],[133.77786,34.62746],[133.77821,34.62695],[133.77882,34.62423],[133.77943,34.62366],[133.78171,34.62239],[133.78217,34.62076],[133.78448,34.62073],[133.78584,34.62029],[133.78716,34.62074],[133.78716,34.6203],[133.7828,34.61882],[133.78027,34.61823],[133.77772,34.61781],[133.77413,34.6175],[133.7737,34.61982],[133.7726,34.61951],[133.77202,34.62027],[133.77167,34.62041],[133.77158,34.62111],[133.77098,34.62223],[133.77101,34.62643],[133.77211,34.62774],[133.77183,34.62811],[133.77137,34.62817],[133.77108,34.62882],[133.77113,34.62938],[133.77087,34.62984],[133.77034,34.63024],[133.76916,34.63019],[133.76925,34.6305],[133.76995,34.63094],[133.76991,34.63154],[133.76946,34.63184],[133.76872,34.63269],[133.76837,34.63282],[133.76765,34.63363],[133.76695,34.63479],[133.76825,34.63605],[133.76782,34.6378],[133.7678,34.63852],[133.76822,34.6407],[133.76859,34.64032],[133.77062,34.64037],[133.77144,34.64164],[133.77303,34.64263],[133.77309,34.6432],[133.77607,34.64459],[133.7762,34.6441]]]},"properties":{"key":"332020660","name":"西坂","pref":"岡山県","prefCode":"33","municipality":"倉敷市","areaM2":2089226.686,"population":2357,"toponymIds":["33-e8bc60c03c"]}},{"type":"Feature","geometry":{"type":"Polygon","coordinates":[[[133.77814,34.59475],[133.77871,34.5944],[133.77933,34.59462],[133.77945,34.59454],[133.77922,34.5936],[133.77944,34.59308],[133.77973,34.59288],[133.77982,34.59232],[133.78025,34.59186],[133.78023,34.59159],[133.78,34.59136],[133.78165,34.59038],[133.78143,34.59009],[133.78169,34.58995],[133.7819,34.59024],[133.782,34.59018],[133.78174,34.58883],[133.78246,34.58907],[133.78335,34.58911],[133.78405,34.58857],[133.78455,34.58851],[133.78442,34.58843],[133.78431,34.58758],[133.78544,34.5862],[133.78143,34.58637],[133.78182,34.58547],[133.78161,34.58536],[133.78167,34.58515],[133.78128,34.58492],[133.78071,34.58575],[133.78096,34.5877],[133.7808,34.58773],[133.78081,34.58793],[133.77932,34.58794],[133.77954,34.58897],[133.77808,34.58881],[133.77798,34.58905],[133.7776,34.58907],[133.77756,34.58931],[133.77608,34.58967],[133.7751,34.58933],[133.775,34.58962],[133.7745,34.58974],[133.77457,34.59023],[133.77387,34.59045],[133.77434,34.5914],[133.77403,34.59182],[133.774,34.59214],[133.77433,34.59268],[133.77496,34.59275],[133.77532,34.59433],[133.77524,34.59453],[133.77606,34.59477],[133.77622,34.59465],[133.77698,34.59479],[133.77713,34.59517],[133.77814,34.59475]]]},"properties":{"key":"332020070","name":"向山","pref":"岡山県","prefCode":"33","municipality":"倉敷市","areaM2":451733.233,"population":206,"toponymIds":["33-3bc82f788f"]}},{"type":"Feature","geometry":{"type":"Polygon","coordinates":[[[133.76989,34.58614],[133.77028,34.58525],[133.77254,34.58554],[133.77261,34.58543],[133.77375,34.58574],[133.77447,34.58451],[133.77438,34.58421],[133.77344,34.5839],[133.77264,34.58304],[133.77222,34.58377],[133.77103,34.58312],[133.771,34.58337],[133.77033,34.58341],[133.77006,34.58173],[133.7671,34.58135],[133.76713,34.58222],[133.76316,34.58102],[133.76297,34.58008],[133.76124,34.5789],[133.76035,34.57876],[133.75943,34.57827],[133.75951,34.57801],[133.75867,34.57786],[133.75651,34.58191],[133.75635,34.58248],[133.75739,34.58259],[133.75705,34.58425],[133.75742,34.58439],[133.75723,34.58532],[133.75847,34.5856],[133.7586,34.58511],[133.75921,34.58502],[133.75911,34.58475],[133.75967,34.58469],[133.75992,34.58494],[133.75972,34.58553],[133.75985,34.58578],[133.7603,34.58504],[133.76166,34.58593],[133.76208,34.58469],[133.76306,34.58461],[133.76339,34.58564],[133.76446,34.58545],[133.76445,34.58533],[133.76635,34.5853],[133.76837,34.58589],[133.76842,34.58578],[133.76935,34.58618],[133.76983,34.58629],[133.76989,34.58614]]]},"properties":{"key":"332020220","name":"西中新田","pref":"岡山県","prefCode":"33","municipality":"倉敷市","areaM2":745879.03,"population":4493,"toponymIds":["33-385ab756d7"]}},{"type":"Feature","geometry":{"type":"Polygon","coordinates":[[[133.45606,34.61357],[133.46302,34.60767],[133.46466,34.60671],[133.46346,34.60548],[133.46664,34.60351],[133.46897,34.60153],[133.46996,34.59956],[133.47168,34.59776],[133.4714,34.59754],[133.46246,34.59478],[133.46205,34.5952],[133.46205,34.59571],[133.46171,34.59673],[133.46129,34.59665],[133.46065,34.59679],[133.46024,34.59699],[133.4599,34.59743],[133.45929,34.59724],[133.45719,34.5992],[133.45183,34.59808],[133.44887,34.59801],[133.44766,34.59873],[133.44702,34.59982],[133.4463,34.59995],[133.44338,34.59992],[133.44265,34.59959],[133.44212,34.5987],[133.4393,34.59764],[133.43825,34.59827],[133.4377,34.59882],[133.43703,34.59899],[133.43775,34.59933],[133.43786,34.59958],[133.43515,34.60044],[133.43364,34.60203],[133.43335,34.60278],[133.4332,34.60644],[133.43346,34.60834],[133.43319,34.60885],[133.43308,34.61052],[133.43261,34.61111],[133.43374,34.61067],[133.43398,34.61071],[133.43432,34.61124],[133.43453,34.61132],[133.43574,34.61107],[133.43686,34.6111],[133.43816,34.61202],[133.43944,34.61217],[133.44021,34.61244],[133.44176,34.61252],[133.4423,34.61277],[133.44321,34.6128],[133.44341,34.61286],[133.44369,34.61337],[133.44413,34.61357],[133.44547,34.61327],[133.44635,34.61399],[133.44874,34.61493],[133.45002,34.61572],[133.45139,34.61591],[133.45126,34.61737],[133.45174,34.6184],[133.45185,34.61926],[133.45248,34.61813],[133.45606,34.61357]]]},"properties":{"key":"332070010","name":"井原町","pref":"岡山県","prefCode":"33","municipality":"井原市","areaM2":4889788.015,"population":4334,"toponymIds":["33-738edcb03f"]}},{"type":"Feature","geometry":{"type":"Polygon","coordinates":[[[133.48679,34.63669],[133.48976,34.6368],[133.49002,34.63592],[133.49307,34.6359],[133.49503,34.63544],[133.49697,34.63562],[133.49786,34.63545],[133.49947,34.63555],[133.49991,34.63459],[133.49951,34.63353],[133.49876,34.63287],[133.49842,34.63229],[133.49799,34.62951],[133.49679,34.62876],[133.49638,34.6281],[133.49667,34.62688],[133.49764,34.62435],[133.49788,34.62274],[133.4978,34.62237],[133.50026,34.62246],[133.50033,34.62206],[133.50109,34.62064],[133.501,34.61801],[133.50084,34.61743],[133.50172,34.61564],[133.50177,34.61354],[133.5012,34.6108],[133.50075,34.61012],[133.50043,34.60907],[133.50049,34.60836],[133.49934,34.60722],[133.49907,34.60605],[133.49923,34.60494],[133.50024,34.60234],[133.49981,34.60144],[133.49993,34.60065],[133.49983,34.59964],[133.49735,34.59859],[133.4969,34.59741],[133.49687,34.59554],[133.49601,34.59495],[133.49506,34.59613],[133.49386,34.59713],[133.493,34.59769],[133.49214,34.59792],[133.49101,34.59776],[133.48828,34.59686],[133.48617,34.59655],[133.48206,34.59508],[133.48086,34.59503],[133.4801,34.59517],[133.47481,34.59745],[133.47402,34.59764],[133.47168,34.59776],[133.46996,34.59956],[133.46897,34.60153],[133.4675,34.60282],[133.46838,34.60352],[133.46859,34.60415],[133.46887,34.60433],[133.47025,34.60435],[133.47082,34.6041],[133.47121,34.60412],[133.47233,34.60591],[133.47232,34.60631],[133.47175,34.6068],[133.47158,34.60722],[133.47164,34.60776],[133.47105,34.60917],[133.46981,34.61027],[133.46929,34.61126],[133.4694,34.61215],[133.46983,34.61249],[133.4712,34.61285],[133.47231,34.61343],[133.47403,34.61356],[133.47484,34.61648],[133.47457,34.61688],[133.47371,34.61966],[133.4741,34.62096],[133.4742,34.622],[133.47526,34.62325],[133.47735,34.62385],[133.47874,34.62515],[133.47924,34.62615],[133.47954,34.62721],[133.48066,34.6293],[133.4811,34.63052],[133.47943,34.63319],[133.4811,34.63337],[133.48165,34.63359],[133.48228,34.63449],[133.48275,34.63668],[133.48361,34.63717],[133.48477,34.63724],[133.4859,34.6368],[133.48679,34.63669]]]},"properties":{"key":"332070200","name":"西江原町","pref":"岡山県","prefCode":"33","municipality":"井原市","areaM2":10054014.222,"population":4426,"toponymIds":["33-eed44a17c3"]}},{"type":"Feature","geometry":{"type":"Polygon","coordinates":[[[133.50428,34.59247],[133.50623,34.59258],[133.50979,34.59451],[133.51287,34.59587],[133.52102,34.59601],[133.52448,34.59591],[133.52388,34.59572],[133.52376,34.5925],[133.52317,34.59212],[133.52086,34.59257],[133.52067,34.59279],[133.52014,34.59296],[133.51878,34.59199],[133.51777,34.59231],[133.51682,34.59233],[133.51603,34.59161],[133.51518,34.5913],[133.5123,34.59144],[133.5112,34.59123],[133.51059,34.59042],[133.51108,34.59017],[133.51113,34.58979],[133.51097,34.5894],[133.50993,34.58821],[133.50964,34.58695],[133.51031,34.58513],[133.51028,34.58387],[133.5099,34.58295],[133.50913,34.58207],[133.5079,34.582],[133.5075,34.58093],[133.50678,34.58078],[133.50628,34.58017],[133.50583,34.57989],[133.5051,34.57986],[133.50458,34.57915],[133.50459,34.57791],[133.50372,34.57767],[133.5022,34.57673],[133.50083,34.57469],[133.49822,34.57518],[133.49676,34.57603],[133.49408,34.57692],[133.49318,34.57755],[133.49237,34.5788],[133.4916,34.57957],[133.49121,34.57968],[133.49185,34.57883],[133.49196,34.57847],[133.49183,34.57826],[133.49139,34.57894],[133.49098,34.57917],[133.49033,34.58047],[133.48987,34.58009],[133.48823,34.58171],[133.48484,34.57928],[133.48342,34.5786],[133.48274,34.57938],[133.48236,34.57909],[133.4822,34.57914],[133.4818,34.57966],[133.47761,34.58104],[133.476,34.58185],[133.47563,34.58218],[133.47571,34.58244],[133.47545,34.58286],[133.47515,34.58298],[133.47546,34.58379],[133.47656,34.58539],[133.47854,34.58719],[133.47986,34.58793],[133.48135,34.5885],[133.484,34.58927],[133.4838,34.58973],[133.48425,34.59016],[133.48412,34.59087],[133.48433,34.59285],[133.48466,34.59358],[133.4851,34.59409],[133.48574,34.5944],[133.48663,34.59442],[133.48643,34.59661],[133.48828,34.59686],[133.49101,34.59776],[133.49249,34.59786],[133.49321,34.59759],[133.49506,34.59613],[133.49627,34.59447],[133.49765,34.59343],[133.50087,34.59272],[133.50428,34.59247]]]},"properties":{"key":"332070110","name":"木之子町","pref":"岡山県","prefCode":"33","municipality":"井原市","areaM2":5444547.478,"population":2683,"toponymIds":["33-5fd3d5cdb3"]}},{"type":"Feature","geometry":{"type":"Polygon","coordinates":[[[133.47356,34.56779],[133.47365,34.56692],[133.47417,34.56601],[133.47365,34.56544],[133.47375,34.56458],[133.47333,34.56336],[133.47328,34.56271],[133.47278,34.56217],[133.47267,34.56142],[133.47229,34.56091],[133.47216,34.55932],[133.47156,34.55913],[133.47059,34.55948],[133.46945,34.5587],[133.46588,34.55746],[133.46474,34.55597],[133.46281,34.55694],[133.46153,34.55798],[133.4607,34.559],[133.45749,34.56197],[133.45715,34.56287],[133.45527,34.56398],[133.45358,34.5641],[133.45274,34.56438],[133.45072,34.56627],[133.45118,34.56666],[133.45176,34.56658],[133.4523,34.56725],[133.45312,34.5676],[133.45422,34.56756],[133.45502,34.56816],[133.45564,34.56839],[133.45658,34.56939],[133.45733,34.56971],[133.45795,34.57025],[133.45822,34.57082],[133.45987,34.57148],[133.46052,34.57231],[133.46345,34.57486],[133.46848,34.57852],[133.46934,34.58013],[133.47034,34.57917],[133.47258,34.57792],[133.47232,34.57574],[133.47243,34.5742],[133.47269,34.57343],[133.47387,34.572],[133.47427,34.56938],[133.47426,34.5688],[133.47367,34.56819],[133.47356,34.56779]]]},"properties":{"key":"332070090","name":"下稲木町","pref":"岡山県","prefCode":"33","municipality":"井原市","areaM2":3000906.033,"population":675,"toponymIds":["33-6c4651cc97","33-f88115753c","33-b88ceb1b60"]}},{"type":"Feature","geometry":{"type":"Polygon","coordinates":[[[133.53768,34.4934],[133.54006,34.49393],[133.54062,34.49341],[133.54184,34.49273],[133.54259,34.49266],[133.54298,34.49315],[133.5432,34.4932],[133.54378,34.49289],[133.54425,34.49208],[133.5446,34.49204],[133.54513,34.49229],[133.54559,34.49224],[133.54674,34.49157],[133.54771,34.49142],[133.54771,34.49105],[133.54834,34.49102],[133.54979,34.4913],[133.55087,34.49207],[133.55154,34.49236],[133.552,34.49279],[133.55318,34.49246],[133.55387,34.49322],[133.55557,34.49292],[133.55656,34.49252],[133.55728,34.49293],[133.55894,34.49296],[133.56067,34.49362],[133.5617,34.49292],[133.56169,34.49194],[133.56133,34.49149],[133.56133,34.49087],[133.56205,34.4904],[133.5621,34.48996],[133.56235,34.48967],[133.56186,34.48908],[133.56061,34.48814],[133.55506,34.48641],[133.5525,34.48584],[133.55259,34.48537],[133.55345,34.48433],[133.5535,34.48372],[133.55252,34.48344],[133.55183,34.48393],[133.55129,34.4839],[133.55119,34.48377],[133.55086,34.48241],[133.5513,34.48083],[133.55095,34.47889],[133.54972,34.47646],[133.54852,34.47501],[133.54824,34.47398],[133.54841,34.47327],[133.54892,34.47273],[133.54886,34.47228],[133.54762,34.47093],[133.54688,34.47051],[133.54572,34.47031],[133.54583,34.4695],[133.54549,34.46942],[133.54466,34.46865],[133.54287,34.46778],[133.54248,34.46674],[133.54176,34.46556],[133.54031,34.46447],[133.54015,34.46416],[133.54038,34.46145],[133.54013,34.46134],[133.53962,34.46163],[133.53843,34.46276],[133.53744,34.46323],[133.53664,34.46453],[133.53608,34.46496],[133.53613,34.46519],[133.53586,34.46532],[133.53576,34.4656],[133.53553,34.4656],[133.5355,34.46579],[133.53518,34.46589],[133.53509,34.46609],[133.5347,34.46603],[133.53482,34.46623],[133.53469,34.46637],[133.53435,34.46662],[133.53411,34.46658],[133.53427,34.46688],[133.53398,34.46712],[133.53377,34.46703],[133.53416,34.46732],[133.53381,34.46759],[133.53365,34.46749],[133.53385,34.46767],[133.53368,34.46785],[133.53336,34.46781],[133.53341,34.46804],[133.53318,34.46818],[133.53298,34.46811],[133.5331,34.46833],[133.53284,34.4685],[133.53265,34.46832],[133.5328,34.46853],[133.53203,34.46896],[133.53088,34.4701],[133.53034,34.47031],[133.52979,34.47116],[133.53019,34.47079],[133.53055,34.4709],[133.53054,34.47115],[133.53072,34.47125],[133.53025,34.47182],[133.52948,34.47158],[133.53032,34.47187],[133.52967,34.47337],[133.52948,34.47428],[133.52989,34.47412],[133.52981,34.47476],[133.52969,34.47476],[133.52979,34.47482],[133.52936,34.47565],[133.52957,34.47654],[133.52935,34.47659],[133.52956,34.47663],[133.52954,34.47689],[133.52932,34.47691],[133.52954,34.47692],[133.52958,34.47725],[133.52993,34.47756],[133.52968,34.47791],[133.5326,34.47912],[133.53234,34.48242],[133.53255,34.48403],[133.53096,34.48526],[133.52951,34.48508],[133.52924,34.4852],[133.52946,34.48628],[133.53002,34.4869],[133.52957,34.48739],[133.53057,34.48745],[133.5308,34.48808],[133.53026,34.48862],[133.53019,34.48893],[133.53101,34.48925],[133.53087,34.49023],[133.53138,34.49125],[133.53135,34.49215],[133.53092,34.49328],[133.53203,34.4953],[133.53332,34.49595],[133.53452,34.49554],[133.53507,34.49515],[133.53679,34.49469],[133.53725,34.49366],[133.53768,34.4934]]]},"properties":{"key":"332050700","name":"西大島","pref":"岡山県","prefCode":"33","municipality":"笠岡市","areaM2":5886047.331,"population":1782,"toponymIds":["33-29b0d2546b"]}},{"type":"Feature","geometry":{"type":"Polygon","coordinates":[[[133.63183,34.66947],[133.63583,34.66729],[133.6351,34.66622],[133.63695,34.66488],[133.63561,34.66493],[133.63484,34.66539],[133.63442,34.66488],[133.63249,34.6638],[133.63064,34.66253],[133.62364,34.65849],[133.62245,34.65866],[133.62169,34.65931],[133.62093,34.65965],[133.62021,34.65957],[133.61957,34.66025],[133.6185,34.66027],[133.61851,34.66087],[133.61814,34.66136],[133.61746,34.66169],[133.61696,34.66258],[133.61717,34.66288],[133.61787,34.66328],[133.61804,34.66361],[133.61785,34.66412],[133.61727,34.66478],[133.61745,34.66523],[133.6174,34.66633],[133.61778,34.66675],[133.61809,34.66751],[133.61764,34.66775],[133.61697,34.66761],[133.61674,34.66815],[133.61487,34.66927],[133.61465,34.66957],[133.61426,34.66967],[133.61403,34.6702],[133.61317,34.67091],[133.61348,34.67192],[133.61849,34.67106],[133.61916,34.67116],[133.61904,34.67151],[133.61918,34.67183],[133.61983,34.67204],[133.62036,34.67145],[133.62243,34.67102],[133.62291,34.67134],[133.623,34.67121],[133.62729,34.67035],[133.63131,34.66979],[133.63183,34.66947]]]},"properties":{"key":"33208045001","name":"新本","pref":"岡山県","prefCode":"33","municipality":"総社市","areaM2":1775883.422,"population":86,"toponymIds":["33-8e7b2ca8aa"]}},{"type":"Feature","geometry":{"type":"Polygon","coordinates":[[[133.6769,34.54476],[133.67694,34.54422],[133.67727,34.54426],[133.67863,34.5432],[133.67977,34.54173],[133.68007,34.54096],[133.68002,34.54007],[133.67981,34.54003],[133.67967,34.53976],[133.6787,34.53959],[133.67841,34.53927],[133.6778,34.53916],[133.67734,34.53931],[133.67623,34.54013],[133.67567,34.53932],[133.67486,34.53875],[133.67471,34.53891],[133.67451,34.53878],[133.67406,34.53985],[133.67401,34.54141],[133.6732,34.54279],[133.67297,34.54272],[133.67307,34.54344],[133.67328,34.54378],[133.67371,34.544],[133.67539,34.54432],[133.67689,34.54501],[133.6769,34.54476]]]},"properties":{"key":"33202170002","name":"玉島二丁目","pref":"岡山県","prefCode":"33","municipality":"倉敷市","areaM2":280545.015,"population":1042,"toponymIds":["33-24bc13fae4"]}},{"type":"Feature","geometry":{"type":"Polygon","coordinates":[[[133.68693,34.55449],[133.68762,34.55494],[133.6897,34.55452],[133.69002,34.55482],[133.69056,34.55494],[133.69084,34.55349],[133.6899,34.55126],[133.68957,34.55103],[133.68877,34.55131],[133.68871,34.55103],[133.68802,34.55078],[133.68828,34.54994],[133.6882,34.54913],[133.68799,34.54873],[133.68744,34.54844],[133.68695,34.54739],[133.68376,34.54691],[133.68281,34.54602],[133.68182,34.54569],[133.68215,34.54487],[133.68196,34.54479],[133.68135,34.54599],[133.68116,34.54772],[133.67758,34.54697],[133.67533,34.54707],[133.67593,34.54738],[133.67688,34.54863],[133.67707,34.54953],[133.67756,34.5499],[133.67816,34.54981],[133.67887,34.55385],[133.6784,34.5548],[133.6786,34.55518],[133.68029,34.55683],[133.68119,34.55735],[133.68355,34.5583],[133.68646,34.56004],[133.68693,34.55449]]]},"properties":{"key":"33202170000","name":"玉島","pref":"岡山県","prefCode":"33","municipality":"倉敷市","areaM2":1156882.33,"population":3253,"toponymIds":["33-359e4bc8a0"]}},{"type":"Feature","geometry":{"type":"Polygon","coordinates":[[[133.58153,34.5373],[133.58145,34.53722],[133.58088,34.53777],[133.57941,34.53955],[133.57991,34.53963],[133.58003,34.54011],[133.57924,34.54036],[133.57776,34.54221],[133.57604,34.54342],[133.57669,34.54468],[133.5768,34.54608],[133.57784,34.54682],[133.57883,34.54687],[133.58017,34.54669],[133.58048,34.54621],[133.58039,34.54532],[133.58117,34.54447],[133.58162,34.54249],[133.58099,34.54112],[133.58125,34.54004],[133.58195,34.53884],[133.58201,34.53843],[133.58195,34.53779],[133.58155,34.53751],[133.58153,34.5373]]]},"properties":{"key":"33216007001","name":"深田","pref":"岡山県","prefCode":"33","municipality":"浅口市","areaM2":293806.043,"population":200,"toponymIds":["33-9056aef429"]}}]}
