{"type":"FeatureCollection","features":[{"type":"Feature","geometry":{"type":"Polygon","coordinates":[[[130.69934,32.79709],[130.69991,32.7967],[130.70009,32.79672],[130.70003,32.79643],[130.69985,32.79621],[130.69965,32.79627],[130.69942,32.79577],[130.6989,32.79595],[130.6991,32.79672],[130.69881,32.79681],[130.69893,32.79709],[130.69934,32.79709]]]},"properties":{"key":"431010120","name":"鍛冶屋町","pref":"熊本県","prefCode":"43","municipality":"熊本市中央区","areaM2":9987.782,"population":315,"toponymIds":["43-2c679a1f58"]}},{"type":"Feature","geometry":{"type":"Polygon","coordinates":[[[130.7009,32.79676],[130.70081,32.79652],[130.70113,32.79643],[130.70105,32.7958],[130.7004,32.79599],[130.70052,32.79628],[130.70003,32.79643],[130.70011,32.79679],[130.7009,32.79676]]]},"properties":{"key":"431010130","name":"上鍛冶屋町","pref":"熊本県","prefCode":"43","municipality":"熊本市中央区","areaM2":6745.362,"population":242,"toponymIds":["43-49276977a2"]}},{"type":"Feature","geometry":{"type":"Polygon","coordinates":[[[130.70105,32.7958],[130.70149,32.79571],[130.70144,32.79545],[130.702,32.7952],[130.70209,32.79469],[130.70051,32.79375],[130.69961,32.79402],[130.69997,32.79476],[130.70036,32.79446],[130.7006,32.79498],[130.70084,32.79491],[130.70098,32.79522],[130.70016,32.79554],[130.7004,32.79599],[130.70105,32.7958]]]},"properties":{"key":"431010200","name":"河原町","pref":"熊本県","prefCode":"43","municipality":"熊本市中央区","areaM2":28550.447,"population":198,"toponymIds":["43-cb20ff7734"]}},{"type":"Feature","geometry":{"type":"Polygon","coordinates":[[[130.70701,32.79694],[130.70727,32.79646],[130.70572,32.79569],[130.70535,32.79641],[130.70701,32.79694]]]},"properties":{"key":"431011090","name":"新鍛冶屋町","pref":"熊本県","prefCode":"43","municipality":"熊本市中央区","areaM2":12076.577,"population":0,"toponymIds":["43-d4b982ce41"]}},{"type":"Feature","geometry":{"type":"Polygon","coordinates":[[[130.71883,32.78813],[130.71805,32.78779],[130.71814,32.79065],[130.72035,32.7919],[130.72203,32.79001],[130.72045,32.78886],[130.71883,32.78813]]]},"properties":{"key":"431010580","name":"菅原町","pref":"熊本県","prefCode":"43","municipality":"熊本市中央区","areaM2":94692.272,"population":974,"toponymIds":["43-012d33bcfe"]}},{"type":"Feature","geometry":{"type":"Polygon","coordinates":[[[130.73242,32.80499],[130.73161,32.80516],[130.72931,32.80675],[130.73385,32.80702],[130.73615,32.80762],[130.73652,32.80535],[130.73242,32.80499]]]},"properties":{"key":"43101067001","name":"渡鹿一丁目","pref":"熊本県","prefCode":"43","municipality":"熊本市中央区","areaM2":121443.91,"population":1221,"toponymIds":["43-ed6a1a6f25"]}},{"type":"Feature","geometry":{"type":"Polygon","coordinates":[[[130.70228,32.79612],[130.70214,32.79548],[130.70186,32.79555],[130.7018,32.79538],[130.70144,32.79545],[130.70149,32.79571],[130.70105,32.7958],[130.70122,32.79666],[130.70196,32.79651],[130.70191,32.79629],[130.70229,32.79623],[130.70228,32.79612]]]},"properties":{"key":"431010810","name":"古川町","pref":"熊本県","prefCode":"43","municipality":"熊本市中央区","areaM2":11088.99,"population":184,"toponymIds":["43-773bb1e978"]}},{"type":"Feature","geometry":{"type":"Polygon","coordinates":[[[130.80592,32.84425],[130.80633,32.8442],[130.80645,32.84341],[130.80512,32.84328],[130.80512,32.84286],[130.80459,32.84283],[130.80481,32.84097],[130.80528,32.84033],[130.80204,32.83623],[130.7997,32.84344],[130.79872,32.84381],[130.79686,32.84394],[130.79676,32.84471],[130.79648,32.84488],[130.796,32.84783],[130.79546,32.84944],[130.79419,32.85149],[130.79511,32.8519],[130.79509,32.85222],[130.79896,32.85234],[130.80474,32.85224],[130.80489,32.85136],[130.80458,32.85122],[130.80464,32.85017],[130.80517,32.84857],[130.80483,32.84847],[130.80514,32.84814],[130.8046,32.84738],[130.80493,32.84725],[130.80464,32.84697],[130.80496,32.84682],[130.80514,32.84591],[130.80587,32.84473],[130.80592,32.84425]]]},"properties":{"key":"431020160","name":"鹿帰瀬町","pref":"熊本県","prefCode":"43","municipality":"熊本市東区","areaM2":1100801.026,"population":315,"toponymIds":["43-20fd121c2a"]}},{"type":"Feature","geometry":{"type":"Polygon","coordinates":[[[130.74277,32.81145],[130.7415,32.80839],[130.74097,32.80856],[130.73942,32.81066],[130.74063,32.81133],[130.74033,32.81142],[130.73982,32.8111],[130.73958,32.81157],[130.73906,32.81204],[130.73985,32.81256],[130.74024,32.81306],[130.74232,32.81723],[130.74422,32.81604],[130.74441,32.81543],[130.74277,32.81145]]]},"properties":{"key":"43102029008","name":"渡鹿八丁目","pref":"熊本県","prefCode":"43","municipality":"熊本市東区","areaM2":230301.288,"population":1141,"toponymIds":["43-b7512b4f75"]}},{"type":"Feature","geometry":{"type":"Polygon","coordinates":[[[130.67934,32.77294],[130.67898,32.77202],[130.67589,32.77272],[130.67618,32.77528],[130.67608,32.77585],[130.68101,32.77556],[130.68093,32.77445],[130.68024,32.77402],[130.67963,32.77391],[130.67934,32.77294]]]},"properties":{"key":"43103011001","name":"新土河原一丁目","pref":"熊本県","prefCode":"43","municipality":"熊本市西区","areaM2":143083.881,"population":716,"toponymIds":["43-753c9d9bb7"]}},{"type":"Feature","geometry":{"type":"Polygon","coordinates":[[[130.63839,32.74922],[130.64713,32.74908],[130.64775,32.7486],[130.64807,32.74857],[130.64961,32.74713],[130.65413,32.74713],[130.6563,32.74635],[130.65739,32.74627],[130.65742,32.74568],[130.65794,32.74576],[130.65805,32.74547],[130.65868,32.74535],[130.65859,32.74468],[130.65735,32.74184],[130.65724,32.74092],[130.65669,32.73948],[130.65601,32.73835],[130.65592,32.73786],[130.65515,32.73749],[130.65539,32.73572],[130.65492,32.73296],[130.65108,32.73321],[130.65117,32.73412],[130.65163,32.73493],[130.6521,32.73684],[130.65207,32.73749],[130.65229,32.73863],[130.65313,32.73974],[130.65421,32.74055],[130.65474,32.7413],[130.64975,32.74142],[130.64978,32.74248],[130.6468,32.74184],[130.64416,32.74177],[130.64404,32.74162],[130.62891,32.74165],[130.62886,32.74318],[130.62847,32.74504],[130.62731,32.74497],[130.62556,32.74733],[130.62548,32.74783],[130.62822,32.74872],[130.63436,32.74919],[130.63839,32.74922]]]},"properties":{"key":"431040270","name":"内田町","pref":"熊本県","prefCode":"43","municipality":"熊本市南区","areaM2":2454999.938,"population":1108,"toponymIds":["43-a1a01e0290"]}},{"type":"Feature","geometry":{"type":"Polygon","coordinates":[[[130.68267,32.759],[130.6825,32.75911],[130.6832,32.76314],[130.68479,32.76267],[130.68399,32.76112],[130.68443,32.76091],[130.68356,32.76014],[130.68267,32.759]]]},"properties":{"key":"43104054001","name":"刈草一丁目","pref":"熊本県","prefCode":"43","municipality":"熊本市南区","areaM2":46067.011,"population":586,"toponymIds":["43-49010bfb32"]}},{"type":"Feature","geometry":{"type":"Polygon","coordinates":[[[130.66958,32.76795],[130.66916,32.76781],[130.66849,32.76614],[130.6662,32.76673],[130.66552,32.76587],[130.66452,32.76577],[130.66316,32.766],[130.66341,32.76742],[130.66204,32.76762],[130.66228,32.769],[130.66184,32.77083],[130.66279,32.77135],[130.66498,32.77211],[130.66669,32.77249],[130.67256,32.77288],[130.67255,32.7722],[130.67285,32.77177],[130.67114,32.77128],[130.6702,32.77031],[130.67,32.76959],[130.6697,32.7693],[130.66988,32.76888],[130.66958,32.76795]]]},"properties":{"key":"431040120","name":"土河原町","pref":"熊本県","prefCode":"43","municipality":"熊本市南区","areaM2":497156.651,"population":1310,"toponymIds":["43-2c42554746"]}},{"type":"Feature","geometry":{"type":"Polygon","coordinates":[[[130.67806,32.7582],[130.67781,32.75776],[130.6778,32.7576],[130.67803,32.75757],[130.67796,32.75673],[130.67728,32.75748],[130.67684,32.75773],[130.67578,32.75771],[130.67609,32.76026],[130.67674,32.76001],[130.67673,32.75964],[130.67715,32.75915],[130.67698,32.75874],[130.67806,32.7582]]]},"properties":{"key":"43104056001","name":"鳶町一丁目","pref":"熊本県","prefCode":"43","municipality":"熊本市南区","areaM2":37424.112,"population":166,"toponymIds":["43-1fd4eb26cc"]}},{"type":"Feature","geometry":{"type":"Polygon","coordinates":[[[130.71947,32.85464],[130.71883,32.85459],[130.71878,32.85502],[130.71933,32.85533],[130.71893,32.85564],[130.71905,32.85593],[130.71939,32.8559],[130.71941,32.85539],[130.71957,32.85537],[130.71947,32.85464]]]},"properties":{"key":"431050292","name":"飛田町","pref":"熊本県","prefCode":"43","municipality":"熊本市北区","areaM2":6219.798,"population":51,"toponymIds":["43-b97fea34e0"]}},{"type":"Feature","geometry":{"type":"Polygon","coordinates":[[[130.68282,32.88532],[130.68307,32.88488],[130.68414,32.8849],[130.68368,32.88422],[130.68366,32.883],[130.68338,32.88277],[130.6833,32.88186],[130.68275,32.88221],[130.6827,32.88173],[130.68295,32.88143],[130.68164,32.88065],[130.68168,32.87948],[130.68036,32.87926],[130.68018,32.87868],[130.67985,32.87882],[130.67929,32.87855],[130.67944,32.87786],[130.67911,32.87653],[130.67889,32.87678],[130.67796,32.87698],[130.67533,32.87719],[130.67491,32.87735],[130.67422,32.87803],[130.67295,32.87872],[130.67507,32.87948],[130.67619,32.87965],[130.67562,32.87987],[130.67455,32.87972],[130.6744,32.87997],[130.67349,32.87983],[130.67331,32.88041],[130.67292,32.88048],[130.67275,32.88178],[130.67293,32.88198],[130.67526,32.88265],[130.67523,32.88312],[130.67504,32.88317],[130.67474,32.88363],[130.67687,32.88456],[130.6823,32.8864],[130.68242,32.88642],[130.68282,32.88532]]]},"properties":{"key":"431050690","name":"植木町荻迫","pref":"熊本県","prefCode":"43","municipality":"熊本市北区","areaM2":662240.082,"population":443,"toponymIds":["43-135e680efc"]}},{"type":"Feature","geometry":{"type":"Polygon","coordinates":[[[130.68391,32.91584],[130.68473,32.91585],[130.68477,32.9165],[130.68501,32.91558],[130.6857,32.91518],[130.68638,32.91544],[130.68637,32.91491],[130.68659,32.91464],[130.68602,32.91421],[130.68491,32.91479],[130.68446,32.91448],[130.68456,32.91374],[130.68572,32.91212],[130.68602,32.9103],[130.68578,32.90899],[130.68477,32.90701],[130.68416,32.90476],[130.68352,32.90486],[130.68514,32.90263],[130.68418,32.9022],[130.68304,32.90391],[130.68312,32.90464],[130.68296,32.90516],[130.68243,32.90504],[130.68201,32.90463],[130.68095,32.90417],[130.68095,32.90387],[130.68046,32.90373],[130.68039,32.90241],[130.6801,32.90184],[130.68017,32.90142],[130.6798,32.90011],[130.67969,32.89876],[130.6798,32.89847],[130.67965,32.89843],[130.67965,32.89794],[130.68073,32.89728],[130.67789,32.89742],[130.67565,32.89773],[130.67581,32.89916],[130.67533,32.89917],[130.67541,32.90003],[130.67495,32.90031],[130.67469,32.90124],[130.67187,32.90113],[130.67167,32.90142],[130.67089,32.90185],[130.67067,32.90271],[130.67257,32.90385],[130.67303,32.90442],[130.67331,32.90426],[130.67373,32.90457],[130.67359,32.90491],[130.67385,32.90559],[130.67373,32.9063],[130.67447,32.90806],[130.67378,32.90839],[130.67393,32.90885],[130.67444,32.90953],[130.67431,32.90982],[130.67436,32.91033],[130.67531,32.91068],[130.67645,32.91232],[130.67774,32.91322],[130.67804,32.91383],[130.67877,32.91437],[130.6787,32.91469],[130.67937,32.91483],[130.6796,32.9143],[130.67993,32.91437],[130.68006,32.91409],[130.68088,32.91425],[130.68143,32.91453],[130.68267,32.91561],[130.68219,32.91612],[130.68344,32.91653],[130.68391,32.91584]]]},"properties":{"key":"431050560","name":"植木町鞍掛","pref":"熊本県","prefCode":"43","municipality":"熊本市北区","areaM2":1590896.373,"population":529,"toponymIds":["43-19d71a0b77"]}},{"type":"Feature","geometry":{"type":"Polygon","coordinates":[[[130.69392,32.87607],[130.69566,32.87605],[130.69643,32.87586],[130.69808,32.87599],[130.69847,32.8759],[130.69887,32.87527],[130.69932,32.87532],[130.70103,32.87417],[130.70179,32.87417],[130.70178,32.87399],[130.70282,32.87403],[130.70285,32.8723],[130.70345,32.87142],[130.70367,32.87067],[130.70356,32.87041],[130.70406,32.86979],[130.70475,32.86836],[130.70293,32.86682],[130.70159,32.8678],[130.69927,32.86888],[130.69976,32.8702],[130.7004,32.87074],[130.69963,32.87154],[130.69899,32.87088],[130.69765,32.87069],[130.6976,32.87017],[130.6971,32.87022],[130.69694,32.87003],[130.69673,32.87016],[130.69729,32.87111],[130.69677,32.87092],[130.69598,32.87096],[130.69578,32.87123],[130.6953,32.87126],[130.69501,32.87169],[130.69443,32.87179],[130.69419,32.87214],[130.69373,32.87213],[130.69361,32.8725],[130.69289,32.8724],[130.69138,32.87257],[130.69079,32.8746],[130.69197,32.87546],[130.69269,32.8756],[130.69301,32.87594],[130.69392,32.87607]]]},"properties":{"key":"431050200","name":"鹿子木町","pref":"熊本県","prefCode":"43","municipality":"熊本市北区","areaM2":641659.301,"population":1353,"toponymIds":["43-084bcfc61b"]}},{"type":"Feature","geometry":{"type":"Polygon","coordinates":[[[130.73977,32.84235],[130.73999,32.84162],[130.7399,32.84122],[130.74045,32.84102],[130.74061,32.84074],[130.74015,32.84046],[130.73853,32.84009],[130.7347,32.83958],[130.73365,32.84017],[130.73455,32.84133],[130.73447,32.84145],[130.73485,32.84182],[130.73491,32.84217],[130.73539,32.84241],[130.73553,32.8423],[130.73602,32.84255],[130.73906,32.84318],[130.73938,32.84303],[130.73977,32.84235]]]},"properties":{"key":"43105050001","name":"清水岩倉一丁目","pref":"熊本県","prefCode":"43","municipality":"熊本市北区","areaM2":163256.563,"population":571,"toponymIds":["43-cb6a3b8358"]}},{"type":"Feature","geometry":{"type":"Polygon","coordinates":[[[130.71368,32.85483],[130.71501,32.85473],[130.7154,32.85438],[130.71636,32.85395],[130.71733,32.85388],[130.71743,32.85361],[130.71779,32.8534],[130.71775,32.85326],[130.71719,32.85262],[130.71698,32.85267],[130.71648,32.85228],[130.71576,32.85208],[130.71542,32.85158],[130.7148,32.85115],[130.71427,32.85101],[130.7139,32.85113],[130.71334,32.8515],[130.71239,32.85172],[130.71141,32.85347],[130.71186,32.85351],[130.71202,32.85392],[130.71255,32.85353],[130.71314,32.85365],[130.71319,32.8548],[130.71368,32.85483]]]},"properties":{"key":"43105029101","name":"飛田一丁目","pref":"熊本県","prefCode":"43","municipality":"熊本市北区","areaM2":146052.95,"population":514,"toponymIds":["43-c422b4bd15"]}},{"type":"Feature","geometry":{"type":"Polygon","coordinates":[[[130.76796,32.84836],[130.76779,32.84827],[130.76452,32.85091],[130.7648,32.85121],[130.76903,32.85359],[130.76958,32.85127],[130.77035,32.85009],[130.76796,32.84836]]]},"properties":{"key":"43105018001","name":"武蔵ケ丘一丁目","pref":"熊本県","prefCode":"43","municipality":"熊本市北区","areaM2":163404.706,"population":699,"toponymIds":["43-d3db94fb7a"]}},{"type":"Feature","geometry":{"type":"Polygon","coordinates":[[[130.86563,32.57326],[130.86696,32.57293],[130.86878,32.57303],[130.86996,32.57227],[130.87051,32.57215],[130.87121,32.57221],[130.87225,32.57282],[130.875,32.57228],[130.87705,32.57229],[130.8778,32.57248],[130.87883,32.5734],[130.87911,32.57348],[130.88035,32.57349],[130.88429,32.57404],[130.88496,32.57392],[130.88338,32.5727],[130.88192,32.57274],[130.88235,32.57241],[130.88247,32.57207],[130.88279,32.57197],[130.88283,32.57168],[130.88252,32.57117],[130.88138,32.57129],[130.88049,32.57178],[130.88032,32.57172],[130.88042,32.57097],[130.88024,32.57071],[130.8816,32.56994],[130.88149,32.56952],[130.88096,32.56945],[130.88035,32.56899],[130.88034,32.56878],[130.88059,32.56849],[130.88009,32.56809],[130.87929,32.56646],[130.87938,32.56625],[130.88022,32.56573],[130.87963,32.56548],[130.87959,32.5651],[130.88102,32.56482],[130.88044,32.56439],[130.88047,32.56411],[130.87995,32.56377],[130.87975,32.56329],[130.87945,32.56311],[130.87957,32.56276],[130.87996,32.56262],[130.8801,32.56189],[130.8792,32.56054],[130.8787,32.5604],[130.87847,32.56089],[130.87828,32.56092],[130.87711,32.5599],[130.87431,32.55899],[130.87291,32.55408],[130.8745,32.55362],[130.87658,32.55234],[130.87773,32.55183],[130.88088,32.55128],[130.88367,32.55153],[130.88401,32.55132],[130.88434,32.55033],[130.88512,32.55053],[130.88631,32.55022],[130.88659,32.54989],[130.88645,32.5494],[130.88652,32.54854],[130.887,32.54761],[130.88763,32.54719],[130.88775,32.54639],[130.88874,32.54538],[130.88948,32.54487],[130.89034,32.54478],[130.89069,32.54401],[130.89016,32.54285],[130.89018,32.54217],[130.89241,32.53995],[130.89288,32.53904],[130.89375,32.53854],[130.89407,32.53802],[130.89488,32.53734],[130.8951,32.53691],[130.89495,32.53651],[130.89446,32.53627],[130.89437,32.53578],[130.89446,32.5354],[130.89499,32.53465],[130.8952,32.53314],[130.89479,32.5319],[130.89537,32.53125],[130.8955,32.53066],[130.89517,32.52936],[130.89448,32.52823],[130.89552,32.52748],[130.89609,32.52552],[130.89603,32.52486],[130.89568,32.52411],[130.89526,32.52369],[130.89448,32.52412],[130.89312,32.52366],[130.89274,32.52317],[130.89029,32.52129],[130.88997,32.52061],[130.89075,32.51968],[130.891,32.5189],[130.89198,32.51775],[130.89267,32.51747],[130.89348,32.5161],[130.89366,32.51529],[130.8933,32.51468],[130.89389,32.5135],[130.8939,32.51286],[130.89539,32.5128],[130.89566,32.51143],[130.89723,32.51106],[130.89756,32.50972],[130.89804,32.50891],[130.89772,32.50828],[130.89781,32.50792],[130.89885,32.50741],[130.89964,32.50659],[130.89895,32.50571],[130.89967,32.50473],[130.89887,32.50429],[130.89954,32.50353],[130.89908,32.50293],[130.89921,32.50228],[130.89903,32.50189],[130.89989,32.50117],[130.90004,32.50078],[130.8994,32.50012],[130.89887,32.49916],[130.89847,32.49891],[130.8976,32.49878],[130.89742,32.49859],[130.89748,32.4977],[130.89613,32.49747],[130.8958,32.49727],[130.89562,32.4962],[130.89627,32.49464],[130.89748,32.49438],[130.89774,32.49416],[130.89754,32.49333],[130.89777,32.49283],[130.8982,32.49241],[130.89857,32.49102],[130.8983,32.49049],[130.89835,32.49028],[130.89948,32.49013],[130.89974,32.48978],[130.89791,32.48795],[130.89823,32.48689],[130.89807,32.48665],[130.89562,32.48612],[130.89426,32.48566],[130.89372,32.48512],[130.89314,32.48394],[130.89268,32.48366],[130.88967,32.4835],[130.88895,32.4829],[130.88873,32.48239],[130.88873,32.48059],[130.8872,32.47864],[130.88653,32.4781],[130.88591,32.47678],[130.88539,32.47644],[130.885,32.47644],[130.88221,32.47789],[130.8811,32.47808],[130.88061,32.47799],[130.87978,32.47742],[130.87949,32.47711],[130.87935,32.47658],[130.87908,32.47631],[130.87879,32.47627],[130.8786,32.47688],[130.87778,32.4777],[130.87702,32.47951],[130.8772,32.47982],[130.87802,32.48034],[130.87806,32.48062],[130.87755,32.48112],[130.87756,32.48218],[130.87628,32.48475],[130.8752,32.4848],[130.87499,32.4851],[130.87427,32.48542],[130.87346,32.48642],[130.87198,32.4872],[130.8717,32.48801],[130.86953,32.48948],[130.86841,32.48996],[130.86725,32.49014],[130.86613,32.49114],[130.86528,32.49229],[130.86424,32.49294],[130.86339,32.49313],[130.86253,32.49374],[130.86158,32.49379],[130.85951,32.4932],[130.85863,32.4937],[130.85827,32.49368],[130.85761,32.49285],[130.85633,32.49186],[130.85494,32.49032],[130.85504,32.48942],[130.85436,32.48871],[130.8539,32.48792],[130.85289,32.48748],[130.85212,32.4879],[130.85137,32.48888],[130.85075,32.48925],[130.85081,32.4896],[130.85059,32.49046],[130.84932,32.49114],[130.84885,32.4919],[130.84752,32.49303],[130.84719,32.4931],[130.84581,32.4924],[130.84412,32.49221],[130.84343,32.49315],[130.84341,32.49399],[130.84285,32.49447],[130.84196,32.49486],[130.84186,32.49635],[130.84116,32.49695],[130.84109,32.49757],[130.84011,32.49928],[130.84271,32.50224],[130.84467,32.50415],[130.84517,32.50486],[130.84527,32.50534],[130.84476,32.506],[130.84464,32.50659],[130.84471,32.50985],[130.84372,32.5107],[130.84375,32.51113],[130.84485,32.51359],[130.84506,32.51496],[130.8441,32.51596],[130.8439,32.51675],[130.84537,32.51827],[130.84772,32.51846],[130.84936,32.5191],[130.84847,32.52056],[130.84784,32.52304],[130.84602,32.52668],[130.84499,32.53016],[130.84461,32.53057],[130.84288,32.53122],[130.83988,32.53204],[130.83965,32.53232],[130.83969,32.53282],[130.83865,32.53429],[130.8382,32.53434],[130.8364,32.53775],[130.83617,32.53994],[130.8359,32.54104],[130.83515,32.54207],[130.8348,32.54214],[130.83239,32.54124],[130.83147,32.54133],[130.83071,32.54121],[130.82992,32.54183],[130.82924,32.54192],[130.82646,32.54161],[130.82564,32.54101],[130.82485,32.54144],[130.82359,32.54122],[130.82293,32.54144],[130.82241,32.54143],[130.82186,32.54108],[130.82088,32.54082],[130.81958,32.5412],[130.81871,32.54075],[130.81715,32.54051],[130.81648,32.5401],[130.81551,32.53899],[130.81451,32.53928],[130.81384,32.53931],[130.813,32.53962],[130.81288,32.53982],[130.81315,32.5403],[130.81304,32.54044],[130.8109,32.54051],[130.81038,32.54068],[130.81013,32.54142],[130.81041,32.54276],[130.81018,32.54308],[130.80919,32.5435],[130.80868,32.54395],[130.80823,32.54621],[130.8084,32.54693],[130.80997,32.54814],[130.81018,32.54851],[130.80974,32.54955],[130.80951,32.5506],[130.80839,32.55128],[130.80819,32.55157],[130.80884,32.55261],[130.80878,32.55301],[130.80808,32.55339],[130.80663,32.55363],[130.80598,32.55392],[130.80587,32.5545],[130.8063,32.5551],[130.80631,32.5554],[130.80583,32.55576],[130.80454,32.55618],[130.80404,32.55657],[130.80339,32.55787],[130.80294,32.55808],[130.80278,32.55833],[130.80229,32.55945],[130.80572,32.56137],[130.80465,32.56198],[130.80462,32.5637],[130.80529,32.56436],[130.8063,32.56489],[130.80889,32.56756],[130.80974,32.56724],[130.81019,32.56726],[130.81162,32.56781],[130.81413,32.56758],[130.81539,32.56682],[130.81817,32.56333],[130.81971,32.56267],[130.82091,32.56104],[130.82277,32.56162],[130.82622,32.56199],[130.82736,32.56192],[130.82931,32.56243],[130.83005,32.56318],[130.83153,32.5638],[130.83216,32.56472],[130.83369,32.56532],[130.83507,32.56546],[130.83598,32.56573],[130.83679,32.56679],[130.83787,32.56712],[130.8382,32.56767],[130.83881,32.56772],[130.83937,32.56817],[130.84009,32.5682],[130.84029,32.56841],[130.83974,32.56885],[130.84033,32.56949],[130.8399,32.56981],[130.83995,32.56991],[130.84103,32.57004],[130.84168,32.56979],[130.84221,32.57081],[130.84267,32.57098],[130.84379,32.5704],[130.84457,32.5703],[130.84499,32.57005],[130.84515,32.56944],[130.84495,32.56854],[130.84594,32.5684],[130.84619,32.56932],[130.84647,32.56956],[130.84823,32.57047],[130.8494,32.57062],[130.85001,32.57088],[130.85046,32.5714],[130.85127,32.57183],[130.85157,32.5723],[130.85224,32.57282],[130.8536,32.57273],[130.85462,32.57302],[130.8561,32.57385],[130.8573,32.57368],[130.85829,32.5731],[130.85955,32.5736],[130.86075,32.57431],[130.86162,32.57436],[130.86416,32.57351],[130.86563,32.57326]]]},"properties":{"key":"432021930","name":"泉町柿迫","pref":"熊本県","prefCode":"43","municipality":"八代市","areaM2":51404052.289,"population":390,"toponymIds":["43-ff59f5f7dc"]}},{"type":"Feature","geometry":{"type":"Polygon","coordinates":[[[130.64952,32.57017],[130.65007,32.56949],[130.65235,32.56844],[130.65325,32.56854],[130.65513,32.56791],[130.65573,32.56823],[130.65593,32.56885],[130.65638,32.56893],[130.65721,32.56876],[130.65774,32.56818],[130.65816,32.56811],[130.65858,32.5677],[130.65855,32.56733],[130.65797,32.56621],[130.6593,32.56527],[130.65905,32.56493],[130.65785,32.56555],[130.65659,32.56384],[130.65537,32.5644],[130.6538,32.56072],[130.6527,32.56102],[130.65246,32.56055],[130.6521,32.56067],[130.65196,32.56043],[130.65597,32.5598],[130.65968,32.5587],[130.65989,32.5586],[130.65922,32.55698],[130.65303,32.55882],[130.6523,32.55702],[130.64781,32.55833],[130.6477,32.55856],[130.64667,32.55871],[130.6455,32.55667],[130.64548,32.55639],[130.64527,32.55641],[130.64484,32.55657],[130.64339,32.55817],[130.64207,32.55844],[130.64147,32.55879],[130.64058,32.55973],[130.63961,32.55992],[130.63891,32.56053],[130.63877,32.56143],[130.63886,32.56295],[130.6392,32.56416],[130.64026,32.56573],[130.64154,32.56707],[130.64537,32.57037],[130.64653,32.57002],[130.64705,32.57107],[130.64952,32.57017]]]},"properties":{"key":"432021790","name":"鏡町内田","pref":"熊本県","prefCode":"43","municipality":"八代市","areaM2":1946743.64,"population":1888,"toponymIds":["43-2b1b8581cc"]}},{"type":"Feature","geometry":{"type":"Polygon","coordinates":[[[130.56066,32.48797],[130.55865,32.48769],[130.55847,32.48703],[130.56394,32.48784],[130.5653,32.48771],[130.56457,32.48487],[130.57012,32.4844],[130.57044,32.48338],[130.57371,32.48441],[130.5764,32.48632],[130.57788,32.48525],[130.57861,32.48422],[130.57966,32.4832],[130.56743,32.47292],[130.5672,32.47749],[130.56493,32.47611],[130.55873,32.47721],[130.5587,32.47855],[130.55914,32.47877],[130.55906,32.47899],[130.55865,32.47912],[130.55776,32.48499],[130.55853,32.48794],[130.56054,32.4882],[130.5614,32.49185],[130.56207,32.49366],[130.56751,32.49525],[130.56749,32.49509],[130.56221,32.49355],[130.56152,32.49172],[130.56066,32.48797]]]},"properties":{"key":"432020940","name":"鼠蔵町","pref":"熊本県","prefCode":"43","municipality":"八代市","areaM2":1830158.725,"population":689,"toponymIds":["43-37cb275814"]}},{"type":"Feature","geometry":{"type":"Polygon","coordinates":[[[130.57803,32.43785],[130.57876,32.43742],[130.57855,32.43694],[130.57694,32.43599],[130.57507,32.43454],[130.57303,32.43444],[130.57363,32.43456],[130.56901,32.43625],[130.56864,32.43673],[130.5699,32.43924],[130.57024,32.43943],[130.57332,32.43907],[130.57364,32.43964],[130.57803,32.43785]]]},"properties":{"key":"432021530","name":"日奈久栄町","pref":"熊本県","prefCode":"43","municipality":"八代市","areaM2":345742.028,"population":7,"toponymIds":["43-148e704d58"]}},{"type":"Feature","geometry":{"type":"Polygon","coordinates":[[[130.5865,32.48715],[130.58649,32.48575],[130.58498,32.48575],[130.58293,32.48527],[130.58158,32.48465],[130.57966,32.4832],[130.57861,32.48422],[130.57788,32.48525],[130.57574,32.48679],[130.57635,32.49405],[130.57656,32.49458],[130.57716,32.49533],[130.5834,32.49389],[130.5832,32.49251],[130.58421,32.49187],[130.58788,32.49129],[130.58909,32.49095],[130.58906,32.48965],[130.58788,32.48833],[130.5865,32.48715]]]},"properties":{"key":"432020910","name":"葭牟田町","pref":"熊本県","prefCode":"43","municipality":"八代市","areaM2":1031060.321,"population":765,"toponymIds":["43-de3071fbad"]}},{"type":"Feature","geometry":{"type":"Polygon","coordinates":[[[130.76072,32.21501],[130.75983,32.21491],[130.75961,32.21667],[130.75937,32.21683],[130.76,32.21779],[130.76144,32.21734],[130.76184,32.21518],[130.76072,32.21501]]]},"properties":{"key":"432031060","name":"鍛冶屋町","pref":"熊本県","prefCode":"43","municipality":"人吉市","areaM2":52611.869,"population":182,"toponymIds":["43-06e899cd86"]}},{"type":"Feature","geometry":{"type":"Polygon","coordinates":[[[130.70636,32.22759],[130.70549,32.22712],[130.70526,32.22621],[130.70573,32.22608],[130.70658,32.22541],[130.70784,32.22485],[130.70793,32.22469],[130.70765,32.22442],[130.70825,32.22457],[130.70905,32.22405],[130.70919,32.22338],[130.70905,32.22314],[130.70945,32.22282],[130.70921,32.2224],[130.70975,32.22245],[130.71106,32.22121],[130.71102,32.22088],[130.71058,32.22042],[130.71105,32.22009],[130.7114,32.22043],[130.71167,32.22033],[130.71178,32.22055],[130.71226,32.2204],[130.71251,32.22006],[130.7128,32.22029],[130.71314,32.2203],[130.71357,32.21955],[130.71348,32.21838],[130.71381,32.21798],[130.71415,32.21849],[130.7152,32.21833],[130.71609,32.21765],[130.71669,32.21667],[130.71719,32.21659],[130.7176,32.21613],[130.71737,32.2154],[130.71745,32.21526],[130.71771,32.21587],[130.71791,32.21596],[130.71858,32.21538],[130.71826,32.21507],[130.71835,32.21495],[130.71882,32.21522],[130.71912,32.21515],[130.71858,32.21458],[130.71924,32.21465],[130.71955,32.21486],[130.71995,32.2146],[130.72035,32.21459],[130.71986,32.21412],[130.72111,32.21417],[130.72045,32.21393],[130.72018,32.21329],[130.72091,32.21285],[130.72132,32.21314],[130.72246,32.21353],[130.72326,32.21293],[130.72574,32.21199],[130.72579,32.21166],[130.72658,32.21144],[130.72671,32.2109],[130.72743,32.21076],[130.72782,32.21049],[130.72735,32.20996],[130.72759,32.20926],[130.72701,32.20912],[130.72677,32.2087],[130.72527,32.20832],[130.72499,32.20875],[130.72449,32.20837],[130.72473,32.20746],[130.72448,32.2068],[130.72393,32.20686],[130.72378,32.20752],[130.72288,32.20789],[130.72262,32.20768],[130.72247,32.20666],[130.722,32.20619],[130.72183,32.20642],[130.72211,32.20706],[130.72178,32.2077],[130.72148,32.20721],[130.72118,32.20703],[130.71865,32.20656],[130.71795,32.20574],[130.71754,32.20475],[130.71706,32.20443],[130.71784,32.20237],[130.71771,32.2016],[130.71734,32.20115],[130.71701,32.20104],[130.7155,32.20136],[130.71438,32.2012],[130.71292,32.19995],[130.7112,32.19937],[130.7112,32.19908],[130.71166,32.19895],[130.71121,32.19837],[130.71045,32.19862],[130.70964,32.19834],[130.70948,32.19772],[130.7089,32.19726],[130.70954,32.19691],[130.71019,32.19673],[130.71074,32.19679],[130.71084,32.19667],[130.71047,32.19627],[130.70965,32.1958],[130.70893,32.19587],[130.70876,32.19527],[130.70906,32.19411],[130.71056,32.19359],[130.71065,32.19313],[130.7112,32.19338],[130.71179,32.19306],[130.71183,32.19285],[130.71126,32.19222],[130.71213,32.19206],[130.71478,32.19311],[130.7161,32.19266],[130.71666,32.19263],[130.71657,32.1896],[130.71672,32.18973],[130.71689,32.19041],[130.71762,32.19075],[130.71875,32.19079],[130.71949,32.19061],[130.71984,32.19027],[130.72017,32.18926],[130.72085,32.18984],[130.72086,32.19018],[130.72111,32.19034],[130.72226,32.19026],[130.72252,32.18926],[130.7229,32.18976],[130.7235,32.18968],[130.72345,32.18939],[130.72309,32.18918],[130.72296,32.1889],[130.72362,32.18901],[130.7238,32.18799],[130.72399,32.1889],[130.72476,32.18998],[130.72599,32.18937],[130.72578,32.1891],[130.72591,32.18898],[130.72702,32.18884],[130.72822,32.18818],[130.72863,32.18777],[130.72932,32.18772],[130.72937,32.18658],[130.72979,32.18667],[130.73012,32.18706],[130.7308,32.18732],[130.73196,32.18756],[130.73252,32.18751],[130.73271,32.18785],[130.73323,32.18797],[130.73377,32.18844],[130.73446,32.18823],[130.73467,32.1886],[130.73551,32.18888],[130.73605,32.18435],[130.73634,32.18403],[130.7362,32.18295],[130.73653,32.18247],[130.73743,32.18192],[130.73736,32.18266],[130.73805,32.18357],[130.73813,32.18441],[130.73873,32.18473],[130.73935,32.18472],[130.73976,32.18498],[130.74009,32.1848],[130.74009,32.1841],[130.74042,32.18369],[130.74056,32.18279],[130.74036,32.18163],[130.74129,32.1824],[130.7417,32.18251],[130.74206,32.18317],[130.74238,32.1831],[130.74305,32.18358],[130.74331,32.18347],[130.74362,32.18293],[130.74414,32.18284],[130.74383,32.18335],[130.74397,32.18427],[130.74387,32.18496],[130.74534,32.18521],[130.74564,32.18582],[130.74589,32.18596],[130.74586,32.18709],[130.74562,32.18729],[130.74564,32.18769],[130.74609,32.18688],[130.74633,32.18562],[130.74706,32.18425],[130.74749,32.18377],[130.74745,32.18473],[130.74783,32.18695],[130.74902,32.18819],[130.7494,32.1889],[130.74893,32.19034],[130.74912,32.19076],[130.74915,32.19135],[130.749,32.19229],[130.74923,32.19271],[130.74989,32.19301],[130.74984,32.19373],[130.75025,32.19433],[130.75017,32.19511],[130.75068,32.1952],[130.75061,32.19478],[130.75094,32.19446],[130.75116,32.19344],[130.75228,32.19196],[130.75288,32.19031],[130.75337,32.18972],[130.75399,32.18976],[130.75491,32.1909],[130.7553,32.191],[130.75498,32.1903],[130.75452,32.19027],[130.75511,32.18952],[130.75609,32.1891],[130.75608,32.18855],[130.75669,32.18804],[130.75672,32.18729],[130.75656,32.18702],[130.75617,32.1869],[130.75579,32.18604],[130.75585,32.18504],[130.75553,32.18409],[130.75467,32.18336],[130.75451,32.18226],[130.75464,32.18188],[130.7544,32.18123],[130.75379,32.18078],[130.75297,32.1805],[130.75289,32.17997],[130.75179,32.17884],[130.75141,32.17798],[130.7516,32.17731],[130.7513,32.17635],[130.74874,32.17611],[130.74816,32.17557],[130.74809,32.17463],[130.74761,32.17392],[130.74739,32.17399],[130.7477,32.1745],[130.74774,32.17497],[130.74715,32.17575],[130.74649,32.17516],[130.74583,32.17542],[130.74534,32.17527],[130.74478,32.17407],[130.74454,32.17488],[130.74351,32.17504],[130.74231,32.17469],[130.74159,32.17389],[130.74074,32.17415],[130.73909,32.17391],[130.73836,32.17329],[130.73796,32.17333],[130.73795,32.1737],[130.73779,32.17374],[130.73695,32.17272],[130.73645,32.17255],[130.73708,32.17215],[130.73722,32.17182],[130.7373,32.17149],[130.73708,32.17109],[130.73481,32.16994],[130.73424,32.16983],[130.73387,32.16923],[130.73352,32.16937],[130.73281,32.16909],[130.73261,32.16886],[130.73279,32.16863],[130.73251,32.16829],[130.73202,32.16831],[130.73144,32.16708],[130.73147,32.16694],[130.73232,32.16662],[130.73199,32.16473],[130.73207,32.16318],[130.73145,32.16195],[130.73145,32.16055],[130.73118,32.1606],[130.73086,32.16113],[130.73068,32.16226],[130.73046,32.16196],[130.73028,32.16097],[130.7306,32.16011],[130.73056,32.15917],[130.73025,32.15876],[130.73002,32.15783],[130.72977,32.15751],[130.72999,32.15701],[130.73025,32.15692],[130.72998,32.15633],[130.73051,32.15615],[130.72958,32.15579],[130.73011,32.1557],[130.7307,32.1553],[130.73088,32.15432],[130.7302,32.15418],[130.72868,32.15303],[130.72688,32.15274],[130.7265,32.15239],[130.72359,32.15236],[130.72478,32.15309],[130.72292,32.15376],[130.72256,32.15417],[130.72202,32.15422],[130.72141,32.15449],[130.72052,32.15586],[130.72055,32.15828],[130.71918,32.15753],[130.71841,32.15683],[130.71652,32.15682],[130.7162,32.15665],[130.71547,32.15573],[130.71491,32.15538],[130.7114,32.15412],[130.71116,32.15444],[130.70825,32.15319],[130.70876,32.15203],[130.70881,32.15089],[130.70849,32.14892],[130.70779,32.14772],[130.70769,32.14676],[130.70741,32.14618],[130.70653,32.14508],[130.70404,32.14564],[130.701,32.1446],[130.6994,32.14513],[130.69897,32.1456],[130.69804,32.14564],[130.69763,32.14532],[130.69734,32.14543],[130.69612,32.14522],[130.696,32.14562],[130.69487,32.14573],[130.69468,32.14592],[130.69455,32.14649],[130.69427,32.14678],[130.69483,32.14704],[130.69483,32.14716],[130.69378,32.14752],[130.69358,32.14796],[130.69293,32.1479],[130.69131,32.14715],[130.68944,32.14769],[130.68804,32.1472],[130.68719,32.14658],[130.68676,32.14603],[130.68663,32.14547],[130.68678,32.14395],[130.68713,32.14308],[130.6864,32.14366],[130.68606,32.14418],[130.68559,32.14444],[130.68573,32.1455],[130.68501,32.14604],[130.68519,32.14698],[130.68539,32.14727],[130.68524,32.14771],[130.68438,32.14838],[130.68281,32.14825],[130.68247,32.14835],[130.68231,32.14863],[130.68241,32.15],[130.68172,32.15057],[130.68065,32.15268],[130.67961,32.15352],[130.67884,32.15488],[130.67945,32.15832],[130.67908,32.15894],[130.67957,32.15917],[130.68,32.16145],[130.68105,32.16219],[130.68103,32.16403],[130.68082,32.1649],[130.67975,32.16565],[130.67879,32.16587],[130.67735,32.16573],[130.67588,32.16532],[130.67511,32.16537],[130.67366,32.16688],[130.6725,32.1673],[130.67218,32.16766],[130.67171,32.16777],[130.67063,32.16737],[130.67039,32.16748],[130.66976,32.16837],[130.668,32.16834],[130.66715,32.16876],[130.66684,32.16928],[130.66658,32.17037],[130.66613,32.17092],[130.66558,32.17123],[130.66539,32.17295],[130.66417,32.17366],[130.66366,32.1745],[130.66431,32.17515],[130.66422,32.17566],[130.6645,32.17636],[130.66452,32.17748],[130.66349,32.17858],[130.66333,32.179],[130.66407,32.1806],[130.66525,32.18202],[130.66534,32.18243],[130.665,32.18323],[130.66555,32.18395],[130.66654,32.18449],[130.66706,32.18502],[130.66785,32.18535],[130.66846,32.18529],[130.66894,32.18505],[130.6721,32.18498],[130.6725,32.1854],[130.67287,32.18638],[130.67328,32.18691],[130.67292,32.1876],[130.67321,32.18856],[130.67685,32.19046],[130.67769,32.19402],[130.67836,32.19421],[130.6787,32.1946],[130.67877,32.19499],[130.67962,32.19522],[130.67987,32.19577],[130.67982,32.19689],[130.67873,32.19861],[130.67821,32.20111],[130.67841,32.20173],[130.6789,32.20225],[130.67897,32.20296],[130.67919,32.20338],[130.6802,32.20443],[130.68044,32.20518],[130.6817,32.2058],[130.68211,32.20659],[130.68546,32.20909],[130.68561,32.20968],[130.68627,32.21035],[130.68655,32.21105],[130.6876,32.21258],[130.69031,32.21464],[130.69128,32.21456],[130.69173,32.21428],[130.69238,32.2142],[130.69305,32.21504],[130.69489,32.21665],[130.69599,32.21848],[130.69548,32.21962],[130.69549,32.22052],[130.69563,32.22074],[130.69687,32.22108],[130.69743,32.22185],[130.69821,32.22252],[130.69778,32.22422],[130.69873,32.22453],[130.69921,32.22508],[130.70028,32.22515],[130.70087,32.22558],[130.70099,32.2263],[130.70051,32.22803],[130.70192,32.22758],[130.70352,32.22745],[130.70562,32.22812],[130.70729,32.22888],[130.70765,32.22853],[130.70636,32.22759]]]},"properties":{"key":"432036690","name":"鹿目町","pref":"熊本県","prefCode":"43","municipality":"人吉市","areaM2":38844681.544,"population":117,"toponymIds":["43-02b12c64ab"]}},{"type":"Feature","geometry":{"type":"Polygon","coordinates":[[[130.45178,32.96445],[130.45201,32.96418],[130.45245,32.96442],[130.45356,32.96453],[130.45537,32.96418],[130.45725,32.96445],[130.45773,32.96436],[130.45893,32.96466],[130.4593,32.96418],[130.45959,32.96409],[130.45975,32.96358],[130.46053,32.96344],[130.46093,32.96368],[130.46103,32.96407],[130.46228,32.96408],[130.46255,32.96453],[130.46278,32.96443],[130.4604,32.96057],[130.46029,32.96069],[130.45924,32.96057],[130.45871,32.96007],[130.45857,32.96042],[130.45801,32.96001],[130.45757,32.96036],[130.45706,32.95996],[130.45666,32.96016],[130.45557,32.96028],[130.455,32.96134],[130.45323,32.96215],[130.45266,32.96286],[130.45245,32.9628],[130.45198,32.96324],[130.45073,32.96328],[130.44994,32.96268],[130.44912,32.96341],[130.44943,32.9643],[130.44974,32.96445],[130.45106,32.96447],[130.45178,32.9649],[130.45178,32.96445]]]},"properties":{"key":"432040260","name":"蔵満","pref":"熊本県","prefCode":"43","municipality":"荒尾市","areaM2":363022.097,"population":0,"toponymIds":["43-dc3347bb2b"]}},{"type":"Feature","geometry":{"type":"Polygon","coordinates":[[[130.3879,32.20917],[130.38912,32.20986],[130.38945,32.20986],[130.38988,32.20942],[130.38996,32.20903],[130.3898,32.20858],[130.38896,32.20792],[130.3886,32.20789],[130.38866,32.20753],[130.38737,32.20762],[130.38509,32.20567],[130.38418,32.20527],[130.38326,32.2054],[130.38179,32.20512],[130.38141,32.20558],[130.38032,32.20575],[130.37945,32.20613],[130.37954,32.20657],[130.38054,32.20731],[130.38097,32.20816],[130.3809,32.20792],[130.38116,32.20788],[130.38114,32.20776],[130.38089,32.2079],[130.38058,32.20727],[130.38117,32.20774],[130.38058,32.20725],[130.38133,32.20681],[130.38182,32.20683],[130.38321,32.20747],[130.38457,32.20757],[130.38483,32.20844],[130.38408,32.20862],[130.38414,32.20894],[130.38389,32.20891],[130.384,32.20861],[130.38373,32.20856],[130.3839,32.20867],[130.38378,32.2091],[130.38421,32.20907],[130.38449,32.20923],[130.38539,32.21093],[130.386,32.21098],[130.38653,32.21063],[130.38666,32.2099],[130.38706,32.20939],[130.3879,32.20917]]]},"properties":{"key":"43205014001","name":"梅戸町一丁目","pref":"熊本県","prefCode":"43","municipality":"水俣市","areaM2":245948.383,"population":102,"toponymIds":["43-0f12ddf954"]}},{"type":"Feature","geometry":{"type":"Polygon","coordinates":[[[130.43495,32.22755],[130.43557,32.22663],[130.43671,32.22561],[130.43681,32.22497],[130.4374,32.22455],[130.43676,32.22425],[130.43689,32.22399],[130.43715,32.22397],[130.43763,32.22339],[130.43825,32.2236],[130.43826,32.2228],[130.4386,32.22282],[130.43863,32.22204],[130.43895,32.22139],[130.43863,32.22136],[130.43868,32.22086],[130.43916,32.2209],[130.43931,32.21979],[130.43905,32.21948],[130.43843,32.21935],[130.43781,32.21751],[130.43783,32.21698],[130.43883,32.21617],[130.4389,32.21575],[130.43949,32.21509],[130.44023,32.21524],[130.44057,32.2148],[130.44148,32.21458],[130.44171,32.21424],[130.44315,32.21437],[130.4433,32.21387],[130.44388,32.21359],[130.44587,32.21338],[130.44746,32.21362],[130.44796,32.21324],[130.44798,32.2128],[130.44836,32.21263],[130.44838,32.21186],[130.4492,32.21047],[130.44999,32.21017],[130.45156,32.20989],[130.45282,32.20999],[130.4531,32.20954],[130.45363,32.20925],[130.4549,32.20963],[130.45603,32.21047],[130.45639,32.21051],[130.45766,32.20984],[130.45945,32.2101],[130.46009,32.20989],[130.46504,32.20917],[130.46634,32.2087],[130.46771,32.20952],[130.46935,32.20981],[130.46953,32.20975],[130.47053,32.20825],[130.47088,32.20717],[130.46977,32.20628],[130.46871,32.20487],[130.46708,32.20353],[130.46708,32.20308],[130.4666,32.203],[130.46506,32.20069],[130.46478,32.19971],[130.46384,32.19906],[130.46192,32.19699],[130.46069,32.19621],[130.45799,32.19515],[130.45472,32.19499],[130.45216,32.19445],[130.44954,32.19436],[130.44846,32.19755],[130.44622,32.2012],[130.44547,32.20207],[130.44483,32.20249],[130.44273,32.20314],[130.44004,32.20346],[130.43546,32.20324],[130.43221,32.2027],[130.4298,32.20299],[130.42978,32.20341],[130.42915,32.20468],[130.42937,32.20513],[130.42957,32.20463],[130.42993,32.20427],[130.43045,32.20422],[130.43039,32.20336],[130.43125,32.20296],[130.43118,32.2035],[130.4316,32.20427],[130.43197,32.20439],[130.43256,32.20413],[130.43287,32.20498],[130.43315,32.20444],[130.43386,32.20482],[130.43385,32.20553],[130.43426,32.20609],[130.43548,32.20658],[130.43461,32.20702],[130.43447,32.2072],[130.43457,32.20747],[130.43602,32.20738],[130.43602,32.20758],[130.43501,32.20853],[130.43507,32.20885],[130.43653,32.20858],[130.43639,32.20907],[130.43668,32.20918],[130.43761,32.20865],[130.43791,32.20861],[130.43818,32.20886],[130.43748,32.20952],[130.43737,32.20998],[130.43706,32.2104],[130.43485,32.21126],[130.43361,32.21138],[130.43302,32.21167],[130.43288,32.21193],[130.43288,32.21208],[130.4331,32.21191],[130.43376,32.21194],[130.43309,32.2124],[130.43346,32.21267],[130.43399,32.21257],[130.43445,32.21222],[130.43452,32.21279],[130.43482,32.21314],[130.43463,32.2139],[130.43567,32.21451],[130.43513,32.21463],[130.43515,32.21481],[130.43489,32.21485],[130.43636,32.21574],[130.43722,32.21825],[130.43695,32.21905],[130.43755,32.2196],[130.43748,32.22003],[130.43706,32.22003],[130.43692,32.22088],[130.43641,32.22123],[130.43691,32.22187],[130.43658,32.22281],[130.43672,32.22388],[130.43648,32.22435],[130.4359,32.22417],[130.4358,32.22442],[130.43632,32.22461],[130.43658,32.22503],[130.43619,32.22569],[130.43452,32.22721],[130.43447,32.22737],[130.43495,32.22755]]]},"properties":{"key":"432050480","name":"小津奈木","pref":"熊本県","prefCode":"43","municipality":"水俣市","areaM2":4641965.27,"population":94,"toponymIds":["43-1c56940dc3"]}},{"type":"Feature","geometry":{"type":"Polygon","coordinates":[[[130.58095,32.97089],[130.58084,32.97008],[130.58222,32.96977],[130.58289,32.96925],[130.58293,32.96794],[130.58273,32.96755],[130.58281,32.96715],[130.58332,32.96709],[130.58359,32.96589],[130.58453,32.96511],[130.58519,32.96402],[130.5853,32.963],[130.58594,32.96165],[130.5861,32.9607],[130.5871,32.96041],[130.5877,32.96044],[130.5894,32.95956],[130.58584,32.95589],[130.58549,32.95628],[130.58509,32.95724],[130.58516,32.95785],[130.58476,32.95793],[130.58411,32.95889],[130.58237,32.95959],[130.58148,32.95969],[130.58036,32.96065],[130.57987,32.96075],[130.57967,32.96096],[130.57997,32.96179],[130.57995,32.96258],[130.57872,32.96402],[130.57828,32.96503],[130.57898,32.96704],[130.57767,32.96692],[130.57576,32.96612],[130.57529,32.96575],[130.57523,32.96545],[130.57477,32.96528],[130.57463,32.96493],[130.57366,32.96446],[130.57312,32.96448],[130.57103,32.96536],[130.57054,32.96583],[130.56956,32.9663],[130.56862,32.96648],[130.56942,32.96743],[130.56985,32.96763],[130.57027,32.96809],[130.57065,32.96915],[130.57175,32.96958],[130.57204,32.96962],[130.57274,32.96928],[130.57334,32.96956],[130.57388,32.96949],[130.57412,32.96987],[130.57462,32.97006],[130.57472,32.96969],[130.57491,32.96958],[130.5756,32.96983],[130.57634,32.96944],[130.57698,32.96972],[130.57791,32.96971],[130.57804,32.97024],[130.57771,32.97046],[130.57774,32.97069],[130.57816,32.97073],[130.5786,32.97176],[130.57939,32.97259],[130.57906,32.97209],[130.57916,32.97032],[130.5794,32.97042],[130.57955,32.97107],[130.57991,32.97149],[130.58007,32.97138],[130.57995,32.97074],[130.58019,32.97053],[130.58047,32.97078],[130.58056,32.97139],[130.58095,32.97089]]]},"properties":{"key":"432060450","name":"青木","pref":"熊本県","prefCode":"43","municipality":"玉名市","areaM2":1091774.548,"population":103,"toponymIds":["43-3cc91a7c6f"]}},{"type":"Feature","geometry":{"type":"Polygon","coordinates":[[[130.56916,32.91662],[130.56962,32.91669],[130.57124,32.91648],[130.5722,32.91675],[130.57322,32.91753],[130.57327,32.91725],[130.57285,32.91678],[130.57341,32.91671],[130.57535,32.91691],[130.57601,32.91651],[130.57643,32.91687],[130.58113,32.91461],[130.5827,32.91408],[130.58281,32.91461],[130.58302,32.91484],[130.58393,32.91515],[130.58514,32.91625],[130.58549,32.91628],[130.58575,32.91657],[130.58654,32.91642],[130.58666,32.91652],[130.58744,32.9175],[130.58748,32.91767],[130.58726,32.91776],[130.58742,32.91821],[130.58729,32.91872],[130.58843,32.91921],[130.58918,32.9188],[130.59146,32.91628],[130.59255,32.91543],[130.59566,32.91368],[130.59609,32.91369],[130.59626,32.91321],[130.59254,32.91266],[130.59195,32.91242],[130.59179,32.91215],[130.59073,32.91218],[130.5904,32.91185],[130.59005,32.91175],[130.59011,32.91165],[130.58967,32.91149],[130.58969,32.91129],[130.58917,32.91122],[130.5889,32.91141],[130.58861,32.91057],[130.58859,32.90968],[130.58873,32.90941],[130.58841,32.90944],[130.58818,32.90972],[130.58815,32.90952],[130.58832,32.90937],[130.58723,32.90812],[130.58784,32.90736],[130.58739,32.90695],[130.58637,32.90778],[130.58623,32.90762],[130.58544,32.90807],[130.58458,32.90833],[130.58362,32.90828],[130.58303,32.90862],[130.58104,32.90782],[130.58008,32.90771],[130.57945,32.90709],[130.57149,32.90513],[130.57129,32.90495],[130.57004,32.90581],[130.56876,32.90525],[130.56824,32.90524],[130.5686,32.90479],[130.56712,32.90395],[130.5664,32.90472],[130.56592,32.90498],[130.56086,32.91188],[130.56173,32.91229],[130.56173,32.91317],[130.56297,32.91347],[130.56306,32.91446],[130.5632,32.91785],[130.56278,32.91909],[130.56152,32.91973],[130.56219,32.9206],[130.56228,32.92149],[130.56717,32.92098],[130.56691,32.91955],[130.56744,32.91912],[130.56774,32.91807],[130.56808,32.91755],[130.56916,32.91662]]]},"properties":{"key":"432060230","name":"伊倉北方","pref":"熊本県","prefCode":"43","municipality":"玉名市","areaM2":3136822.315,"population":2679,"toponymIds":["43-b1b6ef26f4"]}},{"type":"Feature","geometry":{"type":"Polygon","coordinates":[[[130.57082,32.90523],[130.57129,32.90495],[130.57149,32.90513],[130.57402,32.90576],[130.57419,32.90483],[130.57453,32.90482],[130.57459,32.9044],[130.57489,32.90438],[130.57484,32.90389],[130.5755,32.90383],[130.57533,32.90266],[130.5741,32.9028],[130.57372,32.90117],[130.57379,32.90093],[130.57253,32.90018],[130.57496,32.89686],[130.57513,32.8964],[130.57505,32.89576],[130.58056,32.89529],[130.58057,32.89506],[130.58013,32.89362],[130.57936,32.89217],[130.57871,32.89221],[130.57767,32.89271],[130.57595,32.89316],[130.57588,32.89338],[130.57477,32.89362],[130.57466,32.89287],[130.57533,32.89214],[130.57519,32.89206],[130.57456,32.89249],[130.57414,32.89153],[130.57311,32.8911],[130.57236,32.89115],[130.57218,32.8902],[130.57114,32.88921],[130.57046,32.88925],[130.56886,32.89048],[130.56853,32.88972],[130.56719,32.88978],[130.5665,32.8893],[130.56621,32.88932],[130.5662,32.89016],[130.56547,32.89192],[130.56506,32.89251],[130.56411,32.89324],[130.56377,32.895],[130.57089,32.89877],[130.56784,32.90287],[130.56768,32.90341],[130.56712,32.90395],[130.5686,32.90479],[130.56824,32.90524],[130.56876,32.90525],[130.57004,32.90581],[130.57082,32.90523]]]},"properties":{"key":"432060240","name":"伊倉南方","pref":"熊本県","prefCode":"43","municipality":"玉名市","areaM2":1295261.495,"population":448,"toponymIds":["43-8631653004"]}},{"type":"Feature","geometry":{"type":"Polygon","coordinates":[[[130.56763,32.92568],[130.56912,32.92571],[130.56943,32.9252],[130.57063,32.92513],[130.57142,32.92468],[130.57169,32.92468],[130.57235,32.92507],[130.57289,32.92446],[130.57352,32.92407],[130.57407,32.92413],[130.57373,32.92468],[130.57384,32.92509],[130.57465,32.92537],[130.57465,32.92561],[130.57561,32.92594],[130.576,32.92595],[130.57596,32.92548],[130.57644,32.92499],[130.57745,32.92546],[130.5777,32.92526],[130.57787,32.92588],[130.57773,32.9266],[130.57792,32.92708],[130.5789,32.92657],[130.58018,32.92652],[130.58047,32.92573],[130.58084,32.92537],[130.58156,32.92508],[130.58216,32.92406],[130.58161,32.92402],[130.58167,32.92221],[130.58142,32.92163],[130.58141,32.92116],[130.58512,32.92127],[130.5847,32.92046],[130.58562,32.92022],[130.58599,32.91949],[130.58622,32.91945],[130.58678,32.92002],[130.5872,32.92008],[130.58759,32.91995],[130.58793,32.91938],[130.58833,32.91921],[130.58729,32.91872],[130.58742,32.91821],[130.58726,32.91776],[130.58748,32.91767],[130.58744,32.9175],[130.58666,32.91652],[130.58654,32.91642],[130.58575,32.91657],[130.58549,32.91628],[130.58514,32.91625],[130.58393,32.91515],[130.58302,32.91484],[130.58281,32.91461],[130.5827,32.91408],[130.58113,32.91461],[130.57643,32.91687],[130.57601,32.91651],[130.57535,32.91691],[130.57341,32.91671],[130.57285,32.91678],[130.57327,32.91725],[130.57322,32.91753],[130.5722,32.91675],[130.57124,32.91648],[130.56962,32.91669],[130.56916,32.91662],[130.56808,32.91755],[130.56774,32.91807],[130.56744,32.91912],[130.56691,32.91955],[130.56717,32.92098],[130.56228,32.92149],[130.56236,32.92268],[130.56283,32.92435],[130.56362,32.92571],[130.56482,32.92671],[130.56522,32.92726],[130.56724,32.92604],[130.56733,32.92573],[130.56763,32.92568]]]},"properties":{"key":"432060290","name":"大倉","pref":"熊本県","prefCode":"43","municipality":"玉名市","areaM2":1904853.996,"population":1036,"toponymIds":["43-c8d5822c36"]}},{"type":"Feature","geometry":{"type":"Polygon","coordinates":[[[130.56152,32.91973],[130.56278,32.91909],[130.56317,32.91796],[130.56099,32.917],[130.56103,32.91737],[130.55852,32.91715],[130.55859,32.91692],[130.55739,32.91408],[130.55574,32.91455],[130.55473,32.91209],[130.5531,32.91254],[130.55444,32.9157],[130.5566,32.91698],[130.55569,32.91837],[130.55592,32.91895],[130.559,32.91883],[130.5609,32.91927],[130.56152,32.91973]]]},"properties":{"key":"432060220","name":"千田川原","pref":"熊本県","prefCode":"43","municipality":"玉名市","areaM2":261940.533,"population":101,"toponymIds":["43-c953fe7dd5"]}},{"type":"Feature","geometry":{"type":"Polygon","coordinates":[[[130.55145,32.93352],[130.55166,32.93306],[130.55129,32.93291],[130.55152,32.93222],[130.55106,32.93212],[130.55132,32.93087],[130.55045,32.93053],[130.55034,32.92987],[130.55081,32.92834],[130.55217,32.92842],[130.55235,32.92805],[130.55222,32.92795],[130.55221,32.9268],[130.55279,32.92679],[130.55258,32.9263],[130.55265,32.92578],[130.55037,32.92509],[130.55081,32.92302],[130.54886,32.92292],[130.54867,32.92402],[130.54797,32.924],[130.54773,32.92432],[130.54614,32.9242],[130.54583,32.92433],[130.5459,32.92471],[130.54542,32.92494],[130.54523,32.92444],[130.54506,32.92445],[130.54501,32.92497],[130.54375,32.925],[130.54387,32.92447],[130.54092,32.92432],[130.54071,32.92521],[130.54076,32.92572],[130.54059,32.92572],[130.54046,32.92668],[130.5399,32.92798],[130.54014,32.92978],[130.53954,32.92978],[130.53929,32.93008],[130.53904,32.93106],[130.53937,32.931],[130.53892,32.93198],[130.54112,32.93235],[130.54141,32.93194],[130.54354,32.93211],[130.54401,32.93224],[130.54465,32.93272],[130.54505,32.93253],[130.5455,32.93264],[130.54551,32.93283],[130.54575,32.93295],[130.54694,32.93273],[130.5476,32.93299],[130.54858,32.93265],[130.54925,32.93285],[130.54927,32.93269],[130.55039,32.93325],[130.55145,32.93352]]]},"properties":{"key":"432060070","name":"中","pref":"熊本県","prefCode":"43","municipality":"玉名市","areaM2":992696.573,"population":2638,"toponymIds":["43-da70e99b21"]}},{"type":"Feature","geometry":{"type":"Polygon","coordinates":[[[130.6671,32.9907],[130.66747,32.99026],[130.66752,32.99047],[130.66801,32.99082],[130.66892,32.99049],[130.66858,32.99001],[130.66815,32.99002],[130.67092,32.98394],[130.67058,32.97758],[130.67439,32.97894],[130.67371,32.9801],[130.67535,32.98073],[130.67612,32.97956],[130.67751,32.98],[130.67835,32.97987],[130.67889,32.97939],[130.6799,32.97997],[130.67976,32.98043],[130.6805,32.98073],[130.68029,32.98009],[130.68135,32.98037],[130.68166,32.98019],[130.68195,32.97964],[130.68264,32.97975],[130.68303,32.97949],[130.68403,32.9793],[130.68392,32.97749],[130.68409,32.97621],[130.68495,32.97384],[130.68443,32.97364],[130.68333,32.97285],[130.68262,32.9729],[130.68201,32.97262],[130.68082,32.97244],[130.68018,32.97185],[130.68043,32.97171],[130.6803,32.97107],[130.68042,32.97087],[130.67949,32.96919],[130.67848,32.96858],[130.67657,32.96818],[130.67612,32.96773],[130.67572,32.96676],[130.67482,32.96702],[130.67428,32.96565],[130.67301,32.96603],[130.6721,32.96396],[130.67184,32.96402],[130.67185,32.96329],[130.67197,32.96291],[130.67216,32.96284],[130.67215,32.96253],[130.67151,32.96242],[130.67222,32.96073],[130.67031,32.96079],[130.67023,32.96049],[130.66913,32.95983],[130.66918,32.95899],[130.6683,32.95901],[130.66822,32.95829],[130.66569,32.95881],[130.66661,32.95743],[130.66693,32.95656],[130.6686,32.95514],[130.66802,32.95461],[130.66743,32.95494],[130.66658,32.95398],[130.66244,32.95556],[130.66235,32.95546],[130.65974,32.95675],[130.6528,32.96107],[130.65215,32.96189],[130.65009,32.96333],[130.65057,32.96422],[130.65119,32.96449],[130.65162,32.96489],[130.65208,32.96501],[130.65222,32.96527],[130.65206,32.96547],[130.65227,32.96587],[130.65271,32.96607],[130.65278,32.96648],[130.65265,32.96695],[130.65299,32.96724],[130.65267,32.96749],[130.65255,32.96797],[130.65288,32.96872],[130.65282,32.96914],[130.65458,32.97188],[130.65258,32.9743],[130.65157,32.97494],[130.6497,32.97562],[130.64787,32.97592],[130.64729,32.97639],[130.64676,32.97608],[130.64471,32.97613],[130.64456,32.97648],[130.64432,32.97648],[130.64393,32.97744],[130.64382,32.97659],[130.64251,32.97602],[130.64114,32.97567],[130.64032,32.97582],[130.64008,32.97632],[130.64049,32.97776],[130.63993,32.97858],[130.64022,32.97888],[130.63986,32.97934],[130.64004,32.97976],[130.64031,32.97995],[130.64025,32.9801],[130.64057,32.98068],[130.64023,32.98185],[130.63976,32.98194],[130.64014,32.98271],[130.64127,32.9835],[130.64184,32.98297],[130.64195,32.98332],[130.64282,32.98361],[130.64409,32.98289],[130.64481,32.98208],[130.64578,32.98194],[130.64624,32.98251],[130.6461,32.98295],[130.64587,32.98303],[130.64591,32.98319],[130.64621,32.98327],[130.64616,32.98373],[130.64679,32.98448],[130.64701,32.98547],[130.64781,32.98542],[130.64822,32.98565],[130.64805,32.98601],[130.6484,32.98617],[130.64795,32.98691],[130.64814,32.98695],[130.64856,32.98656],[130.64888,32.98594],[130.64968,32.98568],[130.65006,32.98607],[130.65149,32.98643],[130.65133,32.98746],[130.65274,32.98676],[130.65617,32.98607],[130.65912,32.98592],[130.6607,32.98533],[130.66131,32.98603],[130.66184,32.98638],[130.66358,32.98736],[130.66451,32.98769],[130.66486,32.98801],[130.66506,32.99038],[130.66566,32.99157],[130.66614,32.99203],[130.66621,32.99152],[130.6671,32.9907]]]},"properties":{"key":"432080760","name":"鹿央町合里","pref":"熊本県","prefCode":"43","municipality":"山鹿市","areaM2":8282664.673,"population":879,"toponymIds":["43-520a355034"]}},{"type":"Feature","geometry":{"type":"Polygon","coordinates":[[[130.67531,33.00204],[130.67505,33.00125],[130.67563,33.00112],[130.67554,33.00094],[130.67642,33.0004],[130.67721,33.00052],[130.67886,32.9986],[130.67965,32.99911],[130.67908,33.00024],[130.67868,33.00054],[130.68062,32.99918],[130.68204,32.99749],[130.68283,32.99842],[130.68466,32.9973],[130.68563,32.99624],[130.68699,32.99709],[130.68833,32.99556],[130.68858,32.99572],[130.6906,32.99341],[130.69119,32.99379],[130.69185,32.99301],[130.69207,32.99314],[130.69276,32.99236],[130.693,32.99252],[130.69369,32.99175],[130.68827,32.98834],[130.68661,32.98799],[130.6846,32.98267],[130.68443,32.98267],[130.68403,32.9793],[130.68303,32.97949],[130.68264,32.97975],[130.68195,32.97964],[130.68166,32.98019],[130.68135,32.98037],[130.68029,32.98009],[130.6805,32.98073],[130.67976,32.98043],[130.6799,32.97997],[130.67889,32.97939],[130.67835,32.97987],[130.67751,32.98],[130.67612,32.97956],[130.67535,32.98073],[130.67371,32.9801],[130.67439,32.97894],[130.67058,32.97758],[130.67092,32.98394],[130.66815,32.99002],[130.66858,32.99001],[130.66892,32.99049],[130.66801,32.99082],[130.66752,32.99047],[130.66747,32.99026],[130.66621,32.99152],[130.666,32.99353],[130.66523,32.99453],[130.66523,32.99496],[130.66549,32.99528],[130.66591,32.99535],[130.6661,32.99581],[130.66573,32.99748],[130.66672,32.99772],[130.66625,32.99848],[130.66634,32.99863],[130.66732,32.99907],[130.66764,32.99876],[130.66782,32.99939],[130.66803,32.99928],[130.66797,32.99893],[130.66831,32.99876],[130.66846,32.99925],[130.66876,32.99932],[130.66877,32.99885],[130.66948,32.99897],[130.66965,32.99791],[130.66997,32.99828],[130.66988,32.99881],[130.67015,32.99925],[130.66992,32.99944],[130.66983,32.99994],[130.67093,33.00004],[130.67157,33.00073],[130.67187,33.0014],[130.6726,33.0016],[130.67271,33.0013],[130.67304,33.00136],[130.67296,33.00169],[130.67479,33.00236],[130.67531,33.00204]]]},"properties":{"key":"432080750","name":"鹿央町岩原","pref":"熊本県","prefCode":"43","municipality":"山鹿市","areaM2":3998010.11,"population":663,"toponymIds":["43-03f61122f3"]}},{"type":"Feature","geometry":{"type":"Polygon","coordinates":[[[130.649,32.9631],[130.64906,32.96299],[130.64963,32.9631],[130.64983,32.96271],[130.65067,32.96283],[130.65125,32.96249],[130.65228,32.96177],[130.6528,32.96107],[130.65753,32.95805],[130.65541,32.95584],[130.65453,32.95565],[130.6544,32.95646],[130.65215,32.95608],[130.65169,32.95493],[130.65044,32.95375],[130.65042,32.95333],[130.65125,32.95207],[130.65019,32.95156],[130.64823,32.95007],[130.64696,32.94941],[130.64662,32.94877],[130.6459,32.94913],[130.64556,32.94897],[130.64535,32.94871],[130.64532,32.94826],[130.64394,32.9464],[130.64258,32.94944],[130.64284,32.94989],[130.6425,32.95052],[130.64264,32.95266],[130.643,32.95257],[130.64305,32.95342],[130.64349,32.95418],[130.64353,32.95478],[130.64557,32.95548],[130.64591,32.95588],[130.64606,32.95636],[130.64649,32.95667],[130.64573,32.95758],[130.64575,32.95896],[130.64617,32.95929],[130.64599,32.9597],[130.64624,32.95993],[130.6468,32.95981],[130.64691,32.96055],[130.64671,32.96097],[130.64604,32.96147],[130.64572,32.96209],[130.64667,32.96232],[130.64692,32.96206],[130.64758,32.9621],[130.64714,32.96249],[130.64739,32.96306],[130.6466,32.96419],[130.64751,32.96373],[130.64758,32.9635],[130.649,32.9631]]]},"properties":{"key":"432080820","name":"鹿央町梅木谷","pref":"熊本県","prefCode":"43","municipality":"山鹿市","areaM2":1149440.33,"population":71,"toponymIds":["43-fd2f4f9502"]}},{"type":"Feature","geometry":{"type":"Polygon","coordinates":[[[130.6466,32.96419],[130.64739,32.96306],[130.64714,32.96249],[130.64758,32.9621],[130.64692,32.96206],[130.64667,32.96232],[130.64572,32.96209],[130.64604,32.96147],[130.64681,32.96085],[130.64692,32.96044],[130.6468,32.95981],[130.64624,32.95993],[130.64599,32.9597],[130.64617,32.95929],[130.64575,32.95896],[130.64573,32.95758],[130.6465,32.95673],[130.64606,32.95636],[130.64566,32.95557],[130.64353,32.95478],[130.64349,32.95418],[130.64305,32.95342],[130.64308,32.95277],[130.64292,32.95249],[130.64264,32.95266],[130.64242,32.95327],[130.64247,32.95384],[130.64129,32.95388],[130.64002,32.95326],[130.6377,32.95313],[130.63809,32.95572],[130.63897,32.95753],[130.63999,32.95867],[130.64093,32.96089],[130.64173,32.96151],[130.64189,32.96219],[130.64321,32.96219],[130.64296,32.96295],[130.64314,32.96279],[130.64311,32.9632],[130.64354,32.96316],[130.64341,32.96385],[130.64362,32.96443],[130.6441,32.96391],[130.64435,32.96388],[130.64578,32.9644],[130.6466,32.96419]]]},"properties":{"key":"432080810","name":"鹿央町大浦","pref":"熊本県","prefCode":"43","municipality":"山鹿市","areaM2":640688.65,"population":70,"toponymIds":["43-6d67460450"]}},{"type":"Feature","geometry":{"type":"Polygon","coordinates":[[[130.66077,32.95619],[130.66235,32.95546],[130.66244,32.95556],[130.66423,32.95488],[130.66343,32.95345],[130.66402,32.95313],[130.66356,32.95205],[130.66365,32.95165],[130.66264,32.95104],[130.66257,32.95077],[130.6622,32.9507],[130.66199,32.95035],[130.66128,32.95019],[130.66043,32.95092],[130.6603,32.95123],[130.66059,32.95024],[130.6596,32.94996],[130.65664,32.94982],[130.65561,32.9502],[130.65563,32.95065],[130.65229,32.951],[130.65177,32.95016],[130.65156,32.94934],[130.65104,32.94901],[130.65101,32.94878],[130.65068,32.94893],[130.65135,32.94779],[130.65092,32.94748],[130.65107,32.94779],[130.65093,32.94799],[130.65028,32.94852],[130.64943,32.9487],[130.64916,32.94893],[130.64672,32.94888],[130.64696,32.94941],[130.64823,32.95007],[130.65019,32.95156],[130.65125,32.95207],[130.65042,32.95333],[130.65044,32.95375],[130.65169,32.95493],[130.65215,32.95608],[130.6544,32.95646],[130.65453,32.95565],[130.65541,32.95584],[130.65753,32.95805],[130.66077,32.95619]]]},"properties":{"key":"432080830","name":"鹿央町北谷","pref":"熊本県","prefCode":"43","municipality":"山鹿市","areaM2":870485.521,"population":85,"toponymIds":["43-d9527863e2"]}},{"type":"Feature","geometry":{"type":"Polygon","coordinates":[[[130.65548,32.9441],[130.65514,32.94382],[130.65478,32.94277],[130.65571,32.94227],[130.65505,32.94065],[130.65508,32.93963],[130.65261,32.93602],[130.65403,32.93487],[130.65366,32.93454],[130.6536,32.93399],[130.6531,32.93354],[130.65291,32.9335],[130.65271,32.93378],[130.65244,32.93381],[130.65204,32.93336],[130.65178,32.93334],[130.65167,32.9332],[130.65178,32.93252],[130.65157,32.93226],[130.65121,32.93259],[130.65108,32.93349],[130.6504,32.934],[130.6505,32.93458],[130.65019,32.93444],[130.64958,32.93481],[130.64914,32.93542],[130.64749,32.93619],[130.64714,32.93609],[130.64684,32.93566],[130.64659,32.93599],[130.64476,32.9358],[130.64428,32.93648],[130.64387,32.93661],[130.64394,32.9369],[130.64363,32.93727],[130.64327,32.93741],[130.64322,32.93717],[130.64283,32.93714],[130.64201,32.93771],[130.6424,32.93832],[130.64234,32.93893],[130.64297,32.9403],[130.64359,32.94057],[130.6438,32.94123],[130.64421,32.94148],[130.6446,32.94222],[130.64577,32.9422],[130.64611,32.94199],[130.64622,32.94167],[130.64658,32.94204],[130.64678,32.94184],[130.64684,32.94136],[130.64731,32.94153],[130.64813,32.94144],[130.64817,32.94111],[130.6484,32.94124],[130.64831,32.94153],[130.64784,32.94171],[130.64818,32.94173],[130.64517,32.94492],[130.65312,32.9438],[130.65327,32.94395],[130.65361,32.94387],[130.65469,32.94649],[130.65534,32.94765],[130.65589,32.94739],[130.65593,32.94652],[130.65652,32.9458],[130.65548,32.9441]]]},"properties":{"key":"432080850","name":"鹿央町霜野","pref":"熊本県","prefCode":"43","municipality":"山鹿市","areaM2":1043964.747,"population":147,"toponymIds":["43-b89900e7cd"]}},{"type":"Feature","geometry":{"type":"Polygon","coordinates":[[[130.71748,32.98001],[130.71923,32.9792],[130.72416,32.97628],[130.7227,32.97474],[130.72086,32.97577],[130.71885,32.9734],[130.71807,32.97378],[130.71841,32.97495],[130.71731,32.97542],[130.71565,32.9765],[130.7149,32.97576],[130.71237,32.9773],[130.712,32.97738],[130.70811,32.97987],[130.70722,32.97893],[130.70812,32.97853],[130.70935,32.97748],[130.709,32.97722],[130.70924,32.97701],[130.70881,32.97645],[130.70916,32.97625],[130.7089,32.97566],[130.70836,32.97641],[130.70802,32.97605],[130.7082,32.9759],[130.70752,32.97529],[130.70834,32.97474],[130.70806,32.97447],[130.70883,32.97391],[130.7091,32.97295],[130.70899,32.9726],[130.70684,32.97106],[130.70663,32.97046],[130.70691,32.97018],[130.70662,32.96979],[130.70648,32.96917],[130.70606,32.96893],[130.70592,32.96907],[130.70476,32.96876],[130.70476,32.96845],[130.70418,32.96831],[130.70398,32.96812],[130.70394,32.96771],[130.70285,32.96772],[130.70285,32.96695],[130.70121,32.96696],[130.70027,32.96721],[130.69993,32.96682],[130.69906,32.96655],[130.6982,32.96673],[130.69819,32.96726],[130.69767,32.96806],[130.69637,32.96801],[130.69517,32.96766],[130.69479,32.96809],[130.69402,32.96845],[130.69379,32.96871],[130.69322,32.96878],[130.69329,32.96904],[130.69382,32.96938],[130.69313,32.96924],[130.69057,32.96953],[130.68966,32.96918],[130.68916,32.96926],[130.68937,32.96974],[130.68921,32.96993],[130.68925,32.97093],[130.68728,32.97098],[130.68601,32.97219],[130.68475,32.97435],[130.68745,32.97567],[130.68865,32.97579],[130.692,32.97738],[130.69555,32.97874],[130.69618,32.97871],[130.69754,32.97974],[130.70483,32.98429],[130.70462,32.98551],[130.70547,32.986],[130.70647,32.98709],[130.70675,32.98763],[130.70775,32.98733],[130.70889,32.98635],[130.70986,32.98491],[130.71396,32.98233],[130.71534,32.98104],[130.71748,32.98001]]]},"properties":{"key":"432080780","name":"鹿央町千田","pref":"熊本県","prefCode":"43","municipality":"山鹿市","areaM2":3458573.636,"population":850,"toponymIds":["43-d3866e2b21"]}},{"type":"Feature","geometry":{"type":"Polygon","coordinates":[[[130.63751,32.96623],[130.6397,32.96569],[130.64085,32.96476],[130.64241,32.96482],[130.64294,32.96446],[130.64362,32.96443],[130.64341,32.96385],[130.64354,32.96316],[130.64311,32.9632],[130.64314,32.96279],[130.64296,32.96295],[130.64321,32.96219],[130.64189,32.96219],[130.64173,32.96151],[130.64093,32.96089],[130.63999,32.95867],[130.63897,32.95753],[130.63809,32.95572],[130.6377,32.95313],[130.64002,32.95326],[130.64129,32.95388],[130.64247,32.95384],[130.64242,32.95327],[130.64264,32.95266],[130.6425,32.95052],[130.64284,32.94989],[130.64258,32.94944],[130.6432,32.9479],[130.64424,32.9459],[130.64818,32.94173],[130.64784,32.94171],[130.64831,32.94153],[130.6484,32.94132],[130.64817,32.94111],[130.64813,32.94144],[130.64718,32.94153],[130.64684,32.94136],[130.64678,32.94184],[130.64658,32.94204],[130.64622,32.94167],[130.64593,32.94215],[130.64469,32.94226],[130.64421,32.94148],[130.6438,32.94123],[130.64359,32.94057],[130.64297,32.9403],[130.64234,32.93893],[130.64183,32.93882],[130.64151,32.93847],[130.64081,32.93836],[130.64011,32.93845],[130.64033,32.93876],[130.63986,32.93885],[130.63981,32.9391],[130.63927,32.93972],[130.63911,32.94052],[130.63838,32.94087],[130.63816,32.9417],[130.63743,32.94257],[130.63568,32.94329],[130.63531,32.94364],[130.63311,32.94396],[130.63257,32.94371],[130.63086,32.94445],[130.63039,32.94438],[130.62976,32.94626],[130.6303,32.9466],[130.62997,32.94712],[130.63048,32.95047],[130.62976,32.95153],[130.62968,32.9519],[130.6306,32.95352],[130.63067,32.95467],[130.63134,32.95543],[130.63113,32.95653],[130.63188,32.95717],[130.63227,32.95782],[130.63203,32.95818],[130.63205,32.95867],[130.63186,32.95901],[130.63218,32.95943],[130.63179,32.95984],[130.63177,32.96094],[130.63236,32.96094],[130.63333,32.96142],[130.63318,32.96237],[130.63284,32.96253],[130.63279,32.96296],[130.633,32.96313],[130.63338,32.96302],[130.63335,32.96405],[130.63449,32.96477],[130.63499,32.96579],[130.63538,32.96598],[130.63565,32.96639],[130.63622,32.96617],[130.63691,32.96648],[130.63751,32.96623]]]},"properties":{"key":"432080800","name":"鹿央町中浦","pref":"熊本県","prefCode":"43","municipality":"山鹿市","areaM2":2708675.096,"population":116,"toponymIds":["43-0e66848882"]}},{"type":"Feature","geometry":{"type":"Polygon","coordinates":[[[130.6686,32.95514],[130.67274,32.95171],[130.67276,32.95151],[130.67243,32.95095],[130.67134,32.95061],[130.6716,32.94985],[130.67105,32.94977],[130.6693,32.94883],[130.66969,32.94843],[130.67062,32.94848],[130.67108,32.94805],[130.67118,32.94734],[130.67081,32.94691],[130.67112,32.94655],[130.67012,32.94574],[130.67018,32.94555],[130.66995,32.94545],[130.66918,32.94417],[130.66822,32.94373],[130.66653,32.9435],[130.66695,32.94323],[130.6667,32.9428],[130.66705,32.94276],[130.66709,32.9425],[130.6667,32.94251],[130.66659,32.9417],[130.66592,32.94119],[130.66599,32.94086],[130.66559,32.94073],[130.66517,32.94003],[130.66563,32.93941],[130.66574,32.93876],[130.66594,32.93878],[130.66598,32.93858],[130.66566,32.93819],[130.66536,32.93809],[130.66535,32.93776],[130.66473,32.93777],[130.66482,32.93737],[130.66533,32.93703],[130.66442,32.93646],[130.66432,32.93624],[130.66442,32.93603],[130.66503,32.9358],[130.6651,32.93562],[130.66487,32.9354],[130.66398,32.93511],[130.66355,32.93522],[130.66348,32.93503],[130.66244,32.93472],[130.66196,32.93426],[130.66116,32.9343],[130.6609,32.93478],[130.65952,32.93519],[130.65764,32.93443],[130.6561,32.93448],[130.65508,32.93526],[130.65403,32.93487],[130.65261,32.93602],[130.65508,32.93963],[130.65505,32.94065],[130.65571,32.94227],[130.65478,32.94277],[130.65514,32.94382],[130.65548,32.9441],[130.65652,32.9458],[130.65593,32.94652],[130.65589,32.94739],[130.65534,32.94765],[130.65469,32.94649],[130.65361,32.94387],[130.65327,32.94395],[130.65312,32.9438],[130.64517,32.94492],[130.64394,32.9464],[130.64532,32.94826],[130.64544,32.94885],[130.64579,32.94912],[130.64654,32.94875],[130.64672,32.94888],[130.64916,32.94893],[130.64943,32.9487],[130.65028,32.94852],[130.65093,32.94799],[130.65107,32.94779],[130.65092,32.94748],[130.65124,32.94761],[130.65132,32.94789],[130.65068,32.94893],[130.65101,32.94878],[130.65104,32.94901],[130.65156,32.94934],[130.65177,32.95016],[130.65229,32.951],[130.65563,32.95065],[130.65561,32.9502],[130.65664,32.94982],[130.65704,32.94983],[130.6596,32.94996],[130.66059,32.95024],[130.6603,32.95123],[130.66043,32.95092],[130.66128,32.95019],[130.66163,32.9502],[130.66365,32.95165],[130.66356,32.95205],[130.66402,32.95313],[130.66343,32.95345],[130.66423,32.95488],[130.66658,32.95398],[130.66743,32.95494],[130.66802,32.95461],[130.6686,32.95514]]]},"properties":{"key":"432080840","name":"鹿央町仁王堂","pref":"熊本県","prefCode":"43","municipality":"山鹿市","areaM2":2917903.753,"population":141,"toponymIds":["43-abb70d6993"]}},{"type":"Feature","geometry":{"type":"Polygon","coordinates":[[[130.68552,32.97299],[130.68601,32.97219],[130.68728,32.97098],[130.68925,32.97093],[130.68921,32.96993],[130.68937,32.96974],[130.68916,32.96926],[130.68966,32.96918],[130.69057,32.96953],[130.69313,32.96924],[130.69382,32.96938],[130.69329,32.96904],[130.69322,32.96878],[130.69379,32.96871],[130.69402,32.96845],[130.69479,32.96809],[130.69517,32.96766],[130.69637,32.96801],[130.69767,32.96806],[130.69819,32.96726],[130.6982,32.96673],[130.69906,32.96655],[130.69993,32.96682],[130.70027,32.96721],[130.70121,32.96696],[130.70285,32.96695],[130.70285,32.96772],[130.70394,32.96771],[130.70394,32.96622],[130.70359,32.96589],[130.70339,32.96535],[130.70293,32.96519],[130.70285,32.96458],[130.70234,32.96361],[130.70257,32.96294],[130.70246,32.96155],[130.70064,32.95913],[130.69833,32.95728],[130.69688,32.9553],[130.69634,32.95496],[130.69366,32.95545],[130.69348,32.95623],[130.69315,32.95643],[130.6935,32.95726],[130.69324,32.95802],[130.6926,32.95829],[130.69209,32.95922],[130.69106,32.95949],[130.68996,32.9593],[130.68922,32.95838],[130.6888,32.95809],[130.68659,32.95779],[130.68553,32.95746],[130.68486,32.95705],[130.68461,32.95701],[130.68362,32.95752],[130.6828,32.9574],[130.68094,32.95605],[130.67969,32.95464],[130.67857,32.95428],[130.67596,32.95306],[130.67502,32.95291],[130.67369,32.95233],[130.6735,32.95244],[130.67324,32.95185],[130.67332,32.9515],[130.67303,32.9511],[130.67243,32.95095],[130.67274,32.95171],[130.66693,32.95656],[130.66661,32.95743],[130.66569,32.95881],[130.66822,32.95829],[130.6683,32.95901],[130.66918,32.95899],[130.66913,32.95983],[130.67023,32.96049],[130.67031,32.96079],[130.67222,32.96073],[130.67151,32.96242],[130.67215,32.96253],[130.67216,32.96284],[130.67197,32.96291],[130.67185,32.96329],[130.67184,32.96402],[130.6721,32.96396],[130.67301,32.96603],[130.67428,32.96565],[130.67482,32.96702],[130.67572,32.96676],[130.67612,32.96773],[130.67657,32.96818],[130.67848,32.96858],[130.67949,32.96919],[130.68042,32.97087],[130.6803,32.97107],[130.68043,32.97171],[130.68018,32.97185],[130.68082,32.97244],[130.68201,32.97262],[130.68262,32.9729],[130.68333,32.97285],[130.68443,32.97364],[130.68495,32.97384],[130.68552,32.97299]]]},"properties":{"key":"432080790","name":"鹿央町広","pref":"熊本県","prefCode":"43","municipality":"山鹿市","areaM2":4351693.593,"population":657,"toponymIds":["43-734adead6b"]}},{"type":"Feature","geometry":{"type":"Polygon","coordinates":[[[130.69426,32.99209],[130.69467,32.99162],[130.69656,32.99034],[130.69646,32.99028],[130.697,32.98968],[130.69725,32.98983],[130.69831,32.98858],[130.69856,32.98872],[130.69924,32.98799],[130.69987,32.9884],[130.70059,32.98764],[130.70086,32.98781],[130.70153,32.98705],[130.70201,32.98735],[130.70268,32.98656],[130.70298,32.98675],[130.70361,32.98597],[130.70394,32.98618],[130.70462,32.98551],[130.70483,32.98429],[130.69754,32.97974],[130.69618,32.97871],[130.69555,32.97874],[130.692,32.97738],[130.68865,32.97579],[130.68745,32.97567],[130.68475,32.97435],[130.68415,32.9759],[130.68392,32.97749],[130.68443,32.98267],[130.6846,32.98267],[130.68661,32.98799],[130.68827,32.98834],[130.69426,32.99209]]]},"properties":{"key":"432080770","name":"鹿央町持松","pref":"熊本県","prefCode":"43","municipality":"山鹿市","areaM2":2104090.787,"population":311,"toponymIds":["43-7246a2f1ec"]}},{"type":"Feature","geometry":{"type":"Polygon","coordinates":[[[130.70605,33.01504],[130.70706,33.01479],[130.70726,33.01466],[130.70725,33.01449],[130.70639,33.01329],[130.70646,33.01299],[130.70626,33.01222],[130.70603,33.01221],[130.70585,33.012],[130.70525,33.01037],[130.70543,33.0102],[130.7054,33.00999],[130.70229,33.01262],[130.70267,33.01321],[130.70284,33.01323],[130.70292,33.01378],[130.70321,33.01423],[130.70383,33.01436],[130.70393,33.0141],[130.70434,33.01389],[130.70493,33.01422],[130.70549,33.01416],[130.70566,33.01517],[130.70605,33.01504]]]},"properties":{"key":"43208038001","name":"鹿校通一丁目","pref":"熊本県","prefCode":"43","municipality":"山鹿市","areaM2":122132.066,"population":575,"toponymIds":["43-a9274ddc93"]}},{"type":"Feature","geometry":{"type":"Polygon","coordinates":[[[130.67529,33.10246],[130.67614,33.10247],[130.67691,33.10215],[130.67834,33.10198],[130.679,33.10175],[130.68113,33.10205],[130.68193,33.10177],[130.68245,33.10184],[130.68362,33.10129],[130.6842,33.10083],[130.68461,33.10001],[130.68462,33.0988],[130.68531,33.09835],[130.68562,33.09748],[130.68687,33.09682],[130.68738,33.09594],[130.68781,33.09603],[130.68986,33.09768],[130.69113,33.09815],[130.69187,33.09888],[130.69265,33.09904],[130.69325,33.10039],[130.69355,33.10064],[130.69821,33.10059],[130.69919,33.10024],[130.69852,33.09805],[130.698,33.09797],[130.69737,33.09652],[130.69721,33.09596],[130.69727,33.09536],[130.69754,33.09454],[130.69843,33.09351],[130.69979,33.09247],[130.70056,33.09021],[130.70027,33.08988],[130.69985,33.08971],[130.69818,33.08991],[130.69743,33.08974],[130.69725,33.08928],[130.69755,33.08798],[130.69852,33.08721],[130.69886,33.08656],[130.69773,33.08536],[130.69706,33.08503],[130.69631,33.08388],[130.69535,33.08117],[130.69533,33.08058],[130.69331,33.07674],[130.69256,33.07461],[130.69071,33.07459],[130.69002,33.07425],[130.68875,33.07286],[130.68823,33.07256],[130.6867,33.07026],[130.68619,33.06972],[130.6853,33.06918],[130.68271,33.06888],[130.68233,33.06908],[130.68224,33.06987],[130.68161,33.07044],[130.67938,33.06976],[130.67801,33.07017],[130.67645,33.0695],[130.6756,33.06988],[130.67513,33.06951],[130.67349,33.06953],[130.67207,33.06898],[130.67058,33.06956],[130.66979,33.07015],[130.66696,33.07041],[130.66664,33.07175],[130.66608,33.07242],[130.6658,33.07321],[130.66476,33.07355],[130.66428,33.07463],[130.66263,33.075],[130.65965,33.07631],[130.65805,33.07622],[130.6557,33.07694],[130.65468,33.07794],[130.65436,33.07877],[130.65382,33.07938],[130.6526,33.07994],[130.65236,33.08047],[130.65236,33.08122],[130.6521,33.08143],[130.65139,33.08136],[130.65085,33.08242],[130.65075,33.08349],[130.65165,33.08414],[130.65234,33.08528],[130.65266,33.08712],[130.6532,33.08748],[130.65407,33.08773],[130.65455,33.08841],[130.65556,33.08929],[130.65618,33.09073],[130.65655,33.09346],[130.65779,33.0943],[130.65828,33.09493],[130.65886,33.09513],[130.65823,33.09572],[130.65873,33.09579],[130.65919,33.09541],[130.65963,33.09558],[130.65978,33.09621],[130.65945,33.09672],[130.65972,33.09721],[130.66028,33.09705],[130.66022,33.09649],[130.66047,33.09623],[130.66028,33.09586],[130.66084,33.0964],[130.66097,33.09696],[130.66125,33.09672],[130.66119,33.09633],[130.66136,33.09605],[130.66178,33.09562],[130.66218,33.09563],[130.66256,33.09593],[130.66271,33.09698],[130.66331,33.09727],[130.66363,33.09793],[130.66756,33.10071],[130.66851,33.10121],[130.67003,33.10187],[130.67148,33.10107],[130.67206,33.10183],[130.67307,33.10249],[130.67437,33.10267],[130.67529,33.10246]]]},"properties":{"key":"432080420","name":"鹿北町芋生","pref":"熊本県","prefCode":"43","municipality":"山鹿市","areaM2":11946519.168,"population":836,"toponymIds":["43-88ac8b29e4"]}},{"type":"Feature","geometry":{"type":"Polygon","coordinates":[[[130.7025,33.1109],[130.7027,33.11082],[130.7028,33.11116],[130.70299,33.11126],[130.70376,33.1111],[130.70458,33.11167],[130.70465,33.1124],[130.70511,33.11281],[130.70555,33.1129],[130.70663,33.11243],[130.70776,33.11295],[130.70813,33.11293],[130.70821,33.11252],[130.70861,33.11209],[130.70792,33.11212],[130.7075,33.11151],[130.70706,33.11131],[130.70667,33.1106],[130.70544,33.10996],[130.70402,33.10844],[130.70356,33.10825],[130.70296,33.10727],[130.70325,33.10684],[130.70316,33.10623],[130.7059,33.10647],[130.70626,33.10688],[130.70763,33.10749],[130.70851,33.10737],[130.709,33.10769],[130.70968,33.10771],[130.71011,33.10753],[130.71057,33.10777],[130.71109,33.10772],[130.71112,33.10663],[130.71151,33.10576],[130.71293,33.10413],[130.71351,33.10377],[130.71439,33.1035],[130.71491,33.10301],[130.71715,33.10266],[130.7176,33.10213],[130.71791,33.10122],[130.71795,33.10049],[130.71855,33.10007],[130.71832,33.09963],[130.71784,33.09938],[130.71729,33.09868],[130.71676,33.09827],[130.71666,33.09792],[130.71615,33.09788],[130.71634,33.09755],[130.71746,33.09767],[130.71782,33.09826],[130.71816,33.09839],[130.71857,33.09803],[130.72009,33.09826],[130.72136,33.09806],[130.72248,33.09848],[130.72341,33.09849],[130.7234,33.0991],[130.7237,33.09902],[130.72401,33.0987],[130.72331,33.09739],[130.72302,33.09728],[130.72234,33.0965],[130.72115,33.09742],[130.71971,33.09791],[130.71951,33.09774],[130.71943,33.09718],[130.71914,33.09699],[130.71796,33.09715],[130.7165,33.09647],[130.71606,33.09568],[130.71679,33.09342],[130.71612,33.09283],[130.71543,33.09152],[130.71576,33.09016],[130.71499,33.08963],[130.7133,33.08773],[130.71278,33.08753],[130.71206,33.08678],[130.7111,33.08616],[130.71082,33.08571],[130.70902,33.0843],[130.70818,33.08403],[130.70691,33.08331],[130.70604,33.08238],[130.70428,33.07949],[130.6997,33.07903],[130.69533,33.08058],[130.69529,33.08077],[130.69631,33.08388],[130.69706,33.08503],[130.69773,33.08536],[130.69886,33.08656],[130.69852,33.08721],[130.69755,33.08798],[130.69725,33.08928],[130.69743,33.08974],[130.69818,33.08991],[130.69985,33.08971],[130.70027,33.08988],[130.70056,33.09021],[130.69979,33.09247],[130.69843,33.09351],[130.69754,33.09454],[130.69732,33.09502],[130.69721,33.09596],[130.69792,33.09785],[130.69852,33.09805],[130.69919,33.10024],[130.69821,33.10059],[130.69914,33.10211],[130.69973,33.10234],[130.70005,33.10286],[130.69976,33.10318],[130.69865,33.10366],[130.69404,33.10444],[130.69219,33.10518],[130.69083,33.10549],[130.69032,33.10572],[130.69008,33.10629],[130.69055,33.10819],[130.69107,33.10932],[130.69171,33.11014],[130.69228,33.11036],[130.69262,33.11031],[130.69294,33.11002],[130.69337,33.1101],[130.6954,33.11179],[130.6965,33.11227],[130.69781,33.11341],[130.69886,33.11379],[130.69975,33.11503],[130.69977,33.11547],[130.70093,33.11413],[130.70087,33.11367],[130.70107,33.11365],[130.70138,33.11311],[130.70136,33.11225],[130.70173,33.11124],[130.7025,33.1109]]]},"properties":{"key":"432080430","name":"鹿北町四丁","pref":"熊本県","prefCode":"43","municipality":"山鹿市","areaM2":5412338.004,"population":502,"toponymIds":["43-55ef89cdff"]}},{"type":"Feature","geometry":{"type":"Polygon","coordinates":[[[130.68944,33.164],[130.69075,33.16397],[130.6908,33.16284],[130.69132,33.16245],[130.69148,33.16206],[130.69236,33.16167],[130.69257,33.16075],[130.69236,33.15976],[130.69245,33.1591],[130.69182,33.15771],[130.6919,33.15706],[130.69156,33.15645],[130.6915,33.1554],[130.69117,33.155],[130.69121,33.15455],[130.69158,33.15402],[130.69115,33.15243],[130.69162,33.15187],[130.69224,33.15169],[130.69248,33.15122],[130.69348,33.15114],[130.69418,33.15221],[130.69486,33.15287],[130.69524,33.1528],[130.69566,33.15226],[130.6959,33.15224],[130.69724,33.1537],[130.69762,33.1536],[130.69782,33.1533],[130.69816,33.15343],[130.69868,33.1531],[130.69968,33.15326],[130.70004,33.15317],[130.70089,33.15233],[130.70098,33.152],[130.70139,33.15222],[130.70173,33.15312],[130.70211,33.1535],[130.70263,33.15336],[130.70325,33.15352],[130.7031,33.15298],[130.70342,33.15227],[130.70423,33.15167],[130.70531,33.1517],[130.7065,33.15097],[130.70706,33.15144],[130.70758,33.15106],[130.70796,33.15209],[130.70825,33.15219],[130.70866,33.15208],[130.7088,33.15166],[130.70897,33.15165],[130.71011,33.15267],[130.71054,33.15337],[130.71116,33.15328],[130.71102,33.15389],[130.71115,33.15486],[130.71181,33.15543],[130.71267,33.15508],[130.71305,33.15522],[130.71368,33.15518],[130.71427,33.15467],[130.71514,33.15435],[130.7162,33.15456],[130.7169,33.15395],[130.71783,33.15363],[130.71814,33.15294],[130.71866,33.15265],[130.71816,33.15229],[130.71732,33.15111],[130.71716,33.15064],[130.71564,33.14992],[130.71486,33.14884],[130.71498,33.14871],[130.71597,33.14901],[130.71689,33.14905],[130.71645,33.14864],[130.71644,33.14839],[130.71661,33.14834],[130.71732,33.14861],[130.71746,33.14918],[130.7178,33.14938],[130.71783,33.14877],[130.71707,33.14792],[130.71611,33.14745],[130.71567,33.14661],[130.71481,33.14564],[130.71492,33.14534],[130.71563,33.14469],[130.7158,33.14416],[130.71556,33.14281],[130.71527,33.14261],[130.71493,33.14197],[130.71444,33.14191],[130.71437,33.14175],[130.715,33.14113],[130.71504,33.14082],[130.7146,33.14018],[130.71499,33.13897],[130.71482,33.13869],[130.71422,33.13837],[130.71363,33.137],[130.7129,33.13645],[130.71273,33.1357],[130.71232,33.13546],[130.712,33.13491],[130.71146,33.13446],[130.7115,33.1337],[130.71209,33.13334],[130.71238,33.13254],[130.71271,33.13211],[130.71219,33.13161],[130.70908,33.13017],[130.70882,33.12995],[130.70827,33.12836],[130.70756,33.12734],[130.70527,33.12631],[130.7049,33.12595],[130.7045,33.12396],[130.7045,33.1222],[130.70382,33.11781],[130.70364,33.11739],[130.70254,33.11671],[130.70165,33.11655],[130.70063,33.11662],[130.69987,33.11637],[130.69975,33.11503],[130.69886,33.11379],[130.69781,33.11341],[130.6965,33.11227],[130.6954,33.11179],[130.69337,33.1101],[130.69294,33.11002],[130.69262,33.11031],[130.69228,33.11036],[130.69171,33.11014],[130.69107,33.10932],[130.69055,33.10819],[130.69008,33.10629],[130.69017,33.1059],[130.69045,33.10563],[130.69219,33.10518],[130.69404,33.10444],[130.69865,33.10366],[130.69976,33.10318],[130.69998,33.103],[130.70002,33.10271],[130.69973,33.10234],[130.69914,33.10211],[130.69821,33.10059],[130.69355,33.10064],[130.69325,33.10039],[130.69265,33.09904],[130.69187,33.09888],[130.69113,33.09815],[130.68986,33.09768],[130.68755,33.09595],[130.6873,33.09599],[130.68687,33.09682],[130.68562,33.09748],[130.68531,33.09835],[130.68462,33.0988],[130.68461,33.10001],[130.6842,33.10083],[130.68362,33.10129],[130.68245,33.10184],[130.68193,33.10177],[130.68113,33.10205],[130.679,33.10175],[130.67834,33.10198],[130.67691,33.10215],[130.67614,33.10247],[130.67529,33.10246],[130.67437,33.10267],[130.67291,33.10243],[130.67206,33.10183],[130.67148,33.10107],[130.67003,33.10187],[130.66756,33.10071],[130.66363,33.09793],[130.66331,33.09727],[130.66271,33.09698],[130.66256,33.09593],[130.66218,33.09563],[130.66178,33.09562],[130.66136,33.09605],[130.66119,33.09633],[130.66125,33.09672],[130.66097,33.09696],[130.66084,33.0964],[130.66028,33.09586],[130.66047,33.09623],[130.66022,33.09649],[130.66028,33.09705],[130.65984,33.09724],[130.65946,33.09688],[130.65948,33.09655],[130.65978,33.09621],[130.65967,33.09565],[130.65926,33.0954],[130.65873,33.09579],[130.65823,33.09572],[130.65758,33.09651],[130.65681,33.09634],[130.65575,33.09654],[130.65488,33.09719],[130.65421,33.09942],[130.65382,33.10022],[130.65344,33.10076],[130.65267,33.10131],[130.65124,33.1029],[130.65114,33.1032],[130.65148,33.1044],[130.65209,33.10504],[130.6527,33.10548],[130.65401,33.106],[130.65407,33.10635],[130.65446,33.10651],[130.65449,33.10722],[130.65487,33.10816],[130.65554,33.1089],[130.65645,33.1085],[130.6576,33.10869],[130.65975,33.10949],[130.65849,33.11149],[130.65787,33.1115],[130.65676,33.11206],[130.65509,33.11203],[130.65465,33.11303],[130.65463,33.11429],[130.65492,33.11554],[130.65626,33.11563],[130.65736,33.11505],[130.65838,33.11485],[130.65873,33.11483],[130.65989,33.11523],[130.65994,33.11549],[130.65952,33.11598],[130.6594,33.11647],[130.66001,33.11725],[130.66024,33.11786],[130.6598,33.11914],[130.65983,33.11988],[130.65955,33.12054],[130.66039,33.12322],[130.65994,33.12467],[130.66139,33.12691],[130.66125,33.12897],[130.66145,33.1299],[130.66231,33.13024],[130.66236,33.13088],[130.66257,33.13132],[130.66238,33.13178],[130.66275,33.13254],[130.66298,33.13436],[130.66361,33.13511],[130.66518,33.13628],[130.66647,33.13644],[130.66691,33.13674],[130.66764,33.13674],[130.66889,33.13884],[130.66885,33.13914],[130.66815,33.14022],[130.66798,33.14128],[130.66715,33.14194],[130.66615,33.14321],[130.66627,33.14515],[130.66707,33.14598],[130.66711,33.14671],[130.66688,33.14804],[130.66652,33.14838],[130.66646,33.14923],[130.66604,33.1504],[130.6664,33.15194],[130.66618,33.15297],[130.66637,33.15392],[130.66616,33.15479],[130.66623,33.15511],[130.66732,33.15687],[130.66762,33.15711],[130.66812,33.15726],[130.66889,33.15703],[130.66964,33.1573],[130.67022,33.15792],[130.67121,33.15828],[130.67303,33.15966],[130.67275,33.16074],[130.6734,33.1614],[130.67441,33.16203],[130.67663,33.16264],[130.67858,33.16388],[130.67852,33.16445],[130.67895,33.16657],[130.67799,33.1671],[130.67787,33.16742],[130.67869,33.16828],[130.67903,33.17002],[130.67957,33.17065],[130.67984,33.17135],[130.68046,33.17136],[130.68151,33.17095],[130.68348,33.16959],[130.6853,33.16905],[130.68564,33.16829],[130.6862,33.1681],[130.68716,33.16747],[130.68718,33.16618],[130.68834,33.16541],[130.68849,33.16472],[130.68882,33.1646],[130.68944,33.164]]]},"properties":{"key":"432080390","name":"鹿北町岩野","pref":"熊本県","prefCode":"43","municipality":"山鹿市","areaM2":27845398.049,"population":1243,"toponymIds":["43-b2a55f41a5"]}},{"type":"Feature","geometry":{"type":"Polygon","coordinates":[[[130.7353,33.15172],[130.73565,33.15117],[130.73574,33.15027],[130.73612,33.15006],[130.73653,33.14922],[130.73692,33.14893],[130.73729,33.14797],[130.73742,33.14754],[130.73721,33.14588],[130.73811,33.14567],[130.74085,33.14454],[130.74134,33.14364],[130.74223,33.14291],[130.74379,33.14311],[130.74448,33.14279],[130.74552,33.14267],[130.74625,33.1419],[130.74697,33.14142],[130.74764,33.1406],[130.74875,33.14026],[130.74915,33.13998],[130.74955,33.13912],[130.74979,33.13896],[130.75225,33.1384],[130.7541,33.13724],[130.75418,33.13702],[130.75388,33.13586],[130.75431,33.13543],[130.75437,33.13465],[130.75494,33.13366],[130.75573,33.13339],[130.75661,33.13256],[130.75732,33.13214],[130.75695,33.13158],[130.75625,33.13134],[130.75608,33.13078],[130.75656,33.13098],[130.75612,33.13009],[130.75651,33.13026],[130.75703,33.1302],[130.75812,33.12919],[130.75949,33.12889],[130.75889,33.12806],[130.75888,33.1275],[130.76052,33.12614],[130.76147,33.12344],[130.76113,33.12311],[130.76082,33.12312],[130.76101,33.12337],[130.76089,33.12353],[130.75992,33.12384],[130.75966,33.12361],[130.75928,33.12357],[130.75891,33.12382],[130.75801,33.12386],[130.7576,33.12423],[130.7572,33.12403],[130.75699,33.12369],[130.75454,33.12341],[130.75406,33.12276],[130.75401,33.12237],[130.75329,33.12235],[130.75241,33.12163],[130.75178,33.12205],[130.75134,33.12211],[130.75106,33.12177],[130.74977,33.12126],[130.7489,33.12054],[130.74828,33.1204],[130.74725,33.11984],[130.74684,33.1194],[130.74538,33.11915],[130.74467,33.11847],[130.74311,33.11844],[130.74354,33.11746],[130.74503,33.11613],[130.74542,33.11608],[130.74701,33.11672],[130.74726,33.1167],[130.74802,33.11597],[130.74896,33.11582],[130.74939,33.11557],[130.74829,33.11409],[130.74821,33.11325],[130.74751,33.1136],[130.7474,33.11383],[130.74676,33.11354],[130.74583,33.11394],[130.74558,33.1139],[130.74566,33.11344],[130.74521,33.11289],[130.74525,33.11263],[130.74653,33.11254],[130.74486,33.11168],[130.74375,33.1109],[130.74289,33.10969],[130.74209,33.10954],[130.74126,33.10969],[130.74155,33.10851],[130.74018,33.10865],[130.73941,33.10857],[130.73935,33.10951],[130.73812,33.10953],[130.73767,33.10967],[130.73526,33.11072],[130.73441,33.11122],[130.73406,33.11161],[130.73379,33.11158],[130.73402,33.11113],[130.73319,33.11166],[130.73307,33.11157],[130.73301,33.11137],[130.73364,33.11109],[130.73346,33.11102],[130.73126,33.11101],[130.73044,33.11121],[130.73079,33.11086],[130.73094,33.1104],[130.7307,33.11034],[130.7308,33.10978],[130.73056,33.10908],[130.73076,33.10781],[130.73253,33.10623],[130.73199,33.10622],[130.73112,33.10565],[130.73143,33.1044],[130.73118,33.10438],[130.73101,33.10504],[130.73066,33.10524],[130.73031,33.10509],[130.73004,33.1046],[130.72927,33.1045],[130.72941,33.10403],[130.72821,33.10321],[130.72755,33.10191],[130.72632,33.10088],[130.72605,33.10027],[130.72511,33.10006],[130.72551,33.09962],[130.72606,33.09959],[130.72662,33.09914],[130.72688,33.09817],[130.72683,33.09738],[130.72596,33.09748],[130.72543,33.09703],[130.72496,33.09766],[130.7246,33.09783],[130.72393,33.09742],[130.72331,33.09739],[130.72401,33.0987],[130.7235,33.0991],[130.72334,33.09904],[130.72341,33.09849],[130.72248,33.09848],[130.72158,33.09809],[130.72009,33.09826],[130.71857,33.09803],[130.71816,33.09839],[130.71782,33.09826],[130.71746,33.09767],[130.71634,33.09755],[130.71615,33.09788],[130.71666,33.09792],[130.71676,33.09827],[130.71729,33.09868],[130.71784,33.09938],[130.71832,33.09963],[130.71855,33.10007],[130.71795,33.10049],[130.71791,33.10122],[130.7176,33.10213],[130.71715,33.10266],[130.71491,33.10301],[130.71439,33.1035],[130.71351,33.10377],[130.71293,33.10413],[130.71151,33.10576],[130.71112,33.10663],[130.71109,33.10772],[130.71057,33.10777],[130.71011,33.10753],[130.70968,33.10771],[130.709,33.10769],[130.70851,33.10737],[130.70763,33.10749],[130.70626,33.10688],[130.7059,33.10647],[130.70316,33.10623],[130.70325,33.10684],[130.70296,33.10727],[130.70356,33.10825],[130.70402,33.10844],[130.70544,33.10996],[130.70667,33.1106],[130.70706,33.11131],[130.7075,33.11151],[130.70792,33.11212],[130.70861,33.11209],[130.70821,33.11252],[130.70808,33.11298],[130.70663,33.11243],[130.70529,33.11288],[130.70465,33.1124],[130.70458,33.11167],[130.70376,33.1111],[130.70299,33.11126],[130.7028,33.11116],[130.7027,33.11082],[130.70199,33.11107],[130.70173,33.11124],[130.70147,33.11182],[130.70138,33.11311],[130.70107,33.11365],[130.70087,33.11367],[130.70093,33.11413],[130.69977,33.11547],[130.69982,33.11626],[130.70032,33.11658],[130.70165,33.11655],[130.70254,33.11671],[130.70364,33.11739],[130.70382,33.11781],[130.7045,33.1222],[130.7045,33.12396],[130.7049,33.12595],[130.70527,33.12631],[130.70756,33.12734],[130.70827,33.12836],[130.70882,33.12995],[130.70908,33.13017],[130.71219,33.13161],[130.71271,33.13211],[130.71238,33.13254],[130.71209,33.13334],[130.7115,33.1337],[130.71146,33.13446],[130.712,33.13491],[130.71232,33.13546],[130.71273,33.1357],[130.7129,33.13645],[130.71363,33.137],[130.71422,33.13837],[130.71482,33.13869],[130.71499,33.13897],[130.7146,33.14018],[130.71504,33.14082],[130.715,33.14113],[130.71437,33.14175],[130.71444,33.14191],[130.71493,33.14197],[130.71527,33.14261],[130.71556,33.14281],[130.7158,33.14416],[130.71563,33.14469],[130.71492,33.14534],[130.71481,33.14564],[130.71567,33.14661],[130.71611,33.14745],[130.71707,33.14792],[130.71783,33.14877],[130.7178,33.14938],[130.71746,33.14918],[130.71732,33.14861],[130.7168,33.14838],[130.71644,33.14839],[130.71642,33.1485],[130.71689,33.14905],[130.71488,33.14876],[130.71564,33.14992],[130.71716,33.15064],[130.71732,33.15111],[130.71816,33.15229],[130.71866,33.15265],[130.71886,33.15256],[130.71963,33.15288],[130.72024,33.15288],[130.72105,33.15249],[130.72152,33.15182],[130.72248,33.15171],[130.7267,33.1532],[130.72724,33.15358],[130.72735,33.1541],[130.72755,33.15421],[130.7298,33.15475],[130.73218,33.15446],[130.73283,33.15396],[130.73424,33.15364],[130.73461,33.15288],[130.73439,33.15225],[130.7353,33.15172]]]},"properties":{"key":"432080400","name":"鹿北町椎持","pref":"熊本県","prefCode":"43","municipality":"山鹿市","areaM2":19278570.769,"population":432,"toponymIds":["43-4cfb3783d6"]}},{"type":"Feature","geometry":{"type":"Polygon","coordinates":[[[130.76407,33.13184],[130.76364,33.13095],[130.76461,33.12978],[130.76515,33.12875],[130.76623,33.12877],[130.76839,33.12772],[130.76886,33.12644],[130.76954,33.12611],[130.7703,33.12522],[130.77069,33.1243],[130.77432,33.12502],[130.77691,33.12394],[130.77752,33.12301],[130.77862,33.12353],[130.77932,33.1236],[130.7799,33.12416],[130.7809,33.12411],[130.7816,33.12461],[130.78374,33.12443],[130.78622,33.123],[130.78652,33.12301],[130.78706,33.12349],[130.78856,33.12361],[130.78941,33.12401],[130.79265,33.1235],[130.79308,33.12299],[130.79296,33.12245],[130.79369,33.12213],[130.79397,33.12181],[130.79543,33.12176],[130.79649,33.12079],[130.79712,33.12045],[130.79913,33.12068],[130.80069,33.11926],[130.80184,33.11878],[130.80243,33.11836],[130.80359,33.11798],[130.80432,33.11735],[130.80577,33.11698],[130.80709,33.11597],[130.80854,33.11626],[130.80953,33.11624],[130.81079,33.11683],[130.81178,33.11686],[130.81225,33.11662],[130.81245,33.11608],[130.81283,33.11566],[130.81409,33.11458],[130.81536,33.11445],[130.8166,33.11389],[130.81887,33.11419],[130.81913,33.11384],[130.81914,33.11338],[130.81987,33.11257],[130.82005,33.11191],[130.82137,33.11134],[130.82203,33.11029],[130.82209,33.11014],[130.82184,33.10973],[130.82215,33.10892],[130.82084,33.10795],[130.82027,33.1066],[130.81829,33.10597],[130.81719,33.10514],[130.81621,33.10545],[130.81544,33.10608],[130.81434,33.10622],[130.81218,33.10483],[130.81168,33.10461],[130.81055,33.10449],[130.80985,33.10409],[130.80893,33.10447],[130.80728,33.1045],[130.80647,33.10517],[130.80471,33.1052],[130.80263,33.10593],[130.80243,33.10607],[130.80223,33.10665],[130.80169,33.10679],[130.80113,33.10665],[130.7999,33.10565],[130.79889,33.1055],[130.79656,33.1056],[130.79434,33.10626],[130.79298,33.10585],[130.79163,33.10487],[130.78933,33.10466],[130.78823,33.10477],[130.78595,33.10393],[130.78405,33.10346],[130.78332,33.10284],[130.78284,33.10263],[130.78226,33.10201],[130.78124,33.10148],[130.78027,33.1],[130.77871,33.09862],[130.77854,33.098],[130.77761,33.09689],[130.77461,33.09538],[130.77389,33.09473],[130.77296,33.0946],[130.77173,33.09379],[130.7711,33.09394],[130.76942,33.09375],[130.76879,33.09311],[130.76749,33.09269],[130.76647,33.09155],[130.76487,33.0913],[130.76427,33.09085],[130.76292,33.09066],[130.76232,33.09117],[130.76127,33.09105],[130.75971,33.09186],[130.75868,33.09182],[130.75767,33.09157],[130.75627,33.0918],[130.75467,33.091],[130.75385,33.08994],[130.75243,33.08913],[130.75147,33.08825],[130.75019,33.08805],[130.74981,33.08765],[130.74814,33.08781],[130.74729,33.08759],[130.74608,33.08803],[130.74493,33.08817],[130.74304,33.08775],[130.74171,33.08797],[130.74029,33.08766],[130.73811,33.08637],[130.73766,33.08633],[130.73667,33.08663],[130.73531,33.08848],[130.73518,33.08918],[130.73387,33.08945],[130.73283,33.09033],[130.73249,33.09084],[130.73192,33.09078],[130.73162,33.09135],[130.7305,33.09156],[130.72987,33.09191],[130.72816,33.09523],[130.72716,33.09618],[130.72543,33.09703],[130.72596,33.09748],[130.72683,33.09738],[130.72688,33.09817],[130.72662,33.09914],[130.72637,33.09943],[130.72551,33.09962],[130.72511,33.10006],[130.72605,33.10027],[130.72632,33.10088],[130.72755,33.10191],[130.72821,33.10321],[130.72941,33.10403],[130.72927,33.1045],[130.73004,33.1046],[130.73031,33.10509],[130.73066,33.10524],[130.73101,33.10504],[130.73118,33.10438],[130.73143,33.1044],[130.73112,33.10565],[130.73199,33.10622],[130.73253,33.10623],[130.73076,33.10781],[130.73056,33.10908],[130.7308,33.10978],[130.7307,33.11034],[130.73094,33.1104],[130.73079,33.11086],[130.73044,33.11121],[130.73126,33.11101],[130.73346,33.11102],[130.73364,33.11109],[130.73301,33.11137],[130.73307,33.11157],[130.73319,33.11166],[130.73402,33.11113],[130.73379,33.11158],[130.73406,33.11161],[130.73441,33.11122],[130.73526,33.11072],[130.73767,33.10967],[130.73812,33.10953],[130.73935,33.10951],[130.73941,33.10857],[130.74018,33.10865],[130.74155,33.10851],[130.74126,33.10969],[130.74209,33.10954],[130.74289,33.10969],[130.74375,33.1109],[130.74486,33.11168],[130.74653,33.11254],[130.74525,33.11263],[130.74521,33.11289],[130.74566,33.11344],[130.74558,33.1139],[130.74583,33.11394],[130.74676,33.11354],[130.7474,33.11383],[130.74751,33.1136],[130.74821,33.11325],[130.74829,33.11409],[130.74939,33.11557],[130.74896,33.11582],[130.74802,33.11597],[130.74726,33.1167],[130.74701,33.11672],[130.74542,33.11608],[130.74503,33.11613],[130.74354,33.11746],[130.74311,33.11844],[130.74467,33.11847],[130.74538,33.11915],[130.74684,33.1194],[130.74725,33.11984],[130.74828,33.1204],[130.7489,33.12054],[130.74977,33.12126],[130.75106,33.12177],[130.75134,33.12211],[130.75178,33.12205],[130.75241,33.12163],[130.75329,33.12235],[130.75401,33.12237],[130.75406,33.12276],[130.75454,33.12341],[130.75699,33.12369],[130.75751,33.12422],[130.75769,33.12422],[130.75801,33.12386],[130.75891,33.12382],[130.75928,33.12357],[130.75966,33.12361],[130.75992,33.12384],[130.76089,33.12353],[130.76101,33.12337],[130.76082,33.12312],[130.76113,33.12311],[130.76149,33.12355],[130.76052,33.12614],[130.75888,33.1275],[130.75889,33.12806],[130.75949,33.12889],[130.75812,33.12919],[130.75703,33.1302],[130.75651,33.13026],[130.75612,33.13009],[130.75656,33.13098],[130.75644,33.13103],[130.75617,33.13076],[130.75609,33.13104],[130.75631,33.13142],[130.75695,33.13158],[130.75732,33.13214],[130.75808,33.13177],[130.75892,33.13159],[130.76035,33.13182],[130.76153,33.1317],[130.7627,33.13297],[130.76327,33.13285],[130.76407,33.13184]]]},"properties":{"key":"432080410","name":"鹿北町多久","pref":"熊本県","prefCode":"43","municipality":"山鹿市","areaM2":21640009.42,"population":374,"toponymIds":["43-129980f32c"]}},{"type":"Feature","geometry":{"type":"Polygon","coordinates":[[[130.7388,33.03112],[130.73954,33.03114],[130.74208,33.03013],[130.74258,33.02985],[130.74294,33.02934],[130.74383,33.02914],[130.7463,33.02774],[130.74711,33.02782],[130.7479,33.0281],[130.74883,33.02796],[130.74959,33.0262],[130.75026,33.02542],[130.7508,33.02442],[130.75145,33.02391],[130.75198,33.02247],[130.75253,33.02184],[130.75304,33.02041],[130.75372,33.01957],[130.75343,33.01833],[130.75399,33.0162],[130.75356,33.01588],[130.75285,33.01593],[130.75226,33.01565],[130.75166,33.01576],[130.75094,33.01538],[130.75037,33.01569],[130.74471,33.01573],[130.74466,33.01614],[130.74481,33.0162],[130.74481,33.01645],[130.74462,33.01646],[130.7446,33.01666],[130.74385,33.01659],[130.74395,33.01566],[130.73695,33.01501],[130.72747,33.01578],[130.72311,33.01536],[130.72473,33.01731],[130.72522,33.02024],[130.72475,33.02046],[130.72566,33.02171],[130.72616,33.02169],[130.72662,33.02224],[130.72717,33.02247],[130.72657,33.0228],[130.72668,33.02305],[130.72733,33.02369],[130.72782,33.02383],[130.72826,33.02427],[130.72821,33.02438],[130.73173,33.02814],[130.73224,33.02893],[130.7341,33.0297],[130.73639,33.03156],[130.738,33.03246],[130.7388,33.03112]]]},"properties":{"key":"432080310","name":"蒲生","pref":"熊本県","prefCode":"43","municipality":"山鹿市","areaM2":3582687.663,"population":389,"toponymIds":["43-2529da4d7f"]}},{"type":"Feature","geometry":{"type":"Polygon","coordinates":[[[130.76649,33.00002],[130.76586,32.99847],[130.76566,32.99756],[130.76457,32.99569],[130.76422,32.99401],[130.76357,32.99326],[130.76253,32.99304],[130.76217,32.99259],[130.76242,32.99245],[130.76142,32.99118],[130.76192,32.9909],[130.76092,32.98965],[130.76012,32.99007],[130.75991,32.98908],[130.7596,32.98907],[130.75929,32.98883],[130.75786,32.98731],[130.75605,32.98578],[130.75358,32.98317],[130.75353,32.9835],[130.75439,32.98487],[130.75485,32.98595],[130.75491,32.98678],[130.75576,32.98784],[130.75621,32.98902],[130.75528,32.99037],[130.75506,32.99013],[130.75325,32.99132],[130.75314,32.99119],[130.75217,32.99181],[130.75409,32.99418],[130.75574,32.9951],[130.75497,32.99566],[130.75553,32.99663],[130.75619,32.99669],[130.75692,32.99781],[130.75638,32.99815],[130.75865,33.00069],[130.76016,32.9997],[130.76076,32.9999],[130.76105,33.00046],[130.76107,33.00142],[130.76169,33.00357],[130.76159,33.00448],[130.76123,33.00526],[130.76233,33.00517],[130.7623,33.00491],[130.76343,33.00482],[130.7634,33.00456],[130.76457,33.00449],[130.76449,33.0035],[130.76837,33.00275],[130.76736,33.00156],[130.76649,33.00002]]]},"properties":{"key":"432080650","name":"鹿本町石渕","pref":"熊本県","prefCode":"43","municipality":"山鹿市","areaM2":1342322.142,"population":375,"toponymIds":["43-ae0a6d644b"]}},{"type":"Feature","geometry":{"type":"Polygon","coordinates":[[[130.7462,32.9974],[130.74634,32.9975],[130.74694,32.99709],[130.74675,32.99691],[130.74747,32.9964],[130.74719,32.99615],[130.74821,32.99554],[130.7477,32.99498],[130.74867,32.99432],[130.74883,32.9945],[130.74959,32.99397],[130.74909,32.99305],[130.74742,32.99128],[130.74681,32.99114],[130.74652,32.99046],[130.744,32.99212],[130.74289,32.99261],[130.74304,32.9927],[130.74275,32.99322],[130.74235,32.99358],[130.74289,32.99431],[130.74196,32.99488],[130.74465,32.99774],[130.74445,32.99788],[130.74474,32.99816],[130.74537,32.99784],[130.74566,32.99692],[130.7462,32.9974]]]},"properties":{"key":"432080670","name":"鹿本町小嶋","pref":"熊本県","prefCode":"43","municipality":"山鹿市","areaM2":327219.597,"population":106,"toponymIds":["43-3bb451eb60"]}},{"type":"Feature","geometry":{"type":"Polygon","coordinates":[[[130.75217,32.99181],[130.75314,32.99119],[130.75325,32.99132],[130.75506,32.99013],[130.75528,32.99037],[130.75621,32.98902],[130.75587,32.98806],[130.75491,32.98678],[130.75485,32.98595],[130.75439,32.98487],[130.75353,32.9835],[130.75358,32.98317],[130.75069,32.98056],[130.74821,32.97887],[130.74714,32.97832],[130.74534,32.9797],[130.74554,32.97984],[130.74467,32.98044],[130.74728,32.98326],[130.74456,32.98508],[130.74836,32.98917],[130.74652,32.99046],[130.74658,32.99069],[130.74681,32.99114],[130.74742,32.99128],[130.7487,32.99263],[130.74959,32.99397],[130.75154,32.99277],[130.75184,32.99204],[130.75217,32.99181]]]},"properties":{"key":"432080740","name":"鹿本町梶屋","pref":"熊本県","prefCode":"43","municipality":"山鹿市","areaM2":1024636.201,"population":207,"toponymIds":["43-0934593e1d"]}},{"type":"Feature","geometry":{"type":"Polygon","coordinates":[[[130.74588,33.01175],[130.74774,33.01085],[130.74827,33.01039],[130.74979,33.00988],[130.74881,33.00564],[130.74974,33.0049],[130.74989,33.00503],[130.75013,33.00476],[130.75024,33.00436],[130.75015,33.00314],[130.74965,33.00253],[130.74859,33.00241],[130.74881,33.00202],[130.74816,33.00191],[130.74734,33.00101],[130.74602,32.99996],[130.74612,32.9998],[130.7451,32.99897],[130.74519,32.99854],[130.74445,32.99788],[130.74465,32.99774],[130.74196,32.99488],[130.74171,32.99503],[130.74156,32.99488],[130.73967,32.99601],[130.73902,32.99614],[130.73816,32.99591],[130.73793,32.99643],[130.73726,32.9965],[130.7329,32.99544],[130.73266,32.9956],[130.73223,32.9956],[130.73076,32.99664],[130.72872,32.99657],[130.72781,32.99676],[130.72639,32.99618],[130.7239,32.99671],[130.72388,32.99864],[130.72363,32.99903],[130.72237,32.999],[130.72165,32.9994],[130.72175,32.99994],[130.72245,33.00081],[130.72358,32.9997],[130.72403,32.99987],[130.72435,33.00116],[130.7241,33.00246],[130.72466,33.00328],[130.7251,33.00269],[130.72846,33.00175],[130.72937,33.00085],[130.73073,32.99992],[130.73239,32.99998],[130.73192,33.00032],[130.73208,33.00072],[130.73281,33.00047],[130.73318,33.0016],[130.73403,33.00178],[130.73543,33.0028],[130.73715,33.00309],[130.7376,33.00363],[130.7387,33.00313],[130.74325,33.00849],[130.7428,33.00887],[130.74341,33.00946],[130.74377,33.00929],[130.74365,33.00976],[130.74372,33.01082],[130.74454,33.011],[130.74446,33.01112],[130.7439,33.01114],[130.74368,33.01134],[130.74363,33.01172],[130.74327,33.01131],[130.74346,33.01204],[130.74517,33.01298],[130.74588,33.01175]]]},"properties":{"key":"432080600","name":"鹿本町来民","pref":"熊本県","prefCode":"43","municipality":"山鹿市","areaM2":2112773.96,"population":3390,"toponymIds":["43-7f23b9ba69"]}},{"type":"Feature","geometry":{"type":"Polygon","coordinates":[[[130.71223,32.99425],[130.71215,32.99183],[130.71235,32.99181],[130.71256,32.99114],[130.71272,32.99111],[130.71214,32.98953],[130.71248,32.98956],[130.7141,32.98858],[130.71057,32.98447],[130.70974,32.98501],[130.70889,32.98635],[130.70775,32.98733],[130.70675,32.98763],[130.70689,32.98813],[130.70684,32.98909],[130.70714,32.99002],[130.70807,32.9914],[130.70958,32.99279],[130.71021,32.99446],[130.71223,32.99425]]]},"properties":{"key":"432080680","name":"鹿本町小柳","pref":"熊本県","prefCode":"43","municipality":"山鹿市","areaM2":412757.415,"population":170,"toponymIds":["43-0967fdf756"]}},{"type":"Feature","geometry":{"type":"Polygon","coordinates":[[[130.75485,33.00124],[130.75671,33.00021],[130.75686,33.00059],[130.75731,33.00076],[130.75774,33.00125],[130.75865,33.00069],[130.75638,32.99815],[130.75692,32.99781],[130.75619,32.99669],[130.75553,32.99663],[130.75497,32.99566],[130.75574,32.9951],[130.75409,32.99418],[130.75217,32.99181],[130.75184,32.99204],[130.75154,32.99277],[130.74883,32.9945],[130.74867,32.99432],[130.7477,32.99498],[130.74821,32.99554],[130.74719,32.99615],[130.74747,32.9964],[130.74675,32.99691],[130.74694,32.99709],[130.74634,32.9975],[130.74566,32.99692],[130.74537,32.99784],[130.74474,32.99816],[130.74519,32.99854],[130.7451,32.99897],[130.74562,32.99942],[130.74596,32.99944],[130.74863,32.99772],[130.75202,33.00134],[130.75213,33.00165],[130.75318,33.00097],[130.75502,33.003],[130.75591,33.00243],[130.75485,33.00124]]]},"properties":{"key":"432080660","name":"鹿本町下高橋","pref":"熊本県","prefCode":"43","municipality":"山鹿市","areaM2":661802.348,"population":350,"toponymIds":["43-0f9b0aee99"]}},{"type":"Feature","geometry":{"type":"Polygon","coordinates":[[[130.71809,32.99426],[130.72033,32.99254],[130.72163,32.99126],[130.72119,32.99088],[130.72309,32.98936],[130.72284,32.98883],[130.72211,32.98801],[130.72177,32.98652],[130.71889,32.97938],[130.71555,32.9809],[130.71396,32.98233],[130.71057,32.98447],[130.7141,32.98858],[130.71248,32.98956],[130.71214,32.98953],[130.71272,32.99111],[130.71256,32.99114],[130.71235,32.99181],[130.71215,32.99183],[130.71223,32.99425],[130.71611,32.99485],[130.71694,32.99474],[130.71809,32.99426]]]},"properties":{"key":"432080690","name":"鹿本町下分田","pref":"熊本県","prefCode":"43","municipality":"山鹿市","areaM2":1215059.022,"population":196,"toponymIds":["43-bd0ae5f489"]}},{"type":"Feature","geometry":{"type":"Polygon","coordinates":[[[130.76861,33.02288],[130.76861,33.02274],[130.76992,33.02275],[130.76991,33.02247],[130.76956,33.02236],[130.76929,33.022],[130.76911,33.02086],[130.76917,33.02049],[130.76982,33.01935],[130.76941,33.01818],[130.76941,33.0176],[130.76991,33.01697],[130.77103,33.01624],[130.77146,33.01566],[130.77117,33.01489],[130.77095,33.01342],[130.77136,33.01256],[130.77195,33.01184],[130.77114,33.00979],[130.77117,33.00951],[130.77152,33.0089],[130.77256,33.00777],[130.7724,33.00745],[130.77126,33.00673],[130.77049,33.00556],[130.77062,33.00515],[130.77109,33.00472],[130.77056,33.00364],[130.76837,33.00275],[130.76449,33.0035],[130.76457,33.00449],[130.7634,33.00456],[130.76343,33.00482],[130.7623,33.00491],[130.76233,33.00517],[130.76123,33.00526],[130.76059,33.00666],[130.76062,33.00715],[130.7613,33.00897],[130.76136,33.00958],[130.76087,33.01225],[130.76148,33.01646],[130.76163,33.01844],[130.76149,33.01955],[130.76179,33.01958],[130.76286,33.02118],[130.76281,33.02256],[130.76465,33.02248],[130.76496,33.02203],[130.76521,33.02205],[130.76522,33.02251],[130.76634,33.02253],[130.76634,33.02281],[130.76861,33.02288]]]},"properties":{"key":"432080640","name":"鹿本町庄","pref":"熊本県","prefCode":"43","municipality":"山鹿市","areaM2":1830465.085,"population":334,"toponymIds":["43-9f25b4487e"]}},{"type":"Feature","geometry":{"type":"Polygon","coordinates":[[[130.75113,33.01172],[130.75117,33.01153],[130.75177,33.01191],[130.75201,33.01194],[130.75211,33.01178],[130.75262,33.01205],[130.75289,33.01159],[130.75262,33.01126],[130.75363,33.01076],[130.75398,33.01118],[130.75461,33.01089],[130.75361,33.01015],[130.7541,33.0098],[130.75526,33.00918],[130.75611,33.00926],[130.76067,33.00639],[130.76159,33.00448],[130.7617,33.0039],[130.76107,33.00142],[130.76105,33.00046],[130.76068,32.99982],[130.76016,32.9997],[130.75774,33.00125],[130.75731,33.00076],[130.75686,33.00059],[130.75671,33.00021],[130.75587,33.00076],[130.75579,33.00068],[130.75485,33.00124],[130.75591,33.00243],[130.75502,33.003],[130.75318,33.00097],[130.75213,33.00165],[130.75202,33.00134],[130.74863,32.99772],[130.74652,32.99918],[130.74596,32.99944],[130.74562,32.99942],[130.74612,32.9998],[130.74602,32.99996],[130.74734,33.00101],[130.74816,33.00191],[130.74881,33.00202],[130.74859,33.00241],[130.74965,33.00253],[130.75015,33.00314],[130.75022,33.0039],[130.75024,33.00436],[130.75005,33.00488],[130.74989,33.00503],[130.74974,33.0049],[130.74881,33.00564],[130.74979,33.00988],[130.74827,33.01039],[130.7481,33.01062],[130.74654,33.01148],[130.74818,33.01189],[130.74893,33.01248],[130.74958,33.01264],[130.75113,33.01172]]]},"properties":{"key":"432080620","name":"鹿本町高橋","pref":"熊本県","prefCode":"43","municipality":"山鹿市","areaM2":1216684.222,"population":422,"toponymIds":["43-fd222c4082"]}},{"type":"Feature","geometry":{"type":"Polygon","coordinates":[[[130.76218,33.02007],[130.76179,33.01958],[130.76149,33.01955],[130.76163,33.01844],[130.76148,33.01646],[130.76087,33.01225],[130.76136,33.00958],[130.7613,33.00897],[130.76062,33.00715],[130.76067,33.00639],[130.75611,33.00926],[130.75526,33.00918],[130.7541,33.0098],[130.75361,33.01015],[130.75461,33.01089],[130.75398,33.01118],[130.75363,33.01076],[130.75262,33.01126],[130.75289,33.01159],[130.75262,33.01205],[130.75211,33.01178],[130.75201,33.01194],[130.75177,33.01191],[130.75117,33.01153],[130.75116,33.0118],[130.75027,33.01218],[130.74998,33.01249],[130.74943,33.01263],[130.74893,33.01248],[130.74818,33.01189],[130.74654,33.01148],[130.74588,33.01175],[130.74524,33.01281],[130.74518,33.01575],[130.75037,33.01569],[130.75094,33.01538],[130.75166,33.01576],[130.75226,33.01565],[130.75285,33.01593],[130.75356,33.01588],[130.75437,33.01649],[130.75658,33.01894],[130.75723,33.01903],[130.75762,33.01963],[130.75747,33.01994],[130.75758,33.02033],[130.75887,33.02011],[130.75897,33.02056],[130.75987,33.0204],[130.75982,33.02013],[130.76123,33.01993],[130.76113,33.02123],[130.7608,33.02193],[130.76104,33.02209],[130.76278,33.02239],[130.76286,33.02118],[130.76218,33.02007]]]},"properties":{"key":"432080630","name":"鹿本町津袋","pref":"熊本県","prefCode":"43","municipality":"山鹿市","areaM2":1202046.057,"population":528,"toponymIds":["43-bab5dc9a3a"]}},{"type":"Feature","geometry":{"type":"Polygon","coordinates":[[[130.744,32.99212],[130.74661,32.99038],[130.74454,32.98818],[130.74418,32.98814],[130.74417,32.98778],[130.74201,32.98544],[130.74246,32.9851],[130.74218,32.98424],[130.74094,32.98278],[130.742,32.98221],[130.74026,32.9805],[130.74047,32.98033],[130.73917,32.97947],[130.73926,32.9791],[130.74088,32.97801],[130.74036,32.97731],[130.74122,32.97677],[130.7392,32.9747],[130.73791,32.97507],[130.73667,32.97565],[130.73677,32.97297],[130.73713,32.9715],[130.73663,32.97131],[130.7361,32.97179],[130.73553,32.97114],[130.73568,32.97104],[130.73544,32.97079],[130.73447,32.97139],[130.73456,32.9715],[130.73434,32.97165],[130.73415,32.97144],[130.72983,32.97402],[130.72893,32.97502],[130.72724,32.97516],[130.72679,32.97638],[130.727,32.97734],[130.72768,32.97798],[130.72861,32.97849],[130.7292,32.97862],[130.72958,32.97917],[130.72969,32.98013],[130.72795,32.9856],[130.72708,32.987],[130.72628,32.98786],[130.72652,32.98847],[130.72807,32.98855],[130.73004,32.98777],[130.73204,32.98626],[130.73349,32.98418],[130.73407,32.98455],[130.73484,32.98551],[130.7339,32.98612],[130.7361,32.9885],[130.73702,32.98788],[130.74109,32.99229],[130.742,32.99172],[130.74289,32.99261],[130.744,32.99212]]]},"properties":{"key":"432080720","name":"鹿本町中川","pref":"熊本県","prefCode":"43","municipality":"山鹿市","areaM2":2160233.588,"population":470,"toponymIds":["43-9fb897123b"]}},{"type":"Feature","geometry":{"type":"Polygon","coordinates":[[[130.74637,32.98705],[130.74456,32.98508],[130.74728,32.98326],[130.74467,32.98044],[130.74554,32.97984],[130.74534,32.9797],[130.74714,32.97832],[130.74258,32.97478],[130.74115,32.97447],[130.7392,32.9747],[130.74122,32.97677],[130.74036,32.97731],[130.74088,32.97801],[130.73926,32.9791],[130.73917,32.97947],[130.74047,32.98033],[130.74026,32.9805],[130.742,32.98221],[130.74094,32.98278],[130.74218,32.98424],[130.74246,32.9851],[130.74201,32.98544],[130.74417,32.98778],[130.74418,32.98814],[130.74454,32.98818],[130.74661,32.99038],[130.74836,32.98917],[130.74637,32.98705]]]},"properties":{"key":"432080730","name":"鹿本町中富","pref":"熊本県","prefCode":"43","municipality":"山鹿市","areaM2":654977.951,"population":145,"toponymIds":["43-1db892c723"]}},{"type":"Feature","geometry":{"type":"Polygon","coordinates":[[[130.72418,32.98927],[130.72547,32.98858],[130.72652,32.98847],[130.72628,32.98786],[130.72682,32.98728],[130.72042,32.97973],[130.72089,32.97946],[130.7202,32.97863],[130.71889,32.97938],[130.72177,32.98652],[130.72211,32.98801],[130.72284,32.98883],[130.72309,32.98936],[130.72119,32.99088],[130.72163,32.99126],[130.72418,32.98927]]]},"properties":{"key":"432080700","name":"鹿本町中分田","pref":"熊本県","prefCode":"43","municipality":"山鹿市","areaM2":344984.365,"population":72,"toponymIds":["43-9b4c975eee"]}},{"type":"Feature","geometry":{"type":"Polygon","coordinates":[[[130.72689,32.97599],[130.72485,32.97709],[130.72416,32.97628],[130.7202,32.97863],[130.72089,32.97946],[130.72042,32.97973],[130.72682,32.98728],[130.72795,32.9856],[130.72969,32.98013],[130.72958,32.97917],[130.7292,32.97862],[130.72861,32.97849],[130.72768,32.97798],[130.727,32.97734],[130.72679,32.97673],[130.72689,32.97599]]]},"properties":{"key":"432080710","name":"鹿本町分田","pref":"熊本県","prefCode":"43","municipality":"山鹿市","areaM2":606817.414,"population":127,"toponymIds":["43-6d552522c4"]}},{"type":"Feature","geometry":{"type":"Polygon","coordinates":[[[130.7446,33.01666],[130.74462,33.01646],[130.74481,33.01645],[130.74481,33.0162],[130.74466,33.01614],[130.74471,33.01573],[130.74518,33.01575],[130.74517,33.01298],[130.74346,33.01204],[130.74325,33.01137],[130.74337,33.0113],[130.74363,33.01172],[130.74368,33.01134],[130.7439,33.01114],[130.74446,33.01112],[130.74454,33.011],[130.74372,33.01082],[130.74365,33.00976],[130.74377,33.00929],[130.74341,33.00946],[130.7428,33.00887],[130.74325,33.00849],[130.7387,33.00313],[130.7376,33.00363],[130.73715,33.00309],[130.73543,33.0028],[130.73403,33.00178],[130.73318,33.0016],[130.73281,33.00047],[130.73208,33.00072],[130.73192,33.00032],[130.73239,32.99998],[130.73073,32.99992],[130.72937,33.00085],[130.72833,33.00181],[130.7251,33.00269],[130.72444,33.00359],[130.72402,33.00385],[130.72579,33.00659],[130.72641,33.00725],[130.72672,33.00816],[130.72656,33.00855],[130.72718,33.00907],[130.7275,33.00968],[130.72537,33.01039],[130.7247,33.0108],[130.72423,33.01131],[130.72393,33.01104],[130.72334,33.01124],[130.72239,33.01209],[130.72155,33.01246],[130.72094,33.01253],[130.72071,33.01341],[130.72196,33.01373],[130.72213,33.01419],[130.72258,33.01442],[130.72287,33.0148],[130.72303,33.01472],[130.72311,33.01536],[130.72747,33.01578],[130.73695,33.01501],[130.74395,33.01566],[130.74385,33.01659],[130.7446,33.01666]]]},"properties":{"key":"432080610","name":"鹿本町御宇田","pref":"熊本県","prefCode":"43","municipality":"山鹿市","areaM2":2529255.874,"population":803,"toponymIds":["43-a49562ee1c"]}},{"type":"Feature","geometry":{"type":"Polygon","coordinates":[[[130.76314,33.07775],[130.76413,33.07852],[130.76444,33.0785],[130.76457,33.0782],[130.76479,33.07811],[130.76526,33.0783],[130.7657,33.07875],[130.76872,33.07874],[130.76916,33.07909],[130.77164,33.07861],[130.77206,33.07832],[130.77222,33.07798],[130.77235,33.07634],[130.77277,33.07637],[130.77418,33.07567],[130.77476,33.07561],[130.77533,33.07584],[130.77608,33.07668],[130.776,33.07698],[130.7752,33.07772],[130.77515,33.07833],[130.77668,33.07712],[130.77775,33.07707],[130.77793,33.07562],[130.77832,33.07495],[130.7783,33.07473],[130.77763,33.0741],[130.77634,33.07352],[130.77605,33.07323],[130.77593,33.07265],[130.77623,33.07144],[130.77598,33.07096],[130.77411,33.07005],[130.77324,33.06933],[130.77263,33.0673],[130.77328,33.06589],[130.77339,33.0644],[130.77285,33.06344],[130.77104,33.06296],[130.77051,33.06165],[130.77013,33.06133],[130.76795,33.06113],[130.76707,33.0608],[130.7662,33.06017],[130.76549,33.06093],[130.7642,33.06283],[130.76236,33.06675],[130.76205,33.06856],[130.76106,33.07191],[130.75745,33.07793],[130.76177,33.07952],[130.76224,33.07817],[130.76314,33.07775]]]},"properties":{"key":"432080460","name":"菊鹿町相良","pref":"熊本県","prefCode":"43","municipality":"山鹿市","areaM2":2306163.11,"population":225,"toponymIds":["43-9f39d4e6f8"]}},{"type":"Feature","geometry":{"type":"Polygon","coordinates":[[[130.80883,33.05303],[130.81468,33.05144],[130.815,33.0515],[130.81505,33.05132],[130.81681,33.04973],[130.81622,33.04907],[130.81522,33.04874],[130.815,33.04853],[130.81487,33.04806],[130.81493,33.04738],[130.8144,33.04672],[130.81424,33.04597],[130.81371,33.04503],[130.81216,33.04433],[130.81196,33.0441],[130.81194,33.04348],[130.81171,33.04297],[130.80747,33.04208],[130.80477,33.04206],[130.79901,33.04136],[130.79564,33.04172],[130.7954,33.03879],[130.79132,33.03753],[130.79065,33.03755],[130.78931,33.03723],[130.78944,33.03676],[130.78849,33.03594],[130.78473,33.03579],[130.78394,33.03734],[130.78588,33.03803],[130.787,33.03803],[130.78781,33.0388],[130.78848,33.03886],[130.78903,33.03951],[130.78908,33.04013],[130.78986,33.04027],[130.79008,33.04047],[130.7905,33.04179],[130.79109,33.0419],[130.79136,33.04211],[130.79111,33.04352],[130.79139,33.04409],[130.79101,33.04447],[130.7913,33.0452],[130.79124,33.04616],[130.79102,33.04661],[130.79128,33.0477],[130.79147,33.04801],[130.79215,33.04841],[130.79271,33.04812],[130.79309,33.04811],[130.79419,33.04912],[130.79428,33.04942],[130.79408,33.04984],[130.79419,33.05006],[130.79528,33.05059],[130.79607,33.05045],[130.79762,33.05071],[130.80046,33.04974],[130.80075,33.04948],[130.80158,33.04937],[130.80203,33.04991],[130.80295,33.05004],[130.80374,33.04995],[130.8049,33.05034],[130.80519,33.05074],[130.80546,33.05079],[130.80638,33.05147],[130.80662,33.05203],[130.80643,33.05229],[130.80656,33.05247],[130.80747,33.0529],[130.80883,33.05303]]]},"properties":{"key":"432080590","name":"菊鹿町阿佐古","pref":"熊本県","prefCode":"43","municipality":"山鹿市","areaM2":2463347.536,"population":186,"toponymIds":["43-88c4b24cb5"]}},{"type":"Feature","geometry":{"type":"Polygon","coordinates":[[[130.80523,33.03785],[130.80605,33.03806],[130.80635,33.0384],[130.80652,33.03832],[130.80663,33.03781],[130.80711,33.0378],[130.80723,33.03826],[130.80951,33.03737],[130.80776,33.03478],[130.80801,33.03325],[130.80766,33.0301],[130.80842,33.02905],[130.80809,33.02833],[130.80766,33.02792],[130.8076,33.0276],[130.8066,33.02626],[130.80653,33.02584],[130.80683,33.02534],[130.80443,33.02539],[130.80352,33.02556],[130.80302,33.02581],[130.80261,33.02547],[130.80187,33.02546],[130.80071,33.02517],[130.80046,33.02557],[130.79988,33.02568],[130.79892,33.02631],[130.79877,33.02691],[130.79853,33.02674],[130.79838,33.0254],[130.79716,33.02423],[130.79709,33.0239],[130.79578,33.0246],[130.79456,33.02569],[130.79407,33.02529],[130.7927,33.02496],[130.79202,33.0246],[130.79115,33.02455],[130.78847,33.02334],[130.78495,33.02208],[130.78288,33.02101],[130.78162,33.02245],[130.78124,33.02247],[130.78105,33.02225],[130.78149,33.02105],[130.78078,33.02143],[130.78005,33.02235],[130.77943,33.0226],[130.77888,33.02306],[130.77864,33.02484],[130.77814,33.02535],[130.77883,33.02609],[130.7789,33.02638],[130.77788,33.02765],[130.77753,33.02907],[130.77644,33.02946],[130.77622,33.03007],[130.77633,33.03079],[130.77734,33.03122],[130.77738,33.0319],[130.77836,33.03267],[130.78073,33.03118],[130.78097,33.03181],[130.78114,33.03189],[130.78209,33.03162],[130.7824,33.03173],[130.78341,33.0334],[130.78335,33.03381],[130.78355,33.03436],[130.78497,33.03426],[130.78544,33.03397],[130.78629,33.03403],[130.78711,33.03454],[130.78775,33.03473],[130.78774,33.03511],[130.78835,33.03549],[130.78854,33.03581],[130.79029,33.03669],[130.79156,33.03652],[130.79223,33.03699],[130.79294,33.03678],[130.79393,33.03701],[130.7949,33.03701],[130.79522,33.03717],[130.79561,33.03709],[130.79641,33.03744],[130.7992,33.03819],[130.79917,33.03725],[130.79938,33.03722],[130.79943,33.03791],[130.79972,33.03804],[130.79961,33.03766],[130.80028,33.03698],[130.80014,33.03642],[130.80026,33.03629],[130.80058,33.03655],[130.80067,33.03738],[130.80053,33.03798],[130.80304,33.03819],[130.80366,33.03784],[130.80489,33.03849],[130.80512,33.03842],[130.80523,33.03785]]]},"properties":{"key":"432080570","name":"菊鹿町池永","pref":"熊本県","prefCode":"43","municipality":"山鹿市","areaM2":3688252.945,"population":361,"toponymIds":["43-5bbb396b99"]}},{"type":"Feature","geometry":{"type":"Polygon","coordinates":[[[130.77524,33.04502],[130.77528,33.04196],[130.77606,33.04055],[130.77606,33.03894],[130.77542,33.03809],[130.77544,33.03744],[130.77522,33.03682],[130.77532,33.03663],[130.7756,33.03662],[130.77558,33.03647],[130.77485,33.03653],[130.77384,33.03607],[130.77291,33.03608],[130.77203,33.03567],[130.77156,33.03616],[130.77099,33.03622],[130.77088,33.03502],[130.76778,33.03503],[130.7673,33.03526],[130.76666,33.03426],[130.76658,33.03351],[130.76614,33.03393],[130.76624,33.03443],[130.76354,33.03438],[130.7625,33.03757],[130.76198,33.03844],[130.76201,33.03869],[130.76237,33.03925],[130.7631,33.04195],[130.76367,33.04254],[130.76361,33.04335],[130.76381,33.04392],[130.76513,33.04501],[130.76563,33.04466],[130.7659,33.04527],[130.76692,33.04569],[130.76735,33.04608],[130.76753,33.04639],[130.76717,33.04716],[130.76731,33.04807],[130.76795,33.04876],[130.76832,33.0495],[130.77149,33.052],[130.77257,33.05306],[130.77302,33.05226],[130.77708,33.05317],[130.77602,33.04755],[130.77524,33.04502]]]},"properties":{"key":"432080520","name":"菊鹿町太田","pref":"熊本県","prefCode":"43","municipality":"山鹿市","areaM2":1871763.308,"population":127,"toponymIds":["43-d79c0d5a53"]}},{"type":"Feature","geometry":{"type":"Polygon","coordinates":[[[130.8446,33.0902],[130.84414,33.08987],[130.84405,33.08944],[130.84422,33.0887],[130.8448,33.08798],[130.84405,33.08722],[130.84189,33.08635],[130.84125,33.0858],[130.84066,33.08568],[130.8401,33.08578],[130.83971,33.08561],[130.83924,33.08486],[130.83771,33.08474],[130.83778,33.08335],[130.83724,33.08212],[130.83731,33.08124],[130.83701,33.08088],[130.83756,33.08061],[130.83794,33.08003],[130.83884,33.07937],[130.83814,33.07824],[130.83781,33.07689],[130.83871,33.07604],[130.83916,33.07497],[130.83817,33.07355],[130.83591,33.07142],[130.83537,33.07066],[130.83528,33.0706],[130.83513,33.07095],[130.83498,33.07173],[130.83439,33.07231],[130.83419,33.07293],[130.83353,33.07296],[130.83231,33.07346],[130.82987,33.07324],[130.82801,33.07257],[130.8268,33.07173],[130.82535,33.07115],[130.82465,33.07041],[130.8241,33.07033],[130.82411,33.06998],[130.82365,33.06892],[130.82336,33.06868],[130.82054,33.06834],[130.81949,33.06792],[130.81922,33.06736],[130.8182,33.06718],[130.81596,33.06503],[130.81068,33.06307],[130.8074,33.05517],[130.80666,33.05428],[130.80622,33.05414],[130.80316,33.05414],[130.80238,33.05393],[130.80067,33.05271],[130.79617,33.05461],[130.79138,33.0556],[130.78489,33.05606],[130.77966,33.0534],[130.77708,33.05317],[130.77302,33.05226],[130.77257,33.05306],[130.76876,33.04975],[130.76801,33.04943],[130.7679,33.04904],[130.76763,33.04892],[130.76729,33.04901],[130.76707,33.04941],[130.76049,33.05002],[130.76062,33.05121],[130.75983,33.05132],[130.75965,33.05169],[130.75973,33.05215],[130.759,33.05129],[130.75894,33.0515],[130.76049,33.05344],[130.76089,33.05463],[130.76294,33.05611],[130.76308,33.05646],[130.76301,33.05816],[130.76464,33.05892],[130.76707,33.0608],[130.76843,33.06122],[130.77013,33.06133],[130.77051,33.06165],[130.77104,33.06296],[130.77248,33.06326],[130.77285,33.06344],[130.7732,33.06388],[130.77339,33.0644],[130.77328,33.06589],[130.77263,33.0673],[130.77284,33.06822],[130.77324,33.06933],[130.7736,33.06971],[130.77598,33.07096],[130.77616,33.07124],[130.77592,33.07295],[130.77634,33.07352],[130.77763,33.0741],[130.77952,33.07422],[130.78125,33.07542],[130.78324,33.07545],[130.78352,33.07587],[130.78362,33.07707],[130.78422,33.07754],[130.78746,33.07947],[130.78897,33.07994],[130.79037,33.0799],[130.79153,33.08062],[130.79265,33.08081],[130.79296,33.08135],[130.79303,33.08194],[130.79341,33.082],[130.79411,33.08179],[130.79521,33.08222],[130.7959,33.08282],[130.79668,33.08411],[130.79778,33.08481],[130.79875,33.08494],[130.80079,33.08482],[130.80287,33.08528],[130.80321,33.08582],[130.80392,33.08564],[130.80561,33.08561],[130.80598,33.0857],[130.80691,33.08642],[130.80767,33.08618],[130.80806,33.08535],[130.80848,33.0852],[130.80948,33.08546],[130.81054,33.08611],[130.81119,33.08611],[130.81159,33.08637],[130.81508,33.08627],[130.81596,33.08674],[130.81694,33.08696],[130.81718,33.08744],[130.8175,33.08768],[130.8181,33.08779],[130.81957,33.08749],[130.82044,33.08887],[130.82088,33.0889],[130.82127,33.08919],[130.82228,33.08952],[130.82374,33.0893],[130.82469,33.08962],[130.82565,33.08941],[130.82657,33.0898],[130.82761,33.09001],[130.8308,33.09023],[130.83483,33.09199],[130.83754,33.09289],[130.84334,33.09537],[130.84303,33.09438],[130.84326,33.09381],[130.84446,33.09348],[130.84523,33.09249],[130.84578,33.09221],[130.84583,33.09205],[130.84581,33.09116],[130.8446,33.0902]]]},"properties":{"key":"432080450","name":"菊鹿町上内田","pref":"熊本県","prefCode":"43","municipality":"山鹿市","areaM2":17354861.648,"population":668,"toponymIds":["43-0501c37e66"]}},{"type":"Feature","geometry":{"type":"Polygon","coordinates":[[[130.8229,33.05422],[130.82295,33.05385],[130.82258,33.05333],[130.82177,33.05271],[130.82046,33.05223],[130.81966,33.05241],[130.81864,33.05179],[130.81772,33.05034],[130.81703,33.05005],[130.81681,33.04973],[130.81505,33.05132],[130.815,33.0515],[130.81468,33.05144],[130.80883,33.05303],[130.80747,33.0529],[130.80656,33.05247],[130.80643,33.05229],[130.80662,33.05203],[130.80638,33.05147],[130.80546,33.05079],[130.80519,33.05074],[130.8049,33.05034],[130.80374,33.04995],[130.80295,33.05004],[130.80203,33.04991],[130.80158,33.04937],[130.80075,33.04948],[130.80046,33.04974],[130.79774,33.0507],[130.79607,33.05045],[130.79528,33.05059],[130.79413,33.04999],[130.79428,33.04942],[130.79419,33.04912],[130.79309,33.04811],[130.79271,33.04812],[130.79215,33.04841],[130.79136,33.04788],[130.7912,33.04697],[130.79102,33.04672],[130.79124,33.04616],[130.7913,33.0452],[130.79101,33.04447],[130.79139,33.04409],[130.79111,33.04352],[130.79136,33.04211],[130.79109,33.0419],[130.7905,33.04179],[130.79008,33.04047],[130.78986,33.04027],[130.78908,33.04013],[130.78903,33.03951],[130.78848,33.03886],[130.78781,33.0388],[130.7868,33.03796],[130.78588,33.03803],[130.78264,33.03697],[130.78236,33.03671],[130.78184,33.03551],[130.78058,33.03534],[130.77986,33.03462],[130.7789,33.034],[130.77883,33.03328],[130.77836,33.03267],[130.7759,33.03378],[130.77667,33.03415],[130.77776,33.03573],[130.77756,33.03596],[130.77741,33.03699],[130.7771,33.03703],[130.77663,33.03679],[130.77585,33.03683],[130.7756,33.03662],[130.77524,33.0367],[130.77544,33.03744],[130.77542,33.03809],[130.77606,33.03894],[130.77606,33.04055],[130.77528,33.04196],[130.77524,33.04502],[130.7761,33.04558],[130.77676,33.04645],[130.77693,33.04691],[130.78052,33.0468],[130.78135,33.04719],[130.78189,33.04785],[130.78214,33.04866],[130.78274,33.04947],[130.78433,33.05098],[130.7845,33.05141],[130.78533,33.05184],[130.78606,33.05204],[130.78683,33.05187],[130.787,33.05116],[130.78664,33.0504],[130.78695,33.0498],[130.7884,33.04953],[130.78936,33.04955],[130.79014,33.05048],[130.79054,33.05063],[130.79055,33.05164],[130.79172,33.05211],[130.79219,33.05191],[130.79268,33.05207],[130.79293,33.05234],[130.7929,33.05286],[130.79223,33.05381],[130.79264,33.05534],[130.79617,33.05461],[130.80067,33.05271],[130.80238,33.05393],[130.80316,33.05414],[130.80622,33.05414],[130.80666,33.05428],[130.8074,33.05517],[130.81068,33.06307],[130.81596,33.06503],[130.81599,33.0645],[130.81782,33.06229],[130.81826,33.06129],[130.82091,33.05894],[130.82143,33.05799],[130.82166,33.05786],[130.82136,33.05624],[130.82215,33.05595],[130.82251,33.05471],[130.8229,33.05422]]]},"properties":{"key":"432080500","name":"菊鹿町上永野","pref":"熊本県","prefCode":"43","municipality":"山鹿市","areaM2":4065068.045,"population":310,"toponymIds":["43-a3944ab644"]}},{"type":"Feature","geometry":{"type":"Polygon","coordinates":[[[130.78005,33.02235],[130.78078,33.02143],[130.78245,33.02057],[130.78265,33.02007],[130.78226,33.01978],[130.78125,33.01966],[130.77945,33.01883],[130.77709,33.00931],[130.77755,33.00916],[130.77816,33.00921],[130.77881,33.0087],[130.77885,33.00844],[130.77818,33.00821],[130.77831,33.00773],[130.77885,33.00723],[130.77889,33.00697],[130.77808,33.00621],[130.7779,33.00577],[130.77793,33.00493],[130.77831,33.00468],[130.77928,33.00451],[130.77943,33.00414],[130.78026,33.00354],[130.78048,33.00305],[130.78115,33.0022],[130.78171,33.0018],[130.78201,33.00129],[130.78317,33.0009],[130.78425,33.0],[130.78598,32.999],[130.78605,32.99867],[130.78543,32.99829],[130.7847,32.99735],[130.78287,32.99673],[130.78272,32.99654],[130.78273,32.99596],[130.7834,32.99553],[130.78419,32.99418],[130.78355,32.9935],[130.78295,32.99333],[130.78225,32.99273],[130.78153,32.99262],[130.78011,32.99307],[130.7793,32.99315],[130.77839,32.99293],[130.77757,32.99338],[130.77637,32.99359],[130.77575,32.9935],[130.77512,32.99398],[130.77455,32.99397],[130.77416,32.99419],[130.77337,32.99427],[130.77216,32.99488],[130.77156,32.99544],[130.77044,32.99579],[130.77008,32.99636],[130.76823,32.99612],[130.76713,32.99658],[130.76558,32.99613],[130.76555,32.99589],[130.76435,32.99461],[130.76481,32.99626],[130.76566,32.99756],[130.76586,32.99847],[130.76666,33.00043],[130.76736,33.00156],[130.76844,33.00284],[130.77043,33.00349],[130.77109,33.00472],[130.77049,33.00539],[130.77063,33.00584],[130.77126,33.00673],[130.77255,33.00764],[130.77247,33.00799],[130.77152,33.0089],[130.77117,33.00951],[130.77114,33.00979],[130.77195,33.01184],[130.77136,33.01256],[130.77095,33.01342],[130.77117,33.01489],[130.77147,33.01555],[130.77103,33.01624],[130.76991,33.01697],[130.76941,33.0176],[130.76941,33.01818],[130.76982,33.01935],[130.76912,33.02071],[130.76938,33.02221],[130.76991,33.02247],[130.76992,33.02275],[130.77221,33.02278],[130.77216,33.02226],[130.77247,33.02221],[130.77398,33.02248],[130.77537,33.02338],[130.77749,33.02427],[130.77814,33.02535],[130.77864,33.02484],[130.77888,33.02306],[130.77943,33.0226],[130.78005,33.02235]]]},"properties":{"key":"432080540","name":"菊鹿町木野","pref":"熊本県","prefCode":"43","municipality":"山鹿市","areaM2":3282891.645,"population":470,"toponymIds":["43-a92652c907"]}},{"type":"Feature","geometry":{"type":"Polygon","coordinates":[[[130.79264,33.05534],[130.79223,33.05381],[130.7929,33.05286],[130.79293,33.05234],[130.79268,33.05207],[130.79219,33.05191],[130.79172,33.05211],[130.79055,33.05164],[130.79054,33.05063],[130.79014,33.05048],[130.78936,33.04955],[130.7884,33.04953],[130.78695,33.0498],[130.78664,33.0504],[130.787,33.05116],[130.78683,33.05187],[130.78606,33.05204],[130.78533,33.05184],[130.7845,33.05141],[130.78433,33.05098],[130.78274,33.04947],[130.78214,33.04866],[130.78189,33.04785],[130.78135,33.04719],[130.78052,33.0468],[130.77693,33.04691],[130.77676,33.04645],[130.7761,33.04558],[130.77524,33.04502],[130.77602,33.04755],[130.77708,33.05317],[130.77966,33.0534],[130.78489,33.05606],[130.79138,33.0556],[130.79264,33.05534]]]},"properties":{"key":"432080510","name":"菊鹿町五郎丸","pref":"熊本県","prefCode":"43","municipality":"山鹿市","areaM2":935251.49,"population":146,"toponymIds":["43-8f9eb83373"]}},{"type":"Feature","geometry":{"type":"Polygon","coordinates":[[[130.73865,33.04664],[130.73983,33.04685],[130.74008,33.04615],[130.74107,33.04587],[130.74183,33.04513],[130.74282,33.04557],[130.74352,33.04462],[130.7434,33.04405],[130.74424,33.04387],[130.74488,33.04347],[130.74559,33.04334],[130.74612,33.04296],[130.74776,33.04262],[130.74844,33.04299],[130.74879,33.04296],[130.74918,33.04226],[130.74887,33.04163],[130.7489,33.04133],[130.74905,33.04126],[130.75126,33.04121],[130.75242,33.0405],[130.75342,33.04029],[130.75378,33.03982],[130.75385,33.03868],[130.75461,33.03781],[130.75478,33.03734],[130.7555,33.03669],[130.75621,33.03386],[130.75898,33.03056],[130.76058,33.0319],[130.76129,33.03354],[130.76251,33.03416],[130.76396,33.03443],[130.76624,33.03443],[130.76614,33.03393],[130.76658,33.03351],[130.76666,33.03426],[130.7673,33.03526],[130.76778,33.03503],[130.77088,33.03502],[130.77099,33.03622],[130.77156,33.03616],[130.77203,33.03567],[130.77241,33.03579],[130.77274,33.03539],[130.77257,33.03387],[130.77148,33.03222],[130.77126,33.03142],[130.77283,33.03153],[130.77334,33.0314],[130.77367,33.0311],[130.77247,33.031],[130.77171,33.03033],[130.77059,33.03013],[130.76868,33.03027],[130.76809,33.02971],[130.76958,33.02867],[130.76894,33.02783],[130.76861,33.02546],[130.7693,33.02488],[130.77003,33.02512],[130.77206,33.02518],[130.77221,33.02278],[130.76634,33.02281],[130.76634,33.02253],[130.76522,33.02251],[130.76521,33.02205],[130.76496,33.02203],[130.76465,33.02248],[130.76387,33.02243],[130.76384,33.02261],[130.76281,33.02256],[130.76282,33.02239],[130.76242,33.02225],[130.76104,33.02209],[130.7608,33.02193],[130.76113,33.02123],[130.76123,33.01993],[130.75982,33.02013],[130.75987,33.0204],[130.75897,33.02056],[130.75887,33.02011],[130.75758,33.02033],[130.75747,33.01994],[130.75762,33.01963],[130.75723,33.01903],[130.75658,33.01894],[130.75399,33.0162],[130.75343,33.01833],[130.75372,33.01957],[130.75304,33.02041],[130.75253,33.02184],[130.75198,33.02247],[130.75145,33.02391],[130.7508,33.02442],[130.75026,33.02542],[130.74959,33.0262],[130.74883,33.02796],[130.7479,33.0281],[130.74711,33.02782],[130.7463,33.02774],[130.74383,33.02914],[130.74294,33.02934],[130.74258,33.02985],[130.74208,33.03013],[130.73954,33.03114],[130.7388,33.03112],[130.73711,33.03406],[130.73669,33.0345],[130.73631,33.0356],[130.73697,33.03709],[130.73736,33.03868],[130.73732,33.0392],[130.73585,33.04175],[130.73593,33.04231],[130.73775,33.04472],[130.73766,33.04499],[130.73728,33.04528],[130.73615,33.04572],[130.73555,33.04816],[130.73518,33.04882],[130.73442,33.04945],[130.73689,33.04767],[130.7374,33.0471],[130.73865,33.04664]]]},"properties":{"key":"432080480","name":"菊鹿町下内田","pref":"熊本県","prefCode":"43","municipality":"山鹿市","areaM2":5114795.847,"population":797,"toponymIds":["43-30ba67bb73"]}},{"type":"Feature","geometry":{"type":"Polygon","coordinates":[[[130.77751,33.03682],[130.77752,33.03612],[130.77776,33.03573],[130.77667,33.03415],[130.7759,33.03378],[130.77836,33.03267],[130.77738,33.0319],[130.77734,33.03122],[130.77633,33.03079],[130.77624,33.02976],[130.77644,33.02946],[130.77753,33.02907],[130.77788,33.02765],[130.77891,33.02627],[130.77814,33.02535],[130.77777,33.02454],[130.77727,33.02414],[130.77537,33.02338],[130.77398,33.02248],[130.77316,33.02223],[130.77216,33.02226],[130.77206,33.02518],[130.77003,33.02512],[130.7693,33.02488],[130.76861,33.02546],[130.76894,33.02783],[130.76958,33.02867],[130.76809,33.02971],[130.76868,33.03027],[130.77059,33.03013],[130.77171,33.03033],[130.77247,33.031],[130.77367,33.0311],[130.77334,33.0314],[130.77283,33.03153],[130.77126,33.03142],[130.77148,33.03222],[130.77257,33.03387],[130.77274,33.03539],[130.77241,33.03579],[130.77291,33.03608],[130.77384,33.03607],[130.77485,33.03653],[130.77558,33.03647],[130.77585,33.03683],[130.77663,33.03679],[130.77727,33.03703],[130.77751,33.03682]]]},"properties":{"key":"432080490","name":"菊鹿町下永野","pref":"熊本県","prefCode":"43","municipality":"山鹿市","areaM2":909225.436,"population":441,"toponymIds":["43-2d5dae4d8c"]}},{"type":"Feature","geometry":{"type":"Polygon","coordinates":[[[130.73653,33.06215],[130.74693,33.05812],[130.74883,33.05539],[130.74894,33.05498],[130.74867,33.052],[130.75777,33.04932],[130.759,33.05129],[130.75973,33.05215],[130.75965,33.05169],[130.75983,33.05132],[130.76062,33.05121],[130.76049,33.05002],[130.76707,33.04941],[130.76741,33.04893],[130.76781,33.04896],[130.76801,33.04943],[130.76832,33.0495],[130.76795,33.04876],[130.76731,33.04807],[130.76717,33.04716],[130.76753,33.04639],[130.76735,33.04608],[130.76692,33.04569],[130.7659,33.04527],[130.76563,33.04466],[130.76513,33.04501],[130.76381,33.04392],[130.76361,33.04335],[130.76367,33.04254],[130.7631,33.04195],[130.76237,33.03925],[130.76201,33.03869],[130.76198,33.03844],[130.7625,33.03757],[130.76354,33.03438],[130.76251,33.03416],[130.76129,33.03354],[130.76087,33.03277],[130.76072,33.03208],[130.76018,33.03144],[130.75898,33.03056],[130.75621,33.03386],[130.7555,33.03669],[130.75478,33.03734],[130.75461,33.03781],[130.75385,33.03868],[130.75378,33.03982],[130.75342,33.04029],[130.75242,33.0405],[130.75126,33.04121],[130.74905,33.04126],[130.7489,33.04133],[130.74887,33.04163],[130.74918,33.04226],[130.74879,33.04296],[130.74844,33.04299],[130.74776,33.04262],[130.74731,33.0428],[130.74648,33.04283],[130.74424,33.04387],[130.74353,33.04398],[130.74338,33.04417],[130.74352,33.04462],[130.74282,33.04557],[130.74183,33.04513],[130.74107,33.04587],[130.74008,33.04615],[130.73983,33.04685],[130.73883,33.04659],[130.73752,33.04704],[130.73331,33.05045],[130.73275,33.05067],[130.73233,33.05107],[130.73135,33.05128],[130.73068,33.05098],[130.72972,33.05168],[130.7295,33.05373],[130.72966,33.05397],[130.73047,33.0542],[130.73083,33.05563],[130.73087,33.05678],[130.73186,33.05795],[130.73145,33.0593],[130.73145,33.05994],[130.7318,33.06034],[130.73376,33.06147],[130.73441,33.06202],[130.73653,33.06215]]]},"properties":{"key":"432080530","name":"菊鹿町長","pref":"熊本県","prefCode":"43","municipality":"山鹿市","areaM2":4875684.758,"population":385,"toponymIds":["43-d013af9942"]}},{"type":"Feature","geometry":{"type":"Polygon","coordinates":[[[130.80071,33.02517],[130.80187,33.02546],[130.80261,33.02547],[130.80302,33.02581],[130.80352,33.02556],[130.80443,33.02539],[130.80683,33.02534],[130.80701,33.02504],[130.80645,33.02398],[130.80668,33.02231],[130.80624,33.02203],[130.80596,33.02155],[130.80571,33.02095],[130.80575,33.02062],[130.80598,33.02016],[130.8064,33.01991],[130.80736,33.01873],[130.80733,33.01781],[130.80815,33.01624],[130.8083,33.01554],[130.80811,33.01477],[130.80715,33.01353],[130.80658,33.01221],[130.80584,33.01155],[130.80419,33.01123],[130.8035,33.00986],[130.80234,33.00938],[130.80017,33.00953],[130.79948,33.00916],[130.79833,33.00926],[130.79786,33.00873],[130.79704,33.00983],[130.79613,33.01017],[130.79606,33.01073],[130.7953,33.01051],[130.79465,33.01064],[130.79429,33.01033],[130.79369,33.01021],[130.79264,33.00891],[130.79013,33.0072],[130.7886,33.00991],[130.78788,33.01073],[130.78718,33.01103],[130.78527,33.01076],[130.78343,33.0128],[130.78247,33.01317],[130.78197,33.01219],[130.78239,33.01161],[130.78239,33.01099],[130.78072,33.01088],[130.78025,33.00863],[130.77885,33.00844],[130.77869,33.00891],[130.77843,33.0091],[130.77709,33.00931],[130.77945,33.01883],[130.78125,33.01966],[130.78226,33.01978],[130.78265,33.02007],[130.78245,33.02057],[130.78149,33.02105],[130.78106,33.02205],[130.78115,33.02243],[130.78149,33.02248],[130.78182,33.0223],[130.78288,33.02101],[130.78495,33.02208],[130.78847,33.02334],[130.79115,33.02455],[130.79202,33.0246],[130.7927,33.02496],[130.79407,33.02529],[130.79456,33.02569],[130.79578,33.0246],[130.79709,33.0239],[130.79716,33.02423],[130.79838,33.0254],[130.79853,33.02674],[130.79877,33.02691],[130.79892,33.02631],[130.79988,33.02568],[130.80046,33.02557],[130.80071,33.02517]]]},"properties":{"key":"432080560","name":"菊鹿町松尾","pref":"熊本県","prefCode":"43","municipality":"山鹿市","areaM2":4042419.635,"population":445,"toponymIds":["43-a1a55539c8"]}},{"type":"Feature","geometry":{"type":"Polygon","coordinates":[[[130.80951,33.03737],[130.80723,33.03826],[130.80711,33.0378],[130.80663,33.03781],[130.80652,33.03832],[130.80635,33.0384],[130.80605,33.03806],[130.80532,33.03781],[130.80512,33.03842],[130.80489,33.03849],[130.80366,33.03784],[130.80304,33.03819],[130.80202,33.03801],[130.80158,33.03812],[130.80049,33.03796],[130.80067,33.03738],[130.80058,33.03655],[130.80026,33.03629],[130.80014,33.03642],[130.80028,33.03698],[130.79961,33.03766],[130.79972,33.03804],[130.79943,33.03791],[130.79938,33.03722],[130.79917,33.03725],[130.7992,33.03819],[130.79641,33.03744],[130.79561,33.03709],[130.79522,33.03717],[130.7949,33.03701],[130.79393,33.03701],[130.79294,33.03678],[130.79223,33.03699],[130.79156,33.03652],[130.79029,33.03669],[130.78854,33.03581],[130.78835,33.03549],[130.78774,33.03511],[130.78775,33.03473],[130.78711,33.03454],[130.78629,33.03403],[130.78544,33.03397],[130.78497,33.03426],[130.78355,33.03436],[130.78335,33.03381],[130.78341,33.0334],[130.7824,33.03173],[130.78209,33.03162],[130.78114,33.03189],[130.78097,33.03181],[130.78073,33.03118],[130.77836,33.03267],[130.77883,33.03328],[130.7789,33.034],[130.77986,33.03462],[130.78058,33.03534],[130.78184,33.03551],[130.78236,33.03671],[130.78301,33.03716],[130.78394,33.03734],[130.78484,33.03572],[130.78849,33.03594],[130.78944,33.03676],[130.78931,33.03723],[130.79065,33.03755],[130.79132,33.03753],[130.7954,33.03879],[130.79564,33.04172],[130.79901,33.04136],[130.80477,33.04206],[130.80747,33.04208],[130.81171,33.04297],[130.81075,33.04112],[130.81053,33.03925],[130.8099,33.03867],[130.80978,33.03785],[130.80951,33.03737]]]},"properties":{"key":"432080580","name":"菊鹿町宮原","pref":"熊本県","prefCode":"43","municipality":"山鹿市","areaM2":971333.606,"population":89,"toponymIds":["43-c6f01f20ea"]}},{"type":"Feature","geometry":{"type":"Polygon","coordinates":[[[130.80339,33.10565],[130.80471,33.1052],[130.80647,33.10517],[130.80728,33.1045],[130.80893,33.10447],[130.80985,33.10409],[130.81055,33.10449],[130.81168,33.10461],[130.81218,33.10483],[130.81434,33.10622],[130.81544,33.10608],[130.81621,33.10545],[130.81719,33.10514],[130.81829,33.10597],[130.82027,33.1066],[130.82186,33.10609],[130.82346,33.10598],[130.82445,33.1057],[130.82516,33.10586],[130.82659,33.10663],[130.82789,33.10642],[130.82892,33.10663],[130.8297,33.1064],[130.83069,33.10529],[130.83119,33.10527],[130.83184,33.10561],[130.83227,33.10565],[130.83318,33.10529],[130.8339,33.10538],[130.83458,33.10568],[130.83596,33.10554],[130.83653,33.10529],[130.83736,33.10425],[130.83788,33.10405],[130.83917,33.1042],[130.83991,33.10398],[130.84002,33.10335],[130.84038,33.10299],[130.84046,33.10259],[130.83986,33.10074],[130.8398,33.10015],[130.84,33.09959],[130.84062,33.09895],[130.84175,33.09825],[130.84188,33.09729],[130.84216,33.09688],[130.84287,33.09679],[130.84292,33.09607],[130.84337,33.0956],[130.84334,33.09537],[130.83754,33.09289],[130.83483,33.09199],[130.8308,33.09023],[130.82761,33.09001],[130.82657,33.0898],[130.82565,33.08941],[130.82469,33.08962],[130.82374,33.0893],[130.82228,33.08952],[130.82127,33.08919],[130.82088,33.0889],[130.82044,33.08887],[130.81957,33.08749],[130.8181,33.08779],[130.8175,33.08768],[130.81718,33.08744],[130.81694,33.08696],[130.81596,33.08674],[130.81508,33.08627],[130.81159,33.08637],[130.81119,33.08611],[130.81054,33.08611],[130.80948,33.08546],[130.80848,33.0852],[130.80806,33.08535],[130.80767,33.08618],[130.80691,33.08642],[130.80598,33.0857],[130.80561,33.08561],[130.80392,33.08564],[130.80321,33.08582],[130.80287,33.08528],[130.80079,33.08482],[130.79875,33.08494],[130.79778,33.08481],[130.79668,33.08411],[130.7959,33.08282],[130.79472,33.08194],[130.79411,33.08179],[130.79312,33.082],[130.79282,33.08095],[130.79265,33.08081],[130.79153,33.08062],[130.79037,33.0799],[130.78897,33.07994],[130.78719,33.07934],[130.78362,33.07707],[130.78352,33.07587],[130.78324,33.07545],[130.78125,33.07542],[130.77952,33.07422],[130.77763,33.0741],[130.7783,33.07473],[130.77832,33.07495],[130.77793,33.07562],[130.77775,33.07707],[130.77668,33.07712],[130.77515,33.07833],[130.7752,33.07772],[130.776,33.07698],[130.77608,33.07668],[130.77533,33.07584],[130.77476,33.07561],[130.77418,33.07567],[130.77277,33.07637],[130.77235,33.07634],[130.77222,33.07798],[130.77206,33.07832],[130.77164,33.07861],[130.76916,33.07909],[130.76872,33.07874],[130.7657,33.07875],[130.76526,33.0783],[130.76479,33.07811],[130.76457,33.0782],[130.76444,33.0785],[130.76413,33.07852],[130.76343,33.07808],[130.76326,33.07774],[130.76224,33.07817],[130.76177,33.07952],[130.75745,33.07793],[130.75629,33.08009],[130.75514,33.08312],[130.75307,33.08946],[130.75385,33.08994],[130.75467,33.091],[130.75538,33.09145],[130.75627,33.0918],[130.75767,33.09157],[130.75868,33.09182],[130.75971,33.09186],[130.76127,33.09105],[130.76232,33.09117],[130.76292,33.09066],[130.76427,33.09085],[130.76487,33.0913],[130.76647,33.09155],[130.76749,33.09269],[130.76879,33.09311],[130.76942,33.09375],[130.7711,33.09394],[130.77173,33.09379],[130.77296,33.0946],[130.77389,33.09473],[130.77461,33.09538],[130.77761,33.09689],[130.77854,33.098],[130.77871,33.09862],[130.78027,33.1],[130.78124,33.10148],[130.78226,33.10201],[130.78284,33.10263],[130.78332,33.10284],[130.78405,33.10346],[130.78595,33.10393],[130.78823,33.10477],[130.78933,33.10466],[130.79163,33.10487],[130.79298,33.10585],[130.79434,33.10626],[130.79656,33.1056],[130.79889,33.1055],[130.7999,33.10565],[130.80113,33.10665],[130.80169,33.10679],[130.80223,33.10665],[130.80243,33.10607],[130.80263,33.10593],[130.80339,33.10565]]]},"properties":{"key":"432080440","name":"菊鹿町矢谷","pref":"熊本県","prefCode":"43","municipality":"山鹿市","areaM2":16291048.691,"population":270,"toponymIds":["43-1409888e1f"]}},{"type":"Feature","geometry":{"type":"Polygon","coordinates":[[[130.75323,33.08894],[130.75514,33.08312],[130.75629,33.08009],[130.76106,33.07191],[130.76263,33.06602],[130.7642,33.06283],[130.76549,33.06093],[130.7662,33.06017],[130.76464,33.05892],[130.76301,33.05816],[130.76308,33.05646],[130.76294,33.05611],[130.76089,33.05463],[130.76049,33.05344],[130.75894,33.0515],[130.759,33.05129],[130.75777,33.04932],[130.74867,33.052],[130.74894,33.05498],[130.74883,33.05539],[130.74693,33.05812],[130.73653,33.06215],[130.73872,33.06229],[130.74116,33.06289],[130.74164,33.0634],[130.7418,33.06384],[130.7411,33.06622],[130.74048,33.06701],[130.74042,33.06786],[130.73958,33.06827],[130.73918,33.06905],[130.73803,33.07058],[130.73696,33.07094],[130.73667,33.07201],[130.73623,33.0727],[130.73648,33.07312],[130.73631,33.07397],[130.73564,33.075],[130.73552,33.07579],[130.73576,33.0763],[130.73586,33.07717],[130.73647,33.07861],[130.73652,33.07956],[130.73612,33.08042],[130.73614,33.0808],[130.73719,33.08195],[130.73542,33.08244],[130.73607,33.08341],[130.73539,33.08411],[130.73516,33.08474],[130.73522,33.08594],[130.73566,33.08716],[130.73605,33.08753],[130.73667,33.08663],[130.73766,33.08633],[130.73811,33.08637],[130.74078,33.08786],[130.74171,33.08797],[130.74304,33.08775],[130.74493,33.08817],[130.74608,33.08803],[130.74729,33.08759],[130.74814,33.08781],[130.74981,33.08765],[130.75019,33.08805],[130.75147,33.08825],[130.75243,33.08913],[130.75307,33.08946],[130.75323,33.08894]]]},"properties":{"key":"432080470","name":"菊鹿町山内","pref":"熊本県","prefCode":"43","municipality":"山鹿市","areaM2":7666046.234,"population":272,"toponymIds":["43-962ea858d6"]}},{"type":"Feature","geometry":{"type":"Polygon","coordinates":[[[130.7953,33.01051],[130.79502,33.01029],[130.79526,33.00953],[130.79548,33.00922],[130.79688,33.00831],[130.79694,33.00724],[130.79651,33.006],[130.79613,33.00568],[130.79495,33.00539],[130.79406,33.00436],[130.79469,33.00381],[130.79507,33.00302],[130.79549,33.00289],[130.7961,33.00224],[130.79611,33.00195],[130.79545,33.00178],[130.79526,33.001],[130.79465,33.00034],[130.79375,32.99999],[130.79345,33.00017],[130.79299,32.99978],[130.79245,32.99992],[130.79158,32.99921],[130.79071,33.00009],[130.78899,32.99967],[130.78859,32.99913],[130.78769,32.99913],[130.78605,32.99867],[130.78583,32.99913],[130.78525,32.99933],[130.78425,33.0],[130.7836,33.00063],[130.78201,33.00129],[130.78171,33.0018],[130.78115,33.0022],[130.78048,33.00305],[130.78026,33.00354],[130.77943,33.00414],[130.77928,33.00451],[130.77831,33.00468],[130.77791,33.00498],[130.7779,33.00577],[130.77808,33.00621],[130.77889,33.00697],[130.77885,33.00723],[130.77831,33.00773],[130.77818,33.00821],[130.78025,33.00863],[130.78072,33.01088],[130.78239,33.01099],[130.78239,33.01161],[130.78197,33.01219],[130.78247,33.01317],[130.78343,33.0128],[130.78527,33.01076],[130.78718,33.01103],[130.78788,33.01073],[130.7886,33.00991],[130.79013,33.0072],[130.79264,33.00891],[130.79369,33.01021],[130.79429,33.01033],[130.79465,33.01064],[130.7953,33.01051]]]},"properties":{"key":"432080550","name":"菊鹿町米原","pref":"熊本県","prefCode":"43","municipality":"山鹿市","areaM2":1706113.275,"population":111,"toponymIds":["43-2f9202c0a3"]}},{"type":"Feature","geometry":{"type":"Polygon","coordinates":[[[130.70166,33.02025],[130.70176,33.01978],[130.70212,33.01969],[130.70156,33.01884],[130.70151,33.01804],[130.70092,33.0164],[130.70082,33.01514],[130.70007,33.01363],[130.6986,33.0126],[130.69728,33.01234],[130.69565,33.01237],[130.69458,33.01007],[130.69404,33.01038],[130.69384,33.00973],[130.69319,33.00878],[130.69123,33.00931],[130.69145,33.00908],[130.69023,33.00846],[130.68978,33.00903],[130.68909,33.00946],[130.68811,33.00978],[130.68586,33.01008],[130.68584,33.01162],[130.68635,33.01176],[130.68744,33.01465],[130.68725,33.01464],[130.68688,33.01528],[130.68644,33.01672],[130.68352,33.01879],[130.68323,33.02031],[130.68439,33.01963],[130.68512,33.02005],[130.6858,33.02087],[130.68646,33.02119],[130.68709,33.02125],[130.68823,33.02085],[130.68987,33.02062],[130.69103,33.02083],[130.69253,33.0214],[130.69326,33.02146],[130.6941,33.02123],[130.6958,33.02032],[130.69665,33.02018],[130.69728,33.0204],[130.69861,33.02141],[130.7,33.02163],[130.70171,33.02143],[130.70166,33.02025]]]},"properties":{"key":"432080010","name":"山鹿","pref":"熊本県","prefCode":"43","municipality":"山鹿市","areaM2":1627723.472,"population":3836,"toponymIds":["43-c63ab8e4cd"]}},{"type":"Feature","geometry":{"type":"Polygon","coordinates":[[[130.8707,32.97648],[130.87051,32.9761],[130.87088,32.97531],[130.87059,32.97468],[130.8701,32.97442],[130.86966,32.97374],[130.86978,32.97252],[130.86965,32.97209],[130.8671,32.97067],[130.86687,32.97019],[130.86683,32.96952],[130.86631,32.96905],[130.86609,32.96832],[130.86504,32.96808],[130.86429,32.96836],[130.86358,32.96769],[130.86279,32.96771],[130.86221,32.96751],[130.86161,32.96703],[130.86116,32.96543],[130.86047,32.96454],[130.86009,32.96362],[130.85793,32.96162],[130.85728,32.96124],[130.85651,32.96142],[130.85634,32.96076],[130.85608,32.9605],[130.85604,32.95987],[130.85555,32.95953],[130.8544,32.95912],[130.85308,32.95893],[130.85215,32.95834],[130.85186,32.95784],[130.85018,32.95731],[130.84985,32.95678],[130.85062,32.95629],[130.84962,32.9561],[130.84869,32.95554],[130.84829,32.95476],[130.84778,32.95423],[130.84763,32.95357],[130.84675,32.95344],[130.84665,32.95218],[130.84597,32.95124],[130.84571,32.95044],[130.84413,32.95163],[130.84301,32.95318],[130.84233,32.95455],[130.84214,32.95555],[130.8418,32.95605],[130.8409,32.95583],[130.83867,32.95483],[130.83862,32.95519],[130.83822,32.95541],[130.83783,32.9553],[130.83824,32.95594],[130.83387,32.95586],[130.83296,32.95569],[130.83215,32.95512],[130.83162,32.95495],[130.83164,32.95551],[130.82989,32.95614],[130.8289,32.95601],[130.82711,32.95636],[130.82634,32.95636],[130.82546,32.95685],[130.824,32.95706],[130.82372,32.95733],[130.82357,32.95781],[130.82383,32.9583],[130.82351,32.95889],[130.82227,32.95924],[130.82152,32.95928],[130.82222,32.96227],[130.82243,32.96551],[130.82208,32.9682],[130.82111,32.96957],[130.82181,32.96955],[130.8225,32.97086],[130.82282,32.9711],[130.8231,32.97162],[130.8238,32.97179],[130.8241,32.97209],[130.82438,32.97283],[130.8243,32.97348],[130.82526,32.97346],[130.82564,32.97366],[130.82573,32.97491],[130.82633,32.9747],[130.82641,32.97392],[130.82698,32.97348],[130.82754,32.97328],[130.828,32.97343],[130.82921,32.97323],[130.82954,32.9723],[130.83028,32.97163],[130.83018,32.9703],[130.83042,32.96989],[130.83214,32.96847],[130.83412,32.96801],[130.83587,32.96722],[130.83604,32.96654],[130.83741,32.9652],[130.83753,32.96407],[130.83767,32.96392],[130.83757,32.96294],[130.83775,32.96268],[130.83796,32.96272],[130.83809,32.96316],[130.83811,32.96354],[130.83778,32.96435],[130.83802,32.96473],[130.83846,32.96479],[130.8406,32.96399],[130.84064,32.96572],[130.84179,32.96629],[130.84281,32.96654],[130.84348,32.96728],[130.84371,32.96886],[130.84408,32.96981],[130.84432,32.96986],[130.84471,32.96966],[130.84543,32.96858],[130.8456,32.96861],[130.84542,32.96901],[130.8461,32.96899],[130.8462,32.96912],[130.84508,32.96973],[130.845,32.97001],[130.84513,32.97029],[130.84607,32.97098],[130.84793,32.97184],[130.84895,32.97201],[130.84929,32.97182],[130.84922,32.97257],[130.85045,32.97277],[130.85072,32.97295],[130.85093,32.97364],[130.85092,32.9743],[130.85134,32.97436],[130.8515,32.97463],[130.8522,32.97461],[130.85213,32.97489],[130.85152,32.97506],[130.85144,32.97577],[130.85164,32.97611],[130.85089,32.97649],[130.85134,32.97665],[130.85168,32.97702],[130.85223,32.97685],[130.85276,32.97707],[130.85422,32.97685],[130.85607,32.97756],[130.85638,32.97783],[130.85681,32.97738],[130.85681,32.97686],[130.85977,32.97754],[130.86351,32.97789],[130.86334,32.9776],[130.86269,32.97746],[130.86175,32.97673],[130.86179,32.97659],[130.86212,32.97654],[130.86244,32.97597],[130.86279,32.97568],[130.86344,32.97556],[130.86455,32.97653],[130.86675,32.97799],[130.86725,32.97799],[130.86778,32.97829],[130.86897,32.97846],[130.86958,32.97883],[130.87054,32.97897],[130.87105,32.9783],[130.87089,32.97799],[130.871,32.9777],[130.87072,32.97713],[130.8707,32.97648]]]},"properties":{"key":"43210006009","name":"下河原","pref":"熊本県","prefCode":"43","municipality":"菊池市","areaM2":6762256.491,"population":27,"toponymIds":["43-88f6544c6d"]}},{"type":"Feature","geometry":{"type":"Polygon","coordinates":[[[130.86187,33.09553],[130.86229,33.0952],[130.86314,33.09532],[130.86409,33.09499],[130.86367,33.09426],[130.86398,33.0936],[130.86437,33.09325],[130.86444,33.09289],[130.86464,33.09281],[130.86515,33.09296],[130.86548,33.09268],[130.86594,33.09259],[130.8673,33.09025],[130.86856,33.09033],[130.86906,33.0902],[130.87017,33.09091],[130.87159,33.09133],[130.87224,33.09197],[130.87265,33.09212],[130.87452,33.0921],[130.87567,33.09186],[130.87653,33.09203],[130.87797,33.0913],[130.87852,33.09052],[130.87943,33.09024],[130.88,33.08958],[130.88108,33.08932],[130.88177,33.08883],[130.88303,33.08847],[130.88391,33.08854],[130.88428,33.08799],[130.8856,33.0875],[130.88625,33.08748],[130.88753,33.0865],[130.8876,33.08549],[130.88993,33.08337],[130.8906,33.07981],[130.89123,33.07868],[130.89106,33.0776],[130.8905,33.0772],[130.89044,33.07699],[130.8908,33.0765],[130.89114,33.07558],[130.89168,33.07547],[130.89254,33.075],[130.89299,33.07449],[130.89437,33.07388],[130.89522,33.07373],[130.89695,33.07289],[130.89711,33.07199],[130.89699,33.07143],[130.89713,33.07118],[130.89677,33.07047],[130.89684,33.06986],[130.89711,33.06921],[130.89822,33.06801],[130.89823,33.0675],[130.89757,33.0665],[130.89738,33.06554],[130.8976,33.06526],[130.89903,33.06484],[130.89781,33.06459],[130.8973,33.06372],[130.89578,33.06276],[130.89546,33.06204],[130.8956,33.06173],[130.89518,33.06134],[130.89463,33.06133],[130.89375,33.06098],[130.89311,33.0611],[130.89248,33.06062],[130.89147,33.06022],[130.89119,33.05967],[130.89114,33.05899],[130.89161,33.05883],[130.89162,33.05824],[130.8913,33.05794],[130.89175,33.05747],[130.89126,33.05714],[130.89117,33.05654],[130.89141,33.05621],[130.89106,33.0558],[130.89103,33.05533],[130.89066,33.05461],[130.8892,33.05335],[130.88848,33.05336],[130.88761,33.05305],[130.88546,33.05168],[130.88512,33.051],[130.88504,33.05028],[130.88426,33.04992],[130.88413,33.04935],[130.88344,33.04903],[130.88322,33.04867],[130.88338,33.0473],[130.88322,33.04695],[130.88288,33.0468],[130.88255,33.04829],[130.88222,33.04821],[130.88205,33.04769],[130.88005,33.04774],[130.87933,33.04737],[130.87917,33.04713],[130.87895,33.04627],[130.87913,33.04588],[130.87902,33.04582],[130.87761,33.04764],[130.87647,33.04883],[130.87657,33.04894],[130.8764,33.04928],[130.87606,33.04921],[130.87599,33.04999],[130.8754,33.0499],[130.87552,33.05045],[130.87539,33.05055],[130.87442,33.05037],[130.87437,33.05021],[130.87492,33.04923],[130.87476,33.04909],[130.87485,33.04893],[130.87443,33.04881],[130.87398,33.04943],[130.87352,33.04927],[130.87324,33.0499],[130.87266,33.05009],[130.87287,33.04888],[130.87322,33.04839],[130.8728,33.04786],[130.87325,33.04807],[130.87383,33.0479],[130.87437,33.0482],[130.87445,33.04789],[130.87426,33.04756],[130.87464,33.04724],[130.87412,33.04663],[130.87507,33.04665],[130.87479,33.04624],[130.87513,33.04586],[130.87495,33.04557],[130.87432,33.04555],[130.87452,33.04525],[130.87411,33.04489],[130.87382,33.04504],[130.87382,33.04456],[130.87313,33.04438],[130.87338,33.04407],[130.8733,33.04383],[130.87381,33.04339],[130.87262,33.03887],[130.87134,33.03745],[130.8688,33.03534],[130.86291,33.03177],[130.86334,33.03254],[130.86338,33.03336],[130.86375,33.03386],[130.86377,33.03446],[130.86435,33.03544],[130.8667,33.03663],[130.86759,33.03737],[130.86768,33.03801],[130.86732,33.03879],[130.86749,33.03967],[130.8672,33.04031],[130.86875,33.04056],[130.86981,33.04148],[130.87004,33.04206],[130.87152,33.04255],[130.87192,33.04334],[130.87255,33.04357],[130.8719,33.04515],[130.87161,33.04699],[130.8683,33.0494],[130.8683,33.0507],[130.86736,33.05167],[130.86667,33.05205],[130.86629,33.05458],[130.86513,33.05518],[130.86535,33.05605],[130.86626,33.05683],[130.86714,33.05588],[130.86796,33.05647],[130.86811,33.05632],[130.86818,33.05557],[130.86843,33.05567],[130.86863,33.0561],[130.86946,33.05557],[130.86973,33.05638],[130.87072,33.05645],[130.87277,33.05759],[130.87289,33.05677],[130.87346,33.05639],[130.87366,33.05577],[130.87384,33.05598],[130.8743,33.05601],[130.87437,33.0565],[130.8741,33.057],[130.87427,33.05717],[130.87531,33.05733],[130.87554,33.05707],[130.87591,33.05779],[130.8769,33.05835],[130.87854,33.05825],[130.87948,33.05853],[130.88073,33.05825],[130.88163,33.05852],[130.88052,33.0591],[130.87967,33.05897],[130.87909,33.05959],[130.87916,33.05996],[130.87825,33.05984],[130.87788,33.06003],[130.8779,33.0602],[130.87927,33.06127],[130.87954,33.06129],[130.8798,33.06108],[130.8803,33.06117],[130.8805,33.06168],[130.88085,33.0619],[130.88069,33.06212],[130.881,33.06271],[130.88175,33.06297],[130.88178,33.06351],[130.88226,33.06375],[130.88283,33.06376],[130.88293,33.06407],[130.88346,33.06439],[130.88396,33.06424],[130.88401,33.06457],[130.88419,33.06468],[130.88489,33.06469],[130.88453,33.06541],[130.88512,33.06555],[130.88736,33.06526],[130.88677,33.06571],[130.88669,33.06632],[130.88556,33.06625],[130.88526,33.06706],[130.88461,33.06791],[130.8843,33.06806],[130.88404,33.06803],[130.88334,33.06669],[130.88305,33.0667],[130.88286,33.06712],[130.8827,33.06716],[130.88244,33.06716],[130.88228,33.06688],[130.88206,33.06685],[130.88063,33.06723],[130.88001,33.06717],[130.87981,33.06686],[130.88012,33.0666],[130.88008,33.06638],[130.87944,33.06655],[130.87924,33.06646],[130.87906,33.06605],[130.87781,33.0653],[130.87746,33.06545],[130.87717,33.06596],[130.87653,33.06546],[130.87621,33.06549],[130.87587,33.06586],[130.87543,33.06519],[130.87522,33.06432],[130.87471,33.06349],[130.87419,33.06333],[130.8747,33.06249],[130.87424,33.06201],[130.87282,33.06217],[130.87189,33.06184],[130.87167,33.0616],[130.87145,33.06088],[130.8705,33.06055],[130.87079,33.05945],[130.87045,33.0593],[130.87007,33.05885],[130.86946,33.05863],[130.86919,33.05878],[130.86498,33.07049],[130.86508,33.07101],[130.86617,33.07205],[130.86693,33.07335],[130.86705,33.07375],[130.86685,33.07465],[130.86722,33.07556],[130.86796,33.0761],[130.86774,33.07618],[130.86676,33.07593],[130.86523,33.07501],[130.86502,33.07503],[130.8648,33.07528],[130.86503,33.07626],[130.86478,33.07633],[130.86378,33.07567],[130.86343,33.07564],[130.86346,33.07628],[130.86259,33.0777],[130.86216,33.0777],[130.86154,33.0774],[130.86143,33.07656],[130.86106,33.07651],[130.86,33.07684],[130.8596,33.07678],[130.8604,33.07321],[130.86262,33.06615],[130.86288,33.06438],[130.86209,33.05989],[130.86168,33.05849],[130.86149,33.05845],[130.86098,33.05927],[130.86137,33.06111],[130.86094,33.06182],[130.86,33.06236],[130.85982,33.06236],[130.85941,33.06188],[130.85802,33.06324],[130.8567,33.06368],[130.85535,33.06455],[130.85527,33.06517],[130.85498,33.06555],[130.85382,33.06645],[130.85343,33.06695],[130.85323,33.06812],[130.85261,33.069],[130.85161,33.06993],[130.85095,33.06995],[130.85042,33.07057],[130.84878,33.07189],[130.84831,33.07299],[130.84767,33.07345],[130.8463,33.07376],[130.84349,33.07387],[130.84297,33.07378],[130.8424,33.0731],[130.84107,33.0731],[130.83973,33.07257],[130.83909,33.07253],[130.83741,33.07289],[130.83817,33.07355],[130.83916,33.07497],[130.83871,33.07604],[130.83781,33.07689],[130.83814,33.07824],[130.83884,33.07937],[130.83794,33.08003],[130.83756,33.08061],[130.83701,33.08088],[130.83731,33.08124],[130.83724,33.08212],[130.83778,33.08335],[130.83771,33.08474],[130.83924,33.08486],[130.83971,33.08561],[130.8401,33.08578],[130.84066,33.08568],[130.84125,33.0858],[130.84189,33.08635],[130.84349,33.08691],[130.84433,33.08745],[130.8448,33.08806],[130.84422,33.0887],[130.84406,33.08975],[130.84581,33.09116],[130.84583,33.09205],[130.84705,33.09245],[130.84773,33.09304],[130.84777,33.09323],[130.84739,33.0939],[130.84885,33.09403],[130.84991,33.09378],[130.85092,33.0945],[130.85273,33.09395],[130.85356,33.09426],[130.8542,33.09415],[130.8551,33.0946],[130.85593,33.09385],[130.85728,33.09385],[130.85777,33.09456],[130.85809,33.09448],[130.85863,33.09462],[130.85922,33.09449],[130.86072,33.09545],[130.86187,33.09553]]]},"properties":{"key":"43210014016","name":"班蛇口","pref":"熊本県","prefCode":"43","municipality":"菊池市","areaM2":16797000.066,"population":0,"toponymIds":["43-41f79ac30d"]}},{"type":"Feature","geometry":{"type":"Polygon","coordinates":[[[131.08022,32.95665],[131.08075,32.95642],[131.08329,32.95661],[131.08414,32.94983],[131.08642,32.9501],[131.08685,32.94652],[131.08907,32.94671],[131.08973,32.9412],[131.09,32.9407],[131.08968,32.94037],[131.08963,32.94006],[131.09002,32.94002],[131.0901,32.93968],[131.09047,32.93977],[131.09045,32.93933],[131.09102,32.93926],[131.09108,32.93883],[131.09191,32.93879],[131.09196,32.93788],[131.09257,32.93725],[131.09305,32.93702],[131.09326,32.93653],[131.09351,32.93657],[131.09397,32.93592],[131.09305,32.93545],[131.09185,32.93525],[131.09162,32.93497],[131.09093,32.93484],[131.09038,32.93322],[131.08993,32.93264],[131.08987,32.93232],[131.08914,32.93264],[131.08819,32.93262],[131.08727,32.93282],[131.08701,32.93319],[131.0869,32.93447],[131.08665,32.93481],[131.08707,32.93565],[131.08696,32.93608],[131.08645,32.93669],[131.0887,32.93651],[131.08889,32.93749],[131.08687,32.93841],[131.08577,32.93874],[131.08522,32.93919],[131.08472,32.94162],[131.08442,32.94201],[131.08371,32.9422],[131.08322,32.94262],[131.08176,32.94421],[131.08149,32.94466],[131.0814,32.94807],[131.08104,32.94929],[131.07994,32.95029],[131.07829,32.95096],[131.07795,32.95229],[131.07767,32.95274],[131.07558,32.95312],[131.0749,32.95358],[131.07478,32.95503],[131.07416,32.95625],[131.08022,32.95665]]]},"properties":{"key":"432140210","name":"蔵原","pref":"熊本県","prefCode":"43","municipality":"阿蘇市","areaM2":1491015.089,"population":365,"toponymIds":["43-5b0bbe2a2c"]}},{"type":"Feature","geometry":{"type":"Polygon","coordinates":[[[130.18379,32.45365],[130.18433,32.45332],[130.18443,32.45341],[130.18475,32.45284],[130.18512,32.45279],[130.18521,32.45258],[130.18504,32.45233],[130.18521,32.45212],[130.18375,32.45165],[130.18249,32.45066],[130.18232,32.45078],[130.18234,32.45108],[130.18169,32.45245],[130.18175,32.45269],[130.18208,32.4532],[130.18287,32.45353],[130.18368,32.45359],[130.18359,32.45401],[130.18379,32.45365]]]},"properties":{"key":"432150210","name":"川原新町","pref":"熊本県","prefCode":"43","municipality":"天草市","areaM2":62958.27,"population":297,"toponymIds":["43-e289bc5db4"]}},{"type":"Feature","geometry":{"type":"Polygon","coordinates":[[[130.18445,32.45429],[130.18418,32.45387],[130.18443,32.45341],[130.18433,32.45332],[130.18379,32.45365],[130.18359,32.45401],[130.18368,32.45359],[130.18287,32.45353],[130.18264,32.45334],[130.18231,32.45357],[130.18171,32.45331],[130.18048,32.45339],[130.18076,32.45394],[130.18077,32.45456],[130.1815,32.45499],[130.18225,32.45607],[130.18279,32.45619],[130.18336,32.45736],[130.18379,32.45787],[130.18407,32.45795],[130.18522,32.45801],[130.18619,32.45711],[130.18445,32.45429]]]},"properties":{"key":"432150110","name":"川原町","pref":"熊本県","prefCode":"43","municipality":"天草市","areaM2":147581.858,"population":674,"toponymIds":["43-659ec0f9e9"]}},{"type":"Feature","geometry":{"type":"Polygon","coordinates":[[[130.24731,32.46839],[130.248,32.4685],[130.24878,32.46813],[130.24925,32.46818],[130.24981,32.46797],[130.25017,32.4682],[130.25171,32.46818],[130.25269,32.46773],[130.25288,32.46745],[130.25408,32.46679],[130.25562,32.46621],[130.25573,32.46544],[130.25682,32.4645],[130.25708,32.46401],[130.25718,32.46295],[130.2566,32.46107],[130.2568,32.46022],[130.25714,32.45964],[130.25829,32.45847],[130.2588,32.45722],[130.25954,32.4562],[130.26007,32.45152],[130.26087,32.45117],[130.2618,32.45137],[130.26213,32.45074],[130.26347,32.44978],[130.26423,32.44818],[130.26467,32.44803],[130.26485,32.4474],[130.26661,32.44608],[130.26671,32.44526],[130.26624,32.44454],[130.26503,32.44336],[130.26358,32.44235],[130.26314,32.44163],[130.26221,32.4412],[130.26129,32.44149],[130.26027,32.44145],[130.25917,32.44101],[130.25845,32.44096],[130.25797,32.441],[130.25721,32.44142],[130.25598,32.44064],[130.2551,32.44123],[130.25347,32.44153],[130.25132,32.44081],[130.24866,32.44136],[130.24643,32.44317],[130.2452,32.44379],[130.24351,32.44399],[130.2427,32.44376],[130.24156,32.4438],[130.23986,32.44437],[130.2389,32.44484],[130.23857,32.44528],[130.2369,32.44627],[130.23622,32.44544],[130.23544,32.44538],[130.23514,32.445],[130.2323,32.4431],[130.23222,32.44277],[130.23244,32.44163],[130.23224,32.44122],[130.23245,32.44049],[130.23206,32.44001],[130.23111,32.43954],[130.22936,32.43825],[130.22804,32.43768],[130.22787,32.4372],[130.22695,32.4368],[130.22561,32.4366],[130.22471,32.43533],[130.22448,32.43472],[130.22476,32.43448],[130.22433,32.43421],[130.22425,32.43337],[130.22378,32.43336],[130.22321,32.43365],[130.22265,32.43361],[130.22214,32.43278],[130.22106,32.43239],[130.21955,32.43241],[130.21866,32.43322],[130.21839,32.43329],[130.21762,32.43305],[130.21735,32.43232],[130.21658,32.43276],[130.21624,32.43332],[130.21602,32.43211],[130.21469,32.43216],[130.21495,32.43176],[130.21103,32.42968],[130.21073,32.43031],[130.21037,32.42998],[130.20985,32.43161],[130.2093,32.43657],[130.20792,32.43858],[130.20675,32.43978],[130.20514,32.44182],[130.20443,32.44502],[130.20408,32.44811],[130.2053,32.44817],[130.20559,32.44836],[130.20599,32.44835],[130.20598,32.44855],[130.20657,32.44856],[130.20658,32.44888],[130.20618,32.44888],[130.20626,32.44921],[130.20798,32.45183],[130.2111,32.45295],[130.21159,32.45378],[130.21214,32.45394],[130.21246,32.45425],[130.21328,32.45439],[130.21465,32.45632],[130.21572,32.4572],[130.21723,32.45758],[130.21973,32.45738],[130.22054,32.45767],[130.22071,32.45684],[130.22075,32.45774],[130.22172,32.45804],[130.22261,32.45748],[130.22178,32.45806],[130.22253,32.45847],[130.22256,32.45946],[130.22267,32.4599],[130.22292,32.46014],[130.22358,32.46036],[130.22484,32.45981],[130.22504,32.45988],[130.22502,32.46009],[130.22528,32.46036],[130.22576,32.46064],[130.22621,32.46043],[130.2266,32.46062],[130.22718,32.46052],[130.2284,32.46121],[130.22893,32.46008],[130.22855,32.46151],[130.22906,32.46164],[130.22907,32.46233],[130.22966,32.46259],[130.23048,32.4626],[130.2311,32.46219],[130.23131,32.46232],[130.23174,32.46202],[130.2317,32.46165],[130.23233,32.46134],[130.23273,32.46154],[130.2332,32.46119],[130.23359,32.46159],[130.23433,32.46138],[130.23475,32.46144],[130.23475,32.46115],[130.23525,32.46111],[130.2355,32.46135],[130.2355,32.46175],[130.23443,32.46168],[130.23358,32.46234],[130.23445,32.46175],[130.23475,32.46184],[130.23503,32.46232],[130.2357,32.46266],[130.23622,32.46342],[130.23658,32.46367],[130.23718,32.46346],[130.2378,32.46278],[130.23742,32.46338],[130.2367,32.46401],[130.23737,32.46411],[130.23752,32.46384],[130.23759,32.4642],[130.23877,32.46432],[130.23961,32.46615],[130.23974,32.4668],[130.2394,32.46752],[130.2399,32.4676],[130.24048,32.46723],[130.24096,32.46724],[130.24144,32.46701],[130.24265,32.46726],[130.24253,32.46692],[130.24266,32.46598],[130.24263,32.46696],[130.24282,32.46723],[130.24409,32.46705],[130.24472,32.46756],[130.24498,32.46715],[130.2449,32.46767],[130.24526,32.46744],[130.24506,32.46781],[130.24515,32.468],[130.24522,32.46772],[130.24582,32.46759],[130.24656,32.46781],[130.24687,32.46803],[130.24672,32.46834],[130.24699,32.46808],[130.24712,32.46818],[130.24687,32.46887],[130.24731,32.46839]]]},"properties":{"key":"432150280","name":"志柿町","pref":"熊本県","prefCode":"43","municipality":"天草市","areaM2":13196072.599,"population":2420,"toponymIds":["43-e526ce00bf"]}},{"type":"Feature","geometry":{"type":"Polygon","coordinates":[[[130.18667,32.45374],[130.18648,32.45334],[130.18492,32.4533],[130.18443,32.45341],[130.18418,32.45387],[130.18619,32.45711],[130.18682,32.45662],[130.1878,32.45637],[130.18773,32.45584],[130.18786,32.4555],[130.18743,32.45546],[130.18738,32.45504],[130.18681,32.45437],[130.18667,32.45374]]]},"properties":{"key":"432150100","name":"古川町","pref":"熊本県","prefCode":"43","municipality":"天草市","areaM2":80379.511,"population":389,"toponymIds":["43-4890fe6e8d"]}},{"type":"Feature","geometry":{"type":"Polygon","coordinates":[[[130.18369,32.479],[130.18395,32.47811],[130.18445,32.47824],[130.18533,32.47799],[130.18694,32.47802],[130.18722,32.4778],[130.18719,32.47757],[130.18752,32.47687],[130.18785,32.47665],[130.18776,32.47638],[130.18862,32.47598],[130.18886,32.47536],[130.1892,32.4753],[130.18929,32.475],[130.18966,32.47467],[130.18993,32.47395],[130.19072,32.47347],[130.19094,32.4724],[130.1905,32.47178],[130.19057,32.47078],[130.19095,32.47023],[130.19063,32.46984],[130.19018,32.46993],[130.18953,32.47046],[130.18885,32.47158],[130.18787,32.47263],[130.18681,32.47275],[130.18471,32.47208],[130.18314,32.47235],[130.18295,32.47028],[130.18413,32.46877],[130.18454,32.46788],[130.18459,32.4677],[130.1842,32.46726],[130.1846,32.4664],[130.1815,32.46567],[130.18352,32.46388],[130.18505,32.46141],[130.18407,32.46087],[130.18339,32.46123],[130.1829,32.46096],[130.18318,32.46058],[130.18319,32.46029],[130.18165,32.4604],[130.18146,32.46056],[130.1809,32.46206],[130.18055,32.46211],[130.18004,32.46259],[130.17816,32.46323],[130.17752,32.46397],[130.17561,32.46472],[130.1749,32.4642],[130.17391,32.46394],[130.17379,32.46374],[130.17274,32.46343],[130.17244,32.46319],[130.1718,32.4633],[130.17103,32.46317],[130.17022,32.46276],[130.16977,32.46292],[130.1687,32.46278],[130.1682,32.46328],[130.16772,32.46421],[130.16694,32.46389],[130.16619,32.46405],[130.16539,32.46388],[130.16464,32.46399],[130.16434,32.46432],[130.16298,32.46455],[130.16289,32.4647],[130.16189,32.46445],[130.16167,32.46512],[130.16175,32.46555],[130.16238,32.46601],[130.16309,32.4676],[130.16458,32.46807],[130.16572,32.46783],[130.16618,32.46833],[130.16681,32.46842],[130.16702,32.46883],[130.16761,32.46898],[130.16822,32.47],[130.1685,32.47105],[130.16834,32.47163],[130.1678,32.47245],[130.16777,32.47282],[130.16798,32.47312],[130.16879,32.47345],[130.17088,32.47309],[130.17451,32.473],[130.17736,32.47253],[130.17959,32.47254],[130.17978,32.47301],[130.18029,32.47324],[130.17974,32.4742],[130.18024,32.47493],[130.17991,32.47726],[130.18045,32.48037],[130.18024,32.48105],[130.18116,32.48125],[130.18179,32.48044],[130.18237,32.48034],[130.18285,32.48],[130.18282,32.4792],[130.18369,32.479]]]},"properties":{"key":"432150235","name":"本渡町本戸馬場","pref":"熊本県","prefCode":"43","municipality":"天草市","areaM2":2497377.028,"population":2109,"toponymIds":["43-3395a5d0b5"]}}]}
