{"type":"FeatureCollection","features":[{"type":"Feature","geometry":{"type":"Point","coordinates":[140.489131,37.772476]},"properties":{"id":"07-d6acf4fde2","name":"北中川原","reading":null,"pref":"福島県","prefCode":"07","municipality":"福島市","hazardTypes":["flood"],"evidenceLevel":0,"originLevel":0,"hasRecord":false,"recordRelation":null,"status":"current","disputed":false,"precision":"koaza","areaKey":null,"elements":["kawara"],"summary":"要素辞書に一致（kawara）。出典による裏づけは未確認。","zones":[],"dataset":"candidates"}},{"type":"Feature","geometry":{"type":"Point","coordinates":[140.489399,37.775882]},"properties":{"id":"07-75ce1d0fe8","name":"古川","reading":null,"pref":"福島県","prefCode":"07","municipality":"福島市","hazardTypes":["flood","inundation"],"evidenceLevel":0,"originLevel":0,"hasRecord":false,"recordRelation":null,"status":"current","disputed":false,"precision":"koaza","areaKey":null,"elements":["furukawa"],"summary":"要素辞書に一致（furukawa）。出典による裏づけは未確認。","zones":[],"dataset":"candidates"}},{"type":"Feature","geometry":{"type":"Point","coordinates":[140.486975,37.773223]},"properties":{"id":"07-ff64a77815","name":"矢倉下","reading":null,"pref":"福島県","prefCode":"07","municipality":"福島市","hazardTypes":["slope_failure","rockfall"],"evidenceLevel":0,"originLevel":0,"hasRecord":false,"recordRelation":null,"status":"current","disputed":false,"precision":"koaza","areaKey":null,"elements":["kura"],"summary":"要素辞書に一致（kura）。出典による裏づけは未確認。","zones":[],"dataset":"candidates"}},{"type":"Feature","geometry":{"type":"Point","coordinates":[140.49098,37.772446]},"properties":{"id":"07-5da0fc1dc6","name":"高野河原下","reading":null,"pref":"福島県","prefCode":"07","municipality":"福島市","hazardTypes":["flood"],"evidenceLevel":0,"originLevel":0,"hasRecord":false,"recordRelation":null,"status":"current","disputed":false,"precision":"koaza","areaKey":null,"elements":["kawara"],"summary":"要素辞書に一致（kawara）。出典による裏づけは未確認。","zones":[],"dataset":"candidates"}},{"type":"Feature","geometry":{"type":"Point","coordinates":[140.390833,37.726908]},"properties":{"id":"07-da17c05173","name":"上川原田","reading":null,"pref":"福島県","prefCode":"07","municipality":"福島市","hazardTypes":["flood"],"evidenceLevel":0,"originLevel":0,"hasRecord":false,"recordRelation":null,"status":"current","disputed":false,"precision":"koaza","areaKey":"072010890","elements":["kawara"],"summary":"要素辞書に一致（kawara）。出典による裏づけは未確認。","zones":[],"dataset":"candidates"}},{"type":"Feature","geometry":{"type":"Point","coordinates":[140.372252,37.717655]},"properties":{"id":"07-21e1e4da65","name":"前川原","reading":null,"pref":"福島県","prefCode":"07","municipality":"福島市","hazardTypes":["flood"],"evidenceLevel":0,"originLevel":0,"hasRecord":false,"recordRelation":null,"status":"current","disputed":false,"precision":"koaza","areaKey":"072010890","elements":["kawara"],"summary":"要素辞書に一致（kawara）。出典による裏づけは未確認。","zones":[],"dataset":"candidates"}},{"type":"Feature","geometry":{"type":"Point","coordinates":[140.357642,37.702707]},"properties":{"id":"07-5c612c78bd","name":"地蔵原","reading":null,"pref":"福島県","prefCode":"07","municipality":"福島市","hazardTypes":["slope_failure","rockfall"],"evidenceLevel":0,"originLevel":0,"hasRecord":false,"recordRelation":null,"status":"current","disputed":false,"precision":"koaza","areaKey":"072010890","elements":["kura"],"summary":"要素辞書に一致（kura）。出典による裏づけは未確認。","zones":[],"dataset":"candidates"}},{"type":"Feature","geometry":{"type":"Point","coordinates":[140.3669,37.710166]},"properties":{"id":"07-1155b50f0b","name":"地蔵原丁","reading":null,"pref":"福島県","prefCode":"07","municipality":"福島市","hazardTypes":["slope_failure","rockfall"],"evidenceLevel":0,"originLevel":0,"hasRecord":false,"recordRelation":null,"status":"current","disputed":false,"precision":"koaza","areaKey":"072010890","elements":["kura"],"summary":"要素辞書に一致（kura）。出典による裏づけは未確認。","zones":[],"dataset":"candidates"}},{"type":"Feature","geometry":{"type":"Point","coordinates":[140.3638,37.709329]},"properties":{"id":"07-1d040de5d6","name":"地蔵原丙","reading":null,"pref":"福島県","prefCode":"07","municipality":"福島市","hazardTypes":["slope_failure","rockfall"],"evidenceLevel":0,"originLevel":0,"hasRecord":false,"recordRelation":null,"status":"current","disputed":false,"precision":"koaza","areaKey":"072010890","elements":["kura"],"summary":"要素辞書に一致（kura）。出典による裏づけは未確認。","zones":[],"dataset":"candidates"}},{"type":"Feature","geometry":{"type":"Point","coordinates":[140.360965,37.709643]},"properties":{"id":"07-324619c393","name":"地蔵原乙","reading":null,"pref":"福島県","prefCode":"07","municipality":"福島市","hazardTypes":["slope_failure","rockfall"],"evidenceLevel":0,"originLevel":0,"hasRecord":false,"recordRelation":null,"status":"current","disputed":false,"precision":"koaza","areaKey":"072010890","elements":["kura"],"summary":"要素辞書に一致（kura）。出典による裏づけは未確認。","zones":[],"dataset":"candidates"}},{"type":"Feature","geometry":{"type":"Point","coordinates":[140.368706,37.706984]},"properties":{"id":"07-f7dcc2dd81","name":"地蔵原己","reading":null,"pref":"福島県","prefCode":"07","municipality":"福島市","hazardTypes":["slope_failure","rockfall"],"evidenceLevel":0,"originLevel":0,"hasRecord":false,"recordRelation":null,"status":"current","disputed":false,"precision":"koaza","areaKey":"072010890","elements":["kura"],"summary":"要素辞書に一致（kura）。出典による裏づけは未確認。","zones":[],"dataset":"candidates"}},{"type":"Feature","geometry":{"type":"Point","coordinates":[140.362146,37.705393]},"properties":{"id":"07-da5b03834c","name":"地蔵原庚","reading":null,"pref":"福島県","prefCode":"07","municipality":"福島市","hazardTypes":["slope_failure","rockfall"],"evidenceLevel":0,"originLevel":0,"hasRecord":false,"recordRelation":null,"status":"current","disputed":false,"precision":"koaza","areaKey":"072010890","elements":["kura"],"summary":"要素辞書に一致（kura）。出典による裏づけは未確認。","zones":[],"dataset":"candidates"}},{"type":"Feature","geometry":{"type":"Point","coordinates":[140.367522,37.708364]},"properties":{"id":"07-d458091c92","name":"地蔵原戊","reading":null,"pref":"福島県","prefCode":"07","municipality":"福島市","hazardTypes":["slope_failure","rockfall"],"evidenceLevel":0,"originLevel":0,"hasRecord":false,"recordRelation":null,"status":"current","disputed":false,"precision":"koaza","areaKey":"072010890","elements":["kura"],"summary":"要素辞書に一致（kura）。出典による裏づけは未確認。","zones":[],"dataset":"candidates"}},{"type":"Feature","geometry":{"type":"Point","coordinates":[140.358079,37.70511]},"properties":{"id":"07-c5c3dc5337","name":"地蔵原甲","reading":null,"pref":"福島県","prefCode":"07","municipality":"福島市","hazardTypes":["slope_failure","rockfall"],"evidenceLevel":0,"originLevel":0,"hasRecord":false,"recordRelation":null,"status":"current","disputed":false,"precision":"koaza","areaKey":"072010890","elements":["kura"],"summary":"要素辞書に一致（kura）。出典による裏づけは未確認。","zones":[],"dataset":"candidates"}},{"type":"Feature","geometry":{"type":"Point","coordinates":[140.391644,37.727248]},"properties":{"id":"07-27df927a90","name":"川原田","reading":null,"pref":"福島県","prefCode":"07","municipality":"福島市","hazardTypes":["flood"],"evidenceLevel":0,"originLevel":0,"hasRecord":false,"recordRelation":null,"status":"current","disputed":false,"precision":"koaza","areaKey":"072010890","elements":["kawara"],"summary":"要素辞書に一致（kawara）。出典による裏づけは未確認。","zones":[],"dataset":"candidates"}},{"type":"Feature","geometry":{"type":"Point","coordinates":[140.38454,37.721108]},"properties":{"id":"07-5231caa803","name":"庚申下","reading":null,"pref":"福島県","prefCode":"07","municipality":"福島市","hazardTypes":["slope_failure"],"evidenceLevel":0,"originLevel":0,"hasRecord":false,"recordRelation":null,"status":"current","disputed":false,"precision":"koaza","areaKey":"072010890","elements":["saru"],"summary":"要素辞書に一致（saru）。出典による裏づけは未確認。","zones":[],"dataset":"candidates"}},{"type":"Feature","geometry":{"type":"Point","coordinates":[140.383086,37.721648]},"properties":{"id":"07-aed23173f8","name":"庚申塚","reading":null,"pref":"福島県","prefCode":"07","municipality":"福島市","hazardTypes":["slope_failure"],"evidenceLevel":0,"originLevel":0,"hasRecord":false,"recordRelation":null,"status":"current","disputed":false,"precision":"koaza","areaKey":"072010890","elements":["saru"],"summary":"要素辞書に一致（saru）。出典による裏づけは未確認。","zones":[],"dataset":"candidates"}},{"type":"Feature","geometry":{"type":"Point","coordinates":[140.37789,37.715885]},"properties":{"id":"07-f0063e36dc","name":"梅後林","reading":null,"pref":"福島県","prefCode":"07","municipality":"福島市","hazardTypes":["landslide","slope_failure"],"evidenceLevel":0,"originLevel":0,"hasRecord":false,"recordRelation":null,"status":"current","disputed":false,"precision":"koaza","areaKey":"072010890","elements":["ume"],"summary":"要素辞書に一致（ume）。出典による裏づけは未確認。","zones":[],"dataset":"candidates"}},{"type":"Feature","geometry":{"type":"Point","coordinates":[140.393633,37.72851]},"properties":{"id":"07-c7f24aebcd","name":"河原前","reading":null,"pref":"福島県","prefCode":"07","municipality":"福島市","hazardTypes":["flood"],"evidenceLevel":0,"originLevel":0,"hasRecord":false,"recordRelation":null,"status":"current","disputed":false,"precision":"koaza","areaKey":"072010890","elements":["kawara"],"summary":"要素辞書に一致（kawara）。出典による裏づけは未確認。","zones":[],"dataset":"candidates"}},{"type":"Feature","geometry":{"type":"Point","coordinates":[140.39239,37.727868]},"properties":{"id":"07-279076943b","name":"河原畑","reading":null,"pref":"福島県","prefCode":"07","municipality":"福島市","hazardTypes":["flood"],"evidenceLevel":0,"originLevel":0,"hasRecord":false,"recordRelation":null,"status":"current","disputed":false,"precision":"koaza","areaKey":"072010890","elements":["kawara"],"summary":"要素辞書に一致（kawara）。出典による裏づけは未確認。","zones":[],"dataset":"candidates"}},{"type":"Feature","geometry":{"type":"Point","coordinates":[140.455664,37.82851]},"properties":{"id":"07-723df39f3f","name":"上中川原","reading":null,"pref":"福島県","prefCode":"07","municipality":"福島市","hazardTypes":["flood"],"evidenceLevel":0,"originLevel":0,"hasRecord":false,"recordRelation":null,"status":"current","disputed":false,"precision":"koaza","areaKey":"072011010","elements":["kawara"],"summary":"要素辞書に一致（kawara）。出典による裏づけは未確認。","zones":[],"dataset":"candidates"}},{"type":"Feature","geometry":{"type":"Point","coordinates":[140.450509,37.821125]},"properties":{"id":"07-e01804cb3a","name":"上川原","reading":null,"pref":"福島県","prefCode":"07","municipality":"福島市","hazardTypes":["flood"],"evidenceLevel":0,"originLevel":0,"hasRecord":false,"recordRelation":null,"status":"current","disputed":false,"precision":"koaza","areaKey":"072011010","elements":["kawara"],"summary":"要素辞書に一致（kawara）。出典による裏づけは未確認。","zones":[],"dataset":"candidates"}},{"type":"Feature","geometry":{"type":"Point","coordinates":[140.456649,37.824966]},"properties":{"id":"07-a08cfc09ab","name":"下中川原","reading":null,"pref":"福島県","prefCode":"07","municipality":"福島市","hazardTypes":["flood"],"evidenceLevel":0,"originLevel":0,"hasRecord":false,"recordRelation":null,"status":"current","disputed":false,"precision":"koaza","areaKey":"072011010","elements":["kawara"],"summary":"要素辞書に一致（kawara）。出典による裏づけは未確認。","zones":[],"dataset":"candidates"}},{"type":"Feature","geometry":{"type":"Point","coordinates":[140.452045,37.826824]},"properties":{"id":"07-8bfc558e3c","name":"下川原","reading":null,"pref":"福島県","prefCode":"07","municipality":"福島市","hazardTypes":["flood"],"evidenceLevel":0,"originLevel":0,"hasRecord":false,"recordRelation":null,"status":"current","disputed":false,"precision":"koaza","areaKey":"072011010","elements":["kawara"],"summary":"要素辞書に一致（kawara）。出典による裏づけは未確認。","zones":[],"dataset":"candidates"}},{"type":"Feature","geometry":{"type":"Point","coordinates":[140.430048,37.841394]},"properties":{"id":"07-4736bb6c90","name":"古河岩","reading":null,"pref":"福島県","prefCode":"07","municipality":"福島市","hazardTypes":["flood","inundation"],"evidenceLevel":0,"originLevel":0,"hasRecord":false,"recordRelation":null,"status":"current","disputed":false,"precision":"koaza","areaKey":"072011010","elements":["furukawa"],"summary":"要素辞書に一致（furukawa）。出典による裏づけは未確認。","zones":[],"dataset":"candidates"}},{"type":"Feature","geometry":{"type":"Point","coordinates":[140.452217,37.820487]},"properties":{"id":"07-9486ac60d8","name":"川原町","reading":null,"pref":"福島県","prefCode":"07","municipality":"福島市","hazardTypes":["flood"],"evidenceLevel":0,"originLevel":0,"hasRecord":false,"recordRelation":null,"status":"current","disputed":false,"precision":"koaza","areaKey":"072011010","elements":["kawara"],"summary":"要素辞書に一致（kawara）。出典による裏づけは未確認。","zones":[],"dataset":"candidates"}},{"type":"Feature","geometry":{"type":"Point","coordinates":[140.446902,37.828184]},"properties":{"id":"07-89dc3b9536","name":"梅津","reading":null,"pref":"福島県","prefCode":"07","municipality":"福島市","hazardTypes":["landslide","slope_failure"],"evidenceLevel":0,"originLevel":0,"hasRecord":false,"recordRelation":null,"status":"current","disputed":false,"precision":"koaza","areaKey":"072011010","elements":["ume"],"summary":"要素辞書に一致（ume）。出典による裏づけは未確認。","zones":[],"dataset":"candidates"}},{"type":"Feature","geometry":{"type":"Point","coordinates":[140.442947,37.837789]},"properties":{"id":"07-292c7a18f8","name":"石倉","reading":null,"pref":"福島県","prefCode":"07","municipality":"福島市","hazardTypes":["slope_failure","rockfall"],"evidenceLevel":0,"originLevel":0,"hasRecord":false,"recordRelation":null,"status":"current","disputed":false,"precision":"koaza","areaKey":"072011010","elements":["kura"],"summary":"要素辞書に一致（kura）。出典による裏づけは未確認。","zones":[],"dataset":"candidates"}},{"type":"Feature","geometry":{"type":"Point","coordinates":[140.45066,37.831097]},"properties":{"id":"07-91d247e7be","name":"馬場","reading":null,"pref":"福島県","prefCode":"07","municipality":"福島市","hazardTypes":["slope_failure"],"evidenceLevel":0,"originLevel":0,"hasRecord":false,"recordRelation":null,"status":"current","disputed":false,"precision":"koaza","areaKey":"072011010","elements":["baba"],"summary":"要素辞書に一致（baba）。出典による裏づけは未確認。","zones":[],"dataset":"candidates"}},{"type":"Feature","geometry":{"type":"Point","coordinates":[140.448154,37.82931]},"properties":{"id":"07-ce31b27c87","name":"山岸","reading":null,"pref":"福島県","prefCode":"07","municipality":"福島市","hazardTypes":["slope_failure"],"evidenceLevel":0,"originLevel":0,"hasRecord":false,"recordRelation":null,"status":"current","disputed":false,"precision":"koaza","areaKey":"072011030","elements":["kake"],"summary":"要素辞書に一致（kake）。出典による裏づけは未確認。","zones":[],"dataset":"candidates"}},{"type":"Feature","geometry":{"type":"Point","coordinates":[140.445871,37.829514]},"properties":{"id":"07-8a5af545c7","name":"岸","reading":null,"pref":"福島県","prefCode":"07","municipality":"福島市","hazardTypes":["slope_failure"],"evidenceLevel":0,"originLevel":0,"hasRecord":false,"recordRelation":null,"status":"current","disputed":false,"precision":"koaza","areaKey":"072011030","elements":["kake"],"summary":"要素辞書に一致（kake）。出典による裏づけは未確認。","zones":[],"dataset":"candidates"}},{"type":"Feature","geometry":{"type":"Point","coordinates":[140.478768,37.822814]},"properties":{"id":"07-51e96c9aa1","name":"河原田","reading":null,"pref":"福島県","prefCode":"07","municipality":"福島市","hazardTypes":["flood"],"evidenceLevel":0,"originLevel":0,"hasRecord":false,"recordRelation":null,"status":"current","disputed":false,"precision":"koaza","areaKey":"072011050","elements":["kawara"],"summary":"要素辞書に一致（kawara）。出典による裏づけは未確認。","zones":[],"dataset":"candidates"}},{"type":"Feature","geometry":{"type":"Point","coordinates":[140.444096,37.797412]},"properties":{"id":"07-8f9d9cd3ae","name":"地蔵北","reading":null,"pref":"福島県","prefCode":"07","municipality":"福島市","hazardTypes":["slope_failure","rockfall"],"evidenceLevel":0,"originLevel":0,"hasRecord":false,"recordRelation":null,"status":"current","disputed":false,"precision":"koaza","areaKey":null,"elements":["kura"],"summary":"要素辞書に一致（kura）。出典による裏づけは未確認。","zones":[],"dataset":"candidates"}},{"type":"Feature","geometry":{"type":"Point","coordinates":[140.442976,37.80225]},"properties":{"id":"07-9461507bfc","name":"小深田","reading":null,"pref":"福島県","prefCode":"07","municipality":"福島市","hazardTypes":["soft_ground","inundation"],"evidenceLevel":0,"originLevel":0,"hasRecord":false,"recordRelation":null,"status":"current","disputed":false,"precision":"koaza","areaKey":null,"elements":["fuke"],"summary":"要素辞書に一致（fuke）。出典による裏づけは未確認。","zones":[],"dataset":"candidates"}},{"type":"Feature","geometry":{"type":"Point","coordinates":[140.440946,37.803529]},"properties":{"id":"07-0ca61d468c","name":"小深田北","reading":null,"pref":"福島県","prefCode":"07","municipality":"福島市","hazardTypes":["soft_ground","inundation"],"evidenceLevel":0,"originLevel":0,"hasRecord":false,"recordRelation":null,"status":"current","disputed":false,"precision":"koaza","areaKey":null,"elements":["fuke"],"summary":"要素辞書に一致（fuke）。出典による裏づけは未確認。","zones":[],"dataset":"candidates"}},{"type":"Feature","geometry":{"type":"Point","coordinates":[140.439582,37.801343]},"properties":{"id":"07-b207a16a14","name":"川原","reading":null,"pref":"福島県","prefCode":"07","municipality":"福島市","hazardTypes":["flood"],"evidenceLevel":0,"originLevel":0,"hasRecord":false,"recordRelation":null,"status":"current","disputed":false,"precision":"koaza","areaKey":null,"elements":["kawara"],"summary":"要素辞書に一致（kawara）。出典による裏づけは未確認。","zones":[],"dataset":"candidates"}},{"type":"Feature","geometry":{"type":"Point","coordinates":[140.447721,37.801121]},"properties":{"id":"07-f00fea7cdb","name":"川原畑","reading":null,"pref":"福島県","prefCode":"07","municipality":"福島市","hazardTypes":["flood"],"evidenceLevel":0,"originLevel":0,"hasRecord":false,"recordRelation":null,"status":"current","disputed":false,"precision":"koaza","areaKey":null,"elements":["kawara"],"summary":"要素辞書に一致（kawara）。出典による裏づけは未確認。","zones":[],"dataset":"candidates"}},{"type":"Feature","geometry":{"type":"Point","coordinates":[140.457636,37.803909]},"properties":{"id":"07-cb9504d681","name":"東地蔵田","reading":null,"pref":"福島県","prefCode":"07","municipality":"福島市","hazardTypes":["slope_failure","rockfall"],"evidenceLevel":0,"originLevel":0,"hasRecord":false,"recordRelation":null,"status":"current","disputed":false,"precision":"koaza","areaKey":null,"elements":["kura"],"summary":"要素辞書に一致（kura）。出典による裏づけは未確認。","zones":[],"dataset":"candidates"}},{"type":"Feature","geometry":{"type":"Point","coordinates":[140.438069,37.823482]},"properties":{"id":"07-eacfd4718b","name":"鹿ノ畑","reading":null,"pref":"福島県","prefCode":"07","municipality":"福島市","hazardTypes":["landslide","soft_ground"],"evidenceLevel":0,"originLevel":0,"hasRecord":false,"recordRelation":null,"status":"current","disputed":false,"precision":"koaza","areaKey":null,"elements":["shishi"],"summary":"要素辞書に一致（shishi）。出典による裏づけは未確認。","zones":[],"dataset":"candidates"}},{"type":"Feature","geometry":{"type":"Point","coordinates":[140.458884,37.829332]},"properties":{"id":"07-ce651873a9","name":"千刈田","reading":null,"pref":"福島県","prefCode":"07","municipality":"福島市","hazardTypes":["slope_failure"],"evidenceLevel":0,"originLevel":0,"hasRecord":false,"recordRelation":null,"status":"current","disputed":false,"precision":"koaza","areaKey":"072011040","elements":["kake"],"summary":"要素辞書に一致（kake）。出典による裏づけは未確認。","zones":[],"dataset":"candidates"}},{"type":"Feature","geometry":{"type":"Point","coordinates":[140.452794,37.835961]},"properties":{"id":"07-14d208589a","name":"明蔵原","reading":null,"pref":"福島県","prefCode":"07","municipality":"福島市","hazardTypes":["slope_failure","rockfall"],"evidenceLevel":0,"originLevel":0,"hasRecord":false,"recordRelation":null,"status":"current","disputed":false,"precision":"koaza","areaKey":"072011040","elements":["kura"],"summary":"要素辞書に一致（kura）。出典による裏づけは未確認。","zones":[],"dataset":"candidates"}},{"type":"Feature","geometry":{"type":"Point","coordinates":[140.466182,37.844304]},"properties":{"id":"07-f295d17a76","name":"河原","reading":null,"pref":"福島県","prefCode":"07","municipality":"福島市","hazardTypes":["flood"],"evidenceLevel":0,"originLevel":0,"hasRecord":false,"recordRelation":null,"status":"current","disputed":false,"precision":"koaza","areaKey":"072011040","elements":["kawara"],"summary":"要素辞書に一致（kawara）。出典による裏づけは未確認。","zones":[],"dataset":"candidates"}},{"type":"Feature","geometry":{"type":"Point","coordinates":[140.455954,37.834795]},"properties":{"id":"07-31ca35cfe9","name":"目暗渕","reading":null,"pref":"福島県","prefCode":"07","municipality":"福島市","hazardTypes":["slope_failure","rockfall"],"evidenceLevel":0,"originLevel":0,"hasRecord":false,"recordRelation":null,"status":"current","disputed":false,"precision":"koaza","areaKey":"072011040","elements":["kura"],"summary":"要素辞書に一致（kura）。出典による裏づけは未確認。","zones":[],"dataset":"candidates"}},{"type":"Feature","geometry":{"type":"Point","coordinates":[140.469412,37.833666]},"properties":{"id":"07-4d95ff493a","name":"稲ケ馬場","reading":null,"pref":"福島県","prefCode":"07","municipality":"福島市","hazardTypes":["slope_failure"],"evidenceLevel":0,"originLevel":0,"hasRecord":false,"recordRelation":null,"status":"current","disputed":false,"precision":"koaza","areaKey":"072011040","elements":["baba"],"summary":"要素辞書に一致（baba）。出典による裏づけは未確認。","zones":[],"dataset":"candidates"}},{"type":"Feature","geometry":{"type":"Point","coordinates":[140.461665,37.821148]},"properties":{"id":"07-bfcdbbc11f","name":"芹田","reading":null,"pref":"福島県","prefCode":"07","municipality":"福島市","hazardTypes":["landslide","soft_ground"],"evidenceLevel":0,"originLevel":0,"hasRecord":false,"recordRelation":null,"status":"current","disputed":false,"precision":"koaza","areaKey":"072011040","elements":["wetland_plants"],"summary":"要素辞書に一致（wetland_plants）。出典による裏づけは未確認。","zones":[],"dataset":"candidates"}},{"type":"Feature","geometry":{"type":"Point","coordinates":[140.539338,37.692813]},"properties":{"id":"07-9fbe38d850","name":"飯野町青木","reading":"イイノマチアオキ","pref":"福島県","prefCode":"07","municipality":"福島市","hazardTypes":["slope_failure"],"evidenceLevel":0,"originLevel":0,"hasRecord":false,"recordRelation":null,"status":"current","disputed":false,"precision":"oaza","areaKey":null,"elements":["afu_oo"],"summary":"要素辞書に一致（afu_oo）。出典による裏づけは未確認。","zones":[],"dataset":"candidates"}},{"type":"Feature","geometry":{"type":"Point","coordinates":[140.548668,37.66307]},"properties":{"id":"07-a2f21c9122","name":"飯野町大久保","reading":"イイノマチオオクボ","pref":"福島県","prefCode":"07","municipality":"福島市","hazardTypes":["slope_failure","inundation","landslide"],"evidenceLevel":0,"originLevel":0,"hasRecord":false,"recordRelation":null,"status":"current","disputed":false,"precision":"oaza","areaKey":null,"elements":["afu_oo","kubo"],"summary":"要素辞書に一致（afu_oo・kubo）。出典による裏づけは未確認。","zones":[],"dataset":"candidates"}},{"type":"Feature","geometry":{"type":"Point","coordinates":[140.450403,37.781423]},"properties":{"id":"07-38def1f15a","name":"川原前","reading":null,"pref":"福島県","prefCode":"07","municipality":"福島市","hazardTypes":["flood"],"evidenceLevel":0,"originLevel":0,"hasRecord":false,"recordRelation":null,"status":"current","disputed":false,"precision":"koaza","areaKey":"072010640","elements":["kawara"],"summary":"要素辞書に一致（kawara）。出典による裏づけは未確認。","zones":[],"dataset":"candidates"}},{"type":"Feature","geometry":{"type":"Point","coordinates":[140.394331,37.796501]},"properties":{"id":"07-d04fa518fa","name":"上河原","reading":null,"pref":"福島県","prefCode":"07","municipality":"福島市","hazardTypes":["flood"],"evidenceLevel":0,"originLevel":0,"hasRecord":false,"recordRelation":null,"status":"current","disputed":false,"precision":"koaza","areaKey":null,"elements":["kawara"],"summary":"要素辞書に一致（kawara）。出典による裏づけは未確認。","zones":[],"dataset":"candidates"}},{"type":"Feature","geometry":{"type":"Point","coordinates":[140.392879,37.792344]},"properties":{"id":"07-bcc9782011","name":"中鹿野","reading":null,"pref":"福島県","prefCode":"07","municipality":"福島市","hazardTypes":["landslide","soft_ground"],"evidenceLevel":0,"originLevel":0,"hasRecord":false,"recordRelation":null,"status":"current","disputed":false,"precision":"koaza","areaKey":null,"elements":["shishi"],"summary":"要素辞書に一致（shishi）。出典による裏づけは未確認。","zones":[],"dataset":"candidates"}},{"type":"Feature","geometry":{"type":"Point","coordinates":[140.402106,37.806853]},"properties":{"id":"07-55c5dcb71d","name":"内田","reading":null,"pref":"福島県","prefCode":"07","municipality":"福島市","hazardTypes":["debris_flow","flood"],"evidenceLevel":0,"originLevel":0,"hasRecord":false,"recordRelation":null,"status":"current","disputed":false,"precision":"koaza","areaKey":null,"elements":["uchide"],"summary":"要素辞書に一致（uchide）。出典による裏づけは未確認。","zones":[],"dataset":"candidates"}},{"type":"Feature","geometry":{"type":"Point","coordinates":[140.392197,37.791205]},"properties":{"id":"07-19831ce843","name":"南幅","reading":null,"pref":"福島県","prefCode":"07","municipality":"福島市","hazardTypes":["erosion","slope_failure"],"evidenceLevel":0,"originLevel":0,"hasRecord":false,"recordRelation":null,"status":"current","disputed":false,"precision":"koaza","areaKey":null,"elements":["haba"],"summary":"要素辞書に一致（haba）。出典による裏づけは未確認。","zones":[],"dataset":"candidates"}},{"type":"Feature","geometry":{"type":"Point","coordinates":[140.402905,37.808141]},"properties":{"id":"07-af359ae046","name":"大倉","reading":null,"pref":"福島県","prefCode":"07","municipality":"福島市","hazardTypes":["slope_failure","rockfall"],"evidenceLevel":0,"originLevel":0,"hasRecord":false,"recordRelation":null,"status":"current","disputed":false,"precision":"koaza","areaKey":null,"elements":["kura"],"summary":"要素辞書に一致（kura）。出典による裏づけは未確認。","zones":[],"dataset":"candidates"}},{"type":"Feature","geometry":{"type":"Point","coordinates":[140.394861,37.79463]},"properties":{"id":"07-65c4f249bb","name":"柿畑","reading":null,"pref":"福島県","prefCode":"07","municipality":"福島市","hazardTypes":["slope_failure"],"evidenceLevel":0,"originLevel":0,"hasRecord":false,"recordRelation":null,"status":"current","disputed":false,"precision":"koaza","areaKey":null,"elements":["kake"],"summary":"要素辞書に一致（kake）。出典による裏づけは未確認。","zones":[],"dataset":"candidates"}},{"type":"Feature","geometry":{"type":"Point","coordinates":[140.433984,37.730634]},"properties":{"id":"07-07c5f9dd79","name":"中河原","reading":null,"pref":"福島県","prefCode":"07","municipality":"福島市","hazardTypes":["flood"],"evidenceLevel":0,"originLevel":0,"hasRecord":false,"recordRelation":null,"status":"current","disputed":false,"precision":"koaza","areaKey":null,"elements":["kawara"],"summary":"要素辞書に一致（kawara）。出典による裏づけは未確認。","zones":[],"dataset":"candidates"}},{"type":"Feature","geometry":{"type":"Point","coordinates":[140.431228,37.733962]},"properties":{"id":"07-71d11382a2","name":"地蔵前","reading":null,"pref":"福島県","prefCode":"07","municipality":"福島市","hazardTypes":["slope_failure","rockfall"],"evidenceLevel":0,"originLevel":0,"hasRecord":false,"recordRelation":null,"status":"current","disputed":false,"precision":"koaza","areaKey":null,"elements":["kura"],"summary":"要素辞書に一致（kura）。出典による裏づけは未確認。","zones":[],"dataset":"candidates"}},{"type":"Feature","geometry":{"type":"Point","coordinates":[140.448341,37.728111]},"properties":{"id":"07-225e93e8da","name":"坿","reading":null,"pref":"福島県","prefCode":"07","municipality":"福島市","hazardTypes":["slope_failure","erosion"],"evidenceLevel":0,"originLevel":0,"hasRecord":false,"recordRelation":null,"status":"current","disputed":false,"precision":"koaza","areaKey":null,"elements":["mama"],"summary":"要素辞書に一致（mama）。出典による裏づけは未確認。","zones":[],"dataset":"candidates"}},{"type":"Feature","geometry":{"type":"Point","coordinates":[140.430242,37.733309]},"properties":{"id":"07-a55a7e551f","name":"後河原","reading":null,"pref":"福島県","prefCode":"07","municipality":"福島市","hazardTypes":["flood"],"evidenceLevel":0,"originLevel":0,"hasRecord":false,"recordRelation":null,"status":"current","disputed":false,"precision":"koaza","areaKey":null,"elements":["kawara"],"summary":"要素辞書に一致（kawara）。出典による裏づけは未確認。","zones":[],"dataset":"candidates"}},{"type":"Feature","geometry":{"type":"Point","coordinates":[140.518612,37.791066]},"properties":{"id":"07-68b3800c93","name":"獅子田","reading":null,"pref":"福島県","prefCode":"07","municipality":"福島市","hazardTypes":["landslide","soft_ground"],"evidenceLevel":0,"originLevel":0,"hasRecord":false,"recordRelation":null,"status":"current","disputed":false,"precision":"koaza","areaKey":"072010700","elements":["shishi"],"summary":"要素辞書に一致（shishi）。出典による裏づけは未確認。","zones":[],"dataset":"candidates"}},{"type":"Feature","geometry":{"type":"Point","coordinates":[140.516846,37.791947]},"properties":{"id":"07-3a0fe5607a","name":"菖蒲田","reading":null,"pref":"福島県","prefCode":"07","municipality":"福島市","hazardTypes":["landslide","soft_ground"],"evidenceLevel":0,"originLevel":0,"hasRecord":false,"recordRelation":null,"status":"current","disputed":false,"precision":"koaza","areaKey":"072010700","elements":["wetland_plants"],"summary":"要素辞書に一致（wetland_plants）。出典による裏づけは未確認。","zones":[],"dataset":"candidates"}},{"type":"Feature","geometry":{"type":"Point","coordinates":[140.513582,37.784268]},"properties":{"id":"07-c4b90a3a65","name":"鹿野","reading":null,"pref":"福島県","prefCode":"07","municipality":"福島市","hazardTypes":["landslide","soft_ground"],"evidenceLevel":0,"originLevel":0,"hasRecord":false,"recordRelation":null,"status":"current","disputed":false,"precision":"koaza","areaKey":"072010700","elements":["shishi"],"summary":"要素辞書に一致（shishi）。出典による裏づけは未確認。","zones":[],"dataset":"candidates"}},{"type":"Feature","geometry":{"type":"Point","coordinates":[140.49588,37.780505]},"properties":{"id":"07-1dd1b82c64","name":"中川原","reading":null,"pref":"福島県","prefCode":"07","municipality":"福島市","hazardTypes":["flood"],"evidenceLevel":0,"originLevel":0,"hasRecord":false,"recordRelation":null,"status":"current","disputed":false,"precision":"koaza","areaKey":"072010680","elements":["kawara"],"summary":"要素辞書に一致（kawara）。出典による裏づけは未確認。","zones":[],"dataset":"candidates"}},{"type":"Feature","geometry":{"type":"Point","coordinates":[140.506512,37.775051]},"properties":{"id":"07-cf051db249","name":"倉ノ内","reading":null,"pref":"福島県","prefCode":"07","municipality":"福島市","hazardTypes":["slope_failure","rockfall"],"evidenceLevel":0,"originLevel":0,"hasRecord":false,"recordRelation":null,"status":"current","disputed":false,"precision":"koaza","areaKey":"072010680","elements":["kura"],"summary":"要素辞書に一致（kura）。出典による裏づけは未確認。","zones":[],"dataset":"candidates"}},{"type":"Feature","geometry":{"type":"Point","coordinates":[140.497078,37.778368]},"properties":{"id":"07-86480637a0","name":"内川原","reading":null,"pref":"福島県","prefCode":"07","municipality":"福島市","hazardTypes":["flood"],"evidenceLevel":0,"originLevel":0,"hasRecord":false,"recordRelation":null,"status":"current","disputed":false,"precision":"koaza","areaKey":"072010680","elements":["kawara"],"summary":"要素辞書に一致（kawara）。出典による裏づけは未確認。","zones":[],"dataset":"candidates"}},{"type":"Feature","geometry":{"type":"Point","coordinates":[140.495063,37.786116]},"properties":{"id":"07-939f23ef7b","name":"北川原","reading":null,"pref":"福島県","prefCode":"07","municipality":"福島市","hazardTypes":["flood"],"evidenceLevel":0,"originLevel":0,"hasRecord":false,"recordRelation":null,"status":"current","disputed":false,"precision":"koaza","areaKey":"072010680","elements":["kawara"],"summary":"要素辞書に一致（kawara）。出典による裏づけは未確認。","zones":[],"dataset":"candidates"}},{"type":"Feature","geometry":{"type":"Point","coordinates":[140.50829,37.775021]},"properties":{"id":"07-a8ff133d2f","name":"大久保","reading":null,"pref":"福島県","prefCode":"07","municipality":"福島市","hazardTypes":["slope_failure","inundation","landslide"],"evidenceLevel":0,"originLevel":0,"hasRecord":false,"recordRelation":null,"status":"current","disputed":false,"precision":"koaza","areaKey":"072010680","elements":["afu_oo","kubo"],"summary":"要素辞書に一致（afu_oo・kubo）。出典による裏づけは未確認。","zones":[],"dataset":"candidates"}},{"type":"Feature","geometry":{"type":"Point","coordinates":[140.498042,37.771569]},"properties":{"id":"07-cf34d1f4ef","name":"大蔵","reading":null,"pref":"福島県","prefCode":"07","municipality":"福島市","hazardTypes":["slope_failure","rockfall"],"evidenceLevel":0,"originLevel":0,"hasRecord":false,"recordRelation":null,"status":"current","disputed":false,"precision":"koaza","areaKey":"072010680","elements":["kura"],"summary":"要素辞書に一致（kura）。出典による裏づけは未確認。","zones":[],"dataset":"candidates"}},{"type":"Feature","geometry":{"type":"Point","coordinates":[140.495457,37.783411]},"properties":{"id":"07-5da261c0bc","name":"沖川原","reading":null,"pref":"福島県","prefCode":"07","municipality":"福島市","hazardTypes":["flood"],"evidenceLevel":0,"originLevel":0,"hasRecord":false,"recordRelation":null,"status":"current","disputed":false,"precision":"koaza","areaKey":"072010680","elements":["kawara"],"summary":"要素辞書に一致（kawara）。出典による裏づけは未確認。","zones":[],"dataset":"candidates"}},{"type":"Feature","geometry":{"type":"Point","coordinates":[140.478144,37.730318]},"properties":{"id":"07-2258342488","name":"小倉寺","reading":"オグラジ","pref":"福島県","prefCode":"07","municipality":"福島市","hazardTypes":["slope_failure","rockfall"],"evidenceLevel":0,"originLevel":0,"hasRecord":false,"recordRelation":null,"status":"current","disputed":false,"precision":"oaza","areaKey":"072010550","elements":["kura"],"summary":"要素辞書に一致（kura）。出典による裏づけは未確認。","zones":[],"dataset":"candidates"}},{"type":"Feature","geometry":{"type":"Point","coordinates":[140.465787,37.746442]},"properties":{"id":"07-6e68df1ef3","name":"御倉町","reading":"オグラチョウ","pref":"福島県","prefCode":"07","municipality":"福島市","hazardTypes":["slope_failure","rockfall"],"evidenceLevel":0,"originLevel":0,"hasRecord":false,"recordRelation":null,"status":"current","disputed":false,"precision":"oaza","areaKey":"072010020","elements":["kura"],"summary":"要素辞書に一致（kura）。出典による裏づけは未確認。","zones":[],"dataset":"candidates"}},{"type":"Feature","geometry":{"type":"Point","coordinates":[140.434357,37.70836]},"properties":{"id":"07-08107bd62e","name":"鹿島山","reading":null,"pref":"福島県","prefCode":"07","municipality":"福島市","hazardTypes":["landslide","soft_ground"],"evidenceLevel":0,"originLevel":0,"hasRecord":false,"recordRelation":null,"status":"current","disputed":false,"precision":"koaza","areaKey":"072013070","elements":["shishi"],"summary":"要素辞書に一致（shishi）。出典による裏づけは未確認。","zones":[],"dataset":"candidates"}},{"type":"Feature","geometry":{"type":"Point","coordinates":[140.459206,37.780679]},"properties":{"id":"07-ba8c83fb63","name":"松川原","reading":null,"pref":"福島県","prefCode":"07","municipality":"福島市","hazardTypes":["flood"],"evidenceLevel":0,"originLevel":0,"hasRecord":false,"recordRelation":null,"status":"current","disputed":false,"precision":"koaza","areaKey":"072010650","elements":["kawara"],"summary":"要素辞書に一致（kawara）。出典による裏づけは未確認。","zones":[],"dataset":"candidates"}},{"type":"Feature","geometry":{"type":"Point","coordinates":[140.47333,37.771464]},"properties":{"id":"07-f4bbff9ef5","name":"萩倉","reading":null,"pref":"福島県","prefCode":"07","municipality":"福島市","hazardTypes":["slope_failure","rockfall"],"evidenceLevel":0,"originLevel":0,"hasRecord":false,"recordRelation":null,"status":"current","disputed":false,"precision":"koaza","areaKey":"072010650","elements":["kura"],"summary":"要素辞書に一致（kura）。出典による裏づけは未確認。","zones":[],"dataset":"candidates"}},{"type":"Feature","geometry":{"type":"Point","coordinates":[140.474026,37.797216]},"properties":{"id":"07-50f688e7b5","name":"深町","reading":null,"pref":"福島県","prefCode":"07","municipality":"福島市","hazardTypes":["soft_ground","inundation"],"evidenceLevel":0,"originLevel":0,"hasRecord":false,"recordRelation":null,"status":"current","disputed":false,"precision":"koaza","areaKey":null,"elements":["fuke"],"summary":"要素辞書に一致（fuke）。出典による裏づけは未確認。","zones":[],"dataset":"candidates"}},{"type":"Feature","geometry":{"type":"Point","coordinates":[140.488123,37.795548]},"properties":{"id":"07-36bec6f859","name":"矢倉","reading":null,"pref":"福島県","prefCode":"07","municipality":"福島市","hazardTypes":["slope_failure","rockfall"],"evidenceLevel":0,"originLevel":0,"hasRecord":false,"recordRelation":null,"status":"current","disputed":false,"precision":"koaza","areaKey":null,"elements":["kura"],"summary":"要素辞書に一致（kura）。出典による裏づけは未確認。","zones":[],"dataset":"candidates"}},{"type":"Feature","geometry":{"type":"Point","coordinates":[140.41103,37.732501]},"properties":{"id":"07-a475eb86c9","name":"北河原","reading":null,"pref":"福島県","prefCode":"07","municipality":"福島市","hazardTypes":["flood"],"evidenceLevel":0,"originLevel":0,"hasRecord":false,"recordRelation":null,"status":"current","disputed":false,"precision":"koaza","areaKey":"072013050","elements":["kawara"],"summary":"要素辞書に一致（kawara）。出典による裏づけは未確認。","zones":[],"dataset":"candidates"}},{"type":"Feature","geometry":{"type":"Point","coordinates":[140.406304,37.725551]},"properties":{"id":"07-911c8f3379","name":"猪田","reading":null,"pref":"福島県","prefCode":"07","municipality":"福島市","hazardTypes":["landslide","soft_ground"],"evidenceLevel":0,"originLevel":0,"hasRecord":false,"recordRelation":null,"status":"current","disputed":false,"precision":"koaza","areaKey":"072013050","elements":["shishi"],"summary":"要素辞書に一致（shishi）。出典による裏づけは未確認。","zones":[],"dataset":"candidates"}},{"type":"Feature","geometry":{"type":"Point","coordinates":[140.376047,37.728051]},"properties":{"id":"07-579b4f4ba6","name":"上名倉","reading":"カミナグラ","pref":"福島県","prefCode":"07","municipality":"福島市","hazardTypes":["slope_failure","rockfall"],"evidenceLevel":0,"originLevel":0,"hasRecord":false,"recordRelation":null,"status":"current","disputed":false,"precision":"oaza","areaKey":"072010870","elements":["kura"],"summary":"要素辞書に一致（kura）。出典による裏づけは未確認。","zones":[],"dataset":"candidates"}},{"type":"Feature","geometry":{"type":"Point","coordinates":[140.395761,37.732753]},"properties":{"id":"07-f2b47a302f","name":"儘上","reading":null,"pref":"福島県","prefCode":"07","municipality":"福島市","hazardTypes":["slope_failure","erosion"],"evidenceLevel":0,"originLevel":0,"hasRecord":false,"recordRelation":null,"status":"current","disputed":false,"precision":"koaza","areaKey":"072010870","elements":["mama"],"summary":"要素辞書に一致（mama）。出典による裏づけは未確認。","zones":[],"dataset":"candidates"}},{"type":"Feature","geometry":{"type":"Point","coordinates":[140.396467,37.732474]},"properties":{"id":"07-1c970a7abe","name":"儘下","reading":null,"pref":"福島県","prefCode":"07","municipality":"福島市","hazardTypes":["slope_failure","erosion"],"evidenceLevel":0,"originLevel":0,"hasRecord":false,"recordRelation":null,"status":"current","disputed":false,"precision":"koaza","areaKey":"072010870","elements":["mama"],"summary":"要素辞書に一致（mama）。出典による裏づけは未確認。","zones":[],"dataset":"candidates"}},{"type":"Feature","geometry":{"type":"Point","coordinates":[140.395933,37.731593]},"properties":{"id":"07-d11720f3b0","name":"儘南","reading":null,"pref":"福島県","prefCode":"07","municipality":"福島市","hazardTypes":["slope_failure","erosion"],"evidenceLevel":0,"originLevel":0,"hasRecord":false,"recordRelation":null,"status":"current","disputed":false,"precision":"koaza","areaKey":"072010870","elements":["mama"],"summary":"要素辞書に一致（mama）。出典による裏づけは未確認。","zones":[],"dataset":"candidates"}},{"type":"Feature","geometry":{"type":"Point","coordinates":[140.3939,37.730736]},"properties":{"id":"07-595d64148d","name":"儘添","reading":null,"pref":"福島県","prefCode":"07","municipality":"福島市","hazardTypes":["slope_failure","erosion"],"evidenceLevel":0,"originLevel":0,"hasRecord":false,"recordRelation":null,"status":"current","disputed":false,"precision":"koaza","areaKey":"072010870","elements":["mama"],"summary":"要素辞書に一致（mama）。出典による裏づけは未確認。","zones":[],"dataset":"candidates"}},{"type":"Feature","geometry":{"type":"Point","coordinates":[140.398266,37.735251]},"properties":{"id":"07-de0b5cf72c","name":"蛇王","reading":null,"pref":"福島県","prefCode":"07","municipality":"福島市","hazardTypes":["slope_failure","debris_flow"],"evidenceLevel":0,"originLevel":0,"hasRecord":false,"recordRelation":null,"status":"current","disputed":false,"precision":"koaza","areaKey":"072010870","elements":["ja"],"summary":"要素辞書に一致（ja）。出典による裏づけは未確認。","zones":[],"dataset":"candidates"}},{"type":"Feature","geometry":{"type":"Point","coordinates":[140.383877,37.727738]},"properties":{"id":"07-bbee061ae8","name":"足王前","reading":null,"pref":"福島県","prefCode":"07","municipality":"福島市","hazardTypes":["flood","inundation"],"evidenceLevel":0,"originLevel":0,"hasRecord":false,"recordRelation":null,"status":"current","disputed":false,"precision":"koaza","areaKey":"072010870","elements":["ashi"],"summary":"要素辞書に一致（ashi）。出典による裏づけは未確認。","zones":[],"dataset":"candidates"}},{"type":"Feature","geometry":{"type":"Point","coordinates":[140.403946,37.761812]},"properties":{"id":"07-c23bb82efa","name":"梅田","reading":null,"pref":"福島県","prefCode":"07","municipality":"福島市","hazardTypes":["landslide","slope_failure"],"evidenceLevel":0,"originLevel":0,"hasRecord":false,"recordRelation":null,"status":"current","disputed":false,"precision":"koaza","areaKey":"072014020","elements":["ume"],"summary":"要素辞書に一致（ume）。出典による裏づけは未確認。","zones":[],"dataset":"candidates"}},{"type":"Feature","geometry":{"type":"Point","coordinates":[140.42504,37.78302]},"properties":{"id":"07-b038017bca","name":"上稲荷川原","reading":null,"pref":"福島県","prefCode":"07","municipality":"福島市","hazardTypes":["flood"],"evidenceLevel":0,"originLevel":0,"hasRecord":false,"recordRelation":null,"status":"current","disputed":false,"precision":"koaza","areaKey":null,"elements":["kawara"],"summary":"要素辞書に一致（kawara）。出典による裏づけは未確認。","zones":[],"dataset":"candidates"}},{"type":"Feature","geometry":{"type":"Point","coordinates":[140.427359,37.783454]},"properties":{"id":"07-91c27446cf","name":"下稲荷川原","reading":null,"pref":"福島県","prefCode":"07","municipality":"福島市","hazardTypes":["flood"],"evidenceLevel":0,"originLevel":0,"hasRecord":false,"recordRelation":null,"status":"current","disputed":false,"precision":"koaza","areaKey":null,"elements":["kawara"],"summary":"要素辞書に一致（kawara）。出典による裏づけは未確認。","zones":[],"dataset":"candidates"}},{"type":"Feature","geometry":{"type":"Point","coordinates":[140.44981,37.784595]},"properties":{"id":"07-65ef50ee58","name":"川寒下川原","reading":null,"pref":"福島県","prefCode":"07","municipality":"福島市","hazardTypes":["flood"],"evidenceLevel":0,"originLevel":0,"hasRecord":false,"recordRelation":null,"status":"current","disputed":false,"precision":"koaza","areaKey":null,"elements":["kawara"],"summary":"要素辞書に一致（kawara）。出典による裏づけは未確認。","zones":[],"dataset":"candidates"}},{"type":"Feature","geometry":{"type":"Point","coordinates":[140.447728,37.783353]},"properties":{"id":"07-4718e0a897","name":"川寒川原","reading":null,"pref":"福島県","prefCode":"07","municipality":"福島市","hazardTypes":["flood"],"evidenceLevel":0,"originLevel":0,"hasRecord":false,"recordRelation":null,"status":"current","disputed":false,"precision":"koaza","areaKey":null,"elements":["kawara"],"summary":"要素辞書に一致（kawara）。出典による裏づけは未確認。","zones":[],"dataset":"candidates"}},{"type":"Feature","geometry":{"type":"Point","coordinates":[140.427363,37.782617]},"properties":{"id":"07-73c696dbcd","name":"東稲荷川原","reading":null,"pref":"福島県","prefCode":"07","municipality":"福島市","hazardTypes":["flood"],"evidenceLevel":0,"originLevel":0,"hasRecord":false,"recordRelation":null,"status":"current","disputed":false,"precision":"koaza","areaKey":null,"elements":["kawara"],"summary":"要素辞書に一致（kawara）。出典による裏づけは未確認。","zones":[],"dataset":"candidates"}},{"type":"Feature","geometry":{"type":"Point","coordinates":[140.453431,37.783991]},"properties":{"id":"07-b9d8b9cb92","name":"欠ケ","reading":null,"pref":"福島県","prefCode":"07","municipality":"福島市","hazardTypes":["slope_failure"],"evidenceLevel":0,"originLevel":0,"hasRecord":false,"recordRelation":null,"status":"current","disputed":false,"precision":"koaza","areaKey":null,"elements":["kake"],"summary":"要素辞書に一致（kake）。出典による裏づけは未確認。","zones":[],"dataset":"candidates"}},{"type":"Feature","geometry":{"type":"Point","coordinates":[140.425254,37.783991]},"properties":{"id":"07-8521b73a18","name":"稲荷中川原","reading":null,"pref":"福島県","prefCode":"07","municipality":"福島市","hazardTypes":["flood"],"evidenceLevel":0,"originLevel":0,"hasRecord":false,"recordRelation":null,"status":"current","disputed":false,"precision":"koaza","areaKey":null,"elements":["kawara"],"summary":"要素辞書に一致（kawara）。出典による裏づけは未確認。","zones":[],"dataset":"candidates"}},{"type":"Feature","geometry":{"type":"Point","coordinates":[140.421572,37.783547]},"properties":{"id":"07-cff4c950b7","name":"稲荷川原西","reading":null,"pref":"福島県","prefCode":"07","municipality":"福島市","hazardTypes":["flood"],"evidenceLevel":0,"originLevel":0,"hasRecord":false,"recordRelation":null,"status":"current","disputed":false,"precision":"koaza","areaKey":null,"elements":["kawara"],"summary":"要素辞書に一致（kawara）。出典による裏づけは未確認。","zones":[],"dataset":"candidates"}},{"type":"Feature","geometry":{"type":"Point","coordinates":[140.406626,37.742407]},"properties":{"id":"07-05a120b78d","name":"佐倉下","reading":"サクラシモ","pref":"福島県","prefCode":"07","municipality":"福島市","hazardTypes":["slope_failure","rockfall"],"evidenceLevel":0,"originLevel":0,"hasRecord":false,"recordRelation":null,"status":"current","disputed":false,"precision":"oaza","areaKey":"072010860","elements":["kura"],"summary":"要素辞書に一致（kura）。出典による裏づけは未確認。","zones":[],"dataset":"candidates"}},{"type":"Feature","geometry":{"type":"Point","coordinates":[140.366903,37.749826]},"properties":{"id":"07-c6a261a352","name":"北刈野","reading":null,"pref":"福島県","prefCode":"07","municipality":"福島市","hazardTypes":["slope_failure"],"evidenceLevel":0,"originLevel":0,"hasRecord":false,"recordRelation":null,"status":"current","disputed":false,"precision":"koaza","areaKey":"072014110","elements":["kake"],"summary":"要素辞書に一致（kake）。出典による裏づけは未確認。","zones":[],"dataset":"candidates"}},{"type":"Feature","geometry":{"type":"Point","coordinates":[140.368691,37.746604]},"properties":{"id":"07-69ee6ff9be","name":"南刈野","reading":null,"pref":"福島県","prefCode":"07","municipality":"福島市","hazardTypes":["slope_failure"],"evidenceLevel":0,"originLevel":0,"hasRecord":false,"recordRelation":null,"status":"current","disputed":false,"precision":"koaza","areaKey":"072014110","elements":["kake"],"summary":"要素辞書に一致（kake）。出典による裏づけは未確認。","zones":[],"dataset":"candidates"}},{"type":"Feature","geometry":{"type":"Point","coordinates":[140.400648,37.751571]},"properties":{"id":"07-0f370bd3c9","name":"小豆田","reading":null,"pref":"福島県","prefCode":"07","municipality":"福島市","hazardTypes":["debris_flow","slope_failure"],"evidenceLevel":0,"originLevel":0,"hasRecord":false,"recordRelation":null,"status":"current","disputed":false,"precision":"koaza","areaKey":"072014110","elements":["azu"],"summary":"要素辞書に一致（azu）。出典による裏づけは未確認。","zones":[],"dataset":"candidates"}},{"type":"Feature","geometry":{"type":"Point","coordinates":[140.419843,37.75642]},"properties":{"id":"07-154e5b0ab2","name":"久保川原","reading":null,"pref":"福島県","prefCode":"07","municipality":"福島市","hazardTypes":["flood","inundation","landslide"],"evidenceLevel":0,"originLevel":0,"hasRecord":false,"recordRelation":null,"status":"current","disputed":false,"precision":"koaza","areaKey":null,"elements":["kawara","kubo"],"summary":"要素辞書に一致（kawara・kubo）。出典による裏づけは未確認。","zones":[],"dataset":"candidates"}},{"type":"Feature","geometry":{"type":"Point","coordinates":[140.432375,37.790754]},"properties":{"id":"07-480d49a2e9","name":"葭野","reading":null,"pref":"福島県","prefCode":"07","municipality":"福島市","hazardTypes":["landslide","soft_ground"],"evidenceLevel":0,"originLevel":0,"hasRecord":false,"recordRelation":null,"status":"current","disputed":false,"precision":"koaza","areaKey":null,"elements":["wetland_plants"],"summary":"要素辞書に一致（wetland_plants）。出典による裏づけは未確認。","zones":[],"dataset":"candidates"}},{"type":"Feature","geometry":{"type":"Point","coordinates":[140.428578,37.805812]},"properties":{"id":"07-d85a6d09e0","name":"藤蔵古屋","reading":null,"pref":"福島県","prefCode":"07","municipality":"福島市","hazardTypes":["slope_failure","rockfall"],"evidenceLevel":0,"originLevel":0,"hasRecord":false,"recordRelation":null,"status":"current","disputed":false,"precision":"koaza","areaKey":null,"elements":["kura"],"summary":"要素辞書に一致（kura）。出典による裏づけは未確認。","zones":[],"dataset":"candidates"}},{"type":"Feature","geometry":{"type":"Point","coordinates":[140.430222,37.804419]},"properties":{"id":"07-70c3cdcc3c","name":"藤蔵東","reading":null,"pref":"福島県","prefCode":"07","municipality":"福島市","hazardTypes":["slope_failure","rockfall"],"evidenceLevel":0,"originLevel":0,"hasRecord":false,"recordRelation":null,"status":"current","disputed":false,"precision":"koaza","areaKey":null,"elements":["kura"],"summary":"要素辞書に一致（kura）。出典による裏づけは未確認。","zones":[],"dataset":"candidates"}},{"type":"Feature","geometry":{"type":"Point","coordinates":[140.420017,37.784122]},"properties":{"id":"07-79736a710b","name":"釜川原","reading":null,"pref":"福島県","prefCode":"07","municipality":"福島市","hazardTypes":["flood"],"evidenceLevel":0,"originLevel":0,"hasRecord":false,"recordRelation":null,"status":"current","disputed":false,"precision":"koaza","areaKey":null,"elements":["kawara"],"summary":"要素辞書に一致（kawara）。出典による裏づけは未確認。","zones":[],"dataset":"candidates"}},{"type":"Feature","geometry":{"type":"Point","coordinates":[140.364175,37.764394]},"properties":{"id":"07-449bab5dbd","name":"原岸","reading":null,"pref":"福島県","prefCode":"07","municipality":"福島市","hazardTypes":["slope_failure"],"evidenceLevel":0,"originLevel":0,"hasRecord":false,"recordRelation":null,"status":"current","disputed":false,"precision":"koaza","areaKey":"072014080","elements":["kake"],"summary":"要素辞書に一致（kake）。出典による裏づけは未確認。","zones":[],"dataset":"candidates"}},{"type":"Feature","geometry":{"type":"Point","coordinates":[140.360225,37.767406]},"properties":{"id":"07-c1f234093e","name":"庚申原","reading":null,"pref":"福島県","prefCode":"07","municipality":"福島市","hazardTypes":["slope_failure"],"evidenceLevel":0,"originLevel":0,"hasRecord":false,"recordRelation":null,"status":"current","disputed":false,"precision":"koaza","areaKey":"072014080","elements":["saru"],"summary":"要素辞書に一致（saru）。出典による裏づけは未確認。","zones":[],"dataset":"candidates"}},{"type":"Feature","geometry":{"type":"Point","coordinates":[140.474841,37.813117]},"properties":{"id":"07-7a9d8976a2","name":"下河原","reading":null,"pref":"福島県","prefCode":"07","municipality":"福島市","hazardTypes":["flood"],"evidenceLevel":0,"originLevel":0,"hasRecord":false,"recordRelation":null,"status":"current","disputed":false,"precision":"koaza","areaKey":"072010760","elements":["kawara"],"summary":"要素辞書に一致（kawara）。出典による裏づけは未確認。","zones":[],"dataset":"candidates"}},{"type":"Feature","geometry":{"type":"Point","coordinates":[140.465893,37.813521]},"properties":{"id":"07-190be00f62","name":"古河端","reading":null,"pref":"福島県","prefCode":"07","municipality":"福島市","hazardTypes":["flood","inundation"],"evidenceLevel":0,"originLevel":0,"hasRecord":false,"recordRelation":null,"status":"current","disputed":false,"precision":"koaza","areaKey":"072010760","elements":["furukawa"],"summary":"要素辞書に一致（furukawa）。出典による裏づけは未確認。","zones":[],"dataset":"candidates"}},{"type":"Feature","geometry":{"type":"Point","coordinates":[140.476234,37.813849]},"properties":{"id":"07-fc4a7a1385","name":"向河原","reading":null,"pref":"福島県","prefCode":"07","municipality":"福島市","hazardTypes":["flood"],"evidenceLevel":0,"originLevel":0,"hasRecord":false,"recordRelation":null,"status":"current","disputed":false,"precision":"koaza","areaKey":"072010760","elements":["kawara"],"summary":"要素辞書に一致（kawara）。出典による裏づけは未確認。","zones":[],"dataset":"candidates"}},{"type":"Feature","geometry":{"type":"Point","coordinates":[140.421095,37.72957]},"properties":{"id":"07-87b5e91beb","name":"地蔵堂","reading":null,"pref":"福島県","prefCode":"07","municipality":"福島市","hazardTypes":["slope_failure","rockfall"],"evidenceLevel":0,"originLevel":0,"hasRecord":false,"recordRelation":null,"status":"current","disputed":false,"precision":"koaza","areaKey":"072013040","elements":["kura"],"summary":"要素辞書に一致（kura）。出典による裏づけは未確認。","zones":[],"dataset":"candidates"}},{"type":"Feature","geometry":{"type":"Point","coordinates":[140.427092,37.761911]},"properties":{"id":"07-ef0334454d","name":"猿内","reading":null,"pref":"福島県","prefCode":"07","municipality":"福島市","hazardTypes":["slope_failure"],"evidenceLevel":0,"originLevel":0,"hasRecord":false,"recordRelation":null,"status":"current","disputed":false,"precision":"koaza","areaKey":"072014030","elements":["saru"],"summary":"要素辞書に一致（saru）。出典による裏づけは未確認。","zones":[],"dataset":"candidates"}},{"type":"Feature","geometry":{"type":"Point","coordinates":[140.38707,37.740155]},"properties":{"id":"07-7afe8f096f","name":"前古屋前川原","reading":null,"pref":"福島県","prefCode":"07","municipality":"福島市","hazardTypes":["flood"],"evidenceLevel":0,"originLevel":0,"hasRecord":false,"recordRelation":null,"status":"current","disputed":false,"precision":"koaza","areaKey":"072014100","elements":["kawara"],"summary":"要素辞書に一致（kawara）。出典による裏づけは未確認。","zones":[],"dataset":"candidates"}},{"type":"Feature","geometry":{"type":"Point","coordinates":[140.384421,37.739339]},"properties":{"id":"07-dbdb0f98c3","name":"前古屋川原","reading":null,"pref":"福島県","prefCode":"07","municipality":"福島市","hazardTypes":["flood"],"evidenceLevel":0,"originLevel":0,"hasRecord":false,"recordRelation":null,"status":"current","disputed":false,"precision":"koaza","areaKey":"072014100","elements":["kawara"],"summary":"要素辞書に一致（kawara）。出典による裏づけは未確認。","zones":[],"dataset":"candidates"}},{"type":"Feature","geometry":{"type":"Point","coordinates":[140.382861,37.736184]},"properties":{"id":"07-baa5923202","name":"南川原屋敷","reading":null,"pref":"福島県","prefCode":"07","municipality":"福島市","hazardTypes":["flood"],"evidenceLevel":0,"originLevel":0,"hasRecord":false,"recordRelation":null,"status":"current","disputed":false,"precision":"koaza","areaKey":"072014100","elements":["kawara"],"summary":"要素辞書に一致（kawara）。出典による裏づけは未確認。","zones":[],"dataset":"candidates"}},{"type":"Feature","geometry":{"type":"Point","coordinates":[140.379978,37.734917]},"properties":{"id":"07-f6fbba7106","name":"川原南","reading":null,"pref":"福島県","prefCode":"07","municipality":"福島市","hazardTypes":["flood"],"evidenceLevel":0,"originLevel":0,"hasRecord":false,"recordRelation":null,"status":"current","disputed":false,"precision":"koaza","areaKey":"072014100","elements":["kawara"],"summary":"要素辞書に一致（kawara）。出典による裏づけは未確認。","zones":[],"dataset":"candidates"}},{"type":"Feature","geometry":{"type":"Point","coordinates":[140.389992,37.744232]},"properties":{"id":"07-80743ac89a","name":"川原屋敷","reading":null,"pref":"福島県","prefCode":"07","municipality":"福島市","hazardTypes":["flood"],"evidenceLevel":0,"originLevel":0,"hasRecord":false,"recordRelation":null,"status":"current","disputed":false,"precision":"koaza","areaKey":"072014100","elements":["kawara"],"summary":"要素辞書に一致（kawara）。出典による裏づけは未確認。","zones":[],"dataset":"candidates"}},{"type":"Feature","geometry":{"type":"Point","coordinates":[140.384424,37.732816]},"properties":{"id":"07-07e23b7ced","name":"日ノ倉","reading":null,"pref":"福島県","prefCode":"07","municipality":"福島市","hazardTypes":["slope_failure","rockfall"],"evidenceLevel":0,"originLevel":0,"hasRecord":false,"recordRelation":null,"status":"current","disputed":false,"precision":"koaza","areaKey":"072014100","elements":["kura"],"summary":"要素辞書に一致（kura）。出典による裏づけは未確認。","zones":[],"dataset":"candidates"}},{"type":"Feature","geometry":{"type":"Point","coordinates":[140.392461,37.747018]},"properties":{"id":"07-e0297829f3","name":"柿場","reading":null,"pref":"福島県","prefCode":"07","municipality":"福島市","hazardTypes":["slope_failure"],"evidenceLevel":0,"originLevel":0,"hasRecord":false,"recordRelation":null,"status":"current","disputed":false,"precision":"koaza","areaKey":"072014100","elements":["kake"],"summary":"要素辞書に一致（kake）。出典による裏づけは未確認。","zones":[],"dataset":"candidates"}},{"type":"Feature","geometry":{"type":"Point","coordinates":[140.388702,37.740554]},"properties":{"id":"07-b41edd9306","name":"竹ノ内川原","reading":null,"pref":"福島県","prefCode":"07","municipality":"福島市","hazardTypes":["flood"],"evidenceLevel":0,"originLevel":0,"hasRecord":false,"recordRelation":null,"status":"current","disputed":false,"precision":"koaza","areaKey":"072014100","elements":["kawara"],"summary":"要素辞書に一致（kawara）。出典による裏づけは未確認。","zones":[],"dataset":"candidates"}},{"type":"Feature","geometry":{"type":"Point","coordinates":[140.389312,37.747358]},"properties":{"id":"07-adc335b843","name":"赤土","reading":null,"pref":"福島県","prefCode":"07","municipality":"福島市","hazardTypes":["landslide"],"evidenceLevel":0,"originLevel":0,"hasRecord":false,"recordRelation":null,"status":"current","disputed":false,"precision":"koaza","areaKey":"072014100","elements":["geology_names"],"summary":"要素辞書に一致（geology_names）。出典による裏づけは未確認。","zones":[],"dataset":"candidates"}},{"type":"Feature","geometry":{"type":"Point","coordinates":[140.509975,37.807456]},"properties":{"id":"07-768ef36c8f","name":"北岩川原","reading":null,"pref":"福島県","prefCode":"07","municipality":"福島市","hazardTypes":["flood"],"evidenceLevel":0,"originLevel":0,"hasRecord":false,"recordRelation":null,"status":"current","disputed":false,"precision":"koaza","areaKey":"072010740","elements":["kawara"],"summary":"要素辞書に一致（kawara）。出典による裏づけは未確認。","zones":[],"dataset":"candidates"}},{"type":"Feature","geometry":{"type":"Point","coordinates":[140.500212,37.811991]},"properties":{"id":"07-740d2ed788","name":"南中川原","reading":null,"pref":"福島県","prefCode":"07","municipality":"福島市","hazardTypes":["flood"],"evidenceLevel":0,"originLevel":0,"hasRecord":false,"recordRelation":null,"status":"current","disputed":false,"precision":"koaza","areaKey":"072010740","elements":["kawara"],"summary":"要素辞書に一致（kawara）。出典による裏づけは未確認。","zones":[],"dataset":"candidates"}},{"type":"Feature","geometry":{"type":"Point","coordinates":[140.512968,37.805686]},"properties":{"id":"07-1411ceb13b","name":"南岩川原","reading":null,"pref":"福島県","prefCode":"07","municipality":"福島市","hazardTypes":["flood"],"evidenceLevel":0,"originLevel":0,"hasRecord":false,"recordRelation":null,"status":"current","disputed":false,"precision":"koaza","areaKey":"072010740","elements":["kawara"],"summary":"要素辞書に一致（kawara）。出典による裏づけは未確認。","zones":[],"dataset":"candidates"}},{"type":"Feature","geometry":{"type":"Point","coordinates":[140.508492,37.806677]},"properties":{"id":"07-5bc135ffbe","name":"向川原","reading":null,"pref":"福島県","prefCode":"07","municipality":"福島市","hazardTypes":["flood"],"evidenceLevel":0,"originLevel":0,"hasRecord":false,"recordRelation":null,"status":"current","disputed":false,"precision":"koaza","areaKey":"072010740","elements":["kawara"],"summary":"要素辞書に一致（kawara）。出典による裏づけは未確認。","zones":[],"dataset":"candidates"}},{"type":"Feature","geometry":{"type":"Point","coordinates":[140.498189,37.80708]},"properties":{"id":"07-da24bc77dc","name":"御蔵場","reading":null,"pref":"福島県","prefCode":"07","municipality":"福島市","hazardTypes":["slope_failure","rockfall"],"evidenceLevel":0,"originLevel":0,"hasRecord":false,"recordRelation":null,"status":"current","disputed":false,"precision":"koaza","areaKey":"072010740","elements":["kura"],"summary":"要素辞書に一致（kura）。出典による裏づけは未確認。","zones":[],"dataset":"candidates"}},{"type":"Feature","geometry":{"type":"Point","coordinates":[140.503684,37.813324]},"properties":{"id":"07-243080f2e7","name":"東中川原","reading":null,"pref":"福島県","prefCode":"07","municipality":"福島市","hazardTypes":["flood"],"evidenceLevel":0,"originLevel":0,"hasRecord":false,"recordRelation":null,"status":"current","disputed":false,"precision":"koaza","areaKey":"072010740","elements":["kawara"],"summary":"要素辞書に一致（kawara）。出典による裏づけは未確認。","zones":[],"dataset":"candidates"}},{"type":"Feature","geometry":{"type":"Point","coordinates":[140.501431,37.813215]},"properties":{"id":"07-6339adb965","name":"西中川原","reading":null,"pref":"福島県","prefCode":"07","municipality":"福島市","hazardTypes":["flood"],"evidenceLevel":0,"originLevel":0,"hasRecord":false,"recordRelation":null,"status":"current","disputed":false,"precision":"koaza","areaKey":"072010740","elements":["kawara"],"summary":"要素辞書に一致（kawara）。出典による裏づけは未確認。","zones":[],"dataset":"candidates"}},{"type":"Feature","geometry":{"type":"Point","coordinates":[140.495597,37.809157]},"properties":{"id":"07-7a000f2ded","name":"西北川原","reading":null,"pref":"福島県","prefCode":"07","municipality":"福島市","hazardTypes":["flood"],"evidenceLevel":0,"originLevel":0,"hasRecord":false,"recordRelation":null,"status":"current","disputed":false,"precision":"koaza","areaKey":"072010740","elements":["kawara"],"summary":"要素辞書に一致（kawara）。出典による裏づけは未確認。","zones":[],"dataset":"candidates"}},{"type":"Feature","geometry":{"type":"Point","coordinates":[140.45192,37.730091]},"properties":{"id":"07-7efa13e85b","name":"坿屋敷","reading":null,"pref":"福島県","prefCode":"07","municipality":"福島市","hazardTypes":["slope_failure","erosion"],"evidenceLevel":0,"originLevel":0,"hasRecord":false,"recordRelation":null,"status":"current","disputed":false,"precision":"koaza","areaKey":"072010580","elements":["mama"],"summary":"要素辞書に一致（mama）。出典による裏づけは未確認。","zones":[],"dataset":"candidates"}},{"type":"Feature","geometry":{"type":"Point","coordinates":[140.488549,37.691036]},"properties":{"id":"07-0ff7351ed6","name":"荻ノ入","reading":null,"pref":"福島県","prefCode":"07","municipality":"福島市","hazardTypes":["slope_failure"],"evidenceLevel":0,"originLevel":0,"hasRecord":false,"recordRelation":null,"status":"current","disputed":false,"precision":"koaza","areaKey":"072010620","elements":["suki_hagu"],"summary":"要素辞書に一致（suki_hagu）。出典による裏づけは未確認。","zones":[],"dataset":"candidates"}},{"type":"Feature","geometry":{"type":"Point","coordinates":[140.487794,37.690111]},"properties":{"id":"07-d8200c2876","name":"荻ノ草","reading":null,"pref":"福島県","prefCode":"07","municipality":"福島市","hazardTypes":["slope_failure"],"evidenceLevel":0,"originLevel":0,"hasRecord":false,"recordRelation":null,"status":"current","disputed":false,"precision":"koaza","areaKey":"072010620","elements":["suki_hagu"],"summary":"要素辞書に一致（suki_hagu）。出典による裏づけは未確認。","zones":[],"dataset":"candidates"}},{"type":"Feature","geometry":{"type":"Point","coordinates":[140.38065,37.74198]},"properties":{"id":"07-710a1bfb91","name":"柿内","reading":null,"pref":"福島県","prefCode":"07","municipality":"福島市","hazardTypes":["slope_failure"],"evidenceLevel":0,"originLevel":0,"hasRecord":false,"recordRelation":null,"status":"current","disputed":false,"precision":"koaza","areaKey":"072014090","elements":["kake"],"summary":"要素辞書に一致（kake）。出典による裏づけは未確認。","zones":[],"dataset":"candidates"}},{"type":"Feature","geometry":{"type":"Point","coordinates":[140.332079,37.685417]},"properties":{"id":"07-a93d433c14","name":"悪戸尻","reading":null,"pref":"福島県","prefCode":"07","municipality":"福島市","hazardTypes":["flood","inundation"],"evidenceLevel":0,"originLevel":0,"hasRecord":false,"recordRelation":null,"status":"current","disputed":false,"precision":"koaza","areaKey":"072010900","elements":["ashi"],"summary":"要素辞書に一致（ashi）。出典による裏づけは未確認。","zones":[],"dataset":"candidates"}},{"type":"Feature","geometry":{"type":"Point","coordinates":[140.329734,37.680325]},"properties":{"id":"07-5c5609327a","name":"菅ノ沢","reading":null,"pref":"福島県","prefCode":"07","municipality":"福島市","hazardTypes":["landslide","soft_ground"],"evidenceLevel":0,"originLevel":0,"hasRecord":false,"recordRelation":null,"status":"current","disputed":false,"precision":"koaza","areaKey":"072010900","elements":["wetland_plants"],"summary":"要素辞書に一致（wetland_plants）。出典による裏づけは未確認。","zones":[],"dataset":"candidates"}},{"type":"Feature","geometry":{"type":"Point","coordinates":[140.334001,37.677918]},"properties":{"id":"07-7f6567a621","name":"葭畑","reading":null,"pref":"福島県","prefCode":"07","municipality":"福島市","hazardTypes":["landslide","soft_ground"],"evidenceLevel":0,"originLevel":0,"hasRecord":false,"recordRelation":null,"status":"current","disputed":false,"precision":"koaza","areaKey":"072010900","elements":["wetland_plants"],"summary":"要素辞書に一致（wetland_plants）。出典による裏づけは未確認。","zones":[],"dataset":"candidates"}},{"type":"Feature","geometry":{"type":"Point","coordinates":[140.467838,37.732275]},"properties":{"id":"07-9b8a739353","name":"梅ノ木内","reading":null,"pref":"福島県","prefCode":"07","municipality":"福島市","hazardTypes":["landslide","slope_failure"],"evidenceLevel":0,"originLevel":0,"hasRecord":false,"recordRelation":null,"status":"current","disputed":false,"precision":"koaza","areaKey":"072010570","elements":["ume"],"summary":"要素辞書に一致（ume）。出典による裏づけは未確認。","zones":[],"dataset":"candidates"}},{"type":"Feature","geometry":{"type":"Point","coordinates":[140.42101,37.744409]},"properties":{"id":"07-2e56bd0761","name":"仲川原","reading":null,"pref":"福島県","prefCode":"07","municipality":"福島市","hazardTypes":["flood"],"evidenceLevel":0,"originLevel":0,"hasRecord":false,"recordRelation":null,"status":"current","disputed":false,"precision":"koaza","areaKey":"072013030","elements":["kawara"],"summary":"要素辞書に一致（kawara）。出典による裏づけは未確認。","zones":[],"dataset":"candidates"}},{"type":"Feature","geometry":{"type":"Point","coordinates":[140.422936,37.742994]},"properties":{"id":"07-cba3fc70da","name":"半夏田","reading":null,"pref":"福島県","prefCode":"07","municipality":"福島市","hazardTypes":["debris_flow","slope_failure"],"evidenceLevel":0,"originLevel":0,"hasRecord":false,"recordRelation":null,"status":"current","disputed":false,"precision":"koaza","areaKey":"072013030","elements":["nazu_natsu"],"summary":"要素辞書に一致（nazu_natsu）。出典による裏づけは未確認。","zones":[],"dataset":"candidates"}},{"type":"Feature","geometry":{"type":"Point","coordinates":[140.421483,37.750678]},"properties":{"id":"07-214279b8cf","name":"八ツ割川原","reading":null,"pref":"福島県","prefCode":"07","municipality":"福島市","hazardTypes":["flood"],"evidenceLevel":0,"originLevel":0,"hasRecord":false,"recordRelation":null,"status":"current","disputed":false,"precision":"koaza","areaKey":"072010850","elements":["kawara"],"summary":"要素辞書に一致（kawara）。出典による裏づけは未確認。","zones":[],"dataset":"candidates"}},{"type":"Feature","geometry":{"type":"Point","coordinates":[140.413245,37.750082]},"properties":{"id":"07-b19baf09c8","name":"前林川原","reading":null,"pref":"福島県","prefCode":"07","municipality":"福島市","hazardTypes":["flood"],"evidenceLevel":0,"originLevel":0,"hasRecord":false,"recordRelation":null,"status":"current","disputed":false,"precision":"koaza","areaKey":"072010850","elements":["kawara"],"summary":"要素辞書に一致（kawara）。出典による裏づけは未確認。","zones":[],"dataset":"candidates"}},{"type":"Feature","geometry":{"type":"Point","coordinates":[140.427764,37.749047]},"properties":{"id":"07-7ff58575c3","name":"十王川原","reading":null,"pref":"福島県","prefCode":"07","municipality":"福島市","hazardTypes":["flood"],"evidenceLevel":0,"originLevel":0,"hasRecord":false,"recordRelation":null,"status":"current","disputed":false,"precision":"koaza","areaKey":"072010850","elements":["kawara"],"summary":"要素辞書に一致（kawara）。出典による裏づけは未確認。","zones":[],"dataset":"candidates"}},{"type":"Feature","geometry":{"type":"Point","coordinates":[140.434559,37.753388]},"properties":{"id":"07-661504742d","name":"西下川原","reading":null,"pref":"福島県","prefCode":"07","municipality":"福島市","hazardTypes":["flood"],"evidenceLevel":0,"originLevel":0,"hasRecord":false,"recordRelation":null,"status":"current","disputed":false,"precision":"koaza","areaKey":"072010850","elements":["kawara"],"summary":"要素辞書に一致（kawara）。出典による裏づけは未確認。","zones":[],"dataset":"candidates"}},{"type":"Feature","geometry":{"type":"Point","coordinates":[140.409301,37.754039]},"properties":{"id":"07-77f6602580","name":"西川原","reading":null,"pref":"福島県","prefCode":"07","municipality":"福島市","hazardTypes":["flood"],"evidenceLevel":0,"originLevel":0,"hasRecord":false,"recordRelation":null,"status":"current","disputed":false,"precision":"koaza","areaKey":"072010850","elements":["kawara"],"summary":"要素辞書に一致（kawara）。出典による裏づけは未確認。","zones":[],"dataset":"candidates"}},{"type":"Feature","geometry":{"type":"Point","coordinates":[140.458735,37.703216]},"properties":{"id":"07-a6470b22f2","name":"蛇石","reading":null,"pref":"福島県","prefCode":"07","municipality":"福島市","hazardTypes":["slope_failure","debris_flow"],"evidenceLevel":0,"originLevel":0,"hasRecord":false,"recordRelation":null,"status":"current","disputed":false,"precision":"koaza","areaKey":"072013080","elements":["ja"],"summary":"要素辞書に一致（ja）。出典による裏づけは未確認。","zones":[],"dataset":"candidates"}},{"type":"Feature","geometry":{"type":"Point","coordinates":[140.388859,37.768846]},"properties":{"id":"07-e46c7ed20b","name":"柿ノ下","reading":null,"pref":"福島県","prefCode":"07","municipality":"福島市","hazardTypes":["slope_failure"],"evidenceLevel":0,"originLevel":0,"hasRecord":false,"recordRelation":null,"status":"current","disputed":false,"precision":"koaza","areaKey":"072014060","elements":["kake"],"summary":"要素辞書に一致（kake）。出典による裏づけは未確認。","zones":[],"dataset":"candidates"}},{"type":"Feature","geometry":{"type":"Point","coordinates":[140.373504,37.77386]},"properties":{"id":"07-c36bd61403","name":"飛塚","reading":null,"pref":"福島県","prefCode":"07","municipality":"福島市","hazardTypes":["slope_failure","debris_flow"],"evidenceLevel":0,"originLevel":0,"hasRecord":false,"recordRelation":null,"status":"current","disputed":false,"precision":"koaza","areaKey":"072014060","elements":["tobi"],"summary":"要素辞書に一致（tobi）。出典による裏づけは未確認。","zones":[],"dataset":"candidates"}},{"type":"Feature","geometry":{"type":"Point","coordinates":[140.451392,37.652737]},"properties":{"id":"07-fd55284487","name":"埋崎","reading":null,"pref":"福島県","prefCode":"07","municipality":"福島市","hazardTypes":["landslide","slope_failure"],"evidenceLevel":0,"originLevel":0,"hasRecord":false,"recordRelation":null,"status":"current","disputed":false,"precision":"koaza","areaKey":"072012010","elements":["ume"],"summary":"要素辞書に一致（ume）。出典による裏づけは未確認。","zones":[],"dataset":"candidates"}},{"type":"Feature","geometry":{"type":"Point","coordinates":[140.445289,37.654366]},"properties":{"id":"07-f6676ccc3b","name":"深田","reading":null,"pref":"福島県","prefCode":"07","municipality":"福島市","hazardTypes":["soft_ground","inundation"],"evidenceLevel":0,"originLevel":0,"hasRecord":false,"recordRelation":null,"status":"current","disputed":false,"precision":"koaza","areaKey":"072012010","elements":["fuke"],"summary":"要素辞書に一致（fuke）。出典による裏づけは未確認。","zones":[],"dataset":"candidates"}},{"type":"Feature","geometry":{"type":"Point","coordinates":[140.464088,37.674336]},"properties":{"id":"07-59d25d214b","name":"地蔵岡","reading":null,"pref":"福島県","prefCode":"07","municipality":"福島市","hazardTypes":["slope_failure","rockfall"],"evidenceLevel":0,"originLevel":0,"hasRecord":false,"recordRelation":null,"status":"current","disputed":false,"precision":"koaza","areaKey":"072012031","elements":["kura"],"summary":"要素辞書に一致（kura）。出典による裏づけは未確認。","zones":[],"dataset":"candidates"}},{"type":"Feature","geometry":{"type":"Point","coordinates":[140.464536,37.670405]},"properties":{"id":"07-23771d9483","name":"地蔵岡前","reading":null,"pref":"福島県","prefCode":"07","municipality":"福島市","hazardTypes":["slope_failure","rockfall"],"evidenceLevel":0,"originLevel":0,"hasRecord":false,"recordRelation":null,"status":"current","disputed":false,"precision":"koaza","areaKey":"072012031","elements":["kura"],"summary":"要素辞書に一致（kura）。出典による裏づけは未確認。","zones":[],"dataset":"candidates"}},{"type":"Feature","geometry":{"type":"Point","coordinates":[140.473689,37.678334]},"properties":{"id":"07-9da5e933d3","name":"柿木平","reading":null,"pref":"福島県","prefCode":"07","municipality":"福島市","hazardTypes":["slope_failure"],"evidenceLevel":0,"originLevel":0,"hasRecord":false,"recordRelation":null,"status":"current","disputed":false,"precision":"koaza","areaKey":"072012031","elements":["kake"],"summary":"要素辞書に一致（kake）。出典による裏づけは未確認。","zones":[],"dataset":"candidates"}},{"type":"Feature","geometry":{"type":"Point","coordinates":[140.477254,37.680563]},"properties":{"id":"07-c7528a3c0f","name":"菅生","reading":null,"pref":"福島県","prefCode":"07","municipality":"福島市","hazardTypes":["landslide","soft_ground"],"evidenceLevel":0,"originLevel":0,"hasRecord":false,"recordRelation":null,"status":"current","disputed":false,"precision":"koaza","areaKey":"072012031","elements":["wetland_plants"],"summary":"要素辞書に一致（wetland_plants）。出典による裏づけは未確認。","zones":[],"dataset":"candidates"}},{"type":"Feature","geometry":{"type":"Point","coordinates":[140.485553,37.682837]},"properties":{"id":"07-73e7b66042","name":"蒲平","reading":null,"pref":"福島県","prefCode":"07","municipality":"福島市","hazardTypes":["landslide","soft_ground"],"evidenceLevel":0,"originLevel":0,"hasRecord":false,"recordRelation":null,"status":"current","disputed":false,"precision":"koaza","areaKey":"072012031","elements":["wetland_plants"],"summary":"要素辞書に一致（wetland_plants）。出典による裏づけは未確認。","zones":[],"dataset":"candidates"}},{"type":"Feature","geometry":{"type":"Point","coordinates":[140.476001,37.675559]},"properties":{"id":"07-e86e612f6e","name":"蛇森","reading":null,"pref":"福島県","prefCode":"07","municipality":"福島市","hazardTypes":["slope_failure","debris_flow"],"evidenceLevel":0,"originLevel":0,"hasRecord":false,"recordRelation":null,"status":"current","disputed":false,"precision":"koaza","areaKey":"072012031","elements":["ja"],"summary":"要素辞書に一致（ja）。出典による裏づけは未確認。","zones":[],"dataset":"candidates"}},{"type":"Feature","geometry":{"type":"Point","coordinates":[140.483834,37.689181]},"properties":{"id":"07-a3a9311d65","name":"蛇窪","reading":null,"pref":"福島県","prefCode":"07","municipality":"福島市","hazardTypes":["debris_flow","slope_failure","inundation","landslide"],"evidenceLevel":0,"originLevel":0,"hasRecord":false,"recordRelation":null,"status":"current","disputed":false,"precision":"koaza","areaKey":"072012031","elements":["jaraku","ja","kubo"],"summary":"要素辞書に一致（jaraku・ja・kubo）。出典による裏づけは未確認。","zones":[],"dataset":"candidates"}},{"type":"Feature","geometry":{"type":"Point","coordinates":[140.476718,37.676438]},"properties":{"id":"07-67fc9a44b0","name":"水溜","reading":null,"pref":"福島県","prefCode":"07","municipality":"福島市","hazardTypes":["inundation"],"evidenceLevel":0,"originLevel":0,"hasRecord":false,"recordRelation":null,"status":"current","disputed":false,"precision":"koaza","areaKey":"072012040","elements":["mizuiri"],"summary":"要素辞書に一致（mizuiri）。出典による裏づけは未確認。","zones":[],"dataset":"candidates"}},{"type":"Feature","geometry":{"type":"Point","coordinates":[140.491474,37.676854]},"properties":{"id":"07-04f2941d9d","name":"猿田","reading":null,"pref":"福島県","prefCode":"07","municipality":"福島市","hazardTypes":["slope_failure"],"evidenceLevel":0,"originLevel":0,"hasRecord":false,"recordRelation":null,"status":"current","disputed":false,"precision":"koaza","areaKey":"072012040","elements":["saru"],"summary":"要素辞書に一致（saru）。出典による裏づけは未確認。","zones":[],"dataset":"candidates"}},{"type":"Feature","geometry":{"type":"Point","coordinates":[140.482956,37.663352]},"properties":{"id":"07-2b23b9ab99","name":"虚空蔵","reading":null,"pref":"福島県","prefCode":"07","municipality":"福島市","hazardTypes":["slope_failure","rockfall"],"evidenceLevel":0,"originLevel":0,"hasRecord":false,"recordRelation":null,"status":"current","disputed":false,"precision":"koaza","areaKey":"072012040","elements":["kura"],"summary":"要素辞書に一致（kura）。出典による裏づけは未確認。","zones":[],"dataset":"candidates"}},{"type":"Feature","geometry":{"type":"Point","coordinates":[140.491487,37.66934]},"properties":{"id":"07-07b964efc9","name":"足尾田","reading":null,"pref":"福島県","prefCode":"07","municipality":"福島市","hazardTypes":["flood","inundation"],"evidenceLevel":0,"originLevel":0,"hasRecord":false,"recordRelation":null,"status":"current","disputed":false,"precision":"koaza","areaKey":"072012040","elements":["ashi"],"summary":"要素辞書に一致（ashi）。出典による裏づけは未確認。","zones":[],"dataset":"candidates"}},{"type":"Feature","geometry":{"type":"Point","coordinates":[140.427619,37.64932]},"properties":{"id":"07-522b3c975a","name":"小倉","reading":null,"pref":"福島県","prefCode":"07","municipality":"福島市","hazardTypes":["slope_failure","rockfall"],"evidenceLevel":0,"originLevel":0,"hasRecord":false,"recordRelation":null,"status":"current","disputed":false,"precision":"koaza","areaKey":"072012050","elements":["kura"],"summary":"要素辞書に一致（kura）。出典による裏づけは未確認。","zones":[],"dataset":"candidates"}},{"type":"Feature","geometry":{"type":"Point","coordinates":[140.426124,37.648519]},"properties":{"id":"07-7c1f3da56e","name":"小倉向","reading":null,"pref":"福島県","prefCode":"07","municipality":"福島市","hazardTypes":["slope_failure","rockfall"],"evidenceLevel":0,"originLevel":0,"hasRecord":false,"recordRelation":null,"status":"current","disputed":false,"precision":"koaza","areaKey":"072012050","elements":["kura"],"summary":"要素辞書に一致（kura）。出典による裏づけは未確認。","zones":[],"dataset":"candidates"}},{"type":"Feature","geometry":{"type":"Point","coordinates":[140.417579,37.666645]},"properties":{"id":"07-e095bb1bca","name":"鹿島前","reading":null,"pref":"福島県","prefCode":"07","municipality":"福島市","hazardTypes":["landslide","soft_ground"],"evidenceLevel":0,"originLevel":0,"hasRecord":false,"recordRelation":null,"status":"current","disputed":false,"precision":"koaza","areaKey":"072012050","elements":["shishi"],"summary":"要素辞書に一致（shishi）。出典による裏づけは未確認。","zones":[],"dataset":"candidates"}},{"type":"Feature","geometry":{"type":"Point","coordinates":[140.471436,37.783525]},"properties":{"id":"07-62bac1b3cb","name":"北下川原","reading":null,"pref":"福島県","prefCode":"07","municipality":"福島市","hazardTypes":["flood"],"evidenceLevel":0,"originLevel":0,"hasRecord":false,"recordRelation":null,"status":"current","disputed":false,"precision":"koaza","areaKey":"072010720","elements":["kawara"],"summary":"要素辞書に一致（kawara）。出典による裏づけは未確認。","zones":[],"dataset":"candidates"}},{"type":"Feature","geometry":{"type":"Point","coordinates":[140.471932,37.782937]},"properties":{"id":"07-475931bfbf","name":"南下川原","reading":null,"pref":"福島県","prefCode":"07","municipality":"福島市","hazardTypes":["flood"],"evidenceLevel":0,"originLevel":0,"hasRecord":false,"recordRelation":null,"status":"current","disputed":false,"precision":"koaza","areaKey":"072010720","elements":["kawara"],"summary":"要素辞書に一致（kawara）。出典による裏づけは未確認。","zones":[],"dataset":"candidates"}},{"type":"Feature","geometry":{"type":"Point","coordinates":[140.450434,37.794131]},"properties":{"id":"07-8742f24148","name":"下菅原","reading":null,"pref":"福島県","prefCode":"07","municipality":"福島市","hazardTypes":["landslide","soft_ground"],"evidenceLevel":0,"originLevel":0,"hasRecord":false,"recordRelation":null,"status":"current","disputed":false,"precision":"koaza","areaKey":"072010790","elements":["wetland_plants"],"summary":"要素辞書に一致（wetland_plants）。出典による裏づけは未確認。","zones":[],"dataset":"candidates"}},{"type":"Feature","geometry":{"type":"Point","coordinates":[140.445372,37.796084]},"properties":{"id":"07-b28283b50c","name":"地蔵田","reading":null,"pref":"福島県","prefCode":"07","municipality":"福島市","hazardTypes":["slope_failure","rockfall"],"evidenceLevel":0,"originLevel":0,"hasRecord":false,"recordRelation":null,"status":"current","disputed":false,"precision":"koaza","areaKey":"072010790","elements":["kura"],"summary":"要素辞書に一致（kura）。出典による裏づけは未確認。","zones":[],"dataset":"candidates"}},{"type":"Feature","geometry":{"type":"Point","coordinates":[140.4442,37.795731]},"properties":{"id":"07-49c04dcf2f","name":"地蔵田前","reading":null,"pref":"福島県","prefCode":"07","municipality":"福島市","hazardTypes":["slope_failure","rockfall"],"evidenceLevel":0,"originLevel":0,"hasRecord":false,"recordRelation":null,"status":"current","disputed":false,"precision":"koaza","areaKey":"072010790","elements":["kura"],"summary":"要素辞書に一致（kura）。出典による裏づけは未確認。","zones":[],"dataset":"candidates"}},{"type":"Feature","geometry":{"type":"Point","coordinates":[140.446449,37.793473]},"properties":{"id":"07-2869d46d89","name":"菅原","reading":null,"pref":"福島県","prefCode":"07","municipality":"福島市","hazardTypes":["landslide","soft_ground"],"evidenceLevel":0,"originLevel":0,"hasRecord":false,"recordRelation":null,"status":"current","disputed":false,"precision":"koaza","areaKey":"072010790","elements":["wetland_plants"],"summary":"要素辞書に一致（wetland_plants）。出典による裏づけは未確認。","zones":[],"dataset":"candidates"}},{"type":"Feature","geometry":{"type":"Point","coordinates":[140.478495,37.812328]},"properties":{"id":"07-b789232f42","name":"向上川原","reading":null,"pref":"福島県","prefCode":"07","municipality":"福島市","hazardTypes":["flood"],"evidenceLevel":0,"originLevel":0,"hasRecord":false,"recordRelation":null,"status":"current","disputed":false,"precision":"koaza","areaKey":"072010750","elements":["kawara"],"summary":"要素辞書に一致（kawara）。出典による裏づけは未確認。","zones":[],"dataset":"candidates"}},{"type":"Feature","geometry":{"type":"Point","coordinates":[140.496272,37.787005]},"properties":{"id":"07-23817c9386","name":"北中河原","reading":null,"pref":"福島県","prefCode":"07","municipality":"福島市","hazardTypes":["flood"],"evidenceLevel":0,"originLevel":0,"hasRecord":false,"recordRelation":null,"status":"current","disputed":false,"precision":"koaza","areaKey":"07201045002","elements":["kawara"],"summary":"要素辞書に一致（kawara）。出典による裏づけは未確認。","zones":[],"dataset":"candidates"}},{"type":"Feature","geometry":{"type":"Point","coordinates":[140.501899,37.78499]},"properties":{"id":"07-172611edf8","name":"南河原","reading":null,"pref":"福島県","prefCode":"07","municipality":"福島市","hazardTypes":["flood"],"evidenceLevel":0,"originLevel":0,"hasRecord":false,"recordRelation":null,"status":"current","disputed":false,"precision":"koaza","areaKey":"07201045002","elements":["kawara"],"summary":"要素辞書に一致（kawara）。出典による裏づけは未確認。","zones":[],"dataset":"candidates"}},{"type":"Feature","geometry":{"type":"Point","coordinates":[140.481848,37.782083]},"properties":{"id":"07-a70adfa1a5","name":"西河原","reading":null,"pref":"福島県","prefCode":"07","municipality":"福島市","hazardTypes":["flood"],"evidenceLevel":0,"originLevel":0,"hasRecord":false,"recordRelation":null,"status":"current","disputed":false,"precision":"koaza","areaKey":"07201045002","elements":["kawara"],"summary":"要素辞書に一致（kawara）。出典による裏づけは未確認。","zones":[],"dataset":"candidates"}},{"type":"Feature","geometry":{"type":"Point","coordinates":[140.442499,37.769941]},"properties":{"id":"07-d23757cdec","name":"蒲原","reading":null,"pref":"福島県","prefCode":"07","municipality":"福島市","hazardTypes":["landslide","soft_ground"],"evidenceLevel":0,"originLevel":0,"hasRecord":false,"recordRelation":null,"status":"current","disputed":false,"precision":"koaza","areaKey":null,"elements":["wetland_plants"],"summary":"要素辞書に一致（wetland_plants）。出典による裏づけは未確認。","zones":[],"dataset":"candidates"}},{"type":"Feature","geometry":{"type":"Point","coordinates":[140.449002,37.751494]},"properties":{"id":"07-47e5ecc50a","name":"川原内","reading":null,"pref":"福島県","prefCode":"07","municipality":"福島市","hazardTypes":["flood"],"evidenceLevel":0,"originLevel":0,"hasRecord":false,"recordRelation":null,"status":"current","disputed":false,"precision":"koaza","areaKey":"072010840","elements":["kawara"],"summary":"要素辞書に一致（kawara）。出典による裏づけは未確認。","zones":[],"dataset":"candidates"}},{"type":"Feature","geometry":{"type":"Point","coordinates":[140.513584,37.767798]},"properties":{"id":"07-4cc1cf7951","name":"梅本","reading":null,"pref":"福島県","prefCode":"07","municipality":"福島市","hazardTypes":["landslide","slope_failure"],"evidenceLevel":0,"originLevel":0,"hasRecord":false,"recordRelation":null,"status":"current","disputed":false,"precision":"koaza","areaKey":"072010690","elements":["ume"],"summary":"要素辞書に一致（ume）。出典による裏づけは未確認。","zones":[],"dataset":"candidates"}},{"type":"Feature","geometry":{"type":"Point","coordinates":[140.514328,37.757903]},"properties":{"id":"07-8885ef498d","name":"馬場屋敷","reading":null,"pref":"福島県","prefCode":"07","municipality":"福島市","hazardTypes":["slope_failure"],"evidenceLevel":0,"originLevel":0,"hasRecord":false,"recordRelation":null,"status":"current","disputed":false,"precision":"koaza","areaKey":"072010690","elements":["baba"],"summary":"要素辞書に一致（baba）。出典による裏づけは未確認。","zones":[],"dataset":"candidates"}},{"type":"Feature","geometry":{"type":"Point","coordinates":[140.431173,37.7159]},"properties":{"id":"07-5f7d961a83","name":"上高倉","reading":null,"pref":"福島県","prefCode":"07","municipality":"福島市","hazardTypes":["slope_failure","rockfall"],"evidenceLevel":0,"originLevel":0,"hasRecord":false,"recordRelation":null,"status":"current","disputed":false,"precision":"koaza","areaKey":"072013060","elements":["kura"],"summary":"要素辞書に一致（kura）。出典による裏づけは未確認。","zones":[],"dataset":"candidates"}},{"type":"Feature","geometry":{"type":"Point","coordinates":[140.433399,37.716688]},"properties":{"id":"07-f37d7aceaa","name":"下高倉","reading":null,"pref":"福島県","prefCode":"07","municipality":"福島市","hazardTypes":["slope_failure","rockfall"],"evidenceLevel":0,"originLevel":0,"hasRecord":false,"recordRelation":null,"status":"current","disputed":false,"precision":"koaza","areaKey":"072013060","elements":["kura"],"summary":"要素辞書に一致（kura）。出典による裏づけは未確認。","zones":[],"dataset":"candidates"}},{"type":"Feature","geometry":{"type":"Point","coordinates":[140.428861,37.718905]},"properties":{"id":"07-4011dfa993","name":"地蔵脇","reading":null,"pref":"福島県","prefCode":"07","municipality":"福島市","hazardTypes":["slope_failure","rockfall"],"evidenceLevel":0,"originLevel":0,"hasRecord":false,"recordRelation":null,"status":"current","disputed":false,"precision":"koaza","areaKey":"072013060","elements":["kura"],"summary":"要素辞書に一致（kura）。出典による裏づけは未確認。","zones":[],"dataset":"candidates"}},{"type":"Feature","geometry":{"type":"Point","coordinates":[140.425528,37.714856]},"properties":{"id":"07-330a51f109","name":"菅公山","reading":null,"pref":"福島県","prefCode":"07","municipality":"福島市","hazardTypes":["landslide","soft_ground"],"evidenceLevel":0,"originLevel":0,"hasRecord":false,"recordRelation":null,"status":"current","disputed":false,"precision":"koaza","areaKey":"072013060","elements":["wetland_plants"],"summary":"要素辞書に一致（wetland_plants）。出典による裏づけは未確認。","zones":[],"dataset":"candidates"}},{"type":"Feature","geometry":{"type":"Point","coordinates":[140.430344,37.714795]},"properties":{"id":"07-caba2eb2e7","name":"虚空蔵前","reading":null,"pref":"福島県","prefCode":"07","municipality":"福島市","hazardTypes":["slope_failure","rockfall"],"evidenceLevel":0,"originLevel":0,"hasRecord":false,"recordRelation":null,"status":"current","disputed":false,"precision":"koaza","areaKey":"072013060","elements":["kura"],"summary":"要素辞書に一致（kura）。出典による裏づけは未確認。","zones":[],"dataset":"candidates"}},{"type":"Feature","geometry":{"type":"Point","coordinates":[140.419541,37.717811]},"properties":{"id":"07-0126c7b208","name":"長者山","reading":null,"pref":"福島県","prefCode":"07","municipality":"福島市","hazardTypes":["slope_failure"],"evidenceLevel":0,"originLevel":0,"hasRecord":false,"recordRelation":null,"status":"current","disputed":false,"precision":"koaza","areaKey":"072013060","elements":["tsubu_chou"],"summary":"要素辞書に一致（tsubu_chou）。出典による裏づけは未確認。","zones":[],"dataset":"candidates"}},{"type":"Feature","geometry":{"type":"Point","coordinates":[140.422545,37.717331]},"properties":{"id":"07-cf22a938a5","name":"長者窪","reading":null,"pref":"福島県","prefCode":"07","municipality":"福島市","hazardTypes":["slope_failure","inundation","landslide"],"evidenceLevel":0,"originLevel":0,"hasRecord":false,"recordRelation":null,"status":"current","disputed":false,"precision":"koaza","areaKey":"072013060","elements":["tsubu_chou","kubo"],"summary":"要素辞書に一致（tsubu_chou・kubo）。出典による裏づけは未確認。","zones":[],"dataset":"candidates"}},{"type":"Feature","geometry":{"type":"Point","coordinates":[140.432001,37.714545]},"properties":{"id":"07-e51db14738","name":"高倉前","reading":null,"pref":"福島県","prefCode":"07","municipality":"福島市","hazardTypes":["slope_failure","rockfall"],"evidenceLevel":0,"originLevel":0,"hasRecord":false,"recordRelation":null,"status":"current","disputed":false,"precision":"koaza","areaKey":"072013060","elements":["kura"],"summary":"要素辞書に一致（kura）。出典による裏づけは未確認。","zones":[],"dataset":"candidates"}},{"type":"Feature","geometry":{"type":"Point","coordinates":[140.436806,37.743758]},"properties":{"id":"07-f2e4e27b8f","name":"吉倉","reading":"ヨシクラ","pref":"福島県","prefCode":"07","municipality":"福島市","hazardTypes":["slope_failure","rockfall"],"evidenceLevel":0,"originLevel":0,"hasRecord":false,"recordRelation":null,"status":"current","disputed":false,"precision":"oaza","areaKey":"072010830","elements":["kura"],"summary":"要素辞書に一致（kura）。出典による裏づけは未確認。","zones":[],"dataset":"candidates"}},{"type":"Feature","geometry":{"type":"Point","coordinates":[140.442776,37.742014]},"properties":{"id":"07-121d18a4e7","name":"名倉","reading":null,"pref":"福島県","prefCode":"07","municipality":"福島市","hazardTypes":["slope_failure","rockfall"],"evidenceLevel":0,"originLevel":0,"hasRecord":false,"recordRelation":null,"status":"current","disputed":false,"precision":"koaza","areaKey":"072010830","elements":["kura"],"summary":"要素辞書に一致（kura）。出典による裏づけは未確認。","zones":[],"dataset":"candidates"}},{"type":"Feature","geometry":{"type":"Point","coordinates":[140.485066,37.721684]},"properties":{"id":"07-acd4af1d30","name":"前河原","reading":null,"pref":"福島県","prefCode":"07","municipality":"福島市","hazardTypes":["flood"],"evidenceLevel":0,"originLevel":0,"hasRecord":false,"recordRelation":null,"status":"current","disputed":false,"precision":"koaza","areaKey":null,"elements":["kawara"],"summary":"要素辞書に一致（kawara）。出典による裏づけは未確認。","zones":[],"dataset":"candidates"}},{"type":"Feature","geometry":{"type":"Point","coordinates":[140.492075,37.747219]},"properties":{"id":"07-10fce405fc","name":"岡ノ倉","reading":null,"pref":"福島県","prefCode":"07","municipality":"福島市","hazardTypes":["slope_failure","rockfall"],"evidenceLevel":0,"originLevel":0,"hasRecord":false,"recordRelation":null,"status":"current","disputed":false,"precision":"koaza","areaKey":null,"elements":["kura"],"summary":"要素辞書に一致（kura）。出典による裏づけは未確認。","zones":[],"dataset":"candidates"}},{"type":"Feature","geometry":{"type":"Point","coordinates":[140.482866,37.75142]},"properties":{"id":"07-795720a839","name":"川岸町","reading":null,"pref":"福島県","prefCode":"07","municipality":"福島市","hazardTypes":["slope_failure"],"evidenceLevel":0,"originLevel":0,"hasRecord":false,"recordRelation":null,"status":"current","disputed":false,"precision":"koaza","areaKey":null,"elements":["kake"],"summary":"要素辞書に一致（kake）。出典による裏づけは未確認。","zones":[],"dataset":"candidates"}},{"type":"Feature","geometry":{"type":"Point","coordinates":[140.49148,37.763205]},"properties":{"id":"07-008581d11d","name":"梅ノ木畑","reading":null,"pref":"福島県","prefCode":"07","municipality":"福島市","hazardTypes":["landslide","slope_failure"],"evidenceLevel":0,"originLevel":0,"hasRecord":false,"recordRelation":null,"status":"current","disputed":false,"precision":"koaza","areaKey":null,"elements":["ume"],"summary":"要素辞書に一致（ume）。出典による裏づけは未確認。","zones":[],"dataset":"candidates"}},{"type":"Feature","geometry":{"type":"Point","coordinates":[140.49358,37.747125]},"properties":{"id":"07-77c0ea37a6","name":"欠下","reading":null,"pref":"福島県","prefCode":"07","municipality":"福島市","hazardTypes":["slope_failure"],"evidenceLevel":0,"originLevel":0,"hasRecord":false,"recordRelation":null,"status":"current","disputed":false,"precision":"koaza","areaKey":null,"elements":["kake"],"summary":"要素辞書に一致（kake）。出典による裏づけは未確認。","zones":[],"dataset":"candidates"}},{"type":"Feature","geometry":{"type":"Point","coordinates":[140.476492,37.746429]},"properties":{"id":"07-5bfd75a6dc","name":"馬場町","reading":null,"pref":"福島県","prefCode":"07","municipality":"福島市","hazardTypes":["slope_failure"],"evidenceLevel":0,"originLevel":0,"hasRecord":false,"recordRelation":null,"status":"current","disputed":false,"precision":"koaza","areaKey":null,"elements":["baba"],"summary":"要素辞書に一致（baba）。出典による裏づけは未確認。","zones":[],"dataset":"candidates"}},{"type":"Feature","geometry":{"type":"Point","coordinates":[139.953539,37.499305]},"properties":{"id":"07-7920e0f8ce","name":"真板倉乙","reading":null,"pref":"福島県","prefCode":"07","municipality":"会津若松市","hazardTypes":["slope_failure","rockfall"],"evidenceLevel":0,"originLevel":0,"hasRecord":false,"recordRelation":null,"status":"current","disputed":false,"precision":"koaza","areaKey":"072020932","elements":["kura"],"summary":"要素辞書に一致（kura）。出典による裏づけは未確認。","zones":[],"dataset":"candidates"}},{"type":"Feature","geometry":{"type":"Point","coordinates":[139.909354,37.363983]},"properties":{"id":"07-4c757b9155","name":"大戸町大字芦牧","reading":null,"pref":"福島県","prefCode":"07","municipality":"会津若松市","hazardTypes":["flood","inundation"],"evidenceLevel":0,"originLevel":0,"hasRecord":false,"recordRelation":null,"status":"current","disputed":false,"precision":"oaza","areaKey":null,"elements":["ashi"],"summary":"要素辞書に一致（ashi）。出典による裏づけは未確認。","zones":[],"dataset":"candidates"}},{"type":"Feature","geometry":{"type":"Point","coordinates":[139.925528,37.51292]},"properties":{"id":"07-db81deaae2","name":"崖下","reading":null,"pref":"福島県","prefCode":"07","municipality":"会津若松市","hazardTypes":["slope_failure"],"evidenceLevel":0,"originLevel":0,"hasRecord":false,"recordRelation":null,"status":"current","disputed":false,"precision":"koaza","areaKey":"072020880","elements":["kake"],"summary":"要素辞書に一致（kake）。出典による裏づけは未確認。","zones":[],"dataset":"candidates"}},{"type":"Feature","geometry":{"type":"Point","coordinates":[139.923626,37.521148]},"properties":{"id":"07-09d62786eb","name":"深町","reading":null,"pref":"福島県","prefCode":"07","municipality":"会津若松市","hazardTypes":["soft_ground","inundation"],"evidenceLevel":0,"originLevel":0,"hasRecord":false,"recordRelation":null,"status":"current","disputed":false,"precision":"koaza","areaKey":"072020892","elements":["fuke"],"summary":"要素辞書に一致（fuke）。出典による裏づけは未確認。","zones":[],"dataset":"candidates"}},{"type":"Feature","geometry":{"type":"Point","coordinates":[139.897085,37.521566]},"properties":{"id":"07-8b68397d01","name":"東川原","reading":null,"pref":"福島県","prefCode":"07","municipality":"会津若松市","hazardTypes":["flood"],"evidenceLevel":0,"originLevel":0,"hasRecord":false,"recordRelation":null,"status":"current","disputed":false,"precision":"koaza","areaKey":null,"elements":["kawara"],"summary":"要素辞書に一致（kawara）。出典による裏づけは未確認。","zones":[],"dataset":"candidates"}},{"type":"Feature","geometry":{"type":"Point","coordinates":[139.909985,37.504231]},"properties":{"id":"07-e7a6b701f7","name":"中川原甲","reading":null,"pref":"福島県","prefCode":"07","municipality":"会津若松市","hazardTypes":["flood"],"evidenceLevel":0,"originLevel":0,"hasRecord":false,"recordRelation":null,"status":"current","disputed":false,"precision":"koaza","areaKey":"072021160","elements":["kawara"],"summary":"要素辞書に一致（kawara）。出典による裏づけは未確認。","zones":[],"dataset":"candidates"}},{"type":"Feature","geometry":{"type":"Point","coordinates":[139.90751,37.507844]},"properties":{"id":"07-94fbfd4b70","name":"古川","reading":null,"pref":"福島県","prefCode":"07","municipality":"会津若松市","hazardTypes":["flood","inundation"],"evidenceLevel":0,"originLevel":0,"hasRecord":false,"recordRelation":null,"status":"current","disputed":false,"precision":"koaza","areaKey":"072021160","elements":["furukawa"],"summary":"要素辞書に一致（furukawa）。出典による裏づけは未確認。","zones":[],"dataset":"candidates"}},{"type":"Feature","geometry":{"type":"Point","coordinates":[139.907526,37.508743]},"properties":{"id":"07-7de6b4d80f","name":"坂川原","reading":null,"pref":"福島県","prefCode":"07","municipality":"会津若松市","hazardTypes":["flood"],"evidenceLevel":0,"originLevel":0,"hasRecord":false,"recordRelation":null,"status":"current","disputed":false,"precision":"koaza","areaKey":"072021160","elements":["kawara"],"summary":"要素辞書に一致（kawara）。出典による裏づけは未確認。","zones":[],"dataset":"candidates"}},{"type":"Feature","geometry":{"type":"Point","coordinates":[139.908309,37.506974]},"properties":{"id":"07-14cc798526","name":"芦野","reading":null,"pref":"福島県","prefCode":"07","municipality":"会津若松市","hazardTypes":["flood","inundation"],"evidenceLevel":0,"originLevel":0,"hasRecord":false,"recordRelation":null,"status":"current","disputed":false,"precision":"koaza","areaKey":"072021160","elements":["ashi"],"summary":"要素辞書に一致（ashi）。出典による裏づけは未確認。","zones":[],"dataset":"candidates"}},{"type":"Feature","geometry":{"type":"Point","coordinates":[139.908814,37.50873]},"properties":{"id":"07-9b097520a9","name":"薬師川原","reading":null,"pref":"福島県","prefCode":"07","municipality":"会津若松市","hazardTypes":["flood"],"evidenceLevel":0,"originLevel":0,"hasRecord":false,"recordRelation":null,"status":"current","disputed":false,"precision":"koaza","areaKey":"072021160","elements":["kawara"],"summary":"要素辞書に一致（kawara）。出典による裏づけは未確認。","zones":[],"dataset":"candidates"}},{"type":"Feature","geometry":{"type":"Point","coordinates":[139.922269,37.44737]},"properties":{"id":"07-ce6bbc0356","name":"根岸","reading":null,"pref":"福島県","prefCode":"07","municipality":"会津若松市","hazardTypes":["slope_failure"],"evidenceLevel":0,"originLevel":0,"hasRecord":false,"recordRelation":null,"status":"current","disputed":false,"precision":"koaza","areaKey":"072021250","elements":["kake"],"summary":"要素辞書に一致（kake）。出典による裏づけは未確認。","zones":[],"dataset":"candidates"}},{"type":"Feature","geometry":{"type":"Point","coordinates":[139.90568,37.468777]},"properties":{"id":"07-64998a42b1","name":"上川原","reading":null,"pref":"福島県","prefCode":"07","municipality":"会津若松市","hazardTypes":["flood"],"evidenceLevel":0,"originLevel":0,"hasRecord":false,"recordRelation":null,"status":"current","disputed":false,"precision":"koaza","areaKey":"072021222","elements":["kawara"],"summary":"要素辞書に一致（kawara）。出典による裏づけは未確認。","zones":[],"dataset":"candidates"}},{"type":"Feature","geometry":{"type":"Point","coordinates":[139.936341,37.47669]},"properties":{"id":"07-2901b2f664","name":"南青木","reading":null,"pref":"福島県","prefCode":"07","municipality":"会津若松市","hazardTypes":["slope_failure"],"evidenceLevel":0,"originLevel":0,"hasRecord":false,"recordRelation":null,"status":"current","disputed":false,"precision":"koaza","areaKey":"072021280","elements":["afu_oo"],"summary":"要素辞書に一致（afu_oo）。出典による裏づけは未確認。","zones":[],"dataset":"candidates"}},{"type":"Feature","geometry":{"type":"Point","coordinates":[139.948382,37.535866]},"properties":{"id":"07-0219e35d8c","name":"藤倉新田","reading":null,"pref":"福島県","prefCode":"07","municipality":"会津若松市","hazardTypes":["slope_failure","rockfall"],"evidenceLevel":0,"originLevel":0,"hasRecord":false,"recordRelation":null,"status":"current","disputed":false,"precision":"koaza","areaKey":"072021640","elements":["kura"],"summary":"要素辞書に一致（kura）。出典による裏づけは未確認。","zones":[],"dataset":"candidates"}},{"type":"Feature","geometry":{"type":"Point","coordinates":[139.92712,37.533857]},"properties":{"id":"07-ffa6f141a0","name":"河東町倉橋","reading":"カワヒガシマチクラハシ","pref":"福島県","prefCode":"07","municipality":"会津若松市","hazardTypes":["slope_failure","rockfall"],"evidenceLevel":0,"originLevel":0,"hasRecord":false,"recordRelation":null,"status":"current","disputed":false,"precision":"oaza","areaKey":"072021630","elements":["kura"],"summary":"要素辞書に一致（kura）。出典による裏づけは未確認。","zones":[],"dataset":"candidates"}},{"type":"Feature","geometry":{"type":"Point","coordinates":[139.934509,37.53035]},"properties":{"id":"07-4df1576fc1","name":"倉道","reading":null,"pref":"福島県","prefCode":"07","municipality":"会津若松市","hazardTypes":["slope_failure","rockfall"],"evidenceLevel":0,"originLevel":0,"hasRecord":false,"recordRelation":null,"status":"current","disputed":false,"precision":"koaza","areaKey":"072021630","elements":["kura"],"summary":"要素辞書に一致（kura）。出典による裏づけは未確認。","zones":[],"dataset":"candidates"}},{"type":"Feature","geometry":{"type":"Point","coordinates":[139.932342,37.532748]},"properties":{"id":"07-92d2aec5ec","name":"藤倉","reading":null,"pref":"福島県","prefCode":"07","municipality":"会津若松市","hazardTypes":["slope_failure","rockfall"],"evidenceLevel":0,"originLevel":0,"hasRecord":false,"recordRelation":null,"status":"current","disputed":false,"precision":"koaza","areaKey":"072021630","elements":["kura"],"summary":"要素辞書に一致（kura）。出典による裏づけは未確認。","zones":[],"dataset":"candidates"}},{"type":"Feature","geometry":{"type":"Point","coordinates":[139.936484,37.568107]},"properties":{"id":"07-3903b43f98","name":"蒲谷地","reading":null,"pref":"福島県","prefCode":"07","municipality":"会津若松市","hazardTypes":["landslide","soft_ground","inundation"],"evidenceLevel":0,"originLevel":0,"hasRecord":false,"recordRelation":null,"status":"current","disputed":false,"precision":"koaza","areaKey":"072021700","elements":["wetland_plants","yato"],"summary":"要素辞書に一致（wetland_plants・yato）。出典による裏づけは未確認。","zones":[],"dataset":"candidates"}},{"type":"Feature","geometry":{"type":"Point","coordinates":[139.925524,37.550497]},"properties":{"id":"07-f10eec4cf8","name":"獅子山","reading":null,"pref":"福島県","prefCode":"07","municipality":"会津若松市","hazardTypes":["landslide","soft_ground"],"evidenceLevel":0,"originLevel":0,"hasRecord":false,"recordRelation":null,"status":"current","disputed":false,"precision":"koaza","areaKey":"072021760","elements":["shishi"],"summary":"要素辞書に一致（shishi）。出典による裏づけは未確認。","zones":[],"dataset":"candidates"}},{"type":"Feature","geometry":{"type":"Point","coordinates":[139.94392,37.562775]},"properties":{"id":"07-ab5ab1356f","name":"草倉山","reading":null,"pref":"福島県","prefCode":"07","municipality":"会津若松市","hazardTypes":["slope_failure","rockfall"],"evidenceLevel":0,"originLevel":0,"hasRecord":false,"recordRelation":null,"status":"current","disputed":false,"precision":"koaza","areaKey":"072021670","elements":["kura"],"summary":"要素辞書に一致（kura）。出典による裏づけは未確認。","zones":[],"dataset":"candidates"}},{"type":"Feature","geometry":{"type":"Point","coordinates":[139.915687,37.488574]},"properties":{"id":"07-3a8c0dea3f","name":"川原町","reading":"カワラマチ","pref":"福島県","prefCode":"07","municipality":"会津若松市","hazardTypes":["flood"],"evidenceLevel":0,"originLevel":0,"hasRecord":false,"recordRelation":null,"status":"current","disputed":false,"precision":"oaza","areaKey":"072020470","elements":["kawara"],"summary":"要素辞書に一致（kawara）。出典による裏づけは未確認。","zones":[],"dataset":"candidates"}},{"type":"Feature","geometry":{"type":"Point","coordinates":[139.869851,37.498466]},"properties":{"id":"07-152f75a7e8","name":"矢倉林","reading":null,"pref":"福島県","prefCode":"07","municipality":"会津若松市","hazardTypes":["slope_failure","rockfall"],"evidenceLevel":0,"originLevel":0,"hasRecord":false,"recordRelation":null,"status":"current","disputed":false,"precision":"koaza","areaKey":"072021420","elements":["kura"],"summary":"要素辞書に一致（kura）。出典による裏づけは未確認。","zones":[],"dataset":"candidates"}},{"type":"Feature","geometry":{"type":"Point","coordinates":[139.871764,37.50054]},"properties":{"id":"07-16f14cbf12","name":"馬場川原","reading":null,"pref":"福島県","prefCode":"07","municipality":"会津若松市","hazardTypes":["flood","slope_failure"],"evidenceLevel":0,"originLevel":0,"hasRecord":false,"recordRelation":null,"status":"current","disputed":false,"precision":"koaza","areaKey":"072021420","elements":["kawara","baba"],"summary":"要素辞書に一致（kawara・baba）。出典による裏づけは未確認。","zones":[],"dataset":"candidates"}},{"type":"Feature","geometry":{"type":"Point","coordinates":[139.878333,37.49364]},"properties":{"id":"07-de8fdf4dde","name":"中川原","reading":null,"pref":"福島県","prefCode":"07","municipality":"会津若松市","hazardTypes":["flood"],"evidenceLevel":0,"originLevel":0,"hasRecord":false,"recordRelation":null,"status":"current","disputed":false,"precision":"koaza","areaKey":"072021501","elements":["kawara"],"summary":"要素辞書に一致（kawara）。出典による裏づけは未確認。","zones":[],"dataset":"candidates"}},{"type":"Feature","geometry":{"type":"Point","coordinates":[139.88846,37.47474]},"properties":{"id":"07-149141c4cc","name":"北古川","reading":null,"pref":"福島県","prefCode":"07","municipality":"会津若松市","hazardTypes":["flood","inundation"],"evidenceLevel":0,"originLevel":0,"hasRecord":false,"recordRelation":null,"status":"current","disputed":false,"precision":"koaza","areaKey":"072021576","elements":["furukawa"],"summary":"要素辞書に一致（furukawa）。出典による裏づけは未確認。","zones":[],"dataset":"candidates"}},{"type":"Feature","geometry":{"type":"Point","coordinates":[139.891325,37.472793]},"properties":{"id":"07-ac0b4a4f7e","name":"南古川","reading":null,"pref":"福島県","prefCode":"07","municipality":"会津若松市","hazardTypes":["flood","inundation"],"evidenceLevel":0,"originLevel":0,"hasRecord":false,"recordRelation":null,"status":"current","disputed":false,"precision":"koaza","areaKey":"072021576","elements":["furukawa"],"summary":"要素辞書に一致（furukawa）。出典による裏づけは未確認。","zones":[],"dataset":"candidates"}},{"type":"Feature","geometry":{"type":"Point","coordinates":[139.881778,37.496383]},"properties":{"id":"07-f4df841540","name":"下川原","reading":null,"pref":"福島県","prefCode":"07","municipality":"会津若松市","hazardTypes":["flood"],"evidenceLevel":0,"originLevel":0,"hasRecord":false,"recordRelation":null,"status":"current","disputed":false,"precision":"koaza","areaKey":"072021502","elements":["kawara"],"summary":"要素辞書に一致（kawara）。出典による裏づけは未確認。","zones":[],"dataset":"candidates"}},{"type":"Feature","geometry":{"type":"Point","coordinates":[139.938263,37.479933]},"properties":{"id":"07-e52f2f3753","name":"北青木","reading":"キタアオキ","pref":"福島県","prefCode":"07","municipality":"会津若松市","hazardTypes":["slope_failure"],"evidenceLevel":0,"originLevel":0,"hasRecord":false,"recordRelation":null,"status":"current","disputed":false,"precision":"oaza","areaKey":"072021390","elements":["afu_oo"],"summary":"要素辞書に一致（afu_oo）。出典による裏づけは未確認。","zones":[],"dataset":"candidates"}},{"type":"Feature","geometry":{"type":"Point","coordinates":[139.932032,37.498665]},"properties":{"id":"07-58e4e5e8cf","name":"馬場町","reading":"ババマチ","pref":"福島県","prefCode":"07","municipality":"会津若松市","hazardTypes":["slope_failure"],"evidenceLevel":0,"originLevel":0,"hasRecord":false,"recordRelation":null,"status":"current","disputed":false,"precision":"oaza","areaKey":"072020050","elements":["baba"],"summary":"要素辞書に一致（baba）。出典による裏づけは未確認。","zones":[],"dataset":"candidates"}},{"type":"Feature","geometry":{"type":"Point","coordinates":[139.933383,37.501719]},"properties":{"id":"07-acddc083c6","name":"馬場本町","reading":"ババモトマチ","pref":"福島県","prefCode":"07","municipality":"会津若松市","hazardTypes":["slope_failure"],"evidenceLevel":0,"originLevel":0,"hasRecord":false,"recordRelation":null,"status":"current","disputed":false,"precision":"oaza","areaKey":"072020040","elements":["baba"],"summary":"要素辞書に一致（baba）。出典による裏づけは未確認。","zones":[],"dataset":"candidates"}},{"type":"Feature","geometry":{"type":"Point","coordinates":[139.928226,37.47706]},"properties":{"id":"07-74ed13e3f9","name":"古川町","reading":"フルカワマチ","pref":"福島県","prefCode":"07","municipality":"会津若松市","hazardTypes":["flood","inundation"],"evidenceLevel":0,"originLevel":0,"hasRecord":false,"recordRelation":null,"status":"current","disputed":false,"precision":"oaza","areaKey":"072021291","elements":["furukawa"],"summary":"要素辞書に一致（furukawa）。出典による裏づけは未確認。","zones":[],"dataset":"candidates"}},{"type":"Feature","geometry":{"type":"Point","coordinates":[139.921667,37.449298]},"properties":{"id":"07-cefa0d95fd","name":"門田町根岸東","reading":"モンデンマチネギシヒガシ","pref":"福島県","prefCode":"07","municipality":"会津若松市","hazardTypes":["slope_failure"],"evidenceLevel":0,"originLevel":0,"hasRecord":false,"recordRelation":null,"status":"current","disputed":false,"precision":"oaza","areaKey":null,"elements":["kake"],"summary":"要素辞書に一致（kake）。出典による裏づけは未確認。","zones":[],"dataset":"candidates"}},{"type":"Feature","geometry":{"type":"Point","coordinates":[139.924289,37.490858]},"properties":{"id":"07-07e95b794a","name":"山鹿町","reading":"ヤマガマチ","pref":"福島県","prefCode":"07","municipality":"会津若松市","hazardTypes":["landslide","soft_ground"],"evidenceLevel":0,"originLevel":0,"hasRecord":false,"recordRelation":null,"status":"current","disputed":false,"precision":"oaza","areaKey":"072020330","elements":["shishi"],"summary":"要素辞書に一致（shishi）。出典による裏づけは未確認。","zones":[],"dataset":"candidates"}},{"type":"Feature","geometry":{"type":"Point","coordinates":[140.40351,37.381959]},"properties":{"id":"07-d5a271fafc","name":"字十貫河原","reading":null,"pref":"福島県","prefCode":"07","municipality":"郡山市","hazardTypes":["flood"],"evidenceLevel":0,"originLevel":0,"hasRecord":false,"recordRelation":null,"status":"current","disputed":false,"precision":"oaza","areaKey":"072030660","elements":["kawara"],"summary":"要素辞書に一致（kawara）。出典による裏づけは未確認。","zones":[],"dataset":"candidates"}},{"type":"Feature","geometry":{"type":"Point","coordinates":[140.394782,37.383771]},"properties":{"id":"07-699df83221","name":"字古川","reading":null,"pref":"福島県","prefCode":"07","municipality":"郡山市","hazardTypes":["flood","inundation"],"evidenceLevel":0,"originLevel":0,"hasRecord":false,"recordRelation":null,"status":"current","disputed":false,"precision":"oaza","areaKey":"072030670","elements":["furukawa"],"summary":"要素辞書に一致（furukawa）。出典による裏づけは未確認。","zones":[],"dataset":"candidates"}},{"type":"Feature","geometry":{"type":"Point","coordinates":[140.368364,37.374815]},"properties":{"id":"07-5b8ee4dfe6","name":"字名倉","reading":null,"pref":"福島県","prefCode":"07","municipality":"郡山市","hazardTypes":["slope_failure","rockfall"],"evidenceLevel":0,"originLevel":0,"hasRecord":false,"recordRelation":null,"status":"current","disputed":false,"precision":"oaza","areaKey":"072030740","elements":["kura"],"summary":"要素辞書に一致（kura）。出典による裏づけは未確認。","zones":[],"dataset":"candidates"}},{"type":"Feature","geometry":{"type":"Point","coordinates":[140.400423,37.376859]},"properties":{"id":"07-e54032287a","name":"字外河原","reading":null,"pref":"福島県","prefCode":"07","municipality":"郡山市","hazardTypes":["flood"],"evidenceLevel":0,"originLevel":0,"hasRecord":false,"recordRelation":null,"status":"current","disputed":false,"precision":"oaza","areaKey":null,"elements":["kawara"],"summary":"要素辞書に一致（kawara）。出典による裏づけは未確認。","zones":[],"dataset":"candidates"}},{"type":"Feature","geometry":{"type":"Point","coordinates":[140.401298,37.374305]},"properties":{"id":"07-862a4c42bb","name":"字大河原","reading":null,"pref":"福島県","prefCode":"07","municipality":"郡山市","hazardTypes":["flood"],"evidenceLevel":0,"originLevel":0,"hasRecord":false,"recordRelation":null,"status":"current","disputed":false,"precision":"oaza","areaKey":null,"elements":["kawara"],"summary":"要素辞書に一致（kawara）。出典による裏づけは未確認。","zones":[],"dataset":"candidates"}},{"type":"Feature","geometry":{"type":"Point","coordinates":[140.376841,37.373868]},"properties":{"id":"07-1d6052b228","name":"字深田台","reading":null,"pref":"福島県","prefCode":"07","municipality":"郡山市","hazardTypes":["soft_ground","inundation","landslide"],"evidenceLevel":0,"originLevel":0,"hasRecord":false,"recordRelation":null,"status":"current","disputed":false,"precision":"oaza","areaKey":"072030700","elements":["fuke","tai"],"summary":"要素辞書に一致（fuke・tai）。出典による裏づけは未確認。","zones":[],"dataset":"candidates"}},{"type":"Feature","geometry":{"type":"Point","coordinates":[140.411957,37.403765]},"properties":{"id":"07-fd688d285e","name":"大闇","reading":null,"pref":"福島県","prefCode":"07","municipality":"郡山市","hazardTypes":["slope_failure","rockfall"],"evidenceLevel":0,"originLevel":0,"hasRecord":false,"recordRelation":null,"status":"current","disputed":false,"precision":"koaza","areaKey":null,"elements":["kura"],"summary":"要素辞書に一致（kura）。出典による裏づけは未確認。","zones":[],"dataset":"candidates"}},{"type":"Feature","geometry":{"type":"Point","coordinates":[140.346318,37.374948]},"properties":{"id":"07-a2e53f5c0c","name":"大久保","reading":null,"pref":"福島県","prefCode":"07","municipality":"郡山市","hazardTypes":["slope_failure","inundation","landslide"],"evidenceLevel":0,"originLevel":0,"hasRecord":false,"recordRelation":null,"status":"current","disputed":false,"precision":"koaza","areaKey":null,"elements":["afu_oo","kubo"],"summary":"要素辞書に一致（afu_oo・kubo）。出典による裏づけは未確認。","zones":[],"dataset":"candidates"}},{"type":"Feature","geometry":{"type":"Point","coordinates":[140.356123,37.36683]},"properties":{"id":"07-d705b880d2","name":"大欠","reading":null,"pref":"福島県","prefCode":"07","municipality":"郡山市","hazardTypes":["slope_failure"],"evidenceLevel":0,"originLevel":0,"hasRecord":false,"recordRelation":null,"status":"current","disputed":false,"precision":"koaza","areaKey":null,"elements":["kake"],"summary":"要素辞書に一致（kake）。出典による裏づけは未確認。","zones":[],"dataset":"candidates"}},{"type":"Feature","geometry":{"type":"Point","coordinates":[140.364405,37.341734]},"properties":{"id":"07-00bee1bbb4","name":"彼岸塚","reading":null,"pref":"福島県","prefCode":"07","municipality":"郡山市","hazardTypes":["slope_failure"],"evidenceLevel":0,"originLevel":0,"hasRecord":false,"recordRelation":null,"status":"current","disputed":false,"precision":"koaza","areaKey":null,"elements":["kake"],"summary":"要素辞書に一致（kake）。出典による裏づけは未確認。","zones":[],"dataset":"candidates"}},{"type":"Feature","geometry":{"type":"Point","coordinates":[140.37053,37.347209]},"properties":{"id":"07-bec38e0060","name":"経蔵","reading":null,"pref":"福島県","prefCode":"07","municipality":"郡山市","hazardTypes":["slope_failure","rockfall"],"evidenceLevel":0,"originLevel":0,"hasRecord":false,"recordRelation":null,"status":"current","disputed":false,"precision":"koaza","areaKey":null,"elements":["kura"],"summary":"要素辞書に一致（kura）。出典による裏づけは未確認。","zones":[],"dataset":"candidates"}},{"type":"Feature","geometry":{"type":"Point","coordinates":[140.362779,37.342613]},"properties":{"id":"07-0bd4f943f7","name":"蛇石","reading":null,"pref":"福島県","prefCode":"07","municipality":"郡山市","hazardTypes":["slope_failure","debris_flow"],"evidenceLevel":0,"originLevel":0,"hasRecord":false,"recordRelation":null,"status":"current","disputed":false,"precision":"koaza","areaKey":null,"elements":["ja"],"summary":"要素辞書に一致（ja）。出典による裏づけは未確認。","zones":[],"dataset":"candidates"}},{"type":"Feature","geometry":{"type":"Point","coordinates":[140.342291,37.358997]},"properties":{"id":"07-05e94ceed4","name":"島河原","reading":null,"pref":"福島県","prefCode":"07","municipality":"郡山市","hazardTypes":["flood"],"evidenceLevel":0,"originLevel":0,"hasRecord":false,"recordRelation":null,"status":"current","disputed":false,"precision":"koaza","areaKey":null,"elements":["kawara"],"summary":"要素辞書に一致（kawara）。出典による裏づけは未確認。","zones":[],"dataset":"candidates"}},{"type":"Feature","geometry":{"type":"Point","coordinates":[140.344132,37.365639]},"properties":{"id":"07-cd8fb5eb1b","name":"梅田","reading":null,"pref":"福島県","prefCode":"07","municipality":"郡山市","hazardTypes":["landslide","slope_failure"],"evidenceLevel":0,"originLevel":0,"hasRecord":false,"recordRelation":null,"status":"current","disputed":false,"precision":"koaza","areaKey":null,"elements":["ume"],"summary":"要素辞書に一致（ume）。出典による裏づけは未確認。","zones":[],"dataset":"candidates"}},{"type":"Feature","geometry":{"type":"Point","coordinates":[140.333466,37.358568]},"properties":{"id":"07-b9a518f36c","name":"車川原","reading":null,"pref":"福島県","prefCode":"07","municipality":"郡山市","hazardTypes":["flood"],"evidenceLevel":0,"originLevel":0,"hasRecord":false,"recordRelation":null,"status":"current","disputed":false,"precision":"koaza","areaKey":null,"elements":["kawara"],"summary":"要素辞書に一致（kawara）。出典による裏づけは未確認。","zones":[],"dataset":"candidates"}},{"type":"Feature","geometry":{"type":"Point","coordinates":[140.391269,37.363291]},"properties":{"id":"07-a3381e5cc7","name":"大洲河原","reading":null,"pref":"福島県","prefCode":"07","municipality":"郡山市","hazardTypes":["flood","soft_ground","inundation"],"evidenceLevel":0,"originLevel":0,"hasRecord":false,"recordRelation":null,"status":"current","disputed":false,"precision":"koaza","areaKey":null,"elements":["kawara","numa_kata"],"summary":"要素辞書に一致（kawara・numa_kata）。出典による裏づけは未確認。","zones":[],"dataset":"candidates"}},{"type":"Feature","geometry":{"type":"Point","coordinates":[140.310271,37.479107]},"properties":{"id":"07-49131f5485","name":"上河原","reading":null,"pref":"福島県","prefCode":"07","municipality":"郡山市","hazardTypes":["flood"],"evidenceLevel":0,"originLevel":0,"hasRecord":false,"recordRelation":null,"status":"current","disputed":false,"precision":"koaza","areaKey":null,"elements":["kawara"],"summary":"要素辞書に一致（kawara）。出典による裏づけは未確認。","zones":[],"dataset":"candidates"}},{"type":"Feature","geometry":{"type":"Point","coordinates":[140.287459,37.468969]},"properties":{"id":"07-201ab3a904","name":"芦ヶ入","reading":null,"pref":"福島県","prefCode":"07","municipality":"郡山市","hazardTypes":["flood","inundation"],"evidenceLevel":0,"originLevel":0,"hasRecord":false,"recordRelation":null,"status":"current","disputed":false,"precision":"koaza","areaKey":null,"elements":["ashi"],"summary":"要素辞書に一致（ashi）。出典による裏づけは未確認。","zones":[],"dataset":"candidates"}},{"type":"Feature","geometry":{"type":"Point","coordinates":[140.281209,37.479804]},"properties":{"id":"07-68ebf11aa6","name":"荻平","reading":null,"pref":"福島県","prefCode":"07","municipality":"郡山市","hazardTypes":["slope_failure"],"evidenceLevel":0,"originLevel":0,"hasRecord":false,"recordRelation":null,"status":"current","disputed":false,"precision":"koaza","areaKey":null,"elements":["suki_hagu"],"summary":"要素辞書に一致（suki_hagu）。出典による裏づけは未確認。","zones":[],"dataset":"candidates"}},{"type":"Feature","geometry":{"type":"Point","coordinates":[140.291867,37.476463]},"properties":{"id":"07-46817276cf","name":"荻河原","reading":null,"pref":"福島県","prefCode":"07","municipality":"郡山市","hazardTypes":["flood","slope_failure"],"evidenceLevel":0,"originLevel":0,"hasRecord":false,"recordRelation":null,"status":"current","disputed":false,"precision":"koaza","areaKey":null,"elements":["kawara","suki_hagu"],"summary":"要素辞書に一致（kawara・suki_hagu）。出典による裏づけは未確認。","zones":[],"dataset":"candidates"}},{"type":"Feature","geometry":{"type":"Point","coordinates":[140.28174,37.477627]},"properties":{"id":"07-3469fe855a","name":"荻袋","reading":null,"pref":"福島県","prefCode":"07","municipality":"郡山市","hazardTypes":["slope_failure"],"evidenceLevel":0,"originLevel":0,"hasRecord":false,"recordRelation":null,"status":"current","disputed":false,"precision":"koaza","areaKey":null,"elements":["suki_hagu"],"summary":"要素辞書に一致（suki_hagu）。出典による裏づけは未確認。","zones":[],"dataset":"candidates"}},{"type":"Feature","geometry":{"type":"Point","coordinates":[140.304649,37.47852]},"properties":{"id":"07-2cbb8c4de3","name":"馬場","reading":null,"pref":"福島県","prefCode":"07","municipality":"郡山市","hazardTypes":["slope_failure"],"evidenceLevel":0,"originLevel":0,"hasRecord":false,"recordRelation":null,"status":"current","disputed":false,"precision":"koaza","areaKey":null,"elements":["baba"],"summary":"要素辞書に一致（baba）。出典による裏づけは未確認。","zones":[],"dataset":"candidates"}},{"type":"Feature","geometry":{"type":"Point","coordinates":[140.306217,37.471583]},"properties":{"id":"07-68e14fc10a","name":"鹿野畑","reading":null,"pref":"福島県","prefCode":"07","municipality":"郡山市","hazardTypes":["landslide","soft_ground"],"evidenceLevel":0,"originLevel":0,"hasRecord":false,"recordRelation":null,"status":"current","disputed":false,"precision":"koaza","areaKey":null,"elements":["shishi"],"summary":"要素辞書に一致（shishi）。出典による裏づけは未確認。","zones":[],"dataset":"candidates"}},{"type":"Feature","geometry":{"type":"Point","coordinates":[140.291093,37.466205]},"properties":{"id":"07-b8299cdc05","name":"小倉","reading":null,"pref":"福島県","prefCode":"07","municipality":"郡山市","hazardTypes":["slope_failure","rockfall"],"evidenceLevel":0,"originLevel":0,"hasRecord":false,"recordRelation":null,"status":"current","disputed":false,"precision":"koaza","areaKey":null,"elements":["kura"],"summary":"要素辞書に一致（kura）。出典による裏づけは未確認。","zones":[],"dataset":"candidates"}},{"type":"Feature","geometry":{"type":"Point","coordinates":[140.24955,37.497391]},"properties":{"id":"07-8068b00ecb","name":"入米ノ倉","reading":null,"pref":"福島県","prefCode":"07","municipality":"郡山市","hazardTypes":["slope_failure","rockfall"],"evidenceLevel":0,"originLevel":0,"hasRecord":false,"recordRelation":null,"status":"current","disputed":false,"precision":"koaza","areaKey":null,"elements":["kura"],"summary":"要素辞書に一致（kura）。出典による裏づけは未確認。","zones":[],"dataset":"candidates"}},{"type":"Feature","geometry":{"type":"Point","coordinates":[140.250006,37.497383]},"properties":{"id":"07-0fe844528d","name":"米ノ倉","reading":null,"pref":"福島県","prefCode":"07","municipality":"郡山市","hazardTypes":["slope_failure","rockfall"],"evidenceLevel":0,"originLevel":0,"hasRecord":false,"recordRelation":null,"status":"current","disputed":false,"precision":"koaza","areaKey":null,"elements":["kura"],"summary":"要素辞書に一致（kura）。出典による裏づけは未確認。","zones":[],"dataset":"candidates"}},{"type":"Feature","geometry":{"type":"Point","coordinates":[140.302198,37.485269]},"properties":{"id":"07-bde8f12d94","name":"古川","reading":null,"pref":"福島県","prefCode":"07","municipality":"郡山市","hazardTypes":["flood","inundation"],"evidenceLevel":0,"originLevel":0,"hasRecord":false,"recordRelation":null,"status":"current","disputed":false,"precision":"koaza","areaKey":null,"elements":["furukawa"],"summary":"要素辞書に一致（furukawa）。出典による裏づけは未確認。","zones":[],"dataset":"candidates"}},{"type":"Feature","geometry":{"type":"Point","coordinates":[140.306061,37.480968]},"properties":{"id":"07-0ebfaada16","name":"河原","reading":null,"pref":"福島県","prefCode":"07","municipality":"郡山市","hazardTypes":["flood"],"evidenceLevel":0,"originLevel":0,"hasRecord":false,"recordRelation":null,"status":"current","disputed":false,"precision":"koaza","areaKey":null,"elements":["kawara"],"summary":"要素辞書に一致（kawara）。出典による裏づけは未確認。","zones":[],"dataset":"candidates"}},{"type":"Feature","geometry":{"type":"Point","coordinates":[140.29761,37.487844]},"properties":{"id":"07-deb762ce88","name":"菖蒲根","reading":null,"pref":"福島県","prefCode":"07","municipality":"郡山市","hazardTypes":["landslide","soft_ground"],"evidenceLevel":0,"originLevel":0,"hasRecord":false,"recordRelation":null,"status":"current","disputed":false,"precision":"koaza","areaKey":null,"elements":["wetland_plants"],"summary":"要素辞書に一致（wetland_plants）。出典による裏づけは未確認。","zones":[],"dataset":"candidates"}},{"type":"Feature","geometry":{"type":"Point","coordinates":[140.294656,37.41357]},"properties":{"id":"07-d1ac235a51","name":"東川原","reading":null,"pref":"福島県","prefCode":"07","municipality":"郡山市","hazardTypes":["flood"],"evidenceLevel":0,"originLevel":0,"hasRecord":false,"recordRelation":null,"status":"current","disputed":false,"precision":"koaza","areaKey":null,"elements":["kawara"],"summary":"要素辞書に一致（kawara）。出典による裏づけは未確認。","zones":[],"dataset":"candidates"}},{"type":"Feature","geometry":{"type":"Point","coordinates":[140.27783,37.407192]},"properties":{"id":"07-835112752d","name":"申久保","reading":null,"pref":"福島県","prefCode":"07","municipality":"郡山市","hazardTypes":["slope_failure","inundation","landslide"],"evidenceLevel":0,"originLevel":0,"hasRecord":false,"recordRelation":null,"status":"current","disputed":false,"precision":"koaza","areaKey":null,"elements":["saru","kubo"],"summary":"要素辞書に一致（saru・kubo）。出典による裏づけは未確認。","zones":[],"dataset":"candidates"}},{"type":"Feature","geometry":{"type":"Point","coordinates":[140.285296,37.411637]},"properties":{"id":"07-4fc4e91a01","name":"蔵田","reading":null,"pref":"福島県","prefCode":"07","municipality":"郡山市","hazardTypes":["slope_failure","rockfall"],"evidenceLevel":0,"originLevel":0,"hasRecord":false,"recordRelation":null,"status":"current","disputed":false,"precision":"koaza","areaKey":null,"elements":["kura"],"summary":"要素辞書に一致（kura）。出典による裏づけは未確認。","zones":[],"dataset":"candidates"}},{"type":"Feature","geometry":{"type":"Point","coordinates":[140.272055,37.411484]},"properties":{"id":"07-57b7744fd4","name":"西長倉","reading":null,"pref":"福島県","prefCode":"07","municipality":"郡山市","hazardTypes":["slope_failure","rockfall"],"evidenceLevel":0,"originLevel":0,"hasRecord":false,"recordRelation":null,"status":"current","disputed":false,"precision":"koaza","areaKey":null,"elements":["kura"],"summary":"要素辞書に一致（kura）。出典による裏づけは未確認。","zones":[],"dataset":"candidates"}},{"type":"Feature","geometry":{"type":"Point","coordinates":[140.268348,37.418388]},"properties":{"id":"07-db79723a68","name":"馬場川原","reading":null,"pref":"福島県","prefCode":"07","municipality":"郡山市","hazardTypes":["flood","slope_failure"],"evidenceLevel":0,"originLevel":0,"hasRecord":false,"recordRelation":null,"status":"current","disputed":false,"precision":"koaza","areaKey":null,"elements":["kawara","baba"],"summary":"要素辞書に一致（kawara・baba）。出典による裏づけは未確認。","zones":[],"dataset":"candidates"}},{"type":"Feature","geometry":{"type":"Point","coordinates":[140.28119,37.404858]},"properties":{"id":"07-7e27e217f8","name":"北山岸","reading":null,"pref":"福島県","prefCode":"07","municipality":"郡山市","hazardTypes":["slope_failure"],"evidenceLevel":0,"originLevel":0,"hasRecord":false,"recordRelation":null,"status":"current","disputed":false,"precision":"koaza","areaKey":null,"elements":["kake"],"summary":"要素辞書に一致（kake）。出典による裏づけは未確認。","zones":[],"dataset":"candidates"}},{"type":"Feature","geometry":{"type":"Point","coordinates":[140.289066,37.388455]},"properties":{"id":"07-354b51dffa","name":"柳河原","reading":null,"pref":"福島県","prefCode":"07","municipality":"郡山市","hazardTypes":["flood"],"evidenceLevel":0,"originLevel":0,"hasRecord":false,"recordRelation":null,"status":"current","disputed":false,"precision":"koaza","areaKey":null,"elements":["kawara"],"summary":"要素辞書に一致（kawara）。出典による裏づけは未確認。","zones":[],"dataset":"candidates"}},{"type":"Feature","geometry":{"type":"Point","coordinates":[140.265562,37.408285]},"properties":{"id":"07-d15e80d4ea","name":"西長倉山","reading":null,"pref":"福島県","prefCode":"07","municipality":"郡山市","hazardTypes":["slope_failure","rockfall"],"evidenceLevel":0,"originLevel":0,"hasRecord":false,"recordRelation":null,"status":"current","disputed":false,"precision":"koaza","areaKey":null,"elements":["kura"],"summary":"要素辞書に一致（kura）。出典による裏づけは未確認。","zones":[],"dataset":"candidates"}},{"type":"Feature","geometry":{"type":"Point","coordinates":[140.271765,37.406724]},"properties":{"id":"07-46747aae42","name":"長倉山","reading":null,"pref":"福島県","prefCode":"07","municipality":"郡山市","hazardTypes":["slope_failure","rockfall"],"evidenceLevel":0,"originLevel":0,"hasRecord":false,"recordRelation":null,"status":"current","disputed":false,"precision":"koaza","areaKey":null,"elements":["kura"],"summary":"要素辞書に一致（kura）。出典による裏づけは未確認。","zones":[],"dataset":"candidates"}},{"type":"Feature","geometry":{"type":"Point","coordinates":[140.271873,37.449283]},"properties":{"id":"07-d00eebb130","name":"逢瀬町夏出","reading":"オウセマチナツイデ","pref":"福島県","prefCode":"07","municipality":"郡山市","hazardTypes":["debris_flow","slope_failure"],"evidenceLevel":0,"originLevel":0,"hasRecord":false,"recordRelation":null,"status":"current","disputed":false,"precision":"oaza","areaKey":null,"elements":["nazu_natsu"],"summary":"要素辞書に一致（nazu_natsu）。出典による裏づけは未確認。","zones":[],"dataset":"candidates"}},{"type":"Feature","geometry":{"type":"Point","coordinates":[140.420033,37.384072]},"properties":{"id":"07-d7812b2db6","name":"向川原","reading":null,"pref":"福島県","prefCode":"07","municipality":"郡山市","hazardTypes":["flood"],"evidenceLevel":0,"originLevel":0,"hasRecord":false,"recordRelation":null,"status":"current","disputed":false,"precision":"koaza","areaKey":null,"elements":["kawara"],"summary":"要素辞書に一致（kawara）。出典による裏づけは未確認。","zones":[],"dataset":"candidates"}},{"type":"Feature","geometry":{"type":"Point","coordinates":[140.414956,37.385381]},"properties":{"id":"07-52867b7514","name":"御前川原","reading":null,"pref":"福島県","prefCode":"07","municipality":"郡山市","hazardTypes":["flood"],"evidenceLevel":0,"originLevel":0,"hasRecord":false,"recordRelation":null,"status":"current","disputed":false,"precision":"koaza","areaKey":null,"elements":["kawara"],"summary":"要素辞書に一致（kawara）。出典による裏づけは未確認。","zones":[],"dataset":"candidates"}},{"type":"Feature","geometry":{"type":"Point","coordinates":[140.322055,37.374948]},"properties":{"id":"07-28b5e54679","name":"南地蔵谷地","reading":null,"pref":"福島県","prefCode":"07","municipality":"郡山市","hazardTypes":["slope_failure","rockfall","inundation"],"evidenceLevel":0,"originLevel":0,"hasRecord":false,"recordRelation":null,"status":"current","disputed":false,"precision":"koaza","areaKey":null,"elements":["kura","yato"],"summary":"要素辞書に一致（kura・yato）。出典による裏づけは未確認。","zones":[],"dataset":"candidates"}},{"type":"Feature","geometry":{"type":"Point","coordinates":[140.322683,37.377882]},"properties":{"id":"07-80cd6b43e0","name":"弥蔵田","reading":null,"pref":"福島県","prefCode":"07","municipality":"郡山市","hazardTypes":["slope_failure","rockfall"],"evidenceLevel":0,"originLevel":0,"hasRecord":false,"recordRelation":null,"status":"current","disputed":false,"precision":"koaza","areaKey":null,"elements":["kura"],"summary":"要素辞書に一致（kura）。出典による裏づけは未確認。","zones":[],"dataset":"candidates"}},{"type":"Feature","geometry":{"type":"Point","coordinates":[140.338831,37.406957]},"properties":{"id":"07-3dc0afca52","name":"菅田","reading":null,"pref":"福島県","prefCode":"07","municipality":"郡山市","hazardTypes":["landslide","soft_ground"],"evidenceLevel":0,"originLevel":0,"hasRecord":false,"recordRelation":null,"status":"current","disputed":false,"precision":"koaza","areaKey":null,"elements":["wetland_plants"],"summary":"要素辞書に一致（wetland_plants）。出典による裏づけは未確認。","zones":[],"dataset":"candidates"}},{"type":"Feature","geometry":{"type":"Point","coordinates":[140.318647,37.429609]},"properties":{"id":"07-ebde4ba568","name":"上梅木","reading":null,"pref":"福島県","prefCode":"07","municipality":"郡山市","hazardTypes":["landslide","slope_failure"],"evidenceLevel":0,"originLevel":0,"hasRecord":false,"recordRelation":null,"status":"current","disputed":false,"precision":"koaza","areaKey":null,"elements":["ume"],"summary":"要素辞書に一致（ume）。出典による裏づけは未確認。","zones":[],"dataset":"candidates"}},{"type":"Feature","geometry":{"type":"Point","coordinates":[140.328256,37.417051]},"properties":{"id":"07-863b9aaf1b","name":"中川原南","reading":null,"pref":"福島県","prefCode":"07","municipality":"郡山市","hazardTypes":["flood"],"evidenceLevel":0,"originLevel":0,"hasRecord":false,"recordRelation":null,"status":"current","disputed":false,"precision":"koaza","areaKey":null,"elements":["kawara"],"summary":"要素辞書に一致（kawara）。出典による裏づけは未確認。","zones":[],"dataset":"candidates"}},{"type":"Feature","geometry":{"type":"Point","coordinates":[140.32211,37.431034]},"properties":{"id":"07-a8675ec5fd","name":"北梅木","reading":null,"pref":"福島県","prefCode":"07","municipality":"郡山市","hazardTypes":["landslide","slope_failure"],"evidenceLevel":0,"originLevel":0,"hasRecord":false,"recordRelation":null,"status":"current","disputed":false,"precision":"koaza","areaKey":null,"elements":["ume"],"summary":"要素辞書に一致（ume）。出典による裏づけは未確認。","zones":[],"dataset":"candidates"}},{"type":"Feature","geometry":{"type":"Point","coordinates":[140.297362,37.425366]},"properties":{"id":"07-bc3c5c9c4b","name":"北蛇光","reading":null,"pref":"福島県","prefCode":"07","municipality":"郡山市","hazardTypes":["slope_failure","debris_flow"],"evidenceLevel":0,"originLevel":0,"hasRecord":false,"recordRelation":null,"status":"current","disputed":false,"precision":"koaza","areaKey":null,"elements":["ja"],"summary":"要素辞書に一致（ja）。出典による裏づけは未確認。","zones":[],"dataset":"candidates"}},{"type":"Feature","geometry":{"type":"Point","coordinates":[140.309154,37.434716]},"properties":{"id":"07-311ec5b7c5","name":"庚申作","reading":null,"pref":"福島県","prefCode":"07","municipality":"郡山市","hazardTypes":["slope_failure"],"evidenceLevel":0,"originLevel":0,"hasRecord":false,"recordRelation":null,"status":"current","disputed":false,"precision":"koaza","areaKey":null,"elements":["saru"],"summary":"要素辞書に一致（saru）。出典による裏づけは未確認。","zones":[],"dataset":"candidates"}},{"type":"Feature","geometry":{"type":"Point","coordinates":[140.294418,37.425546]},"properties":{"id":"07-deaa9390a4","name":"西蛇光","reading":null,"pref":"福島県","prefCode":"07","municipality":"郡山市","hazardTypes":["slope_failure","debris_flow"],"evidenceLevel":0,"originLevel":0,"hasRecord":false,"recordRelation":null,"status":"current","disputed":false,"precision":"koaza","areaKey":null,"elements":["ja"],"summary":"要素辞書に一致（ja）。出典による裏づけは未確認。","zones":[],"dataset":"candidates"}},{"type":"Feature","geometry":{"type":"Point","coordinates":[140.327527,37.41501]},"properties":{"id":"07-b99e08ece4","name":"道岸","reading":null,"pref":"福島県","prefCode":"07","municipality":"郡山市","hazardTypes":["slope_failure"],"evidenceLevel":0,"originLevel":0,"hasRecord":false,"recordRelation":null,"status":"current","disputed":false,"precision":"koaza","areaKey":null,"elements":["kake"],"summary":"要素辞書に一致（kake）。出典による裏づけは未確認。","zones":[],"dataset":"candidates"}},{"type":"Feature","geometry":{"type":"Point","coordinates":[140.324575,37.417824]},"properties":{"id":"07-ff5ecc2918","name":"馬場下","reading":null,"pref":"福島県","prefCode":"07","municipality":"郡山市","hazardTypes":["slope_failure"],"evidenceLevel":0,"originLevel":0,"hasRecord":false,"recordRelation":null,"status":"current","disputed":false,"precision":"koaza","areaKey":null,"elements":["baba"],"summary":"要素辞書に一致（baba）。出典による裏づけは未確認。","zones":[],"dataset":"candidates"}},{"type":"Feature","geometry":{"type":"Point","coordinates":[140.324245,37.417201]},"properties":{"id":"07-396ee19acd","name":"馬場前","reading":null,"pref":"福島県","prefCode":"07","municipality":"郡山市","hazardTypes":["slope_failure"],"evidenceLevel":0,"originLevel":0,"hasRecord":false,"recordRelation":null,"status":"current","disputed":false,"precision":"koaza","areaKey":null,"elements":["baba"],"summary":"要素辞書に一致（baba）。出典による裏づけは未確認。","zones":[],"dataset":"candidates"}},{"type":"Feature","geometry":{"type":"Point","coordinates":[140.434426,37.394024]},"properties":{"id":"07-d747115c10","name":"蒲倉町","reading":"カバクラマチ","pref":"福島県","prefCode":"07","municipality":"郡山市","hazardTypes":["slope_failure","rockfall","landslide","soft_ground"],"evidenceLevel":0,"originLevel":0,"hasRecord":false,"recordRelation":null,"status":"current","disputed":false,"precision":"oaza","areaKey":null,"elements":["kura","wetland_plants"],"summary":"要素辞書に一致（kura・wetland_plants）。出典による裏づけは未確認。","zones":[],"dataset":"candidates"}},{"type":"Feature","geometry":{"type":"Point","coordinates":[140.433776,37.392498]},"properties":{"id":"07-862d437653","name":"蒲倉","reading":null,"pref":"福島県","prefCode":"07","municipality":"郡山市","hazardTypes":["slope_failure","rockfall","landslide","soft_ground"],"evidenceLevel":0,"originLevel":0,"hasRecord":false,"recordRelation":null,"status":"current","disputed":false,"precision":"koaza","areaKey":null,"elements":["kura","wetland_plants"],"summary":"要素辞書に一致（kura・wetland_plants）。出典による裏づけは未確認。","zones":[],"dataset":"candidates"}},{"type":"Feature","geometry":{"type":"Point","coordinates":[140.336716,37.435929]},"properties":{"id":"07-9c37bfb585","name":"菖蒲池","reading":null,"pref":"福島県","prefCode":"07","municipality":"郡山市","hazardTypes":["landslide","soft_ground"],"evidenceLevel":0,"originLevel":0,"hasRecord":false,"recordRelation":null,"status":"current","disputed":false,"precision":"koaza","areaKey":null,"elements":["wetland_plants"],"summary":"要素辞書に一致（wetland_plants）。出典による裏づけは未確認。","zones":[],"dataset":"candidates"}},{"type":"Feature","geometry":{"type":"Point","coordinates":[140.3431,37.453267]},"properties":{"id":"07-df78818988","name":"下河原","reading":null,"pref":"福島県","prefCode":"07","municipality":"郡山市","hazardTypes":["flood"],"evidenceLevel":0,"originLevel":0,"hasRecord":false,"recordRelation":null,"status":"current","disputed":false,"precision":"koaza","areaKey":null,"elements":["kawara"],"summary":"要素辞書に一致（kawara）。出典による裏づけは未確認。","zones":[],"dataset":"candidates"}},{"type":"Feature","geometry":{"type":"Point","coordinates":[140.348744,37.45172]},"properties":{"id":"07-1a213fe506","name":"川原","reading":null,"pref":"福島県","prefCode":"07","municipality":"郡山市","hazardTypes":["flood"],"evidenceLevel":0,"originLevel":0,"hasRecord":false,"recordRelation":null,"status":"current","disputed":false,"precision":"koaza","areaKey":null,"elements":["kawara"],"summary":"要素辞書に一致（kawara）。出典による裏づけは未確認。","zones":[],"dataset":"candidates"}},{"type":"Feature","geometry":{"type":"Point","coordinates":[140.360111,37.451312]},"properties":{"id":"07-58ddd25d45","name":"柿乙","reading":null,"pref":"福島県","prefCode":"07","municipality":"郡山市","hazardTypes":["slope_failure"],"evidenceLevel":0,"originLevel":0,"hasRecord":false,"recordRelation":null,"status":"current","disputed":false,"precision":"koaza","areaKey":null,"elements":["kake"],"summary":"要素辞書に一致（kake）。出典による裏づけは未確認。","zones":[],"dataset":"candidates"}},{"type":"Feature","geometry":{"type":"Point","coordinates":[140.430672,37.410222]},"properties":{"id":"07-a34125740a","name":"柿ノ口","reading":null,"pref":"福島県","prefCode":"07","municipality":"郡山市","hazardTypes":["slope_failure"],"evidenceLevel":0,"originLevel":0,"hasRecord":false,"recordRelation":null,"status":"current","disputed":false,"precision":"koaza","areaKey":null,"elements":["kake"],"summary":"要素辞書に一致（kake）。出典による裏づけは未確認。","zones":[],"dataset":"candidates"}},{"type":"Feature","geometry":{"type":"Point","coordinates":[140.446546,37.399525]},"properties":{"id":"07-a686af25d9","name":"草倉内","reading":null,"pref":"福島県","prefCode":"07","municipality":"郡山市","hazardTypes":["slope_failure","rockfall"],"evidenceLevel":0,"originLevel":0,"hasRecord":false,"recordRelation":null,"status":"current","disputed":false,"precision":"koaza","areaKey":null,"elements":["kura"],"summary":"要素辞書に一致（kura）。出典による裏づけは未確認。","zones":[],"dataset":"candidates"}},{"type":"Feature","geometry":{"type":"Point","coordinates":[140.415316,37.332252]},"properties":{"id":"07-c5076c1b01","name":"地蔵前","reading":null,"pref":"福島県","prefCode":"07","municipality":"郡山市","hazardTypes":["slope_failure","rockfall"],"evidenceLevel":0,"originLevel":0,"hasRecord":false,"recordRelation":null,"status":"current","disputed":false,"precision":"koaza","areaKey":null,"elements":["kura"],"summary":"要素辞書に一致（kura）。出典による裏づけは未確認。","zones":[],"dataset":"candidates"}},{"type":"Feature","geometry":{"type":"Point","coordinates":[140.389204,37.368626]},"properties":{"id":"07-10da3ba397","name":"上川原","reading":null,"pref":"福島県","prefCode":"07","municipality":"郡山市","hazardTypes":["flood"],"evidenceLevel":0,"originLevel":0,"hasRecord":false,"recordRelation":null,"status":"current","disputed":false,"precision":"koaza","areaKey":null,"elements":["kawara"],"summary":"要素辞書に一致（kawara）。出典による裏づけは未確認。","zones":[],"dataset":"candidates"}},{"type":"Feature","geometry":{"type":"Point","coordinates":[140.392768,37.375756]},"properties":{"id":"07-74cb4af4b8","name":"下タ川原","reading":null,"pref":"福島県","prefCode":"07","municipality":"郡山市","hazardTypes":["flood"],"evidenceLevel":0,"originLevel":0,"hasRecord":false,"recordRelation":null,"status":"current","disputed":false,"precision":"koaza","areaKey":null,"elements":["kawara"],"summary":"要素辞書に一致（kawara）。出典による裏づけは未確認。","zones":[],"dataset":"candidates"}},{"type":"Feature","geometry":{"type":"Point","coordinates":[140.3944,37.360699]},"properties":{"id":"07-4ab0905663","name":"宝蔵","reading":null,"pref":"福島県","prefCode":"07","municipality":"郡山市","hazardTypes":["slope_failure","rockfall"],"evidenceLevel":0,"originLevel":0,"hasRecord":false,"recordRelation":null,"status":"current","disputed":false,"precision":"koaza","areaKey":null,"elements":["kura"],"summary":"要素辞書に一致（kura）。出典による裏づけは未確認。","zones":[],"dataset":"candidates"}},{"type":"Feature","geometry":{"type":"Point","coordinates":[140.397172,37.361754]},"properties":{"id":"07-667e9b66d8","name":"荻ノ久保","reading":null,"pref":"福島県","prefCode":"07","municipality":"郡山市","hazardTypes":["slope_failure","inundation","landslide"],"evidenceLevel":0,"originLevel":0,"hasRecord":false,"recordRelation":null,"status":"current","disputed":false,"precision":"koaza","areaKey":null,"elements":["suki_hagu","kubo"],"summary":"要素辞書に一致（suki_hagu・kubo）。出典による裏づけは未確認。","zones":[],"dataset":"candidates"}},{"type":"Feature","geometry":{"type":"Point","coordinates":[140.402164,37.370723]},"properties":{"id":"07-27d08828e8","name":"下川原","reading":null,"pref":"福島県","prefCode":"07","municipality":"郡山市","hazardTypes":["flood"],"evidenceLevel":0,"originLevel":0,"hasRecord":false,"recordRelation":null,"status":"current","disputed":false,"precision":"koaza","areaKey":null,"elements":["kawara"],"summary":"要素辞書に一致（kawara）。出典による裏づけは未確認。","zones":[],"dataset":"candidates"}},{"type":"Feature","geometry":{"type":"Point","coordinates":[140.397001,37.367652]},"properties":{"id":"07-0bbbe2bd31","name":"北古川","reading":null,"pref":"福島県","prefCode":"07","municipality":"郡山市","hazardTypes":["flood","inundation"],"evidenceLevel":0,"originLevel":0,"hasRecord":false,"recordRelation":null,"status":"current","disputed":false,"precision":"koaza","areaKey":null,"elements":["furukawa"],"summary":"要素辞書に一致（furukawa）。出典による裏づけは未確認。","zones":[],"dataset":"candidates"}},{"type":"Feature","geometry":{"type":"Point","coordinates":[140.394717,37.36951]},"properties":{"id":"07-00a34ccfc0","name":"西川原","reading":null,"pref":"福島県","prefCode":"07","municipality":"郡山市","hazardTypes":["flood"],"evidenceLevel":0,"originLevel":0,"hasRecord":false,"recordRelation":null,"status":"current","disputed":false,"precision":"koaza","areaKey":null,"elements":["kawara"],"summary":"要素辞書に一致（kawara）。出典による裏づけは未確認。","zones":[],"dataset":"candidates"}},{"type":"Feature","geometry":{"type":"Point","coordinates":[140.412912,37.317931]},"properties":{"id":"07-7311a493ab","name":"梅木平","reading":null,"pref":"福島県","prefCode":"07","municipality":"郡山市","hazardTypes":["landslide","slope_failure"],"evidenceLevel":0,"originLevel":0,"hasRecord":false,"recordRelation":null,"status":"current","disputed":false,"precision":"koaza","areaKey":null,"elements":["ume"],"summary":"要素辞書に一致（ume）。出典による裏づけは未確認。","zones":[],"dataset":"candidates"}},{"type":"Feature","geometry":{"type":"Point","coordinates":[140.377631,37.358447]},"properties":{"id":"07-a3e1dc365e","name":"中河原","reading":null,"pref":"福島県","prefCode":"07","municipality":"郡山市","hazardTypes":["flood"],"evidenceLevel":0,"originLevel":0,"hasRecord":false,"recordRelation":null,"status":"current","disputed":false,"precision":"koaza","areaKey":null,"elements":["kawara"],"summary":"要素辞書に一致（kawara）。出典による裏づけは未確認。","zones":[],"dataset":"candidates"}},{"type":"Feature","geometry":{"type":"Point","coordinates":[140.376251,37.355318]},"properties":{"id":"07-5450a12f06","name":"深田","reading":null,"pref":"福島県","prefCode":"07","municipality":"郡山市","hazardTypes":["soft_ground","inundation"],"evidenceLevel":0,"originLevel":0,"hasRecord":false,"recordRelation":null,"status":"current","disputed":false,"precision":"koaza","areaKey":null,"elements":["fuke"],"summary":"要素辞書に一致（fuke）。出典による裏づけは未確認。","zones":[],"dataset":"candidates"}},{"type":"Feature","geometry":{"type":"Point","coordinates":[140.378337,37.34614]},"properties":{"id":"07-b07fa64964","name":"六地蔵","reading":null,"pref":"福島県","prefCode":"07","municipality":"郡山市","hazardTypes":["slope_failure","rockfall"],"evidenceLevel":0,"originLevel":0,"hasRecord":false,"recordRelation":null,"status":"current","disputed":false,"precision":"koaza","areaKey":null,"elements":["kura"],"summary":"要素辞書に一致（kura）。出典による裏づけは未確認。","zones":[],"dataset":"candidates"}},{"type":"Feature","geometry":{"type":"Point","coordinates":[140.407775,37.336083]},"properties":{"id":"07-868dd52be6","name":"御殿河原","reading":null,"pref":"福島県","prefCode":"07","municipality":"郡山市","hazardTypes":["flood"],"evidenceLevel":0,"originLevel":0,"hasRecord":false,"recordRelation":null,"status":"current","disputed":false,"precision":"koaza","areaKey":null,"elements":["kawara"],"summary":"要素辞書に一致（kawara）。出典による裏づけは未確認。","zones":[],"dataset":"candidates"}},{"type":"Feature","geometry":{"type":"Point","coordinates":[140.409201,37.327757]},"properties":{"id":"07-1476f9abe2","name":"柏子川原","reading":null,"pref":"福島県","prefCode":"07","municipality":"郡山市","hazardTypes":["flood"],"evidenceLevel":0,"originLevel":0,"hasRecord":false,"recordRelation":null,"status":"current","disputed":false,"precision":"koaza","areaKey":null,"elements":["kawara"],"summary":"要素辞書に一致（kawara）。出典による裏づけは未確認。","zones":[],"dataset":"candidates"}},{"type":"Feature","geometry":{"type":"Point","coordinates":[140.408513,37.331813]},"properties":{"id":"07-01367311be","name":"西河原","reading":null,"pref":"福島県","prefCode":"07","municipality":"郡山市","hazardTypes":["flood"],"evidenceLevel":0,"originLevel":0,"hasRecord":false,"recordRelation":null,"status":"current","disputed":false,"precision":"koaza","areaKey":null,"elements":["kawara"],"summary":"要素辞書に一致（kawara）。出典による裏づけは未確認。","zones":[],"dataset":"candidates"}},{"type":"Feature","geometry":{"type":"Point","coordinates":[140.368247,37.398158]},"properties":{"id":"07-995465a14c","name":"長者一丁目","reading":"チョウジャ 1","pref":"福島県","prefCode":"07","municipality":"郡山市","hazardTypes":["slope_failure"],"evidenceLevel":0,"originLevel":0,"hasRecord":false,"recordRelation":null,"status":"current","disputed":false,"precision":"oaza","areaKey":"07203002001","elements":["tsubu_chou"],"summary":"要素辞書に一致（tsubu_chou）。出典による裏づけは未確認。","zones":[],"dataset":"candidates"}},{"type":"Feature","geometry":{"type":"Point","coordinates":[140.345219,37.419163]},"properties":{"id":"07-7736338c58","name":"前川原","reading":null,"pref":"福島県","prefCode":"07","municipality":"郡山市","hazardTypes":["flood"],"evidenceLevel":0,"originLevel":0,"hasRecord":false,"recordRelation":null,"status":"current","disputed":false,"precision":"koaza","areaKey":null,"elements":["kawara"],"summary":"要素辞書に一致（kawara）。出典による裏づけは未確認。","zones":[],"dataset":"candidates"}},{"type":"Feature","geometry":{"type":"Point","coordinates":[140.354829,37.423167]},"properties":{"id":"07-2087255aaf","name":"猪鹿野久保","reading":null,"pref":"福島県","prefCode":"07","municipality":"郡山市","hazardTypes":["landslide","soft_ground","inundation"],"evidenceLevel":0,"originLevel":0,"hasRecord":false,"recordRelation":null,"status":"current","disputed":false,"precision":"koaza","areaKey":null,"elements":["shishi","kubo"],"summary":"要素辞書に一致（shishi・kubo）。出典による裏づけは未確認。","zones":[],"dataset":"candidates"}},{"type":"Feature","geometry":{"type":"Point","coordinates":[140.370266,37.414394]},"properties":{"id":"07-972d5374d0","name":"稲川原","reading":null,"pref":"福島県","prefCode":"07","municipality":"郡山市","hazardTypes":["flood"],"evidenceLevel":0,"originLevel":0,"hasRecord":false,"recordRelation":null,"status":"current","disputed":false,"precision":"koaza","areaKey":null,"elements":["kawara"],"summary":"要素辞書に一致（kawara）。出典による裏づけは未確認。","zones":[],"dataset":"candidates"}},{"type":"Feature","geometry":{"type":"Point","coordinates":[140.336102,37.421949]},"properties":{"id":"07-88084b5a68","name":"鍛冶田","reading":null,"pref":"福島県","prefCode":"07","municipality":"郡山市","hazardTypes":["slope_failure"],"evidenceLevel":0,"originLevel":0,"hasRecord":false,"recordRelation":null,"status":"current","disputed":false,"precision":"koaza","areaKey":null,"elements":["kaji_kamu"],"summary":"要素辞書に一致（kaji_kamu）。出典による裏づけは未確認。","zones":[],"dataset":"candidates"}},{"type":"Feature","geometry":{"type":"Point","coordinates":[140.439956,37.367391]},"properties":{"id":"07-a79f5669b2","name":"中田町高倉","reading":"ナカタマチタカクラ","pref":"福島県","prefCode":"07","municipality":"郡山市","hazardTypes":["slope_failure","rockfall"],"evidenceLevel":0,"originLevel":0,"hasRecord":false,"recordRelation":null,"status":"current","disputed":false,"precision":"oaza","areaKey":null,"elements":["kura"],"summary":"要素辞書に一致（kura）。出典による裏づけは未確認。","zones":[],"dataset":"candidates"}},{"type":"Feature","geometry":{"type":"Point","coordinates":[140.428448,37.370032]},"properties":{"id":"07-c0b40a6479","name":"倉屋敷","reading":null,"pref":"福島県","prefCode":"07","municipality":"郡山市","hazardTypes":["slope_failure","rockfall"],"evidenceLevel":0,"originLevel":0,"hasRecord":false,"recordRelation":null,"status":"current","disputed":false,"precision":"koaza","areaKey":null,"elements":["kura"],"summary":"要素辞書に一致（kura）。出典による裏づけは未確認。","zones":[],"dataset":"candidates"}},{"type":"Feature","geometry":{"type":"Point","coordinates":[140.429278,37.440803]},"properties":{"id":"07-3a4a79f7b4","name":"西田町芹沢","reading":"ニシタマチセリサワ","pref":"福島県","prefCode":"07","municipality":"郡山市","hazardTypes":["landslide","soft_ground"],"evidenceLevel":0,"originLevel":0,"hasRecord":false,"recordRelation":null,"status":"current","disputed":false,"precision":"oaza","areaKey":null,"elements":["wetland_plants"],"summary":"要素辞書に一致（wetland_plants）。出典による裏づけは未確認。","zones":[],"dataset":"candidates"}},{"type":"Feature","geometry":{"type":"Point","coordinates":[140.388599,37.450119]},"properties":{"id":"07-5d0779ed7d","name":"蛇ケ森","reading":null,"pref":"福島県","prefCode":"07","municipality":"郡山市","hazardTypes":["slope_failure","debris_flow"],"evidenceLevel":0,"originLevel":0,"hasRecord":false,"recordRelation":null,"status":"current","disputed":false,"precision":"koaza","areaKey":null,"elements":["ja"],"summary":"要素辞書に一致（ja）。出典による裏づけは未確認。","zones":[],"dataset":"candidates"}},{"type":"Feature","geometry":{"type":"Point","coordinates":[140.406902,37.434541]},"properties":{"id":"07-9f582d02e4","name":"仲鹿島後","reading":null,"pref":"福島県","prefCode":"07","municipality":"郡山市","hazardTypes":["landslide","soft_ground"],"evidenceLevel":0,"originLevel":0,"hasRecord":false,"recordRelation":null,"status":"current","disputed":false,"precision":"koaza","areaKey":null,"elements":["shishi"],"summary":"要素辞書に一致（shishi）。出典による裏づけは未確認。","zones":[],"dataset":"candidates"}},{"type":"Feature","geometry":{"type":"Point","coordinates":[140.416993,37.439099]},"properties":{"id":"07-75e6e4d68e","name":"根岸","reading":null,"pref":"福島県","prefCode":"07","municipality":"郡山市","hazardTypes":["slope_failure"],"evidenceLevel":0,"originLevel":0,"hasRecord":false,"recordRelation":null,"status":"current","disputed":false,"precision":"koaza","areaKey":null,"elements":["kake"],"summary":"要素辞書に一致（kake）。出典による裏づけは未確認。","zones":[],"dataset":"candidates"}},{"type":"Feature","geometry":{"type":"Point","coordinates":[140.420573,37.448079]},"properties":{"id":"07-b2dd758ef2","name":"葛崖","reading":null,"pref":"福島県","prefCode":"07","municipality":"郡山市","hazardTypes":["slope_failure"],"evidenceLevel":0,"originLevel":0,"hasRecord":false,"recordRelation":null,"status":"current","disputed":false,"precision":"koaza","areaKey":null,"elements":["kake"],"summary":"要素辞書に一致（kake）。出典による裏づけは未確認。","zones":[],"dataset":"candidates"}},{"type":"Feature","geometry":{"type":"Point","coordinates":[140.41564,37.449711]},"properties":{"id":"07-29560c95f9","name":"葭池","reading":null,"pref":"福島県","prefCode":"07","municipality":"郡山市","hazardTypes":["landslide","soft_ground"],"evidenceLevel":0,"originLevel":0,"hasRecord":false,"recordRelation":null,"status":"current","disputed":false,"precision":"koaza","areaKey":null,"elements":["wetland_plants"],"summary":"要素辞書に一致（wetland_plants）。出典による裏づけは未確認。","zones":[],"dataset":"candidates"}},{"type":"Feature","geometry":{"type":"Point","coordinates":[140.42256,37.445228]},"properties":{"id":"07-34a7ae4a8f","name":"黒磯","reading":null,"pref":"福島県","prefCode":"07","municipality":"郡山市","hazardTypes":["rockfall","debris_flow"],"evidenceLevel":0,"originLevel":0,"hasRecord":false,"recordRelation":null,"status":"current","disputed":false,"precision":"koaza","areaKey":null,"elements":["iso_ishi"],"summary":"要素辞書に一致（iso_ishi）。出典による裏づけは未確認。","zones":[],"dataset":"candidates"}},{"type":"Feature","geometry":{"type":"Point","coordinates":[140.409404,37.460091]},"properties":{"id":"07-dc4e6eb519","name":"日和田町梅沢","reading":"ヒワダマチウメザワ","pref":"福島県","prefCode":"07","municipality":"郡山市","hazardTypes":["landslide","slope_failure"],"evidenceLevel":0,"originLevel":0,"hasRecord":false,"recordRelation":null,"status":"current","disputed":false,"precision":"oaza","areaKey":null,"elements":["ume"],"summary":"要素辞書に一致（ume）。出典による裏づけは未確認。","zones":[],"dataset":"candidates"}},{"type":"Feature","geometry":{"type":"Point","coordinates":[140.394095,37.47364]},"properties":{"id":"07-91cddd44c5","name":"日和田町高倉","reading":"ヒワダマチタカクラ","pref":"福島県","prefCode":"07","municipality":"郡山市","hazardTypes":["slope_failure","rockfall"],"evidenceLevel":0,"originLevel":0,"hasRecord":false,"recordRelation":null,"status":"current","disputed":false,"precision":"oaza","areaKey":null,"elements":["kura"],"summary":"要素辞書に一致（kura）。出典による裏づけは未確認。","zones":[],"dataset":"candidates"}},{"type":"Feature","geometry":{"type":"Point","coordinates":[140.391725,37.474204]},"properties":{"id":"07-4335d39720","name":"上下岸","reading":null,"pref":"福島県","prefCode":"07","municipality":"郡山市","hazardTypes":["slope_failure"],"evidenceLevel":0,"originLevel":0,"hasRecord":false,"recordRelation":null,"status":"current","disputed":false,"precision":"koaza","areaKey":null,"elements":["kake"],"summary":"要素辞書に一致（kake）。出典による裏づけは未確認。","zones":[],"dataset":"candidates"}},{"type":"Feature","geometry":{"type":"Point","coordinates":[140.393809,37.474025]},"properties":{"id":"07-a9ae85f099","name":"下タ岸","reading":null,"pref":"福島県","prefCode":"07","municipality":"郡山市","hazardTypes":["slope_failure"],"evidenceLevel":0,"originLevel":0,"hasRecord":false,"recordRelation":null,"status":"current","disputed":false,"precision":"koaza","areaKey":null,"elements":["kake"],"summary":"要素辞書に一致（kake）。出典による裏づけは未確認。","zones":[],"dataset":"candidates"}},{"type":"Feature","geometry":{"type":"Point","coordinates":[140.406059,37.48448]},"properties":{"id":"07-15eab67323","name":"大川岸","reading":null,"pref":"福島県","prefCode":"07","municipality":"郡山市","hazardTypes":["slope_failure"],"evidenceLevel":0,"originLevel":0,"hasRecord":false,"recordRelation":null,"status":"current","disputed":false,"precision":"koaza","areaKey":null,"elements":["kake"],"summary":"要素辞書に一致（kake）。出典による裏づけは未確認。","zones":[],"dataset":"candidates"}},{"type":"Feature","geometry":{"type":"Point","coordinates":[140.388323,37.462678]},"properties":{"id":"07-50fc66be56","name":"庚申向","reading":null,"pref":"福島県","prefCode":"07","municipality":"郡山市","hazardTypes":["slope_failure"],"evidenceLevel":0,"originLevel":0,"hasRecord":false,"recordRelation":null,"status":"current","disputed":false,"precision":"koaza","areaKey":null,"elements":["saru"],"summary":"要素辞書に一致（saru）。出典による裏づけは未確認。","zones":[],"dataset":"candidates"}},{"type":"Feature","geometry":{"type":"Point","coordinates":[140.404284,37.472576]},"properties":{"id":"07-91d217378c","name":"梅沢道","reading":null,"pref":"福島県","prefCode":"07","municipality":"郡山市","hazardTypes":["landslide","slope_failure"],"evidenceLevel":0,"originLevel":0,"hasRecord":false,"recordRelation":null,"status":"current","disputed":false,"precision":"koaza","areaKey":null,"elements":["ume"],"summary":"要素辞書に一致（ume）。出典による裏づけは未確認。","zones":[],"dataset":"candidates"}},{"type":"Feature","geometry":{"type":"Point","coordinates":[140.389532,37.469331]},"properties":{"id":"07-0ba7f42f58","name":"蛇石山","reading":null,"pref":"福島県","prefCode":"07","municipality":"郡山市","hazardTypes":["slope_failure","debris_flow"],"evidenceLevel":0,"originLevel":0,"hasRecord":false,"recordRelation":null,"status":"current","disputed":false,"precision":"koaza","areaKey":null,"elements":["ja"],"summary":"要素辞書に一致（ja）。出典による裏づけは未確認。","zones":[],"dataset":"candidates"}},{"type":"Feature","geometry":{"type":"Point","coordinates":[140.395666,37.477112]},"properties":{"id":"07-76b5fd71d9","name":"高倉","reading":null,"pref":"福島県","prefCode":"07","municipality":"郡山市","hazardTypes":["slope_failure","rockfall"],"evidenceLevel":0,"originLevel":0,"hasRecord":false,"recordRelation":null,"status":"current","disputed":false,"precision":"koaza","areaKey":null,"elements":["kura"],"summary":"要素辞書に一致（kura）。出典による裏づけは未確認。","zones":[],"dataset":"candidates"}},{"type":"Feature","geometry":{"type":"Point","coordinates":[140.423172,37.428996]},"properties":{"id":"07-38333f3ea5","name":"儘田","reading":null,"pref":"福島県","prefCode":"07","municipality":"郡山市","hazardTypes":["slope_failure","erosion"],"evidenceLevel":0,"originLevel":0,"hasRecord":false,"recordRelation":null,"status":"current","disputed":false,"precision":"koaza","areaKey":null,"elements":["mama"],"summary":"要素辞書に一致（mama）。出典による裏づけは未確認。","zones":[],"dataset":"candidates"}},{"type":"Feature","geometry":{"type":"Point","coordinates":[140.374237,37.412045]},"properties":{"id":"07-b0da8de35b","name":"伊賀河原","reading":null,"pref":"福島県","prefCode":"07","municipality":"郡山市","hazardTypes":["flood"],"evidenceLevel":0,"originLevel":0,"hasRecord":false,"recordRelation":null,"status":"current","disputed":false,"precision":"koaza","areaKey":null,"elements":["kawara"],"summary":"要素辞書に一致（kawara）。出典による裏づけは未確認。","zones":[],"dataset":"candidates"}},{"type":"Feature","geometry":{"type":"Point","coordinates":[140.396075,37.424868]},"properties":{"id":"07-b8d692a93a","name":"柿内戸","reading":null,"pref":"福島県","prefCode":"07","municipality":"郡山市","hazardTypes":["slope_failure"],"evidenceLevel":0,"originLevel":0,"hasRecord":false,"recordRelation":null,"status":"current","disputed":false,"precision":"koaza","areaKey":null,"elements":["kake"],"summary":"要素辞書に一致（kake）。出典による裏づけは未確認。","zones":[],"dataset":"candidates"}},{"type":"Feature","geometry":{"type":"Point","coordinates":[140.392385,37.42119]},"properties":{"id":"07-e4ef4c5a58","name":"猪田","reading":null,"pref":"福島県","prefCode":"07","municipality":"郡山市","hazardTypes":["landslide","soft_ground"],"evidenceLevel":0,"originLevel":0,"hasRecord":false,"recordRelation":null,"status":"current","disputed":false,"precision":"koaza","areaKey":null,"elements":["shishi"],"summary":"要素辞書に一致（shishi）。出典による裏づけは未確認。","zones":[],"dataset":"candidates"}},{"type":"Feature","geometry":{"type":"Point","coordinates":[140.368097,37.437763]},"properties":{"id":"07-0c261a4387","name":"地蔵面","reading":null,"pref":"福島県","prefCode":"07","municipality":"郡山市","hazardTypes":["slope_failure","rockfall"],"evidenceLevel":0,"originLevel":0,"hasRecord":false,"recordRelation":null,"status":"current","disputed":false,"precision":"koaza","areaKey":null,"elements":["kura"],"summary":"要素辞書に一致（kura）。出典による裏づけは未確認。","zones":[],"dataset":"candidates"}},{"type":"Feature","geometry":{"type":"Point","coordinates":[140.359014,37.433977]},"properties":{"id":"07-24d1c70cc5","name":"蛇池","reading":null,"pref":"福島県","prefCode":"07","municipality":"郡山市","hazardTypes":["slope_failure","debris_flow"],"evidenceLevel":0,"originLevel":0,"hasRecord":false,"recordRelation":null,"status":"current","disputed":false,"precision":"koaza","areaKey":null,"elements":["ja"],"summary":"要素辞書に一致（ja）。出典による裏づけは未確認。","zones":[],"dataset":"candidates"}},{"type":"Feature","geometry":{"type":"Point","coordinates":[140.295391,37.376213]},"properties":{"id":"07-1f1df34b63","name":"万蔵塚","reading":null,"pref":"福島県","prefCode":"07","municipality":"郡山市","hazardTypes":["slope_failure","rockfall"],"evidenceLevel":0,"originLevel":0,"hasRecord":false,"recordRelation":null,"status":"current","disputed":false,"precision":"koaza","areaKey":null,"elements":["kura"],"summary":"要素辞書に一致（kura）。出典による裏づけは未確認。","zones":[],"dataset":"candidates"}},{"type":"Feature","geometry":{"type":"Point","coordinates":[140.320265,37.362222]},"properties":{"id":"07-b1f998a1c1","name":"地蔵橋","reading":null,"pref":"福島県","prefCode":"07","municipality":"郡山市","hazardTypes":["slope_failure","rockfall"],"evidenceLevel":0,"originLevel":0,"hasRecord":false,"recordRelation":null,"status":"current","disputed":false,"precision":"koaza","areaKey":null,"elements":["kura"],"summary":"要素辞書に一致（kura）。出典による裏づけは未確認。","zones":[],"dataset":"candidates"}},{"type":"Feature","geometry":{"type":"Point","coordinates":[140.322642,37.36202]},"properties":{"id":"07-dde5ddcd57","name":"柿ノ木","reading":null,"pref":"福島県","prefCode":"07","municipality":"郡山市","hazardTypes":["slope_failure"],"evidenceLevel":0,"originLevel":0,"hasRecord":false,"recordRelation":null,"status":"current","disputed":false,"precision":"koaza","areaKey":null,"elements":["kake"],"summary":"要素辞書に一致（kake）。出典による裏づけは未確認。","zones":[],"dataset":"candidates"}},{"type":"Feature","geometry":{"type":"Point","coordinates":[140.309039,37.354174]},"properties":{"id":"07-568b1a433a","name":"犬ケ馬場","reading":null,"pref":"福島県","prefCode":"07","municipality":"郡山市","hazardTypes":["slope_failure"],"evidenceLevel":0,"originLevel":0,"hasRecord":false,"recordRelation":null,"status":"current","disputed":false,"precision":"koaza","areaKey":null,"elements":["baba"],"summary":"要素辞書に一致（baba）。出典による裏づけは未確認。","zones":[],"dataset":"candidates"}},{"type":"Feature","geometry":{"type":"Point","coordinates":[140.305094,37.359642]},"properties":{"id":"07-9c98520b1c","name":"欠下","reading":null,"pref":"福島県","prefCode":"07","municipality":"郡山市","hazardTypes":["slope_failure"],"evidenceLevel":0,"originLevel":0,"hasRecord":false,"recordRelation":null,"status":"current","disputed":false,"precision":"koaza","areaKey":null,"elements":["kake"],"summary":"要素辞書に一致（kake）。出典による裏づけは未確認。","zones":[],"dataset":"candidates"}},{"type":"Feature","geometry":{"type":"Point","coordinates":[140.258949,37.357767]},"properties":{"id":"07-1d58de0da4","name":"蒲沢","reading":null,"pref":"福島県","prefCode":"07","municipality":"郡山市","hazardTypes":["landslide","soft_ground"],"evidenceLevel":0,"originLevel":0,"hasRecord":false,"recordRelation":null,"status":"current","disputed":false,"precision":"koaza","areaKey":null,"elements":["wetland_plants"],"summary":"要素辞書に一致（wetland_plants）。出典による裏づけは未確認。","zones":[],"dataset":"candidates"}},{"type":"Feature","geometry":{"type":"Point","coordinates":[140.276316,37.347915]},"properties":{"id":"07-52b69f3e61","name":"頓学","reading":null,"pref":"福島県","prefCode":"07","municipality":"郡山市","hazardTypes":["slope_failure","debris_flow"],"evidenceLevel":0,"originLevel":0,"hasRecord":false,"recordRelation":null,"status":"current","disputed":false,"precision":"koaza","areaKey":null,"elements":["tobi"],"summary":"要素辞書に一致（tobi）。出典による裏づけは未確認。","zones":[],"dataset":"candidates"}},{"type":"Feature","geometry":{"type":"Point","coordinates":[140.287132,37.35665]},"properties":{"id":"07-e93e308db5","name":"鹿ノ崎","reading":null,"pref":"福島県","prefCode":"07","municipality":"郡山市","hazardTypes":["landslide","soft_ground"],"evidenceLevel":0,"originLevel":0,"hasRecord":false,"recordRelation":null,"status":"current","disputed":false,"precision":"koaza","areaKey":null,"elements":["shishi"],"summary":"要素辞書に一致（shishi）。出典による裏づけは未確認。","zones":[],"dataset":"candidates"}},{"type":"Feature","geometry":{"type":"Point","coordinates":[140.290966,37.362336]},"properties":{"id":"07-c75e66c766","name":"北河原","reading":null,"pref":"福島県","prefCode":"07","municipality":"郡山市","hazardTypes":["flood"],"evidenceLevel":0,"originLevel":0,"hasRecord":false,"recordRelation":null,"status":"current","disputed":false,"precision":"koaza","areaKey":null,"elements":["kawara"],"summary":"要素辞書に一致（kawara）。出典による裏づけは未確認。","zones":[],"dataset":"candidates"}},{"type":"Feature","geometry":{"type":"Point","coordinates":[140.263567,37.374922]},"properties":{"id":"07-5a48152d2c","name":"前芦ノ口","reading":null,"pref":"福島県","prefCode":"07","municipality":"郡山市","hazardTypes":["flood","inundation"],"evidenceLevel":0,"originLevel":0,"hasRecord":false,"recordRelation":null,"status":"current","disputed":false,"precision":"koaza","areaKey":null,"elements":["ashi"],"summary":"要素辞書に一致（ashi）。出典による裏づけは未確認。","zones":[],"dataset":"candidates"}},{"type":"Feature","geometry":{"type":"Point","coordinates":[140.269006,37.372321]},"properties":{"id":"07-1cad426aac","name":"河原田","reading":null,"pref":"福島県","prefCode":"07","municipality":"郡山市","hazardTypes":["flood"],"evidenceLevel":0,"originLevel":0,"hasRecord":false,"recordRelation":null,"status":"current","disputed":false,"precision":"koaza","areaKey":null,"elements":["kawara"],"summary":"要素辞書に一致（kawara）。出典による裏づけは未確認。","zones":[],"dataset":"candidates"}},{"type":"Feature","geometry":{"type":"Point","coordinates":[140.26269,37.375998]},"properties":{"id":"07-d84ec112c9","name":"芦ノ口","reading":null,"pref":"福島県","prefCode":"07","municipality":"郡山市","hazardTypes":["flood","inundation"],"evidenceLevel":0,"originLevel":0,"hasRecord":false,"recordRelation":null,"status":"current","disputed":false,"precision":"koaza","areaKey":null,"elements":["ashi"],"summary":"要素辞書に一致（ashi）。出典による裏づけは未確認。","zones":[],"dataset":"candidates"}},{"type":"Feature","geometry":{"type":"Point","coordinates":[140.393205,37.40261]},"properties":{"id":"07-5ec29cb6d4","name":"向河原町","reading":"ムカイガワラマチ","pref":"福島県","prefCode":"07","municipality":"郡山市","hazardTypes":["flood"],"evidenceLevel":0,"originLevel":0,"hasRecord":false,"recordRelation":null,"status":"current","disputed":false,"precision":"oaza","areaKey":"072030510","elements":["kawara"],"summary":"要素辞書に一致（kawara）。出典による裏づけは未確認。","zones":[],"dataset":"candidates"}},{"type":"Feature","geometry":{"type":"Point","coordinates":[140.411956,37.39916]},"properties":{"id":"07-5cc81cfb13","name":"安原町","reading":"ヤスハラマチ","pref":"福島県","prefCode":"07","municipality":"郡山市","hazardTypes":["inundation","flood"],"evidenceLevel":0,"originLevel":0,"hasRecord":false,"recordRelation":null,"status":"current","disputed":false,"precision":"oaza","areaKey":null,"elements":["awara"],"summary":"要素辞書に一致（awara）。出典による裏づけは未確認。","zones":[],"dataset":"candidates"}},{"type":"Feature","geometry":{"type":"Point","coordinates":[140.41356,37.397804]},"properties":{"id":"07-5f16df0ceb","name":"安原","reading":null,"pref":"福島県","prefCode":"07","municipality":"郡山市","hazardTypes":["inundation","flood"],"evidenceLevel":0,"originLevel":0,"hasRecord":false,"recordRelation":null,"status":"current","disputed":false,"precision":"koaza","areaKey":null,"elements":["awara"],"summary":"要素辞書に一致（awara）。出典による裏づけは未確認。","zones":[],"dataset":"candidates"}},{"type":"Feature","geometry":{"type":"Point","coordinates":[140.812766,36.927413]},"properties":{"id":"07-65e25c1287","name":"菖蒲沢","reading":null,"pref":"福島県","prefCode":"07","municipality":"いわき市","hazardTypes":["landslide","soft_ground"],"evidenceLevel":0,"originLevel":0,"hasRecord":false,"recordRelation":null,"status":"current","disputed":false,"precision":"koaza","areaKey":null,"elements":["wetland_plants"],"summary":"要素辞書に一致（wetland_plants）。出典による裏づけは未確認。","zones":[],"dataset":"candidates"}},{"type":"Feature","geometry":{"type":"Point","coordinates":[140.859773,36.953983]},"properties":{"id":"07-e475ca13e5","name":"菅俣","reading":null,"pref":"福島県","prefCode":"07","municipality":"いわき市","hazardTypes":["landslide","soft_ground"],"evidenceLevel":0,"originLevel":0,"hasRecord":false,"recordRelation":null,"status":"current","disputed":false,"precision":"koaza","areaKey":"072040790","elements":["wetland_plants"],"summary":"要素辞書に一致（wetland_plants）。出典による裏づけは未確認。","zones":[],"dataset":"candidates"}},{"type":"Feature","geometry":{"type":"Point","coordinates":[140.860786,36.961693]},"properties":{"id":"07-00d93b7293","name":"鹿野","reading":null,"pref":"福島県","prefCode":"07","municipality":"いわき市","hazardTypes":["landslide","soft_ground"],"evidenceLevel":0,"originLevel":0,"hasRecord":false,"recordRelation":null,"status":"current","disputed":false,"precision":"koaza","areaKey":"072040782","elements":["shishi"],"summary":"要素辞書に一致（shishi）。出典による裏づけは未確認。","zones":[],"dataset":"candidates"}},{"type":"Feature","geometry":{"type":"Point","coordinates":[140.791003,36.914244]},"properties":{"id":"07-7a0db5397a","name":"上川原","reading":null,"pref":"福島県","prefCode":"07","municipality":"いわき市","hazardTypes":["flood"],"evidenceLevel":0,"originLevel":0,"hasRecord":false,"recordRelation":null,"status":"current","disputed":false,"precision":"koaza","areaKey":null,"elements":["kawara"],"summary":"要素辞書に一致（kawara）。出典による裏づけは未確認。","zones":[],"dataset":"candidates"}},{"type":"Feature","geometry":{"type":"Point","coordinates":[140.977782,37.005768]},"properties":{"id":"07-5e659cf081","name":"薄磯一丁目","reading":"ウスイソ 1","pref":"福島県","prefCode":"07","municipality":"いわき市","hazardTypes":["rockfall","debris_flow"],"evidenceLevel":0,"originLevel":0,"hasRecord":false,"recordRelation":null,"status":"current","disputed":false,"precision":"oaza","areaKey":"07204026101","elements":["iso_ishi"],"summary":"要素辞書に一致（iso_ishi）。出典による裏づけは未確認。","zones":[],"dataset":"candidates"}},{"type":"Feature","geometry":{"type":"Point","coordinates":[140.813445,37.034763]},"properties":{"id":"07-6a662c8170","name":"高倉","reading":null,"pref":"福島県","prefCode":"07","municipality":"いわき市","hazardTypes":["slope_failure","rockfall"],"evidenceLevel":0,"originLevel":0,"hasRecord":false,"recordRelation":null,"status":"current","disputed":false,"precision":"koaza","areaKey":"072041310","elements":["kura"],"summary":"要素辞書に一致（kura）。出典による裏づけは未確認。","zones":[],"dataset":"candidates"}},{"type":"Feature","geometry":{"type":"Point","coordinates":[140.857654,37.038431]},"properties":{"id":"07-162e89bdf4","name":"上馬場","reading":null,"pref":"福島県","prefCode":"07","municipality":"いわき市","hazardTypes":["slope_failure"],"evidenceLevel":0,"originLevel":0,"hasRecord":false,"recordRelation":null,"status":"current","disputed":false,"precision":"koaza","areaKey":"072041340","elements":["baba"],"summary":"要素辞書に一致（baba）。出典による裏づけは未確認。","zones":[],"dataset":"candidates"}},{"type":"Feature","geometry":{"type":"Point","coordinates":[140.858491,37.037578]},"properties":{"id":"07-f692666fdd","name":"川原田","reading":null,"pref":"福島県","prefCode":"07","municipality":"いわき市","hazardTypes":["flood"],"evidenceLevel":0,"originLevel":0,"hasRecord":false,"recordRelation":null,"status":"current","disputed":false,"precision":"koaza","areaKey":"072041340","elements":["kawara"],"summary":"要素辞書に一致（kawara）。出典による裏づけは未確認。","zones":[],"dataset":"candidates"}},{"type":"Feature","geometry":{"type":"Point","coordinates":[140.852772,37.054754]},"properties":{"id":"07-fd241afbdc","name":"草刈平","reading":null,"pref":"福島県","prefCode":"07","municipality":"いわき市","hazardTypes":["slope_failure"],"evidenceLevel":0,"originLevel":0,"hasRecord":false,"recordRelation":null,"status":"current","disputed":false,"precision":"koaza","areaKey":"072041370","elements":["kake"],"summary":"要素辞書に一致（kake）。出典による裏づけは未確認。","zones":[],"dataset":"candidates"}},{"type":"Feature","geometry":{"type":"Point","coordinates":[140.956953,36.973953]},"properties":{"id":"07-f41d4d176a","name":"荻ノ作","reading":null,"pref":"福島県","prefCode":"07","municipality":"いわき市","hazardTypes":["slope_failure"],"evidenceLevel":0,"originLevel":0,"hasRecord":false,"recordRelation":null,"status":"current","disputed":false,"precision":"koaza","areaKey":"072040510","elements":["suki_hagu"],"summary":"要素辞書に一致（suki_hagu）。出典による裏づけは未確認。","zones":[],"dataset":"candidates"}},{"type":"Feature","geometry":{"type":"Point","coordinates":[140.953988,36.976307]},"properties":{"id":"07-7efe0a3c94","name":"蒲ケ作","reading":null,"pref":"福島県","prefCode":"07","municipality":"いわき市","hazardTypes":["landslide","soft_ground"],"evidenceLevel":0,"originLevel":0,"hasRecord":false,"recordRelation":null,"status":"current","disputed":false,"precision":"koaza","areaKey":"072040510","elements":["wetland_plants"],"summary":"要素辞書に一致（wetland_plants）。出典による裏づけは未確認。","zones":[],"dataset":"candidates"}},{"type":"Feature","geometry":{"type":"Point","coordinates":[140.952774,36.975778]},"properties":{"id":"07-bb68d093ac","name":"藪倉","reading":null,"pref":"福島県","prefCode":"07","municipality":"いわき市","hazardTypes":["slope_failure","rockfall"],"evidenceLevel":0,"originLevel":0,"hasRecord":false,"recordRelation":null,"status":"current","disputed":false,"precision":"koaza","areaKey":"072040510","elements":["kura"],"summary":"要素辞書に一致（kura）。出典による裏づけは未確認。","zones":[],"dataset":"candidates"}},{"type":"Feature","geometry":{"type":"Point","coordinates":[140.988018,37.153491]},"properties":{"id":"07-0a03367ae4","name":"猿田","reading":null,"pref":"福島県","prefCode":"07","municipality":"いわき市","hazardTypes":["slope_failure"],"evidenceLevel":0,"originLevel":0,"hasRecord":false,"recordRelation":null,"status":"current","disputed":false,"precision":"koaza","areaKey":"072042130","elements":["saru"],"summary":"要素辞書に一致（saru）。出典による裏づけは未確認。","zones":[],"dataset":"candidates"}},{"type":"Feature","geometry":{"type":"Point","coordinates":[140.972008,37.136461]},"properties":{"id":"07-069837cbff","name":"岸田","reading":null,"pref":"福島県","prefCode":"07","municipality":"いわき市","hazardTypes":["slope_failure"],"evidenceLevel":0,"originLevel":0,"hasRecord":false,"recordRelation":null,"status":"current","disputed":false,"precision":"koaza","areaKey":"072042150","elements":["kake"],"summary":"要素辞書に一致（kake）。出典による裏づけは未確認。","zones":[],"dataset":"candidates"}},{"type":"Feature","geometry":{"type":"Point","coordinates":[140.976821,37.139256]},"properties":{"id":"07-acbc108f0c","name":"下蔵内","reading":null,"pref":"福島県","prefCode":"07","municipality":"いわき市","hazardTypes":["slope_failure","rockfall"],"evidenceLevel":0,"originLevel":0,"hasRecord":false,"recordRelation":null,"status":"current","disputed":false,"precision":"koaza","areaKey":"072042140","elements":["kura"],"summary":"要素辞書に一致（kura）。出典による裏づけは未確認。","zones":[],"dataset":"candidates"}},{"type":"Feature","geometry":{"type":"Point","coordinates":[140.87589,37.13163]},"properties":{"id":"07-6b8300f7ce","name":"小申田","reading":null,"pref":"福島県","prefCode":"07","municipality":"いわき市","hazardTypes":["slope_failure"],"evidenceLevel":0,"originLevel":0,"hasRecord":false,"recordRelation":null,"status":"current","disputed":false,"precision":"koaza","areaKey":"072041700","elements":["saru"],"summary":"要素辞書に一致（saru）。出典による裏づけは未確認。","zones":[],"dataset":"candidates"}},{"type":"Feature","geometry":{"type":"Point","coordinates":[140.874184,37.105996]},"properties":{"id":"07-43542bdfc9","name":"梅ノ作","reading":null,"pref":"福島県","prefCode":"07","municipality":"いわき市","hazardTypes":["landslide","slope_failure"],"evidenceLevel":0,"originLevel":0,"hasRecord":false,"recordRelation":null,"status":"current","disputed":false,"precision":"koaza","areaKey":"072041680","elements":["ume"],"summary":"要素辞書に一致（ume）。出典による裏づけは未確認。","zones":[],"dataset":"candidates"}},{"type":"Feature","geometry":{"type":"Point","coordinates":[140.861885,37.112433]},"properties":{"id":"07-aa05da47c2","name":"迎川原","reading":null,"pref":"福島県","prefCode":"07","municipality":"いわき市","hazardTypes":["flood"],"evidenceLevel":0,"originLevel":0,"hasRecord":false,"recordRelation":null,"status":"current","disputed":false,"precision":"koaza","areaKey":"072041680","elements":["kawara"],"summary":"要素辞書に一致（kawara）。出典による裏づけは未確認。","zones":[],"dataset":"candidates"}},{"type":"Feature","geometry":{"type":"Point","coordinates":[140.869175,37.11827]},"properties":{"id":"07-7a048cd999","name":"川原","reading":null,"pref":"福島県","prefCode":"07","municipality":"いわき市","hazardTypes":["flood"],"evidenceLevel":0,"originLevel":0,"hasRecord":false,"recordRelation":null,"status":"current","disputed":false,"precision":"koaza","areaKey":"072041690","elements":["kawara"],"summary":"要素辞書に一致（kawara）。出典による裏づけは未確認。","zones":[],"dataset":"candidates"}},{"type":"Feature","geometry":{"type":"Point","coordinates":[140.861022,37.127749]},"properties":{"id":"07-8b85cf3ba6","name":"下川原","reading":null,"pref":"福島県","prefCode":"07","municipality":"いわき市","hazardTypes":["flood"],"evidenceLevel":0,"originLevel":0,"hasRecord":false,"recordRelation":null,"status":"current","disputed":false,"precision":"koaza","areaKey":"072041750","elements":["kawara"],"summary":"要素辞書に一致（kawara）。出典による裏づけは未確認。","zones":[],"dataset":"candidates"}},{"type":"Feature","geometry":{"type":"Point","coordinates":[140.856566,37.12413]},"properties":{"id":"07-fdde1ce984","name":"前川原","reading":null,"pref":"福島県","prefCode":"07","municipality":"いわき市","hazardTypes":["flood"],"evidenceLevel":0,"originLevel":0,"hasRecord":false,"recordRelation":null,"status":"current","disputed":false,"precision":"koaza","areaKey":"072041750","elements":["kawara"],"summary":"要素辞書に一致（kawara）。出典による裏づけは未確認。","zones":[],"dataset":"candidates"}},{"type":"Feature","geometry":{"type":"Point","coordinates":[140.852235,37.124773]},"properties":{"id":"07-0186256411","name":"中川原","reading":null,"pref":"福島県","prefCode":"07","municipality":"いわき市","hazardTypes":["flood"],"evidenceLevel":0,"originLevel":0,"hasRecord":false,"recordRelation":null,"status":"current","disputed":false,"precision":"koaza","areaKey":"072041770","elements":["kawara"],"summary":"要素辞書に一致（kawara）。出典による裏づけは未確認。","zones":[],"dataset":"candidates"}},{"type":"Feature","geometry":{"type":"Point","coordinates":[140.829631,37.106527]},"properties":{"id":"07-05ec7ae6cf","name":"川原端","reading":null,"pref":"福島県","prefCode":"07","municipality":"いわき市","hazardTypes":["flood"],"evidenceLevel":0,"originLevel":0,"hasRecord":false,"recordRelation":null,"status":"current","disputed":false,"precision":"koaza","areaKey":"072041770","elements":["kawara"],"summary":"要素辞書に一致（kawara）。出典による裏づけは未確認。","zones":[],"dataset":"candidates"}},{"type":"Feature","geometry":{"type":"Point","coordinates":[140.868474,37.125408]},"properties":{"id":"07-86e1282af6","name":"後川原","reading":null,"pref":"福島県","prefCode":"07","municipality":"いわき市","hazardTypes":["flood"],"evidenceLevel":0,"originLevel":0,"hasRecord":false,"recordRelation":null,"status":"current","disputed":false,"precision":"koaza","areaKey":"072041760","elements":["kawara"],"summary":"要素辞書に一致（kawara）。出典による裏づけは未確認。","zones":[],"dataset":"candidates"}},{"type":"Feature","geometry":{"type":"Point","coordinates":[140.880947,36.952452]},"properties":{"id":"07-393350c848","name":"平蔵塚","reading":null,"pref":"福島県","prefCode":"07","municipality":"いわき市","hazardTypes":["slope_failure","rockfall"],"evidenceLevel":0,"originLevel":0,"hasRecord":false,"recordRelation":null,"status":"current","disputed":false,"precision":"koaza","areaKey":null,"elements":["kura"],"summary":"要素辞書に一致（kura）。出典による裏づけは未確認。","zones":[],"dataset":"candidates"}},{"type":"Feature","geometry":{"type":"Point","coordinates":[140.894495,36.968567]},"properties":{"id":"07-7c5712747b","name":"岸前","reading":null,"pref":"福島県","prefCode":"07","municipality":"いわき市","hazardTypes":["slope_failure"],"evidenceLevel":0,"originLevel":0,"hasRecord":false,"recordRelation":null,"status":"current","disputed":false,"precision":"koaza","areaKey":"072040600","elements":["kake"],"summary":"要素辞書に一致（kake）。出典による裏づけは未確認。","zones":[],"dataset":"candidates"}},{"type":"Feature","geometry":{"type":"Point","coordinates":[140.905624,36.964869]},"properties":{"id":"07-d6f79edb02","name":"岸","reading":null,"pref":"福島県","prefCode":"07","municipality":"いわき市","hazardTypes":["slope_failure"],"evidenceLevel":0,"originLevel":0,"hasRecord":false,"recordRelation":null,"status":"current","disputed":false,"precision":"koaza","areaKey":"072040580","elements":["kake"],"summary":"要素辞書に一致（kake）。出典による裏づけは未確認。","zones":[],"dataset":"candidates"}},{"type":"Feature","geometry":{"type":"Point","coordinates":[140.91091,36.959806]},"properties":{"id":"07-73f8c87946","name":"猿網","reading":null,"pref":"福島県","prefCode":"07","municipality":"いわき市","hazardTypes":["slope_failure"],"evidenceLevel":0,"originLevel":0,"hasRecord":false,"recordRelation":null,"status":"current","disputed":false,"precision":"koaza","areaKey":"072040580","elements":["saru"],"summary":"要素辞書に一致（saru）。出典による裏づけは未確認。","zones":[],"dataset":"candidates"}},{"type":"Feature","geometry":{"type":"Point","coordinates":[140.889323,36.971851]},"properties":{"id":"07-fe6ba05cba","name":"悪津","reading":null,"pref":"福島県","prefCode":"07","municipality":"いわき市","hazardTypes":["flood","inundation"],"evidenceLevel":0,"originLevel":0,"hasRecord":false,"recordRelation":null,"status":"current","disputed":false,"precision":"koaza","areaKey":"072040620","elements":["ashi"],"summary":"要素辞書に一致（ashi）。出典による裏づけは未確認。","zones":[],"dataset":"candidates"}},{"type":"Feature","geometry":{"type":"Point","coordinates":[140.878871,36.982677]},"properties":{"id":"07-5aa0412b11","name":"峰岸","reading":null,"pref":"福島県","prefCode":"07","municipality":"いわき市","hazardTypes":["slope_failure"],"evidenceLevel":0,"originLevel":0,"hasRecord":false,"recordRelation":null,"status":"current","disputed":false,"precision":"koaza","areaKey":"072040640","elements":["kake"],"summary":"要素辞書に一致（kake）。出典による裏づけは未確認。","zones":[],"dataset":"candidates"}},{"type":"Feature","geometry":{"type":"Point","coordinates":[140.954302,36.96311]},"properties":{"id":"07-d79045e668","name":"岸浦","reading":null,"pref":"福島県","prefCode":"07","municipality":"いわき市","hazardTypes":["slope_failure"],"evidenceLevel":0,"originLevel":0,"hasRecord":false,"recordRelation":null,"status":"current","disputed":false,"precision":"koaza","areaKey":"072040520","elements":["kake"],"summary":"要素辞書に一致（kake）。出典による裏づけは未確認。","zones":[],"dataset":"candidates"}},{"type":"Feature","geometry":{"type":"Point","coordinates":[140.900262,36.989816]},"properties":{"id":"07-4f87e31dc1","name":"鹿島町飯田","reading":"カシママチイイダ","pref":"福島県","prefCode":"07","municipality":"いわき市","hazardTypes":["landslide","soft_ground"],"evidenceLevel":0,"originLevel":0,"hasRecord":false,"recordRelation":null,"status":"current","disputed":false,"precision":"oaza","areaKey":"072040770","elements":["shishi"],"summary":"要素辞書に一致（shishi）。出典による裏づけは未確認。","zones":[],"dataset":"candidates"}},{"type":"Feature","geometry":{"type":"Point","coordinates":[140.903532,37.009207]},"properties":{"id":"07-dd83e6c13b","name":"鹿島町鹿島","reading":"カシママチカシマ","pref":"福島県","prefCode":"07","municipality":"いわき市","hazardTypes":["landslide","soft_ground"],"evidenceLevel":0,"originLevel":0,"hasRecord":false,"recordRelation":null,"status":"current","disputed":false,"precision":"oaza","areaKey":null,"elements":["shishi"],"summary":"要素辞書に一致（shishi）。出典による裏づけは未確認。","zones":[],"dataset":"candidates"}},{"type":"Feature","geometry":{"type":"Point","coordinates":[140.931932,36.991113]},"properties":{"id":"07-363935f179","name":"鹿島町上蔵持","reading":"カシママチカミクラモチ","pref":"福島県","prefCode":"07","municipality":"いわき市","hazardTypes":["slope_failure","rockfall","landslide","soft_ground"],"evidenceLevel":0,"originLevel":0,"hasRecord":false,"recordRelation":null,"status":"current","disputed":false,"precision":"oaza","areaKey":"072046080","elements":["kura","shishi"],"summary":"要素辞書に一致（kura・shishi）。出典による裏づけは未確認。","zones":[],"dataset":"candidates"}},{"type":"Feature","geometry":{"type":"Point","coordinates":[140.932449,36.989913]},"properties":{"id":"07-e9867e2f7c","name":"梅ノ木作","reading":null,"pref":"福島県","prefCode":"07","municipality":"いわき市","hazardTypes":["landslide","slope_failure"],"evidenceLevel":0,"originLevel":0,"hasRecord":false,"recordRelation":null,"status":"current","disputed":false,"precision":"koaza","areaKey":"072046080","elements":["ume"],"summary":"要素辞書に一致（ume）。出典による裏づけは未確認。","zones":[],"dataset":"candidates"}},{"type":"Feature","geometry":{"type":"Point","coordinates":[140.908624,36.986973]},"properties":{"id":"07-abfbcaf481","name":"鹿島町久保","reading":"カシママチクボ","pref":"福島県","prefCode":"07","municipality":"いわき市","hazardTypes":["landslide","soft_ground","inundation"],"evidenceLevel":0,"originLevel":0,"hasRecord":false,"recordRelation":null,"status":"current","disputed":false,"precision":"oaza","areaKey":null,"elements":["shishi","kubo"],"summary":"要素辞書に一致（shishi・kubo）。出典による裏づけは未確認。","zones":[],"dataset":"candidates"}},{"type":"Feature","geometry":{"type":"Point","coordinates":[140.907004,36.991066]},"properties":{"id":"07-6fd9f5489f","name":"梅田","reading":null,"pref":"福島県","prefCode":"07","municipality":"いわき市","hazardTypes":["landslide","slope_failure"],"evidenceLevel":0,"originLevel":0,"hasRecord":false,"recordRelation":null,"status":"current","disputed":false,"precision":"koaza","areaKey":null,"elements":["ume"],"summary":"要素辞書に一致（ume）。出典による裏づけは未確認。","zones":[],"dataset":"candidates"}},{"type":"Feature","geometry":{"type":"Point","coordinates":[140.906626,36.989619]},"properties":{"id":"07-e7492b14a9","name":"馬場","reading":null,"pref":"福島県","prefCode":"07","municipality":"いわき市","hazardTypes":["slope_failure"],"evidenceLevel":0,"originLevel":0,"hasRecord":false,"recordRelation":null,"status":"current","disputed":false,"precision":"koaza","areaKey":null,"elements":["baba"],"summary":"要素辞書に一致（baba）。出典による裏づけは未確認。","zones":[],"dataset":"candidates"}},{"type":"Feature","geometry":{"type":"Point","coordinates":[140.903327,36.996995]},"properties":{"id":"07-c1da0af34a","name":"鹿島町米田","reading":"カシママチコモダ","pref":"福島県","prefCode":"07","municipality":"いわき市","hazardTypes":["landslide","soft_ground"],"evidenceLevel":0,"originLevel":0,"hasRecord":false,"recordRelation":null,"status":"current","disputed":false,"precision":"oaza","areaKey":"072040760","elements":["shishi"],"summary":"要素辞書に一致（shishi）。出典による裏づけは未確認。","zones":[],"dataset":"candidates"}},{"type":"Feature","geometry":{"type":"Point","coordinates":[140.905534,36.9947]},"properties":{"id":"07-c839999240","name":"手倉","reading":null,"pref":"福島県","prefCode":"07","municipality":"いわき市","hazardTypes":["slope_failure","rockfall"],"evidenceLevel":0,"originLevel":0,"hasRecord":false,"recordRelation":null,"status":"current","disputed":false,"precision":"koaza","areaKey":"072040760","elements":["kura"],"summary":"要素辞書に一致（kura）。出典による裏づけは未確認。","zones":[],"dataset":"candidates"}},{"type":"Feature","geometry":{"type":"Point","coordinates":[140.89893,36.996761]},"properties":{"id":"07-da93239596","name":"柿作","reading":null,"pref":"福島県","prefCode":"07","municipality":"いわき市","hazardTypes":["slope_failure"],"evidenceLevel":0,"originLevel":0,"hasRecord":false,"recordRelation":null,"status":"current","disputed":false,"precision":"koaza","areaKey":"072040760","elements":["kake"],"summary":"要素辞書に一致（kake）。出典による裏づけは未確認。","zones":[],"dataset":"candidates"}},{"type":"Feature","geometry":{"type":"Point","coordinates":[140.915653,36.990898]},"properties":{"id":"07-b77e772559","name":"鹿島町下蔵持","reading":"カシママチシモクラモチ","pref":"福島県","prefCode":"07","municipality":"いわき市","hazardTypes":["slope_failure","rockfall","landslide","soft_ground"],"evidenceLevel":0,"originLevel":0,"hasRecord":false,"recordRelation":null,"status":"current","disputed":false,"precision":"oaza","areaKey":"072040720","elements":["kura","shishi"],"summary":"要素辞書に一致（kura・shishi）。出典による裏づけは未確認。","zones":[],"dataset":"candidates"}},{"type":"Feature","geometry":{"type":"Point","coordinates":[140.903493,37.004752]},"properties":{"id":"07-ef5ff7dd8b","name":"鹿島町下矢田","reading":"カシママチシモヤダ","pref":"福島県","prefCode":"07","municipality":"いわき市","hazardTypes":["landslide","soft_ground"],"evidenceLevel":0,"originLevel":0,"hasRecord":false,"recordRelation":null,"status":"current","disputed":false,"precision":"oaza","areaKey":"072040750","elements":["shishi"],"summary":"要素辞書に一致（shishi）。出典による裏づけは未確認。","zones":[],"dataset":"candidates"}},{"type":"Feature","geometry":{"type":"Point","coordinates":[140.913744,36.997461]},"properties":{"id":"07-e1e52226a1","name":"鹿島町走熊","reading":"カシママチハシリクマ","pref":"福島県","prefCode":"07","municipality":"いわき市","hazardTypes":["landslide","soft_ground"],"evidenceLevel":0,"originLevel":0,"hasRecord":false,"recordRelation":null,"status":"current","disputed":false,"precision":"oaza","areaKey":"072040740","elements":["shishi"],"summary":"要素辞書に一致（shishi）。出典による裏づけは未確認。","zones":[],"dataset":"candidates"}},{"type":"Feature","geometry":{"type":"Point","coordinates":[140.907091,36.982029]},"properties":{"id":"07-d182176fdb","name":"鹿島町船戸","reading":"カシママチフナド","pref":"福島県","prefCode":"07","municipality":"いわき市","hazardTypes":["landslide","soft_ground"],"evidenceLevel":0,"originLevel":0,"hasRecord":false,"recordRelation":null,"status":"current","disputed":false,"precision":"oaza","areaKey":"072040690","elements":["shishi"],"summary":"要素辞書に一致（shishi）。出典による裏づけは未確認。","zones":[],"dataset":"candidates"}},{"type":"Feature","geometry":{"type":"Point","coordinates":[140.902665,36.985772]},"properties":{"id":"07-00d35ec3ef","name":"柿境","reading":null,"pref":"福島県","prefCode":"07","municipality":"いわき市","hazardTypes":["slope_failure"],"evidenceLevel":0,"originLevel":0,"hasRecord":false,"recordRelation":null,"status":"current","disputed":false,"precision":"koaza","areaKey":"072040690","elements":["kake"],"summary":"要素辞書に一致（kake）。出典による裏づけは未確認。","zones":[],"dataset":"candidates"}},{"type":"Feature","geometry":{"type":"Point","coordinates":[140.899953,36.979355]},"properties":{"id":"07-7d15987159","name":"鹿島町御代","reading":"カシママチミヨ","pref":"福島県","prefCode":"07","municipality":"いわき市","hazardTypes":["landslide","soft_ground"],"evidenceLevel":0,"originLevel":0,"hasRecord":false,"recordRelation":null,"status":"current","disputed":false,"precision":"oaza","areaKey":null,"elements":["shishi"],"summary":"要素辞書に一致（shishi）。出典による裏づけは未確認。","zones":[],"dataset":"candidates"}},{"type":"Feature","geometry":{"type":"Point","coordinates":[140.899103,37.021813]},"properties":{"id":"07-c5a056f163","name":"深田","reading":null,"pref":"福島県","prefCode":"07","municipality":"いわき市","hazardTypes":["soft_ground","inundation"],"evidenceLevel":0,"originLevel":0,"hasRecord":false,"recordRelation":null,"status":"current","disputed":false,"precision":"koaza","areaKey":"072041280","elements":["fuke"],"summary":"要素辞書に一致（fuke）。出典による裏づけは未確認。","zones":[],"dataset":"candidates"}},{"type":"Feature","geometry":{"type":"Point","coordinates":[140.9012,37.017239]},"properties":{"id":"07-b7b61ce2c7","name":"申田","reading":null,"pref":"福島県","prefCode":"07","municipality":"いわき市","hazardTypes":["slope_failure"],"evidenceLevel":0,"originLevel":0,"hasRecord":false,"recordRelation":null,"status":"current","disputed":false,"precision":"koaza","areaKey":"072041280","elements":["saru"],"summary":"要素辞書に一致（saru）。出典による裏づけは未確認。","zones":[],"dataset":"candidates"}},{"type":"Feature","geometry":{"type":"Point","coordinates":[140.827752,37.010153]},"properties":{"id":"07-0f7fc10903","name":"梅ケ平","reading":null,"pref":"福島県","prefCode":"07","municipality":"いわき市","hazardTypes":["landslide","slope_failure"],"evidenceLevel":0,"originLevel":0,"hasRecord":false,"recordRelation":null,"status":"current","disputed":false,"precision":"koaza","areaKey":"07204125214","elements":["ume"],"summary":"要素辞書に一致（ume）。出典による裏づけは未確認。","zones":[],"dataset":"candidates"}},{"type":"Feature","geometry":{"type":"Point","coordinates":[140.83001,37.006584]},"properties":{"id":"07-2cf93d08d1","name":"長倉","reading":null,"pref":"福島県","prefCode":"07","municipality":"いわき市","hazardTypes":["slope_failure","rockfall"],"evidenceLevel":0,"originLevel":0,"hasRecord":false,"recordRelation":null,"status":"current","disputed":false,"precision":"koaza","areaKey":"07204125214","elements":["kura"],"summary":"要素辞書に一致（kura）。出典による裏づけは未確認。","zones":[],"dataset":"candidates"}},{"type":"Feature","geometry":{"type":"Point","coordinates":[140.882068,36.996273]},"properties":{"id":"07-8c78bbc7d2","name":"蛇並","reading":null,"pref":"福島県","prefCode":"07","municipality":"いわき市","hazardTypes":["slope_failure","debris_flow"],"evidenceLevel":0,"originLevel":0,"hasRecord":false,"recordRelation":null,"status":"current","disputed":false,"precision":"koaza","areaKey":"072041230","elements":["ja"],"summary":"要素辞書に一致（ja）。出典による裏づけは未確認。","zones":[],"dataset":"candidates"}},{"type":"Feature","geometry":{"type":"Point","coordinates":[140.848893,36.988141]},"properties":{"id":"07-f46dd12149","name":"梅ノ房","reading":null,"pref":"福島県","prefCode":"07","municipality":"いわき市","hazardTypes":["landslide","slope_failure"],"evidenceLevel":0,"originLevel":0,"hasRecord":false,"recordRelation":null,"status":"current","disputed":false,"precision":"koaza","areaKey":"072041240","elements":["ume"],"summary":"要素辞書に一致（ume）。出典による裏づけは未確認。","zones":[],"dataset":"candidates"}},{"type":"Feature","geometry":{"type":"Point","coordinates":[140.845092,36.984025]},"properties":{"id":"07-53773fd767","name":"小田倉","reading":null,"pref":"福島県","prefCode":"07","municipality":"いわき市","hazardTypes":["slope_failure","rockfall"],"evidenceLevel":0,"originLevel":0,"hasRecord":false,"recordRelation":null,"status":"current","disputed":false,"precision":"koaza","areaKey":"072041180","elements":["kura"],"summary":"要素辞書に一致（kura）。出典による裏づけは未確認。","zones":[],"dataset":"candidates"}},{"type":"Feature","geometry":{"type":"Point","coordinates":[140.832031,36.986376]},"properties":{"id":"07-e60af42cd3","name":"川原前","reading":null,"pref":"福島県","prefCode":"07","municipality":"いわき市","hazardTypes":["flood"],"evidenceLevel":0,"originLevel":0,"hasRecord":false,"recordRelation":null,"status":"current","disputed":false,"precision":"koaza","areaKey":"072041170","elements":["kawara"],"summary":"要素辞書に一致（kawara）。出典による裏づけは未確認。","zones":[],"dataset":"candidates"}},{"type":"Feature","geometry":{"type":"Point","coordinates":[140.838638,36.984247]},"properties":{"id":"07-1a34420c66","name":"柿ノ平","reading":null,"pref":"福島県","prefCode":"07","municipality":"いわき市","hazardTypes":["slope_failure"],"evidenceLevel":0,"originLevel":0,"hasRecord":false,"recordRelation":null,"status":"current","disputed":false,"precision":"koaza","areaKey":"072041170","elements":["kake"],"summary":"要素辞書に一致（kake）。出典による裏づけは未確認。","zones":[],"dataset":"candidates"}},{"type":"Feature","geometry":{"type":"Point","coordinates":[140.807817,36.997707]},"properties":{"id":"07-cbf4a9b082","name":"猪田","reading":null,"pref":"福島県","prefCode":"07","municipality":"いわき市","hazardTypes":["landslide","soft_ground"],"evidenceLevel":0,"originLevel":0,"hasRecord":false,"recordRelation":null,"status":"current","disputed":false,"precision":"koaza","areaKey":"072041170","elements":["shishi"],"summary":"要素辞書に一致（shishi）。出典による裏づけは未確認。","zones":[],"dataset":"candidates"}},{"type":"Feature","geometry":{"type":"Point","coordinates":[140.861926,36.974525]},"properties":{"id":"07-ed96b62336","name":"大久保","reading":null,"pref":"福島県","prefCode":"07","municipality":"いわき市","hazardTypes":["slope_failure","inundation","landslide"],"evidenceLevel":0,"originLevel":0,"hasRecord":false,"recordRelation":null,"status":"current","disputed":false,"precision":"koaza","areaKey":"072041220","elements":["afu_oo","kubo"],"summary":"要素辞書に一致（afu_oo・kubo）。出典による裏づけは未確認。","zones":[],"dataset":"candidates"}},{"type":"Feature","geometry":{"type":"Point","coordinates":[140.903013,37.011796]},"properties":{"id":"07-c63438d22c","name":"内田","reading":null,"pref":"福島県","prefCode":"07","municipality":"いわき市","hazardTypes":["debris_flow","flood"],"evidenceLevel":0,"originLevel":0,"hasRecord":false,"recordRelation":null,"status":"current","disputed":false,"precision":"koaza","areaKey":"072041270","elements":["uchide"],"summary":"要素辞書に一致（uchide）。出典による裏づけは未確認。","zones":[],"dataset":"candidates"}},{"type":"Feature","geometry":{"type":"Point","coordinates":[140.900001,37.012574]},"properties":{"id":"07-fcf07d02d5","name":"根岸","reading":null,"pref":"福島県","prefCode":"07","municipality":"いわき市","hazardTypes":["slope_failure"],"evidenceLevel":0,"originLevel":0,"hasRecord":false,"recordRelation":null,"status":"current","disputed":false,"precision":"koaza","areaKey":"072041270","elements":["kake"],"summary":"要素辞書に一致（kake）。出典による裏づけは未確認。","zones":[],"dataset":"candidates"}},{"type":"Feature","geometry":{"type":"Point","coordinates":[140.726793,36.8867]},"properties":{"id":"07-99611b0318","name":"鍛冶屋","reading":null,"pref":"福島県","prefCode":"07","municipality":"いわき市","hazardTypes":["slope_failure"],"evidenceLevel":0,"originLevel":0,"hasRecord":false,"recordRelation":null,"status":"current","disputed":false,"precision":"koaza","areaKey":"072041090","elements":["kaji_kamu"],"summary":"要素辞書に一致（kaji_kamu）。出典による裏づけは未確認。","zones":[],"dataset":"candidates"}},{"type":"Feature","geometry":{"type":"Point","coordinates":[140.813839,36.939965]},"properties":{"id":"07-f0c1c6f6d2","name":"欠下","reading":null,"pref":"福島県","prefCode":"07","municipality":"いわき市","hazardTypes":["slope_failure"],"evidenceLevel":0,"originLevel":0,"hasRecord":false,"recordRelation":null,"status":"current","disputed":false,"precision":"koaza","areaKey":"072040970","elements":["kake"],"summary":"要素辞書に一致（kake）。出典による裏づけは未確認。","zones":[],"dataset":"candidates"}},{"type":"Feature","geometry":{"type":"Point","coordinates":[140.898646,37.051418]},"properties":{"id":"07-ac0d95ade8","name":"三倉","reading":null,"pref":"福島県","prefCode":"07","municipality":"いわき市","hazardTypes":["slope_failure","rockfall"],"evidenceLevel":0,"originLevel":0,"hasRecord":false,"recordRelation":null,"status":"current","disputed":false,"precision":"koaza","areaKey":null,"elements":["kura"],"summary":"要素辞書に一致（kura）。出典による裏づけは未確認。","zones":[],"dataset":"candidates"}},{"type":"Feature","geometry":{"type":"Point","coordinates":[140.898837,37.048485]},"properties":{"id":"07-6e4980c54b","name":"倉前","reading":null,"pref":"福島県","prefCode":"07","municipality":"いわき市","hazardTypes":["slope_failure","rockfall"],"evidenceLevel":0,"originLevel":0,"hasRecord":false,"recordRelation":null,"status":"current","disputed":false,"precision":"koaza","areaKey":null,"elements":["kura"],"summary":"要素辞書に一致（kura）。出典による裏づけは未確認。","zones":[],"dataset":"candidates"}},{"type":"Feature","geometry":{"type":"Point","coordinates":[140.883442,37.057466]},"properties":{"id":"07-e18896c0f4","name":"古鍛冶町","reading":null,"pref":"福島県","prefCode":"07","municipality":"いわき市","hazardTypes":["slope_failure"],"evidenceLevel":0,"originLevel":0,"hasRecord":false,"recordRelation":null,"status":"current","disputed":false,"precision":"koaza","areaKey":null,"elements":["kaji_kamu"],"summary":"要素辞書に一致（kaji_kamu）。出典による裏づけは未確認。","zones":[],"dataset":"candidates"}},{"type":"Feature","geometry":{"type":"Point","coordinates":[140.886683,37.050378]},"properties":{"id":"07-505fe1385b","name":"梅本","reading":null,"pref":"福島県","prefCode":"07","municipality":"いわき市","hazardTypes":["landslide","slope_failure"],"evidenceLevel":0,"originLevel":0,"hasRecord":false,"recordRelation":null,"status":"current","disputed":false,"precision":"koaza","areaKey":null,"elements":["ume"],"summary":"要素辞書に一致（ume）。出典による裏づけは未確認。","zones":[],"dataset":"candidates"}},{"type":"Feature","geometry":{"type":"Point","coordinates":[140.891783,37.06341]},"properties":{"id":"07-18daac4a61","name":"梅香町","reading":null,"pref":"福島県","prefCode":"07","municipality":"いわき市","hazardTypes":["landslide","slope_failure"],"evidenceLevel":0,"originLevel":0,"hasRecord":false,"recordRelation":null,"status":"current","disputed":false,"precision":"koaza","areaKey":null,"elements":["ume"],"summary":"要素辞書に一致（ume）。出典による裏づけは未確認。","zones":[],"dataset":"candidates"}},{"type":"Feature","geometry":{"type":"Point","coordinates":[140.872336,37.085404]},"properties":{"id":"07-9f6494cda1","name":"向後川原","reading":null,"pref":"福島県","prefCode":"07","municipality":"いわき市","hazardTypes":["flood"],"evidenceLevel":0,"originLevel":0,"hasRecord":false,"recordRelation":null,"status":"current","disputed":false,"precision":"koaza","areaKey":"072040450","elements":["kawara"],"summary":"要素辞書に一致（kawara）。出典による裏づけは未確認。","zones":[],"dataset":"candidates"}},{"type":"Feature","geometry":{"type":"Point","coordinates":[140.830838,37.100296]},"properties":{"id":"07-60ebc6db0c","name":"大倉","reading":null,"pref":"福島県","prefCode":"07","municipality":"いわき市","hazardTypes":["slope_failure","rockfall"],"evidenceLevel":0,"originLevel":0,"hasRecord":false,"recordRelation":null,"status":"current","disputed":false,"precision":"koaza","areaKey":"072040450","elements":["kura"],"summary":"要素辞書に一致（kura）。出典による裏づけは未確認。","zones":[],"dataset":"candidates"}},{"type":"Feature","geometry":{"type":"Point","coordinates":[140.837021,37.104063]},"properties":{"id":"07-95160c7a38","name":"川原畑","reading":null,"pref":"福島県","prefCode":"07","municipality":"いわき市","hazardTypes":["flood"],"evidenceLevel":0,"originLevel":0,"hasRecord":false,"recordRelation":null,"status":"current","disputed":false,"precision":"koaza","areaKey":"072040450","elements":["kawara"],"summary":"要素辞書に一致（kawara）。出典による裏づけは未確認。","zones":[],"dataset":"candidates"}},{"type":"Feature","geometry":{"type":"Point","coordinates":[140.87009,37.088862]},"properties":{"id":"07-26d92ab288","name":"柳川原","reading":null,"pref":"福島県","prefCode":"07","municipality":"いわき市","hazardTypes":["flood"],"evidenceLevel":0,"originLevel":0,"hasRecord":false,"recordRelation":null,"status":"current","disputed":false,"precision":"koaza","areaKey":"072040450","elements":["kawara"],"summary":"要素辞書に一致（kawara）。出典による裏づけは未確認。","zones":[],"dataset":"candidates"}},{"type":"Feature","geometry":{"type":"Point","coordinates":[140.951585,37.055804]},"properties":{"id":"07-4737225a3c","name":"古川","reading":null,"pref":"福島県","prefCode":"07","municipality":"いわき市","hazardTypes":["flood","inundation"],"evidenceLevel":0,"originLevel":0,"hasRecord":false,"recordRelation":null,"status":"current","disputed":false,"precision":"koaza","areaKey":"072040340","elements":["furukawa"],"summary":"要素辞書に一致（furukawa）。出典による裏づけは未確認。","zones":[],"dataset":"candidates"}},{"type":"Feature","geometry":{"type":"Point","coordinates":[140.941568,37.077965]},"properties":{"id":"07-91c381c893","name":"上河原","reading":null,"pref":"福島県","prefCode":"07","municipality":"いわき市","hazardTypes":["flood"],"evidenceLevel":0,"originLevel":0,"hasRecord":false,"recordRelation":null,"status":"current","disputed":false,"precision":"koaza","areaKey":"072040380","elements":["kawara"],"summary":"要素辞書に一致（kawara）。出典による裏づけは未確認。","zones":[],"dataset":"candidates"}},{"type":"Feature","geometry":{"type":"Point","coordinates":[140.974468,37.000687]},"properties":{"id":"07-300cdb482b","name":"平薄磯","reading":"タイラウスイソ","pref":"福島県","prefCode":"07","municipality":"いわき市","hazardTypes":["rockfall","debris_flow"],"evidenceLevel":0,"originLevel":0,"hasRecord":false,"recordRelation":null,"status":"current","disputed":false,"precision":"oaza","areaKey":"072040260","elements":["iso_ishi"],"summary":"要素辞書に一致（iso_ishi）。出典による裏づけは未確認。","zones":[],"dataset":"candidates"}},{"type":"Feature","geometry":{"type":"Point","coordinates":[140.921298,37.081646]},"properties":{"id":"07-de44f46200","name":"藤倉","reading":null,"pref":"福島県","prefCode":"07","municipality":"いわき市","hazardTypes":["slope_failure","rockfall"],"evidenceLevel":0,"originLevel":0,"hasRecord":false,"recordRelation":null,"status":"current","disputed":false,"precision":"koaza","areaKey":"072040230","elements":["kura"],"summary":"要素辞書に一致（kura）。出典による裏づけは未確認。","zones":[],"dataset":"candidates"}},{"type":"Feature","geometry":{"type":"Point","coordinates":[140.922395,37.069258]},"properties":{"id":"07-af67964ead","name":"黒磯","reading":null,"pref":"福島県","prefCode":"07","municipality":"いわき市","hazardTypes":["rockfall","debris_flow"],"evidenceLevel":0,"originLevel":0,"hasRecord":false,"recordRelation":null,"status":"current","disputed":false,"precision":"koaza","areaKey":"072040220","elements":["iso_ishi"],"summary":"要素辞書に一致（iso_ishi）。出典による裏づけは未確認。","zones":[],"dataset":"candidates"}},{"type":"Feature","geometry":{"type":"Point","coordinates":[140.929842,37.036596]},"properties":{"id":"07-b1f55e709b","name":"菅田","reading":null,"pref":"福島県","prefCode":"07","municipality":"いわき市","hazardTypes":["landslide","soft_ground"],"evidenceLevel":0,"originLevel":0,"hasRecord":false,"recordRelation":null,"status":"current","disputed":false,"precision":"koaza","areaKey":"072040180","elements":["wetland_plants"],"summary":"要素辞書に一致（wetland_plants）。出典による裏づけは未確認。","zones":[],"dataset":"candidates"}},{"type":"Feature","geometry":{"type":"Point","coordinates":[140.940395,37.031542]},"properties":{"id":"07-ea6dd13a5b","name":"鹿前","reading":null,"pref":"福島県","prefCode":"07","municipality":"いわき市","hazardTypes":["landslide","soft_ground"],"evidenceLevel":0,"originLevel":0,"hasRecord":false,"recordRelation":null,"status":"current","disputed":false,"precision":"koaza","areaKey":"072040180","elements":["shishi"],"summary":"要素辞書に一致（shishi）。出典による裏づけは未確認。","zones":[],"dataset":"candidates"}},{"type":"Feature","geometry":{"type":"Point","coordinates":[140.876539,37.088516]},"properties":{"id":"07-0ca0948407","name":"小川原子","reading":null,"pref":"福島県","prefCode":"07","municipality":"いわき市","hazardTypes":["flood"],"evidenceLevel":0,"originLevel":0,"hasRecord":false,"recordRelation":null,"status":"current","disputed":false,"precision":"koaza","areaKey":"072040020","elements":["kawara"],"summary":"要素辞書に一致（kawara）。出典による裏づけは未確認。","zones":[],"dataset":"candidates"}},{"type":"Feature","geometry":{"type":"Point","coordinates":[140.88133,37.094431]},"properties":{"id":"07-3788d73282","name":"柿根田","reading":null,"pref":"福島県","prefCode":"07","municipality":"いわき市","hazardTypes":["slope_failure"],"evidenceLevel":0,"originLevel":0,"hasRecord":false,"recordRelation":null,"status":"current","disputed":false,"precision":"koaza","areaKey":"072040020","elements":["kake"],"summary":"要素辞書に一致（kake）。出典による裏づけは未確認。","zones":[],"dataset":"candidates"}},{"type":"Feature","geometry":{"type":"Point","coordinates":[140.87214,37.092521]},"properties":{"id":"07-e861b00aaf","name":"菅ノ口","reading":null,"pref":"福島県","prefCode":"07","municipality":"いわき市","hazardTypes":["landslide","soft_ground"],"evidenceLevel":0,"originLevel":0,"hasRecord":false,"recordRelation":null,"status":"current","disputed":false,"precision":"koaza","areaKey":"072040020","elements":["wetland_plants"],"summary":"要素辞書に一致（wetland_plants）。出典による裏づけは未確認。","zones":[],"dataset":"candidates"}},{"type":"Feature","geometry":{"type":"Point","coordinates":[140.943958,37.008685]},"properties":{"id":"07-476f85f880","name":"菅谷","reading":null,"pref":"福島県","prefCode":"07","municipality":"いわき市","hazardTypes":["landslide","soft_ground"],"evidenceLevel":0,"originLevel":0,"hasRecord":false,"recordRelation":null,"status":"current","disputed":false,"precision":"koaza","areaKey":"072040300","elements":["wetland_plants"],"summary":"要素辞書に一致（wetland_plants）。出典による裏づけは未確認。","zones":[],"dataset":"candidates"}},{"type":"Feature","geometry":{"type":"Point","coordinates":[140.944474,37.095214]},"properties":{"id":"07-15e237768d","name":"松倉","reading":null,"pref":"福島県","prefCode":"07","municipality":"いわき市","hazardTypes":["slope_failure","rockfall"],"evidenceLevel":0,"originLevel":0,"hasRecord":false,"recordRelation":null,"status":"current","disputed":false,"precision":"koaza","areaKey":"072040430","elements":["kura"],"summary":"要素辞書に一致（kura）。出典による裏づけは未確認。","zones":[],"dataset":"candidates"}},{"type":"Feature","geometry":{"type":"Point","coordinates":[140.948952,37.095352]},"properties":{"id":"07-4361e182da","name":"鎌倉","reading":null,"pref":"福島県","prefCode":"07","municipality":"いわき市","hazardTypes":["slope_failure","rockfall"],"evidenceLevel":0,"originLevel":0,"hasRecord":false,"recordRelation":null,"status":"current","disputed":false,"precision":"koaza","areaKey":"072040430","elements":["kura"],"summary":"要素辞書に一致（kura）。出典による裏づけは未確認。","zones":[],"dataset":"candidates"}},{"type":"Feature","geometry":{"type":"Point","coordinates":[140.914801,37.064093]},"properties":{"id":"07-755849fc58","name":"虚空蔵","reading":null,"pref":"福島県","prefCode":"07","municipality":"いわき市","hazardTypes":["slope_failure","rockfall"],"evidenceLevel":0,"originLevel":0,"hasRecord":false,"recordRelation":null,"status":"current","disputed":false,"precision":"koaza","areaKey":"072040200","elements":["kura"],"summary":"要素辞書に一致（kura）。出典による裏づけは未確認。","zones":[],"dataset":"candidates"}},{"type":"Feature","geometry":{"type":"Point","coordinates":[140.919705,37.057732]},"properties":{"id":"07-32d313c439","name":"西川原","reading":null,"pref":"福島県","prefCode":"07","municipality":"いわき市","hazardTypes":["flood"],"evidenceLevel":0,"originLevel":0,"hasRecord":false,"recordRelation":null,"status":"current","disputed":false,"precision":"koaza","areaKey":"072040200","elements":["kawara"],"summary":"要素辞書に一致（kawara）。出典による裏づけは未確認。","zones":[],"dataset":"candidates"}},{"type":"Feature","geometry":{"type":"Point","coordinates":[140.903908,37.04005]},"properties":{"id":"07-ce759f5143","name":"中剃","reading":null,"pref":"福島県","prefCode":"07","municipality":"いわき市","hazardTypes":["slope_failure"],"evidenceLevel":0,"originLevel":0,"hasRecord":false,"recordRelation":null,"status":"current","disputed":false,"precision":"koaza","areaKey":"072040140","elements":["sori"],"summary":"要素辞書に一致（sori）。出典による裏づけは未確認。","zones":[],"dataset":"candidates"}},{"type":"Feature","geometry":{"type":"Point","coordinates":[140.906478,37.03597]},"properties":{"id":"07-806bc291da","name":"剃町","reading":null,"pref":"福島県","prefCode":"07","municipality":"いわき市","hazardTypes":["slope_failure"],"evidenceLevel":0,"originLevel":0,"hasRecord":false,"recordRelation":null,"status":"current","disputed":false,"precision":"koaza","areaKey":"072040140","elements":["sori"],"summary":"要素辞書に一致（sori）。出典による裏づけは未確認。","zones":[],"dataset":"candidates"}},{"type":"Feature","geometry":{"type":"Point","coordinates":[140.97053,37.054811]},"properties":{"id":"07-43c092d801","name":"芦替","reading":null,"pref":"福島県","prefCode":"07","municipality":"いわき市","hazardTypes":["flood","inundation"],"evidenceLevel":0,"originLevel":0,"hasRecord":false,"recordRelation":null,"status":"current","disputed":false,"precision":"koaza","areaKey":"072040360","elements":["ashi"],"summary":"要素辞書に一致（ashi）。出典による裏づけは未確認。","zones":[],"dataset":"candidates"}},{"type":"Feature","geometry":{"type":"Point","coordinates":[140.945899,37.064308]},"properties":{"id":"07-39e593c7b8","name":"古河","reading":null,"pref":"福島県","prefCode":"07","municipality":"いわき市","hazardTypes":["flood","inundation"],"evidenceLevel":0,"originLevel":0,"hasRecord":false,"recordRelation":null,"status":"current","disputed":false,"precision":"koaza","areaKey":"072040390","elements":["furukawa"],"summary":"要素辞書に一致（furukawa）。出典による裏づけは未確認。","zones":[],"dataset":"candidates"}},{"type":"Feature","geometry":{"type":"Point","coordinates":[140.967544,37.06459]},"properties":{"id":"07-36d73a9ba6","name":"東根田倉","reading":null,"pref":"福島県","prefCode":"07","municipality":"いわき市","hazardTypes":["slope_failure","rockfall"],"evidenceLevel":0,"originLevel":0,"hasRecord":false,"recordRelation":null,"status":"current","disputed":false,"precision":"koaza","areaKey":"072040390","elements":["kura"],"summary":"要素辞書に一致（kura）。出典による裏づけは未確認。","zones":[],"dataset":"candidates"}},{"type":"Feature","geometry":{"type":"Point","coordinates":[140.948277,37.063315]},"properties":{"id":"07-40c9ea78be","name":"鍛冶分","reading":null,"pref":"福島県","prefCode":"07","municipality":"いわき市","hazardTypes":["slope_failure"],"evidenceLevel":0,"originLevel":0,"hasRecord":false,"recordRelation":null,"status":"current","disputed":false,"precision":"koaza","areaKey":"072040390","elements":["kaji_kamu"],"summary":"要素辞書に一致（kaji_kamu）。出典による裏づけは未確認。","zones":[],"dataset":"candidates"}},{"type":"Feature","geometry":{"type":"Point","coordinates":[140.955433,37.064058]},"properties":{"id":"07-d05d70130d","name":"馬場塚","reading":null,"pref":"福島県","prefCode":"07","municipality":"いわき市","hazardTypes":["slope_failure"],"evidenceLevel":0,"originLevel":0,"hasRecord":false,"recordRelation":null,"status":"current","disputed":false,"precision":"koaza","areaKey":"072040390","elements":["baba"],"summary":"要素辞書に一致（baba）。出典による裏づけは未確認。","zones":[],"dataset":"candidates"}},{"type":"Feature","geometry":{"type":"Point","coordinates":[140.882248,37.078165]},"properties":{"id":"07-df192bc8ab","name":"鍛冶内","reading":null,"pref":"福島県","prefCode":"07","municipality":"いわき市","hazardTypes":["slope_failure"],"evidenceLevel":0,"originLevel":0,"hasRecord":false,"recordRelation":null,"status":"current","disputed":false,"precision":"koaza","areaKey":null,"elements":["kaji_kamu"],"summary":"要素辞書に一致（kaji_kamu）。出典による裏づけは未確認。","zones":[],"dataset":"candidates"}},{"type":"Feature","geometry":{"type":"Point","coordinates":[140.878202,37.079785]},"properties":{"id":"07-5434bed86d","name":"平下平窪古川町","reading":"タイラシモヒラクボフルカワチョウ","pref":"福島県","prefCode":"07","municipality":"いわき市","hazardTypes":["flood","inundation","landslide"],"evidenceLevel":0,"originLevel":0,"hasRecord":false,"recordRelation":null,"status":"current","disputed":false,"precision":"oaza","areaKey":"07204004004","elements":["furukawa","kubo"],"summary":"要素辞書に一致（furukawa・kubo）。出典による裏づけは未確認。","zones":[],"dataset":"candidates"}},{"type":"Feature","geometry":{"type":"Point","coordinates":[140.935911,37.045575]},"properties":{"id":"07-f46add29f1","name":"平菅波","reading":"タイラスギナミ","pref":"福島県","prefCode":"07","municipality":"いわき市","hazardTypes":["landslide","soft_ground"],"evidenceLevel":0,"originLevel":0,"hasRecord":false,"recordRelation":null,"status":"current","disputed":false,"precision":"oaza","areaKey":"072040330","elements":["wetland_plants"],"summary":"要素辞書に一致（wetland_plants）。出典による裏づけは未確認。","zones":[],"dataset":"candidates"}},{"type":"Feature","geometry":{"type":"Point","coordinates":[140.928823,37.047269]},"properties":{"id":"07-8f151335a7","name":"菅波入","reading":null,"pref":"福島県","prefCode":"07","municipality":"いわき市","hazardTypes":["landslide","soft_ground"],"evidenceLevel":0,"originLevel":0,"hasRecord":false,"recordRelation":null,"status":"current","disputed":false,"precision":"koaza","areaKey":"072040330","elements":["wetland_plants"],"summary":"要素辞書に一致（wetland_plants）。出典による裏づけは未確認。","zones":[],"dataset":"candidates"}},{"type":"Feature","geometry":{"type":"Point","coordinates":[140.963272,36.977223]},"properties":{"id":"07-a788ea9252","name":"合磯","reading":null,"pref":"福島県","prefCode":"07","municipality":"いわき市","hazardTypes":["rockfall","debris_flow"],"evidenceLevel":0,"originLevel":0,"hasRecord":false,"recordRelation":null,"status":"current","disputed":false,"precision":"koaza","areaKey":"072040250","elements":["iso_ishi"],"summary":"要素辞書に一致（iso_ishi）。出典による裏づけは未確認。","zones":[],"dataset":"candidates"}},{"type":"Feature","geometry":{"type":"Point","coordinates":[140.965586,36.976962]},"properties":{"id":"07-af10da3e6a","name":"字合磯","reading":null,"pref":"福島県","prefCode":"07","municipality":"いわき市","hazardTypes":["rockfall","debris_flow"],"evidenceLevel":0,"originLevel":0,"hasRecord":false,"recordRelation":null,"status":"current","disputed":false,"precision":"koaza","areaKey":"072040250","elements":["iso_ishi"],"summary":"要素辞書に一致（iso_ishi）。出典による裏づけは未確認。","zones":[],"dataset":"candidates"}},{"type":"Feature","geometry":{"type":"Point","coordinates":[140.930696,37.060237]},"properties":{"id":"07-0617c802df","name":"前河原","reading":null,"pref":"福島県","prefCode":"07","municipality":"いわき市","hazardTypes":["flood"],"evidenceLevel":0,"originLevel":0,"hasRecord":false,"recordRelation":null,"status":"current","disputed":false,"precision":"koaza","areaKey":"072040190","elements":["kawara"],"summary":"要素辞書に一致（kawara）。出典による裏づけは未確認。","zones":[],"dataset":"candidates"}},{"type":"Feature","geometry":{"type":"Point","coordinates":[140.925886,37.060657]},"properties":{"id":"07-21bf525f00","name":"十二所河原","reading":null,"pref":"福島県","prefCode":"07","municipality":"いわき市","hazardTypes":["flood"],"evidenceLevel":0,"originLevel":0,"hasRecord":false,"recordRelation":null,"status":"current","disputed":false,"precision":"koaza","areaKey":"072040190","elements":["kawara"],"summary":"要素辞書に一致（kawara）。出典による裏づけは未確認。","zones":[],"dataset":"candidates"}},{"type":"Feature","geometry":{"type":"Point","coordinates":[140.933883,37.066732]},"properties":{"id":"07-16af9b5c8a","name":"馬場前","reading":null,"pref":"福島県","prefCode":"07","municipality":"いわき市","hazardTypes":["slope_failure"],"evidenceLevel":0,"originLevel":0,"hasRecord":false,"recordRelation":null,"status":"current","disputed":false,"precision":"koaza","areaKey":"072040190","elements":["baba"],"summary":"要素辞書に一致（baba）。出典による裏づけは未確認。","zones":[],"dataset":"candidates"}},{"type":"Feature","geometry":{"type":"Point","coordinates":[140.902212,37.073292]},"properties":{"id":"07-0f8cf3a585","name":"草鹿","reading":null,"pref":"福島県","prefCode":"07","municipality":"いわき市","hazardTypes":["landslide","soft_ground"],"evidenceLevel":0,"originLevel":0,"hasRecord":false,"recordRelation":null,"status":"current","disputed":false,"precision":"koaza","areaKey":"072040050","elements":["shishi"],"summary":"要素辞書に一致（shishi）。出典による裏づけは未確認。","zones":[],"dataset":"candidates"}},{"type":"Feature","geometry":{"type":"Point","coordinates":[140.868884,37.084137]},"properties":{"id":"07-09e73deb62","name":"向川原","reading":null,"pref":"福島県","prefCode":"07","municipality":"いわき市","hazardTypes":["flood"],"evidenceLevel":0,"originLevel":0,"hasRecord":false,"recordRelation":null,"status":"current","disputed":false,"precision":"koaza","areaKey":null,"elements":["kawara"],"summary":"要素辞書に一致（kawara）。出典による裏づけは未確認。","zones":[],"dataset":"candidates"}},{"type":"Feature","geometry":{"type":"Point","coordinates":[140.87218,37.08957]},"properties":{"id":"07-ab9c4191eb","name":"高儘","reading":null,"pref":"福島県","prefCode":"07","municipality":"いわき市","hazardTypes":["slope_failure","erosion"],"evidenceLevel":0,"originLevel":0,"hasRecord":false,"recordRelation":null,"status":"current","disputed":false,"precision":"koaza","areaKey":null,"elements":["mama"],"summary":"要素辞書に一致（mama）。出典による裏づけは未確認。","zones":[],"dataset":"candidates"}},{"type":"Feature","geometry":{"type":"Point","coordinates":[140.916178,37.035006]},"properties":{"id":"07-5339f5b0ea","name":"柿ノ目","reading":null,"pref":"福島県","prefCode":"07","municipality":"いわき市","hazardTypes":["slope_failure"],"evidenceLevel":0,"originLevel":0,"hasRecord":false,"recordRelation":null,"status":"current","disputed":false,"precision":"koaza","areaKey":"072040150","elements":["kake"],"summary":"要素辞書に一致（kake）。出典による裏づけは未確認。","zones":[],"dataset":"candidates"}},{"type":"Feature","geometry":{"type":"Point","coordinates":[140.907503,37.031417]},"properties":{"id":"07-63498e0a8b","name":"矢ノ倉","reading":null,"pref":"福島県","prefCode":"07","municipality":"いわき市","hazardTypes":["slope_failure","rockfall"],"evidenceLevel":0,"originLevel":0,"hasRecord":false,"recordRelation":null,"status":"current","disputed":false,"precision":"koaza","areaKey":"072040150","elements":["kura"],"summary":"要素辞書に一致（kura）。出典による裏づけは未確認。","zones":[],"dataset":"candidates"}},{"type":"Feature","geometry":{"type":"Point","coordinates":[140.902553,37.067909]},"properties":{"id":"07-2636624f31","name":"曾利町","reading":null,"pref":"福島県","prefCode":"07","municipality":"いわき市","hazardTypes":["slope_failure"],"evidenceLevel":0,"originLevel":0,"hasRecord":false,"recordRelation":null,"status":"current","disputed":false,"precision":"koaza","areaKey":"072040070","elements":["sori"],"summary":"要素辞書に一致（sori）。出典による裏づけは未確認。","zones":[],"dataset":"candidates"}},{"type":"Feature","geometry":{"type":"Point","coordinates":[140.904306,37.069475]},"properties":{"id":"07-95bc4151d4","name":"猿ケ作","reading":null,"pref":"福島県","prefCode":"07","municipality":"いわき市","hazardTypes":["slope_failure"],"evidenceLevel":0,"originLevel":0,"hasRecord":false,"recordRelation":null,"status":"current","disputed":false,"precision":"koaza","areaKey":"072040070","elements":["saru"],"summary":"要素辞書に一致（saru）。出典による裏づけは未確認。","zones":[],"dataset":"candidates"}},{"type":"Feature","geometry":{"type":"Point","coordinates":[140.914707,37.045231]},"properties":{"id":"07-15256e1fd5","name":"館岸","reading":null,"pref":"福島県","prefCode":"07","municipality":"いわき市","hazardTypes":["slope_failure"],"evidenceLevel":0,"originLevel":0,"hasRecord":false,"recordRelation":null,"status":"current","disputed":false,"precision":"koaza","areaKey":null,"elements":["kake"],"summary":"要素辞書に一致（kake）。出典による裏づけは未確認。","zones":[],"dataset":"candidates"}},{"type":"Feature","geometry":{"type":"Point","coordinates":[140.92746,37.057923]},"properties":{"id":"07-dc5a1c0022","name":"山岸","reading":null,"pref":"福島県","prefCode":"07","municipality":"いわき市","hazardTypes":["slope_failure"],"evidenceLevel":0,"originLevel":0,"hasRecord":false,"recordRelation":null,"status":"current","disputed":false,"precision":"koaza","areaKey":"072040320","elements":["kake"],"summary":"要素辞書に一致（kake）。出典による裏づけは未確認。","zones":[],"dataset":"candidates"}},{"type":"Feature","geometry":{"type":"Point","coordinates":[140.927986,37.059288]},"properties":{"id":"07-f31762a0b5","name":"悪戸","reading":null,"pref":"福島県","prefCode":"07","municipality":"いわき市","hazardTypes":["flood","inundation"],"evidenceLevel":0,"originLevel":0,"hasRecord":false,"recordRelation":null,"status":"current","disputed":false,"precision":"koaza","areaKey":"072040320","elements":["ashi"],"summary":"要素辞書に一致（ashi）。出典による裏づけは未確認。","zones":[],"dataset":"candidates"}},{"type":"Feature","geometry":{"type":"Point","coordinates":[140.926579,37.057184]},"properties":{"id":"07-782b939812","name":"梅福山","reading":null,"pref":"福島県","prefCode":"07","municipality":"いわき市","hazardTypes":["landslide","slope_failure"],"evidenceLevel":0,"originLevel":0,"hasRecord":false,"recordRelation":null,"status":"current","disputed":false,"precision":"koaza","areaKey":"072040320","elements":["ume"],"summary":"要素辞書に一致（ume）。出典による裏づけは未確認。","zones":[],"dataset":"candidates"}},{"type":"Feature","geometry":{"type":"Point","coordinates":[140.783542,36.942097]},"properties":{"id":"07-4730557afa","name":"高倉町","reading":"タカクラマチ","pref":"福島県","prefCode":"07","municipality":"いわき市","hazardTypes":["slope_failure","rockfall"],"evidenceLevel":0,"originLevel":0,"hasRecord":false,"recordRelation":null,"status":"current","disputed":false,"precision":"oaza","areaKey":"072040950","elements":["kura"],"summary":"要素辞書に一致（kura）。出典による裏づけは未確認。","zones":[],"dataset":"candidates"}},{"type":"Feature","geometry":{"type":"Point","coordinates":[140.913802,37.00473]},"properties":{"id":"07-debaaf9b35","name":"中央台鹿島一丁目","reading":"チュウオウダイカシマ 1","pref":"福島県","prefCode":"07","municipality":"いわき市","hazardTypes":["landslide","soft_ground"],"evidenceLevel":0,"originLevel":0,"hasRecord":false,"recordRelation":null,"status":"current","disputed":false,"precision":"oaza","areaKey":"07204602001","elements":["shishi","tai"],"summary":"要素辞書に一致（shishi・tai）。出典による裏づけは未確認。","zones":[],"dataset":"candidates"}},{"type":"Feature","geometry":{"type":"Point","coordinates":[140.736643,37.016953]},"properties":{"id":"07-190cd20948","name":"遠野町根岸","reading":"トオノマチネギシ","pref":"福島県","prefCode":"07","municipality":"いわき市","hazardTypes":["slope_failure"],"evidenceLevel":0,"originLevel":0,"hasRecord":false,"recordRelation":null,"status":"current","disputed":false,"precision":"oaza","areaKey":"072041640","elements":["kake"],"summary":"要素辞書に一致（kake）。出典による裏づけは未確認。","zones":[],"dataset":"candidates"}},{"type":"Feature","geometry":{"type":"Point","coordinates":[140.949115,36.961168]},"properties":{"id":"07-7ef14a9eef","name":"川岸","reading":null,"pref":"福島県","prefCode":"07","municipality":"いわき市","hazardTypes":["slope_failure"],"evidenceLevel":0,"originLevel":0,"hasRecord":false,"recordRelation":null,"status":"current","disputed":false,"precision":"koaza","areaKey":"072040530","elements":["kake"],"summary":"要素辞書に一致（kake）。出典による裏づけは未確認。","zones":[],"dataset":"candidates"}},{"type":"Feature","geometry":{"type":"Point","coordinates":[140.93188,36.960846]},"properties":{"id":"07-b828ab836b","name":"猪前","reading":null,"pref":"福島県","prefCode":"07","municipality":"いわき市","hazardTypes":["landslide","soft_ground"],"evidenceLevel":0,"originLevel":0,"hasRecord":false,"recordRelation":null,"status":"current","disputed":false,"precision":"koaza","areaKey":"072040540","elements":["shishi"],"summary":"要素辞書に一致（shishi）。出典による裏づけは未確認。","zones":[],"dataset":"candidates"}},{"type":"Feature","geometry":{"type":"Point","coordinates":[140.78501,36.865744]},"properties":{"id":"07-f19afbcd6b","name":"九面梅木沢","reading":null,"pref":"福島県","prefCode":"07","municipality":"いわき市","hazardTypes":["landslide","slope_failure"],"evidenceLevel":0,"originLevel":0,"hasRecord":false,"recordRelation":null,"status":"current","disputed":false,"precision":"koaza","areaKey":null,"elements":["ume"],"summary":"要素辞書に一致（ume）。出典による裏づけは未確認。","zones":[],"dataset":"candidates"}},{"type":"Feature","geometry":{"type":"Point","coordinates":[140.765769,36.903562]},"properties":{"id":"07-fb56877d3b","name":"大高馬場","reading":null,"pref":"福島県","prefCode":"07","municipality":"いわき市","hazardTypes":["slope_failure"],"evidenceLevel":0,"originLevel":0,"hasRecord":false,"recordRelation":null,"status":"current","disputed":false,"precision":"koaza","areaKey":null,"elements":["baba"],"summary":"要素辞書に一致（baba）。出典による裏づけは未確認。","zones":[],"dataset":"candidates"}},{"type":"Feature","geometry":{"type":"Point","coordinates":[140.766049,36.894474]},"properties":{"id":"07-bfe21b4873","name":"窪田片岸","reading":null,"pref":"福島県","prefCode":"07","municipality":"いわき市","hazardTypes":["slope_failure","inundation","landslide"],"evidenceLevel":0,"originLevel":0,"hasRecord":false,"recordRelation":null,"status":"current","disputed":false,"precision":"koaza","areaKey":null,"elements":["kake","kubo"],"summary":"要素辞書に一致（kake・kubo）。出典による裏づけは未確認。","zones":[],"dataset":"candidates"}},{"type":"Feature","geometry":{"type":"Point","coordinates":[140.767084,36.883563]},"properties":{"id":"07-d7bbb32c1b","name":"窪田菅田","reading":null,"pref":"福島県","prefCode":"07","municipality":"いわき市","hazardTypes":["landslide","soft_ground","inundation"],"evidenceLevel":0,"originLevel":0,"hasRecord":false,"recordRelation":null,"status":"current","disputed":false,"precision":"koaza","areaKey":null,"elements":["wetland_plants","kubo"],"summary":"要素辞書に一致（wetland_plants・kubo）。出典による裏づけは未確認。","zones":[],"dataset":"candidates"}},{"type":"Feature","geometry":{"type":"Point","coordinates":[140.764743,36.892853]},"properties":{"id":"07-3d361dedb5","name":"窪田馬場","reading":null,"pref":"福島県","prefCode":"07","municipality":"いわき市","hazardTypes":["slope_failure","inundation","landslide"],"evidenceLevel":0,"originLevel":0,"hasRecord":false,"recordRelation":null,"status":"current","disputed":false,"precision":"koaza","areaKey":null,"elements":["baba","kubo"],"summary":"要素辞書に一致（baba・kubo）。出典による裏づけは未確認。","zones":[],"dataset":"candidates"}},{"type":"Feature","geometry":{"type":"Point","coordinates":[140.758959,36.890043]},"properties":{"id":"07-bc73f9cae0","name":"酒井内田","reading":null,"pref":"福島県","prefCode":"07","municipality":"いわき市","hazardTypes":["debris_flow","flood"],"evidenceLevel":0,"originLevel":0,"hasRecord":false,"recordRelation":null,"status":"current","disputed":false,"precision":"koaza","areaKey":null,"elements":["uchide"],"summary":"要素辞書に一致（uchide）。出典による裏づけは未確認。","zones":[],"dataset":"candidates"}},{"type":"Feature","geometry":{"type":"Point","coordinates":[140.742051,36.882455]},"properties":{"id":"07-1b36032417","name":"酒井出蔵","reading":null,"pref":"福島県","prefCode":"07","municipality":"いわき市","hazardTypes":["slope_failure","rockfall"],"evidenceLevel":0,"originLevel":0,"hasRecord":false,"recordRelation":null,"status":"current","disputed":false,"precision":"koaza","areaKey":null,"elements":["kura"],"summary":"要素辞書に一致（kura）。出典による裏づけは未確認。","zones":[],"dataset":"candidates"}},{"type":"Feature","geometry":{"type":"Point","coordinates":[140.787153,36.898294]},"properties":{"id":"07-8f4ed683a8","name":"作鞍","reading":null,"pref":"福島県","prefCode":"07","municipality":"いわき市","hazardTypes":["slope_failure","rockfall"],"evidenceLevel":0,"originLevel":0,"hasRecord":false,"recordRelation":null,"status":"current","disputed":false,"precision":"koaza","areaKey":null,"elements":["kura"],"summary":"要素辞書に一致（kura）。出典による裏づけは未確認。","zones":[],"dataset":"candidates"}},{"type":"Feature","geometry":{"type":"Point","coordinates":[140.769048,36.908455]},"properties":{"id":"07-c4dfce4a2d","name":"梅沢","reading":null,"pref":"福島県","prefCode":"07","municipality":"いわき市","hazardTypes":["landslide","slope_failure"],"evidenceLevel":0,"originLevel":0,"hasRecord":false,"recordRelation":null,"status":"current","disputed":false,"precision":"koaza","areaKey":null,"elements":["ume"],"summary":"要素辞書に一致（ume）。出典による裏づけは未確認。","zones":[],"dataset":"candidates"}},{"type":"Feature","geometry":{"type":"Point","coordinates":[140.778883,36.909227]},"properties":{"id":"07-a38ac3c907","name":"江栗馬場","reading":null,"pref":"福島県","prefCode":"07","municipality":"いわき市","hazardTypes":["slope_failure"],"evidenceLevel":0,"originLevel":0,"hasRecord":false,"recordRelation":null,"status":"current","disputed":false,"precision":"koaza","areaKey":null,"elements":["baba"],"summary":"要素辞書に一致（baba）。出典による裏づけは未確認。","zones":[],"dataset":"candidates"}},{"type":"Feature","geometry":{"type":"Point","coordinates":[140.790675,36.899194]},"properties":{"id":"07-080d43b441","name":"蒲田","reading":null,"pref":"福島県","prefCode":"07","municipality":"いわき市","hazardTypes":["landslide","soft_ground"],"evidenceLevel":0,"originLevel":0,"hasRecord":false,"recordRelation":null,"status":"current","disputed":false,"precision":"koaza","areaKey":null,"elements":["wetland_plants"],"summary":"要素辞書に一致（wetland_plants）。出典による裏づけは未確認。","zones":[],"dataset":"candidates"}},{"type":"Feature","geometry":{"type":"Point","coordinates":[140.771091,36.915217]},"properties":{"id":"07-5848db26e4","name":"鈴鹿","reading":null,"pref":"福島県","prefCode":"07","municipality":"いわき市","hazardTypes":["landslide","soft_ground"],"evidenceLevel":0,"originLevel":0,"hasRecord":false,"recordRelation":null,"status":"current","disputed":false,"precision":"koaza","areaKey":null,"elements":["shishi"],"summary":"要素辞書に一致（shishi）。出典による裏づけは未確認。","zones":[],"dataset":"candidates"}},{"type":"Feature","geometry":{"type":"Point","coordinates":[141.000484,37.151048]},"properties":{"id":"07-e19cbb6798","name":"南磯脇","reading":null,"pref":"福島県","prefCode":"07","municipality":"いわき市","hazardTypes":["rockfall","debris_flow"],"evidenceLevel":0,"originLevel":0,"hasRecord":false,"recordRelation":null,"status":"current","disputed":false,"precision":"koaza","areaKey":"072042100","elements":["iso_ishi"],"summary":"要素辞書に一致（iso_ishi）。出典による裏づけは未確認。","zones":[],"dataset":"candidates"}},{"type":"Feature","geometry":{"type":"Point","coordinates":[140.992248,37.124574]},"properties":{"id":"07-27cf7908f2","name":"小豆田","reading":null,"pref":"福島県","prefCode":"07","municipality":"いわき市","hazardTypes":["debris_flow","slope_failure"],"evidenceLevel":0,"originLevel":0,"hasRecord":false,"recordRelation":null,"status":"current","disputed":false,"precision":"koaza","areaKey":"072042120","elements":["azu"],"summary":"要素辞書に一致（azu）。出典による裏づけは未確認。","zones":[],"dataset":"candidates"}},{"type":"Feature","geometry":{"type":"Point","coordinates":[140.984741,37.126678]},"properties":{"id":"07-e9efd65a5a","name":"柿内","reading":null,"pref":"福島県","prefCode":"07","municipality":"いわき市","hazardTypes":["slope_failure"],"evidenceLevel":0,"originLevel":0,"hasRecord":false,"recordRelation":null,"status":"current","disputed":false,"precision":"koaza","areaKey":"072042120","elements":["kake"],"summary":"要素辞書に一致（kake）。出典による裏づけは未確認。","zones":[],"dataset":"candidates"}},{"type":"Feature","geometry":{"type":"Point","coordinates":[140.993563,37.139862]},"properties":{"id":"07-26ed80e3b7","name":"岸内","reading":null,"pref":"福島県","prefCode":"07","municipality":"いわき市","hazardTypes":["slope_failure"],"evidenceLevel":0,"originLevel":0,"hasRecord":false,"recordRelation":null,"status":"current","disputed":false,"precision":"koaza","areaKey":"072042110","elements":["kake"],"summary":"要素辞書に一致（kake）。出典による裏づけは未確認。","zones":[],"dataset":"candidates"}},{"type":"Feature","geometry":{"type":"Point","coordinates":[140.989951,37.147997]},"properties":{"id":"07-0a9ba50b9e","name":"正蛇","reading":null,"pref":"福島県","prefCode":"07","municipality":"いわき市","hazardTypes":["slope_failure","debris_flow"],"evidenceLevel":0,"originLevel":0,"hasRecord":false,"recordRelation":null,"status":"current","disputed":false,"precision":"koaza","areaKey":"072042110","elements":["ja"],"summary":"要素辞書に一致（ja）。出典による裏づけは未確認。","zones":[],"dataset":"candidates"}},{"type":"Feature","geometry":{"type":"Point","coordinates":[140.77012,36.936874]},"properties":{"id":"07-1c7ea50d00","name":"岸ノ内","reading":null,"pref":"福島県","prefCode":"07","municipality":"いわき市","hazardTypes":["slope_failure"],"evidenceLevel":0,"originLevel":0,"hasRecord":false,"recordRelation":null,"status":"current","disputed":false,"precision":"koaza","areaKey":"072041110","elements":["kake"],"summary":"要素辞書に一致（kake）。出典による裏づけは未確認。","zones":[],"dataset":"candidates"}},{"type":"Feature","geometry":{"type":"Point","coordinates":[140.777026,36.926747]},"properties":{"id":"07-e9607b35e8","name":"東川原","reading":null,"pref":"福島県","prefCode":"07","municipality":"いわき市","hazardTypes":["flood"],"evidenceLevel":0,"originLevel":0,"hasRecord":false,"recordRelation":null,"status":"current","disputed":false,"precision":"koaza","areaKey":"072041110","elements":["kawara"],"summary":"要素辞書に一致（kawara）。出典による裏づけは未確認。","zones":[],"dataset":"candidates"}},{"type":"Feature","geometry":{"type":"Point","coordinates":[140.741658,36.926095]},"properties":{"id":"07-cd71630bdc","name":"法田川原","reading":null,"pref":"福島県","prefCode":"07","municipality":"いわき市","hazardTypes":["flood"],"evidenceLevel":0,"originLevel":0,"hasRecord":false,"recordRelation":null,"status":"current","disputed":false,"precision":"koaza","areaKey":"072041110","elements":["kawara"],"summary":"要素辞書に一致（kawara）。出典による裏づけは未確認。","zones":[],"dataset":"candidates"}},{"type":"Feature","geometry":{"type":"Point","coordinates":[140.750491,36.920841]},"properties":{"id":"07-26a4a44c5d","name":"滑沢川原","reading":null,"pref":"福島県","prefCode":"07","municipality":"いわき市","hazardTypes":["flood"],"evidenceLevel":0,"originLevel":0,"hasRecord":false,"recordRelation":null,"status":"current","disputed":false,"precision":"koaza","areaKey":"072041110","elements":["kawara"],"summary":"要素辞書に一致（kawara）。出典による裏づけは未確認。","zones":[],"dataset":"candidates"}},{"type":"Feature","geometry":{"type":"Point","coordinates":[140.741773,36.930946]},"properties":{"id":"07-49273b233a","name":"細倉","reading":null,"pref":"福島県","prefCode":"07","municipality":"いわき市","hazardTypes":["slope_failure","rockfall","flood"],"evidenceLevel":0,"originLevel":0,"hasRecord":false,"recordRelation":null,"status":"current","disputed":false,"precision":"koaza","areaKey":"072041110","elements":["kura","hoso_fusegu"],"summary":"要素辞書に一致（kura・hoso_fusegu）。出典による裏づけは未確認。","zones":[],"dataset":"candidates"}},{"type":"Feature","geometry":{"type":"Point","coordinates":[140.846483,37.06401]},"properties":{"id":"07-276356ed6c","name":"岸ノ上","reading":null,"pref":"福島県","prefCode":"07","municipality":"いわき市","hazardTypes":["slope_failure"],"evidenceLevel":0,"originLevel":0,"hasRecord":false,"recordRelation":null,"status":"current","disputed":false,"precision":"koaza","areaKey":"072041810","elements":["kake"],"summary":"要素辞書に一致（kake）。出典による裏づけは未確認。","zones":[],"dataset":"candidates"}},{"type":"Feature","geometry":{"type":"Point","coordinates":[140.841664,37.067182]},"properties":{"id":"07-65f2cde0d2","name":"道成川原","reading":null,"pref":"福島県","prefCode":"07","municipality":"いわき市","hazardTypes":["flood","landslide"],"evidenceLevel":0,"originLevel":0,"hasRecord":false,"recordRelation":null,"status":"current","disputed":false,"precision":"koaza","areaKey":"072041810","elements":["kawara","nari"],"summary":"要素辞書に一致（kawara・nari）。出典による裏づけは未確認。","zones":[],"dataset":"candidates"}},{"type":"Feature","geometry":{"type":"Point","coordinates":[140.849537,37.069374]},"properties":{"id":"07-3e27c73b94","name":"馬場西","reading":null,"pref":"福島県","prefCode":"07","municipality":"いわき市","hazardTypes":["slope_failure"],"evidenceLevel":0,"originLevel":0,"hasRecord":false,"recordRelation":null,"status":"current","disputed":false,"precision":"koaza","areaKey":"072041810","elements":["baba"],"summary":"要素辞書に一致（baba）。出典による裏づけは未確認。","zones":[],"dataset":"candidates"}},{"type":"Feature","geometry":{"type":"Point","coordinates":[140.856464,37.0649]},"properties":{"id":"07-221a17d00f","name":"外川原","reading":null,"pref":"福島県","prefCode":"07","municipality":"いわき市","hazardTypes":["flood"],"evidenceLevel":0,"originLevel":0,"hasRecord":false,"recordRelation":null,"status":"current","disputed":false,"precision":"koaza","areaKey":"072041800","elements":["kawara"],"summary":"要素辞書に一致（kawara）。出典による裏づけは未確認。","zones":[],"dataset":"candidates"}},{"type":"Feature","geometry":{"type":"Point","coordinates":[140.82098,37.077038]},"properties":{"id":"07-4ed1f01389","name":"猪ノ鼻","reading":null,"pref":"福島県","prefCode":"07","municipality":"いわき市","hazardTypes":["landslide","soft_ground"],"evidenceLevel":0,"originLevel":0,"hasRecord":false,"recordRelation":null,"status":"current","disputed":false,"precision":"koaza","areaKey":"072041800","elements":["shishi"],"summary":"要素辞書に一致（shishi）。出典による裏づけは未確認。","zones":[],"dataset":"candidates"}},{"type":"Feature","geometry":{"type":"Point","coordinates":[140.854789,37.059964]},"properties":{"id":"07-bf556e25a9","name":"川原子","reading":null,"pref":"福島県","prefCode":"07","municipality":"いわき市","hazardTypes":["flood"],"evidenceLevel":0,"originLevel":0,"hasRecord":false,"recordRelation":null,"status":"current","disputed":false,"precision":"koaza","areaKey":"072041820","elements":["kawara"],"summary":"要素辞書に一致（kawara）。出典による裏づけは未確認。","zones":[],"dataset":"candidates"}},{"type":"Feature","geometry":{"type":"Point","coordinates":[140.850139,37.058565]},"properties":{"id":"07-7e35d9a202","name":"川原子作","reading":null,"pref":"福島県","prefCode":"07","municipality":"いわき市","hazardTypes":["flood"],"evidenceLevel":0,"originLevel":0,"hasRecord":false,"recordRelation":null,"status":"current","disputed":false,"precision":"koaza","areaKey":"072041820","elements":["kawara"],"summary":"要素辞書に一致（kawara）。出典による裏づけは未確認。","zones":[],"dataset":"candidates"}},{"type":"Feature","geometry":{"type":"Point","coordinates":[140.981767,37.1139]},"properties":{"id":"07-fee89810f2","name":"四倉町","reading":"ヨツクラマチ","pref":"福島県","prefCode":"07","municipality":"いわき市","hazardTypes":["slope_failure","rockfall"],"evidenceLevel":0,"originLevel":0,"hasRecord":false,"recordRelation":null,"status":"current","disputed":false,"precision":"oaza","areaKey":"072041410","elements":["kura"],"summary":"要素辞書に一致（kura）。出典による裏づけは未確認。","zones":[],"dataset":"candidates"}},{"type":"Feature","geometry":{"type":"Point","coordinates":[140.98132,37.106774]},"properties":{"id":"07-4d52e79f60","name":"梅ケ丘","reading":null,"pref":"福島県","prefCode":"07","municipality":"いわき市","hazardTypes":["landslide","slope_failure"],"evidenceLevel":0,"originLevel":0,"hasRecord":false,"recordRelation":null,"status":"current","disputed":false,"precision":"koaza","areaKey":"072041410","elements":["ume"],"summary":"要素辞書に一致（ume）。出典による裏づけは未確認。","zones":[],"dataset":"candidates"}},{"type":"Feature","geometry":{"type":"Point","coordinates":[140.97643,37.105654]},"properties":{"id":"07-c5ccf23ddd","name":"梅ケ丘南","reading":null,"pref":"福島県","prefCode":"07","municipality":"いわき市","hazardTypes":["landslide","slope_failure"],"evidenceLevel":0,"originLevel":0,"hasRecord":false,"recordRelation":null,"status":"current","disputed":false,"precision":"koaza","areaKey":"072041410","elements":["ume"],"summary":"要素辞書に一致（ume）。出典による裏づけは未確認。","zones":[],"dataset":"candidates"}},{"type":"Feature","geometry":{"type":"Point","coordinates":[140.957334,37.085814]},"properties":{"id":"07-c1ae785cd6","name":"四倉町大森","reading":"ヨツクラマチオオモリ","pref":"福島県","prefCode":"07","municipality":"いわき市","hazardTypes":["slope_failure","rockfall"],"evidenceLevel":0,"originLevel":0,"hasRecord":false,"recordRelation":null,"status":"current","disputed":false,"precision":"oaza","areaKey":"072041460","elements":["kura"],"summary":"要素辞書に一致（kura）。出典による裏づけは未確認。","zones":[],"dataset":"candidates"}},{"type":"Feature","geometry":{"type":"Point","coordinates":[140.892916,37.14265]},"properties":{"id":"07-1c215eecbf","name":"四倉町上岡","reading":"ヨツクラマチカミオカ","pref":"福島県","prefCode":"07","municipality":"いわき市","hazardTypes":["slope_failure","rockfall"],"evidenceLevel":0,"originLevel":0,"hasRecord":false,"recordRelation":null,"status":"current","disputed":false,"precision":"oaza","areaKey":"072041600","elements":["kura"],"summary":"要素辞書に一致（kura）。出典による裏づけは未確認。","zones":[],"dataset":"candidates"}},{"type":"Feature","geometry":{"type":"Point","coordinates":[140.977921,37.09601]},"properties":{"id":"07-f3dbe65a47","name":"四倉町上仁井田","reading":"ヨツクラマチカミニイダ","pref":"福島県","prefCode":"07","municipality":"いわき市","hazardTypes":["slope_failure","rockfall"],"evidenceLevel":0,"originLevel":0,"hasRecord":false,"recordRelation":null,"status":"current","disputed":false,"precision":"oaza","areaKey":"072041420","elements":["kura"],"summary":"要素辞書に一致（kura）。出典による裏づけは未確認。","zones":[],"dataset":"candidates"}},{"type":"Feature","geometry":{"type":"Point","coordinates":[140.981491,37.094194]},"properties":{"id":"07-df26e193a1","name":"蒲沼","reading":null,"pref":"福島県","prefCode":"07","municipality":"いわき市","hazardTypes":["landslide","soft_ground","inundation"],"evidenceLevel":0,"originLevel":0,"hasRecord":false,"recordRelation":null,"status":"current","disputed":false,"precision":"koaza","areaKey":"072041420","elements":["wetland_plants","numa_kata"],"summary":"要素辞書に一致（wetland_plants・numa_kata）。出典による裏づけは未確認。","zones":[],"dataset":"candidates"}},{"type":"Feature","geometry":{"type":"Point","coordinates":[140.903969,37.108768]},"properties":{"id":"07-b5bce103cf","name":"四倉町上柳生","reading":"ヨツクラマチカミヤギュウ","pref":"福島県","prefCode":"07","municipality":"いわき市","hazardTypes":["slope_failure","rockfall"],"evidenceLevel":0,"originLevel":0,"hasRecord":false,"recordRelation":null,"status":"current","disputed":false,"precision":"oaza","areaKey":"072041570","elements":["kura"],"summary":"要素辞書に一致（kura）。出典による裏づけは未確認。","zones":[],"dataset":"candidates"}},{"type":"Feature","geometry":{"type":"Point","coordinates":[140.962918,37.093879]},"properties":{"id":"07-7802d4d21c","name":"四倉町狐塚","reading":"ヨツクラマチキツネヅカ","pref":"福島県","prefCode":"07","municipality":"いわき市","hazardTypes":["slope_failure","rockfall"],"evidenceLevel":0,"originLevel":0,"hasRecord":false,"recordRelation":null,"status":"current","disputed":false,"precision":"oaza","areaKey":"072041470","elements":["kura"],"summary":"要素辞書に一致（kura）。出典による裏づけは未確認。","zones":[],"dataset":"candidates"}},{"type":"Feature","geometry":{"type":"Point","coordinates":[140.89614,37.123264]},"properties":{"id":"07-d8b3ef96f7","name":"四倉町駒込","reading":"ヨツクラマチコマゴメ","pref":"福島県","prefCode":"07","municipality":"いわき市","hazardTypes":["slope_failure","rockfall"],"evidenceLevel":0,"originLevel":0,"hasRecord":false,"recordRelation":null,"status":"current","disputed":false,"precision":"oaza","areaKey":"072041580","elements":["kura"],"summary":"要素辞書に一致（kura）。出典による裏づけは未確認。","zones":[],"dataset":"candidates"}},{"type":"Feature","geometry":{"type":"Point","coordinates":[140.967152,37.096166]},"properties":{"id":"07-895502bfb8","name":"四倉町塩木","reading":"ヨツクラマチシオキ","pref":"福島県","prefCode":"07","municipality":"いわき市","hazardTypes":["slope_failure","rockfall"],"evidenceLevel":0,"originLevel":0,"hasRecord":false,"recordRelation":null,"status":"current","disputed":false,"precision":"oaza","areaKey":"072041430","elements":["kura"],"summary":"要素辞書に一致（kura）。出典による裏づけは未確認。","zones":[],"dataset":"candidates"}},{"type":"Feature","geometry":{"type":"Point","coordinates":[140.973015,37.081962]},"properties":{"id":"07-7b66654f7b","name":"四倉町下仁井田","reading":"ヨツクラマチシモニイダ","pref":"福島県","prefCode":"07","municipality":"いわき市","hazardTypes":["slope_failure","rockfall"],"evidenceLevel":0,"originLevel":0,"hasRecord":false,"recordRelation":null,"status":"current","disputed":false,"precision":"oaza","areaKey":"072041440","elements":["kura"],"summary":"要素辞書に一致（kura）。出典による裏づけは未確認。","zones":[],"dataset":"candidates"}},{"type":"Feature","geometry":{"type":"Point","coordinates":[140.972809,37.083265]},"properties":{"id":"07-580193c9f7","name":"上古川","reading":null,"pref":"福島県","prefCode":"07","municipality":"いわき市","hazardTypes":["flood","inundation"],"evidenceLevel":0,"originLevel":0,"hasRecord":false,"recordRelation":null,"status":"current","disputed":false,"precision":"koaza","areaKey":"072041440","elements":["furukawa"],"summary":"要素辞書に一致（furukawa）。出典による裏づけは未確認。","zones":[],"dataset":"candidates"}},{"type":"Feature","geometry":{"type":"Point","coordinates":[140.91687,37.109029]},"properties":{"id":"07-3cdae0eeed","name":"四倉町下柳生","reading":"ヨツクラマチシモヤギュウ","pref":"福島県","prefCode":"07","municipality":"いわき市","hazardTypes":["slope_failure","rockfall"],"evidenceLevel":0,"originLevel":0,"hasRecord":false,"recordRelation":null,"status":"current","disputed":false,"precision":"oaza","areaKey":"072041560","elements":["kura"],"summary":"要素辞書に一致（kura）。出典による裏づけは未確認。","zones":[],"dataset":"candidates"}},{"type":"Feature","geometry":{"type":"Point","coordinates":[140.944311,37.135747]},"properties":{"id":"07-34229f8dd4","name":"四倉町白岩","reading":"ヨツクラマチシライワ","pref":"福島県","prefCode":"07","municipality":"いわき市","hazardTypes":["slope_failure","rockfall"],"evidenceLevel":0,"originLevel":0,"hasRecord":false,"recordRelation":null,"status":"current","disputed":false,"precision":"oaza","areaKey":"072041510","elements":["kura"],"summary":"要素辞書に一致（kura）。出典による裏づけは未確認。","zones":[],"dataset":"candidates"}},{"type":"Feature","geometry":{"type":"Point","coordinates":[140.952923,37.116679]},"properties":{"id":"07-d0755d604b","name":"嘉蔵坊","reading":null,"pref":"福島県","prefCode":"07","municipality":"いわき市","hazardTypes":["slope_failure","rockfall"],"evidenceLevel":0,"originLevel":0,"hasRecord":false,"recordRelation":null,"status":"current","disputed":false,"precision":"koaza","areaKey":"072041510","elements":["kura"],"summary":"要素辞書に一致（kura）。出典による裏づけは未確認。","zones":[],"dataset":"candidates"}},{"type":"Feature","geometry":{"type":"Point","coordinates":[140.923961,37.144573]},"properties":{"id":"07-1810ea4d52","name":"四倉町玉山","reading":"ヨツクラマチタマヤマ","pref":"福島県","prefCode":"07","municipality":"いわき市","hazardTypes":["slope_failure","rockfall"],"evidenceLevel":0,"originLevel":0,"hasRecord":false,"recordRelation":null,"status":"current","disputed":false,"precision":"oaza","areaKey":"072041530","elements":["kura"],"summary":"要素辞書に一致（kura）。出典による裏づけは未確認。","zones":[],"dataset":"candidates"}},{"type":"Feature","geometry":{"type":"Point","coordinates":[140.929843,37.123482]},"properties":{"id":"07-3de5db0b0a","name":"小高倉","reading":null,"pref":"福島県","prefCode":"07","municipality":"いわき市","hazardTypes":["slope_failure","rockfall"],"evidenceLevel":0,"originLevel":0,"hasRecord":false,"recordRelation":null,"status":"current","disputed":false,"precision":"koaza","areaKey":"072041530","elements":["kura"],"summary":"要素辞書に一致（kura）。出典による裏づけは未確認。","zones":[],"dataset":"candidates"}},{"type":"Feature","geometry":{"type":"Point","coordinates":[140.962977,37.109238]},"properties":{"id":"07-5481783f8b","name":"四倉町戸田","reading":"ヨツクラマチトダ","pref":"福島県","prefCode":"07","municipality":"いわき市","hazardTypes":["slope_failure","rockfall"],"evidenceLevel":0,"originLevel":0,"hasRecord":false,"recordRelation":null,"status":"current","disputed":false,"precision":"oaza","areaKey":"072041500","elements":["kura"],"summary":"要素辞書に一致（kura）。出典による裏づけは未確認。","zones":[],"dataset":"candidates"}},{"type":"Feature","geometry":{"type":"Point","coordinates":[140.963738,37.105802]},"properties":{"id":"07-6bb3b4357f","name":"倉之町","reading":null,"pref":"福島県","prefCode":"07","municipality":"いわき市","hazardTypes":["slope_failure","rockfall"],"evidenceLevel":0,"originLevel":0,"hasRecord":false,"recordRelation":null,"status":"current","disputed":false,"precision":"koaza","areaKey":"072041500","elements":["kura"],"summary":"要素辞書に一致（kura）。出典による裏づけは未確認。","zones":[],"dataset":"candidates"}},{"type":"Feature","geometry":{"type":"Point","coordinates":[140.944654,37.125225]},"properties":{"id":"07-8d0aa3d7a9","name":"四倉町中島","reading":"ヨツクラマチナカジマ","pref":"福島県","prefCode":"07","municipality":"いわき市","hazardTypes":["slope_failure","rockfall"],"evidenceLevel":0,"originLevel":0,"hasRecord":false,"recordRelation":null,"status":"current","disputed":false,"precision":"oaza","areaKey":"072041520","elements":["kura"],"summary":"要素辞書に一致（kura）。出典による裏づけは未確認。","zones":[],"dataset":"candidates"}},{"type":"Feature","geometry":{"type":"Point","coordinates":[140.94796,37.106022]},"properties":{"id":"07-5593a785a5","name":"四倉町長友","reading":"ヨツクラマチナガトモ","pref":"福島県","prefCode":"07","municipality":"いわき市","hazardTypes":["slope_failure","rockfall"],"evidenceLevel":0,"originLevel":0,"hasRecord":false,"recordRelation":null,"status":"current","disputed":false,"precision":"oaza","areaKey":"072041490","elements":["kura"],"summary":"要素辞書に一致（kura）。出典による裏づけは未確認。","zones":[],"dataset":"candidates"}},{"type":"Feature","geometry":{"type":"Point","coordinates":[140.938821,37.108816]},"properties":{"id":"07-2ba33cc9ea","name":"磯田","reading":null,"pref":"福島県","prefCode":"07","municipality":"いわき市","hazardTypes":["rockfall","debris_flow"],"evidenceLevel":0,"originLevel":0,"hasRecord":false,"recordRelation":null,"status":"current","disputed":false,"precision":"koaza","areaKey":"072041490","elements":["iso_ishi"],"summary":"要素辞書に一致（iso_ishi）。出典による裏づけは未確認。","zones":[],"dataset":"candidates"}},{"type":"Feature","geometry":{"type":"Point","coordinates":[140.953165,37.096754]},"properties":{"id":"07-20b0e6e18a","name":"四倉町名木","reading":"ヨツクラマチナギ","pref":"福島県","prefCode":"07","municipality":"いわき市","hazardTypes":["slope_failure","rockfall"],"evidenceLevel":0,"originLevel":0,"hasRecord":false,"recordRelation":null,"status":"current","disputed":false,"precision":"oaza","areaKey":"072041480","elements":["kura"],"summary":"要素辞書に一致（kura）。出典による裏づけは未確認。","zones":[],"dataset":"candidates"}},{"type":"Feature","geometry":{"type":"Point","coordinates":[140.968424,37.078984]},"properties":{"id":"07-b7b9725f29","name":"四倉町細谷","reading":"ヨツクラマチホソヤ","pref":"福島県","prefCode":"07","municipality":"いわき市","hazardTypes":["slope_failure","rockfall","flood"],"evidenceLevel":0,"originLevel":0,"hasRecord":false,"recordRelation":null,"status":"current","disputed":false,"precision":"oaza","areaKey":"072041450","elements":["kura","hoso_fusegu"],"summary":"要素辞書に一致（kura・hoso_fusegu）。出典による裏づけは未確認。","zones":[],"dataset":"candidates"}},{"type":"Feature","geometry":{"type":"Point","coordinates":[140.969164,37.080559]},"properties":{"id":"07-2eeeb33c24","name":"菖蒲谷地","reading":null,"pref":"福島県","prefCode":"07","municipality":"いわき市","hazardTypes":["landslide","soft_ground","inundation"],"evidenceLevel":0,"originLevel":0,"hasRecord":false,"recordRelation":null,"status":"current","disputed":false,"precision":"koaza","areaKey":"072041450","elements":["wetland_plants","yato"],"summary":"要素辞書に一致（wetland_plants・yato）。出典による裏づけは未確認。","zones":[],"dataset":"candidates"}},{"type":"Feature","geometry":{"type":"Point","coordinates":[140.917418,37.116792]},"properties":{"id":"07-1140aa3f11","name":"四倉町薬王寺","reading":"ヨツクラマチヤクオウジ","pref":"福島県","prefCode":"07","municipality":"いわき市","hazardTypes":["slope_failure","rockfall"],"evidenceLevel":0,"originLevel":0,"hasRecord":false,"recordRelation":null,"status":"current","disputed":false,"precision":"oaza","areaKey":"072041550","elements":["kura"],"summary":"要素辞書に一致（kura）。出典による裏づけは未確認。","zones":[],"dataset":"candidates"}},{"type":"Feature","geometry":{"type":"Point","coordinates":[140.915041,37.116136]},"properties":{"id":"07-65eb69ecaa","name":"粟刈沢","reading":null,"pref":"福島県","prefCode":"07","municipality":"いわき市","hazardTypes":["slope_failure"],"evidenceLevel":0,"originLevel":0,"hasRecord":false,"recordRelation":null,"status":"current","disputed":false,"precision":"koaza","areaKey":"072041550","elements":["kake"],"summary":"要素辞書に一致（kake）。出典による裏づけは未確認。","zones":[],"dataset":"candidates"}},{"type":"Feature","geometry":{"type":"Point","coordinates":[140.902497,37.163267]},"properties":{"id":"07-45e5425c51","name":"四倉町八茎","reading":"ヨツクラマチヤグキ","pref":"福島県","prefCode":"07","municipality":"いわき市","hazardTypes":["slope_failure","rockfall"],"evidenceLevel":0,"originLevel":0,"hasRecord":false,"recordRelation":null,"status":"current","disputed":false,"precision":"oaza","areaKey":"072041590","elements":["kura"],"summary":"要素辞書に一致（kura）。出典による裏づけは未確認。","zones":[],"dataset":"candidates"}},{"type":"Feature","geometry":{"type":"Point","coordinates":[140.922109,37.119346]},"properties":{"id":"07-0cb0d28503","name":"四倉町山田小湊","reading":"ヨツクラマチヤマダコミナト","pref":"福島県","prefCode":"07","municipality":"いわき市","hazardTypes":["slope_failure","rockfall"],"evidenceLevel":0,"originLevel":0,"hasRecord":false,"recordRelation":null,"status":"current","disputed":false,"precision":"oaza","areaKey":"072041540","elements":["kura"],"summary":"要素辞書に一致（kura）。出典による裏づけは未確認。","zones":[],"dataset":"candidates"}},{"type":"Feature","geometry":{"type":"Point","coordinates":[140.848344,36.971588]},"properties":{"id":"07-abcd265989","name":"長者平","reading":null,"pref":"福島県","prefCode":"07","municipality":"いわき市","hazardTypes":["slope_failure"],"evidenceLevel":0,"originLevel":0,"hasRecord":false,"recordRelation":null,"status":"current","disputed":false,"precision":"koaza","areaKey":"072040850","elements":["tsubu_chou"],"summary":"要素辞書に一致（tsubu_chou）。出典による裏づけは未確認。","zones":[],"dataset":"candidates"}},{"type":"Feature","geometry":{"type":"Point","coordinates":[140.828915,36.957447]},"properties":{"id":"07-8992836d0b","name":"深町","reading":null,"pref":"福島県","prefCode":"07","municipality":"いわき市","hazardTypes":["soft_ground","inundation"],"evidenceLevel":0,"originLevel":0,"hasRecord":false,"recordRelation":null,"status":"current","disputed":false,"precision":"koaza","areaKey":"072040870","elements":["fuke"],"summary":"要素辞書に一致（fuke）。出典による裏づけは未確認。","zones":[],"dataset":"candidates"}},{"type":"Feature","geometry":{"type":"Point","coordinates":[140.805713,36.9648]},"properties":{"id":"07-4d17075ae3","name":"川原子沢","reading":null,"pref":"福島県","prefCode":"07","municipality":"いわき市","hazardTypes":["flood"],"evidenceLevel":0,"originLevel":0,"hasRecord":false,"recordRelation":null,"status":"current","disputed":false,"precision":"koaza","areaKey":"072040890","elements":["kawara"],"summary":"要素辞書に一致（kawara）。出典による裏づけは未確認。","zones":[],"dataset":"candidates"}},{"type":"Feature","geometry":{"type":"Point","coordinates":[140.840046,36.960456]},"properties":{"id":"07-4259db9d87","name":"鹿島田","reading":null,"pref":"福島県","prefCode":"07","municipality":"いわき市","hazardTypes":["landslide","soft_ground"],"evidenceLevel":0,"originLevel":0,"hasRecord":false,"recordRelation":null,"status":"current","disputed":false,"precision":"koaza","areaKey":"072040840","elements":["shishi"],"summary":"要素辞書に一致（shishi）。出典による裏づけは未確認。","zones":[],"dataset":"candidates"}},{"type":"Feature","geometry":{"type":"Point","coordinates":[140.215722,37.113132]},"properties":{"id":"07-3a3421ff4b","name":"えん硝蔵山","reading":null,"pref":"福島県","prefCode":"07","municipality":"白河市","hazardTypes":["slope_failure","rockfall"],"evidenceLevel":0,"originLevel":0,"hasRecord":false,"recordRelation":null,"status":"current","disputed":false,"precision":"oaza","areaKey":null,"elements":["kura"],"summary":"要素辞書に一致（kura）。出典による裏づけは未確認。","zones":[],"dataset":"candidates"}},{"type":"Feature","geometry":{"type":"Point","coordinates":[140.221613,37.092165]},"properties":{"id":"07-23fe29edd9","name":"南菖蒲沢","reading":null,"pref":"福島県","prefCode":"07","municipality":"白河市","hazardTypes":["landslide","soft_ground"],"evidenceLevel":0,"originLevel":0,"hasRecord":false,"recordRelation":null,"status":"current","disputed":false,"precision":"oaza","areaKey":null,"elements":["wetland_plants"],"summary":"要素辞書に一致（wetland_plants）。出典による裏づけは未確認。","zones":[],"dataset":"candidates"}},{"type":"Feature","geometry":{"type":"Point","coordinates":[140.227427,37.092621]},"properties":{"id":"07-21f89f4d83","name":"夏梨子前","reading":null,"pref":"福島県","prefCode":"07","municipality":"白河市","hazardTypes":["debris_flow","slope_failure"],"evidenceLevel":0,"originLevel":0,"hasRecord":false,"recordRelation":null,"status":"current","disputed":false,"precision":"oaza","areaKey":null,"elements":["nazu_natsu"],"summary":"要素辞書に一致（nazu_natsu）。出典による裏づけは未確認。","zones":[],"dataset":"candidates"}},{"type":"Feature","geometry":{"type":"Point","coordinates":[140.227376,37.131442]},"properties":{"id":"07-23637ca901","name":"新大久保","reading":null,"pref":"福島県","prefCode":"07","municipality":"白河市","hazardTypes":["slope_failure","inundation","landslide"],"evidenceLevel":0,"originLevel":0,"hasRecord":false,"recordRelation":null,"status":"current","disputed":false,"precision":"oaza","areaKey":null,"elements":["afu_oo","kubo"],"summary":"要素辞書に一致（afu_oo・kubo）。出典による裏づけは未確認。","zones":[],"dataset":"candidates"}},{"type":"Feature","geometry":{"type":"Point","coordinates":[140.243903,37.152748]},"properties":{"id":"07-b48a44d618","name":"大久保","reading":null,"pref":"福島県","prefCode":"07","municipality":"白河市","hazardTypes":["slope_failure","inundation","landslide"],"evidenceLevel":0,"originLevel":0,"hasRecord":false,"recordRelation":null,"status":"current","disputed":false,"precision":"koaza","areaKey":"07205003031","elements":["afu_oo","kubo"],"summary":"要素辞書に一致（afu_oo・kubo）。出典による裏づけは未確認。","zones":[],"dataset":"candidates"}},{"type":"Feature","geometry":{"type":"Point","coordinates":[140.234683,37.11997]},"properties":{"id":"07-eeefecf479","name":"南中川原","reading":null,"pref":"福島県","prefCode":"07","municipality":"白河市","hazardTypes":["flood"],"evidenceLevel":0,"originLevel":0,"hasRecord":false,"recordRelation":null,"status":"current","disputed":false,"precision":"koaza","areaKey":null,"elements":["kawara"],"summary":"要素辞書に一致（kawara）。出典による裏づけは未確認。","zones":[],"dataset":"candidates"}},{"type":"Feature","geometry":{"type":"Point","coordinates":[140.253215,37.123952]},"properties":{"id":"07-ca41a06c49","name":"岩倉","reading":null,"pref":"福島県","prefCode":"07","municipality":"白河市","hazardTypes":["slope_failure","rockfall"],"evidenceLevel":0,"originLevel":0,"hasRecord":false,"recordRelation":null,"status":"current","disputed":false,"precision":"koaza","areaKey":null,"elements":["kura"],"summary":"要素辞書に一致（kura）。出典による裏づけは未確認。","zones":[],"dataset":"candidates"}},{"type":"Feature","geometry":{"type":"Point","coordinates":[140.236814,37.122071]},"properties":{"id":"07-d224a0c00f","name":"鹿島","reading":null,"pref":"福島県","prefCode":"07","municipality":"白河市","hazardTypes":["landslide","soft_ground"],"evidenceLevel":0,"originLevel":0,"hasRecord":false,"recordRelation":null,"status":"current","disputed":false,"precision":"koaza","areaKey":null,"elements":["shishi"],"summary":"要素辞書に一致（shishi）。出典による裏づけは未確認。","zones":[],"dataset":"candidates"}},{"type":"Feature","geometry":{"type":"Point","coordinates":[140.238564,37.121354]},"properties":{"id":"07-84f73cd12d","name":"鹿島前","reading":null,"pref":"福島県","prefCode":"07","municipality":"白河市","hazardTypes":["landslide","soft_ground"],"evidenceLevel":0,"originLevel":0,"hasRecord":false,"recordRelation":null,"status":"current","disputed":false,"precision":"koaza","areaKey":null,"elements":["shishi"],"summary":"要素辞書に一致（shishi）。出典による裏づけは未確認。","zones":[],"dataset":"candidates"}},{"type":"Feature","geometry":{"type":"Point","coordinates":[140.290116,37.056617]},"properties":{"id":"07-9a3ad53cdf","name":"下川原","reading":null,"pref":"福島県","prefCode":"07","municipality":"白河市","hazardTypes":["flood"],"evidenceLevel":0,"originLevel":0,"hasRecord":false,"recordRelation":null,"status":"current","disputed":false,"precision":"koaza","areaKey":"072050080","elements":["kawara"],"summary":"要素辞書に一致（kawara）。出典による裏づけは未確認。","zones":[],"dataset":"candidates"}},{"type":"Feature","geometry":{"type":"Point","coordinates":[140.295723,37.054656]},"properties":{"id":"07-8bd000704c","name":"菅辻","reading":null,"pref":"福島県","prefCode":"07","municipality":"白河市","hazardTypes":["landslide","soft_ground"],"evidenceLevel":0,"originLevel":0,"hasRecord":false,"recordRelation":null,"status":"current","disputed":false,"precision":"koaza","areaKey":"072050080","elements":["wetland_plants"],"summary":"要素辞書に一致（wetland_plants）。出典による裏づけは未確認。","zones":[],"dataset":"candidates"}},{"type":"Feature","geometry":{"type":"Point","coordinates":[140.293553,37.051852]},"properties":{"id":"07-bc04a1a4ef","name":"藤川原","reading":null,"pref":"福島県","prefCode":"07","municipality":"白河市","hazardTypes":["flood"],"evidenceLevel":0,"originLevel":0,"hasRecord":false,"recordRelation":null,"status":"current","disputed":false,"precision":"koaza","areaKey":"072050080","elements":["kawara"],"summary":"要素辞書に一致（kawara）。出典による裏づけは未確認。","zones":[],"dataset":"candidates"}},{"type":"Feature","geometry":{"type":"Point","coordinates":[140.303833,37.053216]},"properties":{"id":"07-c3a850c100","name":"長者久保","reading":null,"pref":"福島県","prefCode":"07","municipality":"白河市","hazardTypes":["slope_failure","inundation","landslide"],"evidenceLevel":0,"originLevel":0,"hasRecord":false,"recordRelation":null,"status":"current","disputed":false,"precision":"koaza","areaKey":"072050080","elements":["tsubu_chou","kubo"],"summary":"要素辞書に一致（tsubu_chou・kubo）。出典による裏づけは未確認。","zones":[],"dataset":"candidates"}},{"type":"Feature","geometry":{"type":"Point","coordinates":[140.24775,37.067415]},"properties":{"id":"07-77da2178db","name":"上河原","reading":null,"pref":"福島県","prefCode":"07","municipality":"白河市","hazardTypes":["flood"],"evidenceLevel":0,"originLevel":0,"hasRecord":false,"recordRelation":null,"status":"current","disputed":false,"precision":"koaza","areaKey":"072050130","elements":["kawara"],"summary":"要素辞書に一致（kawara）。出典による裏づけは未確認。","zones":[],"dataset":"candidates"}},{"type":"Feature","geometry":{"type":"Point","coordinates":[140.251285,37.068854]},"properties":{"id":"07-838979e86d","name":"中河原","reading":null,"pref":"福島県","prefCode":"07","municipality":"白河市","hazardTypes":["flood"],"evidenceLevel":0,"originLevel":0,"hasRecord":false,"recordRelation":null,"status":"current","disputed":false,"precision":"koaza","areaKey":"072050130","elements":["kawara"],"summary":"要素辞書に一致（kawara）。出典による裏づけは未確認。","zones":[],"dataset":"candidates"}},{"type":"Feature","geometry":{"type":"Point","coordinates":[140.271082,37.05181]},"properties":{"id":"07-32f4cbdf5c","name":"御殿ヶ入二飛山","reading":null,"pref":"福島県","prefCode":"07","municipality":"白河市","hazardTypes":["slope_failure","debris_flow"],"evidenceLevel":0,"originLevel":0,"hasRecord":false,"recordRelation":null,"status":"current","disputed":false,"precision":"koaza","areaKey":"072050150","elements":["tobi"],"summary":"要素辞書に一致（tobi）。出典による裏づけは未確認。","zones":[],"dataset":"candidates"}},{"type":"Feature","geometry":{"type":"Point","coordinates":[140.276451,37.055795]},"properties":{"id":"07-a92a487570","name":"鹿ノ内","reading":null,"pref":"福島県","prefCode":"07","municipality":"白河市","hazardTypes":["landslide","soft_ground"],"evidenceLevel":0,"originLevel":0,"hasRecord":false,"recordRelation":null,"status":"current","disputed":false,"precision":"koaza","areaKey":"072050150","elements":["shishi"],"summary":"要素辞書に一致（shishi）。出典による裏づけは未確認。","zones":[],"dataset":"candidates"}},{"type":"Feature","geometry":{"type":"Point","coordinates":[140.221725,37.12328]},"properties":{"id":"07-6503c56b7a","name":"鍛冶町","reading":"カジマチ","pref":"福島県","prefCode":"07","municipality":"白河市","hazardTypes":["slope_failure"],"evidenceLevel":0,"originLevel":0,"hasRecord":false,"recordRelation":null,"status":"current","disputed":false,"precision":"oaza","areaKey":"07205001021","elements":["kaji_kamu"],"summary":"要素辞書に一致（kaji_kamu）。出典による裏づけは未確認。","zones":[],"dataset":"candidates"}},{"type":"Feature","geometry":{"type":"Point","coordinates":[140.220717,37.160281]},"properties":{"id":"07-fbf9e3e968","name":"足洗場","reading":null,"pref":"福島県","prefCode":"07","municipality":"白河市","hazardTypes":["flood","inundation"],"evidenceLevel":0,"originLevel":0,"hasRecord":true,"recordRelation":"nearby_record","status":"current","disputed":false,"precision":"koaza","areaKey":null,"elements":["ashi"],"summary":"要素辞書に一致（ashi）。出典による裏づけは未確認。","zones":[],"dataset":"candidates"}},{"type":"Feature","geometry":{"type":"Point","coordinates":[140.299996,37.123824]},"properties":{"id":"07-a449c879bb","name":"梅田","reading":null,"pref":"福島県","prefCode":"07","municipality":"白河市","hazardTypes":["landslide","slope_failure"],"evidenceLevel":0,"originLevel":0,"hasRecord":false,"recordRelation":null,"status":"current","disputed":false,"precision":"koaza","areaKey":null,"elements":["ume"],"summary":"要素辞書に一致（ume）。出典による裏づけは未確認。","zones":[],"dataset":"candidates"}},{"type":"Feature","geometry":{"type":"Point","coordinates":[140.228418,37.123887]},"properties":{"id":"07-0924b5a27b","name":"北中川原","reading":"キタナカガワラ","pref":"福島県","prefCode":"07","municipality":"白河市","hazardTypes":["flood"],"evidenceLevel":0,"originLevel":0,"hasRecord":false,"recordRelation":null,"status":"current","disputed":false,"precision":"oaza","areaKey":null,"elements":["kawara"],"summary":"要素辞書に一致（kawara）。出典による裏づけは未確認。","zones":[],"dataset":"candidates"}},{"type":"Feature","geometry":{"type":"Point","coordinates":[140.257194,37.114907]},"properties":{"id":"07-1d8b213fb2","name":"飛鳥前","reading":null,"pref":"福島県","prefCode":"07","municipality":"白河市","hazardTypes":["slope_failure","debris_flow"],"evidenceLevel":0,"originLevel":0,"hasRecord":false,"recordRelation":null,"status":"current","disputed":false,"precision":"koaza","areaKey":null,"elements":["tobi"],"summary":"要素辞書に一致（tobi）。出典による裏づけは未確認。","zones":[],"dataset":"candidates"}},{"type":"Feature","geometry":{"type":"Point","coordinates":[140.245793,37.164979]},"properties":{"id":"07-600a325793","name":"欠下","reading":null,"pref":"福島県","prefCode":"07","municipality":"白河市","hazardTypes":["slope_failure"],"evidenceLevel":0,"originLevel":0,"hasRecord":false,"recordRelation":null,"status":"current","disputed":false,"precision":"koaza","areaKey":null,"elements":["kake"],"summary":"要素辞書に一致（kake）。出典による裏づけは未確認。","zones":[],"dataset":"candidates"}},{"type":"Feature","geometry":{"type":"Point","coordinates":[140.22854,37.175629]},"properties":{"id":"07-3234a89208","name":"番倉","reading":null,"pref":"福島県","prefCode":"07","municipality":"白河市","hazardTypes":["slope_failure","rockfall"],"evidenceLevel":0,"originLevel":0,"hasRecord":false,"recordRelation":null,"status":"current","disputed":false,"precision":"koaza","areaKey":null,"elements":["kura"],"summary":"要素辞書に一致（kura）。出典による裏づけは未確認。","zones":[],"dataset":"candidates"}},{"type":"Feature","geometry":{"type":"Point","coordinates":[140.267113,37.160891]},"properties":{"id":"07-0fbbad5e54","name":"馬場","reading":null,"pref":"福島県","prefCode":"07","municipality":"白河市","hazardTypes":["slope_failure"],"evidenceLevel":0,"originLevel":0,"hasRecord":false,"recordRelation":null,"status":"current","disputed":false,"precision":"koaza","areaKey":null,"elements":["baba"],"summary":"要素辞書に一致（baba）。出典による裏づけは未確認。","zones":[],"dataset":"candidates"}},{"type":"Feature","geometry":{"type":"Point","coordinates":[140.202395,37.134287]},"properties":{"id":"07-020cba31ac","name":"五番町川原","reading":"ゴバンチョウガワラ","pref":"福島県","prefCode":"07","municipality":"白河市","hazardTypes":["flood"],"evidenceLevel":0,"originLevel":0,"hasRecord":false,"recordRelation":null,"status":"current","disputed":false,"precision":"oaza","areaKey":"07205001006","elements":["kawara"],"summary":"要素辞書に一致（kawara）。出典による裏づけは未確認。","zones":[],"dataset":"candidates"}},{"type":"Feature","geometry":{"type":"Point","coordinates":[140.213746,37.122269]},"properties":{"id":"07-c733b2cde1","name":"菖蒲沢","reading":"ショウブザワ","pref":"福島県","prefCode":"07","municipality":"白河市","hazardTypes":["landslide","soft_ground"],"evidenceLevel":0,"originLevel":0,"hasRecord":false,"recordRelation":null,"status":"current","disputed":false,"precision":"oaza","areaKey":null,"elements":["wetland_plants"],"summary":"要素辞書に一致（wetland_plants）。出典による裏づけは未確認。","zones":[],"dataset":"candidates"}},{"type":"Feature","geometry":{"type":"Point","coordinates":[140.183264,37.096304]},"properties":{"id":"07-de2394809c","name":"大倉矢見","reading":null,"pref":"福島県","prefCode":"07","municipality":"白河市","hazardTypes":["slope_failure","rockfall"],"evidenceLevel":0,"originLevel":0,"hasRecord":false,"recordRelation":null,"status":"current","disputed":false,"precision":"koaza","areaKey":null,"elements":["kura"],"summary":"要素辞書に一致（kura）。出典による裏づけは未確認。","zones":[],"dataset":"candidates"}},{"type":"Feature","geometry":{"type":"Point","coordinates":[140.174864,37.091855]},"properties":{"id":"07-6532f4ee08","name":"小田倉沢","reading":null,"pref":"福島県","prefCode":"07","municipality":"白河市","hazardTypes":["slope_failure","rockfall"],"evidenceLevel":0,"originLevel":0,"hasRecord":false,"recordRelation":null,"status":"current","disputed":false,"precision":"koaza","areaKey":null,"elements":["kura"],"summary":"要素辞書に一致（kura）。出典による裏づけは未確認。","zones":[],"dataset":"candidates"}},{"type":"Feature","geometry":{"type":"Point","coordinates":[140.194914,37.060691]},"properties":{"id":"07-d79835afa6","name":"鷹飛","reading":null,"pref":"福島県","prefCode":"07","municipality":"白河市","hazardTypes":["slope_failure","debris_flow"],"evidenceLevel":0,"originLevel":0,"hasRecord":false,"recordRelation":null,"status":"current","disputed":false,"precision":"koaza","areaKey":null,"elements":["tobi"],"summary":"要素辞書に一致（tobi）。出典による裏づけは未確認。","zones":[],"dataset":"candidates"}},{"type":"Feature","geometry":{"type":"Point","coordinates":[140.214631,37.125503]},"properties":{"id":"07-ba38170e76","name":"新蔵町","reading":"シンクラマチ","pref":"福島県","prefCode":"07","municipality":"白河市","hazardTypes":["slope_failure","rockfall"],"evidenceLevel":0,"originLevel":0,"hasRecord":false,"recordRelation":null,"status":"current","disputed":false,"precision":"oaza","areaKey":"07205001014","elements":["kura"],"summary":"要素辞書に一致（kura）。出典による裏づけは未確認。","zones":[],"dataset":"candidates"}},{"type":"Feature","geometry":{"type":"Point","coordinates":[140.228965,37.091073]},"properties":{"id":"07-fff42dc77c","name":"新夏梨","reading":"シンナツナシ","pref":"福島県","prefCode":"07","municipality":"白河市","hazardTypes":["debris_flow","slope_failure"],"evidenceLevel":0,"originLevel":0,"hasRecord":false,"recordRelation":null,"status":"current","disputed":false,"precision":"oaza","areaKey":null,"elements":["nazu_natsu"],"summary":"要素辞書に一致（nazu_natsu）。出典による裏づけは未確認。","zones":[],"dataset":"candidates"}},{"type":"Feature","geometry":{"type":"Point","coordinates":[140.22407,37.114152]},"properties":{"id":"07-86de4416f1","name":"菅生舘","reading":"スゴウダテ","pref":"福島県","prefCode":"07","municipality":"白河市","hazardTypes":["landslide","soft_ground"],"evidenceLevel":0,"originLevel":0,"hasRecord":false,"recordRelation":null,"status":"current","disputed":false,"precision":"oaza","areaKey":"07205001023","elements":["wetland_plants"],"summary":"要素辞書に一致（wetland_plants）。出典による裏づけは未確認。","zones":[],"dataset":"candidates"}},{"type":"Feature","geometry":{"type":"Point","coordinates":[140.185502,37.206648]},"properties":{"id":"07-6f395498e3","name":"柿ノ木原","reading":null,"pref":"福島県","prefCode":"07","municipality":"白河市","hazardTypes":["slope_failure"],"evidenceLevel":0,"originLevel":0,"hasRecord":true,"recordRelation":"nearby_record","status":"current","disputed":false,"precision":"koaza","areaKey":null,"elements":["kake"],"summary":"要素辞書に一致（kake）。出典による裏づけは未確認。","zones":[],"dataset":"candidates"}},{"type":"Feature","geometry":{"type":"Point","coordinates":[140.235805,37.208868]},"properties":{"id":"07-67e9d7429a","name":"地蔵面","reading":null,"pref":"福島県","prefCode":"07","municipality":"白河市","hazardTypes":["slope_failure","rockfall"],"evidenceLevel":0,"originLevel":0,"hasRecord":false,"recordRelation":null,"status":"current","disputed":false,"precision":"koaza","areaKey":null,"elements":["kura"],"summary":"要素辞書に一致（kura）。出典による裏づけは未確認。","zones":[],"dataset":"candidates"}},{"type":"Feature","geometry":{"type":"Point","coordinates":[140.288842,37.208734]},"properties":{"id":"07-7b452011f9","name":"北大久保","reading":null,"pref":"福島県","prefCode":"07","municipality":"白河市","hazardTypes":["slope_failure","inundation","landslide"],"evidenceLevel":0,"originLevel":0,"hasRecord":false,"recordRelation":null,"status":"current","disputed":false,"precision":"koaza","areaKey":null,"elements":["afu_oo","kubo"],"summary":"要素辞書に一致（afu_oo・kubo）。出典による裏づけは未確認。","zones":[],"dataset":"candidates"}},{"type":"Feature","geometry":{"type":"Point","coordinates":[140.288223,37.197311]},"properties":{"id":"07-1fa783c8e5","name":"蔵ノ上","reading":null,"pref":"福島県","prefCode":"07","municipality":"白河市","hazardTypes":["slope_failure","rockfall"],"evidenceLevel":0,"originLevel":0,"hasRecord":false,"recordRelation":null,"status":"current","disputed":false,"precision":"koaza","areaKey":null,"elements":["kura"],"summary":"要素辞書に一致（kura）。出典による裏づけは未確認。","zones":[],"dataset":"candidates"}},{"type":"Feature","geometry":{"type":"Point","coordinates":[140.292331,37.199588]},"properties":{"id":"07-9ac333903f","name":"西川原","reading":null,"pref":"福島県","prefCode":"07","municipality":"白河市","hazardTypes":["flood"],"evidenceLevel":0,"originLevel":0,"hasRecord":false,"recordRelation":null,"status":"current","disputed":false,"precision":"koaza","areaKey":null,"elements":["kawara"],"summary":"要素辞書に一致（kawara）。出典による裏づけは未確認。","zones":[],"dataset":"candidates"}},{"type":"Feature","geometry":{"type":"Point","coordinates":[140.232463,37.097259]},"properties":{"id":"07-3228927dfc","name":"夏梨","reading":"ナツナシ","pref":"福島県","prefCode":"07","municipality":"白河市","hazardTypes":["debris_flow","slope_failure"],"evidenceLevel":0,"originLevel":0,"hasRecord":false,"recordRelation":null,"status":"current","disputed":false,"precision":"oaza","areaKey":null,"elements":["nazu_natsu"],"summary":"要素辞書に一致（nazu_natsu）。出典による裏づけは未確認。","zones":[],"dataset":"candidates"}},{"type":"Feature","geometry":{"type":"Point","coordinates":[140.217951,37.060735]},"properties":{"id":"07-7f454abc46","name":"飛","reading":null,"pref":"福島県","prefCode":"07","municipality":"白河市","hazardTypes":["slope_failure","debris_flow"],"evidenceLevel":0,"originLevel":0,"hasRecord":false,"recordRelation":null,"status":"current","disputed":false,"precision":"koaza","areaKey":null,"elements":["tobi"],"summary":"要素辞書に一致（tobi）。出典による裏づけは未確認。","zones":[],"dataset":"candidates"}},{"type":"Feature","geometry":{"type":"Point","coordinates":[140.356492,37.08015]},"properties":{"id":"07-f20f75512c","name":"鹿島山","reading":null,"pref":"福島県","prefCode":"07","municipality":"白河市","hazardTypes":["landslide","soft_ground"],"evidenceLevel":0,"originLevel":0,"hasRecord":false,"recordRelation":null,"status":"current","disputed":false,"precision":"koaza","areaKey":"072050230","elements":["shishi"],"summary":"要素辞書に一致（shishi）。出典による裏づけは未確認。","zones":[],"dataset":"candidates"}},{"type":"Feature","geometry":{"type":"Point","coordinates":[140.363969,37.113625]},"properties":{"id":"07-36dc24b306","name":"板倉前","reading":null,"pref":"福島県","prefCode":"07","municipality":"白河市","hazardTypes":["slope_failure","rockfall"],"evidenceLevel":0,"originLevel":0,"hasRecord":false,"recordRelation":null,"status":"current","disputed":false,"precision":"koaza","areaKey":"072050360","elements":["kura"],"summary":"要素辞書に一致（kura）。出典による裏づけは未確認。","zones":[],"dataset":"candidates"}},{"type":"Feature","geometry":{"type":"Point","coordinates":[140.351373,37.11776]},"properties":{"id":"07-4d0df91d38","name":"刈敷坂","reading":null,"pref":"福島県","prefCode":"07","municipality":"白河市","hazardTypes":["slope_failure"],"evidenceLevel":0,"originLevel":0,"hasRecord":false,"recordRelation":null,"status":"current","disputed":false,"precision":"koaza","areaKey":"072050340","elements":["kake"],"summary":"要素辞書に一致（kake）。出典による裏づけは未確認。","zones":[],"dataset":"candidates"}},{"type":"Feature","geometry":{"type":"Point","coordinates":[140.217745,37.119216]},"properties":{"id":"07-eba30a1cd8","name":"蛇石","reading":"ヘビイシ","pref":"福島県","prefCode":"07","municipality":"白河市","hazardTypes":["slope_failure","debris_flow"],"evidenceLevel":0,"originLevel":0,"hasRecord":false,"recordRelation":null,"status":"current","disputed":false,"precision":"oaza","areaKey":null,"elements":["ja"],"summary":"要素辞書に一致（ja）。出典による裏づけは未確認。","zones":[],"dataset":"candidates"}},{"type":"Feature","geometry":{"type":"Point","coordinates":[140.212019,37.123576]},"properties":{"id":"07-6c558650dc","name":"向新蔵","reading":"ムカイシンクラ","pref":"福島県","prefCode":"07","municipality":"白河市","hazardTypes":["slope_failure","rockfall"],"evidenceLevel":0,"originLevel":0,"hasRecord":false,"recordRelation":null,"status":"current","disputed":false,"precision":"oaza","areaKey":null,"elements":["kura"],"summary":"要素辞書に一致（kura）。出典による裏づけは未確認。","zones":[],"dataset":"candidates"}},{"type":"Feature","geometry":{"type":"Point","coordinates":[140.290017,37.132393]},"properties":{"id":"07-f78b12aa5c","name":"下河原","reading":null,"pref":"福島県","prefCode":"07","municipality":"白河市","hazardTypes":["flood"],"evidenceLevel":0,"originLevel":0,"hasRecord":false,"recordRelation":null,"status":"current","disputed":false,"precision":"koaza","areaKey":"07205003034","elements":["kawara"],"summary":"要素辞書に一致（kawara）。出典による裏づけは未確認。","zones":[],"dataset":"candidates"}},{"type":"Feature","geometry":{"type":"Point","coordinates":[140.289398,37.136029]},"properties":{"id":"07-1bef2a2515","name":"芦ノ口入山","reading":null,"pref":"福島県","prefCode":"07","municipality":"白河市","hazardTypes":["flood","inundation"],"evidenceLevel":0,"originLevel":0,"hasRecord":false,"recordRelation":null,"status":"current","disputed":false,"precision":"koaza","areaKey":"07205003034","elements":["ashi"],"summary":"要素辞書に一致（ashi）。出典による裏づけは未確認。","zones":[],"dataset":"candidates"}},{"type":"Feature","geometry":{"type":"Point","coordinates":[140.387011,37.292536]},"properties":{"id":"07-a82dd59948","name":"芦田塚","reading":"アシダツカ","pref":"福島県","prefCode":"07","municipality":"須賀川市","hazardTypes":["flood","inundation"],"evidenceLevel":0,"originLevel":0,"hasRecord":false,"recordRelation":null,"status":"current","disputed":false,"precision":"oaza","areaKey":"072070010","elements":["ashi"],"summary":"要素辞書に一致（ashi）。出典による裏づけは未確認。","zones":[],"dataset":"candidates"}},{"type":"Feature","geometry":{"type":"Point","coordinates":[140.184401,37.337673]},"properties":{"id":"07-8728084324","name":"梅田","reading":"ウメタ","pref":"福島県","prefCode":"07","municipality":"須賀川市","hazardTypes":["landslide","slope_failure"],"evidenceLevel":0,"originLevel":0,"hasRecord":false,"recordRelation":null,"status":"current","disputed":false,"precision":"oaza","areaKey":null,"elements":["ume"],"summary":"要素辞書に一致（ume）。出典による裏づけは未確認。","zones":[],"dataset":"candidates"}},{"type":"Feature","geometry":{"type":"Point","coordinates":[140.333701,37.288315]},"properties":{"id":"07-86d402319e","name":"頓宝山","reading":null,"pref":"福島県","prefCode":"07","municipality":"須賀川市","hazardTypes":["slope_failure","debris_flow"],"evidenceLevel":0,"originLevel":0,"hasRecord":false,"recordRelation":null,"status":"current","disputed":false,"precision":"koaza","areaKey":null,"elements":["tobi"],"summary":"要素辞書に一致（tobi）。出典による裏づけは未確認。","zones":[],"dataset":"candidates"}},{"type":"Feature","geometry":{"type":"Point","coordinates":[140.293693,37.291325]},"properties":{"id":"07-fff1befd8b","name":"大久保","reading":"オオクボ","pref":"福島県","prefCode":"07","municipality":"須賀川市","hazardTypes":["slope_failure","inundation","landslide"],"evidenceLevel":0,"originLevel":0,"hasRecord":false,"recordRelation":null,"status":"current","disputed":false,"precision":"oaza","areaKey":null,"elements":["afu_oo","kubo"],"summary":"要素辞書に一致（afu_oo・kubo）。出典による裏づけは未確認。","zones":[],"dataset":"candidates"}},{"type":"Feature","geometry":{"type":"Point","coordinates":[140.471652,37.279656]},"properties":{"id":"07-fcf825f2c4","name":"小倉","reading":"オグラ","pref":"福島県","prefCode":"07","municipality":"須賀川市","hazardTypes":["slope_failure","rockfall"],"evidenceLevel":0,"originLevel":0,"hasRecord":false,"recordRelation":null,"status":"current","disputed":false,"precision":"oaza","areaKey":"072070160","elements":["kura"],"summary":"要素辞書に一致（kura）。出典による裏づけは未確認。","zones":[],"dataset":"candidates"}},{"type":"Feature","geometry":{"type":"Point","coordinates":[140.372444,37.288453]},"properties":{"id":"07-7cf4bf0da4","name":"加治町","reading":"カジマチ","pref":"福島県","prefCode":"07","municipality":"須賀川市","hazardTypes":["slope_failure"],"evidenceLevel":0,"originLevel":0,"hasRecord":false,"recordRelation":null,"status":"current","disputed":false,"precision":"oaza","areaKey":"072070740","elements":["kaji_kamu"],"summary":"要素辞書に一致（kaji_kamu）。出典による裏づけは未確認。","zones":[],"dataset":"candidates"}},{"type":"Feature","geometry":{"type":"Point","coordinates":[140.377947,37.303292]},"properties":{"id":"07-7d72ab00f1","name":"崩免","reading":"クズレメン","pref":"福島県","prefCode":"07","municipality":"須賀川市","hazardTypes":["slope_failure","landslide"],"evidenceLevel":0,"originLevel":0,"hasRecord":false,"recordRelation":null,"status":"current","disputed":false,"precision":"oaza","areaKey":"072070770","elements":["kuzure"],"summary":"要素辞書に一致（kuzure）。出典による裏づけは未確認。","zones":[],"dataset":"candidates"}},{"type":"Feature","geometry":{"type":"Point","coordinates":[140.418439,37.267675]},"properties":{"id":"07-5600c7eb44","name":"欠ノ下","reading":null,"pref":"福島県","prefCode":"07","municipality":"須賀川市","hazardTypes":["slope_failure"],"evidenceLevel":0,"originLevel":0,"hasRecord":false,"recordRelation":null,"status":"current","disputed":false,"precision":"koaza","areaKey":null,"elements":["kake"],"summary":"要素辞書に一致（kake）。出典による裏づけは未確認。","zones":[],"dataset":"candidates"}},{"type":"Feature","geometry":{"type":"Point","coordinates":[140.411395,37.26758]},"properties":{"id":"07-1a23bf1e79","name":"猿内","reading":null,"pref":"福島県","prefCode":"07","municipality":"須賀川市","hazardTypes":["slope_failure"],"evidenceLevel":0,"originLevel":0,"hasRecord":false,"recordRelation":null,"status":"current","disputed":false,"precision":"koaza","areaKey":null,"elements":["saru"],"summary":"要素辞書に一致（saru）。出典による裏づけは未確認。","zones":[],"dataset":"candidates"}},{"type":"Feature","geometry":{"type":"Point","coordinates":[140.411394,37.272032]},"properties":{"id":"07-41b4f13617","name":"足原内","reading":null,"pref":"福島県","prefCode":"07","municipality":"須賀川市","hazardTypes":["flood","inundation"],"evidenceLevel":0,"originLevel":0,"hasRecord":false,"recordRelation":null,"status":"current","disputed":false,"precision":"koaza","areaKey":null,"elements":["ashi"],"summary":"要素辞書に一致（ashi）。出典による裏づけは未確認。","zones":[],"dataset":"candidates"}},{"type":"Feature","geometry":{"type":"Point","coordinates":[140.416276,37.287159]},"properties":{"id":"07-c1fbff2258","name":"螺河岸","reading":null,"pref":"福島県","prefCode":"07","municipality":"須賀川市","hazardTypes":["slope_failure"],"evidenceLevel":0,"originLevel":0,"hasRecord":false,"recordRelation":null,"status":"current","disputed":false,"precision":"koaza","areaKey":"072070280","elements":["kake"],"summary":"要素辞書に一致（kake）。出典による裏づけは未確認。","zones":[],"dataset":"candidates"}},{"type":"Feature","geometry":{"type":"Point","coordinates":[140.353176,37.279924]},"properties":{"id":"07-0ac63a6053","name":"芹沢町","reading":"セリザワマチ","pref":"福島県","prefCode":"07","municipality":"須賀川市","hazardTypes":["landslide","soft_ground"],"evidenceLevel":0,"originLevel":0,"hasRecord":false,"recordRelation":null,"status":"current","disputed":false,"precision":"oaza","areaKey":"072071410","elements":["wetland_plants"],"summary":"要素辞書に一致（wetland_plants）。出典による裏づけは未確認。","zones":[],"dataset":"candidates"}},{"type":"Feature","geometry":{"type":"Point","coordinates":[140.304812,37.318452]},"properties":{"id":"07-3f937a9b33","name":"長者久保","reading":null,"pref":"福島県","prefCode":"07","municipality":"須賀川市","hazardTypes":["slope_failure","inundation","landslide"],"evidenceLevel":0,"originLevel":0,"hasRecord":false,"recordRelation":null,"status":"current","disputed":false,"precision":"koaza","areaKey":"072070230","elements":["tsubu_chou","kubo"],"summary":"要素辞書に一致（tsubu_chou・kubo）。出典による裏づけは未確認。","zones":[],"dataset":"candidates"}},{"type":"Feature","geometry":{"type":"Point","coordinates":[140.331483,37.329726]},"properties":{"id":"07-ebefc4925e","name":"猿池","reading":null,"pref":"福島県","prefCode":"07","municipality":"須賀川市","hazardTypes":["slope_failure"],"evidenceLevel":0,"originLevel":0,"hasRecord":false,"recordRelation":null,"status":"current","disputed":false,"precision":"koaza","areaKey":null,"elements":["saru"],"summary":"要素辞書に一致（saru）。出典による裏づけは未確認。","zones":[],"dataset":"candidates"}},{"type":"Feature","geometry":{"type":"Point","coordinates":[140.347878,37.333591]},"properties":{"id":"07-25f5d27ee1","name":"菖蒲池","reading":null,"pref":"福島県","prefCode":"07","municipality":"須賀川市","hazardTypes":["landslide","soft_ground"],"evidenceLevel":0,"originLevel":0,"hasRecord":false,"recordRelation":null,"status":"current","disputed":false,"precision":"koaza","areaKey":null,"elements":["wetland_plants"],"summary":"要素辞書に一致（wetland_plants）。出典による裏づけは未確認。","zones":[],"dataset":"candidates"}},{"type":"Feature","geometry":{"type":"Point","coordinates":[140.329725,37.340586]},"properties":{"id":"07-e0ff191f1d","name":"長者井戸","reading":null,"pref":"福島県","prefCode":"07","municipality":"須賀川市","hazardTypes":["slope_failure"],"evidenceLevel":0,"originLevel":0,"hasRecord":false,"recordRelation":null,"status":"current","disputed":false,"precision":"koaza","areaKey":null,"elements":["tsubu_chou"],"summary":"要素辞書に一致（tsubu_chou）。出典による裏づけは未確認。","zones":[],"dataset":"candidates"}},{"type":"Feature","geometry":{"type":"Point","coordinates":[140.317042,37.331313]},"properties":{"id":"07-b05b980984","name":"鹿島腰","reading":null,"pref":"福島県","prefCode":"07","municipality":"須賀川市","hazardTypes":["landslide","soft_ground"],"evidenceLevel":0,"originLevel":0,"hasRecord":false,"recordRelation":null,"status":"current","disputed":false,"precision":"koaza","areaKey":null,"elements":["shishi"],"summary":"要素辞書に一致（shishi）。出典による裏づけは未確認。","zones":[],"dataset":"candidates"}},{"type":"Feature","geometry":{"type":"Point","coordinates":[140.391292,37.293417]},"properties":{"id":"07-14199845e4","name":"鹿島","reading":null,"pref":"福島県","prefCode":"07","municipality":"須賀川市","hazardTypes":["landslide","soft_ground"],"evidenceLevel":0,"originLevel":0,"hasRecord":false,"recordRelation":null,"status":"current","disputed":false,"precision":"koaza","areaKey":null,"elements":["shishi"],"summary":"要素辞書に一致（shishi）。出典による裏づけは未確認。","zones":[],"dataset":"candidates"}},{"type":"Feature","geometry":{"type":"Point","coordinates":[140.386121,37.298693]},"properties":{"id":"07-9a4a3e441c","name":"古河","reading":"フルカワ","pref":"福島県","prefCode":"07","municipality":"須賀川市","hazardTypes":["flood","inundation"],"evidenceLevel":0,"originLevel":0,"hasRecord":false,"recordRelation":null,"status":"current","disputed":false,"precision":"oaza","areaKey":"072071040","elements":["furukawa"],"summary":"要素辞書に一致（furukawa）。出典による裏づけは未確認。","zones":[],"dataset":"candidates"}},{"type":"Feature","geometry":{"type":"Point","coordinates":[140.388807,37.252807]},"properties":{"id":"07-a35022bb60","name":"深田","reading":null,"pref":"福島県","prefCode":"07","municipality":"須賀川市","hazardTypes":["soft_ground","inundation"],"evidenceLevel":0,"originLevel":0,"hasRecord":false,"recordRelation":null,"status":"current","disputed":false,"precision":"koaza","areaKey":null,"elements":["fuke"],"summary":"要素辞書に一致（fuke）。出典による裏づけは未確認。","zones":[],"dataset":"candidates"}},{"type":"Feature","geometry":{"type":"Point","coordinates":[140.354221,37.320817]},"properties":{"id":"07-2cc5dbefc8","name":"前川原","reading":null,"pref":"福島県","prefCode":"07","municipality":"須賀川市","hazardTypes":["flood"],"evidenceLevel":0,"originLevel":0,"hasRecord":false,"recordRelation":null,"status":"current","disputed":false,"precision":"koaza","areaKey":null,"elements":["kawara"],"summary":"要素辞書に一致（kawara）。出典による裏づけは未確認。","zones":[],"dataset":"candidates"}},{"type":"Feature","geometry":{"type":"Point","coordinates":[140.331507,37.304778]},"properties":{"id":"07-a7890ac740","name":"猿田原","reading":null,"pref":"福島県","prefCode":"07","municipality":"須賀川市","hazardTypes":["slope_failure"],"evidenceLevel":0,"originLevel":0,"hasRecord":false,"recordRelation":null,"status":"current","disputed":false,"precision":"koaza","areaKey":null,"elements":["saru"],"summary":"要素辞書に一致（saru）。出典による裏づけは未確認。","zones":[],"dataset":"candidates"}},{"type":"Feature","geometry":{"type":"Point","coordinates":[140.395887,37.277696]},"properties":{"id":"07-888cd03825","name":"根岸","reading":null,"pref":"福島県","prefCode":"07","municipality":"須賀川市","hazardTypes":["slope_failure"],"evidenceLevel":0,"originLevel":0,"hasRecord":false,"recordRelation":null,"status":"current","disputed":false,"precision":"koaza","areaKey":null,"elements":["kake"],"summary":"要素辞書に一致（kake）。出典による裏づけは未確認。","zones":[],"dataset":"candidates"}},{"type":"Feature","geometry":{"type":"Point","coordinates":[139.86434,37.64281]},"properties":{"id":"07-2d6fba7637","name":"字下川原","reading":null,"pref":"福島県","prefCode":"07","municipality":"喜多方市","hazardTypes":["flood"],"evidenceLevel":0,"originLevel":0,"hasRecord":false,"recordRelation":null,"status":"current","disputed":false,"precision":"oaza","areaKey":null,"elements":["kawara"],"summary":"要素辞書に一致（kawara）。出典による裏づけは未確認。","zones":[],"dataset":"candidates"}},{"type":"Feature","geometry":{"type":"Point","coordinates":[139.875995,37.65458]},"properties":{"id":"07-e4de45e68e","name":"字中川原","reading":null,"pref":"福島県","prefCode":"07","municipality":"喜多方市","hazardTypes":["flood"],"evidenceLevel":0,"originLevel":0,"hasRecord":false,"recordRelation":null,"status":"current","disputed":false,"precision":"oaza","areaKey":"07208001020","elements":["kawara"],"summary":"要素辞書に一致（kawara）。出典による裏づけは未確認。","zones":[],"dataset":"candidates"}},{"type":"Feature","geometry":{"type":"Point","coordinates":[139.876441,37.644839]},"properties":{"id":"07-98e51e6cf0","name":"字川原田西","reading":null,"pref":"福島県","prefCode":"07","municipality":"喜多方市","hazardTypes":["flood"],"evidenceLevel":0,"originLevel":0,"hasRecord":false,"recordRelation":null,"status":"current","disputed":false,"precision":"oaza","areaKey":null,"elements":["kawara"],"summary":"要素辞書に一致（kawara）。出典による裏づけは未確認。","zones":[],"dataset":"candidates"}},{"type":"Feature","geometry":{"type":"Point","coordinates":[139.876036,37.647568]},"properties":{"id":"07-b2876afda8","name":"字東川原田","reading":null,"pref":"福島県","prefCode":"07","municipality":"喜多方市","hazardTypes":["flood"],"evidenceLevel":0,"originLevel":0,"hasRecord":false,"recordRelation":null,"status":"current","disputed":false,"precision":"oaza","areaKey":null,"elements":["kawara"],"summary":"要素辞書に一致（kawara）。出典による裏づけは未確認。","zones":[],"dataset":"candidates"}},{"type":"Feature","geometry":{"type":"Point","coordinates":[139.875344,37.649814]},"properties":{"id":"07-e54ec093a7","name":"字梅竹","reading":null,"pref":"福島県","prefCode":"07","municipality":"喜多方市","hazardTypes":["landslide","slope_failure"],"evidenceLevel":0,"originLevel":0,"hasRecord":false,"recordRelation":null,"status":"current","disputed":false,"precision":"oaza","areaKey":null,"elements":["ume"],"summary":"要素辞書に一致（ume）。出典による裏づけは未確認。","zones":[],"dataset":"candidates"}},{"type":"Feature","geometry":{"type":"Point","coordinates":[139.877925,37.657271]},"properties":{"id":"07-0af030de02","name":"字馬場","reading":null,"pref":"福島県","prefCode":"07","municipality":"喜多方市","hazardTypes":["slope_failure"],"evidenceLevel":0,"originLevel":0,"hasRecord":false,"recordRelation":null,"status":"current","disputed":false,"precision":"oaza","areaKey":null,"elements":["baba"],"summary":"要素辞書に一致（baba）。出典による裏づけは未確認。","zones":[],"dataset":"candidates"}},{"type":"Feature","geometry":{"type":"Point","coordinates":[139.882498,37.730795]},"properties":{"id":"07-2982f532e1","name":"向川原下","reading":null,"pref":"福島県","prefCode":"07","municipality":"喜多方市","hazardTypes":["flood"],"evidenceLevel":0,"originLevel":0,"hasRecord":false,"recordRelation":null,"status":"current","disputed":false,"precision":"koaza","areaKey":null,"elements":["kawara"],"summary":"要素辞書に一致（kawara）。出典による裏づけは未確認。","zones":[],"dataset":"candidates"}},{"type":"Feature","geometry":{"type":"Point","coordinates":[139.855867,37.699477]},"properties":{"id":"07-83d3d8ae0e","name":"柿木田","reading":null,"pref":"福島県","prefCode":"07","municipality":"喜多方市","hazardTypes":["slope_failure"],"evidenceLevel":0,"originLevel":0,"hasRecord":false,"recordRelation":null,"status":"current","disputed":false,"precision":"koaza","areaKey":null,"elements":["kake"],"summary":"要素辞書に一致（kake）。出典による裏づけは未確認。","zones":[],"dataset":"candidates"}},{"type":"Feature","geometry":{"type":"Point","coordinates":[139.862578,37.706284]},"properties":{"id":"07-5c8c2b1c42","name":"根岸","reading":null,"pref":"福島県","prefCode":"07","municipality":"喜多方市","hazardTypes":["slope_failure"],"evidenceLevel":0,"originLevel":0,"hasRecord":false,"recordRelation":null,"status":"current","disputed":false,"precision":"koaza","areaKey":null,"elements":["kake"],"summary":"要素辞書に一致（kake）。出典による裏づけは未確認。","zones":[],"dataset":"candidates"}},{"type":"Feature","geometry":{"type":"Point","coordinates":[139.875709,37.716179]},"properties":{"id":"07-b0ff279a6e","name":"根岸山","reading":null,"pref":"福島県","prefCode":"07","municipality":"喜多方市","hazardTypes":["slope_failure"],"evidenceLevel":0,"originLevel":0,"hasRecord":false,"recordRelation":null,"status":"current","disputed":false,"precision":"koaza","areaKey":null,"elements":["kake"],"summary":"要素辞書に一致（kake）。出典による裏づけは未確認。","zones":[],"dataset":"candidates"}},{"type":"Feature","geometry":{"type":"Point","coordinates":[139.850288,37.715712]},"properties":{"id":"07-f5408ce25b","name":"悪水出シ","reading":null,"pref":"福島県","prefCode":"07","municipality":"喜多方市","hazardTypes":["flood","inundation"],"evidenceLevel":0,"originLevel":0,"hasRecord":false,"recordRelation":null,"status":"current","disputed":false,"precision":"koaza","areaKey":null,"elements":["ashi"],"summary":"要素辞書に一致（ashi）。出典による裏づけは未確認。","zones":[],"dataset":"candidates"}},{"type":"Feature","geometry":{"type":"Point","coordinates":[139.884983,37.683008]},"properties":{"id":"07-3359b569aa","name":"中川原後","reading":null,"pref":"福島県","prefCode":"07","municipality":"喜多方市","hazardTypes":["flood"],"evidenceLevel":0,"originLevel":0,"hasRecord":false,"recordRelation":null,"status":"current","disputed":false,"precision":"koaza","areaKey":null,"elements":["kawara"],"summary":"要素辞書に一致（kawara）。出典による裏づけは未確認。","zones":[],"dataset":"candidates"}},{"type":"Feature","geometry":{"type":"Point","coordinates":[139.889008,37.654944]},"properties":{"id":"07-338dddbb84","name":"菅原","reading":null,"pref":"福島県","prefCode":"07","municipality":"喜多方市","hazardTypes":["landslide","soft_ground"],"evidenceLevel":0,"originLevel":0,"hasRecord":false,"recordRelation":null,"status":"current","disputed":false,"precision":"koaza","areaKey":null,"elements":["wetland_plants"],"summary":"要素辞書に一致（wetland_plants）。出典による裏づけは未確認。","zones":[],"dataset":"candidates"}},{"type":"Feature","geometry":{"type":"Point","coordinates":[139.896588,37.665299]},"properties":{"id":"07-8d6ea1defe","name":"馬場","reading":null,"pref":"福島県","prefCode":"07","municipality":"喜多方市","hazardTypes":["slope_failure"],"evidenceLevel":0,"originLevel":0,"hasRecord":false,"recordRelation":null,"status":"current","disputed":false,"precision":"koaza","areaKey":null,"elements":["baba"],"summary":"要素辞書に一致（baba）。出典による裏づけは未確認。","zones":[],"dataset":"candidates"}},{"type":"Feature","geometry":{"type":"Point","coordinates":[139.882571,37.661092]},"properties":{"id":"07-0dadc383cd","name":"深田","reading":null,"pref":"福島県","prefCode":"07","municipality":"喜多方市","hazardTypes":["soft_ground","inundation"],"evidenceLevel":0,"originLevel":0,"hasRecord":false,"recordRelation":null,"status":"current","disputed":false,"precision":"koaza","areaKey":null,"elements":["fuke"],"summary":"要素辞書に一致（fuke）。出典による裏づけは未確認。","zones":[],"dataset":"candidates"}},{"type":"Feature","geometry":{"type":"Point","coordinates":[139.889561,37.660983]},"properties":{"id":"07-dddc70708a","name":"西馬場","reading":null,"pref":"福島県","prefCode":"07","municipality":"喜多方市","hazardTypes":["slope_failure"],"evidenceLevel":0,"originLevel":0,"hasRecord":false,"recordRelation":null,"status":"current","disputed":false,"precision":"koaza","areaKey":null,"elements":["baba"],"summary":"要素辞書に一致（baba）。出典による裏づけは未確認。","zones":[],"dataset":"candidates"}},{"type":"Feature","geometry":{"type":"Point","coordinates":[139.896807,37.67112]},"properties":{"id":"07-b7a0255797","name":"飛屋敷","reading":null,"pref":"福島県","prefCode":"07","municipality":"喜多方市","hazardTypes":["slope_failure","debris_flow"],"evidenceLevel":0,"originLevel":0,"hasRecord":false,"recordRelation":null,"status":"current","disputed":false,"precision":"koaza","areaKey":null,"elements":["tobi"],"summary":"要素辞書に一致（tobi）。出典による裏づけは未確認。","zones":[],"dataset":"candidates"}},{"type":"Feature","geometry":{"type":"Point","coordinates":[139.866917,37.684363]},"properties":{"id":"07-b26036028e","name":"東川原","reading":null,"pref":"福島県","prefCode":"07","municipality":"喜多方市","hazardTypes":["flood"],"evidenceLevel":0,"originLevel":0,"hasRecord":false,"recordRelation":null,"status":"current","disputed":false,"precision":"koaza","areaKey":null,"elements":["kawara"],"summary":"要素辞書に一致（kawara）。出典による裏づけは未確認。","zones":[],"dataset":"candidates"}},{"type":"Feature","geometry":{"type":"Point","coordinates":[139.843239,37.678634]},"properties":{"id":"07-2fefd46b9e","name":"馬場ノ上","reading":null,"pref":"福島県","prefCode":"07","municipality":"喜多方市","hazardTypes":["slope_failure"],"evidenceLevel":0,"originLevel":0,"hasRecord":false,"recordRelation":null,"status":"current","disputed":false,"precision":"koaza","areaKey":"07208003008","elements":["baba"],"summary":"要素辞書に一致（baba）。出典による裏づけは未確認。","zones":[],"dataset":"candidates"}},{"type":"Feature","geometry":{"type":"Point","coordinates":[139.848045,37.667829]},"properties":{"id":"07-caf6c97edf","name":"中川原","reading":null,"pref":"福島県","prefCode":"07","municipality":"喜多方市","hazardTypes":["flood"],"evidenceLevel":0,"originLevel":0,"hasRecord":false,"recordRelation":null,"status":"current","disputed":false,"precision":"koaza","areaKey":null,"elements":["kawara"],"summary":"要素辞書に一致（kawara）。出典による裏づけは未確認。","zones":[],"dataset":"candidates"}},{"type":"Feature","geometry":{"type":"Point","coordinates":[139.854781,37.676947]},"properties":{"id":"07-7aa84a59ee","name":"北川原","reading":null,"pref":"福島県","prefCode":"07","municipality":"喜多方市","hazardTypes":["flood"],"evidenceLevel":0,"originLevel":0,"hasRecord":false,"recordRelation":null,"status":"current","disputed":false,"precision":"koaza","areaKey":null,"elements":["kawara"],"summary":"要素辞書に一致（kawara）。出典による裏づけは未確認。","zones":[],"dataset":"candidates"}},{"type":"Feature","geometry":{"type":"Point","coordinates":[139.857028,37.667647]},"properties":{"id":"07-f785a23007","name":"川原田","reading":null,"pref":"福島県","prefCode":"07","municipality":"喜多方市","hazardTypes":["flood"],"evidenceLevel":0,"originLevel":0,"hasRecord":false,"recordRelation":null,"status":"current","disputed":false,"precision":"koaza","areaKey":null,"elements":["kawara"],"summary":"要素辞書に一致（kawara）。出典による裏づけは未確認。","zones":[],"dataset":"candidates"}},{"type":"Feature","geometry":{"type":"Point","coordinates":[139.943776,37.629021]},"properties":{"id":"07-97ef78ed27","name":"熊倉町雄国","reading":"クマグラマチオグニ","pref":"福島県","prefCode":"07","municipality":"喜多方市","hazardTypes":["slope_failure","rockfall"],"evidenceLevel":0,"originLevel":0,"hasRecord":false,"recordRelation":null,"status":"current","disputed":false,"precision":"oaza","areaKey":"07208006016","elements":["kura"],"summary":"要素辞書に一致（kura）。出典による裏づけは未確認。","zones":[],"dataset":"candidates"}},{"type":"Feature","geometry":{"type":"Point","coordinates":[139.918616,37.64052]},"properties":{"id":"07-5320baa504","name":"熊倉町熊倉","reading":"クマグラマチクマグラ","pref":"福島県","prefCode":"07","municipality":"喜多方市","hazardTypes":["slope_failure","rockfall"],"evidenceLevel":0,"originLevel":0,"hasRecord":false,"recordRelation":null,"status":"current","disputed":false,"precision":"oaza","areaKey":null,"elements":["kura"],"summary":"要素辞書に一致（kura）。出典による裏づけは未確認。","zones":[],"dataset":"candidates"}},{"type":"Feature","geometry":{"type":"Point","coordinates":[139.915175,37.633801]},"properties":{"id":"07-8e488ec308","name":"下川原","reading":null,"pref":"福島県","prefCode":"07","municipality":"喜多方市","hazardTypes":["flood"],"evidenceLevel":0,"originLevel":0,"hasRecord":false,"recordRelation":null,"status":"current","disputed":false,"precision":"koaza","areaKey":null,"elements":["kawara"],"summary":"要素辞書に一致（kawara）。出典による裏づけは未確認。","zones":[],"dataset":"candidates"}},{"type":"Feature","geometry":{"type":"Point","coordinates":[139.923197,37.640565]},"properties":{"id":"07-a29ac5dddf","name":"熊倉","reading":null,"pref":"福島県","prefCode":"07","municipality":"喜多方市","hazardTypes":["slope_failure","rockfall"],"evidenceLevel":0,"originLevel":0,"hasRecord":false,"recordRelation":null,"status":"current","disputed":false,"precision":"koaza","areaKey":null,"elements":["kura"],"summary":"要素辞書に一致（kura）。出典による裏づけは未確認。","zones":[],"dataset":"candidates"}},{"type":"Feature","geometry":{"type":"Point","coordinates":[139.978336,37.626111]},"properties":{"id":"07-aa331d04bf","name":"熊倉町新合","reading":"クマグラマチシンゴウ","pref":"福島県","prefCode":"07","municipality":"喜多方市","hazardTypes":["slope_failure","rockfall"],"evidenceLevel":0,"originLevel":0,"hasRecord":false,"recordRelation":null,"status":"current","disputed":false,"precision":"oaza","areaKey":null,"elements":["kura"],"summary":"要素辞書に一致（kura）。出典による裏づけは未確認。","zones":[],"dataset":"candidates"}},{"type":"Feature","geometry":{"type":"Point","coordinates":[139.947435,37.643449]},"properties":{"id":"07-d172fb49d0","name":"熊倉町都","reading":"クマグラマチミヤコ","pref":"福島県","prefCode":"07","municipality":"喜多方市","hazardTypes":["slope_failure","rockfall"],"evidenceLevel":0,"originLevel":0,"hasRecord":false,"recordRelation":null,"status":"current","disputed":false,"precision":"oaza","areaKey":null,"elements":["kura"],"summary":"要素辞書に一致（kura）。出典による裏づけは未確認。","zones":[],"dataset":"candidates"}},{"type":"Feature","geometry":{"type":"Point","coordinates":[139.852854,37.6578]},"properties":{"id":"07-9b2618b10c","name":"上川原","reading":null,"pref":"福島県","prefCode":"07","municipality":"喜多方市","hazardTypes":["flood"],"evidenceLevel":0,"originLevel":0,"hasRecord":false,"recordRelation":null,"status":"current","disputed":false,"precision":"koaza","areaKey":"07208007002","elements":["kawara"],"summary":"要素辞書に一致（kawara）。出典による裏づけは未確認。","zones":[],"dataset":"candidates"}},{"type":"Feature","geometry":{"type":"Point","coordinates":[139.821824,37.609297]},"properties":{"id":"07-46fee06d9a","name":"蔵東","reading":null,"pref":"福島県","prefCode":"07","municipality":"喜多方市","hazardTypes":["slope_failure","rockfall"],"evidenceLevel":0,"originLevel":0,"hasRecord":false,"recordRelation":null,"status":"current","disputed":false,"precision":"koaza","areaKey":"07208007007","elements":["kura"],"summary":"要素辞書に一致（kura）。出典による裏づけは未確認。","zones":[],"dataset":"candidates"}},{"type":"Feature","geometry":{"type":"Point","coordinates":[139.888229,37.591832]},"properties":{"id":"07-19233597ae","name":"清水岸","reading":null,"pref":"福島県","prefCode":"07","municipality":"喜多方市","hazardTypes":["slope_failure"],"evidenceLevel":0,"originLevel":0,"hasRecord":false,"recordRelation":null,"status":"current","disputed":false,"precision":"koaza","areaKey":null,"elements":["kake"],"summary":"要素辞書に一致（kake）。出典による裏づけは未確認。","zones":[],"dataset":"candidates"}},{"type":"Feature","geometry":{"type":"Point","coordinates":[139.907867,37.59069]},"properties":{"id":"07-5dcb525c8e","name":"千刈","reading":null,"pref":"福島県","prefCode":"07","municipality":"喜多方市","hazardTypes":["slope_failure"],"evidenceLevel":0,"originLevel":0,"hasRecord":false,"recordRelation":null,"status":"current","disputed":false,"precision":"koaza","areaKey":null,"elements":["kake"],"summary":"要素辞書に一致（kake）。出典による裏づけは未確認。","zones":[],"dataset":"candidates"}},{"type":"Feature","geometry":{"type":"Point","coordinates":[139.889533,37.603454]},"properties":{"id":"07-47d3fd354e","name":"五百刈","reading":null,"pref":"福島県","prefCode":"07","municipality":"喜多方市","hazardTypes":["slope_failure"],"evidenceLevel":0,"originLevel":0,"hasRecord":false,"recordRelation":null,"status":"current","disputed":false,"precision":"koaza","areaKey":null,"elements":["kake"],"summary":"要素辞書に一致（kake）。出典による裏づけは未確認。","zones":[],"dataset":"candidates"}},{"type":"Feature","geometry":{"type":"Point","coordinates":[139.854553,37.610345]},"properties":{"id":"07-877d9c198a","name":"三百刈","reading":null,"pref":"福島県","prefCode":"07","municipality":"喜多方市","hazardTypes":["slope_failure"],"evidenceLevel":0,"originLevel":0,"hasRecord":false,"recordRelation":null,"status":"current","disputed":false,"precision":"koaza","areaKey":null,"elements":["kake"],"summary":"要素辞書に一致（kake）。出典による裏づけは未確認。","zones":[],"dataset":"candidates"}},{"type":"Feature","geometry":{"type":"Point","coordinates":[139.881739,37.617667]},"properties":{"id":"07-2b1ad2b0e4","name":"百五拾刈","reading":null,"pref":"福島県","prefCode":"07","municipality":"喜多方市","hazardTypes":["slope_failure"],"evidenceLevel":0,"originLevel":0,"hasRecord":false,"recordRelation":null,"status":"current","disputed":false,"precision":"koaza","areaKey":null,"elements":["kake"],"summary":"要素辞書に一致（kake）。出典による裏づけは未確認。","zones":[],"dataset":"candidates"}},{"type":"Feature","geometry":{"type":"Point","coordinates":[139.902736,37.620733]},"properties":{"id":"07-389b0b62aa","name":"地蔵免","reading":null,"pref":"福島県","prefCode":"07","municipality":"喜多方市","hazardTypes":["slope_failure","rockfall"],"evidenceLevel":0,"originLevel":0,"hasRecord":false,"recordRelation":null,"status":"current","disputed":false,"precision":"koaza","areaKey":null,"elements":["kura"],"summary":"要素辞書に一致（kura）。出典による裏づけは未確認。","zones":[],"dataset":"candidates"}},{"type":"Feature","geometry":{"type":"Point","coordinates":[139.901997,37.638599]},"properties":{"id":"07-0be6b7c055","name":"関柴町豊芦","reading":"セキシバマチトヨアシ","pref":"福島県","prefCode":"07","municipality":"喜多方市","hazardTypes":["flood","inundation"],"evidenceLevel":0,"originLevel":0,"hasRecord":false,"recordRelation":null,"status":"current","disputed":false,"precision":"oaza","areaKey":null,"elements":["ashi"],"summary":"要素辞書に一致（ashi）。出典による裏づけは未確認。","zones":[],"dataset":"candidates"}},{"type":"Feature","geometry":{"type":"Point","coordinates":[139.752711,37.613804]},"properties":{"id":"07-93b0daff27","name":"高郷町夏井","reading":"タカサトマチナツイ","pref":"福島県","prefCode":"07","municipality":"喜多方市","hazardTypes":["debris_flow","slope_failure"],"evidenceLevel":0,"originLevel":0,"hasRecord":false,"recordRelation":null,"status":"current","disputed":false,"precision":"oaza","areaKey":null,"elements":["nazu_natsu"],"summary":"要素辞書に一致（nazu_natsu）。出典による裏づけは未確認。","zones":[],"dataset":"candidates"}},{"type":"Feature","geometry":{"type":"Point","coordinates":[139.874959,37.632134]},"properties":{"id":"07-aa96bd0efa","name":"間々ノ上","reading":null,"pref":"福島県","prefCode":"07","municipality":"喜多方市","hazardTypes":["slope_failure","erosion"],"evidenceLevel":0,"originLevel":0,"hasRecord":false,"recordRelation":null,"status":"current","disputed":false,"precision":"koaza","areaKey":null,"elements":["mama"],"summary":"要素辞書に一致（mama）。出典による裏づけは未確認。","zones":[],"dataset":"candidates"}},{"type":"Feature","geometry":{"type":"Point","coordinates":[139.869285,37.626332]},"properties":{"id":"07-69983db9e7","name":"於申壇","reading":null,"pref":"福島県","prefCode":"07","municipality":"喜多方市","hazardTypes":["slope_failure"],"evidenceLevel":0,"originLevel":0,"hasRecord":false,"recordRelation":null,"status":"current","disputed":false,"precision":"koaza","areaKey":null,"elements":["saru"],"summary":"要素辞書に一致（saru）。出典による裏づけは未確認。","zones":[],"dataset":"candidates"}},{"type":"Feature","geometry":{"type":"Point","coordinates":[139.863163,37.626098]},"properties":{"id":"07-a3ea0e8376","name":"鹿島","reading":null,"pref":"福島県","prefCode":"07","municipality":"喜多方市","hazardTypes":["landslide","soft_ground"],"evidenceLevel":0,"originLevel":0,"hasRecord":false,"recordRelation":null,"status":"current","disputed":false,"precision":"koaza","areaKey":null,"elements":["shishi"],"summary":"要素辞書に一致（shishi）。出典による裏づけは未確認。","zones":[],"dataset":"candidates"}},{"type":"Feature","geometry":{"type":"Point","coordinates":[139.898622,37.628259]},"properties":{"id":"07-1494137941","name":"東上川原","reading":null,"pref":"福島県","prefCode":"07","municipality":"喜多方市","hazardTypes":["flood"],"evidenceLevel":0,"originLevel":0,"hasRecord":false,"recordRelation":null,"status":"current","disputed":false,"precision":"koaza","areaKey":null,"elements":["kawara"],"summary":"要素辞書に一致（kawara）。出典による裏づけは未確認。","zones":[],"dataset":"candidates"}},{"type":"Feature","geometry":{"type":"Point","coordinates":[139.854137,37.638595]},"properties":{"id":"07-cf8bd7e427","name":"三条川原","reading":null,"pref":"福島県","prefCode":"07","municipality":"喜多方市","hazardTypes":["flood"],"evidenceLevel":0,"originLevel":0,"hasRecord":false,"recordRelation":null,"status":"current","disputed":false,"precision":"koaza","areaKey":null,"elements":["kawara"],"summary":"要素辞書に一致（kawara）。出典による裏づけは未確認。","zones":[],"dataset":"candidates"}},{"type":"Feature","geometry":{"type":"Point","coordinates":[139.855412,37.640707]},"properties":{"id":"07-c7d8b4b7f7","name":"二条川原","reading":null,"pref":"福島県","prefCode":"07","municipality":"喜多方市","hazardTypes":["flood"],"evidenceLevel":0,"originLevel":0,"hasRecord":false,"recordRelation":null,"status":"current","disputed":false,"precision":"koaza","areaKey":null,"elements":["kawara"],"summary":"要素辞書に一致（kawara）。出典による裏づけは未確認。","zones":[],"dataset":"candidates"}},{"type":"Feature","geometry":{"type":"Point","coordinates":[139.846659,37.623391]},"properties":{"id":"07-7f601b0369","name":"五条川原","reading":null,"pref":"福島県","prefCode":"07","municipality":"喜多方市","hazardTypes":["flood"],"evidenceLevel":0,"originLevel":0,"hasRecord":false,"recordRelation":null,"status":"current","disputed":false,"precision":"koaza","areaKey":null,"elements":["kawara"],"summary":"要素辞書に一致（kawara）。出典による裏づけは未確認。","zones":[],"dataset":"candidates"}},{"type":"Feature","geometry":{"type":"Point","coordinates":[139.872099,37.636242]},"properties":{"id":"07-f1dd413a98","name":"前川原","reading":null,"pref":"福島県","prefCode":"07","municipality":"喜多方市","hazardTypes":["flood"],"evidenceLevel":0,"originLevel":0,"hasRecord":false,"recordRelation":null,"status":"current","disputed":false,"precision":"koaza","areaKey":null,"elements":["kawara"],"summary":"要素辞書に一致（kawara）。出典による裏づけは未確認。","zones":[],"dataset":"candidates"}},{"type":"Feature","geometry":{"type":"Point","coordinates":[139.876865,37.644293]},"properties":{"id":"07-92b94a14e1","name":"大上川原","reading":null,"pref":"福島県","prefCode":"07","municipality":"喜多方市","hazardTypes":["flood"],"evidenceLevel":0,"originLevel":0,"hasRecord":false,"recordRelation":null,"status":"current","disputed":false,"precision":"koaza","areaKey":null,"elements":["kawara"],"summary":"要素辞書に一致（kawara）。出典による裏づけは未確認。","zones":[],"dataset":"candidates"}},{"type":"Feature","geometry":{"type":"Point","coordinates":[139.859944,37.644365]},"properties":{"id":"07-a018210327","name":"車地蔵","reading":null,"pref":"福島県","prefCode":"07","municipality":"喜多方市","hazardTypes":["slope_failure","rockfall"],"evidenceLevel":0,"originLevel":0,"hasRecord":false,"recordRelation":null,"status":"current","disputed":false,"precision":"koaza","areaKey":null,"elements":["kura"],"summary":"要素辞書に一致（kura）。出典による裏づけは未確認。","zones":[],"dataset":"candidates"}},{"type":"Feature","geometry":{"type":"Point","coordinates":[139.811729,37.704292]},"properties":{"id":"07-5f1946c82f","name":"山都町朝倉","reading":"ヤマトマチアサクラ","pref":"福島県","prefCode":"07","municipality":"喜多方市","hazardTypes":["slope_failure","rockfall"],"evidenceLevel":0,"originLevel":0,"hasRecord":false,"recordRelation":null,"status":"current","disputed":false,"precision":"oaza","areaKey":null,"elements":["kura"],"summary":"要素辞書に一致（kura）。出典による裏づけは未確認。","zones":[],"dataset":"candidates"}},{"type":"Feature","geometry":{"type":"Point","coordinates":[140.884585,37.787504]},"properties":{"id":"07-8cd5384279","name":"源蔵田","reading":null,"pref":"福島県","prefCode":"07","municipality":"相馬市","hazardTypes":["slope_failure","rockfall"],"evidenceLevel":0,"originLevel":0,"hasRecord":false,"recordRelation":null,"status":"current","disputed":false,"precision":"koaza","areaKey":null,"elements":["kura"],"summary":"要素辞書に一致（kura）。出典による裏づけは未確認。","zones":[],"dataset":"candidates"}},{"type":"Feature","geometry":{"type":"Point","coordinates":[140.919929,37.825512]},"properties":{"id":"07-b0aeab8c5c","name":"蛇山","reading":null,"pref":"福島県","prefCode":"07","municipality":"相馬市","hazardTypes":["slope_failure","debris_flow"],"evidenceLevel":0,"originLevel":0,"hasRecord":false,"recordRelation":null,"status":"current","disputed":false,"precision":"koaza","areaKey":null,"elements":["ja"],"summary":"要素辞書に一致（ja）。出典による裏づけは未確認。","zones":[],"dataset":"candidates"}},{"type":"Feature","geometry":{"type":"Point","coordinates":[140.914176,37.825317]},"properties":{"id":"07-9fa6d0f4ab","name":"鹿島前","reading":null,"pref":"福島県","prefCode":"07","municipality":"相馬市","hazardTypes":["landslide","soft_ground"],"evidenceLevel":0,"originLevel":0,"hasRecord":false,"recordRelation":null,"status":"current","disputed":false,"precision":"koaza","areaKey":null,"elements":["shishi"],"summary":"要素辞書に一致（shishi）。出典による裏づけは未確認。","zones":[],"dataset":"candidates"}},{"type":"Feature","geometry":{"type":"Point","coordinates":[140.983018,37.762506]},"properties":{"id":"07-7a97079390","name":"磯部","reading":"イソベ","pref":"福島県","prefCode":"07","municipality":"相馬市","hazardTypes":["rockfall","debris_flow"],"evidenceLevel":0,"originLevel":0,"hasRecord":true,"recordRelation":"nearby_record","status":"current","disputed":false,"precision":"oaza","areaKey":null,"elements":["iso_ishi"],"summary":"要素辞書に一致（iso_ishi）。出典による裏づけは未確認。","zones":[],"dataset":"candidates"}},{"type":"Feature","geometry":{"type":"Point","coordinates":[140.996002,37.759913]},"properties":{"id":"07-8e201b99b3","name":"古磯部","reading":null,"pref":"福島県","prefCode":"07","municipality":"相馬市","hazardTypes":["rockfall","debris_flow"],"evidenceLevel":0,"originLevel":0,"hasRecord":true,"recordRelation":"nearby_record","status":"current","disputed":false,"precision":"koaza","areaKey":null,"elements":["iso_ishi"],"summary":"要素辞書に一致（iso_ishi）。出典による裏づけは未確認。","zones":[],"dataset":"candidates"}},{"type":"Feature","geometry":{"type":"Point","coordinates":[140.983673,37.776011]},"properties":{"id":"07-69c9b51732","name":"芹谷地","reading":null,"pref":"福島県","prefCode":"07","municipality":"相馬市","hazardTypes":["landslide","soft_ground","inundation"],"evidenceLevel":0,"originLevel":0,"hasRecord":true,"recordRelation":"nearby_record","status":"current","disputed":false,"precision":"koaza","areaKey":null,"elements":["wetland_plants","yato"],"summary":"要素辞書に一致（wetland_plants・yato）。出典による裏づけは未確認。","zones":[],"dataset":"candidates"}},{"type":"Feature","geometry":{"type":"Point","coordinates":[140.907123,37.782489]},"properties":{"id":"07-7b0971835b","name":"地蔵前","reading":null,"pref":"福島県","prefCode":"07","municipality":"相馬市","hazardTypes":["slope_failure","rockfall"],"evidenceLevel":0,"originLevel":0,"hasRecord":false,"recordRelation":null,"status":"current","disputed":false,"precision":"koaza","areaKey":null,"elements":["kura"],"summary":"要素辞書に一致（kura）。出典による裏づけは未確認。","zones":[],"dataset":"candidates"}},{"type":"Feature","geometry":{"type":"Point","coordinates":[140.96593,37.783547]},"properties":{"id":"07-358876cac2","name":"梅川","reading":null,"pref":"福島県","prefCode":"07","municipality":"相馬市","hazardTypes":["landslide","slope_failure"],"evidenceLevel":0,"originLevel":0,"hasRecord":false,"recordRelation":null,"status":"current","disputed":false,"precision":"koaza","areaKey":null,"elements":["ume"],"summary":"要素辞書に一致（ume）。出典による裏づけは未確認。","zones":[],"dataset":"candidates"}},{"type":"Feature","geometry":{"type":"Point","coordinates":[141.000729,37.739071]},"properties":{"id":"07-e7c9742f37","name":"蒲庭","reading":"カバニワ","pref":"福島県","prefCode":"07","municipality":"相馬市","hazardTypes":["landslide","soft_ground"],"evidenceLevel":0,"originLevel":0,"hasRecord":false,"recordRelation":null,"status":"current","disputed":false,"precision":"oaza","areaKey":null,"elements":["wetland_plants"],"summary":"要素辞書に一致（wetland_plants）。出典による裏づけは未確認。","zones":[],"dataset":"candidates"}},{"type":"Feature","geometry":{"type":"Point","coordinates":[140.895998,37.814885]},"properties":{"id":"07-feaf7f452e","name":"北川原","reading":null,"pref":"福島県","prefCode":"07","municipality":"相馬市","hazardTypes":["flood"],"evidenceLevel":0,"originLevel":0,"hasRecord":false,"recordRelation":null,"status":"current","disputed":false,"precision":"koaza","areaKey":null,"elements":["kawara"],"summary":"要素辞書に一致（kawara）。出典による裏づけは未確認。","zones":[],"dataset":"candidates"}},{"type":"Feature","geometry":{"type":"Point","coordinates":[140.923508,37.808785]},"properties":{"id":"07-13845508f9","name":"根岸","reading":null,"pref":"福島県","prefCode":"07","municipality":"相馬市","hazardTypes":["slope_failure"],"evidenceLevel":0,"originLevel":0,"hasRecord":false,"recordRelation":null,"status":"current","disputed":false,"precision":"koaza","areaKey":null,"elements":["kake"],"summary":"要素辞書に一致（kake）。出典による裏づけは未確認。","zones":[],"dataset":"candidates"}},{"type":"Feature","geometry":{"type":"Point","coordinates":[140.916629,37.793199]},"properties":{"id":"07-2c115db7e1","name":"川原町","reading":null,"pref":"福島県","prefCode":"07","municipality":"相馬市","hazardTypes":["flood"],"evidenceLevel":0,"originLevel":0,"hasRecord":false,"recordRelation":null,"status":"current","disputed":false,"precision":"koaza","areaKey":null,"elements":["kawara"],"summary":"要素辞書に一致（kawara）。出典による裏づけは未確認。","zones":[],"dataset":"candidates"}},{"type":"Feature","geometry":{"type":"Point","coordinates":[140.933776,37.811222]},"properties":{"id":"07-ac151aa241","name":"刈敷田","reading":null,"pref":"福島県","prefCode":"07","municipality":"相馬市","hazardTypes":["slope_failure"],"evidenceLevel":0,"originLevel":0,"hasRecord":false,"recordRelation":null,"status":"current","disputed":false,"precision":"koaza","areaKey":null,"elements":["kake"],"summary":"要素辞書に一致（kake）。出典による裏づけは未確認。","zones":[],"dataset":"candidates"}},{"type":"Feature","geometry":{"type":"Point","coordinates":[140.881747,37.813985]},"properties":{"id":"07-c9c290ae53","name":"北萱倉","reading":null,"pref":"福島県","prefCode":"07","municipality":"相馬市","hazardTypes":["slope_failure","rockfall"],"evidenceLevel":0,"originLevel":0,"hasRecord":false,"recordRelation":null,"status":"current","disputed":false,"precision":"koaza","areaKey":null,"elements":["kura"],"summary":"要素辞書に一致（kura）。出典による裏づけは未確認。","zones":[],"dataset":"candidates"}},{"type":"Feature","geometry":{"type":"Point","coordinates":[140.880579,37.812113]},"properties":{"id":"07-dd1ec0ccae","name":"南萱倉","reading":null,"pref":"福島県","prefCode":"07","municipality":"相馬市","hazardTypes":["slope_failure","rockfall"],"evidenceLevel":0,"originLevel":0,"hasRecord":false,"recordRelation":null,"status":"current","disputed":false,"precision":"koaza","areaKey":null,"elements":["kura"],"summary":"要素辞書に一致（kura）。出典による裏づけは未確認。","zones":[],"dataset":"candidates"}},{"type":"Feature","geometry":{"type":"Point","coordinates":[140.881088,37.82604]},"properties":{"id":"07-2bdf955191","name":"猪倉","reading":null,"pref":"福島県","prefCode":"07","municipality":"相馬市","hazardTypes":["slope_failure","rockfall","landslide","soft_ground"],"evidenceLevel":0,"originLevel":0,"hasRecord":false,"recordRelation":null,"status":"current","disputed":false,"precision":"koaza","areaKey":null,"elements":["kura","shishi"],"summary":"要素辞書に一致（kura・shishi）。出典による裏づけは未確認。","zones":[],"dataset":"candidates"}},{"type":"Feature","geometry":{"type":"Point","coordinates":[140.936853,37.784253]},"properties":{"id":"07-25e3f675e6","name":"馬場野","reading":"ババノ","pref":"福島県","prefCode":"07","municipality":"相馬市","hazardTypes":["slope_failure"],"evidenceLevel":0,"originLevel":0,"hasRecord":false,"recordRelation":null,"status":"current","disputed":false,"precision":"oaza","areaKey":null,"elements":["baba"],"summary":"要素辞書に一致（baba）。出典による裏づけは未確認。","zones":[],"dataset":"candidates"}},{"type":"Feature","geometry":{"type":"Point","coordinates":[140.937657,37.78942]},"properties":{"id":"07-eb1f8e99c8","name":"鹿島後","reading":null,"pref":"福島県","prefCode":"07","municipality":"相馬市","hazardTypes":["landslide","soft_ground"],"evidenceLevel":0,"originLevel":0,"hasRecord":false,"recordRelation":null,"status":"current","disputed":false,"precision":"koaza","areaKey":null,"elements":["shishi"],"summary":"要素辞書に一致（shishi）。出典による裏づけは未確認。","zones":[],"dataset":"candidates"}},{"type":"Feature","geometry":{"type":"Point","coordinates":[140.942685,37.809295]},"properties":{"id":"07-ecd87bfcfa","name":"馬場添","reading":null,"pref":"福島県","prefCode":"07","municipality":"相馬市","hazardTypes":["slope_failure"],"evidenceLevel":0,"originLevel":0,"hasRecord":false,"recordRelation":null,"status":"current","disputed":false,"precision":"koaza","areaKey":null,"elements":["baba"],"summary":"要素辞書に一致（baba）。出典による裏づけは未確認。","zones":[],"dataset":"candidates"}},{"type":"Feature","geometry":{"type":"Point","coordinates":[140.897052,37.782455]},"properties":{"id":"07-b9a244839b","name":"山岸","reading":null,"pref":"福島県","prefCode":"07","municipality":"相馬市","hazardTypes":["slope_failure"],"evidenceLevel":0,"originLevel":0,"hasRecord":false,"recordRelation":null,"status":"current","disputed":false,"precision":"koaza","areaKey":"07209033083","elements":["kake"],"summary":"要素辞書に一致（kake）。出典による裏づけは未確認。","zones":[],"dataset":"candidates"}},{"type":"Feature","geometry":{"type":"Point","coordinates":[140.482761,37.533308]},"properties":{"id":"07-8fda040789","name":"大久保一丁目","reading":"オオクボ 1","pref":"福島県","prefCode":"07","municipality":"二本松市","hazardTypes":["slope_failure","inundation","landslide"],"evidenceLevel":0,"originLevel":0,"hasRecord":false,"recordRelation":null,"status":"current","disputed":false,"precision":"oaza","areaKey":"07210005014","elements":["afu_oo","kubo"],"summary":"要素辞書に一致（afu_oo・kubo）。出典による裏づけは未確認。","zones":[],"dataset":"candidates"}},{"type":"Feature","geometry":{"type":"Point","coordinates":[140.425272,37.565385]},"properties":{"id":"07-a6f9ee57db","name":"片岸","reading":"カタギシ","pref":"福島県","prefCode":"07","municipality":"二本松市","hazardTypes":["slope_failure"],"evidenceLevel":0,"originLevel":0,"hasRecord":false,"recordRelation":null,"status":"current","disputed":false,"precision":"oaza","areaKey":null,"elements":["kake"],"summary":"要素辞書に一致（kake）。出典による裏づけは未確認。","zones":[],"dataset":"candidates"}},{"type":"Feature","geometry":{"type":"Point","coordinates":[140.516096,37.56277]},"properties":{"id":"07-004a381e9f","name":"片倉","reading":null,"pref":"福島県","prefCode":"07","municipality":"二本松市","hazardTypes":["slope_failure","rockfall"],"evidenceLevel":0,"originLevel":0,"hasRecord":false,"recordRelation":null,"status":"current","disputed":false,"precision":"koaza","areaKey":null,"elements":["kura"],"summary":"要素辞書に一致（kura）。出典による裏づけは未確認。","zones":[],"dataset":"candidates"}},{"type":"Feature","geometry":{"type":"Point","coordinates":[140.503061,37.56338]},"properties":{"id":"07-fd9d13084e","name":"鞍掛","reading":null,"pref":"福島県","prefCode":"07","municipality":"二本松市","hazardTypes":["slope_failure","rockfall"],"evidenceLevel":0,"originLevel":0,"hasRecord":false,"recordRelation":null,"status":"current","disputed":false,"precision":"koaza","areaKey":null,"elements":["kura"],"summary":"要素辞書に一致（kura）。出典による裏づけは未確認。","zones":[],"dataset":"candidates"}},{"type":"Feature","geometry":{"type":"Point","coordinates":[140.369403,37.640296]},"properties":{"id":"07-19b4e6d293","name":"沢松倉","reading":"サワマツクラ","pref":"福島県","prefCode":"07","municipality":"二本松市","hazardTypes":["slope_failure","rockfall"],"evidenceLevel":0,"originLevel":0,"hasRecord":false,"recordRelation":null,"status":"current","disputed":false,"precision":"oaza","areaKey":null,"elements":["kura"],"summary":"要素辞書に一致（kura）。出典による裏づけは未確認。","zones":[],"dataset":"candidates"}},{"type":"Feature","geometry":{"type":"Point","coordinates":[140.459881,37.633487]},"properties":{"id":"07-a6d6dc2820","name":"下柿ノ内","reading":null,"pref":"福島県","prefCode":"07","municipality":"二本松市","hazardTypes":["slope_failure"],"evidenceLevel":0,"originLevel":0,"hasRecord":false,"recordRelation":null,"status":"current","disputed":false,"precision":"koaza","areaKey":"07210008008","elements":["kake"],"summary":"要素辞書に一致（kake）。出典による裏づけは未確認。","zones":[],"dataset":"candidates"}},{"type":"Feature","geometry":{"type":"Point","coordinates":[140.456836,37.634536]},"properties":{"id":"07-871c272e8d","name":"北柿ノ内","reading":null,"pref":"福島県","prefCode":"07","municipality":"二本松市","hazardTypes":["slope_failure"],"evidenceLevel":0,"originLevel":0,"hasRecord":false,"recordRelation":null,"status":"current","disputed":false,"precision":"koaza","areaKey":"07210008008","elements":["kake"],"summary":"要素辞書に一致（kake）。出典による裏づけは未確認。","zones":[],"dataset":"candidates"}},{"type":"Feature","geometry":{"type":"Point","coordinates":[140.465283,37.636452]},"properties":{"id":"07-d0cfd2f57b","name":"星地蔵","reading":null,"pref":"福島県","prefCode":"07","municipality":"二本松市","hazardTypes":["slope_failure","rockfall"],"evidenceLevel":0,"originLevel":0,"hasRecord":false,"recordRelation":null,"status":"current","disputed":false,"precision":"koaza","areaKey":"07210008008","elements":["kura"],"summary":"要素辞書に一致（kura）。出典による裏づけは未確認。","zones":[],"dataset":"candidates"}},{"type":"Feature","geometry":{"type":"Point","coordinates":[140.468366,37.635251]},"properties":{"id":"07-e8bdaf8b42","name":"蛇森","reading":null,"pref":"福島県","prefCode":"07","municipality":"二本松市","hazardTypes":["slope_failure","debris_flow"],"evidenceLevel":0,"originLevel":0,"hasRecord":false,"recordRelation":null,"status":"current","disputed":false,"precision":"koaza","areaKey":"07210008008","elements":["ja"],"summary":"要素辞書に一致（ja）。出典による裏づけは未確認。","zones":[],"dataset":"candidates"}},{"type":"Feature","geometry":{"type":"Point","coordinates":[140.430552,37.550934]},"properties":{"id":"07-6592e4acb8","name":"菅田","reading":"スガタ","pref":"福島県","prefCode":"07","municipality":"二本松市","hazardTypes":["landslide","soft_ground"],"evidenceLevel":0,"originLevel":0,"hasRecord":false,"recordRelation":null,"status":"current","disputed":false,"precision":"oaza","areaKey":null,"elements":["wetland_plants"],"summary":"要素辞書に一致（wetland_plants）。出典による裏づけは未確認。","zones":[],"dataset":"candidates"}},{"type":"Feature","geometry":{"type":"Point","coordinates":[140.466918,37.538492]},"properties":{"id":"07-b57e726ca1","name":"芹沢","reading":"セリサワ","pref":"福島県","prefCode":"07","municipality":"二本松市","hazardTypes":["landslide","soft_ground"],"evidenceLevel":0,"originLevel":0,"hasRecord":false,"recordRelation":null,"status":"current","disputed":false,"precision":"oaza","areaKey":null,"elements":["wetland_plants"],"summary":"要素辞書に一致（wetland_plants）。出典による裏づけは未確認。","zones":[],"dataset":"candidates"}},{"type":"Feature","geometry":{"type":"Point","coordinates":[140.424313,37.560723]},"properties":{"id":"07-afc8d497d4","name":"長者宮","reading":"チョウジャミヤ","pref":"福島県","prefCode":"07","municipality":"二本松市","hazardTypes":["slope_failure"],"evidenceLevel":0,"originLevel":0,"hasRecord":false,"recordRelation":null,"status":"current","disputed":false,"precision":"oaza","areaKey":"07210004013","elements":["tsubu_chou"],"summary":"要素辞書に一致（tsubu_chou）。出典による裏づけは未確認。","zones":[],"dataset":"candidates"}},{"type":"Feature","geometry":{"type":"Point","coordinates":[140.383206,37.593916]},"properties":{"id":"07-30e9c14507","name":"原セ川原","reading":"ハラセカワハラ","pref":"福島県","prefCode":"07","municipality":"二本松市","hazardTypes":["flood"],"evidenceLevel":0,"originLevel":0,"hasRecord":false,"recordRelation":null,"status":"current","disputed":false,"precision":"oaza","areaKey":null,"elements":["kawara"],"summary":"要素辞書に一致（kawara）。出典による裏づけは未確認。","zones":[],"dataset":"candidates"}},{"type":"Feature","geometry":{"type":"Point","coordinates":[140.349949,37.576538]},"properties":{"id":"07-7f6a5e963a","name":"馬場平","reading":"ババダイラ","pref":"福島県","prefCode":"07","municipality":"二本松市","hazardTypes":["slope_failure"],"evidenceLevel":0,"originLevel":0,"hasRecord":false,"recordRelation":null,"status":"current","disputed":false,"precision":"oaza","areaKey":"07210004023","elements":["baba"],"summary":"要素辞書に一致（baba）。出典による裏づけは未確認。","zones":[],"dataset":"candidates"}},{"type":"Feature","geometry":{"type":"Point","coordinates":[140.456894,37.614512]},"properties":{"id":"07-460174fe10","name":"北小豆田","reading":null,"pref":"福島県","prefCode":"07","municipality":"二本松市","hazardTypes":["debris_flow","slope_failure"],"evidenceLevel":0,"originLevel":0,"hasRecord":false,"recordRelation":null,"status":"current","disputed":false,"precision":"koaza","areaKey":null,"elements":["azu"],"summary":"要素辞書に一致（azu）。出典による裏づけは未確認。","zones":[],"dataset":"candidates"}},{"type":"Feature","geometry":{"type":"Point","coordinates":[140.453888,37.614592]},"properties":{"id":"07-1d68795a7b","name":"南小豆田","reading":null,"pref":"福島県","prefCode":"07","municipality":"二本松市","hazardTypes":["debris_flow","slope_failure"],"evidenceLevel":0,"originLevel":0,"hasRecord":false,"recordRelation":null,"status":"current","disputed":false,"precision":"koaza","areaKey":null,"elements":["azu"],"summary":"要素辞書に一致（azu）。出典による裏づけは未確認。","zones":[],"dataset":"candidates"}},{"type":"Feature","geometry":{"type":"Point","coordinates":[140.443736,37.616953]},"properties":{"id":"07-7aaf361916","name":"古川","reading":null,"pref":"福島県","prefCode":"07","municipality":"二本松市","hazardTypes":["flood","inundation"],"evidenceLevel":0,"originLevel":0,"hasRecord":false,"recordRelation":null,"status":"current","disputed":false,"precision":"koaza","areaKey":null,"elements":["furukawa"],"summary":"要素辞書に一致（furukawa）。出典による裏づけは未確認。","zones":[],"dataset":"candidates"}},{"type":"Feature","geometry":{"type":"Point","coordinates":[140.44954,37.615037]},"properties":{"id":"07-fa2bb76376","name":"川原","reading":null,"pref":"福島県","prefCode":"07","municipality":"二本松市","hazardTypes":["flood"],"evidenceLevel":0,"originLevel":0,"hasRecord":false,"recordRelation":null,"status":"current","disputed":false,"precision":"koaza","areaKey":null,"elements":["kawara"],"summary":"要素辞書に一致（kawara）。出典による裏づけは未確認。","zones":[],"dataset":"candidates"}},{"type":"Feature","geometry":{"type":"Point","coordinates":[140.449077,37.606493]},"properties":{"id":"07-0132d06573","name":"庚申山","reading":null,"pref":"福島県","prefCode":"07","municipality":"二本松市","hazardTypes":["slope_failure"],"evidenceLevel":0,"originLevel":0,"hasRecord":false,"recordRelation":null,"status":"current","disputed":false,"precision":"koaza","areaKey":null,"elements":["saru"],"summary":"要素辞書に一致（saru）。出典による裏づけは未確認。","zones":[],"dataset":"candidates"}},{"type":"Feature","geometry":{"type":"Point","coordinates":[140.45465,37.611839]},"properties":{"id":"07-ffff38214c","name":"柿ノ作","reading":null,"pref":"福島県","prefCode":"07","municipality":"二本松市","hazardTypes":["slope_failure"],"evidenceLevel":0,"originLevel":0,"hasRecord":false,"recordRelation":null,"status":"current","disputed":false,"precision":"koaza","areaKey":null,"elements":["kake"],"summary":"要素辞書に一致（kake）。出典による裏づけは未確認。","zones":[],"dataset":"candidates"}},{"type":"Feature","geometry":{"type":"Point","coordinates":[140.433748,37.611743]},"properties":{"id":"07-a714a89b7e","name":"根岸","reading":null,"pref":"福島県","prefCode":"07","municipality":"二本松市","hazardTypes":["slope_failure"],"evidenceLevel":0,"originLevel":0,"hasRecord":false,"recordRelation":null,"status":"current","disputed":false,"precision":"koaza","areaKey":null,"elements":["kake"],"summary":"要素辞書に一致（kake）。出典による裏づけは未確認。","zones":[],"dataset":"candidates"}},{"type":"Feature","geometry":{"type":"Point","coordinates":[140.430997,37.613425]},"properties":{"id":"07-058f8e76bc","name":"根岸山","reading":null,"pref":"福島県","prefCode":"07","municipality":"二本松市","hazardTypes":["slope_failure"],"evidenceLevel":0,"originLevel":0,"hasRecord":false,"recordRelation":null,"status":"current","disputed":false,"precision":"koaza","areaKey":null,"elements":["kake"],"summary":"要素辞書に一致（kake）。出典による裏づけは未確認。","zones":[],"dataset":"candidates"}},{"type":"Feature","geometry":{"type":"Point","coordinates":[140.455309,37.617591]},"properties":{"id":"07-2641b936f8","name":"石倉","reading":null,"pref":"福島県","prefCode":"07","municipality":"二本松市","hazardTypes":["slope_failure","rockfall"],"evidenceLevel":0,"originLevel":0,"hasRecord":false,"recordRelation":null,"status":"current","disputed":false,"precision":"koaza","areaKey":null,"elements":["kura"],"summary":"要素辞書に一致（kura）。出典による裏づけは未確認。","zones":[],"dataset":"candidates"}},{"type":"Feature","geometry":{"type":"Point","coordinates":[140.466713,37.604468]},"properties":{"id":"07-caf604ef5d","name":"野辺川原","reading":null,"pref":"福島県","prefCode":"07","municipality":"二本松市","hazardTypes":["flood"],"evidenceLevel":0,"originLevel":0,"hasRecord":false,"recordRelation":null,"status":"current","disputed":false,"precision":"koaza","areaKey":null,"elements":["kawara"],"summary":"要素辞書に一致（kawara）。出典による裏づけは未確認。","zones":[],"dataset":"candidates"}},{"type":"Feature","geometry":{"type":"Point","coordinates":[140.428901,37.64209]},"properties":{"id":"07-cbec1ff45d","name":"吉倉","reading":"ヨシクラ","pref":"福島県","prefCode":"07","municipality":"二本松市","hazardTypes":["slope_failure","rockfall"],"evidenceLevel":0,"originLevel":0,"hasRecord":false,"recordRelation":null,"status":"current","disputed":false,"precision":"oaza","areaKey":null,"elements":["kura"],"summary":"要素辞書に一致（kura）。出典による裏づけは未確認。","zones":[],"dataset":"candidates"}},{"type":"Feature","geometry":{"type":"Point","coordinates":[140.481045,37.637002]},"properties":{"id":"07-0f17492941","name":"下川原田","reading":null,"pref":"福島県","prefCode":"07","municipality":"二本松市","hazardTypes":["flood"],"evidenceLevel":0,"originLevel":0,"hasRecord":false,"recordRelation":null,"status":"current","disputed":false,"precision":"koaza","areaKey":null,"elements":["kawara"],"summary":"要素辞書に一致（kawara）。出典による裏づけは未確認。","zones":[],"dataset":"candidates"}},{"type":"Feature","geometry":{"type":"Point","coordinates":[140.478465,37.638403]},"properties":{"id":"07-29dc833061","name":"川原田","reading":null,"pref":"福島県","prefCode":"07","municipality":"二本松市","hazardTypes":["flood"],"evidenceLevel":0,"originLevel":0,"hasRecord":false,"recordRelation":null,"status":"current","disputed":false,"precision":"koaza","areaKey":null,"elements":["kawara"],"summary":"要素辞書に一致（kawara）。出典による裏づけは未確認。","zones":[],"dataset":"candidates"}},{"type":"Feature","geometry":{"type":"Point","coordinates":[140.638359,37.372777]},"properties":{"id":"07-c0aba9cdec","name":"上川原","reading":null,"pref":"福島県","prefCode":"07","municipality":"田村市","hazardTypes":["flood"],"evidenceLevel":0,"originLevel":0,"hasRecord":false,"recordRelation":null,"status":"current","disputed":false,"precision":"koaza","areaKey":"072110240","elements":["kawara"],"summary":"要素辞書に一致（kawara）。出典による裏づけは未確認。","zones":[],"dataset":"candidates"}},{"type":"Feature","geometry":{"type":"Point","coordinates":[140.626344,37.392932]},"properties":{"id":"07-2bda57474c","name":"古川","reading":null,"pref":"福島県","prefCode":"07","municipality":"田村市","hazardTypes":["flood","inundation"],"evidenceLevel":0,"originLevel":0,"hasRecord":false,"recordRelation":null,"status":"current","disputed":false,"precision":"koaza","areaKey":"072110240","elements":["furukawa"],"summary":"要素辞書に一致（furukawa）。出典による裏づけは未確認。","zones":[],"dataset":"candidates"}},{"type":"Feature","geometry":{"type":"Point","coordinates":[140.619255,37.371086]},"properties":{"id":"07-ca8d262607","name":"大久保","reading":null,"pref":"福島県","prefCode":"07","municipality":"田村市","hazardTypes":["slope_failure","inundation","landslide"],"evidenceLevel":0,"originLevel":0,"hasRecord":false,"recordRelation":null,"status":"current","disputed":false,"precision":"koaza","areaKey":"072110240","elements":["afu_oo","kubo"],"summary":"要素辞書に一致（afu_oo・kubo）。出典による裏づけは未確認。","zones":[],"dataset":"candidates"}},{"type":"Feature","geometry":{"type":"Point","coordinates":[140.646155,37.371815]},"properties":{"id":"07-b480f822f4","name":"馬場","reading":null,"pref":"福島県","prefCode":"07","municipality":"田村市","hazardTypes":["slope_failure"],"evidenceLevel":0,"originLevel":0,"hasRecord":false,"recordRelation":null,"status":"current","disputed":false,"precision":"koaza","areaKey":"072110240","elements":["baba"],"summary":"要素辞書に一致（baba）。出典による裏づけは未確認。","zones":[],"dataset":"candidates"}},{"type":"Feature","geometry":{"type":"Point","coordinates":[140.606809,37.355158]},"properties":{"id":"07-b6081013e8","name":"馬場平","reading":null,"pref":"福島県","prefCode":"07","municipality":"田村市","hazardTypes":["slope_failure"],"evidenceLevel":0,"originLevel":0,"hasRecord":false,"recordRelation":null,"status":"current","disputed":false,"precision":"koaza","areaKey":"072110270","elements":["baba"],"summary":"要素辞書に一致（baba）。出典による裏づけは未確認。","zones":[],"dataset":"candidates"}},{"type":"Feature","geometry":{"type":"Point","coordinates":[140.640485,37.406324]},"properties":{"id":"07-f44fb33e2a","name":"白井倉","reading":null,"pref":"福島県","prefCode":"07","municipality":"田村市","hazardTypes":["slope_failure","rockfall"],"evidenceLevel":0,"originLevel":0,"hasRecord":false,"recordRelation":null,"status":"current","disputed":false,"precision":"koaza","areaKey":"072110250","elements":["kura"],"summary":"要素辞書に一致（kura）。出典による裏づけは未確認。","zones":[],"dataset":"candidates"}},{"type":"Feature","geometry":{"type":"Point","coordinates":[140.606934,37.36356]},"properties":{"id":"07-868f3efb43","name":"鍛冶屋","reading":null,"pref":"福島県","prefCode":"07","municipality":"田村市","hazardTypes":["slope_failure"],"evidenceLevel":0,"originLevel":0,"hasRecord":false,"recordRelation":null,"status":"current","disputed":false,"precision":"koaza","areaKey":"072110260","elements":["kaji_kamu"],"summary":"要素辞書に一致（kaji_kamu）。出典による裏づけは未確認。","zones":[],"dataset":"candidates"}},{"type":"Feature","geometry":{"type":"Point","coordinates":[140.662503,37.323113]},"properties":{"id":"07-b041b47b30","name":"河原","reading":null,"pref":"福島県","prefCode":"07","municipality":"田村市","hazardTypes":["flood"],"evidenceLevel":0,"originLevel":0,"hasRecord":false,"recordRelation":null,"status":"current","disputed":false,"precision":"koaza","areaKey":"072110210","elements":["kawara"],"summary":"要素辞書に一致（kawara）。出典による裏づけは未確認。","zones":[],"dataset":"candidates"}},{"type":"Feature","geometry":{"type":"Point","coordinates":[140.644178,37.349219]},"properties":{"id":"07-8fa6681809","name":"滝根町菅谷","reading":"タキネマチスガヤ","pref":"福島県","prefCode":"07","municipality":"田村市","hazardTypes":["landslide","soft_ground"],"evidenceLevel":0,"originLevel":0,"hasRecord":false,"recordRelation":null,"status":"current","disputed":false,"precision":"oaza","areaKey":"072110230","elements":["wetland_plants"],"summary":"要素辞書に一致（wetland_plants）。出典による裏づけは未確認。","zones":[],"dataset":"candidates"}},{"type":"Feature","geometry":{"type":"Point","coordinates":[140.652206,37.356567]},"properties":{"id":"07-1ffd744970","name":"安土前","reading":null,"pref":"福島県","prefCode":"07","municipality":"田村市","hazardTypes":["debris_flow","slope_failure"],"evidenceLevel":0,"originLevel":0,"hasRecord":false,"recordRelation":null,"status":"current","disputed":false,"precision":"koaza","areaKey":"072110230","elements":["azu"],"summary":"要素辞書に一致（azu）。出典による裏づけは未確認。","zones":[],"dataset":"candidates"}},{"type":"Feature","geometry":{"type":"Point","coordinates":[140.654925,37.345815]},"properties":{"id":"07-39d6a6b4fc","name":"猪々折作","reading":null,"pref":"福島県","prefCode":"07","municipality":"田村市","hazardTypes":["landslide","soft_ground"],"evidenceLevel":0,"originLevel":0,"hasRecord":false,"recordRelation":null,"status":"current","disputed":false,"precision":"koaza","areaKey":"072110230","elements":["shishi"],"summary":"要素辞書に一致（shishi）。出典による裏づけは未確認。","zones":[],"dataset":"candidates"}},{"type":"Feature","geometry":{"type":"Point","coordinates":[140.629773,37.358853]},"properties":{"id":"07-55648ad60e","name":"猿内入","reading":null,"pref":"福島県","prefCode":"07","municipality":"田村市","hazardTypes":["slope_failure"],"evidenceLevel":0,"originLevel":0,"hasRecord":false,"recordRelation":null,"status":"current","disputed":false,"precision":"koaza","areaKey":"072110230","elements":["saru"],"summary":"要素辞書に一致（saru）。出典による裏づけは未確認。","zones":[],"dataset":"candidates"}},{"type":"Feature","geometry":{"type":"Point","coordinates":[140.648447,37.347721]},"properties":{"id":"07-41e268bd43","name":"芦畑","reading":null,"pref":"福島県","prefCode":"07","municipality":"田村市","hazardTypes":["flood","inundation"],"evidenceLevel":0,"originLevel":0,"hasRecord":false,"recordRelation":null,"status":"current","disputed":false,"precision":"koaza","areaKey":"072110230","elements":["ashi"],"summary":"要素辞書に一致（ashi）。出典による裏づけは未確認。","zones":[],"dataset":"candidates"}},{"type":"Feature","geometry":{"type":"Point","coordinates":[140.667785,37.341006]},"properties":{"id":"07-4c340c6957","name":"菅","reading":null,"pref":"福島県","prefCode":"07","municipality":"田村市","hazardTypes":["landslide","soft_ground"],"evidenceLevel":0,"originLevel":0,"hasRecord":false,"recordRelation":null,"status":"current","disputed":false,"precision":"koaza","areaKey":"072110230","elements":["wetland_plants"],"summary":"要素辞書に一致（wetland_plants）。出典による裏づけは未確認。","zones":[],"dataset":"candidates"}},{"type":"Feature","geometry":{"type":"Point","coordinates":[140.656034,37.342202]},"properties":{"id":"07-16857d25e9","name":"過足内","reading":null,"pref":"福島県","prefCode":"07","municipality":"田村市","hazardTypes":["flood","inundation"],"evidenceLevel":0,"originLevel":0,"hasRecord":false,"recordRelation":null,"status":"current","disputed":false,"precision":"koaza","areaKey":"072110230","elements":["ashi"],"summary":"要素辞書に一致（ashi）。出典による裏づけは未確認。","zones":[],"dataset":"candidates"}},{"type":"Feature","geometry":{"type":"Point","coordinates":[140.653405,37.280192]},"properties":{"id":"07-f143af09ba","name":"川原町","reading":null,"pref":"福島県","prefCode":"07","municipality":"田村市","hazardTypes":["flood"],"evidenceLevel":0,"originLevel":0,"hasRecord":false,"recordRelation":null,"status":"current","disputed":false,"precision":"koaza","areaKey":"072110220","elements":["kawara"],"summary":"要素辞書に一致（kawara）。出典による裏づけは未確認。","zones":[],"dataset":"candidates"}},{"type":"Feature","geometry":{"type":"Point","coordinates":[140.649648,37.284123]},"properties":{"id":"07-21d16c44c7","name":"川除","reading":null,"pref":"福島県","prefCode":"07","municipality":"田村市","hazardTypes":["flood"],"evidenceLevel":0,"originLevel":0,"hasRecord":false,"recordRelation":null,"status":"current","disputed":false,"precision":"koaza","areaKey":"072110220","elements":["kawayoke"],"summary":"要素辞書に一致（kawayoke）。出典による裏づけは未確認。","zones":[],"dataset":"candidates"}},{"type":"Feature","geometry":{"type":"Point","coordinates":[140.655369,37.293133]},"properties":{"id":"07-035bbccd75","name":"猿ヶ坂","reading":null,"pref":"福島県","prefCode":"07","municipality":"田村市","hazardTypes":["slope_failure"],"evidenceLevel":0,"originLevel":0,"hasRecord":false,"recordRelation":null,"status":"current","disputed":false,"precision":"koaza","areaKey":"072110220","elements":["saru"],"summary":"要素辞書に一致（saru）。出典による裏づけは未確認。","zones":[],"dataset":"candidates"}},{"type":"Feature","geometry":{"type":"Point","coordinates":[140.645889,37.299429]},"properties":{"id":"07-1d011d9c1d","name":"蛇内","reading":null,"pref":"福島県","prefCode":"07","municipality":"田村市","hazardTypes":["slope_failure","debris_flow"],"evidenceLevel":0,"originLevel":0,"hasRecord":false,"recordRelation":null,"status":"current","disputed":false,"precision":"koaza","areaKey":"072110220","elements":["ja"],"summary":"要素辞書に一致（ja）。出典による裏づけは未確認。","zones":[],"dataset":"candidates"}},{"type":"Feature","geometry":{"type":"Point","coordinates":[140.614753,37.459427]},"properties":{"id":"07-1758388580","name":"常葉町鹿山","reading":"トキワマチカヤマ","pref":"福島県","prefCode":"07","municipality":"田村市","hazardTypes":["landslide","soft_ground"],"evidenceLevel":0,"originLevel":0,"hasRecord":false,"recordRelation":null,"status":"current","disputed":false,"precision":"oaza","areaKey":null,"elements":["shishi"],"summary":"要素辞書に一致（shishi）。出典による裏づけは未確認。","zones":[],"dataset":"candidates"}},{"type":"Feature","geometry":{"type":"Point","coordinates":[140.601333,37.443502]},"properties":{"id":"07-a29c2ea7e5","name":"下川原","reading":null,"pref":"福島県","prefCode":"07","municipality":"田村市","hazardTypes":["flood"],"evidenceLevel":0,"originLevel":0,"hasRecord":false,"recordRelation":null,"status":"current","disputed":false,"precision":"koaza","areaKey":null,"elements":["kawara"],"summary":"要素辞書に一致（kawara）。出典による裏づけは未確認。","zones":[],"dataset":"candidates"}},{"type":"Feature","geometry":{"type":"Point","coordinates":[140.614024,37.441584]},"properties":{"id":"07-7886786f65","name":"向川原","reading":null,"pref":"福島県","prefCode":"07","municipality":"田村市","hazardTypes":["flood"],"evidenceLevel":0,"originLevel":0,"hasRecord":false,"recordRelation":null,"status":"current","disputed":false,"precision":"koaza","areaKey":null,"elements":["kawara"],"summary":"要素辞書に一致（kawara）。出典による裏づけは未確認。","zones":[],"dataset":"candidates"}},{"type":"Feature","geometry":{"type":"Point","coordinates":[140.599685,37.443697]},"properties":{"id":"07-0fe2446635","name":"柿平","reading":null,"pref":"福島県","prefCode":"07","municipality":"田村市","hazardTypes":["slope_failure"],"evidenceLevel":0,"originLevel":0,"hasRecord":false,"recordRelation":null,"status":"current","disputed":false,"precision":"koaza","areaKey":null,"elements":["kake"],"summary":"要素辞書に一致（kake）。出典による裏づけは未確認。","zones":[],"dataset":"candidates"}},{"type":"Feature","geometry":{"type":"Point","coordinates":[140.612392,37.444539]},"properties":{"id":"07-52d94b334b","name":"菅田","reading":null,"pref":"福島県","prefCode":"07","municipality":"田村市","hazardTypes":["landslide","soft_ground"],"evidenceLevel":0,"originLevel":0,"hasRecord":false,"recordRelation":null,"status":"current","disputed":false,"precision":"koaza","areaKey":null,"elements":["wetland_plants"],"summary":"要素辞書に一致（wetland_plants）。出典による裏づけは未確認。","zones":[],"dataset":"candidates"}},{"type":"Feature","geometry":{"type":"Point","coordinates":[140.537793,37.40306]},"properties":{"id":"07-f62e5979f8","name":"船引町芦沢","reading":"フネヒキマチアシザワ","pref":"福島県","prefCode":"07","municipality":"田村市","hazardTypes":["flood","inundation"],"evidenceLevel":0,"originLevel":0,"hasRecord":false,"recordRelation":null,"status":"current","disputed":false,"precision":"oaza","areaKey":"072110150","elements":["ashi"],"summary":"要素辞書に一致（ashi）。出典による裏づけは未確認。","zones":[],"dataset":"candidates"}},{"type":"Feature","geometry":{"type":"Point","coordinates":[140.533418,37.422286]},"properties":{"id":"07-e701683a74","name":"小倉","reading":null,"pref":"福島県","prefCode":"07","municipality":"田村市","hazardTypes":["slope_failure","rockfall"],"evidenceLevel":0,"originLevel":0,"hasRecord":false,"recordRelation":null,"status":"current","disputed":false,"precision":"koaza","areaKey":"072110150","elements":["kura"],"summary":"要素辞書に一致（kura）。出典による裏づけは未確認。","zones":[],"dataset":"candidates"}},{"type":"Feature","geometry":{"type":"Point","coordinates":[140.553903,37.41986]},"properties":{"id":"07-680536d5d0","name":"馬場尻","reading":null,"pref":"福島県","prefCode":"07","municipality":"田村市","hazardTypes":["slope_failure"],"evidenceLevel":0,"originLevel":0,"hasRecord":false,"recordRelation":null,"status":"current","disputed":false,"precision":"koaza","areaKey":"072110150","elements":["baba"],"summary":"要素辞書に一致（baba）。出典による裏づけは未確認。","zones":[],"dataset":"candidates"}},{"type":"Feature","geometry":{"type":"Point","coordinates":[140.59641,37.428297]},"properties":{"id":"07-1f3e0b4563","name":"鳥足","reading":null,"pref":"福島県","prefCode":"07","municipality":"田村市","hazardTypes":["flood","inundation"],"evidenceLevel":0,"originLevel":0,"hasRecord":false,"recordRelation":null,"status":"current","disputed":false,"precision":"koaza","areaKey":"072110010","elements":["ashi"],"summary":"要素辞書に一致（ashi）。出典による裏づけは未確認。","zones":[],"dataset":"candidates"}},{"type":"Feature","geometry":{"type":"Point","coordinates":[140.568478,37.492876]},"properties":{"id":"07-29e66e234c","name":"船引町大倉","reading":"フネヒキマチオオクラ","pref":"福島県","prefCode":"07","municipality":"田村市","hazardTypes":["slope_failure","rockfall"],"evidenceLevel":0,"originLevel":0,"hasRecord":false,"recordRelation":null,"status":"current","disputed":false,"precision":"oaza","areaKey":"072110100","elements":["kura"],"summary":"要素辞書に一致（kura）。出典による裏づけは未確認。","zones":[],"dataset":"candidates"}},{"type":"Feature","geometry":{"type":"Point","coordinates":[140.567376,37.473929]},"properties":{"id":"07-0ccd9d53b5","name":"船引町門鹿","reading":"フネヒキマチカドシカ","pref":"福島県","prefCode":"07","municipality":"田村市","hazardTypes":["landslide","soft_ground"],"evidenceLevel":0,"originLevel":0,"hasRecord":false,"recordRelation":null,"status":"current","disputed":false,"precision":"oaza","areaKey":null,"elements":["shishi"],"summary":"要素辞書に一致（shishi）。出典による裏づけは未確認。","zones":[],"dataset":"candidates"}},{"type":"Feature","geometry":{"type":"Point","coordinates":[140.594812,37.468834]},"properties":{"id":"07-6d36388a33","name":"船引町北鹿又","reading":"フネヒキマチキタカノマタ","pref":"福島県","prefCode":"07","municipality":"田村市","hazardTypes":["landslide","soft_ground"],"evidenceLevel":0,"originLevel":0,"hasRecord":false,"recordRelation":null,"status":"current","disputed":false,"precision":"oaza","areaKey":null,"elements":["shishi"],"summary":"要素辞書に一致（shishi）。出典による裏づけは未確認。","zones":[],"dataset":"candidates"}},{"type":"Feature","geometry":{"type":"Point","coordinates":[140.580287,37.465251]},"properties":{"id":"07-aeb8aa27f8","name":"地蔵後","reading":null,"pref":"福島県","prefCode":"07","municipality":"田村市","hazardTypes":["slope_failure","rockfall"],"evidenceLevel":0,"originLevel":0,"hasRecord":false,"recordRelation":null,"status":"current","disputed":false,"precision":"koaza","areaKey":null,"elements":["kura"],"summary":"要素辞書に一致（kura）。出典による裏づけは未確認。","zones":[],"dataset":"candidates"}},{"type":"Feature","geometry":{"type":"Point","coordinates":[140.567104,37.456273]},"properties":{"id":"07-081b40f565","name":"柿ノ木平","reading":null,"pref":"福島県","prefCode":"07","municipality":"田村市","hazardTypes":["slope_failure"],"evidenceLevel":0,"originLevel":0,"hasRecord":false,"recordRelation":null,"status":"current","disputed":false,"precision":"koaza","areaKey":null,"elements":["kake"],"summary":"要素辞書に一致（kake）。出典による裏づけは未確認。","zones":[],"dataset":"candidates"}},{"type":"Feature","geometry":{"type":"Point","coordinates":[140.541863,37.450642]},"properties":{"id":"07-47c64577c5","name":"近馬場","reading":null,"pref":"福島県","prefCode":"07","municipality":"田村市","hazardTypes":["slope_failure"],"evidenceLevel":0,"originLevel":0,"hasRecord":false,"recordRelation":null,"status":"current","disputed":false,"precision":"koaza","areaKey":null,"elements":["baba"],"summary":"要素辞書に一致（baba）。出典による裏づけは未確認。","zones":[],"dataset":"candidates"}},{"type":"Feature","geometry":{"type":"Point","coordinates":[140.540639,37.455927]},"properties":{"id":"07-3cbc69a978","name":"遠馬場","reading":null,"pref":"福島県","prefCode":"07","municipality":"田村市","hazardTypes":["slope_failure"],"evidenceLevel":0,"originLevel":0,"hasRecord":false,"recordRelation":null,"status":"current","disputed":false,"precision":"koaza","areaKey":null,"elements":["baba"],"summary":"要素辞書に一致（baba）。出典による裏づけは未確認。","zones":[],"dataset":"candidates"}},{"type":"Feature","geometry":{"type":"Point","coordinates":[140.540629,37.427556]},"properties":{"id":"07-61ced4c01d","name":"田ノ倉","reading":null,"pref":"福島県","prefCode":"07","municipality":"田村市","hazardTypes":["slope_failure","rockfall"],"evidenceLevel":0,"originLevel":0,"hasRecord":false,"recordRelation":null,"status":"current","disputed":false,"precision":"koaza","areaKey":null,"elements":["kura"],"summary":"要素辞書に一致（kura）。出典による裏づけは未確認。","zones":[],"dataset":"candidates"}},{"type":"Feature","geometry":{"type":"Point","coordinates":[140.545665,37.427259]},"properties":{"id":"07-600b53ae79","name":"飛平","reading":null,"pref":"福島県","prefCode":"07","municipality":"田村市","hazardTypes":["slope_failure","debris_flow"],"evidenceLevel":0,"originLevel":0,"hasRecord":false,"recordRelation":null,"status":"current","disputed":false,"precision":"koaza","areaKey":null,"elements":["tobi"],"summary":"要素辞書に一致（tobi）。出典による裏づけは未確認。","zones":[],"dataset":"candidates"}},{"type":"Feature","geometry":{"type":"Point","coordinates":[140.583054,37.423437]},"properties":{"id":"07-fcac20efe3","name":"柿木下","reading":null,"pref":"福島県","prefCode":"07","municipality":"田村市","hazardTypes":["slope_failure"],"evidenceLevel":0,"originLevel":0,"hasRecord":false,"recordRelation":null,"status":"current","disputed":false,"precision":"koaza","areaKey":"072110020","elements":["kake"],"summary":"要素辞書に一致（kake）。出典による裏づけは未確認。","zones":[],"dataset":"candidates"}},{"type":"Feature","geometry":{"type":"Point","coordinates":[140.570177,37.441701]},"properties":{"id":"07-99599925a2","name":"馬場川原","reading":null,"pref":"福島県","prefCode":"07","municipality":"田村市","hazardTypes":["flood","slope_failure"],"evidenceLevel":0,"originLevel":0,"hasRecord":false,"recordRelation":null,"status":"current","disputed":false,"precision":"koaza","areaKey":"072110020","elements":["kawara","baba"],"summary":"要素辞書に一致（kawara・baba）。出典による裏づけは未確認。","zones":[],"dataset":"candidates"}},{"type":"Feature","geometry":{"type":"Point","coordinates":[140.970774,37.547769]},"properties":{"id":"07-932c8c764c","name":"水溜","reading":null,"pref":"福島県","prefCode":"07","municipality":"南相馬市","hazardTypes":["inundation"],"evidenceLevel":0,"originLevel":0,"hasRecord":false,"recordRelation":null,"status":"current","disputed":false,"precision":"koaza","areaKey":null,"elements":["mizuiri"],"summary":"要素辞書に一致（mizuiri）。出典による裏づけは未確認。","zones":[],"dataset":"candidates"}},{"type":"Feature","geometry":{"type":"Point","coordinates":[141.001524,37.563263]},"properties":{"id":"07-2e93dab550","name":"深町","reading":null,"pref":"福島県","prefCode":"07","municipality":"南相馬市","hazardTypes":["soft_ground","inundation"],"evidenceLevel":0,"originLevel":0,"hasRecord":false,"recordRelation":null,"status":"current","disputed":false,"precision":"koaza","areaKey":"072120770","elements":["fuke"],"summary":"要素辞書に一致（fuke）。出典による裏づけは未確認。","zones":[],"dataset":"candidates"}},{"type":"Feature","geometry":{"type":"Point","coordinates":[140.946728,37.541701]},"properties":{"id":"07-ff0ae4ee94","name":"南川原","reading":null,"pref":"福島県","prefCode":"07","municipality":"南相馬市","hazardTypes":["flood"],"evidenceLevel":0,"originLevel":0,"hasRecord":false,"recordRelation":null,"status":"current","disputed":false,"precision":"koaza","areaKey":"072120890","elements":["kawara"],"summary":"要素辞書に一致（kawara）。出典による裏づけは未確認。","zones":[],"dataset":"candidates"}},{"type":"Feature","geometry":{"type":"Point","coordinates":[140.921842,37.557846]},"properties":{"id":"07-065a9e8bed","name":"荻窪","reading":null,"pref":"福島県","prefCode":"07","municipality":"南相馬市","hazardTypes":["slope_failure","inundation","landslide"],"evidenceLevel":0,"originLevel":0,"hasRecord":false,"recordRelation":null,"status":"current","disputed":false,"precision":"koaza","areaKey":"072120821","elements":["suki_hagu","kubo"],"summary":"要素辞書に一致（suki_hagu・kubo）。出典による裏づけは未確認。","zones":[],"dataset":"candidates"}},{"type":"Feature","geometry":{"type":"Point","coordinates":[141.01014,37.56053]},"properties":{"id":"07-486522a915","name":"下川原田","reading":null,"pref":"福島県","prefCode":"07","municipality":"南相馬市","hazardTypes":["flood"],"evidenceLevel":0,"originLevel":0,"hasRecord":false,"recordRelation":null,"status":"current","disputed":false,"precision":"koaza","areaKey":"072120750","elements":["kawara"],"summary":"要素辞書に一致（kawara）。出典による裏づけは未確認。","zones":[],"dataset":"candidates"}},{"type":"Feature","geometry":{"type":"Point","coordinates":[141.008178,37.560846]},"properties":{"id":"07-9c43a93a08","name":"仲川原田","reading":null,"pref":"福島県","prefCode":"07","municipality":"南相馬市","hazardTypes":["flood"],"evidenceLevel":0,"originLevel":0,"hasRecord":false,"recordRelation":null,"status":"current","disputed":false,"precision":"koaza","areaKey":"072120750","elements":["kawara"],"summary":"要素辞書に一致（kawara）。出典による裏づけは未確認。","zones":[],"dataset":"candidates"}},{"type":"Feature","geometry":{"type":"Point","coordinates":[140.96911,37.566898]},"properties":{"id":"07-da00f2a384","name":"鍛冶前","reading":null,"pref":"福島県","prefCode":"07","municipality":"南相馬市","hazardTypes":["slope_failure"],"evidenceLevel":0,"originLevel":0,"hasRecord":false,"recordRelation":null,"status":"current","disputed":false,"precision":"koaza","areaKey":"072120810","elements":["kaji_kamu"],"summary":"要素辞書に一致（kaji_kamu）。出典による裏づけは未確認。","zones":[],"dataset":"candidates"}},{"type":"Feature","geometry":{"type":"Point","coordinates":[140.956117,37.54949]},"properties":{"id":"07-f728aa8ae7","name":"幅下","reading":null,"pref":"福島県","prefCode":"07","municipality":"南相馬市","hazardTypes":["erosion","slope_failure"],"evidenceLevel":0,"originLevel":0,"hasRecord":false,"recordRelation":null,"status":"current","disputed":false,"precision":"koaza","areaKey":"072120900","elements":["haba"],"summary":"要素辞書に一致（haba）。出典による裏づけは未確認。","zones":[],"dataset":"candidates"}},{"type":"Feature","geometry":{"type":"Point","coordinates":[140.963348,37.551434]},"properties":{"id":"07-05607b04aa","name":"幅下前","reading":null,"pref":"福島県","prefCode":"07","municipality":"南相馬市","hazardTypes":["erosion","slope_failure"],"evidenceLevel":0,"originLevel":0,"hasRecord":false,"recordRelation":null,"status":"current","disputed":false,"precision":"koaza","areaKey":"072120900","elements":["haba"],"summary":"要素辞書に一致（haba）。出典による裏づけは未確認。","zones":[],"dataset":"candidates"}},{"type":"Feature","geometry":{"type":"Point","coordinates":[140.928592,37.582438]},"properties":{"id":"07-4754a4138c","name":"小高区羽倉","reading":"オダカクハノクラ","pref":"福島県","prefCode":"07","municipality":"南相馬市","hazardTypes":["slope_failure","rockfall"],"evidenceLevel":0,"originLevel":0,"hasRecord":false,"recordRelation":null,"status":"current","disputed":false,"precision":"oaza","areaKey":"072120850","elements":["kura"],"summary":"要素辞書に一致（kura）。出典による裏づけは未確認。","zones":[],"dataset":"candidates"}},{"type":"Feature","geometry":{"type":"Point","coordinates":[141.025614,37.558673]},"properties":{"id":"07-663e154f94","name":"仲川原","reading":null,"pref":"福島県","prefCode":"07","municipality":"南相馬市","hazardTypes":["flood"],"evidenceLevel":0,"originLevel":0,"hasRecord":false,"recordRelation":null,"status":"current","disputed":false,"precision":"koaza","areaKey":"072121040","elements":["kawara"],"summary":"要素辞書に一致（kawara）。出典による裏づけは未確認。","zones":[],"dataset":"candidates"}},{"type":"Feature","geometry":{"type":"Point","coordinates":[140.970642,37.699529]},"properties":{"id":"07-e900a5690c","name":"鹿島区あさひ","reading":"カシマクアサヒ","pref":"福島県","prefCode":"07","municipality":"南相馬市","hazardTypes":["landslide","soft_ground"],"evidenceLevel":0,"originLevel":0,"hasRecord":false,"recordRelation":null,"status":"current","disputed":false,"precision":"oaza","areaKey":null,"elements":["shishi"],"summary":"要素辞書に一致（shishi）。出典による裏づけは未確認。","zones":[],"dataset":"candidates"}},{"type":"Feature","geometry":{"type":"Point","coordinates":[140.927777,37.71638]},"properties":{"id":"07-7f12af17bd","name":"鹿島区浮田","reading":"カシマクウキタ","pref":"福島県","prefCode":"07","municipality":"南相馬市","hazardTypes":["landslide","soft_ground"],"evidenceLevel":0,"originLevel":0,"hasRecord":false,"recordRelation":null,"status":"current","disputed":false,"precision":"oaza","areaKey":null,"elements":["shishi"],"summary":"要素辞書に一致（shishi）。出典による裏づけは未確認。","zones":[],"dataset":"candidates"}},{"type":"Feature","geometry":{"type":"Point","coordinates":[140.950805,37.706636]},"properties":{"id":"07-26a27f79ed","name":"鹿島区牛河内","reading":"カシマクウシコウチ","pref":"福島県","prefCode":"07","municipality":"南相馬市","hazardTypes":["landslide","soft_ground"],"evidenceLevel":0,"originLevel":0,"hasRecord":false,"recordRelation":null,"status":"current","disputed":false,"precision":"oaza","areaKey":"07212065009","elements":["shishi"],"summary":"要素辞書に一致（shishi）。出典による裏づけは未確認。","zones":[],"dataset":"candidates"}},{"type":"Feature","geometry":{"type":"Point","coordinates":[140.96911,37.691004]},"properties":{"id":"07-853d8d076c","name":"鹿島区江垂","reading":"カシマクエタリ","pref":"福島県","prefCode":"07","municipality":"南相馬市","hazardTypes":["slope_failure","landslide","soft_ground"],"evidenceLevel":0,"originLevel":0,"hasRecord":false,"recordRelation":null,"status":"current","disputed":false,"precision":"oaza","areaKey":"07212064007","elements":["kake","shishi"],"summary":"要素辞書に一致（kake・shishi）。出典による裏づけは未確認。","zones":[],"dataset":"candidates"}},{"type":"Feature","geometry":{"type":"Point","coordinates":[140.993622,37.679893]},"properties":{"id":"07-34c0106342","name":"鹿島区大内","reading":"カシマクオオウチ","pref":"福島県","prefCode":"07","municipality":"南相馬市","hazardTypes":["landslide","soft_ground"],"evidenceLevel":0,"originLevel":0,"hasRecord":false,"recordRelation":null,"status":"current","disputed":false,"precision":"oaza","areaKey":null,"elements":["shishi"],"summary":"要素辞書に一致（shishi）。出典による裏づけは未確認。","zones":[],"dataset":"candidates"}},{"type":"Feature","geometry":{"type":"Point","coordinates":[140.997097,37.674391]},"properties":{"id":"07-597db18567","name":"大久保","reading":null,"pref":"福島県","prefCode":"07","municipality":"南相馬市","hazardTypes":["slope_failure","inundation","landslide"],"evidenceLevel":0,"originLevel":0,"hasRecord":false,"recordRelation":null,"status":"current","disputed":false,"precision":"koaza","areaKey":null,"elements":["afu_oo","kubo"],"summary":"要素辞書に一致（afu_oo・kubo）。出典による裏づけは未確認。","zones":[],"dataset":"candidates"}},{"type":"Feature","geometry":{"type":"Point","coordinates":[140.947141,37.712199]},"properties":{"id":"07-d8dfebdf28","name":"鹿島区岡和田","reading":"カシマクオカワダ","pref":"福島県","prefCode":"07","municipality":"南相馬市","hazardTypes":["landslide","soft_ground"],"evidenceLevel":0,"originLevel":0,"hasRecord":false,"recordRelation":null,"status":"current","disputed":false,"precision":"oaza","areaKey":"07212065010","elements":["shishi"],"summary":"要素辞書に一致（shishi）。出典による裏づけは未確認。","zones":[],"dataset":"candidates"}},{"type":"Feature","geometry":{"type":"Point","coordinates":[140.984439,37.690456]},"properties":{"id":"07-98c72465de","name":"鹿島区小島田","reading":"カシマクオシマダ","pref":"福島県","prefCode":"07","municipality":"南相馬市","hazardTypes":["landslide","soft_ground"],"evidenceLevel":0,"originLevel":0,"hasRecord":false,"recordRelation":null,"status":"current","disputed":false,"precision":"oaza","areaKey":null,"elements":["shishi"],"summary":"要素辞書に一致（shishi）。出典による裏づけは未確認。","zones":[],"dataset":"candidates"}},{"type":"Feature","geometry":{"type":"Point","coordinates":[140.912475,37.737527]},"properties":{"id":"07-6e08637198","name":"鹿島区御山","reading":"カシマクオヤマ","pref":"福島県","prefCode":"07","municipality":"南相馬市","hazardTypes":["landslide","soft_ground"],"evidenceLevel":0,"originLevel":0,"hasRecord":false,"recordRelation":null,"status":"current","disputed":false,"precision":"oaza","areaKey":"07212065003","elements":["shishi"],"summary":"要素辞書に一致（shishi）。出典による裏づけは未確認。","zones":[],"dataset":"candidates"}},{"type":"Feature","geometry":{"type":"Point","coordinates":[140.974803,37.701819]},"properties":{"id":"07-499ec422ff","name":"鹿島区鹿島","reading":"カシマクカシマ","pref":"福島県","prefCode":"07","municipality":"南相馬市","hazardTypes":["landslide","soft_ground"],"evidenceLevel":0,"originLevel":0,"hasRecord":false,"recordRelation":null,"status":"current","disputed":false,"precision":"oaza","areaKey":null,"elements":["shishi"],"summary":"要素辞書に一致（shishi）。出典による裏づけは未確認。","zones":[],"dataset":"candidates"}},{"type":"Feature","geometry":{"type":"Point","coordinates":[140.972648,37.700869]},"properties":{"id":"07-79e5f08adc","name":"北千倉","reading":null,"pref":"福島県","prefCode":"07","municipality":"南相馬市","hazardTypes":["slope_failure","rockfall"],"evidenceLevel":0,"originLevel":0,"hasRecord":false,"recordRelation":null,"status":"current","disputed":false,"precision":"koaza","areaKey":null,"elements":["kura"],"summary":"要素辞書に一致（kura）。出典による裏づけは未確認。","zones":[],"dataset":"candidates"}},{"type":"Feature","geometry":{"type":"Point","coordinates":[140.864286,37.721817]},"properties":{"id":"07-78624100c0","name":"鹿島区上栃窪","reading":"カシマクカミトチクボ","pref":"福島県","prefCode":"07","municipality":"南相馬市","hazardTypes":["landslide","soft_ground","inundation"],"evidenceLevel":0,"originLevel":0,"hasRecord":false,"recordRelation":null,"status":"current","disputed":false,"precision":"oaza","areaKey":"07212065001","elements":["shishi","kubo"],"summary":"要素辞書に一致（shishi・kubo）。出典による裏づけは未確認。","zones":[],"dataset":"candidates"}},{"type":"Feature","geometry":{"type":"Point","coordinates":[141.006918,37.678957]},"properties":{"id":"07-91b98b89ee","name":"鹿島区烏崎","reading":"カシマクカラスザキ","pref":"福島県","prefCode":"07","municipality":"南相馬市","hazardTypes":["landslide","soft_ground"],"evidenceLevel":0,"originLevel":0,"hasRecord":false,"recordRelation":null,"status":"current","disputed":false,"precision":"oaza","areaKey":null,"elements":["shishi"],"summary":"要素辞書に一致（shishi）。出典による裏づけは未確認。","zones":[],"dataset":"candidates"}},{"type":"Feature","geometry":{"type":"Point","coordinates":[140.978601,37.674973]},"properties":{"id":"07-71d6a78f65","name":"鹿島区川子","reading":"カシマクカワゴ","pref":"福島県","prefCode":"07","municipality":"南相馬市","hazardTypes":["landslide","soft_ground"],"evidenceLevel":0,"originLevel":0,"hasRecord":false,"recordRelation":null,"status":"current","disputed":false,"precision":"oaza","areaKey":"07212064005","elements":["shishi"],"summary":"要素辞書に一致（shishi）。出典による裏づけは未確認。","zones":[],"dataset":"candidates"}},{"type":"Feature","geometry":{"type":"Point","coordinates":[140.996872,37.713583]},"properties":{"id":"07-2b3c5a7a4e","name":"鹿島区北海老","reading":"カシマクキタエビ","pref":"福島県","prefCode":"07","municipality":"南相馬市","hazardTypes":["landslide","soft_ground"],"evidenceLevel":0,"originLevel":0,"hasRecord":false,"recordRelation":null,"status":"current","disputed":false,"precision":"oaza","areaKey":null,"elements":["shishi"],"summary":"要素辞書に一致（shishi）。出典による裏づけは未確認。","zones":[],"dataset":"candidates"}},{"type":"Feature","geometry":{"type":"Point","coordinates":[140.988944,37.699958]},"properties":{"id":"07-db1c2a351d","name":"鹿島区北右田","reading":"カシマクキタミギタ","pref":"福島県","prefCode":"07","municipality":"南相馬市","hazardTypes":["landslide","soft_ground"],"evidenceLevel":0,"originLevel":0,"hasRecord":false,"recordRelation":null,"status":"current","disputed":false,"precision":"oaza","areaKey":"07212063006","elements":["shishi"],"summary":"要素辞書に一致（shishi）。出典による裏づけは未確認。","zones":[],"dataset":"candidates"}},{"type":"Feature","geometry":{"type":"Point","coordinates":[140.98852,37.724201]},"properties":{"id":"07-0a69735d69","name":"鹿島区北屋形","reading":"カシマクキタヤカタ","pref":"福島県","prefCode":"07","municipality":"南相馬市","hazardTypes":["landslide","soft_ground"],"evidenceLevel":0,"originLevel":0,"hasRecord":false,"recordRelation":null,"status":"current","disputed":false,"precision":"oaza","areaKey":"07212066005","elements":["shishi"],"summary":"要素辞書に一致（shishi）。出典による裏づけは未確認。","zones":[],"dataset":"candidates"}},{"type":"Feature","geometry":{"type":"Point","coordinates":[140.926931,37.6918]},"properties":{"id":"07-f9bb9a07b5","name":"鹿島区小池","reading":"カシマクコイケ","pref":"福島県","prefCode":"07","municipality":"南相馬市","hazardTypes":["landslide","soft_ground"],"evidenceLevel":0,"originLevel":0,"hasRecord":false,"recordRelation":null,"status":"current","disputed":false,"precision":"oaza","areaKey":null,"elements":["shishi"],"summary":"要素辞書に一致（shishi）。出典による裏づけは未確認。","zones":[],"dataset":"candidates"}},{"type":"Feature","geometry":{"type":"Point","coordinates":[140.916784,37.707724]},"properties":{"id":"07-3507cc25bb","name":"鹿島区小山田","reading":"カシマクコヤマダ","pref":"福島県","prefCode":"07","municipality":"南相馬市","hazardTypes":["landslide","soft_ground"],"evidenceLevel":0,"originLevel":0,"hasRecord":false,"recordRelation":null,"status":"current","disputed":false,"precision":"oaza","areaKey":null,"elements":["shishi"],"summary":"要素辞書に一致（shishi）。出典による裏づけは未確認。","zones":[],"dataset":"candidates"}},{"type":"Feature","geometry":{"type":"Point","coordinates":[140.959294,37.680302]},"properties":{"id":"07-d2f687f77e","name":"鹿島区塩崎","reading":"カシマクシオノサキ","pref":"福島県","prefCode":"07","municipality":"南相馬市","hazardTypes":["landslide","soft_ground"],"evidenceLevel":0,"originLevel":0,"hasRecord":false,"recordRelation":null,"status":"current","disputed":false,"precision":"oaza","areaKey":null,"elements":["shishi"],"summary":"要素辞書に一致（shishi）。出典による裏づけは未確認。","zones":[],"dataset":"candidates"}},{"type":"Feature","geometry":{"type":"Point","coordinates":[140.952844,37.682285]},"properties":{"id":"07-9e459113d0","name":"蛇沼","reading":null,"pref":"福島県","prefCode":"07","municipality":"南相馬市","hazardTypes":["slope_failure","debris_flow","soft_ground","inundation"],"evidenceLevel":0,"originLevel":0,"hasRecord":false,"recordRelation":null,"status":"current","disputed":false,"precision":"koaza","areaKey":null,"elements":["ja","numa_kata"],"summary":"要素辞書に一致（ja・numa_kata）。出典による裏づけは未確認。","zones":[],"dataset":"candidates"}},{"type":"Feature","geometry":{"type":"Point","coordinates":[140.874112,37.69099]},"properties":{"id":"07-c6c10cbc25","name":"鹿島区橲原","reading":"カシマクジサバラ","pref":"福島県","prefCode":"07","municipality":"南相馬市","hazardTypes":["landslide","soft_ground"],"evidenceLevel":0,"originLevel":0,"hasRecord":false,"recordRelation":null,"status":"current","disputed":false,"precision":"oaza","areaKey":null,"elements":["shishi"],"summary":"要素辞書に一致（shishi）。出典による裏づけは未確認。","zones":[],"dataset":"candidates"}},{"type":"Feature","geometry":{"type":"Point","coordinates":[140.934925,37.725791]},"properties":{"id":"07-5d1748016a","name":"鹿島区角川原","reading":"カシマクツノガワラ","pref":"福島県","prefCode":"07","municipality":"南相馬市","hazardTypes":["flood","landslide","soft_ground"],"evidenceLevel":0,"originLevel":0,"hasRecord":false,"recordRelation":null,"status":"current","disputed":false,"precision":"oaza","areaKey":"07212065005","elements":["kawara","shishi"],"summary":"要素辞書に一致（kawara・shishi）。出典による裏づけは未確認。","zones":[],"dataset":"candidates"}},{"type":"Feature","geometry":{"type":"Point","coordinates":[140.93385,37.723757]},"properties":{"id":"07-891700bcb3","name":"前川原","reading":null,"pref":"福島県","prefCode":"07","municipality":"南相馬市","hazardTypes":["flood"],"evidenceLevel":0,"originLevel":0,"hasRecord":false,"recordRelation":null,"status":"current","disputed":false,"precision":"koaza","areaKey":"07212065005","elements":["kawara"],"summary":"要素辞書に一致（kawara）。出典による裏づけは未確認。","zones":[],"dataset":"candidates"}},{"type":"Feature","geometry":{"type":"Point","coordinates":[140.927122,37.731601]},"properties":{"id":"07-06cab9e1ad","name":"西川原","reading":null,"pref":"福島県","prefCode":"07","municipality":"南相馬市","hazardTypes":["flood"],"evidenceLevel":0,"originLevel":0,"hasRecord":false,"recordRelation":null,"status":"current","disputed":false,"precision":"koaza","areaKey":"07212065005","elements":["kawara"],"summary":"要素辞書に一致（kawara）。出典による裏づけは未確認。","zones":[],"dataset":"candidates"}},{"type":"Feature","geometry":{"type":"Point","coordinates":[140.949607,37.692757]},"properties":{"id":"07-1e086e47a4","name":"鹿島区寺内","reading":"カシマクテラウチ","pref":"福島県","prefCode":"07","municipality":"南相馬市","hazardTypes":["landslide","soft_ground"],"evidenceLevel":0,"originLevel":0,"hasRecord":false,"recordRelation":null,"status":"current","disputed":false,"precision":"oaza","areaKey":null,"elements":["shishi"],"summary":"要素辞書に一致（shishi）。出典による裏づけは未確認。","zones":[],"dataset":"candidates"}},{"type":"Feature","geometry":{"type":"Point","coordinates":[140.945089,37.695145]},"properties":{"id":"07-a14b2b99a6","name":"菖蒲苅場","reading":null,"pref":"福島県","prefCode":"07","municipality":"南相馬市","hazardTypes":["landslide","soft_ground"],"evidenceLevel":0,"originLevel":0,"hasRecord":false,"recordRelation":null,"status":"current","disputed":false,"precision":"koaza","areaKey":null,"elements":["wetland_plants"],"summary":"要素辞書に一致（wetland_plants）。出典による裏づけは未確認。","zones":[],"dataset":"candidates"}},{"type":"Feature","geometry":{"type":"Point","coordinates":[140.895778,37.729758]},"properties":{"id":"07-f3d65673d2","name":"鹿島区栃窪","reading":"カシマクトチクボ","pref":"福島県","prefCode":"07","municipality":"南相馬市","hazardTypes":["landslide","soft_ground","inundation"],"evidenceLevel":0,"originLevel":0,"hasRecord":false,"recordRelation":null,"status":"current","disputed":false,"precision":"oaza","areaKey":null,"elements":["shishi","kubo"],"summary":"要素辞書に一致（shishi・kubo）。出典による裏づけは未確認。","zones":[],"dataset":"candidates"}},{"type":"Feature","geometry":{"type":"Point","coordinates":[140.96186,37.718584]},"properties":{"id":"07-82e421d82c","name":"鹿島区永田","reading":"カシマクナガタ","pref":"福島県","prefCode":"07","municipality":"南相馬市","hazardTypes":["landslide","soft_ground"],"evidenceLevel":0,"originLevel":0,"hasRecord":false,"recordRelation":null,"status":"current","disputed":false,"precision":"oaza","areaKey":"07212066003","elements":["shishi"],"summary":"要素辞書に一致（shishi）。出典による裏づけは未確認。","zones":[],"dataset":"candidates"}},{"type":"Feature","geometry":{"type":"Point","coordinates":[140.949933,37.734239]},"properties":{"id":"07-c8eaef86b7","name":"鹿島区永渡","reading":"カシマクナガワタリ","pref":"福島県","prefCode":"07","municipality":"南相馬市","hazardTypes":["landslide","soft_ground"],"evidenceLevel":0,"originLevel":0,"hasRecord":false,"recordRelation":null,"status":"current","disputed":false,"precision":"oaza","areaKey":"07212066001","elements":["shishi"],"summary":"要素辞書に一致（shishi）。出典による裏づけは未確認。","zones":[],"dataset":"candidates"}},{"type":"Feature","geometry":{"type":"Point","coordinates":[140.964824,37.703485]},"properties":{"id":"07-17aa01f340","name":"鹿島区西町一丁目","reading":"カシマクニシマチ 1","pref":"福島県","prefCode":"07","municipality":"南相馬市","hazardTypes":["landslide","soft_ground"],"evidenceLevel":0,"originLevel":0,"hasRecord":false,"recordRelation":null,"status":"current","disputed":false,"precision":"oaza","areaKey":"07212063002","elements":["shishi"],"summary":"要素辞書に一致（shishi）。出典による裏づけは未確認。","zones":[],"dataset":"candidates"}},{"type":"Feature","geometry":{"type":"Point","coordinates":[141.004014,37.705047]},"properties":{"id":"07-5bc60fc92f","name":"鹿島区南海老","reading":"カシマクミナミエビ","pref":"福島県","prefCode":"07","municipality":"南相馬市","hazardTypes":["landslide","soft_ground"],"evidenceLevel":0,"originLevel":0,"hasRecord":false,"recordRelation":null,"status":"current","disputed":false,"precision":"oaza","areaKey":null,"elements":["shishi"],"summary":"要素辞書に一致（shishi）。出典による裏づけは未確認。","zones":[],"dataset":"candidates"}},{"type":"Feature","geometry":{"type":"Point","coordinates":[141.000074,37.689909]},"properties":{"id":"07-39243df52c","name":"鹿島区南右田","reading":"カシマクミナミミギタ","pref":"福島県","prefCode":"07","municipality":"南相馬市","hazardTypes":["landslide","soft_ground"],"evidenceLevel":0,"originLevel":0,"hasRecord":false,"recordRelation":null,"status":"current","disputed":false,"precision":"oaza","areaKey":null,"elements":["shishi"],"summary":"要素辞書に一致（shishi）。出典による裏づけは未確認。","zones":[],"dataset":"candidates"}},{"type":"Feature","geometry":{"type":"Point","coordinates":[140.973597,37.712483]},"properties":{"id":"07-4448983d9f","name":"鹿島区南屋形","reading":"カシマクミナミヤカタ","pref":"福島県","prefCode":"07","municipality":"南相馬市","hazardTypes":["landslide","soft_ground"],"evidenceLevel":0,"originLevel":0,"hasRecord":false,"recordRelation":null,"status":"current","disputed":false,"precision":"oaza","areaKey":null,"elements":["shishi"],"summary":"要素辞書に一致（shishi）。出典による裏づけは未確認。","zones":[],"dataset":"candidates"}},{"type":"Feature","geometry":{"type":"Point","coordinates":[140.967014,37.73013]},"properties":{"id":"07-97fe74b1e0","name":"鹿島区南柚木","reading":"カシマクミナミユノキ","pref":"福島県","prefCode":"07","municipality":"南相馬市","hazardTypes":["landslide","soft_ground"],"evidenceLevel":0,"originLevel":0,"hasRecord":false,"recordRelation":null,"status":"current","disputed":false,"precision":"oaza","areaKey":null,"elements":["shishi"],"summary":"要素辞書に一致（shishi）。出典による裏づけは未確認。","zones":[],"dataset":"candidates"}},{"type":"Feature","geometry":{"type":"Point","coordinates":[140.917477,37.726044]},"properties":{"id":"07-9501e7b41a","name":"鹿島区山下","reading":"カシマクヤマシタ","pref":"福島県","prefCode":"07","municipality":"南相馬市","hazardTypes":["landslide","soft_ground"],"evidenceLevel":0,"originLevel":0,"hasRecord":false,"recordRelation":null,"status":"current","disputed":false,"precision":"oaza","areaKey":null,"elements":["shishi"],"summary":"要素辞書に一致（shishi）。出典による裏づけは未確認。","zones":[],"dataset":"candidates"}},{"type":"Feature","geometry":{"type":"Point","coordinates":[140.945957,37.724582]},"properties":{"id":"07-53d0d0a6fa","name":"鹿島区横手","reading":"カシマクヨコテ","pref":"福島県","prefCode":"07","municipality":"南相馬市","hazardTypes":["landslide","soft_ground"],"evidenceLevel":0,"originLevel":0,"hasRecord":false,"recordRelation":null,"status":"current","disputed":false,"precision":"oaza","areaKey":null,"elements":["shishi"],"summary":"要素辞書に一致（shishi）。出典による裏づけは未確認。","zones":[],"dataset":"candidates"}},{"type":"Feature","geometry":{"type":"Point","coordinates":[140.963199,37.708311]},"properties":{"id":"07-31b4d988b8","name":"川原","reading":null,"pref":"福島県","prefCode":"07","municipality":"南相馬市","hazardTypes":["flood"],"evidenceLevel":0,"originLevel":0,"hasRecord":false,"recordRelation":null,"status":"current","disputed":false,"precision":"koaza","areaKey":null,"elements":["kawara"],"summary":"要素辞書に一致（kawara）。出典による裏づけは未確認。","zones":[],"dataset":"candidates"}},{"type":"Feature","geometry":{"type":"Point","coordinates":[140.934327,37.641077]},"properties":{"id":"07-c28f30e2b0","name":"下川原","reading":null,"pref":"福島県","prefCode":"07","municipality":"南相馬市","hazardTypes":["flood"],"evidenceLevel":0,"originLevel":0,"hasRecord":false,"recordRelation":null,"status":"current","disputed":false,"precision":"koaza","areaKey":"072120460","elements":["kawara"],"summary":"要素辞書に一致（kawara）。出典による裏づけは未確認。","zones":[],"dataset":"candidates"}},{"type":"Feature","geometry":{"type":"Point","coordinates":[140.930322,37.639603]},"properties":{"id":"07-52e48d4cb1","name":"中川原","reading":null,"pref":"福島県","prefCode":"07","municipality":"南相馬市","hazardTypes":["flood"],"evidenceLevel":0,"originLevel":0,"hasRecord":false,"recordRelation":null,"status":"current","disputed":false,"precision":"koaza","areaKey":"072120460","elements":["kawara"],"summary":"要素辞書に一致（kawara）。出典による裏づけは未確認。","zones":[],"dataset":"candidates"}},{"type":"Feature","geometry":{"type":"Point","coordinates":[140.919662,37.633795]},"properties":{"id":"07-4dc5a38a34","name":"川原田","reading":null,"pref":"福島県","prefCode":"07","municipality":"南相馬市","hazardTypes":["flood"],"evidenceLevel":0,"originLevel":0,"hasRecord":false,"recordRelation":null,"status":"current","disputed":false,"precision":"koaza","areaKey":"072120460","elements":["kawara"],"summary":"要素辞書に一致（kawara）。出典による裏づけは未確認。","zones":[],"dataset":"candidates"}},{"type":"Feature","geometry":{"type":"Point","coordinates":[140.998121,37.5922]},"properties":{"id":"07-e03dfff0ea","name":"地蔵前","reading":null,"pref":"福島県","prefCode":"07","municipality":"南相馬市","hazardTypes":["slope_failure","rockfall"],"evidenceLevel":0,"originLevel":0,"hasRecord":false,"recordRelation":null,"status":"current","disputed":false,"precision":"koaza","areaKey":"072120290","elements":["kura"],"summary":"要素辞書に一致（kura）。出典による裏づけは未確認。","zones":[],"dataset":"candidates"}},{"type":"Feature","geometry":{"type":"Point","coordinates":[141.001973,37.592876]},"properties":{"id":"07-87eb785213","name":"馬場","reading":null,"pref":"福島県","prefCode":"07","municipality":"南相馬市","hazardTypes":["slope_failure"],"evidenceLevel":0,"originLevel":0,"hasRecord":false,"recordRelation":null,"status":"current","disputed":false,"precision":"koaza","areaKey":"072120290","elements":["baba"],"summary":"要素辞書に一致（baba）。出典による裏づけは未確認。","zones":[],"dataset":"candidates"}},{"type":"Feature","geometry":{"type":"Point","coordinates":[141.00613,37.602599]},"properties":{"id":"07-8e4de43c4a","name":"山岸","reading":null,"pref":"福島県","prefCode":"07","municipality":"南相馬市","hazardTypes":["slope_failure"],"evidenceLevel":0,"originLevel":0,"hasRecord":false,"recordRelation":null,"status":"current","disputed":false,"precision":"koaza","areaKey":null,"elements":["kake"],"summary":"要素辞書に一致（kake）。出典による裏づけは未確認。","zones":[],"dataset":"candidates"}},{"type":"Feature","geometry":{"type":"Point","coordinates":[141.015452,37.627637]},"properties":{"id":"07-daa21083db","name":"蔵前","reading":null,"pref":"福島県","prefCode":"07","municipality":"南相馬市","hazardTypes":["slope_failure","rockfall"],"evidenceLevel":0,"originLevel":0,"hasRecord":false,"recordRelation":null,"status":"current","disputed":false,"precision":"koaza","areaKey":null,"elements":["kura"],"summary":"要素辞書に一致（kura）。出典による裏づけは未確認。","zones":[],"dataset":"candidates"}},{"type":"Feature","geometry":{"type":"Point","coordinates":[140.890265,37.579884]},"properties":{"id":"07-ffe802851c","name":"原町区片倉","reading":"ハラマチクカタクラ","pref":"福島県","prefCode":"07","municipality":"南相馬市","hazardTypes":["slope_failure","rockfall"],"evidenceLevel":0,"originLevel":0,"hasRecord":false,"recordRelation":null,"status":"current","disputed":false,"precision":"oaza","areaKey":"072120420","elements":["kura"],"summary":"要素辞書に一致（kura）。出典による裏づけは未確認。","zones":[],"dataset":"candidates"}},{"type":"Feature","geometry":{"type":"Point","coordinates":[140.922405,37.597121]},"properties":{"id":"07-9ab2214949","name":"片倉","reading":null,"pref":"福島県","prefCode":"07","municipality":"南相馬市","hazardTypes":["slope_failure","rockfall"],"evidenceLevel":0,"originLevel":0,"hasRecord":false,"recordRelation":null,"status":"current","disputed":false,"precision":"koaza","areaKey":"072120420","elements":["kura"],"summary":"要素辞書に一致（kura）。出典による裏づけは未確認。","zones":[],"dataset":"candidates"}},{"type":"Feature","geometry":{"type":"Point","coordinates":[140.959691,37.605332]},"properties":{"id":"07-1dc7e7aa39","name":"町川原","reading":null,"pref":"福島県","prefCode":"07","municipality":"南相馬市","hazardTypes":["flood"],"evidenceLevel":0,"originLevel":0,"hasRecord":false,"recordRelation":null,"status":"current","disputed":false,"precision":"koaza","areaKey":null,"elements":["kawara"],"summary":"要素辞書に一致（kawara）。出典による裏づけは未確認。","zones":[],"dataset":"candidates"}},{"type":"Feature","geometry":{"type":"Point","coordinates":[140.966803,37.64965]},"properties":{"id":"07-23844df6ae","name":"川原町","reading":null,"pref":"福島県","prefCode":"07","municipality":"南相馬市","hazardTypes":["flood"],"evidenceLevel":0,"originLevel":0,"hasRecord":false,"recordRelation":null,"status":"current","disputed":false,"precision":"koaza","areaKey":null,"elements":["kawara"],"summary":"要素辞書に一致（kawara）。出典による裏づけは未確認。","zones":[],"dataset":"candidates"}},{"type":"Feature","geometry":{"type":"Point","coordinates":[140.970135,37.651222]},"properties":{"id":"07-7652561ba6","name":"芦ノ口前","reading":null,"pref":"福島県","prefCode":"07","municipality":"南相馬市","hazardTypes":["flood","inundation"],"evidenceLevel":0,"originLevel":0,"hasRecord":false,"recordRelation":null,"status":"current","disputed":false,"precision":"koaza","areaKey":null,"elements":["ashi"],"summary":"要素辞書に一致（ashi）。出典による裏づけは未確認。","zones":[],"dataset":"candidates"}},{"type":"Feature","geometry":{"type":"Point","coordinates":[141.016041,37.655598]},"properties":{"id":"07-f0a1e64802","name":"地蔵堂","reading":null,"pref":"福島県","prefCode":"07","municipality":"南相馬市","hazardTypes":["slope_failure","rockfall"],"evidenceLevel":0,"originLevel":0,"hasRecord":false,"recordRelation":null,"status":"current","disputed":false,"precision":"koaza","areaKey":"072120610","elements":["kura"],"summary":"要素辞書に一致（kura）。出典による裏づけは未確認。","zones":[],"dataset":"candidates"}},{"type":"Feature","geometry":{"type":"Point","coordinates":[140.921776,37.660598]},"properties":{"id":"07-ba5ea84162","name":"馬場田","reading":null,"pref":"福島県","prefCode":"07","municipality":"南相馬市","hazardTypes":["slope_failure"],"evidenceLevel":0,"originLevel":0,"hasRecord":false,"recordRelation":null,"status":"current","disputed":false,"precision":"koaza","areaKey":"072120510","elements":["baba"],"summary":"要素辞書に一致（baba）。出典による裏づけは未確認。","zones":[],"dataset":"candidates"}},{"type":"Feature","geometry":{"type":"Point","coordinates":[140.993332,37.64776]},"properties":{"id":"07-1887819acd","name":"内川原","reading":null,"pref":"福島県","prefCode":"07","municipality":"南相馬市","hazardTypes":["flood"],"evidenceLevel":0,"originLevel":0,"hasRecord":false,"recordRelation":null,"status":"current","disputed":false,"precision":"koaza","areaKey":"072120580","elements":["kawara"],"summary":"要素辞書に一致（kawara）。出典による裏づけは未確認。","zones":[],"dataset":"candidates"}},{"type":"Feature","geometry":{"type":"Point","coordinates":[140.996886,37.599734]},"properties":{"id":"07-ae78319b71","name":"北川原","reading":null,"pref":"福島県","prefCode":"07","municipality":"南相馬市","hazardTypes":["flood"],"evidenceLevel":0,"originLevel":0,"hasRecord":false,"recordRelation":null,"status":"current","disputed":false,"precision":"koaza","areaKey":null,"elements":["kawara"],"summary":"要素辞書に一致（kawara）。出典による裏づけは未確認。","zones":[],"dataset":"candidates"}},{"type":"Feature","geometry":{"type":"Point","coordinates":[140.989476,37.596802]},"properties":{"id":"07-dcc27c0f4b","name":"大久保前","reading":null,"pref":"福島県","prefCode":"07","municipality":"南相馬市","hazardTypes":["slope_failure","inundation","landslide"],"evidenceLevel":0,"originLevel":0,"hasRecord":false,"recordRelation":null,"status":"current","disputed":false,"precision":"koaza","areaKey":null,"elements":["afu_oo","kubo"],"summary":"要素辞書に一致（afu_oo・kubo）。出典による裏づけは未確認。","zones":[],"dataset":"candidates"}},{"type":"Feature","geometry":{"type":"Point","coordinates":[140.997767,37.604768]},"properties":{"id":"07-7f54cd8d14","name":"芦ノ坪","reading":null,"pref":"福島県","prefCode":"07","municipality":"南相馬市","hazardTypes":["flood","inundation"],"evidenceLevel":0,"originLevel":0,"hasRecord":false,"recordRelation":null,"status":"current","disputed":false,"precision":"koaza","areaKey":null,"elements":["ashi"],"summary":"要素辞書に一致（ashi）。出典による裏づけは未確認。","zones":[],"dataset":"candidates"}},{"type":"Feature","geometry":{"type":"Point","coordinates":[140.874838,37.639266]},"properties":{"id":"07-75d6771d82","name":"原町区高倉","reading":"ハラマチクタカノクラ","pref":"福島県","prefCode":"07","municipality":"南相馬市","hazardTypes":["slope_failure","rockfall"],"evidenceLevel":0,"originLevel":0,"hasRecord":false,"recordRelation":null,"status":"current","disputed":false,"precision":"oaza","areaKey":"072120480","elements":["kura"],"summary":"要素辞書に一致（kura）。出典による裏づけは未確認。","zones":[],"dataset":"candidates"}},{"type":"Feature","geometry":{"type":"Point","coordinates":[140.896152,37.597467]},"properties":{"id":"07-4d5c1254a0","name":"原町区馬場","reading":"ハラマチクババ","pref":"福島県","prefCode":"07","municipality":"南相馬市","hazardTypes":["slope_failure"],"evidenceLevel":0,"originLevel":0,"hasRecord":false,"recordRelation":null,"status":"current","disputed":false,"precision":"oaza","areaKey":null,"elements":["baba"],"summary":"要素辞書に一致（baba）。出典による裏づけは未確認。","zones":[],"dataset":"candidates"}},{"type":"Feature","geometry":{"type":"Point","coordinates":[140.931707,37.621938]},"properties":{"id":"07-10dc31c227","name":"欠下","reading":null,"pref":"福島県","prefCode":"07","municipality":"南相馬市","hazardTypes":["slope_failure"],"evidenceLevel":0,"originLevel":0,"hasRecord":false,"recordRelation":null,"status":"current","disputed":false,"precision":"koaza","areaKey":null,"elements":["kake"],"summary":"要素辞書に一致（kake）。出典による裏づけは未確認。","zones":[],"dataset":"candidates"}},{"type":"Feature","geometry":{"type":"Point","coordinates":[140.916268,37.599908]},"properties":{"id":"07-96674635a0","name":"石倉","reading":null,"pref":"福島県","prefCode":"07","municipality":"南相馬市","hazardTypes":["slope_failure","rockfall"],"evidenceLevel":0,"originLevel":0,"hasRecord":false,"recordRelation":null,"status":"current","disputed":false,"precision":"koaza","areaKey":null,"elements":["kura"],"summary":"要素辞書に一致（kura）。出典による裏づけは未確認。","zones":[],"dataset":"candidates"}},{"type":"Feature","geometry":{"type":"Point","coordinates":[140.933486,37.660001]},"properties":{"id":"07-5dcde8968e","name":"下欠","reading":null,"pref":"福島県","prefCode":"07","municipality":"南相馬市","hazardTypes":["slope_failure"],"evidenceLevel":0,"originLevel":0,"hasRecord":false,"recordRelation":null,"status":"current","disputed":false,"precision":"koaza","areaKey":"072120520","elements":["kake"],"summary":"要素辞書に一致（kake）。出典による裏づけは未確認。","zones":[],"dataset":"candidates"}},{"type":"Feature","geometry":{"type":"Point","coordinates":[140.949785,37.598711]},"properties":{"id":"07-cde6926b07","name":"原町区矢川原","reading":"ハラマチクヤガワラ","pref":"福島県","prefCode":"07","municipality":"南相馬市","hazardTypes":["flood"],"evidenceLevel":0,"originLevel":0,"hasRecord":false,"recordRelation":null,"status":"current","disputed":false,"precision":"oaza","areaKey":"072120410","elements":["kawara"],"summary":"要素辞書に一致（kawara）。出典による裏づけは未確認。","zones":[],"dataset":"candidates"}},{"type":"Feature","geometry":{"type":"Point","coordinates":[140.965665,37.602914]},"properties":{"id":"07-a478e45114","name":"川原内","reading":null,"pref":"福島県","prefCode":"07","municipality":"南相馬市","hazardTypes":["flood"],"evidenceLevel":0,"originLevel":0,"hasRecord":false,"recordRelation":null,"status":"current","disputed":false,"precision":"koaza","areaKey":"072120410","elements":["kawara"],"summary":"要素辞書に一致（kawara）。出典による裏づけは未確認。","zones":[],"dataset":"candidates"}},{"type":"Feature","geometry":{"type":"Point","coordinates":[140.489173,37.812885]},"properties":{"id":"07-edf6074c84","name":"上川原","reading":"カミカワラ","pref":"福島県","prefCode":"07","municipality":"伊達市","hazardTypes":["flood"],"evidenceLevel":0,"originLevel":0,"hasRecord":false,"recordRelation":null,"status":"current","disputed":false,"precision":"oaza","areaKey":"07213001005","elements":["kawara"],"summary":"要素辞書に一致（kawara）。出典による裏づけは未確認。","zones":[],"dataset":"candidates"}},{"type":"Feature","geometry":{"type":"Point","coordinates":[140.507305,37.816045]},"properties":{"id":"07-07cb3e56a7","name":"川原田","reading":"カワラダ","pref":"福島県","prefCode":"07","municipality":"伊達市","hazardTypes":["flood"],"evidenceLevel":0,"originLevel":0,"hasRecord":false,"recordRelation":null,"status":"current","disputed":false,"precision":"oaza","areaKey":"07213001066","elements":["kawara"],"summary":"要素辞書に一致（kawara）。出典による裏づけは未確認。","zones":[],"dataset":"candidates"}},{"type":"Feature","geometry":{"type":"Point","coordinates":[140.496414,37.812776]},"properties":{"id":"07-02bda789f5","name":"川原町","reading":"カワラマチ","pref":"福島県","prefCode":"07","municipality":"伊達市","hazardTypes":["flood"],"evidenceLevel":0,"originLevel":0,"hasRecord":false,"recordRelation":null,"status":"current","disputed":false,"precision":"oaza","areaKey":"07213001001","elements":["kawara"],"summary":"要素辞書に一致（kawara）。出典による裏づけは未確認。","zones":[],"dataset":"candidates"}},{"type":"Feature","geometry":{"type":"Point","coordinates":[140.514505,37.827229]},"properties":{"id":"07-1acff9e29d","name":"下川原","reading":"シモカワラ","pref":"福島県","prefCode":"07","municipality":"伊達市","hazardTypes":["flood"],"evidenceLevel":0,"originLevel":0,"hasRecord":false,"recordRelation":null,"status":"current","disputed":false,"precision":"oaza","areaKey":"07213001055","elements":["kawara"],"summary":"要素辞書に一致（kawara）。出典による裏づけは未確認。","zones":[],"dataset":"candidates"}},{"type":"Feature","geometry":{"type":"Point","coordinates":[140.496209,37.813884]},"properties":{"id":"07-ce7852a511","name":"菅田","reading":"スガタ","pref":"福島県","prefCode":"07","municipality":"伊達市","hazardTypes":["landslide","soft_ground"],"evidenceLevel":0,"originLevel":0,"hasRecord":false,"recordRelation":null,"status":"current","disputed":false,"precision":"oaza","areaKey":"07213001012","elements":["wetland_plants"],"summary":"要素辞書に一致（wetland_plants）。出典による裏づけは未確認。","zones":[],"dataset":"candidates"}},{"type":"Feature","geometry":{"type":"Point","coordinates":[140.496314,37.811312]},"properties":{"id":"07-608912f78e","name":"長川原","reading":"ナガカワラ","pref":"福島県","prefCode":"07","municipality":"伊達市","hazardTypes":["flood"],"evidenceLevel":0,"originLevel":0,"hasRecord":false,"recordRelation":null,"status":"current","disputed":false,"precision":"oaza","areaKey":"07213001076","elements":["kawara"],"summary":"要素辞書に一致（kawara）。出典による裏づけは未確認。","zones":[],"dataset":"candidates"}},{"type":"Feature","geometry":{"type":"Point","coordinates":[140.495059,37.820612]},"properties":{"id":"07-ba489495cf","name":"根岸","reading":"ネギシ","pref":"福島県","prefCode":"07","municipality":"伊達市","hazardTypes":["slope_failure"],"evidenceLevel":0,"originLevel":0,"hasRecord":false,"recordRelation":null,"status":"current","disputed":false,"precision":"oaza","areaKey":"07213001026","elements":["kake"],"summary":"要素辞書に一致（kake）。出典による裏づけは未確認。","zones":[],"dataset":"candidates"}},{"type":"Feature","geometry":{"type":"Point","coordinates":[140.52465,37.813556]},"properties":{"id":"07-7237bdf3c7","name":"中川原一","reading":null,"pref":"福島県","prefCode":"07","municipality":"伊達市","hazardTypes":["flood"],"evidenceLevel":0,"originLevel":0,"hasRecord":false,"recordRelation":null,"status":"current","disputed":false,"precision":"koaza","areaKey":null,"elements":["kawara"],"summary":"要素辞書に一致（kawara）。出典による裏づけは未確認。","zones":[],"dataset":"candidates"}},{"type":"Feature","geometry":{"type":"Point","coordinates":[140.521274,37.815354]},"properties":{"id":"07-652ee5cec4","name":"中川原二","reading":null,"pref":"福島県","prefCode":"07","municipality":"伊達市","hazardTypes":["flood"],"evidenceLevel":0,"originLevel":0,"hasRecord":false,"recordRelation":null,"status":"current","disputed":false,"precision":"koaza","areaKey":null,"elements":["kawara"],"summary":"要素辞書に一致（kawara）。出典による裏づけは未確認。","zones":[],"dataset":"candidates"}},{"type":"Feature","geometry":{"type":"Point","coordinates":[140.511199,37.810769]},"properties":{"id":"07-c87915c43f","name":"山岸","reading":null,"pref":"福島県","prefCode":"07","municipality":"伊達市","hazardTypes":["slope_failure"],"evidenceLevel":0,"originLevel":0,"hasRecord":false,"recordRelation":null,"status":"current","disputed":false,"precision":"koaza","areaKey":null,"elements":["kake"],"summary":"要素辞書に一致（kake）。出典による裏づけは未確認。","zones":[],"dataset":"candidates"}},{"type":"Feature","geometry":{"type":"Point","coordinates":[140.523923,37.81626]},"properties":{"id":"07-f8dfc1ca89","name":"葦川原","reading":null,"pref":"福島県","prefCode":"07","municipality":"伊達市","hazardTypes":["flood","inundation"],"evidenceLevel":0,"originLevel":0,"hasRecord":false,"recordRelation":null,"status":"current","disputed":false,"precision":"koaza","areaKey":null,"elements":["kawara","ashi"],"summary":"要素辞書に一致（kawara・ashi）。出典による裏づけは未確認。","zones":[],"dataset":"candidates"}},{"type":"Feature","geometry":{"type":"Point","coordinates":[140.501339,37.823457]},"properties":{"id":"07-096ea31f40","name":"馬場口","reading":"ババグチ","pref":"福島県","prefCode":"07","municipality":"伊達市","hazardTypes":["slope_failure"],"evidenceLevel":0,"originLevel":0,"hasRecord":false,"recordRelation":null,"status":"current","disputed":false,"precision":"oaza","areaKey":"07213001034","elements":["baba"],"summary":"要素辞書に一致（baba）。出典による裏づけは未確認。","zones":[],"dataset":"candidates"}},{"type":"Feature","geometry":{"type":"Point","coordinates":[140.544391,37.834198]},"properties":{"id":"07-ec702f61b8","name":"上古川","reading":null,"pref":"福島県","prefCode":"07","municipality":"伊達市","hazardTypes":["flood","inundation"],"evidenceLevel":0,"originLevel":0,"hasRecord":false,"recordRelation":null,"status":"current","disputed":false,"precision":"koaza","areaKey":null,"elements":["furukawa"],"summary":"要素辞書に一致（furukawa）。出典による裏づけは未確認。","zones":[],"dataset":"candidates"}},{"type":"Feature","geometry":{"type":"Point","coordinates":[140.544153,37.822161]},"properties":{"id":"07-587134fdd7","name":"中古川","reading":null,"pref":"福島県","prefCode":"07","municipality":"伊達市","hazardTypes":["flood","inundation"],"evidenceLevel":0,"originLevel":0,"hasRecord":false,"recordRelation":null,"status":"current","disputed":false,"precision":"koaza","areaKey":null,"elements":["furukawa"],"summary":"要素辞書に一致（furukawa）。出典による裏づけは未確認。","zones":[],"dataset":"candidates"}},{"type":"Feature","geometry":{"type":"Point","coordinates":[140.530034,37.815804]},"properties":{"id":"07-313af2acba","name":"十文河原","reading":null,"pref":"福島県","prefCode":"07","municipality":"伊達市","hazardTypes":["flood"],"evidenceLevel":0,"originLevel":0,"hasRecord":false,"recordRelation":null,"status":"current","disputed":false,"precision":"koaza","areaKey":null,"elements":["kawara"],"summary":"要素辞書に一致（kawara）。出典による裏づけは未確認。","zones":[],"dataset":"candidates"}},{"type":"Feature","geometry":{"type":"Point","coordinates":[140.538931,37.832593]},"properties":{"id":"07-7f3ce04ccd","name":"向川原","reading":null,"pref":"福島県","prefCode":"07","municipality":"伊達市","hazardTypes":["flood"],"evidenceLevel":0,"originLevel":0,"hasRecord":false,"recordRelation":null,"status":"current","disputed":false,"precision":"koaza","areaKey":null,"elements":["kawara"],"summary":"要素辞書に一致（kawara）。出典による裏づけは未確認。","zones":[],"dataset":"candidates"}},{"type":"Feature","geometry":{"type":"Point","coordinates":[140.51764,37.824562]},"properties":{"id":"07-778e751b93","name":"川岸","reading":null,"pref":"福島県","prefCode":"07","municipality":"伊達市","hazardTypes":["slope_failure"],"evidenceLevel":0,"originLevel":0,"hasRecord":false,"recordRelation":null,"status":"current","disputed":false,"precision":"koaza","areaKey":null,"elements":["kake"],"summary":"要素辞書に一致（kake）。出典による裏づけは未確認。","zones":[],"dataset":"candidates"}},{"type":"Feature","geometry":{"type":"Point","coordinates":[140.561105,37.83583]},"properties":{"id":"07-c6a9645d42","name":"下河原","reading":null,"pref":"福島県","prefCode":"07","municipality":"伊達市","hazardTypes":["flood"],"evidenceLevel":0,"originLevel":0,"hasRecord":false,"recordRelation":null,"status":"current","disputed":false,"precision":"koaza","areaKey":null,"elements":["kawara"],"summary":"要素辞書に一致（kawara）。出典による裏づけは未確認。","zones":[],"dataset":"candidates"}},{"type":"Feature","geometry":{"type":"Point","coordinates":[140.566893,37.836124]},"properties":{"id":"07-b015259dfc","name":"北河原","reading":null,"pref":"福島県","prefCode":"07","municipality":"伊達市","hazardTypes":["flood"],"evidenceLevel":0,"originLevel":0,"hasRecord":false,"recordRelation":null,"status":"current","disputed":false,"precision":"koaza","areaKey":null,"elements":["kawara"],"summary":"要素辞書に一致（kawara）。出典による裏づけは未確認。","zones":[],"dataset":"candidates"}},{"type":"Feature","geometry":{"type":"Point","coordinates":[140.553827,37.811711]},"properties":{"id":"07-aabe306281","name":"千刈","reading":null,"pref":"福島県","prefCode":"07","municipality":"伊達市","hazardTypes":["slope_failure"],"evidenceLevel":0,"originLevel":0,"hasRecord":false,"recordRelation":null,"status":"current","disputed":false,"precision":"koaza","areaKey":null,"elements":["kake"],"summary":"要素辞書に一致（kake）。出典による裏づけは未確認。","zones":[],"dataset":"candidates"}},{"type":"Feature","geometry":{"type":"Point","coordinates":[140.550936,37.832082]},"properties":{"id":"07-676caf3010","name":"古川端","reading":null,"pref":"福島県","prefCode":"07","municipality":"伊達市","hazardTypes":["flood","inundation"],"evidenceLevel":0,"originLevel":0,"hasRecord":false,"recordRelation":null,"status":"current","disputed":false,"precision":"koaza","areaKey":null,"elements":["furukawa"],"summary":"要素辞書に一致（furukawa）。出典による裏づけは未確認。","zones":[],"dataset":"candidates"}},{"type":"Feature","geometry":{"type":"Point","coordinates":[140.566195,37.822433]},"properties":{"id":"07-415ed2c8b5","name":"菖蒲沢","reading":null,"pref":"福島県","prefCode":"07","municipality":"伊達市","hazardTypes":["landslide","soft_ground"],"evidenceLevel":0,"originLevel":0,"hasRecord":false,"recordRelation":null,"status":"current","disputed":false,"precision":"koaza","areaKey":"072130260","elements":["wetland_plants"],"summary":"要素辞書に一致（wetland_plants）。出典による裏づけは未確認。","zones":[],"dataset":"candidates"}},{"type":"Feature","geometry":{"type":"Point","coordinates":[140.567281,37.838815]},"properties":{"id":"07-bffe4cf072","name":"東川原","reading":null,"pref":"福島県","prefCode":"07","municipality":"伊達市","hazardTypes":["flood"],"evidenceLevel":0,"originLevel":0,"hasRecord":false,"recordRelation":null,"status":"current","disputed":false,"precision":"koaza","areaKey":"072130290","elements":["kawara"],"summary":"要素辞書に一致（kawara）。出典による裏づけは未確認。","zones":[],"dataset":"candidates"}},{"type":"Feature","geometry":{"type":"Point","coordinates":[140.564091,37.839637]},"properties":{"id":"07-d3719a5af7","name":"西川原","reading":null,"pref":"福島県","prefCode":"07","municipality":"伊達市","hazardTypes":["flood"],"evidenceLevel":0,"originLevel":0,"hasRecord":false,"recordRelation":null,"status":"current","disputed":false,"precision":"koaza","areaKey":"072130290","elements":["kawara"],"summary":"要素辞書に一致（kawara）。出典による裏づけは未確認。","zones":[],"dataset":"candidates"}},{"type":"Feature","geometry":{"type":"Point","coordinates":[140.58871,37.820333]},"properties":{"id":"07-991b96a4b9","name":"仲倉","reading":null,"pref":"福島県","prefCode":"07","municipality":"伊達市","hazardTypes":["slope_failure","rockfall"],"evidenceLevel":0,"originLevel":0,"hasRecord":false,"recordRelation":null,"status":"current","disputed":false,"precision":"koaza","areaKey":"072130270","elements":["kura"],"summary":"要素辞書に一致（kura）。出典による裏づけは未確認。","zones":[],"dataset":"candidates"}},{"type":"Feature","geometry":{"type":"Point","coordinates":[140.536224,37.819993]},"properties":{"id":"07-c7809eda56","name":"北中川原","reading":null,"pref":"福島県","prefCode":"07","municipality":"伊達市","hazardTypes":["flood"],"evidenceLevel":0,"originLevel":0,"hasRecord":false,"recordRelation":null,"status":"current","disputed":false,"precision":"koaza","areaKey":null,"elements":["kawara"],"summary":"要素辞書に一致（kawara）。出典による裏づけは未確認。","zones":[],"dataset":"candidates"}},{"type":"Feature","geometry":{"type":"Point","coordinates":[140.53374,37.818878]},"properties":{"id":"07-5b15b49875","name":"南上川原","reading":null,"pref":"福島県","prefCode":"07","municipality":"伊達市","hazardTypes":["flood"],"evidenceLevel":0,"originLevel":0,"hasRecord":false,"recordRelation":null,"status":"current","disputed":false,"precision":"koaza","areaKey":null,"elements":["kawara"],"summary":"要素辞書に一致（kawara）。出典による裏づけは未確認。","zones":[],"dataset":"candidates"}},{"type":"Feature","geometry":{"type":"Point","coordinates":[140.524478,37.804435]},"properties":{"id":"07-416b571776","name":"大久保","reading":null,"pref":"福島県","prefCode":"07","municipality":"伊達市","hazardTypes":["slope_failure","inundation","landslide"],"evidenceLevel":0,"originLevel":0,"hasRecord":false,"recordRelation":null,"status":"current","disputed":false,"precision":"koaza","areaKey":null,"elements":["afu_oo","kubo"],"summary":"要素辞書に一致（afu_oo・kubo）。出典による裏づけは未確認。","zones":[],"dataset":"candidates"}},{"type":"Feature","geometry":{"type":"Point","coordinates":[140.543897,37.805673]},"properties":{"id":"07-34d87369a2","name":"拾翠崖","reading":null,"pref":"福島県","prefCode":"07","municipality":"伊達市","hazardTypes":["slope_failure"],"evidenceLevel":0,"originLevel":0,"hasRecord":false,"recordRelation":null,"status":"current","disputed":false,"precision":"koaza","areaKey":null,"elements":["kake"],"summary":"要素辞書に一致（kake）。出典による裏づけは未確認。","zones":[],"dataset":"candidates"}},{"type":"Feature","geometry":{"type":"Point","coordinates":[140.537588,37.809388]},"properties":{"id":"07-1313a0585b","name":"採芝崖","reading":null,"pref":"福島県","prefCode":"07","municipality":"伊達市","hazardTypes":["slope_failure"],"evidenceLevel":0,"originLevel":0,"hasRecord":false,"recordRelation":null,"status":"current","disputed":false,"precision":"koaza","areaKey":null,"elements":["kake"],"summary":"要素辞書に一致（kake）。出典による裏づけは未確認。","zones":[],"dataset":"candidates"}},{"type":"Feature","geometry":{"type":"Point","coordinates":[140.520819,37.800976]},"properties":{"id":"07-82573219c2","name":"鍛冶前","reading":null,"pref":"福島県","prefCode":"07","municipality":"伊達市","hazardTypes":["slope_failure"],"evidenceLevel":0,"originLevel":0,"hasRecord":false,"recordRelation":null,"status":"current","disputed":false,"precision":"koaza","areaKey":null,"elements":["kaji_kamu"],"summary":"要素辞書に一致（kaji_kamu）。出典による裏づけは未確認。","zones":[],"dataset":"candidates"}},{"type":"Feature","geometry":{"type":"Point","coordinates":[140.562225,37.802778]},"properties":{"id":"07-6beea63522","name":"東深町","reading":null,"pref":"福島県","prefCode":"07","municipality":"伊達市","hazardTypes":["soft_ground","inundation"],"evidenceLevel":0,"originLevel":0,"hasRecord":false,"recordRelation":null,"status":"current","disputed":false,"precision":"koaza","areaKey":"072130250","elements":["fuke"],"summary":"要素辞書に一致（fuke）。出典による裏づけは未確認。","zones":[],"dataset":"candidates"}},{"type":"Feature","geometry":{"type":"Point","coordinates":[140.561945,37.804591]},"properties":{"id":"07-2c0ee28669","name":"河原田","reading":null,"pref":"福島県","prefCode":"07","municipality":"伊達市","hazardTypes":["flood"],"evidenceLevel":0,"originLevel":0,"hasRecord":false,"recordRelation":null,"status":"current","disputed":false,"precision":"koaza","areaKey":"072130250","elements":["kawara"],"summary":"要素辞書に一致（kawara）。出典による裏づけは未確認。","zones":[],"dataset":"candidates"}},{"type":"Feature","geometry":{"type":"Point","coordinates":[140.561136,37.807471]},"properties":{"id":"07-7b2eb6e235","name":"菅ノ町","reading":null,"pref":"福島県","prefCode":"07","municipality":"伊達市","hazardTypes":["landslide","soft_ground"],"evidenceLevel":0,"originLevel":0,"hasRecord":false,"recordRelation":null,"status":"current","disputed":false,"precision":"koaza","areaKey":"072130250","elements":["wetland_plants"],"summary":"要素辞書に一致（wetland_plants）。出典による裏づけは未確認。","zones":[],"dataset":"candidates"}},{"type":"Feature","geometry":{"type":"Point","coordinates":[140.555226,37.798414]},"properties":{"id":"07-9913b748ee","name":"菅野","reading":null,"pref":"福島県","prefCode":"07","municipality":"伊達市","hazardTypes":["landslide","soft_ground"],"evidenceLevel":0,"originLevel":0,"hasRecord":false,"recordRelation":null,"status":"current","disputed":false,"precision":"koaza","areaKey":"072130250","elements":["wetland_plants"],"summary":"要素辞書に一致（wetland_plants）。出典による裏づけは未確認。","zones":[],"dataset":"candidates"}},{"type":"Feature","geometry":{"type":"Point","coordinates":[140.560484,37.802499]},"properties":{"id":"07-a5f26e6af8","name":"西深町","reading":null,"pref":"福島県","prefCode":"07","municipality":"伊達市","hazardTypes":["soft_ground","inundation"],"evidenceLevel":0,"originLevel":0,"hasRecord":false,"recordRelation":null,"status":"current","disputed":false,"precision":"koaza","areaKey":"072130250","elements":["fuke"],"summary":"要素辞書に一致（fuke）。出典による裏づけは未確認。","zones":[],"dataset":"candidates"}},{"type":"Feature","geometry":{"type":"Point","coordinates":[140.562696,37.841562]},"properties":{"id":"07-dd379c63b4","name":"石川原","reading":null,"pref":"福島県","prefCode":"07","municipality":"伊達市","hazardTypes":["flood"],"evidenceLevel":0,"originLevel":0,"hasRecord":false,"recordRelation":null,"status":"current","disputed":false,"precision":"koaza","areaKey":"072130310","elements":["kawara"],"summary":"要素辞書に一致（kawara）。出典による裏づけは未確認。","zones":[],"dataset":"candidates"}},{"type":"Feature","geometry":{"type":"Point","coordinates":[140.585368,37.838294]},"properties":{"id":"07-e3baca59d1","name":"高倉","reading":null,"pref":"福島県","prefCode":"07","municipality":"伊達市","hazardTypes":["slope_failure","rockfall"],"evidenceLevel":0,"originLevel":0,"hasRecord":false,"recordRelation":null,"status":"current","disputed":false,"precision":"koaza","areaKey":"072130280","elements":["kura"],"summary":"要素辞書に一致（kura）。出典による裏づけは未確認。","zones":[],"dataset":"candidates"}},{"type":"Feature","geometry":{"type":"Point","coordinates":[140.569956,37.788849]},"properties":{"id":"07-2eded05bbe","name":"柿ケ作","reading":null,"pref":"福島県","prefCode":"07","municipality":"伊達市","hazardTypes":["slope_failure"],"evidenceLevel":0,"originLevel":0,"hasRecord":false,"recordRelation":null,"status":"current","disputed":false,"precision":"koaza","areaKey":"072130240","elements":["kake"],"summary":"要素辞書に一致（kake）。出典による裏づけは未確認。","zones":[],"dataset":"candidates"}},{"type":"Feature","geometry":{"type":"Point","coordinates":[140.508211,37.820459]},"properties":{"id":"07-e7a6d3e8db","name":"前川原","reading":"マエカワラ","pref":"福島県","prefCode":"07","municipality":"伊達市","hazardTypes":["flood"],"evidenceLevel":0,"originLevel":0,"hasRecord":false,"recordRelation":null,"status":"current","disputed":false,"precision":"oaza","areaKey":"07213001057","elements":["kawara"],"summary":"要素辞書に一致（kawara）。出典による裏づけは未確認。","zones":[],"dataset":"candidates"}},{"type":"Feature","geometry":{"type":"Point","coordinates":[140.508674,37.818136]},"properties":{"id":"07-771e3512f8","name":"水抜","reading":"ミズヌキ","pref":"福島県","prefCode":"07","municipality":"伊達市","hazardTypes":["slope_failure"],"evidenceLevel":0,"originLevel":0,"hasRecord":false,"recordRelation":null,"status":"current","disputed":false,"precision":"oaza","areaKey":"07213001065","elements":["nuke"],"summary":"要素辞書に一致（nuke）。出典による裏づけは未確認。","zones":[],"dataset":"candidates"}},{"type":"Feature","geometry":{"type":"Point","coordinates":[140.609949,37.8291]},"properties":{"id":"07-619898d923","name":"鹿ノ下","reading":null,"pref":"福島県","prefCode":"07","municipality":"伊達市","hazardTypes":["landslide","soft_ground"],"evidenceLevel":0,"originLevel":0,"hasRecord":false,"recordRelation":null,"status":"current","disputed":false,"precision":"koaza","areaKey":"072130100","elements":["shishi"],"summary":"要素辞書に一致（shishi）。出典による裏づけは未確認。","zones":[],"dataset":"candidates"}},{"type":"Feature","geometry":{"type":"Point","coordinates":[140.611387,37.83294]},"properties":{"id":"07-423ab8ae48","name":"鹿子","reading":null,"pref":"福島県","prefCode":"07","municipality":"伊達市","hazardTypes":["landslide","soft_ground"],"evidenceLevel":0,"originLevel":0,"hasRecord":false,"recordRelation":null,"status":"current","disputed":false,"precision":"koaza","areaKey":"072130100","elements":["shishi"],"summary":"要素辞書に一致（shishi）。出典による裏づけは未確認。","zones":[],"dataset":"candidates"}},{"type":"Feature","geometry":{"type":"Point","coordinates":[140.609146,37.832779]},"properties":{"id":"07-2146863270","name":"鹿子後","reading":null,"pref":"福島県","prefCode":"07","municipality":"伊達市","hazardTypes":["landslide","soft_ground"],"evidenceLevel":0,"originLevel":0,"hasRecord":false,"recordRelation":null,"status":"current","disputed":false,"precision":"koaza","areaKey":"072130100","elements":["shishi"],"summary":"要素辞書に一致（shishi）。出典による裏づけは未確認。","zones":[],"dataset":"candidates"}},{"type":"Feature","geometry":{"type":"Point","coordinates":[140.603379,37.832679]},"properties":{"id":"07-c976ad8983","name":"赤石","reading":null,"pref":"福島県","prefCode":"07","municipality":"伊達市","hazardTypes":["landslide"],"evidenceLevel":0,"originLevel":0,"hasRecord":false,"recordRelation":null,"status":"current","disputed":false,"precision":"koaza","areaKey":null,"elements":["geology_names"],"summary":"要素辞書に一致（geology_names）。出典による裏づけは未確認。","zones":[],"dataset":"candidates"}},{"type":"Feature","geometry":{"type":"Point","coordinates":[140.57666,37.852975]},"properties":{"id":"07-f79bc9e57c","name":"梅木内","reading":null,"pref":"福島県","prefCode":"07","municipality":"伊達市","hazardTypes":["landslide","slope_failure"],"evidenceLevel":0,"originLevel":0,"hasRecord":false,"recordRelation":null,"status":"current","disputed":false,"precision":"koaza","areaKey":null,"elements":["ume"],"summary":"要素辞書に一致（ume）。出典による裏づけは未確認。","zones":[],"dataset":"candidates"}},{"type":"Feature","geometry":{"type":"Point","coordinates":[140.593867,37.88391]},"properties":{"id":"07-b49828e689","name":"下峯岸","reading":null,"pref":"福島県","prefCode":"07","municipality":"伊達市","hazardTypes":["slope_failure"],"evidenceLevel":0,"originLevel":0,"hasRecord":false,"recordRelation":null,"status":"current","disputed":false,"precision":"koaza","areaKey":null,"elements":["kake"],"summary":"要素辞書に一致（kake）。出典による裏づけは未確認。","zones":[],"dataset":"candidates"}},{"type":"Feature","geometry":{"type":"Point","coordinates":[140.628819,37.868902]},"properties":{"id":"07-65692a34d5","name":"倉並","reading":null,"pref":"福島県","prefCode":"07","municipality":"伊達市","hazardTypes":["slope_failure","rockfall"],"evidenceLevel":0,"originLevel":0,"hasRecord":false,"recordRelation":null,"status":"current","disputed":false,"precision":"koaza","areaKey":null,"elements":["kura"],"summary":"要素辞書に一致（kura）。出典による裏づけは未確認。","zones":[],"dataset":"candidates"}},{"type":"Feature","geometry":{"type":"Point","coordinates":[140.570728,37.849762]},"properties":{"id":"07-4cc86f9fd4","name":"梁川町向川原","reading":"ヤナガワマチムコウガワラ","pref":"福島県","prefCode":"07","municipality":"伊達市","hazardTypes":["flood"],"evidenceLevel":0,"originLevel":0,"hasRecord":false,"recordRelation":null,"status":"current","disputed":false,"precision":"oaza","areaKey":null,"elements":["kawara"],"summary":"要素辞書に一致（kawara）。出典による裏づけは未確認。","zones":[],"dataset":"candidates"}},{"type":"Feature","geometry":{"type":"Point","coordinates":[140.649909,37.880497]},"properties":{"id":"07-1a7a4db696","name":"鹿野","reading":null,"pref":"福島県","prefCode":"07","municipality":"伊達市","hazardTypes":["landslide","soft_ground"],"evidenceLevel":0,"originLevel":0,"hasRecord":false,"recordRelation":null,"status":"current","disputed":false,"precision":"koaza","areaKey":null,"elements":["shishi"],"summary":"要素辞書に一致（shishi）。出典による裏づけは未確認。","zones":[],"dataset":"candidates"}},{"type":"Feature","geometry":{"type":"Point","coordinates":[140.647331,37.877334]},"properties":{"id":"07-1d81f6c215","name":"鹿野新田","reading":null,"pref":"福島県","prefCode":"07","municipality":"伊達市","hazardTypes":["landslide","soft_ground"],"evidenceLevel":0,"originLevel":0,"hasRecord":false,"recordRelation":null,"status":"current","disputed":false,"precision":"koaza","areaKey":null,"elements":["shishi"],"summary":"要素辞書に一致（shishi）。出典による裏づけは未確認。","zones":[],"dataset":"candidates"}},{"type":"Feature","geometry":{"type":"Point","coordinates":[140.600491,37.793848]},"properties":{"id":"07-368e13bc63","name":"古川","reading":null,"pref":"福島県","prefCode":"07","municipality":"伊達市","hazardTypes":["flood","inundation"],"evidenceLevel":0,"originLevel":0,"hasRecord":false,"recordRelation":null,"status":"current","disputed":false,"precision":"koaza","areaKey":"072130320","elements":["furukawa"],"summary":"要素辞書に一致（furukawa）。出典による裏づけは未確認。","zones":[],"dataset":"candidates"}},{"type":"Feature","geometry":{"type":"Point","coordinates":[140.598058,37.76907]},"properties":{"id":"07-7fcd44120d","name":"夫婦清水入","reading":null,"pref":"福島県","prefCode":"07","municipality":"伊達市","hazardTypes":["inundation"],"evidenceLevel":0,"originLevel":0,"hasRecord":false,"recordRelation":null,"status":"current","disputed":false,"precision":"koaza","areaKey":"072130390","elements":["mizuiri"],"summary":"要素辞書に一致（mizuiri）。出典による裏づけは未確認。","zones":[],"dataset":"candidates"}},{"type":"Feature","geometry":{"type":"Point","coordinates":[140.575691,37.76773]},"properties":{"id":"07-8b91ed3770","name":"馬場","reading":null,"pref":"福島県","prefCode":"07","municipality":"伊達市","hazardTypes":["slope_failure"],"evidenceLevel":0,"originLevel":0,"hasRecord":false,"recordRelation":null,"status":"current","disputed":false,"precision":"koaza","areaKey":"072130390","elements":["baba"],"summary":"要素辞書に一致（baba）。出典による裏づけは未確認。","zones":[],"dataset":"candidates"}},{"type":"Feature","geometry":{"type":"Point","coordinates":[140.596273,37.804584]},"properties":{"id":"07-60e7dee043","name":"梅ノ内","reading":null,"pref":"福島県","prefCode":"07","municipality":"伊達市","hazardTypes":["landslide","slope_failure"],"evidenceLevel":0,"originLevel":0,"hasRecord":false,"recordRelation":null,"status":"current","disputed":false,"precision":"koaza","areaKey":"072130330","elements":["ume"],"summary":"要素辞書に一致（ume）。出典による裏づけは未確認。","zones":[],"dataset":"candidates"}},{"type":"Feature","geometry":{"type":"Point","coordinates":[140.35923,37.498866]},"properties":{"id":"07-90497aa657","name":"地蔵","reading":null,"pref":"福島県","prefCode":"07","municipality":"本宮市","hazardTypes":["slope_failure","rockfall"],"evidenceLevel":0,"originLevel":0,"hasRecord":false,"recordRelation":null,"status":"current","disputed":false,"precision":"koaza","areaKey":"072140150","elements":["kura"],"summary":"要素辞書に一致（kura）。出典による裏づけは未確認。","zones":[],"dataset":"candidates"}},{"type":"Feature","geometry":{"type":"Point","coordinates":[140.360834,37.496019]},"properties":{"id":"07-6717b6f44f","name":"地蔵前","reading":null,"pref":"福島県","prefCode":"07","municipality":"本宮市","hazardTypes":["slope_failure","rockfall"],"evidenceLevel":0,"originLevel":0,"hasRecord":false,"recordRelation":null,"status":"current","disputed":false,"precision":"koaza","areaKey":"072140150","elements":["kura"],"summary":"要素辞書に一致（kura）。出典による裏づけは未確認。","zones":[],"dataset":"candidates"}},{"type":"Feature","geometry":{"type":"Point","coordinates":[140.372446,37.490081]},"properties":{"id":"07-4b0bc3e6a0","name":"大久保","reading":null,"pref":"福島県","prefCode":"07","municipality":"本宮市","hazardTypes":["slope_failure","inundation","landslide"],"evidenceLevel":0,"originLevel":0,"hasRecord":false,"recordRelation":null,"status":"current","disputed":false,"precision":"koaza","areaKey":"072140160","elements":["afu_oo","kubo"],"summary":"要素辞書に一致（afu_oo・kubo）。出典による裏づけは未確認。","zones":[],"dataset":"candidates"}},{"type":"Feature","geometry":{"type":"Point","coordinates":[140.369515,37.490936]},"properties":{"id":"07-912a5e4645","name":"大久保山","reading":null,"pref":"福島県","prefCode":"07","municipality":"本宮市","hazardTypes":["slope_failure","inundation","landslide"],"evidenceLevel":0,"originLevel":0,"hasRecord":false,"recordRelation":null,"status":"current","disputed":false,"precision":"koaza","areaKey":"072140160","elements":["afu_oo","kubo"],"summary":"要素辞書に一致（afu_oo・kubo）。出典による裏づけは未確認。","zones":[],"dataset":"candidates"}},{"type":"Feature","geometry":{"type":"Point","coordinates":[140.372667,37.486326]},"properties":{"id":"07-17abcf1c44","name":"梅木","reading":null,"pref":"福島県","prefCode":"07","municipality":"本宮市","hazardTypes":["landslide","slope_failure"],"evidenceLevel":0,"originLevel":0,"hasRecord":false,"recordRelation":null,"status":"current","disputed":false,"precision":"koaza","areaKey":"072140160","elements":["ume"],"summary":"要素辞書に一致（ume）。出典による裏づけは未確認。","zones":[],"dataset":"candidates"}},{"type":"Feature","geometry":{"type":"Point","coordinates":[140.328404,37.477028]},"properties":{"id":"07-2a8c0e3608","name":"梅原","reading":null,"pref":"福島県","prefCode":"07","municipality":"本宮市","hazardTypes":["landslide","slope_failure"],"evidenceLevel":0,"originLevel":0,"hasRecord":false,"recordRelation":null,"status":"current","disputed":false,"precision":"koaza","areaKey":"072140190","elements":["ume"],"summary":"要素辞書に一致（ume）。出典による裏づけは未確認。","zones":[],"dataset":"candidates"}},{"type":"Feature","geometry":{"type":"Point","coordinates":[140.408667,37.518281]},"properties":{"id":"07-b310dca741","name":"山王川原","reading":null,"pref":"福島県","prefCode":"07","municipality":"本宮市","hazardTypes":["flood"],"evidenceLevel":0,"originLevel":0,"hasRecord":true,"recordRelation":"same_place_record","status":"current","disputed":false,"precision":"koaza","areaKey":null,"elements":["kawara"],"summary":"要素辞書に一致（kawara）。出典による裏づけは未確認。","zones":[],"dataset":"candidates"}},{"type":"Feature","geometry":{"type":"Point","coordinates":[140.415705,37.517754]},"properties":{"id":"07-883e7ec668","name":"根岸","reading":null,"pref":"福島県","prefCode":"07","municipality":"本宮市","hazardTypes":["slope_failure"],"evidenceLevel":0,"originLevel":0,"hasRecord":true,"recordRelation":"nearby_record","status":"current","disputed":false,"precision":"koaza","areaKey":null,"elements":["kake"],"summary":"要素辞書に一致（kake）。出典による裏づけは未確認。","zones":[],"dataset":"candidates"}},{"type":"Feature","geometry":{"type":"Point","coordinates":[140.400592,37.497729]},"properties":{"id":"07-8b57644499","name":"申","reading":null,"pref":"福島県","prefCode":"07","municipality":"本宮市","hazardTypes":["slope_failure"],"evidenceLevel":0,"originLevel":0,"hasRecord":false,"recordRelation":null,"status":"current","disputed":false,"precision":"koaza","areaKey":"072140170","elements":["saru"],"summary":"要素辞書に一致（saru）。出典による裏づけは未確認。","zones":[],"dataset":"candidates"}},{"type":"Feature","geometry":{"type":"Point","coordinates":[140.427155,37.507254]},"properties":{"id":"07-ed3299d1a5","name":"葭池","reading":null,"pref":"福島県","prefCode":"07","municipality":"本宮市","hazardTypes":["landslide","soft_ground"],"evidenceLevel":0,"originLevel":0,"hasRecord":false,"recordRelation":null,"status":"current","disputed":false,"precision":"koaza","areaKey":"072140181","elements":["wetland_plants"],"summary":"要素辞書に一致（wetland_plants）。出典による裏づけは未確認。","zones":[],"dataset":"candidates"}},{"type":"Feature","geometry":{"type":"Point","coordinates":[140.397565,37.518944]},"properties":{"id":"07-724cb6bd76","name":"北川原田","reading":null,"pref":"福島県","prefCode":"07","municipality":"本宮市","hazardTypes":["flood"],"evidenceLevel":0,"originLevel":0,"hasRecord":false,"recordRelation":null,"status":"current","disputed":false,"precision":"koaza","areaKey":null,"elements":["kawara"],"summary":"要素辞書に一致（kawara）。出典による裏づけは未確認。","zones":[],"dataset":"candidates"}},{"type":"Feature","geometry":{"type":"Point","coordinates":[140.396899,37.518632]},"properties":{"id":"07-8a174f8986","name":"南河原田","reading":null,"pref":"福島県","prefCode":"07","municipality":"本宮市","hazardTypes":["flood"],"evidenceLevel":0,"originLevel":0,"hasRecord":false,"recordRelation":null,"status":"current","disputed":false,"precision":"koaza","areaKey":null,"elements":["kawara"],"summary":"要素辞書に一致（kawara）。出典による裏づけは未確認。","zones":[],"dataset":"candidates"}},{"type":"Feature","geometry":{"type":"Point","coordinates":[140.395286,37.530594]},"properties":{"id":"07-c83632b5f7","name":"地蔵堂","reading":null,"pref":"福島県","prefCode":"07","municipality":"本宮市","hazardTypes":["slope_failure","rockfall"],"evidenceLevel":0,"originLevel":0,"hasRecord":false,"recordRelation":null,"status":"current","disputed":false,"precision":"koaza","areaKey":null,"elements":["kura"],"summary":"要素辞書に一致（kura）。出典による裏づけは未確認。","zones":[],"dataset":"candidates"}},{"type":"Feature","geometry":{"type":"Point","coordinates":[140.392286,37.519883]},"properties":{"id":"07-c9cf2eebcb","name":"欠下","reading":null,"pref":"福島県","prefCode":"07","municipality":"本宮市","hazardTypes":["slope_failure"],"evidenceLevel":0,"originLevel":0,"hasRecord":false,"recordRelation":null,"status":"current","disputed":false,"precision":"koaza","areaKey":null,"elements":["kake"],"summary":"要素辞書に一致（kake）。出典による裏づけは未確認。","zones":[],"dataset":"candidates"}},{"type":"Feature","geometry":{"type":"Point","coordinates":[140.39353,37.508241]},"properties":{"id":"07-14e4b5a3c3","name":"葭ヶ入","reading":null,"pref":"福島県","prefCode":"07","municipality":"本宮市","hazardTypes":["landslide","soft_ground"],"evidenceLevel":0,"originLevel":0,"hasRecord":false,"recordRelation":null,"status":"current","disputed":false,"precision":"koaza","areaKey":null,"elements":["wetland_plants"],"summary":"要素辞書に一致（wetland_plants）。出典による裏づけは未確認。","zones":[],"dataset":"candidates"}},{"type":"Feature","geometry":{"type":"Point","coordinates":[140.374244,37.514106]},"properties":{"id":"07-a975dd4115","name":"蛇ノ鼻","reading":null,"pref":"福島県","prefCode":"07","municipality":"本宮市","hazardTypes":["slope_failure","debris_flow"],"evidenceLevel":0,"originLevel":0,"hasRecord":false,"recordRelation":null,"status":"current","disputed":false,"precision":"koaza","areaKey":null,"elements":["ja"],"summary":"要素辞書に一致（ja）。出典による裏づけは未確認。","zones":[],"dataset":"candidates"}},{"type":"Feature","geometry":{"type":"Point","coordinates":[140.39943,37.516305]},"properties":{"id":"07-e33dd68e19","name":"鍛冶免","reading":null,"pref":"福島県","prefCode":"07","municipality":"本宮市","hazardTypes":["slope_failure"],"evidenceLevel":0,"originLevel":0,"hasRecord":false,"recordRelation":null,"status":"current","disputed":false,"precision":"koaza","areaKey":null,"elements":["kaji_kamu"],"summary":"要素辞書に一致（kaji_kamu）。出典による裏づけは未確認。","zones":[],"dataset":"candidates"}},{"type":"Feature","geometry":{"type":"Point","coordinates":[140.402889,37.517951]},"properties":{"id":"07-3820c15c61","name":"馬場","reading":null,"pref":"福島県","prefCode":"07","municipality":"本宮市","hazardTypes":["slope_failure"],"evidenceLevel":0,"originLevel":0,"hasRecord":false,"recordRelation":null,"status":"current","disputed":false,"precision":"koaza","areaKey":null,"elements":["baba"],"summary":"要素辞書に一致（baba）。出典による裏づけは未確認。","zones":[],"dataset":"candidates"}},{"type":"Feature","geometry":{"type":"Point","coordinates":[140.397697,37.522941]},"properties":{"id":"07-219452c128","name":"鹿ノ子田","reading":null,"pref":"福島県","prefCode":"07","municipality":"本宮市","hazardTypes":["landslide","soft_ground"],"evidenceLevel":0,"originLevel":0,"hasRecord":false,"recordRelation":null,"status":"current","disputed":false,"precision":"koaza","areaKey":null,"elements":["shishi"],"summary":"要素辞書に一致（shishi）。出典による裏づけは未確認。","zones":[],"dataset":"candidates"}},{"type":"Feature","geometry":{"type":"Point","coordinates":[140.423188,37.53162]},"properties":{"id":"07-cba8a771bb","name":"大夏張","reading":null,"pref":"福島県","prefCode":"07","municipality":"本宮市","hazardTypes":["debris_flow","slope_failure"],"evidenceLevel":0,"originLevel":0,"hasRecord":false,"recordRelation":null,"status":"current","disputed":false,"precision":"koaza","areaKey":null,"elements":["nazu_natsu"],"summary":"要素辞書に一致（nazu_natsu）。出典による裏づけは未確認。","zones":[],"dataset":"candidates"}},{"type":"Feature","geometry":{"type":"Point","coordinates":[140.425558,37.51263]},"properties":{"id":"07-747f487687","name":"大谷戸","reading":null,"pref":"福島県","prefCode":"07","municipality":"本宮市","hazardTypes":["slope_failure","inundation"],"evidenceLevel":0,"originLevel":0,"hasRecord":false,"recordRelation":null,"status":"current","disputed":false,"precision":"koaza","areaKey":null,"elements":["afu_oo","yato"],"summary":"要素辞書に一致（afu_oo・yato）。出典による裏づけは未確認。","zones":[],"dataset":"candidates"}},{"type":"Feature","geometry":{"type":"Point","coordinates":[140.419722,37.530647]},"properties":{"id":"07-9815d09d94","name":"西大夏張","reading":null,"pref":"福島県","prefCode":"07","municipality":"本宮市","hazardTypes":["debris_flow","slope_failure"],"evidenceLevel":0,"originLevel":0,"hasRecord":false,"recordRelation":null,"status":"current","disputed":false,"precision":"koaza","areaKey":null,"elements":["nazu_natsu"],"summary":"要素辞書に一致（nazu_natsu）。出典による裏づけは未確認。","zones":[],"dataset":"candidates"}},{"type":"Feature","geometry":{"type":"Point","coordinates":[140.513917,37.85512]},"properties":{"id":"07-2438911577","name":"上川原","reading":null,"pref":"福島県","prefCode":"07","municipality":"伊達郡桑折町","hazardTypes":["flood"],"evidenceLevel":0,"originLevel":0,"hasRecord":false,"recordRelation":null,"status":"current","disputed":false,"precision":"koaza","areaKey":null,"elements":["kawara"],"summary":"要素辞書に一致（kawara）。出典による裏づけは未確認。","zones":[],"dataset":"candidates"}},{"type":"Feature","geometry":{"type":"Point","coordinates":[140.509229,37.843336]},"properties":{"id":"07-a5ec65acfd","name":"倉本","reading":null,"pref":"福島県","prefCode":"07","municipality":"伊達郡桑折町","hazardTypes":["slope_failure","rockfall"],"evidenceLevel":0,"originLevel":0,"hasRecord":false,"recordRelation":null,"status":"current","disputed":false,"precision":"koaza","areaKey":null,"elements":["kura"],"summary":"要素辞書に一致（kura）。出典による裏づけは未確認。","zones":[],"dataset":"candidates"}},{"type":"Feature","geometry":{"type":"Point","coordinates":[140.51001,37.843128]},"properties":{"id":"07-5b639d9dde","name":"倉本前","reading":null,"pref":"福島県","prefCode":"07","municipality":"伊達郡桑折町","hazardTypes":["slope_failure","rockfall"],"evidenceLevel":0,"originLevel":0,"hasRecord":false,"recordRelation":null,"status":"current","disputed":false,"precision":"koaza","areaKey":null,"elements":["kura"],"summary":"要素辞書に一致（kura）。出典による裏づけは未確認。","zones":[],"dataset":"candidates"}},{"type":"Feature","geometry":{"type":"Point","coordinates":[140.508432,37.843242]},"properties":{"id":"07-a487d8bf0a","name":"倉本裡","reading":null,"pref":"福島県","prefCode":"07","municipality":"伊達郡桑折町","hazardTypes":["slope_failure","rockfall"],"evidenceLevel":0,"originLevel":0,"hasRecord":false,"recordRelation":null,"status":"current","disputed":false,"precision":"koaza","areaKey":null,"elements":["kura"],"summary":"要素辞書に一致（kura）。出典による裏づけは未確認。","zones":[],"dataset":"candidates"}},{"type":"Feature","geometry":{"type":"Point","coordinates":[140.509416,37.841103]},"properties":{"id":"07-f928038d1a","name":"天神川原","reading":null,"pref":"福島県","prefCode":"07","municipality":"伊達郡桑折町","hazardTypes":["flood"],"evidenceLevel":0,"originLevel":0,"hasRecord":false,"recordRelation":null,"status":"current","disputed":false,"precision":"koaza","areaKey":null,"elements":["kawara"],"summary":"要素辞書に一致（kawara）。出典による裏づけは未確認。","zones":[],"dataset":"candidates"}},{"type":"Feature","geometry":{"type":"Point","coordinates":[140.524232,37.844224]},"properties":{"id":"07-2dd0ce19ef","name":"根岸","reading":null,"pref":"福島県","prefCode":"07","municipality":"伊達郡桑折町","hazardTypes":["slope_failure"],"evidenceLevel":0,"originLevel":0,"hasRecord":false,"recordRelation":null,"status":"current","disputed":false,"precision":"koaza","areaKey":null,"elements":["kake"],"summary":"要素辞書に一致（kake）。出典による裏づけは未確認。","zones":[],"dataset":"candidates"}},{"type":"Feature","geometry":{"type":"Point","coordinates":[140.526874,37.845014]},"properties":{"id":"07-dd3d542d34","name":"根岸前","reading":null,"pref":"福島県","prefCode":"07","municipality":"伊達郡桑折町","hazardTypes":["slope_failure"],"evidenceLevel":0,"originLevel":0,"hasRecord":false,"recordRelation":null,"status":"current","disputed":false,"precision":"koaza","areaKey":null,"elements":["kake"],"summary":"要素辞書に一致（kake）。出典による裏づけは未確認。","zones":[],"dataset":"candidates"}},{"type":"Feature","geometry":{"type":"Point","coordinates":[140.537597,37.835627]},"properties":{"id":"07-394ea43c9b","name":"沖河原","reading":null,"pref":"福島県","prefCode":"07","municipality":"伊達郡桑折町","hazardTypes":["flood"],"evidenceLevel":0,"originLevel":0,"hasRecord":false,"recordRelation":null,"status":"current","disputed":false,"precision":"koaza","areaKey":null,"elements":["kawara"],"summary":"要素辞書に一致（kawara）。出典による裏づけは未確認。","zones":[],"dataset":"candidates"}},{"type":"Feature","geometry":{"type":"Point","coordinates":[140.532242,37.840763]},"properties":{"id":"07-62fc1177bb","name":"馬場郷","reading":null,"pref":"福島県","prefCode":"07","municipality":"伊達郡桑折町","hazardTypes":["slope_failure"],"evidenceLevel":0,"originLevel":0,"hasRecord":false,"recordRelation":null,"status":"current","disputed":false,"precision":"koaza","areaKey":null,"elements":["baba"],"summary":"要素辞書に一致（baba）。出典による裏づけは未確認。","zones":[],"dataset":"candidates"}},{"type":"Feature","geometry":{"type":"Point","coordinates":[140.541587,37.848057]},"properties":{"id":"07-fd4a78db80","name":"柿ノ口","reading":null,"pref":"福島県","prefCode":"07","municipality":"伊達郡桑折町","hazardTypes":["slope_failure"],"evidenceLevel":0,"originLevel":0,"hasRecord":false,"recordRelation":null,"status":"current","disputed":false,"precision":"koaza","areaKey":null,"elements":["kake"],"summary":"要素辞書に一致（kake）。出典による裏づけは未確認。","zones":[],"dataset":"candidates"}},{"type":"Feature","geometry":{"type":"Point","coordinates":[140.555557,37.847811]},"properties":{"id":"07-3a337ccacb","name":"前川原","reading":null,"pref":"福島県","prefCode":"07","municipality":"伊達郡桑折町","hazardTypes":["flood"],"evidenceLevel":0,"originLevel":0,"hasRecord":false,"recordRelation":null,"status":"current","disputed":false,"precision":"koaza","areaKey":null,"elements":["kawara"],"summary":"要素辞書に一致（kawara）。出典による裏づけは未確認。","zones":[],"dataset":"candidates"}},{"type":"Feature","geometry":{"type":"Point","coordinates":[140.554649,37.848416]},"properties":{"id":"07-03d394c6d6","name":"前川原田","reading":null,"pref":"福島県","prefCode":"07","municipality":"伊達郡桑折町","hazardTypes":["flood"],"evidenceLevel":0,"originLevel":0,"hasRecord":false,"recordRelation":null,"status":"current","disputed":false,"precision":"koaza","areaKey":null,"elements":["kawara"],"summary":"要素辞書に一致（kawara）。出典による裏づけは未確認。","zones":[],"dataset":"candidates"}},{"type":"Feature","geometry":{"type":"Point","coordinates":[140.538881,37.868982]},"properties":{"id":"07-6259eb6c97","name":"足ノ町","reading":null,"pref":"福島県","prefCode":"07","municipality":"伊達郡桑折町","hazardTypes":["flood","inundation"],"evidenceLevel":0,"originLevel":0,"hasRecord":false,"recordRelation":null,"status":"current","disputed":false,"precision":"koaza","areaKey":null,"elements":["ashi"],"summary":"要素辞書に一致（ashi）。出典による裏づけは未確認。","zones":[],"dataset":"candidates"}},{"type":"Feature","geometry":{"type":"Point","coordinates":[140.519962,37.871967]},"properties":{"id":"07-c5db449634","name":"飛ル内","reading":null,"pref":"福島県","prefCode":"07","municipality":"伊達郡桑折町","hazardTypes":["slope_failure","debris_flow"],"evidenceLevel":0,"originLevel":0,"hasRecord":false,"recordRelation":null,"status":"current","disputed":false,"precision":"koaza","areaKey":null,"elements":["tobi"],"summary":"要素辞書に一致（tobi）。出典による裏づけは未確認。","zones":[],"dataset":"candidates"}},{"type":"Feature","geometry":{"type":"Point","coordinates":[140.519067,37.867039]},"properties":{"id":"07-40cf5e865b","name":"下川原","reading":null,"pref":"福島県","prefCode":"07","municipality":"伊達郡桑折町","hazardTypes":["flood"],"evidenceLevel":0,"originLevel":0,"hasRecord":false,"recordRelation":null,"status":"current","disputed":false,"precision":"koaza","areaKey":null,"elements":["kawara"],"summary":"要素辞書に一致（kawara）。出典による裏づけは未確認。","zones":[],"dataset":"candidates"}},{"type":"Feature","geometry":{"type":"Point","coordinates":[140.520766,37.861517]},"properties":{"id":"07-45678f4727","name":"南大梅寺","reading":null,"pref":"福島県","prefCode":"07","municipality":"伊達郡桑折町","hazardTypes":["landslide","slope_failure"],"evidenceLevel":0,"originLevel":0,"hasRecord":false,"recordRelation":null,"status":"current","disputed":false,"precision":"koaza","areaKey":null,"elements":["ume"],"summary":"要素辞書に一致（ume）。出典による裏づけは未確認。","zones":[],"dataset":"candidates"}},{"type":"Feature","geometry":{"type":"Point","coordinates":[140.521424,37.863106]},"properties":{"id":"07-7c90af9fbb","name":"大梅寺","reading":null,"pref":"福島県","prefCode":"07","municipality":"伊達郡桑折町","hazardTypes":["landslide","slope_failure"],"evidenceLevel":0,"originLevel":0,"hasRecord":false,"recordRelation":null,"status":"current","disputed":false,"precision":"koaza","areaKey":null,"elements":["ume"],"summary":"要素辞書に一致（ume）。出典による裏づけは未確認。","zones":[],"dataset":"candidates"}},{"type":"Feature","geometry":{"type":"Point","coordinates":[140.518934,37.868284]},"properties":{"id":"07-463d97a2bc","name":"押出","reading":null,"pref":"福島県","prefCode":"07","municipality":"伊達郡桑折町","hazardTypes":["debris_flow"],"evidenceLevel":0,"originLevel":0,"hasRecord":false,"recordRelation":null,"status":"current","disputed":false,"precision":"koaza","areaKey":null,"elements":["oshidashi"],"summary":"要素辞書に一致（oshidashi）。出典による裏づけは未確認。","zones":[],"dataset":"candidates"}},{"type":"Feature","geometry":{"type":"Point","coordinates":[140.513322,37.875922]},"properties":{"id":"07-da679d8a88","name":"水抜","reading":null,"pref":"福島県","prefCode":"07","municipality":"伊達郡桑折町","hazardTypes":["slope_failure"],"evidenceLevel":0,"originLevel":0,"hasRecord":false,"recordRelation":null,"status":"current","disputed":false,"precision":"koaza","areaKey":null,"elements":["nuke"],"summary":"要素辞書に一致（nuke）。出典による裏づけは未確認。","zones":[],"dataset":"candidates"}},{"type":"Feature","geometry":{"type":"Point","coordinates":[140.514927,37.861166]},"properties":{"id":"07-79cd8e846d","name":"蘭梅","reading":null,"pref":"福島県","prefCode":"07","municipality":"伊達郡桑折町","hazardTypes":["landslide","slope_failure"],"evidenceLevel":0,"originLevel":0,"hasRecord":false,"recordRelation":null,"status":"current","disputed":false,"precision":"koaza","areaKey":null,"elements":["ume"],"summary":"要素辞書に一致（ume）。出典による裏づけは未確認。","zones":[],"dataset":"candidates"}},{"type":"Feature","geometry":{"type":"Point","coordinates":[140.495333,37.844492]},"properties":{"id":"07-e80eedbc57","name":"山岸","reading":null,"pref":"福島県","prefCode":"07","municipality":"伊達郡桑折町","hazardTypes":["slope_failure"],"evidenceLevel":0,"originLevel":0,"hasRecord":false,"recordRelation":null,"status":"current","disputed":false,"precision":"koaza","areaKey":null,"elements":["kake"],"summary":"要素辞書に一致（kake）。出典による裏づけは未確認。","zones":[],"dataset":"candidates"}},{"type":"Feature","geometry":{"type":"Point","coordinates":[140.503481,37.833331]},"properties":{"id":"07-9c41e40704","name":"馬場","reading":null,"pref":"福島県","prefCode":"07","municipality":"伊達郡桑折町","hazardTypes":["slope_failure"],"evidenceLevel":0,"originLevel":0,"hasRecord":false,"recordRelation":null,"status":"current","disputed":false,"precision":"koaza","areaKey":null,"elements":["baba"],"summary":"要素辞書に一致（baba）。出典による裏づけは未確認。","zones":[],"dataset":"candidates"}},{"type":"Feature","geometry":{"type":"Point","coordinates":[140.496973,37.83557]},"properties":{"id":"07-cb37280733","name":"千刈田","reading":null,"pref":"福島県","prefCode":"07","municipality":"伊達郡桑折町","hazardTypes":["slope_failure"],"evidenceLevel":0,"originLevel":0,"hasRecord":false,"recordRelation":null,"status":"current","disputed":false,"precision":"koaza","areaKey":null,"elements":["kake"],"summary":"要素辞書に一致（kake）。出典による裏づけは未確認。","zones":[],"dataset":"candidates"}},{"type":"Feature","geometry":{"type":"Point","coordinates":[140.483733,37.831713]},"properties":{"id":"07-6e02cfb323","name":"川原","reading":null,"pref":"福島県","prefCode":"07","municipality":"伊達郡桑折町","hazardTypes":["flood"],"evidenceLevel":0,"originLevel":0,"hasRecord":false,"recordRelation":null,"status":"current","disputed":false,"precision":"koaza","areaKey":null,"elements":["kawara"],"summary":"要素辞書に一致（kawara）。出典による裏づけは未確認。","zones":[],"dataset":"candidates"}},{"type":"Feature","geometry":{"type":"Point","coordinates":[140.495567,37.833035]},"properties":{"id":"07-2f4c6b3037","name":"川原田","reading":null,"pref":"福島県","prefCode":"07","municipality":"伊達郡桑折町","hazardTypes":["flood"],"evidenceLevel":0,"originLevel":0,"hasRecord":false,"recordRelation":null,"status":"current","disputed":false,"precision":"koaza","areaKey":null,"elements":["kawara"],"summary":"要素辞書に一致（kawara）。出典による裏づけは未確認。","zones":[],"dataset":"candidates"}},{"type":"Feature","geometry":{"type":"Point","coordinates":[140.533719,37.831168]},"properties":{"id":"07-f615fe7290","name":"字下川原","reading":null,"pref":"福島県","prefCode":"07","municipality":"伊達郡桑折町","hazardTypes":["flood"],"evidenceLevel":0,"originLevel":0,"hasRecord":false,"recordRelation":null,"status":"current","disputed":false,"precision":"oaza","areaKey":null,"elements":["kawara"],"summary":"要素辞書に一致（kawara）。出典による裏づけは未確認。","zones":[],"dataset":"candidates"}},{"type":"Feature","geometry":{"type":"Point","coordinates":[140.52186,37.834225]},"properties":{"id":"07-2b47cfa142","name":"字新川原","reading":null,"pref":"福島県","prefCode":"07","municipality":"伊達郡桑折町","hazardTypes":["flood"],"evidenceLevel":0,"originLevel":0,"hasRecord":false,"recordRelation":null,"status":"current","disputed":false,"precision":"oaza","areaKey":null,"elements":["kawara"],"summary":"要素辞書に一致（kawara）。出典による裏づけは未確認。","zones":[],"dataset":"candidates"}},{"type":"Feature","geometry":{"type":"Point","coordinates":[140.507631,37.830383]},"properties":{"id":"07-504af65f13","name":"字蒲田","reading":null,"pref":"福島県","prefCode":"07","municipality":"伊達郡桑折町","hazardTypes":["landslide","soft_ground"],"evidenceLevel":0,"originLevel":0,"hasRecord":false,"recordRelation":null,"status":"current","disputed":false,"precision":"oaza","areaKey":null,"elements":["wetland_plants"],"summary":"要素辞書に一致（wetland_plants）。出典による裏づけは未確認。","zones":[],"dataset":"candidates"}},{"type":"Feature","geometry":{"type":"Point","coordinates":[140.531533,37.838042]},"properties":{"id":"07-c03223defc","name":"字赤川原","reading":null,"pref":"福島県","prefCode":"07","municipality":"伊達郡桑折町","hazardTypes":["flood"],"evidenceLevel":0,"originLevel":0,"hasRecord":false,"recordRelation":null,"status":"current","disputed":false,"precision":"oaza","areaKey":null,"elements":["kawara"],"summary":"要素辞書に一致（kawara）。出典による裏づけは未確認。","zones":[],"dataset":"candidates"}},{"type":"Feature","geometry":{"type":"Point","coordinates":[140.585792,37.895488]},"properties":{"id":"07-03a9a0dbda","name":"山岸","reading":null,"pref":"福島県","prefCode":"07","municipality":"伊達郡国見町","hazardTypes":["slope_failure"],"evidenceLevel":0,"originLevel":0,"hasRecord":false,"recordRelation":null,"status":"current","disputed":false,"precision":"koaza","areaKey":null,"elements":["kake"],"summary":"要素辞書に一致（kake）。出典による裏づけは未確認。","zones":[],"dataset":"candidates"}},{"type":"Feature","geometry":{"type":"Point","coordinates":[140.583012,37.890771]},"properties":{"id":"07-41d582b0fd","name":"蔵ノ内","reading":null,"pref":"福島県","prefCode":"07","municipality":"伊達郡国見町","hazardTypes":["slope_failure","rockfall"],"evidenceLevel":0,"originLevel":0,"hasRecord":false,"recordRelation":null,"status":"current","disputed":false,"precision":"koaza","areaKey":null,"elements":["kura"],"summary":"要素辞書に一致（kura）。出典による裏づけは未確認。","zones":[],"dataset":"candidates"}},{"type":"Feature","geometry":{"type":"Point","coordinates":[140.5844,37.896392]},"properties":{"id":"07-a1b41752e8","name":"鹿野","reading":null,"pref":"福島県","prefCode":"07","municipality":"伊達郡国見町","hazardTypes":["landslide","soft_ground"],"evidenceLevel":0,"originLevel":0,"hasRecord":false,"recordRelation":null,"status":"current","disputed":false,"precision":"koaza","areaKey":null,"elements":["shishi"],"summary":"要素辞書に一致（shishi）。出典による裏づけは未確認。","zones":[],"dataset":"candidates"}},{"type":"Feature","geometry":{"type":"Point","coordinates":[140.582758,37.895195]},"properties":{"id":"07-6da813781b","name":"鹿野山","reading":null,"pref":"福島県","prefCode":"07","municipality":"伊達郡国見町","hazardTypes":["landslide","soft_ground"],"evidenceLevel":0,"originLevel":0,"hasRecord":false,"recordRelation":null,"status":"current","disputed":false,"precision":"koaza","areaKey":null,"elements":["shishi"],"summary":"要素辞書に一致（shishi）。出典による裏づけは未確認。","zones":[],"dataset":"candidates"}},{"type":"Feature","geometry":{"type":"Point","coordinates":[140.55254,37.864538]},"properties":{"id":"07-63650d591c","name":"馬場ノ内","reading":null,"pref":"福島県","prefCode":"07","municipality":"伊達郡国見町","hazardTypes":["slope_failure"],"evidenceLevel":0,"originLevel":0,"hasRecord":false,"recordRelation":null,"status":"current","disputed":false,"precision":"koaza","areaKey":null,"elements":["baba"],"summary":"要素辞書に一致（baba）。出典による裏づけは未確認。","zones":[],"dataset":"candidates"}},{"type":"Feature","geometry":{"type":"Point","coordinates":[140.576549,37.885365]},"properties":{"id":"07-004d9cb9e1","name":"河原","reading":null,"pref":"福島県","prefCode":"07","municipality":"伊達郡国見町","hazardTypes":["flood"],"evidenceLevel":0,"originLevel":0,"hasRecord":false,"recordRelation":null,"status":"current","disputed":false,"precision":"koaza","areaKey":null,"elements":["kawara"],"summary":"要素辞書に一致（kawara）。出典による裏づけは未確認。","zones":[],"dataset":"candidates"}},{"type":"Feature","geometry":{"type":"Point","coordinates":[140.575149,37.87566]},"properties":{"id":"07-9d6b3913f0","name":"馬場","reading":null,"pref":"福島県","prefCode":"07","municipality":"伊達郡国見町","hazardTypes":["slope_failure"],"evidenceLevel":0,"originLevel":0,"hasRecord":false,"recordRelation":null,"status":"current","disputed":false,"precision":"koaza","areaKey":null,"elements":["baba"],"summary":"要素辞書に一致（baba）。出典による裏づけは未確認。","zones":[],"dataset":"candidates"}},{"type":"Feature","geometry":{"type":"Point","coordinates":[140.518317,37.887384]},"properties":{"id":"07-77db0ca9a2","name":"向川原","reading":null,"pref":"福島県","prefCode":"07","municipality":"伊達郡国見町","hazardTypes":["flood"],"evidenceLevel":0,"originLevel":0,"hasRecord":false,"recordRelation":null,"status":"current","disputed":false,"precision":"koaza","areaKey":null,"elements":["kawara"],"summary":"要素辞書に一致（kawara）。出典による裏づけは未確認。","zones":[],"dataset":"candidates"}},{"type":"Feature","geometry":{"type":"Point","coordinates":[140.533451,37.883351]},"properties":{"id":"07-a31dc8b1f2","name":"川原","reading":null,"pref":"福島県","prefCode":"07","municipality":"伊達郡国見町","hazardTypes":["flood"],"evidenceLevel":0,"originLevel":0,"hasRecord":false,"recordRelation":null,"status":"current","disputed":false,"precision":"koaza","areaKey":null,"elements":["kawara"],"summary":"要素辞書に一致（kawara）。出典による裏づけは未確認。","zones":[],"dataset":"candidates"}},{"type":"Feature","geometry":{"type":"Point","coordinates":[140.529848,37.884396]},"properties":{"id":"07-a61519b6a5","name":"柿木下","reading":null,"pref":"福島県","prefCode":"07","municipality":"伊達郡国見町","hazardTypes":["slope_failure"],"evidenceLevel":0,"originLevel":0,"hasRecord":false,"recordRelation":null,"status":"current","disputed":false,"precision":"koaza","areaKey":null,"elements":["kake"],"summary":"要素辞書に一致（kake）。出典による裏づけは未確認。","zones":[],"dataset":"candidates"}},{"type":"Feature","geometry":{"type":"Point","coordinates":[140.536414,37.879006]},"properties":{"id":"07-eb0d417ad6","name":"梅ノ町","reading":null,"pref":"福島県","prefCode":"07","municipality":"伊達郡国見町","hazardTypes":["landslide","slope_failure"],"evidenceLevel":0,"originLevel":0,"hasRecord":false,"recordRelation":null,"status":"current","disputed":false,"precision":"koaza","areaKey":null,"elements":["ume"],"summary":"要素辞書に一致（ume）。出典による裏づけは未確認。","zones":[],"dataset":"candidates"}},{"type":"Feature","geometry":{"type":"Point","coordinates":[140.544345,37.882382]},"properties":{"id":"07-37cbc16686","name":"手倉町","reading":null,"pref":"福島県","prefCode":"07","municipality":"伊達郡国見町","hazardTypes":["slope_failure","rockfall"],"evidenceLevel":0,"originLevel":0,"hasRecord":false,"recordRelation":null,"status":"current","disputed":false,"precision":"koaza","areaKey":null,"elements":["kura"],"summary":"要素辞書に一致（kura）。出典による裏づけは未確認。","zones":[],"dataset":"candidates"}},{"type":"Feature","geometry":{"type":"Point","coordinates":[140.543068,37.882006]},"properties":{"id":"07-afc9023a10","name":"深町","reading":null,"pref":"福島県","prefCode":"07","municipality":"伊達郡国見町","hazardTypes":["soft_ground","inundation"],"evidenceLevel":0,"originLevel":0,"hasRecord":false,"recordRelation":null,"status":"current","disputed":false,"precision":"koaza","areaKey":null,"elements":["fuke"],"summary":"要素辞書に一致（fuke）。出典による裏づけは未確認。","zones":[],"dataset":"candidates"}},{"type":"Feature","geometry":{"type":"Point","coordinates":[140.586961,37.873183]},"properties":{"id":"07-ae68607d5e","name":"北川原","reading":null,"pref":"福島県","prefCode":"07","municipality":"伊達郡国見町","hazardTypes":["flood"],"evidenceLevel":0,"originLevel":0,"hasRecord":false,"recordRelation":null,"status":"current","disputed":false,"precision":"koaza","areaKey":null,"elements":["kawara"],"summary":"要素辞書に一致（kawara）。出典による裏づけは未確認。","zones":[],"dataset":"candidates"}},{"type":"Feature","geometry":{"type":"Point","coordinates":[140.569951,37.864049]},"properties":{"id":"07-bc7e9d296c","name":"下川原","reading":null,"pref":"福島県","prefCode":"07","municipality":"伊達郡国見町","hazardTypes":["flood"],"evidenceLevel":0,"originLevel":0,"hasRecord":false,"recordRelation":null,"status":"current","disputed":false,"precision":"koaza","areaKey":null,"elements":["kawara"],"summary":"要素辞書に一致（kawara）。出典による裏づけは未確認。","zones":[],"dataset":"candidates"}},{"type":"Feature","geometry":{"type":"Point","coordinates":[140.565258,37.862898]},"properties":{"id":"07-28eab7129c","name":"二階間々","reading":null,"pref":"福島県","prefCode":"07","municipality":"伊達郡国見町","hazardTypes":["slope_failure","erosion"],"evidenceLevel":0,"originLevel":0,"hasRecord":false,"recordRelation":null,"status":"current","disputed":false,"precision":"koaza","areaKey":null,"elements":["mama"],"summary":"要素辞書に一致（mama）。出典による裏づけは未確認。","zones":[],"dataset":"candidates"}},{"type":"Feature","geometry":{"type":"Point","coordinates":[140.517282,37.880251]},"properties":{"id":"07-84a41e2b1f","name":"普蔵","reading":null,"pref":"福島県","prefCode":"07","municipality":"伊達郡国見町","hazardTypes":["slope_failure","rockfall"],"evidenceLevel":0,"originLevel":0,"hasRecord":false,"recordRelation":null,"status":"current","disputed":false,"precision":"koaza","areaKey":null,"elements":["kura"],"summary":"要素辞書に一致（kura）。出典による裏づけは未確認。","zones":[],"dataset":"candidates"}},{"type":"Feature","geometry":{"type":"Point","coordinates":[140.516851,37.881729]},"properties":{"id":"07-7d99f3892d","name":"虚空蔵上","reading":null,"pref":"福島県","prefCode":"07","municipality":"伊達郡国見町","hazardTypes":["slope_failure","rockfall"],"evidenceLevel":0,"originLevel":0,"hasRecord":false,"recordRelation":null,"status":"current","disputed":false,"precision":"koaza","areaKey":null,"elements":["kura"],"summary":"要素辞書に一致（kura）。出典による裏づけは未確認。","zones":[],"dataset":"candidates"}},{"type":"Feature","geometry":{"type":"Point","coordinates":[140.526149,37.881161]},"properties":{"id":"07-a7089195d0","name":"足洗","reading":null,"pref":"福島県","prefCode":"07","municipality":"伊達郡国見町","hazardTypes":["flood","inundation"],"evidenceLevel":0,"originLevel":0,"hasRecord":false,"recordRelation":null,"status":"current","disputed":false,"precision":"koaza","areaKey":null,"elements":["ashi"],"summary":"要素辞書に一致（ashi）。出典による裏づけは未確認。","zones":[],"dataset":"candidates"}},{"type":"Feature","geometry":{"type":"Point","coordinates":[140.53271,37.876999]},"properties":{"id":"07-27eee6948b","name":"馬場前","reading":null,"pref":"福島県","prefCode":"07","municipality":"伊達郡国見町","hazardTypes":["slope_failure"],"evidenceLevel":0,"originLevel":0,"hasRecord":false,"recordRelation":null,"status":"current","disputed":false,"precision":"koaza","areaKey":null,"elements":["baba"],"summary":"要素辞書に一致（baba）。出典による裏づけは未確認。","zones":[],"dataset":"candidates"}},{"type":"Feature","geometry":{"type":"Point","coordinates":[140.558466,37.889592]},"properties":{"id":"07-1c85e4cee1","name":"深田","reading":null,"pref":"福島県","prefCode":"07","municipality":"伊達郡国見町","hazardTypes":["soft_ground","inundation"],"evidenceLevel":0,"originLevel":0,"hasRecord":false,"recordRelation":null,"status":"current","disputed":false,"precision":"koaza","areaKey":null,"elements":["fuke"],"summary":"要素辞書に一致（fuke）。出典による裏づけは未確認。","zones":[],"dataset":"candidates"}},{"type":"Feature","geometry":{"type":"Point","coordinates":[140.553538,37.895588]},"properties":{"id":"07-187321d1be","name":"芹沢","reading":null,"pref":"福島県","prefCode":"07","municipality":"伊達郡国見町","hazardTypes":["landslide","soft_ground"],"evidenceLevel":0,"originLevel":0,"hasRecord":false,"recordRelation":null,"status":"current","disputed":false,"precision":"koaza","areaKey":null,"elements":["wetland_plants"],"summary":"要素辞書に一致（wetland_plants）。出典による裏づけは未確認。","zones":[],"dataset":"candidates"}},{"type":"Feature","geometry":{"type":"Point","coordinates":[140.562266,37.88615]},"properties":{"id":"07-e531cd4553","name":"鹿島","reading":null,"pref":"福島県","prefCode":"07","municipality":"伊達郡国見町","hazardTypes":["landslide","soft_ground"],"evidenceLevel":0,"originLevel":0,"hasRecord":false,"recordRelation":null,"status":"current","disputed":false,"precision":"koaza","areaKey":null,"elements":["shishi"],"summary":"要素辞書に一致（shishi）。出典による裏づけは未確認。","zones":[],"dataset":"candidates"}},{"type":"Feature","geometry":{"type":"Point","coordinates":[140.549874,37.879476]},"properties":{"id":"07-6aebb8a2f9","name":"古鹿島","reading":null,"pref":"福島県","prefCode":"07","municipality":"伊達郡国見町","hazardTypes":["landslide","soft_ground"],"evidenceLevel":0,"originLevel":0,"hasRecord":false,"recordRelation":null,"status":"current","disputed":false,"precision":"koaza","areaKey":null,"elements":["shishi"],"summary":"要素辞書に一致（shishi）。出典による裏づけは未確認。","zones":[],"dataset":"candidates"}},{"type":"Feature","geometry":{"type":"Point","coordinates":[140.590179,37.889624]},"properties":{"id":"07-073c0a5e5a","name":"根岸","reading":null,"pref":"福島県","prefCode":"07","municipality":"伊達郡国見町","hazardTypes":["slope_failure"],"evidenceLevel":0,"originLevel":0,"hasRecord":false,"recordRelation":null,"status":"current","disputed":false,"precision":"koaza","areaKey":null,"elements":["kake"],"summary":"要素辞書に一致（kake）。出典による裏づけは未確認。","zones":[],"dataset":"candidates"}},{"type":"Feature","geometry":{"type":"Point","coordinates":[140.580923,37.904537]},"properties":{"id":"07-a009727007","name":"柿場","reading":null,"pref":"福島県","prefCode":"07","municipality":"伊達郡国見町","hazardTypes":["slope_failure"],"evidenceLevel":0,"originLevel":0,"hasRecord":false,"recordRelation":null,"status":"current","disputed":false,"precision":"koaza","areaKey":null,"elements":["kake"],"summary":"要素辞書に一致（kake）。出典による裏づけは未確認。","zones":[],"dataset":"candidates"}},{"type":"Feature","geometry":{"type":"Point","coordinates":[140.528777,37.89142]},"properties":{"id":"07-e1deab8cc6","name":"杉ノ入","reading":null,"pref":"福島県","prefCode":"07","municipality":"伊達郡国見町","hazardTypes":["slope_failure"],"evidenceLevel":0,"originLevel":0,"hasRecord":false,"recordRelation":null,"status":"current","disputed":false,"precision":"koaza","areaKey":null,"elements":["suki_hagu"],"summary":"要素辞書に一致（suki_hagu）。出典による裏づけは未確認。","zones":[],"dataset":"candidates"}},{"type":"Feature","geometry":{"type":"Point","coordinates":[140.527471,37.888773]},"properties":{"id":"07-36e24f77b1","name":"葭原","reading":null,"pref":"福島県","prefCode":"07","municipality":"伊達郡国見町","hazardTypes":["landslide","soft_ground"],"evidenceLevel":0,"originLevel":0,"hasRecord":false,"recordRelation":null,"status":"current","disputed":false,"precision":"koaza","areaKey":null,"elements":["wetland_plants"],"summary":"要素辞書に一致（wetland_plants）。出典による裏づけは未確認。","zones":[],"dataset":"candidates"}},{"type":"Feature","geometry":{"type":"Point","coordinates":[140.583927,37.672609]},"properties":{"id":"07-e69dd22c76","name":"板倉内","reading":null,"pref":"福島県","prefCode":"07","municipality":"伊達郡川俣町","hazardTypes":["slope_failure","rockfall"],"evidenceLevel":0,"originLevel":0,"hasRecord":false,"recordRelation":null,"status":"current","disputed":false,"precision":"koaza","areaKey":null,"elements":["kura"],"summary":"要素辞書に一致（kura）。出典による裏づけは未確認。","zones":[],"dataset":"candidates"}},{"type":"Feature","geometry":{"type":"Point","coordinates":[140.579892,37.667662]},"properties":{"id":"07-554fb2cd55","name":"柿ノ窪","reading":null,"pref":"福島県","prefCode":"07","municipality":"伊達郡川俣町","hazardTypes":["slope_failure","inundation","landslide"],"evidenceLevel":0,"originLevel":0,"hasRecord":false,"recordRelation":null,"status":"current","disputed":false,"precision":"koaza","areaKey":null,"elements":["kake","kubo"],"summary":"要素辞書に一致（kake・kubo）。出典による裏づけは未確認。","zones":[],"dataset":"candidates"}},{"type":"Feature","geometry":{"type":"Point","coordinates":[140.56362,37.669016]},"properties":{"id":"07-3670332abe","name":"梅ヶ作","reading":null,"pref":"福島県","prefCode":"07","municipality":"伊達郡川俣町","hazardTypes":["landslide","slope_failure"],"evidenceLevel":0,"originLevel":0,"hasRecord":false,"recordRelation":null,"status":"current","disputed":false,"precision":"koaza","areaKey":null,"elements":["ume"],"summary":"要素辞書に一致（ume）。出典による裏づけは未確認。","zones":[],"dataset":"candidates"}},{"type":"Feature","geometry":{"type":"Point","coordinates":[140.567496,37.675044]},"properties":{"id":"07-ad05eeeca5","name":"清水入","reading":null,"pref":"福島県","prefCode":"07","municipality":"伊達郡川俣町","hazardTypes":["inundation"],"evidenceLevel":0,"originLevel":0,"hasRecord":false,"recordRelation":null,"status":"current","disputed":false,"precision":"koaza","areaKey":null,"elements":["mizuiri"],"summary":"要素辞書に一致（mizuiri）。出典による裏づけは未確認。","zones":[],"dataset":"candidates"}},{"type":"Feature","geometry":{"type":"Point","coordinates":[140.574347,37.669608]},"properties":{"id":"07-bac3f41065","name":"芦ヶ作","reading":null,"pref":"福島県","prefCode":"07","municipality":"伊達郡川俣町","hazardTypes":["flood","inundation"],"evidenceLevel":0,"originLevel":0,"hasRecord":false,"recordRelation":null,"status":"current","disputed":false,"precision":"koaza","areaKey":null,"elements":["ashi"],"summary":"要素辞書に一致（ashi）。出典による裏づけは未確認。","zones":[],"dataset":"candidates"}},{"type":"Feature","geometry":{"type":"Point","coordinates":[140.566093,37.665418]},"properties":{"id":"07-768bf47d55","name":"菖蒲田","reading":null,"pref":"福島県","prefCode":"07","municipality":"伊達郡川俣町","hazardTypes":["landslide","soft_ground"],"evidenceLevel":0,"originLevel":0,"hasRecord":false,"recordRelation":null,"status":"current","disputed":false,"precision":"koaza","areaKey":null,"elements":["wetland_plants"],"summary":"要素辞書に一致（wetland_plants）。出典による裏づけは未確認。","zones":[],"dataset":"candidates"}},{"type":"Feature","geometry":{"type":"Point","coordinates":[140.568232,37.672345]},"properties":{"id":"07-191013bf78","name":"馬場","reading":null,"pref":"福島県","prefCode":"07","municipality":"伊達郡川俣町","hazardTypes":["slope_failure"],"evidenceLevel":0,"originLevel":0,"hasRecord":false,"recordRelation":null,"status":"current","disputed":false,"precision":"koaza","areaKey":null,"elements":["baba"],"summary":"要素辞書に一致（baba）。出典による裏づけは未確認。","zones":[],"dataset":"candidates"}},{"type":"Feature","geometry":{"type":"Point","coordinates":[140.591975,37.66895]},"properties":{"id":"07-3158efea6d","name":"鹿野","reading":null,"pref":"福島県","prefCode":"07","municipality":"伊達郡川俣町","hazardTypes":["landslide","soft_ground"],"evidenceLevel":0,"originLevel":0,"hasRecord":false,"recordRelation":null,"status":"current","disputed":false,"precision":"koaza","areaKey":null,"elements":["shishi"],"summary":"要素辞書に一致（shishi）。出典による裏づけは未確認。","zones":[],"dataset":"candidates"}},{"type":"Feature","geometry":{"type":"Point","coordinates":[140.607429,37.671974]},"properties":{"id":"07-8de7c5dd97","name":"字倉ヶ作","reading":null,"pref":"福島県","prefCode":"07","municipality":"伊達郡川俣町","hazardTypes":["slope_failure","rockfall"],"evidenceLevel":0,"originLevel":0,"hasRecord":false,"recordRelation":null,"status":"current","disputed":false,"precision":"oaza","areaKey":null,"elements":["kura"],"summary":"要素辞書に一致（kura）。出典による裏づけは未確認。","zones":[],"dataset":"candidates"}},{"type":"Feature","geometry":{"type":"Point","coordinates":[140.606906,37.657433]},"properties":{"id":"07-b24bd4a6f9","name":"字川原田","reading":null,"pref":"福島県","prefCode":"07","municipality":"伊達郡川俣町","hazardTypes":["flood"],"evidenceLevel":0,"originLevel":0,"hasRecord":false,"recordRelation":null,"status":"current","disputed":false,"precision":"oaza","areaKey":null,"elements":["kawara"],"summary":"要素辞書に一致（kawara）。出典による裏づけは未確認。","zones":[],"dataset":"candidates"}},{"type":"Feature","geometry":{"type":"Point","coordinates":[140.599862,37.674662]},"properties":{"id":"07-b817ab5732","name":"字獅子喰田","reading":null,"pref":"福島県","prefCode":"07","municipality":"伊達郡川俣町","hazardTypes":["landslide","soft_ground"],"evidenceLevel":0,"originLevel":0,"hasRecord":false,"recordRelation":null,"status":"current","disputed":false,"precision":"oaza","areaKey":null,"elements":["shishi"],"summary":"要素辞書に一致（shishi）。出典による裏づけは未確認。","zones":[],"dataset":"candidates"}},{"type":"Feature","geometry":{"type":"Point","coordinates":[140.597701,37.673654]},"properties":{"id":"07-2cf2518c10","name":"字葭ヶ入","reading":null,"pref":"福島県","prefCode":"07","municipality":"伊達郡川俣町","hazardTypes":["landslide","soft_ground"],"evidenceLevel":0,"originLevel":0,"hasRecord":false,"recordRelation":null,"status":"current","disputed":false,"precision":"oaza","areaKey":null,"elements":["wetland_plants"],"summary":"要素辞書に一致（wetland_plants）。出典による裏づけは未確認。","zones":[],"dataset":"candidates"}},{"type":"Feature","geometry":{"type":"Point","coordinates":[140.621585,37.664942]},"properties":{"id":"07-aad7b78434","name":"梅ノ窪","reading":null,"pref":"福島県","prefCode":"07","municipality":"伊達郡川俣町","hazardTypes":["landslide","slope_failure","inundation"],"evidenceLevel":0,"originLevel":0,"hasRecord":false,"recordRelation":null,"status":"current","disputed":false,"precision":"koaza","areaKey":null,"elements":["ume","kubo"],"summary":"要素辞書に一致（ume・kubo）。出典による裏づけは未確認。","zones":[],"dataset":"candidates"}},{"type":"Feature","geometry":{"type":"Point","coordinates":[140.363794,37.554369]},"properties":{"id":"07-c0393d35b5","name":"仲川原","reading":null,"pref":"福島県","prefCode":"07","municipality":"安達郡大玉村","hazardTypes":["flood"],"evidenceLevel":0,"originLevel":0,"hasRecord":false,"recordRelation":null,"status":"current","disputed":false,"precision":"koaza","areaKey":null,"elements":["kawara"],"summary":"要素辞書に一致（kawara）。出典による裏づけは未確認。","zones":[],"dataset":"candidates"}},{"type":"Feature","geometry":{"type":"Point","coordinates":[140.392493,37.533315]},"properties":{"id":"07-9281fd6266","name":"大江地蔵堂","reading":null,"pref":"福島県","prefCode":"07","municipality":"安達郡大玉村","hazardTypes":["slope_failure","rockfall"],"evidenceLevel":0,"originLevel":0,"hasRecord":false,"recordRelation":null,"status":"current","disputed":false,"precision":"koaza","areaKey":null,"elements":["kura"],"summary":"要素辞書に一致（kura）。出典による裏づけは未確認。","zones":[],"dataset":"candidates"}},{"type":"Feature","geometry":{"type":"Point","coordinates":[140.400752,37.538514]},"properties":{"id":"07-5475110951","name":"柿崎","reading":null,"pref":"福島県","prefCode":"07","municipality":"安達郡大玉村","hazardTypes":["slope_failure"],"evidenceLevel":0,"originLevel":0,"hasRecord":false,"recordRelation":null,"status":"current","disputed":false,"precision":"koaza","areaKey":null,"elements":["kake"],"summary":"要素辞書に一致（kake）。出典による裏づけは未確認。","zones":[],"dataset":"candidates"}},{"type":"Feature","geometry":{"type":"Point","coordinates":[140.400825,37.556422]},"properties":{"id":"07-9e7bcea4b5","name":"椚山地蔵堂","reading":null,"pref":"福島県","prefCode":"07","municipality":"安達郡大玉村","hazardTypes":["slope_failure","rockfall"],"evidenceLevel":0,"originLevel":0,"hasRecord":false,"recordRelation":null,"status":"current","disputed":false,"precision":"koaza","areaKey":null,"elements":["kura"],"summary":"要素辞書に一致（kura）。出典による裏づけは未確認。","zones":[],"dataset":"candidates"}},{"type":"Feature","geometry":{"type":"Point","coordinates":[140.371016,37.54767]},"properties":{"id":"07-0c85dadbc3","name":"鞍掛","reading":null,"pref":"福島県","prefCode":"07","municipality":"安達郡大玉村","hazardTypes":["slope_failure","rockfall"],"evidenceLevel":0,"originLevel":0,"hasRecord":false,"recordRelation":null,"status":"current","disputed":false,"precision":"koaza","areaKey":null,"elements":["kura"],"summary":"要素辞書に一致（kura）。出典による裏づけは未確認。","zones":[],"dataset":"candidates"}},{"type":"Feature","geometry":{"type":"Point","coordinates":[140.362929,37.520682]},"properties":{"id":"07-4a36237154","name":"名倉","reading":null,"pref":"福島県","prefCode":"07","municipality":"安達郡大玉村","hazardTypes":["slope_failure","rockfall"],"evidenceLevel":0,"originLevel":0,"hasRecord":false,"recordRelation":null,"status":"current","disputed":false,"precision":"koaza","areaKey":null,"elements":["kura"],"summary":"要素辞書に一致（kura）。出典による裏づけは未確認。","zones":[],"dataset":"candidates"}},{"type":"Feature","geometry":{"type":"Point","coordinates":[140.358548,37.542897]},"properties":{"id":"07-866b26a0b4","name":"地蔵面","reading":null,"pref":"福島県","prefCode":"07","municipality":"安達郡大玉村","hazardTypes":["slope_failure","rockfall"],"evidenceLevel":0,"originLevel":0,"hasRecord":false,"recordRelation":null,"status":"current","disputed":false,"precision":"koaza","areaKey":null,"elements":["kura"],"summary":"要素辞書に一致（kura）。出典による裏づけは未確認。","zones":[],"dataset":"candidates"}},{"type":"Feature","geometry":{"type":"Point","coordinates":[140.359625,37.518235]},"properties":{"id":"07-567aaaefe3","name":"大名倉","reading":null,"pref":"福島県","prefCode":"07","municipality":"安達郡大玉村","hazardTypes":["slope_failure","rockfall"],"evidenceLevel":0,"originLevel":0,"hasRecord":false,"recordRelation":null,"status":"current","disputed":false,"precision":"koaza","areaKey":null,"elements":["kura"],"summary":"要素辞書に一致（kura）。出典による裏づけは未確認。","zones":[],"dataset":"candidates"}},{"type":"Feature","geometry":{"type":"Point","coordinates":[140.351553,37.519369]},"properties":{"id":"07-9a43e24a9e","name":"大名倉山","reading":null,"pref":"福島県","prefCode":"07","municipality":"安達郡大玉村","hazardTypes":["slope_failure","rockfall"],"evidenceLevel":0,"originLevel":0,"hasRecord":false,"recordRelation":null,"status":"current","disputed":false,"precision":"koaza","areaKey":null,"elements":["kura"],"summary":"要素辞書に一致（kura）。出典による裏づけは未確認。","zones":[],"dataset":"candidates"}},{"type":"Feature","geometry":{"type":"Point","coordinates":[140.3616,37.522181]},"properties":{"id":"07-4b737cfff3","name":"小名倉","reading":null,"pref":"福島県","prefCode":"07","municipality":"安達郡大玉村","hazardTypes":["slope_failure","rockfall"],"evidenceLevel":0,"originLevel":0,"hasRecord":false,"recordRelation":null,"status":"current","disputed":false,"precision":"koaza","areaKey":null,"elements":["kura"],"summary":"要素辞書に一致（kura）。出典による裏づけは未確認。","zones":[],"dataset":"candidates"}},{"type":"Feature","geometry":{"type":"Point","coordinates":[140.341191,37.544833]},"properties":{"id":"07-dae77a8cdd","name":"小菅","reading":null,"pref":"福島県","prefCode":"07","municipality":"安達郡大玉村","hazardTypes":["landslide","soft_ground"],"evidenceLevel":0,"originLevel":0,"hasRecord":false,"recordRelation":null,"status":"current","disputed":false,"precision":"koaza","areaKey":null,"elements":["wetland_plants"],"summary":"要素辞書に一致（wetland_plants）。出典による裏づけは未確認。","zones":[],"dataset":"candidates"}},{"type":"Feature","geometry":{"type":"Point","coordinates":[140.33462,37.556223]},"properties":{"id":"07-d9cfb0452e","name":"小高倉","reading":null,"pref":"福島県","prefCode":"07","municipality":"安達郡大玉村","hazardTypes":["slope_failure","rockfall"],"evidenceLevel":0,"originLevel":0,"hasRecord":false,"recordRelation":null,"status":"current","disputed":false,"precision":"koaza","areaKey":null,"elements":["kura"],"summary":"要素辞書に一致（kura）。出典による裏づけは未確認。","zones":[],"dataset":"candidates"}},{"type":"Feature","geometry":{"type":"Point","coordinates":[140.342846,37.555357]},"properties":{"id":"07-f72fbbf105","name":"小高倉山","reading":null,"pref":"福島県","prefCode":"07","municipality":"安達郡大玉村","hazardTypes":["slope_failure","rockfall"],"evidenceLevel":0,"originLevel":0,"hasRecord":false,"recordRelation":null,"status":"current","disputed":false,"precision":"koaza","areaKey":null,"elements":["kura"],"summary":"要素辞書に一致（kura）。出典による裏づけは未確認。","zones":[],"dataset":"candidates"}},{"type":"Feature","geometry":{"type":"Point","coordinates":[140.357382,37.537562]},"properties":{"id":"07-d8e1d3e96a","name":"庚申","reading":null,"pref":"福島県","prefCode":"07","municipality":"安達郡大玉村","hazardTypes":["slope_failure"],"evidenceLevel":0,"originLevel":0,"hasRecord":false,"recordRelation":null,"status":"current","disputed":false,"precision":"koaza","areaKey":null,"elements":["saru"],"summary":"要素辞書に一致（saru）。出典による裏づけは未確認。","zones":[],"dataset":"candidates"}},{"type":"Feature","geometry":{"type":"Point","coordinates":[140.329747,37.536895]},"properties":{"id":"07-f75c4d43da","name":"蒲坂","reading":null,"pref":"福島県","prefCode":"07","municipality":"安達郡大玉村","hazardTypes":["landslide","soft_ground"],"evidenceLevel":0,"originLevel":0,"hasRecord":false,"recordRelation":null,"status":"current","disputed":false,"precision":"koaza","areaKey":null,"elements":["wetland_plants"],"summary":"要素辞書に一致（wetland_plants）。出典による裏づけは未確認。","zones":[],"dataset":"candidates"}},{"type":"Feature","geometry":{"type":"Point","coordinates":[140.365917,37.530606]},"properties":{"id":"07-8178573995","name":"馬場","reading":null,"pref":"福島県","prefCode":"07","municipality":"安達郡大玉村","hazardTypes":["slope_failure"],"evidenceLevel":0,"originLevel":0,"hasRecord":false,"recordRelation":null,"status":"current","disputed":false,"precision":"koaza","areaKey":null,"elements":["baba"],"summary":"要素辞書に一致（baba）。出典による裏づけは未確認。","zones":[],"dataset":"candidates"}},{"type":"Feature","geometry":{"type":"Point","coordinates":[140.352725,37.57804]},"properties":{"id":"07-4c40d8d546","name":"馬場平","reading":null,"pref":"福島県","prefCode":"07","municipality":"安達郡大玉村","hazardTypes":["slope_failure"],"evidenceLevel":0,"originLevel":0,"hasRecord":false,"recordRelation":null,"status":"current","disputed":false,"precision":"koaza","areaKey":null,"elements":["baba"],"summary":"要素辞書に一致（baba）。出典による裏づけは未確認。","zones":[],"dataset":"candidates"}},{"type":"Feature","geometry":{"type":"Point","coordinates":[140.327759,37.52397]},"properties":{"id":"07-24986b3107","name":"鳶巣","reading":null,"pref":"福島県","prefCode":"07","municipality":"安達郡大玉村","hazardTypes":["slope_failure","debris_flow"],"evidenceLevel":0,"originLevel":0,"hasRecord":false,"recordRelation":null,"status":"current","disputed":false,"precision":"koaza","areaKey":null,"elements":["tobi"],"summary":"要素辞書に一致（tobi）。出典による裏づけは未確認。","zones":[],"dataset":"candidates"}},{"type":"Feature","geometry":{"type":"Point","coordinates":[140.364982,37.269236]},"properties":{"id":"07-cbfb4cf2f8","name":"鹿島","reading":"カシマ","pref":"福島県","prefCode":"07","municipality":"岩瀬郡鏡石町","hazardTypes":["landslide","soft_ground"],"evidenceLevel":0,"originLevel":0,"hasRecord":false,"recordRelation":null,"status":"current","disputed":false,"precision":"oaza","areaKey":null,"elements":["shishi"],"summary":"要素辞書に一致（shishi）。出典による裏づけは未確認。","zones":[],"dataset":"candidates"}},{"type":"Feature","geometry":{"type":"Point","coordinates":[140.356187,37.27363]},"properties":{"id":"07-602082b9af","name":"蒲之沢町","reading":"カバノサワマチ","pref":"福島県","prefCode":"07","municipality":"岩瀬郡鏡石町","hazardTypes":["landslide","soft_ground"],"evidenceLevel":0,"originLevel":0,"hasRecord":false,"recordRelation":null,"status":"current","disputed":false,"precision":"oaza","areaKey":null,"elements":["wetland_plants"],"summary":"要素辞書に一致（wetland_plants）。出典による裏づけは未確認。","zones":[],"dataset":"candidates"}},{"type":"Feature","geometry":{"type":"Point","coordinates":[140.388609,37.230765]},"properties":{"id":"07-47cd415679","name":"河原","reading":"カワラ","pref":"福島県","prefCode":"07","municipality":"岩瀬郡鏡石町","hazardTypes":["flood"],"evidenceLevel":0,"originLevel":0,"hasRecord":false,"recordRelation":null,"status":"current","disputed":false,"precision":"oaza","areaKey":null,"elements":["kawara"],"summary":"要素辞書に一致（kawara）。出典による裏づけは未確認。","zones":[],"dataset":"candidates"}},{"type":"Feature","geometry":{"type":"Point","coordinates":[140.371982,37.267441]},"properties":{"id":"07-14e0226dc1","name":"東鹿島","reading":"ヒガシカシマ","pref":"福島県","prefCode":"07","municipality":"岩瀬郡鏡石町","hazardTypes":["landslide","soft_ground"],"evidenceLevel":0,"originLevel":0,"hasRecord":false,"recordRelation":null,"status":"current","disputed":false,"precision":"oaza","areaKey":null,"elements":["shishi"],"summary":"要素辞書に一致（shishi）。出典による裏づけは未確認。","zones":[],"dataset":"candidates"}},{"type":"Feature","geometry":{"type":"Point","coordinates":[140.390107,37.234982]},"properties":{"id":"07-08fe7e456e","name":"東河原","reading":"ヒガシカワラ","pref":"福島県","prefCode":"07","municipality":"岩瀬郡鏡石町","hazardTypes":["flood"],"evidenceLevel":0,"originLevel":0,"hasRecord":false,"recordRelation":null,"status":"current","disputed":false,"precision":"oaza","areaKey":null,"elements":["kawara"],"summary":"要素辞書に一致（kawara）。出典による裏づけは未確認。","zones":[],"dataset":"candidates"}},{"type":"Feature","geometry":{"type":"Point","coordinates":[140.3119,37.23639]},"properties":{"id":"07-c5f8cd3acc","name":"大字柿之内","reading":null,"pref":"福島県","prefCode":"07","municipality":"岩瀬郡天栄村","hazardTypes":["slope_failure"],"evidenceLevel":0,"originLevel":0,"hasRecord":false,"recordRelation":null,"status":"current","disputed":false,"precision":"oaza","areaKey":null,"elements":["kake"],"summary":"要素辞書に一致（kake）。出典による裏づけは未確認。","zones":[],"dataset":"candidates"}},{"type":"Feature","geometry":{"type":"Point","coordinates":[139.936386,37.204997]},"properties":{"id":"07-2072448d3f","name":"大字南倉沢","reading":null,"pref":"福島県","prefCode":"07","municipality":"南会津郡下郷町","hazardTypes":["slope_failure","rockfall"],"evidenceLevel":0,"originLevel":0,"hasRecord":false,"recordRelation":null,"status":"current","disputed":false,"precision":"oaza","areaKey":null,"elements":["kura"],"summary":"要素辞書に一致（kura）。出典による裏づけは未確認。","zones":[],"dataset":"candidates"}},{"type":"Feature","geometry":{"type":"Point","coordinates":[139.373844,37.008594]},"properties":{"id":"07-1d0fcf25ca","name":"字上河原","reading":null,"pref":"福島県","prefCode":"07","municipality":"南会津郡檜枝岐村","hazardTypes":["flood"],"evidenceLevel":0,"originLevel":0,"hasRecord":false,"recordRelation":null,"status":"current","disputed":false,"precision":"oaza","areaKey":null,"elements":["kawara"],"summary":"要素辞書に一致（kawara）。出典による裏づけは未確認。","zones":[],"dataset":"candidates"}},{"type":"Feature","geometry":{"type":"Point","coordinates":[139.411761,37.065327]},"properties":{"id":"07-5f6164c50e","name":"字葭ケ平","reading":null,"pref":"福島県","prefCode":"07","municipality":"南会津郡檜枝岐村","hazardTypes":["landslide","soft_ground"],"evidenceLevel":0,"originLevel":0,"hasRecord":false,"recordRelation":null,"status":"current","disputed":false,"precision":"oaza","areaKey":null,"elements":["wetland_plants"],"summary":"要素辞書に一致（wetland_plants）。出典による裏づけは未確認。","zones":[],"dataset":"candidates"}},{"type":"Feature","geometry":{"type":"Point","coordinates":[139.440164,37.296296]},"properties":{"id":"07-69ffb03916","name":"大字大倉","reading":null,"pref":"福島県","prefCode":"07","municipality":"南会津郡只見町","hazardTypes":["slope_failure","rockfall"],"evidenceLevel":0,"originLevel":0,"hasRecord":false,"recordRelation":null,"status":"current","disputed":false,"precision":"oaza","areaKey":null,"elements":["kura"],"summary":"要素辞書に一致（kura）。出典による裏づけは未確認。","zones":[],"dataset":"candidates"}},{"type":"Feature","geometry":{"type":"Point","coordinates":[139.40673,37.318261]},"properties":{"id":"07-6909042e84","name":"大字熊倉","reading":null,"pref":"福島県","prefCode":"07","municipality":"南会津郡只見町","hazardTypes":["slope_failure","rockfall"],"evidenceLevel":0,"originLevel":0,"hasRecord":false,"recordRelation":null,"status":"current","disputed":false,"precision":"oaza","areaKey":null,"elements":["kura"],"summary":"要素辞書に一致（kura）。出典による裏づけは未確認。","zones":[],"dataset":"candidates"}},{"type":"Feature","geometry":{"type":"Point","coordinates":[139.29574,37.269579]},"properties":{"id":"07-d60bcc6553","name":"大字田子倉","reading":null,"pref":"福島県","prefCode":"07","municipality":"南会津郡只見町","hazardTypes":["slope_failure","rockfall"],"evidenceLevel":0,"originLevel":0,"hasRecord":false,"recordRelation":null,"status":"current","disputed":false,"precision":"oaza","areaKey":null,"elements":["kura"],"summary":"要素辞書に一致（kura）。出典による裏づけは未確認。","zones":[],"dataset":"candidates"}},{"type":"Feature","geometry":{"type":"Point","coordinates":[139.313771,37.392763]},"properties":{"id":"07-41fc6c8b7d","name":"大字蒲生","reading":null,"pref":"福島県","prefCode":"07","municipality":"南会津郡只見町","hazardTypes":["landslide","soft_ground"],"evidenceLevel":0,"originLevel":0,"hasRecord":false,"recordRelation":null,"status":"current","disputed":false,"precision":"oaza","areaKey":null,"elements":["wetland_plants"],"summary":"要素辞書に一致（wetland_plants）。出典による裏づけは未確認。","zones":[],"dataset":"candidates"}},{"type":"Feature","geometry":{"type":"Point","coordinates":[139.598023,37.102471]},"properties":{"id":"07-624287ae78","name":"大久保","reading":"オオクボ","pref":"福島県","prefCode":"07","municipality":"南会津郡南会津町","hazardTypes":["slope_failure","inundation","landslide"],"evidenceLevel":0,"originLevel":0,"hasRecord":false,"recordRelation":null,"status":"current","disputed":false,"precision":"oaza","areaKey":null,"elements":["afu_oo","kubo"],"summary":"要素辞書に一致（afu_oo・kubo）。出典による裏づけは未確認。","zones":[],"dataset":"candidates"}},{"type":"Feature","geometry":{"type":"Point","coordinates":[139.770174,37.194093]},"properties":{"id":"07-88eb4b5a8a","name":"欠落甲","reading":null,"pref":"福島県","prefCode":"07","municipality":"南会津郡南会津町","hazardTypes":["slope_failure"],"evidenceLevel":0,"originLevel":0,"hasRecord":false,"recordRelation":null,"status":"current","disputed":false,"precision":"koaza","areaKey":null,"elements":["kake"],"summary":"要素辞書に一致（kake）。出典による裏づけは未確認。","zones":[],"dataset":"candidates"}},{"type":"Feature","geometry":{"type":"Point","coordinates":[139.76311,37.198343]},"properties":{"id":"07-67dc988d0a","name":"西上川原乙","reading":null,"pref":"福島県","prefCode":"07","municipality":"南会津郡南会津町","hazardTypes":["flood"],"evidenceLevel":0,"originLevel":0,"hasRecord":false,"recordRelation":null,"status":"current","disputed":false,"precision":"koaza","areaKey":null,"elements":["kawara"],"summary":"要素辞書に一致（kawara）。出典による裏づけは未確認。","zones":[],"dataset":"candidates"}},{"type":"Feature","geometry":{"type":"Point","coordinates":[139.764754,37.20033]},"properties":{"id":"07-50cb233df0","name":"鎌倉崎","reading":null,"pref":"福島県","prefCode":"07","municipality":"南会津郡南会津町","hazardTypes":["slope_failure","rockfall"],"evidenceLevel":0,"originLevel":0,"hasRecord":false,"recordRelation":null,"status":"current","disputed":false,"precision":"koaza","areaKey":null,"elements":["kura"],"summary":"要素辞書に一致（kura）。出典による裏づけは未確認。","zones":[],"dataset":"candidates"}},{"type":"Feature","geometry":{"type":"Point","coordinates":[139.764688,37.201604]},"properties":{"id":"07-cdaaf702db","name":"鎌倉崎乙","reading":null,"pref":"福島県","prefCode":"07","municipality":"南会津郡南会津町","hazardTypes":["slope_failure","rockfall"],"evidenceLevel":0,"originLevel":0,"hasRecord":false,"recordRelation":null,"status":"current","disputed":false,"precision":"koaza","areaKey":null,"elements":["kura"],"summary":"要素辞書に一致（kura）。出典による裏づけは未確認。","zones":[],"dataset":"candidates"}},{"type":"Feature","geometry":{"type":"Point","coordinates":[139.76228,37.203948]},"properties":{"id":"07-ee8270b0c3","name":"上川原","reading":null,"pref":"福島県","prefCode":"07","municipality":"南会津郡南会津町","hazardTypes":["flood"],"evidenceLevel":0,"originLevel":0,"hasRecord":false,"recordRelation":null,"status":"current","disputed":false,"precision":"koaza","areaKey":null,"elements":["kawara"],"summary":"要素辞書に一致（kawara）。出典による裏づけは未確認。","zones":[],"dataset":"candidates"}},{"type":"Feature","geometry":{"type":"Point","coordinates":[139.771813,37.207559]},"properties":{"id":"07-38989cd55b","name":"中川原","reading":null,"pref":"福島県","prefCode":"07","municipality":"南会津郡南会津町","hazardTypes":["flood"],"evidenceLevel":0,"originLevel":0,"hasRecord":false,"recordRelation":null,"status":"current","disputed":false,"precision":"koaza","areaKey":null,"elements":["kawara"],"summary":"要素辞書に一致（kawara）。出典による裏づけは未確認。","zones":[],"dataset":"candidates"}},{"type":"Feature","geometry":{"type":"Point","coordinates":[139.77379,37.207725]},"properties":{"id":"07-fec1533b0f","name":"向川原","reading":null,"pref":"福島県","prefCode":"07","municipality":"南会津郡南会津町","hazardTypes":["flood"],"evidenceLevel":0,"originLevel":0,"hasRecord":false,"recordRelation":null,"status":"current","disputed":false,"precision":"koaza","areaKey":null,"elements":["kawara"],"summary":"要素辞書に一致（kawara）。出典による裏づけは未確認。","zones":[],"dataset":"candidates"}},{"type":"Feature","geometry":{"type":"Point","coordinates":[139.758731,37.2019]},"properties":{"id":"07-c4bd166cdd","name":"庚申壇","reading":null,"pref":"福島県","prefCode":"07","municipality":"南会津郡南会津町","hazardTypes":["slope_failure"],"evidenceLevel":0,"originLevel":0,"hasRecord":false,"recordRelation":null,"status":"current","disputed":false,"precision":"koaza","areaKey":null,"elements":["saru"],"summary":"要素辞書に一致（saru）。出典による裏づけは未確認。","zones":[],"dataset":"candidates"}},{"type":"Feature","geometry":{"type":"Point","coordinates":[139.662594,37.602018]},"properties":{"id":"07-eea1ce2fd8","name":"馬場","reading":null,"pref":"福島県","prefCode":"07","municipality":"耶麻郡西会津町","hazardTypes":["slope_failure"],"evidenceLevel":0,"originLevel":0,"hasRecord":false,"recordRelation":null,"status":"current","disputed":false,"precision":"koaza","areaKey":null,"elements":["baba"],"summary":"要素辞書に一致（baba）。出典による裏づけは未確認。","zones":[],"dataset":"candidates"}},{"type":"Feature","geometry":{"type":"Point","coordinates":[139.650486,37.586045]},"properties":{"id":"07-8d40eae34f","name":"鹿島前","reading":null,"pref":"福島県","prefCode":"07","municipality":"耶麻郡西会津町","hazardTypes":["landslide","soft_ground"],"evidenceLevel":0,"originLevel":0,"hasRecord":false,"recordRelation":null,"status":"current","disputed":false,"precision":"koaza","areaKey":null,"elements":["shishi"],"summary":"要素辞書に一致（shishi）。出典による裏づけは未確認。","zones":[],"dataset":"candidates"}},{"type":"Feature","geometry":{"type":"Point","coordinates":[139.967494,37.564796]},"properties":{"id":"07-ba48e9abba","name":"入倉","reading":null,"pref":"福島県","prefCode":"07","municipality":"耶麻郡磐梯町","hazardTypes":["slope_failure","rockfall"],"evidenceLevel":0,"originLevel":0,"hasRecord":false,"recordRelation":null,"status":"current","disputed":false,"precision":"koaza","areaKey":null,"elements":["kura"],"summary":"要素辞書に一致（kura）。出典による裏づけは未確認。","zones":[],"dataset":"candidates"}},{"type":"Feature","geometry":{"type":"Point","coordinates":[139.981123,37.559978]},"properties":{"id":"07-48ba7de945","name":"猿田","reading":null,"pref":"福島県","prefCode":"07","municipality":"耶麻郡磐梯町","hazardTypes":["slope_failure"],"evidenceLevel":0,"originLevel":0,"hasRecord":false,"recordRelation":null,"status":"current","disputed":false,"precision":"koaza","areaKey":null,"elements":["saru"],"summary":"要素辞書に一致（saru）。出典による裏づけは未確認。","zones":[],"dataset":"candidates"}},{"type":"Feature","geometry":{"type":"Point","coordinates":[139.942561,37.578303]},"properties":{"id":"07-3dad58736e","name":"倉石","reading":null,"pref":"福島県","prefCode":"07","municipality":"耶麻郡磐梯町","hazardTypes":["slope_failure","rockfall"],"evidenceLevel":0,"originLevel":0,"hasRecord":false,"recordRelation":null,"status":"current","disputed":false,"precision":"koaza","areaKey":null,"elements":["kura"],"summary":"要素辞書に一致（kura）。出典による裏づけは未確認。","zones":[],"dataset":"candidates"}},{"type":"Feature","geometry":{"type":"Point","coordinates":[140.139306,37.572803]},"properties":{"id":"07-e76880b8f0","name":"儘","reading":null,"pref":"福島県","prefCode":"07","municipality":"耶麻郡猪苗代町","hazardTypes":["slope_failure","erosion"],"evidenceLevel":0,"originLevel":0,"hasRecord":false,"recordRelation":null,"status":"current","disputed":false,"precision":"koaza","areaKey":null,"elements":["mama"],"summary":"要素辞書に一致（mama）。出典による裏づけは未確認。","zones":[],"dataset":"candidates"}},{"type":"Feature","geometry":{"type":"Point","coordinates":[140.132064,37.597044]},"properties":{"id":"07-3fe168c7b1","name":"西河原","reading":null,"pref":"福島県","prefCode":"07","municipality":"耶麻郡猪苗代町","hazardTypes":["flood"],"evidenceLevel":0,"originLevel":0,"hasRecord":false,"recordRelation":null,"status":"current","disputed":false,"precision":"koaza","areaKey":null,"elements":["kawara"],"summary":"要素辞書に一致（kawara）。出典による裏づけは未確認。","zones":[],"dataset":"candidates"}},{"type":"Feature","geometry":{"type":"Point","coordinates":[140.115011,37.528227]},"properties":{"id":"07-f5d570cefa","name":"三百刈乙","reading":null,"pref":"福島県","prefCode":"07","municipality":"耶麻郡猪苗代町","hazardTypes":["slope_failure"],"evidenceLevel":0,"originLevel":0,"hasRecord":false,"recordRelation":null,"status":"current","disputed":false,"precision":"koaza","areaKey":null,"elements":["kake"],"summary":"要素辞書に一致（kake）。出典による裏づけは未確認。","zones":[],"dataset":"candidates"}},{"type":"Feature","geometry":{"type":"Point","coordinates":[140.117302,37.525666]},"properties":{"id":"07-d592e978f9","name":"五百刈","reading":null,"pref":"福島県","prefCode":"07","municipality":"耶麻郡猪苗代町","hazardTypes":["slope_failure"],"evidenceLevel":0,"originLevel":0,"hasRecord":false,"recordRelation":null,"status":"current","disputed":false,"precision":"koaza","areaKey":null,"elements":["kake"],"summary":"要素辞書に一致（kake）。出典による裏づけは未確認。","zones":[],"dataset":"candidates"}},{"type":"Feature","geometry":{"type":"Point","coordinates":[140.131316,37.515846]},"properties":{"id":"07-c1d5aabbbb","name":"狐川原甲","reading":null,"pref":"福島県","prefCode":"07","municipality":"耶麻郡猪苗代町","hazardTypes":["flood"],"evidenceLevel":0,"originLevel":0,"hasRecord":false,"recordRelation":null,"status":"current","disputed":false,"precision":"koaza","areaKey":null,"elements":["kawara"],"summary":"要素辞書に一致（kawara）。出典による裏づけは未確認。","zones":[],"dataset":"candidates"}},{"type":"Feature","geometry":{"type":"Point","coordinates":[140.116802,37.529199]},"properties":{"id":"07-fbea68f203","name":"菖蒲谷地","reading":null,"pref":"福島県","prefCode":"07","municipality":"耶麻郡猪苗代町","hazardTypes":["landslide","soft_ground","inundation"],"evidenceLevel":0,"originLevel":0,"hasRecord":false,"recordRelation":null,"status":"current","disputed":false,"precision":"koaza","areaKey":null,"elements":["wetland_plants","yato"],"summary":"要素辞書に一致（wetland_plants・yato）。出典による裏づけは未確認。","zones":[],"dataset":"candidates"}},{"type":"Feature","geometry":{"type":"Point","coordinates":[140.101452,37.536229]},"properties":{"id":"07-132e8f427e","name":"小黒河岸","reading":null,"pref":"福島県","prefCode":"07","municipality":"耶麻郡猪苗代町","hazardTypes":["slope_failure"],"evidenceLevel":0,"originLevel":0,"hasRecord":false,"recordRelation":null,"status":"current","disputed":false,"precision":"koaza","areaKey":null,"elements":["kake"],"summary":"要素辞書に一致（kake）。出典による裏づけは未確認。","zones":[],"dataset":"candidates"}},{"type":"Feature","geometry":{"type":"Point","coordinates":[140.142245,37.537924]},"properties":{"id":"07-1c67c2cf40","name":"上川原","reading":null,"pref":"福島県","prefCode":"07","municipality":"耶麻郡猪苗代町","hazardTypes":["flood"],"evidenceLevel":0,"originLevel":0,"hasRecord":false,"recordRelation":null,"status":"current","disputed":false,"precision":"koaza","areaKey":null,"elements":["kawara"],"summary":"要素辞書に一致（kawara）。出典による裏づけは未確認。","zones":[],"dataset":"candidates"}},{"type":"Feature","geometry":{"type":"Point","coordinates":[140.061999,37.551093]},"properties":{"id":"07-8eb49a7566","name":"重蔵橋","reading":null,"pref":"福島県","prefCode":"07","municipality":"耶麻郡猪苗代町","hazardTypes":["slope_failure","rockfall"],"evidenceLevel":0,"originLevel":0,"hasRecord":false,"recordRelation":null,"status":"current","disputed":false,"precision":"koaza","areaKey":null,"elements":["kura"],"summary":"要素辞書に一致（kura）。出典による裏づけは未確認。","zones":[],"dataset":"candidates"}},{"type":"Feature","geometry":{"type":"Point","coordinates":[140.097961,37.53573]},"properties":{"id":"07-a118cd68b6","name":"仁蔵","reading":null,"pref":"福島県","prefCode":"07","municipality":"耶麻郡猪苗代町","hazardTypes":["slope_failure","rockfall"],"evidenceLevel":0,"originLevel":0,"hasRecord":false,"recordRelation":null,"status":"current","disputed":false,"precision":"koaza","areaKey":null,"elements":["kura"],"summary":"要素辞書に一致（kura）。出典による裏づけは未確認。","zones":[],"dataset":"candidates"}},{"type":"Feature","geometry":{"type":"Point","coordinates":[140.1429,37.596053]},"properties":{"id":"07-5b1c9e3643","name":"北川原甲","reading":null,"pref":"福島県","prefCode":"07","municipality":"耶麻郡猪苗代町","hazardTypes":["flood"],"evidenceLevel":0,"originLevel":0,"hasRecord":false,"recordRelation":null,"status":"current","disputed":false,"precision":"koaza","areaKey":null,"elements":["kawara"],"summary":"要素辞書に一致（kawara）。出典による裏づけは未確認。","zones":[],"dataset":"candidates"}},{"type":"Feature","geometry":{"type":"Point","coordinates":[140.140975,37.508291]},"properties":{"id":"07-467d1c1b18","name":"欠上り","reading":null,"pref":"福島県","prefCode":"07","municipality":"耶麻郡猪苗代町","hazardTypes":["slope_failure"],"evidenceLevel":0,"originLevel":0,"hasRecord":false,"recordRelation":null,"status":"current","disputed":false,"precision":"koaza","areaKey":null,"elements":["kake"],"summary":"要素辞書に一致（kake）。出典による裏づけは未確認。","zones":[],"dataset":"candidates"}},{"type":"Feature","geometry":{"type":"Point","coordinates":[140.125364,37.564256]},"properties":{"id":"07-97889b716e","name":"字上川原","reading":null,"pref":"福島県","prefCode":"07","municipality":"耶麻郡猪苗代町","hazardTypes":["flood"],"evidenceLevel":0,"originLevel":0,"hasRecord":false,"recordRelation":null,"status":"current","disputed":false,"precision":"oaza","areaKey":null,"elements":["kawara"],"summary":"要素辞書に一致（kawara）。出典による裏づけは未確認。","zones":[],"dataset":"candidates"}},{"type":"Feature","geometry":{"type":"Point","coordinates":[140.122365,37.571045]},"properties":{"id":"07-27f5ea066d","name":"字下川原","reading":null,"pref":"福島県","prefCode":"07","municipality":"耶麻郡猪苗代町","hazardTypes":["flood"],"evidenceLevel":0,"originLevel":0,"hasRecord":false,"recordRelation":null,"status":"current","disputed":false,"precision":"oaza","areaKey":null,"elements":["kawara"],"summary":"要素辞書に一致（kawara）。出典による裏づけは未確認。","zones":[],"dataset":"candidates"}},{"type":"Feature","geometry":{"type":"Point","coordinates":[140.12391,37.55605]},"properties":{"id":"07-2ea829a6bd","name":"字中川原","reading":null,"pref":"福島県","prefCode":"07","municipality":"耶麻郡猪苗代町","hazardTypes":["flood"],"evidenceLevel":0,"originLevel":0,"hasRecord":false,"recordRelation":null,"status":"current","disputed":false,"precision":"oaza","areaKey":null,"elements":["kawara"],"summary":"要素辞書に一致（kawara）。出典による裏づけは未確認。","zones":[],"dataset":"candidates"}},{"type":"Feature","geometry":{"type":"Point","coordinates":[140.13136,37.599099]},"properties":{"id":"07-55a131393e","name":"字前川原","reading":null,"pref":"福島県","prefCode":"07","municipality":"耶麻郡猪苗代町","hazardTypes":["flood"],"evidenceLevel":0,"originLevel":0,"hasRecord":false,"recordRelation":null,"status":"current","disputed":false,"precision":"oaza","areaKey":null,"elements":["kawara"],"summary":"要素辞書に一致（kawara）。出典による裏づけは未確認。","zones":[],"dataset":"candidates"}},{"type":"Feature","geometry":{"type":"Point","coordinates":[140.123932,37.558914]},"properties":{"id":"07-c20b4d5b06","name":"字向川原","reading":null,"pref":"福島県","prefCode":"07","municipality":"耶麻郡猪苗代町","hazardTypes":["flood"],"evidenceLevel":0,"originLevel":0,"hasRecord":false,"recordRelation":null,"status":"current","disputed":false,"precision":"oaza","areaKey":null,"elements":["kawara"],"summary":"要素辞書に一致（kawara）。出典による裏づけは未確認。","zones":[],"dataset":"candidates"}},{"type":"Feature","geometry":{"type":"Point","coordinates":[140.122971,37.574659]},"properties":{"id":"07-72bc0296a5","name":"字川原","reading":null,"pref":"福島県","prefCode":"07","municipality":"耶麻郡猪苗代町","hazardTypes":["flood"],"evidenceLevel":0,"originLevel":0,"hasRecord":false,"recordRelation":null,"status":"current","disputed":false,"precision":"oaza","areaKey":null,"elements":["kawara"],"summary":"要素辞書に一致（kawara）。出典による裏づけは未確認。","zones":[],"dataset":"candidates"}},{"type":"Feature","geometry":{"type":"Point","coordinates":[140.10434,37.567224]},"properties":{"id":"07-4311f58d2b","name":"字新馬場","reading":null,"pref":"福島県","prefCode":"07","municipality":"耶麻郡猪苗代町","hazardTypes":["slope_failure"],"evidenceLevel":0,"originLevel":0,"hasRecord":false,"recordRelation":null,"status":"current","disputed":false,"precision":"oaza","areaKey":null,"elements":["baba"],"summary":"要素辞書に一致（baba）。出典による裏づけは未確認。","zones":[],"dataset":"candidates"}},{"type":"Feature","geometry":{"type":"Point","coordinates":[140.124313,37.562223]},"properties":{"id":"07-9a21798d1c","name":"字東川原","reading":null,"pref":"福島県","prefCode":"07","municipality":"耶麻郡猪苗代町","hazardTypes":["flood"],"evidenceLevel":0,"originLevel":0,"hasRecord":false,"recordRelation":null,"status":"current","disputed":false,"precision":"oaza","areaKey":null,"elements":["kawara"],"summary":"要素辞書に一致（kawara）。出典による裏づけは未確認。","zones":[],"dataset":"candidates"}},{"type":"Feature","geometry":{"type":"Point","coordinates":[140.118104,37.570206]},"properties":{"id":"07-675f1ef748","name":"字欠上り","reading":null,"pref":"福島県","prefCode":"07","municipality":"耶麻郡猪苗代町","hazardTypes":["slope_failure"],"evidenceLevel":0,"originLevel":0,"hasRecord":false,"recordRelation":null,"status":"current","disputed":false,"precision":"oaza","areaKey":null,"elements":["kake"],"summary":"要素辞書に一致（kake）。出典による裏づけは未確認。","zones":[],"dataset":"candidates"}},{"type":"Feature","geometry":{"type":"Point","coordinates":[140.122118,37.577016]},"properties":{"id":"07-d7d12da8ea","name":"字沼ノ倉","reading":null,"pref":"福島県","prefCode":"07","municipality":"耶麻郡猪苗代町","hazardTypes":["slope_failure","rockfall","soft_ground","inundation"],"evidenceLevel":0,"originLevel":0,"hasRecord":false,"recordRelation":null,"status":"current","disputed":false,"precision":"oaza","areaKey":null,"elements":["kura","numa_kata"],"summary":"要素辞書に一致（kura・numa_kata）。出典による裏づけは未確認。","zones":[],"dataset":"candidates"}},{"type":"Feature","geometry":{"type":"Point","coordinates":[140.108755,37.556303]},"properties":{"id":"07-5bf093143f","name":"字芦原","reading":null,"pref":"福島県","prefCode":"07","municipality":"耶麻郡猪苗代町","hazardTypes":["flood","inundation"],"evidenceLevel":0,"originLevel":0,"hasRecord":false,"recordRelation":null,"status":"current","disputed":false,"precision":"oaza","areaKey":null,"elements":["ashi"],"summary":"要素辞書に一致（ashi）。出典による裏づけは未確認。","zones":[],"dataset":"candidates"}},{"type":"Feature","geometry":{"type":"Point","coordinates":[140.117269,37.579119]},"properties":{"id":"07-9ef1e755a6","name":"字芹沢","reading":null,"pref":"福島県","prefCode":"07","municipality":"耶麻郡猪苗代町","hazardTypes":["landslide","soft_ground"],"evidenceLevel":0,"originLevel":0,"hasRecord":false,"recordRelation":null,"status":"current","disputed":false,"precision":"oaza","areaKey":null,"elements":["wetland_plants"],"summary":"要素辞書に一致（wetland_plants）。出典による裏づけは未確認。","zones":[],"dataset":"candidates"}},{"type":"Feature","geometry":{"type":"Point","coordinates":[140.115737,37.570334]},"properties":{"id":"07-a73dcd67c7","name":"字菖蒲田","reading":null,"pref":"福島県","prefCode":"07","municipality":"耶麻郡猪苗代町","hazardTypes":["landslide","soft_ground"],"evidenceLevel":0,"originLevel":0,"hasRecord":false,"recordRelation":null,"status":"current","disputed":false,"precision":"oaza","areaKey":null,"elements":["wetland_plants"],"summary":"要素辞書に一致（wetland_plants）。出典による裏づけは未確認。","zones":[],"dataset":"candidates"}},{"type":"Feature","geometry":{"type":"Point","coordinates":[140.104823,37.567988]},"properties":{"id":"07-e582953758","name":"字馬場","reading":null,"pref":"福島県","prefCode":"07","municipality":"耶麻郡猪苗代町","hazardTypes":["slope_failure"],"evidenceLevel":0,"originLevel":0,"hasRecord":false,"recordRelation":null,"status":"current","disputed":false,"precision":"oaza","areaKey":null,"elements":["baba"],"summary":"要素辞書に一致（baba）。出典による裏づけは未確認。","zones":[],"dataset":"candidates"}},{"type":"Feature","geometry":{"type":"Point","coordinates":[140.088501,37.562855]},"properties":{"id":"07-087cdbda21","name":"字鹿野境","reading":null,"pref":"福島県","prefCode":"07","municipality":"耶麻郡猪苗代町","hazardTypes":["landslide","soft_ground"],"evidenceLevel":0,"originLevel":0,"hasRecord":false,"recordRelation":null,"status":"current","disputed":false,"precision":"oaza","areaKey":null,"elements":["shishi"],"summary":"要素辞書に一致（shishi）。出典による裏づけは未確認。","zones":[],"dataset":"candidates"}},{"type":"Feature","geometry":{"type":"Point","coordinates":[140.082305,37.577701]},"properties":{"id":"07-96d62929d3","name":"字龍ケ馬場","reading":null,"pref":"福島県","prefCode":"07","municipality":"耶麻郡猪苗代町","hazardTypes":["slope_failure"],"evidenceLevel":0,"originLevel":0,"hasRecord":false,"recordRelation":null,"status":"current","disputed":false,"precision":"oaza","areaKey":null,"elements":["baba"],"summary":"要素辞書に一致（baba）。出典による裏づけは未確認。","zones":[],"dataset":"candidates"}},{"type":"Feature","geometry":{"type":"Point","coordinates":[139.839704,37.533621]},"properties":{"id":"07-6ef14e6493","name":"北川原甲","reading":null,"pref":"福島県","prefCode":"07","municipality":"河沼郡会津坂下町","hazardTypes":["flood"],"evidenceLevel":0,"originLevel":0,"hasRecord":false,"recordRelation":null,"status":"current","disputed":false,"precision":"koaza","areaKey":null,"elements":["kawara"],"summary":"要素辞書に一致（kawara）。出典による裏づけは未確認。","zones":[],"dataset":"candidates"}},{"type":"Feature","geometry":{"type":"Point","coordinates":[139.84001,37.532704]},"properties":{"id":"07-47c9721e24","name":"問答川原甲","reading":null,"pref":"福島県","prefCode":"07","municipality":"河沼郡会津坂下町","hazardTypes":["flood"],"evidenceLevel":0,"originLevel":0,"hasRecord":false,"recordRelation":null,"status":"current","disputed":false,"precision":"koaza","areaKey":null,"elements":["kawara"],"summary":"要素辞書に一致（kawara）。出典による裏づけは未確認。","zones":[],"dataset":"candidates"}},{"type":"Feature","geometry":{"type":"Point","coordinates":[139.80387,37.571016]},"properties":{"id":"07-a277a80a83","name":"下川原","reading":null,"pref":"福島県","prefCode":"07","municipality":"河沼郡会津坂下町","hazardTypes":["flood"],"evidenceLevel":0,"originLevel":0,"hasRecord":false,"recordRelation":null,"status":"current","disputed":false,"precision":"koaza","areaKey":null,"elements":["kawara"],"summary":"要素辞書に一致（kawara）。出典による裏づけは未確認。","zones":[],"dataset":"candidates"}},{"type":"Feature","geometry":{"type":"Point","coordinates":[139.81615,37.601555]},"properties":{"id":"07-f4225c9ff0","name":"下悪戸甲","reading":null,"pref":"福島県","prefCode":"07","municipality":"河沼郡会津坂下町","hazardTypes":["flood","inundation"],"evidenceLevel":0,"originLevel":0,"hasRecord":false,"recordRelation":null,"status":"current","disputed":false,"precision":"koaza","areaKey":null,"elements":["ashi"],"summary":"要素辞書に一致（ashi）。出典による裏づけは未確認。","zones":[],"dataset":"candidates"}},{"type":"Feature","geometry":{"type":"Point","coordinates":[139.844229,37.554035]},"properties":{"id":"07-cf75d30057","name":"小川原","reading":null,"pref":"福島県","prefCode":"07","municipality":"河沼郡会津坂下町","hazardTypes":["flood"],"evidenceLevel":0,"originLevel":0,"hasRecord":false,"recordRelation":null,"status":"current","disputed":false,"precision":"koaza","areaKey":null,"elements":["kawara"],"summary":"要素辞書に一致（kawara）。出典による裏づけは未確認。","zones":[],"dataset":"candidates"}},{"type":"Feature","geometry":{"type":"Point","coordinates":[139.849356,37.54629]},"properties":{"id":"07-324d2df63e","name":"上千刈","reading":null,"pref":"福島県","prefCode":"07","municipality":"河沼郡会津坂下町","hazardTypes":["slope_failure"],"evidenceLevel":0,"originLevel":0,"hasRecord":false,"recordRelation":null,"status":"current","disputed":false,"precision":"koaza","areaKey":null,"elements":["kake"],"summary":"要素辞書に一致（kake）。出典による裏づけは未確認。","zones":[],"dataset":"candidates"}},{"type":"Feature","geometry":{"type":"Point","coordinates":[139.856816,37.548155]},"properties":{"id":"07-93087e0b5c","name":"三百刈乙","reading":null,"pref":"福島県","prefCode":"07","municipality":"河沼郡会津坂下町","hazardTypes":["slope_failure"],"evidenceLevel":0,"originLevel":0,"hasRecord":false,"recordRelation":null,"status":"current","disputed":false,"precision":"koaza","areaKey":null,"elements":["kake"],"summary":"要素辞書に一致（kake）。出典による裏づけは未確認。","zones":[],"dataset":"candidates"}},{"type":"Feature","geometry":{"type":"Point","coordinates":[139.855999,37.548129]},"properties":{"id":"07-70f2550165","name":"葭ノ免","reading":null,"pref":"福島県","prefCode":"07","municipality":"河沼郡会津坂下町","hazardTypes":["landslide","soft_ground"],"evidenceLevel":0,"originLevel":0,"hasRecord":false,"recordRelation":null,"status":"current","disputed":false,"precision":"koaza","areaKey":null,"elements":["wetland_plants"],"summary":"要素辞書に一致（wetland_plants）。出典による裏づけは未確認。","zones":[],"dataset":"candidates"}},{"type":"Feature","geometry":{"type":"Point","coordinates":[139.818997,37.556164]},"properties":{"id":"07-be131fe0c3","name":"古川甲","reading":null,"pref":"福島県","prefCode":"07","municipality":"河沼郡会津坂下町","hazardTypes":["flood","inundation"],"evidenceLevel":0,"originLevel":0,"hasRecord":false,"recordRelation":null,"status":"current","disputed":false,"precision":"koaza","areaKey":null,"elements":["furukawa"],"summary":"要素辞書に一致（furukawa）。出典による裏づけは未確認。","zones":[],"dataset":"candidates"}},{"type":"Feature","geometry":{"type":"Point","coordinates":[139.845333,37.550553]},"properties":{"id":"07-0256bff386","name":"松木古川前","reading":null,"pref":"福島県","prefCode":"07","municipality":"河沼郡会津坂下町","hazardTypes":["flood","inundation"],"evidenceLevel":0,"originLevel":0,"hasRecord":false,"recordRelation":null,"status":"current","disputed":false,"precision":"koaza","areaKey":null,"elements":["furukawa"],"summary":"要素辞書に一致（furukawa）。出典による裏づけは未確認。","zones":[],"dataset":"candidates"}},{"type":"Feature","geometry":{"type":"Point","coordinates":[139.841504,37.550533]},"properties":{"id":"07-d7140d108c","name":"福川原","reading":null,"pref":"福島県","prefCode":"07","municipality":"河沼郡会津坂下町","hazardTypes":["flood"],"evidenceLevel":0,"originLevel":0,"hasRecord":false,"recordRelation":null,"status":"current","disputed":false,"precision":"koaza","areaKey":null,"elements":["kawara"],"summary":"要素辞書に一致（kawara）。出典による裏づけは未確認。","zones":[],"dataset":"candidates"}},{"type":"Feature","geometry":{"type":"Point","coordinates":[139.838627,37.592071]},"properties":{"id":"07-5c5ecc1856","name":"大字青木","reading":null,"pref":"福島県","prefCode":"07","municipality":"河沼郡会津坂下町","hazardTypes":["slope_failure"],"evidenceLevel":0,"originLevel":0,"hasRecord":false,"recordRelation":null,"status":"current","disputed":false,"precision":"oaza","areaKey":null,"elements":["afu_oo"],"summary":"要素辞書に一致（afu_oo）。出典による裏づけは未確認。","zones":[],"dataset":"candidates"}},{"type":"Feature","geometry":{"type":"Point","coordinates":[139.836015,37.55461]},"properties":{"id":"07-6e9267e139","name":"字上川原古川通乙","reading":null,"pref":"福島県","prefCode":"07","municipality":"河沼郡会津坂下町","hazardTypes":["flood","inundation"],"evidenceLevel":0,"originLevel":0,"hasRecord":false,"recordRelation":null,"status":"current","disputed":false,"precision":"oaza","areaKey":null,"elements":["furukawa","kawara"],"summary":"要素辞書に一致（furukawa・kawara）。出典による裏づけは未確認。","zones":[],"dataset":"candidates"}},{"type":"Feature","geometry":{"type":"Point","coordinates":[139.826338,37.559995]},"properties":{"id":"07-bf58a67f22","name":"字北小川原乙","reading":null,"pref":"福島県","prefCode":"07","municipality":"河沼郡会津坂下町","hazardTypes":["flood"],"evidenceLevel":0,"originLevel":0,"hasRecord":false,"recordRelation":null,"status":"current","disputed":false,"precision":"oaza","areaKey":null,"elements":["kawara"],"summary":"要素辞書に一致（kawara）。出典による裏づけは未確認。","zones":[],"dataset":"candidates"}},{"type":"Feature","geometry":{"type":"Point","coordinates":[139.827549,37.557639]},"properties":{"id":"07-8ba6e4cb8c","name":"字小川原","reading":null,"pref":"福島県","prefCode":"07","municipality":"河沼郡会津坂下町","hazardTypes":["flood"],"evidenceLevel":0,"originLevel":0,"hasRecord":false,"recordRelation":null,"status":"current","disputed":false,"precision":"oaza","areaKey":null,"elements":["kawara"],"summary":"要素辞書に一致（kawara）。出典による裏づけは未確認。","zones":[],"dataset":"candidates"}},{"type":"Feature","geometry":{"type":"Point","coordinates":[139.825693,37.55933]},"properties":{"id":"07-cb58a00b85","name":"字小川原甲","reading":null,"pref":"福島県","prefCode":"07","municipality":"河沼郡会津坂下町","hazardTypes":["flood"],"evidenceLevel":0,"originLevel":0,"hasRecord":false,"recordRelation":null,"status":"current","disputed":false,"precision":"oaza","areaKey":null,"elements":["kawara"],"summary":"要素辞書に一致（kawara）。出典による裏づけは未確認。","zones":[],"dataset":"candidates"}},{"type":"Feature","geometry":{"type":"Point","coordinates":[139.865297,37.554502]},"properties":{"id":"07-8c8d8476e8","name":"菖蒲作","reading":null,"pref":"福島県","prefCode":"07","municipality":"河沼郡湯川村","hazardTypes":["landslide","soft_ground"],"evidenceLevel":0,"originLevel":0,"hasRecord":false,"recordRelation":null,"status":"current","disputed":false,"precision":"koaza","areaKey":null,"elements":["wetland_plants"],"summary":"要素辞書に一致（wetland_plants）。出典による裏づけは未確認。","zones":[],"dataset":"candidates"}},{"type":"Feature","geometry":{"type":"Point","coordinates":[139.872904,37.563107]},"properties":{"id":"07-fd8aa4f52f","name":"地蔵免","reading":null,"pref":"福島県","prefCode":"07","municipality":"河沼郡湯川村","hazardTypes":["slope_failure","rockfall"],"evidenceLevel":0,"originLevel":0,"hasRecord":false,"recordRelation":null,"status":"current","disputed":false,"precision":"koaza","areaKey":null,"elements":["kura"],"summary":"要素辞書に一致（kura）。出典による裏づけは未確認。","zones":[],"dataset":"candidates"}},{"type":"Feature","geometry":{"type":"Point","coordinates":[139.895014,37.576534]},"properties":{"id":"07-6e3d629dce","name":"菅","reading":null,"pref":"福島県","prefCode":"07","municipality":"河沼郡湯川村","hazardTypes":["landslide","soft_ground"],"evidenceLevel":0,"originLevel":0,"hasRecord":false,"recordRelation":null,"status":"current","disputed":false,"precision":"koaza","areaKey":null,"elements":["wetland_plants"],"summary":"要素辞書に一致（wetland_plants）。出典による裏づけは未確認。","zones":[],"dataset":"candidates"}},{"type":"Feature","geometry":{"type":"Point","coordinates":[139.737437,37.496929]},"properties":{"id":"07-a5e666dfc2","name":"大字猪倉野","reading":null,"pref":"福島県","prefCode":"07","municipality":"河沼郡柳津町","hazardTypes":["slope_failure","rockfall","landslide","soft_ground"],"evidenceLevel":0,"originLevel":0,"hasRecord":false,"recordRelation":null,"status":"current","disputed":false,"precision":"oaza","areaKey":null,"elements":["kura","shishi"],"summary":"要素辞書に一致（kura・shishi）。出典による裏づけは未確認。","zones":[],"dataset":"candidates"}},{"type":"Feature","geometry":{"type":"Point","coordinates":[139.636946,37.324847]},"properties":{"id":"07-2a02b80e6a","name":"大字佐倉","reading":null,"pref":"福島県","prefCode":"07","municipality":"大沼郡昭和村","hazardTypes":["slope_failure","rockfall"],"evidenceLevel":0,"originLevel":0,"hasRecord":false,"recordRelation":null,"status":"current","disputed":false,"precision":"oaza","areaKey":null,"elements":["kura"],"summary":"要素辞書に一致（kura）。出典による裏づけは未確認。","zones":[],"dataset":"candidates"}},{"type":"Feature","geometry":{"type":"Point","coordinates":[139.651527,37.258967]},"properties":{"id":"07-11a1810a35","name":"大字大芦","reading":null,"pref":"福島県","prefCode":"07","municipality":"大沼郡昭和村","hazardTypes":["flood","inundation"],"evidenceLevel":0,"originLevel":0,"hasRecord":false,"recordRelation":null,"status":"current","disputed":false,"precision":"oaza","areaKey":null,"elements":["ashi"],"summary":"要素辞書に一致（ashi）。出典による裏づけは未確認。","zones":[],"dataset":"candidates"}},{"type":"Feature","geometry":{"type":"Point","coordinates":[139.87573,37.451673]},"properties":{"id":"07-6628d67110","name":"字下川原","reading":null,"pref":"福島県","prefCode":"07","municipality":"大沼郡会津美里町","hazardTypes":["flood"],"evidenceLevel":0,"originLevel":0,"hasRecord":false,"recordRelation":null,"status":"current","disputed":false,"precision":"oaza","areaKey":null,"elements":["kawara"],"summary":"要素辞書に一致（kawara）。出典による裏づけは未確認。","zones":[],"dataset":"candidates"}},{"type":"Feature","geometry":{"type":"Point","coordinates":[139.851468,37.482256]},"properties":{"id":"07-54f041f2fa","name":"字中川原","reading":null,"pref":"福島県","prefCode":"07","municipality":"大沼郡会津美里町","hazardTypes":["flood"],"evidenceLevel":0,"originLevel":0,"hasRecord":false,"recordRelation":null,"status":"current","disputed":false,"precision":"oaza","areaKey":null,"elements":["kawara"],"summary":"要素辞書に一致（kawara）。出典による裏づけは未確認。","zones":[],"dataset":"candidates"}},{"type":"Feature","geometry":{"type":"Point","coordinates":[139.882915,37.442978]},"properties":{"id":"07-9dc1bb908e","name":"字倉田","reading":null,"pref":"福島県","prefCode":"07","municipality":"大沼郡会津美里町","hazardTypes":["slope_failure","rockfall"],"evidenceLevel":0,"originLevel":0,"hasRecord":false,"recordRelation":null,"status":"current","disputed":false,"precision":"oaza","areaKey":null,"elements":["kura"],"summary":"要素辞書に一致（kura）。出典による裏づけは未確認。","zones":[],"dataset":"candidates"}},{"type":"Feature","geometry":{"type":"Point","coordinates":[139.846594,37.46373]},"properties":{"id":"07-69ad6ff357","name":"字内川原","reading":null,"pref":"福島県","prefCode":"07","municipality":"大沼郡会津美里町","hazardTypes":["flood"],"evidenceLevel":0,"originLevel":0,"hasRecord":false,"recordRelation":null,"status":"current","disputed":false,"precision":"oaza","areaKey":null,"elements":["kawara"],"summary":"要素辞書に一致（kawara）。出典による裏づけは未確認。","zones":[],"dataset":"candidates"}},{"type":"Feature","geometry":{"type":"Point","coordinates":[139.885949,37.452479]},"properties":{"id":"07-f7986731bb","name":"字北川原","reading":null,"pref":"福島県","prefCode":"07","municipality":"大沼郡会津美里町","hazardTypes":["flood"],"evidenceLevel":0,"originLevel":0,"hasRecord":false,"recordRelation":null,"status":"current","disputed":false,"precision":"oaza","areaKey":null,"elements":["kawara"],"summary":"要素辞書に一致（kawara）。出典による裏づけは未確認。","zones":[],"dataset":"candidates"}},{"type":"Feature","geometry":{"type":"Point","coordinates":[139.901591,37.451473]},"properties":{"id":"07-7ec58340d6","name":"字向川原","reading":null,"pref":"福島県","prefCode":"07","municipality":"大沼郡会津美里町","hazardTypes":["flood"],"evidenceLevel":0,"originLevel":0,"hasRecord":false,"recordRelation":null,"status":"current","disputed":false,"precision":"oaza","areaKey":null,"elements":["kawara"],"summary":"要素辞書に一致（kawara）。出典による裏づけは未確認。","zones":[],"dataset":"candidates"}},{"type":"Feature","geometry":{"type":"Point","coordinates":[139.845081,37.461139]},"properties":{"id":"07-23fa0b849f","name":"字外川原","reading":null,"pref":"福島県","prefCode":"07","municipality":"大沼郡会津美里町","hazardTypes":["flood"],"evidenceLevel":0,"originLevel":0,"hasRecord":false,"recordRelation":null,"status":"current","disputed":false,"precision":"oaza","areaKey":null,"elements":["kawara"],"summary":"要素辞書に一致（kawara）。出典による裏づけは未確認。","zones":[],"dataset":"candidates"}},{"type":"Feature","geometry":{"type":"Point","coordinates":[139.886782,37.455229]},"properties":{"id":"07-af9b097b75","name":"字川原町","reading":null,"pref":"福島県","prefCode":"07","municipality":"大沼郡会津美里町","hazardTypes":["flood"],"evidenceLevel":0,"originLevel":0,"hasRecord":false,"recordRelation":null,"status":"current","disputed":false,"precision":"oaza","areaKey":null,"elements":["kawara"],"summary":"要素辞書に一致（kawara）。出典による裏づけは未確認。","zones":[],"dataset":"candidates"}},{"type":"Feature","geometry":{"type":"Point","coordinates":[139.887183,37.45681]},"properties":{"id":"07-7920fc0377","name":"字川原町北","reading":null,"pref":"福島県","prefCode":"07","municipality":"大沼郡会津美里町","hazardTypes":["flood"],"evidenceLevel":0,"originLevel":0,"hasRecord":false,"recordRelation":null,"status":"current","disputed":false,"precision":"oaza","areaKey":null,"elements":["kawara"],"summary":"要素辞書に一致（kawara）。出典による裏づけは未確認。","zones":[],"dataset":"candidates"}},{"type":"Feature","geometry":{"type":"Point","coordinates":[139.83717,37.459465]},"properties":{"id":"07-4afd3c0f30","name":"字御蔵南","reading":null,"pref":"福島県","prefCode":"07","municipality":"大沼郡会津美里町","hazardTypes":["slope_failure","rockfall"],"evidenceLevel":0,"originLevel":0,"hasRecord":false,"recordRelation":null,"status":"current","disputed":false,"precision":"oaza","areaKey":null,"elements":["kura"],"summary":"要素辞書に一致（kura）。出典による裏づけは未確認。","zones":[],"dataset":"candidates"}},{"type":"Feature","geometry":{"type":"Point","coordinates":[139.88172,37.457782]},"properties":{"id":"07-bc0765d630","name":"字本郷前川原","reading":null,"pref":"福島県","prefCode":"07","municipality":"大沼郡会津美里町","hazardTypes":["flood"],"evidenceLevel":0,"originLevel":0,"hasRecord":false,"recordRelation":null,"status":"current","disputed":false,"precision":"oaza","areaKey":null,"elements":["kawara"],"summary":"要素辞書に一致（kawara）。出典による裏づけは未確認。","zones":[],"dataset":"candidates"}},{"type":"Feature","geometry":{"type":"Point","coordinates":[139.849961,37.46659]},"properties":{"id":"07-abec274f20","name":"字東川原","reading":null,"pref":"福島県","prefCode":"07","municipality":"大沼郡会津美里町","hazardTypes":["flood"],"evidenceLevel":0,"originLevel":0,"hasRecord":false,"recordRelation":null,"status":"current","disputed":false,"precision":"oaza","areaKey":null,"elements":["kawara"],"summary":"要素辞書に一致（kawara）。出典による裏づけは未確認。","zones":[],"dataset":"candidates"}},{"type":"Feature","geometry":{"type":"Point","coordinates":[139.889494,37.449092]},"properties":{"id":"07-d2bdd24681","name":"字真々川","reading":null,"pref":"福島県","prefCode":"07","municipality":"大沼郡会津美里町","hazardTypes":["slope_failure","erosion"],"evidenceLevel":0,"originLevel":0,"hasRecord":false,"recordRelation":null,"status":"current","disputed":false,"precision":"oaza","areaKey":null,"elements":["mama"],"summary":"要素辞書に一致（mama）。出典による裏づけは未確認。","zones":[],"dataset":"candidates"}},{"type":"Feature","geometry":{"type":"Point","coordinates":[139.880611,37.44889]},"properties":{"id":"07-16b412ddba","name":"字蛇ノ宮","reading":null,"pref":"福島県","prefCode":"07","municipality":"大沼郡会津美里町","hazardTypes":["slope_failure","debris_flow"],"evidenceLevel":0,"originLevel":0,"hasRecord":false,"recordRelation":null,"status":"current","disputed":false,"precision":"oaza","areaKey":null,"elements":["ja"],"summary":"要素辞書に一致（ja）。出典による裏づけは未確認。","zones":[],"dataset":"candidates"}},{"type":"Feature","geometry":{"type":"Point","coordinates":[139.894687,37.452901]},"properties":{"id":"07-cf47fc5ccf","name":"字車川原","reading":null,"pref":"福島県","prefCode":"07","municipality":"大沼郡会津美里町","hazardTypes":["flood"],"evidenceLevel":0,"originLevel":0,"hasRecord":false,"recordRelation":null,"status":"current","disputed":false,"precision":"oaza","areaKey":null,"elements":["kawara"],"summary":"要素辞書に一致（kawara）。出典による裏づけは未確認。","zones":[],"dataset":"candidates"}},{"type":"Feature","geometry":{"type":"Point","coordinates":[139.847529,37.484742]},"properties":{"id":"07-241a76f200","name":"字高田中川原道下","reading":null,"pref":"福島県","prefCode":"07","municipality":"大沼郡会津美里町","hazardTypes":["flood"],"evidenceLevel":0,"originLevel":0,"hasRecord":false,"recordRelation":null,"status":"current","disputed":false,"precision":"oaza","areaKey":null,"elements":["kawara"],"summary":"要素辞書に一致（kawara）。出典による裏づけは未確認。","zones":[],"dataset":"candidates"}},{"type":"Feature","geometry":{"type":"Point","coordinates":[139.853094,37.470668]},"properties":{"id":"07-5e2b2be861","name":"字高田前川原","reading":null,"pref":"福島県","prefCode":"07","municipality":"大沼郡会津美里町","hazardTypes":["flood"],"evidenceLevel":0,"originLevel":0,"hasRecord":false,"recordRelation":null,"status":"current","disputed":false,"precision":"oaza","areaKey":null,"elements":["kawara"],"summary":"要素辞書に一致（kawara）。出典による裏づけは未確認。","zones":[],"dataset":"candidates"}},{"type":"Feature","geometry":{"type":"Point","coordinates":[139.844407,37.463072]},"properties":{"id":"07-d908849127","name":"字鹿島","reading":null,"pref":"福島県","prefCode":"07","municipality":"大沼郡会津美里町","hazardTypes":["landslide","soft_ground"],"evidenceLevel":0,"originLevel":0,"hasRecord":false,"recordRelation":null,"status":"current","disputed":false,"precision":"oaza","areaKey":null,"elements":["shishi"],"summary":"要素辞書に一致（shishi）。出典による裏づけは未確認。","zones":[],"dataset":"candidates"}},{"type":"Feature","geometry":{"type":"Point","coordinates":[139.760481,37.445855]},"properties":{"id":"07-74979edeac","name":"蛇喰","reading":null,"pref":"福島県","prefCode":"07","municipality":"大沼郡会津美里町","hazardTypes":["debris_flow","slope_failure"],"evidenceLevel":0,"originLevel":0,"hasRecord":false,"recordRelation":null,"status":"current","disputed":false,"precision":"oaza","areaKey":null,"elements":["jaraku","ja"],"summary":"要素辞書に一致（jaraku・ja）。出典による裏づけは未確認。","zones":[],"dataset":"candidates"}},{"type":"Feature","geometry":{"type":"Point","coordinates":[139.789934,37.447115]},"properties":{"id":"07-56603719b1","name":"荻窪","reading":"オギクボ","pref":"福島県","prefCode":"07","municipality":"大沼郡会津美里町","hazardTypes":["slope_failure","inundation","landslide"],"evidenceLevel":0,"originLevel":0,"hasRecord":false,"recordRelation":null,"status":"current","disputed":false,"precision":"oaza","areaKey":null,"elements":["suki_hagu","kubo"],"summary":"要素辞書に一致（suki_hagu・kubo）。出典による裏づけは未確認。","zones":[],"dataset":"candidates"}},{"type":"Feature","geometry":{"type":"Point","coordinates":[139.830359,37.442832]},"properties":{"id":"07-dd6a5620c7","name":"中川原","reading":null,"pref":"福島県","prefCode":"07","municipality":"大沼郡会津美里町","hazardTypes":["flood"],"evidenceLevel":0,"originLevel":0,"hasRecord":false,"recordRelation":null,"status":"current","disputed":false,"precision":"koaza","areaKey":null,"elements":["kawara"],"summary":"要素辞書に一致（kawara）。出典による裏づけは未確認。","zones":[],"dataset":"candidates"}},{"type":"Feature","geometry":{"type":"Point","coordinates":[139.822352,37.440958]},"properties":{"id":"07-bde7fec472","name":"向川原","reading":null,"pref":"福島県","prefCode":"07","municipality":"大沼郡会津美里町","hazardTypes":["flood"],"evidenceLevel":0,"originLevel":0,"hasRecord":false,"recordRelation":null,"status":"current","disputed":false,"precision":"koaza","areaKey":null,"elements":["kawara"],"summary":"要素辞書に一致（kawara）。出典による裏づけは未確認。","zones":[],"dataset":"candidates"}},{"type":"Feature","geometry":{"type":"Point","coordinates":[139.837287,37.451366]},"properties":{"id":"07-ed53723cf3","name":"下川原","reading":null,"pref":"福島県","prefCode":"07","municipality":"大沼郡会津美里町","hazardTypes":["flood"],"evidenceLevel":0,"originLevel":0,"hasRecord":false,"recordRelation":null,"status":"current","disputed":false,"precision":"koaza","areaKey":null,"elements":["kawara"],"summary":"要素辞書に一致（kawara）。出典による裏づけは未確認。","zones":[],"dataset":"candidates"}},{"type":"Feature","geometry":{"type":"Point","coordinates":[139.828996,37.44473]},"properties":{"id":"07-d6576928ed","name":"東川原","reading":null,"pref":"福島県","prefCode":"07","municipality":"大沼郡会津美里町","hazardTypes":["flood"],"evidenceLevel":0,"originLevel":0,"hasRecord":false,"recordRelation":null,"status":"current","disputed":false,"precision":"koaza","areaKey":null,"elements":["kawara"],"summary":"要素辞書に一致（kawara）。出典による裏づけは未確認。","zones":[],"dataset":"candidates"}},{"type":"Feature","geometry":{"type":"Point","coordinates":[139.865794,37.433987]},"properties":{"id":"07-f480a30deb","name":"倉崎乙","reading":null,"pref":"福島県","prefCode":"07","municipality":"大沼郡会津美里町","hazardTypes":["slope_failure","rockfall"],"evidenceLevel":0,"originLevel":0,"hasRecord":false,"recordRelation":null,"status":"current","disputed":false,"precision":"koaza","areaKey":null,"elements":["kura"],"summary":"要素辞書に一致（kura）。出典による裏づけは未確認。","zones":[],"dataset":"candidates"}},{"type":"Feature","geometry":{"type":"Point","coordinates":[139.922089,37.402617]},"properties":{"id":"07-d3f19cb515","name":"下川原乙","reading":null,"pref":"福島県","prefCode":"07","municipality":"大沼郡会津美里町","hazardTypes":["flood"],"evidenceLevel":0,"originLevel":0,"hasRecord":false,"recordRelation":null,"status":"current","disputed":false,"precision":"koaza","areaKey":null,"elements":["kawara"],"summary":"要素辞書に一致（kawara）。出典による裏づけは未確認。","zones":[],"dataset":"candidates"}},{"type":"Feature","geometry":{"type":"Point","coordinates":[139.805965,37.43838]},"properties":{"id":"07-cb0747fe52","name":"松岸","reading":"マツキシ","pref":"福島県","prefCode":"07","municipality":"大沼郡会津美里町","hazardTypes":["slope_failure"],"evidenceLevel":0,"originLevel":0,"hasRecord":false,"recordRelation":null,"status":"current","disputed":false,"precision":"oaza","areaKey":null,"elements":["kake"],"summary":"要素辞書に一致（kake）。出典による裏づけは未確認。","zones":[],"dataset":"candidates"}},{"type":"Feature","geometry":{"type":"Point","coordinates":[140.076227,37.137526]},"properties":{"id":"07-797285dc2f","name":"大字小田倉","reading":null,"pref":"福島県","prefCode":"07","municipality":"西白河郡西郷村","hazardTypes":["slope_failure","rockfall"],"evidenceLevel":0,"originLevel":0,"hasRecord":false,"recordRelation":null,"status":"current","disputed":false,"precision":"oaza","areaKey":null,"elements":["kura"],"summary":"要素辞書に一致（kura）。出典による裏づけは未確認。","zones":[],"dataset":"candidates"}},{"type":"Feature","geometry":{"type":"Point","coordinates":[140.146879,37.10294]},"properties":{"id":"07-95fd24b398","name":"大久保","reading":null,"pref":"福島県","prefCode":"07","municipality":"西白河郡西郷村","hazardTypes":["slope_failure","inundation","landslide"],"evidenceLevel":0,"originLevel":0,"hasRecord":false,"recordRelation":null,"status":"current","disputed":false,"precision":"koaza","areaKey":null,"elements":["afu_oo","kubo"],"summary":"要素辞書に一致（afu_oo・kubo）。出典による裏づけは未確認。","zones":[],"dataset":"candidates"}},{"type":"Feature","geometry":{"type":"Point","coordinates":[140.158526,37.119771]},"properties":{"id":"07-7f29d6d957","name":"小田倉原","reading":null,"pref":"福島県","prefCode":"07","municipality":"西白河郡西郷村","hazardTypes":["slope_failure","rockfall"],"evidenceLevel":0,"originLevel":0,"hasRecord":false,"recordRelation":null,"status":"current","disputed":false,"precision":"koaza","areaKey":null,"elements":["kura"],"summary":"要素辞書に一致（kura）。出典による裏づけは未確認。","zones":[],"dataset":"candidates"}},{"type":"Feature","geometry":{"type":"Point","coordinates":[140.152406,37.128962]},"properties":{"id":"07-760cb20636","name":"蛇口","reading":null,"pref":"福島県","prefCode":"07","municipality":"西白河郡西郷村","hazardTypes":["slope_failure","debris_flow"],"evidenceLevel":0,"originLevel":0,"hasRecord":false,"recordRelation":null,"status":"current","disputed":false,"precision":"koaza","areaKey":null,"elements":["ja"],"summary":"要素辞書に一致（ja）。出典による裏づけは未確認。","zones":[],"dataset":"candidates"}},{"type":"Feature","geometry":{"type":"Point","coordinates":[140.124468,37.123126]},"properties":{"id":"07-2440767b54","name":"馬場坂","reading":null,"pref":"福島県","prefCode":"07","municipality":"西白河郡西郷村","hazardTypes":["slope_failure"],"evidenceLevel":0,"originLevel":0,"hasRecord":false,"recordRelation":null,"status":"current","disputed":false,"precision":"koaza","areaKey":null,"elements":["baba"],"summary":"要素辞書に一致（baba）。出典による裏づけは未確認。","zones":[],"dataset":"candidates"}},{"type":"Feature","geometry":{"type":"Point","coordinates":[140.179445,37.159319]},"properties":{"id":"07-57a69a2d40","name":"上川原","reading":null,"pref":"福島県","prefCode":"07","municipality":"西白河郡西郷村","hazardTypes":["flood"],"evidenceLevel":0,"originLevel":0,"hasRecord":false,"recordRelation":null,"status":"current","disputed":false,"precision":"koaza","areaKey":null,"elements":["kawara"],"summary":"要素辞書に一致（kawara）。出典による裏づけは未確認。","zones":[],"dataset":"candidates"}},{"type":"Feature","geometry":{"type":"Point","coordinates":[140.177473,37.159994]},"properties":{"id":"07-2d3ac15ff6","name":"鞍石","reading":null,"pref":"福島県","prefCode":"07","municipality":"西白河郡西郷村","hazardTypes":["slope_failure","rockfall"],"evidenceLevel":0,"originLevel":0,"hasRecord":false,"recordRelation":null,"status":"current","disputed":false,"precision":"koaza","areaKey":null,"elements":["kura"],"summary":"要素辞書に一致（kura）。出典による裏づけは未確認。","zones":[],"dataset":"candidates"}},{"type":"Feature","geometry":{"type":"Point","coordinates":[140.169597,37.14451]},"properties":{"id":"07-c50c9b5aaf","name":"大字熊倉","reading":null,"pref":"福島県","prefCode":"07","municipality":"西白河郡西郷村","hazardTypes":["slope_failure","rockfall"],"evidenceLevel":0,"originLevel":0,"hasRecord":false,"recordRelation":null,"status":"current","disputed":false,"precision":"oaza","areaKey":null,"elements":["kura"],"summary":"要素辞書に一致（kura）。出典による裏づけは未確認。","zones":[],"dataset":"candidates"}},{"type":"Feature","geometry":{"type":"Point","coordinates":[140.132942,37.144507]},"properties":{"id":"07-2708bdbd4d","name":"葭ノ目","reading":null,"pref":"福島県","prefCode":"07","municipality":"西白河郡西郷村","hazardTypes":["landslide","soft_ground"],"evidenceLevel":0,"originLevel":0,"hasRecord":false,"recordRelation":null,"status":"current","disputed":false,"precision":"koaza","areaKey":null,"elements":["wetland_plants"],"summary":"要素辞書に一致（wetland_plants）。出典による裏づけは未確認。","zones":[],"dataset":"candidates"}},{"type":"Feature","geometry":{"type":"Point","coordinates":[140.092682,37.157655]},"properties":{"id":"07-d5cfef463f","name":"蒲日向","reading":null,"pref":"福島県","prefCode":"07","municipality":"西白河郡西郷村","hazardTypes":["landslide","soft_ground"],"evidenceLevel":0,"originLevel":0,"hasRecord":false,"recordRelation":null,"status":"current","disputed":false,"precision":"koaza","areaKey":null,"elements":["wetland_plants"],"summary":"要素辞書に一致（wetland_plants）。出典による裏づけは未確認。","zones":[],"dataset":"candidates"}},{"type":"Feature","geometry":{"type":"Point","coordinates":[140.150776,37.144879]},"properties":{"id":"07-9aa8fa79a3","name":"長者窪","reading":null,"pref":"福島県","prefCode":"07","municipality":"西白河郡西郷村","hazardTypes":["slope_failure","inundation","landslide"],"evidenceLevel":0,"originLevel":0,"hasRecord":false,"recordRelation":null,"status":"current","disputed":false,"precision":"koaza","areaKey":null,"elements":["tsubu_chou","kubo"],"summary":"要素辞書に一致（tsubu_chou・kubo）。出典による裏づけは未確認。","zones":[],"dataset":"candidates"}},{"type":"Feature","geometry":{"type":"Point","coordinates":[140.166632,37.171533]},"properties":{"id":"07-243eea82e2","name":"崩下","reading":null,"pref":"福島県","prefCode":"07","municipality":"西白河郡西郷村","hazardTypes":["slope_failure","landslide"],"evidenceLevel":0,"originLevel":0,"hasRecord":false,"recordRelation":null,"status":"current","disputed":false,"precision":"koaza","areaKey":null,"elements":["kuzure"],"summary":"要素辞書に一致（kuzure）。出典による裏づけは未確認。","zones":[],"dataset":"candidates"}},{"type":"Feature","geometry":{"type":"Point","coordinates":[140.163628,37.170472]},"properties":{"id":"07-b90fbcba9a","name":"柿ノ木山","reading":null,"pref":"福島県","prefCode":"07","municipality":"西白河郡西郷村","hazardTypes":["slope_failure"],"evidenceLevel":0,"originLevel":0,"hasRecord":false,"recordRelation":null,"status":"current","disputed":false,"precision":"koaza","areaKey":null,"elements":["kake"],"summary":"要素辞書に一致（kake）。出典による裏づけは未確認。","zones":[],"dataset":"candidates"}},{"type":"Feature","geometry":{"type":"Point","coordinates":[140.190312,37.141721]},"properties":{"id":"07-9086da6446","name":"八駄刈","reading":null,"pref":"福島県","prefCode":"07","municipality":"西白河郡西郷村","hazardTypes":["slope_failure"],"evidenceLevel":0,"originLevel":0,"hasRecord":false,"recordRelation":null,"status":"current","disputed":false,"precision":"koaza","areaKey":null,"elements":["kake"],"summary":"要素辞書に一致（kake）。出典による裏づけは未確認。","zones":[],"dataset":"candidates"}},{"type":"Feature","geometry":{"type":"Point","coordinates":[140.145477,37.158212]},"properties":{"id":"07-0505e949b1","name":"内川岸","reading":null,"pref":"福島県","prefCode":"07","municipality":"西白河郡西郷村","hazardTypes":["slope_failure"],"evidenceLevel":0,"originLevel":0,"hasRecord":false,"recordRelation":null,"status":"current","disputed":false,"precision":"koaza","areaKey":null,"elements":["kake"],"summary":"要素辞書に一致（kake）。出典による裏づけは未確認。","zones":[],"dataset":"candidates"}},{"type":"Feature","geometry":{"type":"Point","coordinates":[140.142092,37.155513]},"properties":{"id":"07-0187a4620e","name":"古蔵","reading":null,"pref":"福島県","prefCode":"07","municipality":"西白河郡西郷村","hazardTypes":["slope_failure","rockfall"],"evidenceLevel":0,"originLevel":0,"hasRecord":false,"recordRelation":null,"status":"current","disputed":false,"precision":"koaza","areaKey":null,"elements":["kura"],"summary":"要素辞書に一致（kura）。出典による裏づけは未確認。","zones":[],"dataset":"candidates"}},{"type":"Feature","geometry":{"type":"Point","coordinates":[140.286345,37.175088]},"properties":{"id":"07-e36d382276","name":"菖蒲沢","reading":null,"pref":"福島県","prefCode":"07","municipality":"西白河郡泉崎村","hazardTypes":["landslide","soft_ground"],"evidenceLevel":0,"originLevel":0,"hasRecord":false,"recordRelation":null,"status":"current","disputed":false,"precision":"koaza","areaKey":null,"elements":["wetland_plants"],"summary":"要素辞書に一致（wetland_plants）。出典による裏づけは未確認。","zones":[],"dataset":"candidates"}},{"type":"Feature","geometry":{"type":"Point","coordinates":[140.285168,37.170261]},"properties":{"id":"07-f1b8cfd7a4","name":"下夏針","reading":null,"pref":"福島県","prefCode":"07","municipality":"西白河郡泉崎村","hazardTypes":["debris_flow","slope_failure"],"evidenceLevel":0,"originLevel":0,"hasRecord":false,"recordRelation":null,"status":"current","disputed":false,"precision":"koaza","areaKey":null,"elements":["nazu_natsu"],"summary":"要素辞書に一致（nazu_natsu）。出典による裏づけは未確認。","zones":[],"dataset":"candidates"}},{"type":"Feature","geometry":{"type":"Point","coordinates":[140.297935,37.166646]},"properties":{"id":"07-0c2c3d3d8c","name":"下根岸","reading":null,"pref":"福島県","prefCode":"07","municipality":"西白河郡泉崎村","hazardTypes":["slope_failure"],"evidenceLevel":0,"originLevel":0,"hasRecord":false,"recordRelation":null,"status":"current","disputed":false,"precision":"koaza","areaKey":null,"elements":["kake"],"summary":"要素辞書に一致（kake）。出典による裏づけは未確認。","zones":[],"dataset":"candidates"}},{"type":"Feature","geometry":{"type":"Point","coordinates":[140.28502,37.168354]},"properties":{"id":"07-34cc319394","name":"夏針","reading":null,"pref":"福島県","prefCode":"07","municipality":"西白河郡泉崎村","hazardTypes":["debris_flow","slope_failure"],"evidenceLevel":0,"originLevel":0,"hasRecord":false,"recordRelation":null,"status":"current","disputed":false,"precision":"koaza","areaKey":null,"elements":["nazu_natsu"],"summary":"要素辞書に一致（nazu_natsu）。出典による裏づけは未確認。","zones":[],"dataset":"candidates"}},{"type":"Feature","geometry":{"type":"Point","coordinates":[140.294856,37.16713]},"properties":{"id":"07-ce29f653df","name":"根岸","reading":null,"pref":"福島県","prefCode":"07","municipality":"西白河郡泉崎村","hazardTypes":["slope_failure"],"evidenceLevel":0,"originLevel":0,"hasRecord":false,"recordRelation":null,"status":"current","disputed":false,"precision":"koaza","areaKey":null,"elements":["kake"],"summary":"要素辞書に一致（kake）。出典による裏づけは未確認。","zones":[],"dataset":"candidates"}},{"type":"Feature","geometry":{"type":"Point","coordinates":[140.28945,37.16271]},"properties":{"id":"07-899a4fcde0","name":"梅木平","reading":null,"pref":"福島県","prefCode":"07","municipality":"西白河郡泉崎村","hazardTypes":["landslide","slope_failure"],"evidenceLevel":0,"originLevel":0,"hasRecord":false,"recordRelation":null,"status":"current","disputed":false,"precision":"koaza","areaKey":null,"elements":["ume"],"summary":"要素辞書に一致（ume）。出典による裏づけは未確認。","zones":[],"dataset":"candidates"}},{"type":"Feature","geometry":{"type":"Point","coordinates":[140.338748,37.133455]},"properties":{"id":"07-fd82cb273f","name":"大字川原田","reading":null,"pref":"福島県","prefCode":"07","municipality":"西白河郡中島村","hazardTypes":["flood"],"evidenceLevel":0,"originLevel":0,"hasRecord":false,"recordRelation":null,"status":"current","disputed":false,"precision":"oaza","areaKey":null,"elements":["kawara"],"summary":"要素辞書に一致（kawara）。出典による裏づけは未確認。","zones":[],"dataset":"candidates"}},{"type":"Feature","geometry":{"type":"Point","coordinates":[140.36738,37.127827]},"properties":{"id":"07-f707193fd2","name":"西大欠","reading":null,"pref":"福島県","prefCode":"07","municipality":"西白河郡中島村","hazardTypes":["slope_failure"],"evidenceLevel":0,"originLevel":0,"hasRecord":false,"recordRelation":null,"status":"current","disputed":false,"precision":"koaza","areaKey":null,"elements":["kake"],"summary":"要素辞書に一致（kake）。出典による裏づけは未確認。","zones":[],"dataset":"candidates"}},{"type":"Feature","geometry":{"type":"Point","coordinates":[140.337331,37.183016]},"properties":{"id":"07-c553b58302","name":"大久保","reading":"オオクボ","pref":"福島県","prefCode":"07","municipality":"西白河郡矢吹町","hazardTypes":["slope_failure","inundation","landslide"],"evidenceLevel":0,"originLevel":0,"hasRecord":false,"recordRelation":null,"status":"current","disputed":false,"precision":"oaza","areaKey":null,"elements":["afu_oo","kubo"],"summary":"要素辞書に一致（afu_oo・kubo）。出典による裏づけは未確認。","zones":[],"dataset":"candidates"}},{"type":"Feature","geometry":{"type":"Point","coordinates":[140.306119,37.199211]},"properties":{"id":"07-64fc24bc57","name":"川原","reading":"カワハラ","pref":"福島県","prefCode":"07","municipality":"西白河郡矢吹町","hazardTypes":["flood"],"evidenceLevel":0,"originLevel":0,"hasRecord":false,"recordRelation":null,"status":"current","disputed":false,"precision":"oaza","areaKey":null,"elements":["kawara"],"summary":"要素辞書に一致（kawara）。出典による裏づけは未確認。","zones":[],"dataset":"candidates"}},{"type":"Feature","geometry":{"type":"Point","coordinates":[140.393424,37.213613]},"properties":{"id":"07-840d8fd5da","name":"東川原","reading":"ヒガシカワハラ","pref":"福島県","prefCode":"07","municipality":"西白河郡矢吹町","hazardTypes":["flood"],"evidenceLevel":0,"originLevel":0,"hasRecord":false,"recordRelation":null,"status":"current","disputed":false,"precision":"oaza","areaKey":null,"elements":["kawara"],"summary":"要素辞書に一致（kawara）。出典による裏づけは未確認。","zones":[],"dataset":"candidates"}},{"type":"Feature","geometry":{"type":"Point","coordinates":[140.328332,37.156991]},"properties":{"id":"07-f92eecbcd8","name":"松倉","reading":"マツクラ","pref":"福島県","prefCode":"07","municipality":"西白河郡矢吹町","hazardTypes":["slope_failure","rockfall"],"evidenceLevel":0,"originLevel":0,"hasRecord":false,"recordRelation":null,"status":"current","disputed":false,"precision":"oaza","areaKey":null,"elements":["kura"],"summary":"要素辞書に一致（kura）。出典による裏づけは未確認。","zones":[],"dataset":"candidates"}},{"type":"Feature","geometry":{"type":"Point","coordinates":[140.408012,37.047717]},"properties":{"id":"07-279f4c0b8c","name":"川原田","reading":null,"pref":"福島県","prefCode":"07","municipality":"東白川郡棚倉町","hazardTypes":["flood"],"evidenceLevel":0,"originLevel":0,"hasRecord":false,"recordRelation":null,"status":"current","disputed":false,"precision":"koaza","areaKey":null,"elements":["kawara"],"summary":"要素辞書に一致（kawara）。出典による裏づけは未確認。","zones":[],"dataset":"candidates"}},{"type":"Feature","geometry":{"type":"Point","coordinates":[140.393619,37.043208]},"properties":{"id":"07-e860c18b28","name":"猿田","reading":null,"pref":"福島県","prefCode":"07","municipality":"東白川郡棚倉町","hazardTypes":["slope_failure"],"evidenceLevel":0,"originLevel":0,"hasRecord":false,"recordRelation":null,"status":"current","disputed":false,"precision":"koaza","areaKey":null,"elements":["saru"],"summary":"要素辞書に一致（saru）。出典による裏づけは未確認。","zones":[],"dataset":"candidates"}},{"type":"Feature","geometry":{"type":"Point","coordinates":[140.325149,36.998]},"properties":{"id":"07-1954006adb","name":"大字大梅","reading":null,"pref":"福島県","prefCode":"07","municipality":"東白川郡棚倉町","hazardTypes":["landslide","slope_failure"],"evidenceLevel":0,"originLevel":0,"hasRecord":false,"recordRelation":null,"status":"current","disputed":false,"precision":"oaza","areaKey":null,"elements":["ume"],"summary":"要素辞書に一致（ume）。出典による裏づけは未確認。","zones":[],"dataset":"candidates"}},{"type":"Feature","geometry":{"type":"Point","coordinates":[140.361288,37.048576]},"properties":{"id":"07-b19919dab8","name":"大字小菅生","reading":null,"pref":"福島県","prefCode":"07","municipality":"東白川郡棚倉町","hazardTypes":["landslide","soft_ground"],"evidenceLevel":0,"originLevel":0,"hasRecord":false,"recordRelation":null,"status":"current","disputed":false,"precision":"oaza","areaKey":null,"elements":["wetland_plants"],"summary":"要素辞書に一致（wetland_plants）。出典による裏づけは未確認。","zones":[],"dataset":"candidates"}},{"type":"Feature","geometry":{"type":"Point","coordinates":[140.375792,37.031052]},"properties":{"id":"07-015a30a90e","name":"大字棚倉","reading":null,"pref":"福島県","prefCode":"07","municipality":"東白川郡棚倉町","hazardTypes":["slope_failure","rockfall"],"evidenceLevel":0,"originLevel":0,"hasRecord":false,"recordRelation":null,"status":"current","disputed":false,"precision":"oaza","areaKey":null,"elements":["kura"],"summary":"要素辞書に一致（kura）。出典による裏づけは未確認。","zones":[],"dataset":"candidates"}},{"type":"Feature","geometry":{"type":"Point","coordinates":[140.385301,37.020578]},"properties":{"id":"07-f6fbe8f4e2","name":"下河原","reading":null,"pref":"福島県","prefCode":"07","municipality":"東白川郡棚倉町","hazardTypes":["flood"],"evidenceLevel":0,"originLevel":0,"hasRecord":false,"recordRelation":null,"status":"current","disputed":false,"precision":"koaza","areaKey":null,"elements":["kawara"],"summary":"要素辞書に一致（kawara）。出典による裏づけは未確認。","zones":[],"dataset":"candidates"}},{"type":"Feature","geometry":{"type":"Point","coordinates":[140.376543,37.025399]},"properties":{"id":"07-26c6a09b62","name":"崖ノ上","reading":null,"pref":"福島県","prefCode":"07","municipality":"東白川郡棚倉町","hazardTypes":["slope_failure"],"evidenceLevel":0,"originLevel":0,"hasRecord":false,"recordRelation":null,"status":"current","disputed":false,"precision":"koaza","areaKey":null,"elements":["kake"],"summary":"要素辞書に一致（kake）。出典による裏づけは未確認。","zones":[],"dataset":"candidates"}},{"type":"Feature","geometry":{"type":"Point","coordinates":[140.377519,37.03076]},"properties":{"id":"07-bee932e98f","name":"馬場","reading":null,"pref":"福島県","prefCode":"07","municipality":"東白川郡棚倉町","hazardTypes":["slope_failure"],"evidenceLevel":0,"originLevel":0,"hasRecord":false,"recordRelation":null,"status":"current","disputed":false,"precision":"koaza","areaKey":null,"elements":["baba"],"summary":"要素辞書に一致（baba）。出典による裏づけは未確認。","zones":[],"dataset":"candidates"}},{"type":"Feature","geometry":{"type":"Point","coordinates":[140.383033,37.038139]},"properties":{"id":"07-5fa90790fd","name":"鹿子山","reading":null,"pref":"福島県","prefCode":"07","municipality":"東白川郡棚倉町","hazardTypes":["landslide","soft_ground"],"evidenceLevel":0,"originLevel":0,"hasRecord":false,"recordRelation":null,"status":"current","disputed":false,"precision":"koaza","areaKey":null,"elements":["shishi"],"summary":"要素辞書に一致（shishi）。出典による裏づけは未確認。","zones":[],"dataset":"candidates"}},{"type":"Feature","geometry":{"type":"Point","coordinates":[140.407544,36.955012]},"properties":{"id":"07-46b9562aa4","name":"下川原","reading":null,"pref":"福島県","prefCode":"07","municipality":"東白川郡塙町","hazardTypes":["flood"],"evidenceLevel":0,"originLevel":0,"hasRecord":false,"recordRelation":null,"status":"current","disputed":false,"precision":"koaza","areaKey":null,"elements":["kawara"],"summary":"要素辞書に一致（kawara）。出典による裏づけは未確認。","zones":[],"dataset":"candidates"}},{"type":"Feature","geometry":{"type":"Point","coordinates":[140.405595,36.951913]},"properties":{"id":"07-ba05bb4ebf","name":"大久保","reading":null,"pref":"福島県","prefCode":"07","municipality":"東白川郡塙町","hazardTypes":["slope_failure","inundation","landslide"],"evidenceLevel":0,"originLevel":0,"hasRecord":false,"recordRelation":null,"status":"current","disputed":false,"precision":"koaza","areaKey":null,"elements":["afu_oo","kubo"],"summary":"要素辞書に一致（afu_oo・kubo）。出典による裏づけは未確認。","zones":[],"dataset":"candidates"}},{"type":"Feature","geometry":{"type":"Point","coordinates":[140.539908,36.913831]},"properties":{"id":"07-f25a6e0a58","name":"大字那倉","reading":null,"pref":"福島県","prefCode":"07","municipality":"東白川郡塙町","hazardTypes":["slope_failure","rockfall"],"evidenceLevel":0,"originLevel":0,"hasRecord":false,"recordRelation":null,"status":"current","disputed":false,"precision":"oaza","areaKey":null,"elements":["kura"],"summary":"要素辞書に一致（kura）。出典による裏づけは未確認。","zones":[],"dataset":"candidates"}},{"type":"Feature","geometry":{"type":"Point","coordinates":[140.503152,37.120168]},"properties":{"id":"07-51115d5c63","name":"馬場宿","reading":null,"pref":"福島県","prefCode":"07","municipality":"石川郡石川町","hazardTypes":["slope_failure"],"evidenceLevel":0,"originLevel":0,"hasRecord":false,"recordRelation":null,"status":"current","disputed":false,"precision":"koaza","areaKey":null,"elements":["baba"],"summary":"要素辞書に一致（baba）。出典による裏づけは未確認。","zones":[],"dataset":"candidates"}},{"type":"Feature","geometry":{"type":"Point","coordinates":[140.422291,37.131342]},"properties":{"id":"07-6fd92d9b76","name":"菖蒲沢","reading":null,"pref":"福島県","prefCode":"07","municipality":"石川郡石川町","hazardTypes":["landslide","soft_ground"],"evidenceLevel":0,"originLevel":0,"hasRecord":false,"recordRelation":null,"status":"current","disputed":false,"precision":"koaza","areaKey":null,"elements":["wetland_plants"],"summary":"要素辞書に一致（wetland_plants）。出典による裏づけは未確認。","zones":[],"dataset":"candidates"}},{"type":"Feature","geometry":{"type":"Point","coordinates":[140.482981,37.192078]},"properties":{"id":"07-434798246e","name":"梅木入","reading":null,"pref":"福島県","prefCode":"07","municipality":"石川郡石川町","hazardTypes":["landslide","slope_failure"],"evidenceLevel":0,"originLevel":0,"hasRecord":false,"recordRelation":null,"status":"current","disputed":false,"precision":"koaza","areaKey":null,"elements":["ume"],"summary":"要素辞書に一致（ume）。出典による裏づけは未確認。","zones":[],"dataset":"candidates"}},{"type":"Feature","geometry":{"type":"Point","coordinates":[140.467979,37.163129]},"properties":{"id":"07-6400f688dd","name":"高蔵内","reading":null,"pref":"福島県","prefCode":"07","municipality":"石川郡石川町","hazardTypes":["slope_failure","rockfall"],"evidenceLevel":0,"originLevel":0,"hasRecord":false,"recordRelation":null,"status":"current","disputed":false,"precision":"koaza","areaKey":null,"elements":["kura"],"summary":"要素辞書に一致（kura）。出典による裏づけは未確認。","zones":[],"dataset":"candidates"}},{"type":"Feature","geometry":{"type":"Point","coordinates":[140.433092,37.163038]},"properties":{"id":"07-8de95b9cd2","name":"字草倉田","reading":null,"pref":"福島県","prefCode":"07","municipality":"石川郡石川町","hazardTypes":["slope_failure","rockfall"],"evidenceLevel":0,"originLevel":0,"hasRecord":false,"recordRelation":null,"status":"current","disputed":false,"precision":"oaza","areaKey":null,"elements":["kura"],"summary":"要素辞書に一致（kura）。出典による裏づけは未確認。","zones":[],"dataset":"candidates"}},{"type":"Feature","geometry":{"type":"Point","coordinates":[140.432502,37.155622]},"properties":{"id":"07-00eb4b8258","name":"字飛ケ作","reading":null,"pref":"福島県","prefCode":"07","municipality":"石川郡石川町","hazardTypes":["slope_failure","debris_flow"],"evidenceLevel":0,"originLevel":0,"hasRecord":false,"recordRelation":null,"status":"current","disputed":false,"precision":"oaza","areaKey":null,"elements":["tobi"],"summary":"要素辞書に一致（tobi）。出典による裏づけは未確認。","zones":[],"dataset":"candidates"}},{"type":"Feature","geometry":{"type":"Point","coordinates":[140.446178,37.148844]},"properties":{"id":"07-5a81f9de1d","name":"字鹿ノ坂","reading":null,"pref":"福島県","prefCode":"07","municipality":"石川郡石川町","hazardTypes":["landslide","soft_ground"],"evidenceLevel":0,"originLevel":0,"hasRecord":false,"recordRelation":null,"status":"current","disputed":false,"precision":"oaza","areaKey":null,"elements":["shishi"],"summary":"要素辞書に一致（shishi）。出典による裏づけは未確認。","zones":[],"dataset":"candidates"}},{"type":"Feature","geometry":{"type":"Point","coordinates":[140.444878,37.209939]},"properties":{"id":"07-68db13506e","name":"荻ノ田","reading":null,"pref":"福島県","prefCode":"07","municipality":"石川郡玉川村","hazardTypes":["slope_failure"],"evidenceLevel":0,"originLevel":0,"hasRecord":false,"recordRelation":null,"status":"current","disputed":false,"precision":"koaza","areaKey":null,"elements":["suki_hagu"],"summary":"要素辞書に一致（suki_hagu）。出典による裏づけは未確認。","zones":[],"dataset":"candidates"}},{"type":"Feature","geometry":{"type":"Point","coordinates":[140.45355,37.20788]},"properties":{"id":"07-29390446f9","name":"蔵ノ前","reading":null,"pref":"福島県","prefCode":"07","municipality":"石川郡玉川村","hazardTypes":["slope_failure","rockfall"],"evidenceLevel":0,"originLevel":0,"hasRecord":false,"recordRelation":null,"status":"current","disputed":false,"precision":"koaza","areaKey":null,"elements":["kura"],"summary":"要素辞書に一致（kura）。出典による裏づけは未確認。","zones":[],"dataset":"candidates"}},{"type":"Feature","geometry":{"type":"Point","coordinates":[140.433115,37.198127]},"properties":{"id":"07-80d5820e48","name":"下倉沢","reading":null,"pref":"福島県","prefCode":"07","municipality":"石川郡玉川村","hazardTypes":["slope_failure","rockfall"],"evidenceLevel":0,"originLevel":0,"hasRecord":false,"recordRelation":null,"status":"current","disputed":false,"precision":"koaza","areaKey":null,"elements":["kura"],"summary":"要素辞書に一致（kura）。出典による裏づけは未確認。","zones":[],"dataset":"candidates"}},{"type":"Feature","geometry":{"type":"Point","coordinates":[140.433656,37.202189]},"properties":{"id":"07-b1af687d99","name":"五駄刈","reading":null,"pref":"福島県","prefCode":"07","municipality":"石川郡玉川村","hazardTypes":["slope_failure"],"evidenceLevel":0,"originLevel":0,"hasRecord":false,"recordRelation":null,"status":"current","disputed":false,"precision":"koaza","areaKey":null,"elements":["kake"],"summary":"要素辞書に一致（kake）。出典による裏づけは未確認。","zones":[],"dataset":"candidates"}},{"type":"Feature","geometry":{"type":"Point","coordinates":[140.439444,37.197764]},"properties":{"id":"07-2d028125a7","name":"馬場下","reading":null,"pref":"福島県","prefCode":"07","municipality":"石川郡玉川村","hazardTypes":["slope_failure"],"evidenceLevel":0,"originLevel":0,"hasRecord":false,"recordRelation":null,"status":"current","disputed":false,"precision":"koaza","areaKey":null,"elements":["baba"],"summary":"要素辞書に一致（baba）。出典による裏づけは未確認。","zones":[],"dataset":"candidates"}},{"type":"Feature","geometry":{"type":"Point","coordinates":[140.550944,37.220442]},"properties":{"id":"07-f1febe4c77","name":"鹿ノ子","reading":null,"pref":"福島県","prefCode":"07","municipality":"石川郡平田村","hazardTypes":["landslide","soft_ground"],"evidenceLevel":0,"originLevel":0,"hasRecord":false,"recordRelation":null,"status":"current","disputed":false,"precision":"koaza","areaKey":null,"elements":["shishi"],"summary":"要素辞書に一致（shishi）。出典による裏づけは未確認。","zones":[],"dataset":"candidates"}},{"type":"Feature","geometry":{"type":"Point","coordinates":[140.523905,37.180119]},"properties":{"id":"07-9987d56bf6","name":"大字中倉","reading":null,"pref":"福島県","prefCode":"07","municipality":"石川郡平田村","hazardTypes":["slope_failure","rockfall"],"evidenceLevel":0,"originLevel":0,"hasRecord":false,"recordRelation":null,"status":"current","disputed":false,"precision":"oaza","areaKey":null,"elements":["kura"],"summary":"要素辞書に一致（kura）。出典による裏づけは未確認。","zones":[],"dataset":"candidates"}},{"type":"Feature","geometry":{"type":"Point","coordinates":[140.565913,37.186827]},"properties":{"id":"07-fe87bed599","name":"蛇石","reading":null,"pref":"福島県","prefCode":"07","municipality":"石川郡平田村","hazardTypes":["slope_failure","debris_flow"],"evidenceLevel":0,"originLevel":0,"hasRecord":false,"recordRelation":null,"status":"current","disputed":false,"precision":"koaza","areaKey":null,"elements":["ja"],"summary":"要素辞書に一致（ja）。出典による裏づけは未確認。","zones":[],"dataset":"candidates"}},{"type":"Feature","geometry":{"type":"Point","coordinates":[140.562045,37.220148]},"properties":{"id":"07-35a081d511","name":"大柿","reading":null,"pref":"福島県","prefCode":"07","municipality":"石川郡平田村","hazardTypes":["slope_failure"],"evidenceLevel":0,"originLevel":0,"hasRecord":false,"recordRelation":null,"status":"current","disputed":false,"precision":"koaza","areaKey":null,"elements":["kake"],"summary":"要素辞書に一致（kake）。出典による裏づけは未確認。","zones":[],"dataset":"candidates"}},{"type":"Feature","geometry":{"type":"Point","coordinates":[140.559938,37.198261]},"properties":{"id":"07-00e5990a56","name":"前手倉","reading":null,"pref":"福島県","prefCode":"07","municipality":"石川郡平田村","hazardTypes":["slope_failure","rockfall"],"evidenceLevel":0,"originLevel":0,"hasRecord":false,"recordRelation":null,"status":"current","disputed":false,"precision":"koaza","areaKey":null,"elements":["kura"],"summary":"要素辞書に一致（kura）。出典による裏づけは未確認。","zones":[],"dataset":"candidates"}},{"type":"Feature","geometry":{"type":"Point","coordinates":[140.563406,37.202746]},"properties":{"id":"07-f521452f9c","name":"手倉","reading":null,"pref":"福島県","prefCode":"07","municipality":"石川郡平田村","hazardTypes":["slope_failure","rockfall"],"evidenceLevel":0,"originLevel":0,"hasRecord":false,"recordRelation":null,"status":"current","disputed":false,"precision":"koaza","areaKey":null,"elements":["kura"],"summary":"要素辞書に一致（kura）。出典による裏づけは未確認。","zones":[],"dataset":"candidates"}},{"type":"Feature","geometry":{"type":"Point","coordinates":[140.393241,37.089289]},"properties":{"id":"07-c4c68f4327","name":"猪窪","reading":null,"pref":"福島県","prefCode":"07","municipality":"石川郡浅川町","hazardTypes":["landslide","soft_ground","inundation"],"evidenceLevel":0,"originLevel":0,"hasRecord":false,"recordRelation":null,"status":"current","disputed":false,"precision":"koaza","areaKey":null,"elements":["shishi","kubo"],"summary":"要素辞書に一致（shishi・kubo）。出典による裏づけは未確認。","zones":[],"dataset":"candidates"}},{"type":"Feature","geometry":{"type":"Point","coordinates":[140.41071,37.103147]},"properties":{"id":"07-acf1502e63","name":"地獄谷地","reading":null,"pref":"福島県","prefCode":"07","municipality":"石川郡浅川町","hazardTypes":["landslide","inundation"],"evidenceLevel":0,"originLevel":0,"hasRecord":false,"recordRelation":null,"status":"current","disputed":false,"precision":"koaza","areaKey":null,"elements":["jigokudani","yato"],"summary":"要素辞書に一致（jigokudani・yato）。出典による裏づけは未確認。","zones":[],"dataset":"candidates"}},{"type":"Feature","geometry":{"type":"Point","coordinates":[140.419709,37.063098]},"properties":{"id":"07-c1f97183f3","name":"大字根岸","reading":null,"pref":"福島県","prefCode":"07","municipality":"石川郡浅川町","hazardTypes":["slope_failure"],"evidenceLevel":0,"originLevel":0,"hasRecord":false,"recordRelation":null,"status":"current","disputed":false,"precision":"oaza","areaKey":null,"elements":["kake"],"summary":"要素辞書に一致（kake）。出典による裏づけは未確認。","zones":[],"dataset":"candidates"}},{"type":"Feature","geometry":{"type":"Point","coordinates":[140.414326,37.090551]},"properties":{"id":"07-88ca828ad9","name":"蔵石","reading":null,"pref":"福島県","prefCode":"07","municipality":"石川郡浅川町","hazardTypes":["slope_failure","rockfall"],"evidenceLevel":0,"originLevel":0,"hasRecord":false,"recordRelation":null,"status":"current","disputed":false,"precision":"koaza","areaKey":null,"elements":["kura"],"summary":"要素辞書に一致（kura）。出典による裏づけは未確認。","zones":[],"dataset":"candidates"}},{"type":"Feature","geometry":{"type":"Point","coordinates":[140.446005,37.418055]},"properties":{"id":"07-8e719392c0","name":"荻久保","reading":null,"pref":"福島県","prefCode":"07","municipality":"田村郡三春町","hazardTypes":["slope_failure","inundation","landslide"],"evidenceLevel":0,"originLevel":0,"hasRecord":false,"recordRelation":null,"status":"current","disputed":false,"precision":"koaza","areaKey":null,"elements":["suki_hagu","kubo"],"summary":"要素辞書に一致（suki_hagu・kubo）。出典による裏づけは未確認。","zones":[],"dataset":"candidates"}},{"type":"Feature","geometry":{"type":"Point","coordinates":[140.428539,37.423258]},"properties":{"id":"07-2ce2eda971","name":"蛇田","reading":null,"pref":"福島県","prefCode":"07","municipality":"田村郡三春町","hazardTypes":["slope_failure","debris_flow"],"evidenceLevel":0,"originLevel":0,"hasRecord":false,"recordRelation":null,"status":"current","disputed":false,"precision":"koaza","areaKey":null,"elements":["ja"],"summary":"要素辞書に一致（ja）。出典による裏づけは未確認。","zones":[],"dataset":"candidates"}},{"type":"Feature","geometry":{"type":"Point","coordinates":[140.455477,37.426254]},"properties":{"id":"07-8413de07cf","name":"大久保","reading":null,"pref":"福島県","prefCode":"07","municipality":"田村郡三春町","hazardTypes":["slope_failure","inundation","landslide"],"evidenceLevel":0,"originLevel":0,"hasRecord":false,"recordRelation":null,"status":"current","disputed":false,"precision":"koaza","areaKey":null,"elements":["afu_oo","kubo"],"summary":"要素辞書に一致（afu_oo・kubo）。出典による裏づけは未確認。","zones":[],"dataset":"candidates"}},{"type":"Feature","geometry":{"type":"Point","coordinates":[140.448845,37.432473]},"properties":{"id":"07-b54117608a","name":"深田","reading":null,"pref":"福島県","prefCode":"07","municipality":"田村郡三春町","hazardTypes":["soft_ground","inundation"],"evidenceLevel":0,"originLevel":0,"hasRecord":false,"recordRelation":null,"status":"current","disputed":false,"precision":"koaza","areaKey":null,"elements":["fuke"],"summary":"要素辞書に一致（fuke）。出典による裏づけは未確認。","zones":[],"dataset":"candidates"}},{"type":"Feature","geometry":{"type":"Point","coordinates":[140.453869,37.428089]},"properties":{"id":"07-dd124eccf9","name":"菖蒲作","reading":null,"pref":"福島県","prefCode":"07","municipality":"田村郡三春町","hazardTypes":["landslide","soft_ground"],"evidenceLevel":0,"originLevel":0,"hasRecord":false,"recordRelation":null,"status":"current","disputed":false,"precision":"koaza","areaKey":null,"elements":["wetland_plants"],"summary":"要素辞書に一致（wetland_plants）。出典による裏づけは未確認。","zones":[],"dataset":"candidates"}},{"type":"Feature","geometry":{"type":"Point","coordinates":[140.475266,37.450837]},"properties":{"id":"07-c5313156fd","name":"河原","reading":null,"pref":"福島県","prefCode":"07","municipality":"田村郡三春町","hazardTypes":["flood"],"evidenceLevel":0,"originLevel":0,"hasRecord":false,"recordRelation":null,"status":"current","disputed":false,"precision":"koaza","areaKey":null,"elements":["kawara"],"summary":"要素辞書に一致（kawara）。出典による裏づけは未確認。","zones":[],"dataset":"candidates"}},{"type":"Feature","geometry":{"type":"Point","coordinates":[140.459895,37.396836]},"properties":{"id":"07-cbec8a24d2","name":"上河原","reading":null,"pref":"福島県","prefCode":"07","municipality":"田村郡三春町","hazardTypes":["flood"],"evidenceLevel":0,"originLevel":0,"hasRecord":false,"recordRelation":null,"status":"current","disputed":false,"precision":"koaza","areaKey":null,"elements":["kawara"],"summary":"要素辞書に一致（kawara）。出典による裏づけは未確認。","zones":[],"dataset":"candidates"}},{"type":"Feature","geometry":{"type":"Point","coordinates":[140.500078,37.432681]},"properties":{"id":"07-c664877a13","name":"庚申坂","reading":null,"pref":"福島県","prefCode":"07","municipality":"田村郡三春町","hazardTypes":["slope_failure"],"evidenceLevel":0,"originLevel":0,"hasRecord":false,"recordRelation":null,"status":"current","disputed":false,"precision":"koaza","areaKey":null,"elements":["saru"],"summary":"要素辞書に一致（saru）。出典による裏づけは未確認。","zones":[],"dataset":"candidates"}},{"type":"Feature","geometry":{"type":"Point","coordinates":[140.493426,37.395589]},"properties":{"id":"07-c3baecdae6","name":"馬場","reading":null,"pref":"福島県","prefCode":"07","municipality":"田村郡三春町","hazardTypes":["slope_failure"],"evidenceLevel":0,"originLevel":0,"hasRecord":false,"recordRelation":null,"status":"current","disputed":false,"precision":"koaza","areaKey":null,"elements":["baba"],"summary":"要素辞書に一致（baba）。出典による裏づけは未確認。","zones":[],"dataset":"candidates"}},{"type":"Feature","geometry":{"type":"Point","coordinates":[140.512397,37.435016]},"properties":{"id":"07-c8f7f5b76b","name":"大字芹ケ沢","reading":null,"pref":"福島県","prefCode":"07","municipality":"田村郡三春町","hazardTypes":["landslide","soft_ground"],"evidenceLevel":0,"originLevel":0,"hasRecord":false,"recordRelation":null,"status":"current","disputed":false,"precision":"oaza","areaKey":null,"elements":["wetland_plants"],"summary":"要素辞書に一致（wetland_plants）。出典による裏づけは未確認。","zones":[],"dataset":"candidates"}},{"type":"Feature","geometry":{"type":"Point","coordinates":[140.482368,37.412656]},"properties":{"id":"07-dfd6ccad77","name":"大字蛇沢","reading":null,"pref":"福島県","prefCode":"07","municipality":"田村郡三春町","hazardTypes":["slope_failure","debris_flow"],"evidenceLevel":0,"originLevel":0,"hasRecord":false,"recordRelation":null,"status":"current","disputed":false,"precision":"oaza","areaKey":null,"elements":["ja"],"summary":"要素辞書に一致（ja）。出典による裏づけは未確認。","zones":[],"dataset":"candidates"}},{"type":"Feature","geometry":{"type":"Point","coordinates":[140.512274,37.399905]},"properties":{"id":"07-625728738d","name":"大字蛇石","reading":null,"pref":"福島県","prefCode":"07","municipality":"田村郡三春町","hazardTypes":["slope_failure","debris_flow"],"evidenceLevel":0,"originLevel":0,"hasRecord":false,"recordRelation":null,"status":"current","disputed":false,"precision":"oaza","areaKey":null,"elements":["ja"],"summary":"要素辞書に一致（ja）。出典による裏づけは未確認。","zones":[],"dataset":"candidates"}},{"type":"Feature","geometry":{"type":"Point","coordinates":[140.491265,37.400405]},"properties":{"id":"07-3e54b271c5","name":"蛇石","reading":null,"pref":"福島県","prefCode":"07","municipality":"田村郡三春町","hazardTypes":["slope_failure","debris_flow"],"evidenceLevel":0,"originLevel":0,"hasRecord":false,"recordRelation":null,"status":"current","disputed":false,"precision":"koaza","areaKey":null,"elements":["ja"],"summary":"要素辞書に一致（ja）。出典による裏づけは未確認。","zones":[],"dataset":"candidates"}},{"type":"Feature","geometry":{"type":"Point","coordinates":[140.496682,37.396676]},"properties":{"id":"07-6effd775c9","name":"蛇石前","reading":null,"pref":"福島県","prefCode":"07","municipality":"田村郡三春町","hazardTypes":["slope_failure","debris_flow"],"evidenceLevel":0,"originLevel":0,"hasRecord":false,"recordRelation":null,"status":"current","disputed":false,"precision":"koaza","areaKey":null,"elements":["ja"],"summary":"要素辞書に一致（ja）。出典による裏づけは未確認。","zones":[],"dataset":"candidates"}},{"type":"Feature","geometry":{"type":"Point","coordinates":[140.476554,37.432526]},"properties":{"id":"07-8156f4bc63","name":"沼倉","reading":null,"pref":"福島県","prefCode":"07","municipality":"田村郡三春町","hazardTypes":["slope_failure","rockfall","soft_ground","inundation"],"evidenceLevel":0,"originLevel":0,"hasRecord":false,"recordRelation":null,"status":"current","disputed":false,"precision":"koaza","areaKey":null,"elements":["kura","numa_kata"],"summary":"要素辞書に一致（kura・numa_kata）。出典による裏づけは未確認。","zones":[],"dataset":"candidates"}},{"type":"Feature","geometry":{"type":"Point","coordinates":[140.486136,37.38265]},"properties":{"id":"07-a082c444ed","name":"大字過足","reading":null,"pref":"福島県","prefCode":"07","municipality":"田村郡三春町","hazardTypes":["flood","inundation"],"evidenceLevel":0,"originLevel":0,"hasRecord":false,"recordRelation":null,"status":"current","disputed":false,"precision":"oaza","areaKey":null,"elements":["ashi"],"summary":"要素辞書に一致（ashi）。出典による裏づけは未確認。","zones":[],"dataset":"candidates"}},{"type":"Feature","geometry":{"type":"Point","coordinates":[140.455237,37.421936]},"properties":{"id":"07-69fab7f0f2","name":"梅ノ木作","reading":null,"pref":"福島県","prefCode":"07","municipality":"田村郡三春町","hazardTypes":["landslide","slope_failure"],"evidenceLevel":0,"originLevel":0,"hasRecord":false,"recordRelation":null,"status":"current","disputed":false,"precision":"koaza","areaKey":null,"elements":["ume"],"summary":"要素辞書に一致（ume）。出典による裏づけは未確認。","zones":[],"dataset":"candidates"}},{"type":"Feature","geometry":{"type":"Point","coordinates":[140.47323,37.431717]},"properties":{"id":"07-d0a41161b1","name":"沼ノ倉","reading":null,"pref":"福島県","prefCode":"07","municipality":"田村郡三春町","hazardTypes":["slope_failure","rockfall","soft_ground","inundation"],"evidenceLevel":0,"originLevel":0,"hasRecord":false,"recordRelation":null,"status":"current","disputed":false,"precision":"koaza","areaKey":null,"elements":["kura","numa_kata"],"summary":"要素辞書に一致（kura・numa_kata）。出典による裏づけは未確認。","zones":[],"dataset":"candidates"}},{"type":"Feature","geometry":{"type":"Point","coordinates":[140.471438,37.424837]},"properties":{"id":"07-56f0ec4838","name":"流田","reading":null,"pref":"福島県","prefCode":"07","municipality":"田村郡三春町","hazardTypes":["flood","tsunami"],"evidenceLevel":0,"originLevel":0,"hasRecord":false,"recordRelation":null,"status":"current","disputed":false,"precision":"koaza","areaKey":null,"elements":["nagare","tsunami_drift"],"summary":"要素辞書に一致（nagare・tsunami_drift）。出典による裏づけは未確認。","zones":[],"dataset":"candidates"}},{"type":"Feature","geometry":{"type":"Point","coordinates":[140.475092,37.437945]},"properties":{"id":"07-045e5e4679","name":"字大久保","reading":null,"pref":"福島県","prefCode":"07","municipality":"田村郡三春町","hazardTypes":["slope_failure","inundation","landslide"],"evidenceLevel":0,"originLevel":0,"hasRecord":false,"recordRelation":null,"status":"current","disputed":false,"precision":"oaza","areaKey":null,"elements":["afu_oo","kubo"],"summary":"要素辞書に一致（afu_oo・kubo）。出典による裏づけは未確認。","zones":[],"dataset":"candidates"}},{"type":"Feature","geometry":{"type":"Point","coordinates":[140.47395,37.434896]},"properties":{"id":"07-c5857ab623","name":"字沼之倉","reading":null,"pref":"福島県","prefCode":"07","municipality":"田村郡三春町","hazardTypes":["slope_failure","rockfall","soft_ground","inundation"],"evidenceLevel":0,"originLevel":0,"hasRecord":false,"recordRelation":null,"status":"current","disputed":false,"precision":"oaza","areaKey":null,"elements":["kura","numa_kata"],"summary":"要素辞書に一致（kura・numa_kata）。出典による裏づけは未確認。","zones":[],"dataset":"candidates"}},{"type":"Feature","geometry":{"type":"Point","coordinates":[140.485096,37.454861]},"properties":{"id":"07-1bcd14f94a","name":"字深田和","reading":null,"pref":"福島県","prefCode":"07","municipality":"田村郡三春町","hazardTypes":["soft_ground","inundation"],"evidenceLevel":0,"originLevel":0,"hasRecord":false,"recordRelation":null,"status":"current","disputed":false,"precision":"oaza","areaKey":null,"elements":["fuke"],"summary":"要素辞書に一致（fuke）。出典による裏づけは未確認。","zones":[],"dataset":"candidates"}},{"type":"Feature","geometry":{"type":"Point","coordinates":[140.487675,37.436666]},"properties":{"id":"07-173163c077","name":"字馬場","reading":null,"pref":"福島県","prefCode":"07","municipality":"田村郡三春町","hazardTypes":["slope_failure"],"evidenceLevel":0,"originLevel":0,"hasRecord":false,"recordRelation":null,"status":"current","disputed":false,"precision":"oaza","areaKey":null,"elements":["baba"],"summary":"要素辞書に一致（baba）。出典による裏づけは未確認。","zones":[],"dataset":"candidates"}},{"type":"Feature","geometry":{"type":"Point","coordinates":[140.610777,37.25452]},"properties":{"id":"07-980ccd07db","name":"梅ノ窪","reading":null,"pref":"福島県","prefCode":"07","municipality":"田村郡小野町","hazardTypes":["landslide","slope_failure","inundation"],"evidenceLevel":0,"originLevel":0,"hasRecord":false,"recordRelation":null,"status":"current","disputed":false,"precision":"koaza","areaKey":null,"elements":["ume","kubo"],"summary":"要素辞書に一致（ume・kubo）。出典による裏づけは未確認。","zones":[],"dataset":"candidates"}},{"type":"Feature","geometry":{"type":"Point","coordinates":[140.664916,37.254532]},"properties":{"id":"07-30964987a7","name":"大字夏井","reading":null,"pref":"福島県","prefCode":"07","municipality":"田村郡小野町","hazardTypes":["debris_flow","slope_failure"],"evidenceLevel":0,"originLevel":0,"hasRecord":false,"recordRelation":null,"status":"current","disputed":false,"precision":"oaza","areaKey":null,"elements":["nazu_natsu"],"summary":"要素辞書に一致（nazu_natsu）。出典による裏づけは未確認。","zones":[],"dataset":"candidates"}},{"type":"Feature","geometry":{"type":"Point","coordinates":[140.655071,37.258279]},"properties":{"id":"07-737a72c42f","name":"夏井","reading":null,"pref":"福島県","prefCode":"07","municipality":"田村郡小野町","hazardTypes":["debris_flow","slope_failure"],"evidenceLevel":0,"originLevel":0,"hasRecord":false,"recordRelation":null,"status":"current","disputed":false,"precision":"koaza","areaKey":null,"elements":["nazu_natsu"],"summary":"要素辞書に一致（nazu_natsu）。出典による裏づけは未確認。","zones":[],"dataset":"candidates"}},{"type":"Feature","geometry":{"type":"Point","coordinates":[140.649091,37.268841]},"properties":{"id":"07-0eec56cf11","name":"川除","reading":null,"pref":"福島県","prefCode":"07","municipality":"田村郡小野町","hazardTypes":["flood"],"evidenceLevel":0,"originLevel":0,"hasRecord":false,"recordRelation":null,"status":"current","disputed":false,"precision":"koaza","areaKey":null,"elements":["kawayoke"],"summary":"要素辞書に一致（kawayoke）。出典による裏づけは未確認。","zones":[],"dataset":"candidates"}},{"type":"Feature","geometry":{"type":"Point","coordinates":[140.577133,37.307207]},"properties":{"id":"07-5f28b8980d","name":"葭作","reading":null,"pref":"福島県","prefCode":"07","municipality":"田村郡小野町","hazardTypes":["landslide","soft_ground"],"evidenceLevel":0,"originLevel":0,"hasRecord":false,"recordRelation":null,"status":"current","disputed":false,"precision":"koaza","areaKey":null,"elements":["wetland_plants"],"summary":"要素辞書に一致（wetland_plants）。出典による裏づけは未確認。","zones":[],"dataset":"candidates"}},{"type":"Feature","geometry":{"type":"Point","coordinates":[140.634421,37.295992]},"properties":{"id":"07-ee7a05e761","name":"大久保","reading":null,"pref":"福島県","prefCode":"07","municipality":"田村郡小野町","hazardTypes":["slope_failure","inundation","landslide"],"evidenceLevel":0,"originLevel":0,"hasRecord":false,"recordRelation":null,"status":"current","disputed":false,"precision":"koaza","areaKey":null,"elements":["afu_oo","kubo"],"summary":"要素辞書に一致（afu_oo・kubo）。出典による裏づけは未確認。","zones":[],"dataset":"candidates"}},{"type":"Feature","geometry":{"type":"Point","coordinates":[140.632438,37.300665]},"properties":{"id":"07-8e6be4feae","name":"大倉","reading":null,"pref":"福島県","prefCode":"07","municipality":"田村郡小野町","hazardTypes":["slope_failure","rockfall"],"evidenceLevel":0,"originLevel":0,"hasRecord":false,"recordRelation":null,"status":"current","disputed":false,"precision":"koaza","areaKey":null,"elements":["kura"],"summary":"要素辞書に一致（kura）。出典による裏づけは未確認。","zones":[],"dataset":"candidates"}},{"type":"Feature","geometry":{"type":"Point","coordinates":[140.594875,37.283909]},"properties":{"id":"07-1c8515f78c","name":"清水入","reading":null,"pref":"福島県","prefCode":"07","municipality":"田村郡小野町","hazardTypes":["inundation"],"evidenceLevel":0,"originLevel":0,"hasRecord":false,"recordRelation":null,"status":"current","disputed":false,"precision":"koaza","areaKey":null,"elements":["mizuiri"],"summary":"要素辞書に一致（mizuiri）。出典による裏づけは未確認。","zones":[],"dataset":"candidates"}},{"type":"Feature","geometry":{"type":"Point","coordinates":[140.593339,37.277209]},"properties":{"id":"07-289e5eb031","name":"大字菖蒲谷","reading":null,"pref":"福島県","prefCode":"07","municipality":"田村郡小野町","hazardTypes":["landslide","soft_ground"],"evidenceLevel":0,"originLevel":0,"hasRecord":false,"recordRelation":null,"status":"current","disputed":false,"precision":"oaza","areaKey":null,"elements":["wetland_plants"],"summary":"要素辞書に一致（wetland_plants）。出典による裏づけは未確認。","zones":[],"dataset":"candidates"}},{"type":"Feature","geometry":{"type":"Point","coordinates":[140.598432,37.26951]},"properties":{"id":"07-c870543249","name":"深田","reading":null,"pref":"福島県","prefCode":"07","municipality":"田村郡小野町","hazardTypes":["soft_ground","inundation"],"evidenceLevel":0,"originLevel":0,"hasRecord":false,"recordRelation":null,"status":"current","disputed":false,"precision":"koaza","areaKey":null,"elements":["fuke"],"summary":"要素辞書に一致（fuke）。出典による裏づけは未確認。","zones":[],"dataset":"candidates"}},{"type":"Feature","geometry":{"type":"Point","coordinates":[140.593906,37.269396]},"properties":{"id":"07-8d6b8d3c54","name":"菖蒲作","reading":null,"pref":"福島県","prefCode":"07","municipality":"田村郡小野町","hazardTypes":["landslide","soft_ground"],"evidenceLevel":0,"originLevel":0,"hasRecord":false,"recordRelation":null,"status":"current","disputed":false,"precision":"koaza","areaKey":null,"elements":["wetland_plants"],"summary":"要素辞書に一致（wetland_plants）。出典による裏づけは未確認。","zones":[],"dataset":"candidates"}},{"type":"Feature","geometry":{"type":"Point","coordinates":[140.592993,37.275168]},"properties":{"id":"07-08c24020f0","name":"鹿島","reading":null,"pref":"福島県","prefCode":"07","municipality":"田村郡小野町","hazardTypes":["landslide","soft_ground"],"evidenceLevel":0,"originLevel":0,"hasRecord":false,"recordRelation":null,"status":"current","disputed":false,"precision":"koaza","areaKey":null,"elements":["shishi"],"summary":"要素辞書に一致（shishi）。出典による裏づけは未確認。","zones":[],"dataset":"candidates"}},{"type":"Feature","geometry":{"type":"Point","coordinates":[140.636228,37.27412]},"properties":{"id":"07-3da47da676","name":"馬場","reading":null,"pref":"福島県","prefCode":"07","municipality":"田村郡小野町","hazardTypes":["slope_failure"],"evidenceLevel":0,"originLevel":0,"hasRecord":false,"recordRelation":null,"status":"current","disputed":false,"precision":"koaza","areaKey":null,"elements":["baba"],"summary":"要素辞書に一致（baba）。出典による裏づけは未確認。","zones":[],"dataset":"candidates"}},{"type":"Feature","geometry":{"type":"Point","coordinates":[140.617789,37.308878]},"properties":{"id":"07-6e9ac86775","name":"柿人","reading":null,"pref":"福島県","prefCode":"07","municipality":"田村郡小野町","hazardTypes":["slope_failure"],"evidenceLevel":0,"originLevel":0,"hasRecord":false,"recordRelation":null,"status":"current","disputed":false,"precision":"koaza","areaKey":null,"elements":["kake"],"summary":"要素辞書に一致（kake）。出典による裏づけは未確認。","zones":[],"dataset":"candidates"}},{"type":"Feature","geometry":{"type":"Point","coordinates":[140.625102,37.315519]},"properties":{"id":"07-b46a3d4c00","name":"根岸","reading":null,"pref":"福島県","prefCode":"07","municipality":"田村郡小野町","hazardTypes":["slope_failure"],"evidenceLevel":0,"originLevel":0,"hasRecord":false,"recordRelation":null,"status":"current","disputed":false,"precision":"koaza","areaKey":null,"elements":["kake"],"summary":"要素辞書に一致（kake）。出典による裏づけは未確認。","zones":[],"dataset":"candidates"}},{"type":"Feature","geometry":{"type":"Point","coordinates":[140.635083,37.338019]},"properties":{"id":"07-6946378c58","name":"梅ノ木畑","reading":null,"pref":"福島県","prefCode":"07","municipality":"田村郡小野町","hazardTypes":["landslide","slope_failure"],"evidenceLevel":0,"originLevel":0,"hasRecord":false,"recordRelation":null,"status":"current","disputed":false,"precision":"koaza","areaKey":null,"elements":["ume"],"summary":"要素辞書に一致（ume）。出典による裏づけは未確認。","zones":[],"dataset":"candidates"}},{"type":"Feature","geometry":{"type":"Point","coordinates":[141.003007,37.219489]},"properties":{"id":"07-4e10f219e7","name":"前川原","reading":null,"pref":"福島県","prefCode":"07","municipality":"双葉郡広野町","hazardTypes":["flood"],"evidenceLevel":0,"originLevel":0,"hasRecord":false,"recordRelation":null,"status":"current","disputed":false,"precision":"koaza","areaKey":null,"elements":["kawara"],"summary":"要素辞書に一致（kawara）。出典による裏づけは未確認。","zones":[],"dataset":"candidates"}},{"type":"Feature","geometry":{"type":"Point","coordinates":[140.985168,37.276314]},"properties":{"id":"07-831ceca06c","name":"中川原","reading":null,"pref":"福島県","prefCode":"07","municipality":"双葉郡楢葉町","hazardTypes":["flood"],"evidenceLevel":0,"originLevel":0,"hasRecord":false,"recordRelation":null,"status":"current","disputed":false,"precision":"koaza","areaKey":null,"elements":["kawara"],"summary":"要素辞書に一致（kawara）。出典による裏づけは未確認。","zones":[],"dataset":"candidates"}},{"type":"Feature","geometry":{"type":"Point","coordinates":[140.983783,37.275228]},"properties":{"id":"07-45bbba6bed","name":"地蔵堂","reading":null,"pref":"福島県","prefCode":"07","municipality":"双葉郡楢葉町","hazardTypes":["slope_failure","rockfall"],"evidenceLevel":0,"originLevel":0,"hasRecord":false,"recordRelation":null,"status":"current","disputed":false,"precision":"koaza","areaKey":null,"elements":["kura"],"summary":"要素辞書に一致（kura）。出典による裏づけは未確認。","zones":[],"dataset":"candidates"}},{"type":"Feature","geometry":{"type":"Point","coordinates":[140.978462,37.276064]},"properties":{"id":"07-f328a10c18","name":"袖山川原","reading":null,"pref":"福島県","prefCode":"07","municipality":"双葉郡楢葉町","hazardTypes":["flood"],"evidenceLevel":0,"originLevel":0,"hasRecord":false,"recordRelation":null,"status":"current","disputed":false,"precision":"koaza","areaKey":null,"elements":["kawara"],"summary":"要素辞書に一致（kawara）。出典による裏づけは未確認。","zones":[],"dataset":"candidates"}},{"type":"Feature","geometry":{"type":"Point","coordinates":[140.986458,37.269256]},"properties":{"id":"07-e1aa395394","name":"馬場前","reading":null,"pref":"福島県","prefCode":"07","municipality":"双葉郡楢葉町","hazardTypes":["slope_failure"],"evidenceLevel":0,"originLevel":0,"hasRecord":false,"recordRelation":null,"status":"current","disputed":false,"precision":"koaza","areaKey":null,"elements":["baba"],"summary":"要素辞書に一致（baba）。出典による裏づけは未確認。","zones":[],"dataset":"candidates"}},{"type":"Feature","geometry":{"type":"Point","coordinates":[140.994583,37.272436]},"properties":{"id":"07-483a0c5267","name":"仲川原","reading":null,"pref":"福島県","prefCode":"07","municipality":"双葉郡楢葉町","hazardTypes":["flood"],"evidenceLevel":0,"originLevel":0,"hasRecord":false,"recordRelation":null,"status":"current","disputed":false,"precision":"koaza","areaKey":null,"elements":["kawara"],"summary":"要素辞書に一致（kawara）。出典による裏づけは未確認。","zones":[],"dataset":"candidates"}},{"type":"Feature","geometry":{"type":"Point","coordinates":[140.993683,37.264788]},"properties":{"id":"07-e28a71174b","name":"大倉平","reading":null,"pref":"福島県","prefCode":"07","municipality":"双葉郡楢葉町","hazardTypes":["slope_failure","rockfall"],"evidenceLevel":0,"originLevel":0,"hasRecord":false,"recordRelation":null,"status":"current","disputed":false,"precision":"koaza","areaKey":null,"elements":["kura"],"summary":"要素辞書に一致（kura）。出典による裏づけは未確認。","zones":[],"dataset":"candidates"}},{"type":"Feature","geometry":{"type":"Point","coordinates":[140.998094,37.287903]},"properties":{"id":"07-a450f297b3","name":"小豆田","reading":null,"pref":"福島県","prefCode":"07","municipality":"双葉郡楢葉町","hazardTypes":["debris_flow","slope_failure"],"evidenceLevel":0,"originLevel":0,"hasRecord":false,"recordRelation":null,"status":"current","disputed":false,"precision":"koaza","areaKey":null,"elements":["azu"],"summary":"要素辞書に一致（azu）。出典による裏づけは未確認。","zones":[],"dataset":"candidates"}},{"type":"Feature","geometry":{"type":"Point","coordinates":[140.979399,37.29473]},"properties":{"id":"07-2827363152","name":"鹿島","reading":null,"pref":"福島県","prefCode":"07","municipality":"双葉郡楢葉町","hazardTypes":["landslide","soft_ground"],"evidenceLevel":0,"originLevel":0,"hasRecord":false,"recordRelation":null,"status":"current","disputed":false,"precision":"koaza","areaKey":null,"elements":["shishi"],"summary":"要素辞書に一致（shishi）。出典による裏づけは未確認。","zones":[],"dataset":"candidates"}},{"type":"Feature","geometry":{"type":"Point","coordinates":[141.001343,37.268675]},"properties":{"id":"07-f27f644e70","name":"金剛川原","reading":null,"pref":"福島県","prefCode":"07","municipality":"双葉郡楢葉町","hazardTypes":["flood"],"evidenceLevel":0,"originLevel":0,"hasRecord":false,"recordRelation":null,"status":"current","disputed":false,"precision":"koaza","areaKey":null,"elements":["kawara"],"summary":"要素辞書に一致（kawara）。出典による裏づけは未確認。","zones":[],"dataset":"candidates"}},{"type":"Feature","geometry":{"type":"Point","coordinates":[141.01583,37.305302]},"properties":{"id":"07-c87c2e4be1","name":"大字波倉","reading":null,"pref":"福島県","prefCode":"07","municipality":"双葉郡楢葉町","hazardTypes":["slope_failure","rockfall"],"evidenceLevel":0,"originLevel":0,"hasRecord":false,"recordRelation":null,"status":"current","disputed":false,"precision":"oaza","areaKey":null,"elements":["kura"],"summary":"要素辞書に一致（kura）。出典による裏づけは未確認。","zones":[],"dataset":"candidates"}},{"type":"Feature","geometry":{"type":"Point","coordinates":[140.973856,37.356542]},"properties":{"id":"07-c42c7d1fb3","name":"前川原","reading":null,"pref":"福島県","prefCode":"07","municipality":"双葉郡富岡町","hazardTypes":["flood"],"evidenceLevel":0,"originLevel":0,"hasRecord":false,"recordRelation":null,"status":"current","disputed":false,"precision":"koaza","areaKey":null,"elements":["kawara"],"summary":"要素辞書に一致（kawara）。出典による裏づけは未確認。","zones":[],"dataset":"candidates"}},{"type":"Feature","geometry":{"type":"Point","coordinates":[140.960288,37.3652]},"properties":{"id":"07-ed9283b2e4","name":"大木戸川原","reading":null,"pref":"福島県","prefCode":"07","municipality":"双葉郡富岡町","hazardTypes":["flood"],"evidenceLevel":0,"originLevel":0,"hasRecord":false,"recordRelation":null,"status":"current","disputed":false,"precision":"koaza","areaKey":null,"elements":["kawara"],"summary":"要素辞書に一致（kawara）。出典による裏づけは未確認。","zones":[],"dataset":"candidates"}},{"type":"Feature","geometry":{"type":"Point","coordinates":[140.953592,37.364368]},"properties":{"id":"07-0ea744d743","name":"片倉","reading":null,"pref":"福島県","prefCode":"07","municipality":"双葉郡富岡町","hazardTypes":["slope_failure","rockfall"],"evidenceLevel":0,"originLevel":0,"hasRecord":false,"recordRelation":null,"status":"current","disputed":false,"precision":"koaza","areaKey":null,"elements":["kura"],"summary":"要素辞書に一致（kura）。出典による裏づけは未確認。","zones":[],"dataset":"candidates"}},{"type":"Feature","geometry":{"type":"Point","coordinates":[140.987166,37.37435]},"properties":{"id":"07-cb53604951","name":"大字大菅","reading":null,"pref":"福島県","prefCode":"07","municipality":"双葉郡富岡町","hazardTypes":["landslide","soft_ground"],"evidenceLevel":0,"originLevel":0,"hasRecord":false,"recordRelation":null,"status":"current","disputed":false,"precision":"oaza","areaKey":null,"elements":["wetland_plants"],"summary":"要素辞書に一致（wetland_plants）。出典による裏づけは未確認。","zones":[],"dataset":"candidates"}},{"type":"Feature","geometry":{"type":"Point","coordinates":[140.983493,37.375069]},"properties":{"id":"07-91b547cd3c","name":"蛇谷須","reading":null,"pref":"福島県","prefCode":"07","municipality":"双葉郡富岡町","hazardTypes":["slope_failure","debris_flow"],"evidenceLevel":0,"originLevel":0,"hasRecord":false,"recordRelation":null,"status":"current","disputed":false,"precision":"koaza","areaKey":null,"elements":["ja"],"summary":"要素辞書に一致（ja）。出典による裏づけは未確認。","zones":[],"dataset":"candidates"}},{"type":"Feature","geometry":{"type":"Point","coordinates":[140.928689,37.387418]},"properties":{"id":"07-57752b8275","name":"大字大川原","reading":null,"pref":"福島県","prefCode":"07","municipality":"双葉郡大熊町","hazardTypes":["flood"],"evidenceLevel":0,"originLevel":0,"hasRecord":false,"recordRelation":null,"status":"current","disputed":false,"precision":"oaza","areaKey":null,"elements":["kawara"],"summary":"要素辞書に一致（kawara）。出典による裏づけは未確認。","zones":[],"dataset":"candidates"}},{"type":"Feature","geometry":{"type":"Point","coordinates":[141.006618,37.425372]},"properties":{"id":"07-c2c47af68a","name":"長者原","reading":null,"pref":"福島県","prefCode":"07","municipality":"双葉郡大熊町","hazardTypes":["slope_failure"],"evidenceLevel":0,"originLevel":0,"hasRecord":false,"recordRelation":null,"status":"current","disputed":false,"precision":"koaza","areaKey":null,"elements":["tsubu_chou"],"summary":"要素辞書に一致（tsubu_chou）。出典による裏づけは未確認。","zones":[],"dataset":"candidates"}},{"type":"Feature","geometry":{"type":"Point","coordinates":[140.97582,37.449021]},"properties":{"id":"07-1694adf045","name":"保手倉","reading":null,"pref":"福島県","prefCode":"07","municipality":"双葉郡双葉町","hazardTypes":["slope_failure","rockfall"],"evidenceLevel":0,"originLevel":0,"hasRecord":false,"recordRelation":null,"status":"current","disputed":false,"precision":"koaza","areaKey":null,"elements":["kura"],"summary":"要素辞書に一致（kura）。出典による裏づけは未確認。","zones":[],"dataset":"candidates"}},{"type":"Feature","geometry":{"type":"Point","coordinates":[140.981081,37.453668]},"properties":{"id":"07-5ec13a31ba","name":"猿田沖","reading":null,"pref":"福島県","prefCode":"07","municipality":"双葉郡双葉町","hazardTypes":["slope_failure"],"evidenceLevel":0,"originLevel":0,"hasRecord":false,"recordRelation":null,"status":"current","disputed":false,"precision":"koaza","areaKey":null,"elements":["saru"],"summary":"要素辞書に一致（saru）。出典による裏づけは未確認。","zones":[],"dataset":"candidates"}},{"type":"Feature","geometry":{"type":"Point","coordinates":[140.997351,37.454134]},"properties":{"id":"07-1aae1a466d","name":"南菅町","reading":null,"pref":"福島県","prefCode":"07","municipality":"双葉郡双葉町","hazardTypes":["landslide","soft_ground"],"evidenceLevel":0,"originLevel":0,"hasRecord":false,"recordRelation":null,"status":"current","disputed":false,"precision":"koaza","areaKey":null,"elements":["wetland_plants"],"summary":"要素辞書に一致（wetland_plants）。出典による裏づけは未確認。","zones":[],"dataset":"candidates"}},{"type":"Feature","geometry":{"type":"Point","coordinates":[140.991612,37.449055]},"properties":{"id":"07-4cc25d5e60","name":"川原迫","reading":null,"pref":"福島県","prefCode":"07","municipality":"双葉郡双葉町","hazardTypes":["flood"],"evidenceLevel":0,"originLevel":0,"hasRecord":false,"recordRelation":null,"status":"current","disputed":false,"precision":"koaza","areaKey":null,"elements":["kawara"],"summary":"要素辞書に一致（kawara）。出典による裏づけは未確認。","zones":[],"dataset":"candidates"}},{"type":"Feature","geometry":{"type":"Point","coordinates":[141.035636,37.463723]},"properties":{"id":"07-65517cf890","name":"南川原","reading":null,"pref":"福島県","prefCode":"07","municipality":"双葉郡双葉町","hazardTypes":["flood"],"evidenceLevel":0,"originLevel":0,"hasRecord":false,"recordRelation":null,"status":"current","disputed":false,"precision":"koaza","areaKey":null,"elements":["kawara"],"summary":"要素辞書に一致（kawara）。出典による裏づけは未確認。","zones":[],"dataset":"candidates"}},{"type":"Feature","geometry":{"type":"Point","coordinates":[141.034339,37.463678]},"properties":{"id":"07-32ccc21d5e","name":"西川原","reading":null,"pref":"福島県","prefCode":"07","municipality":"双葉郡双葉町","hazardTypes":["flood"],"evidenceLevel":0,"originLevel":0,"hasRecord":false,"recordRelation":null,"status":"current","disputed":false,"precision":"koaza","areaKey":null,"elements":["kawara"],"summary":"要素辞書に一致（kawara）。出典による裏づけは未確認。","zones":[],"dataset":"candidates"}},{"type":"Feature","geometry":{"type":"Point","coordinates":[141.01237,37.463876]},"properties":{"id":"07-276c726858","name":"北芹川","reading":null,"pref":"福島県","prefCode":"07","municipality":"双葉郡双葉町","hazardTypes":["landslide","soft_ground"],"evidenceLevel":0,"originLevel":0,"hasRecord":false,"recordRelation":null,"status":"current","disputed":false,"precision":"koaza","areaKey":null,"elements":["wetland_plants"],"summary":"要素辞書に一致（wetland_plants）。出典による裏づけは未確認。","zones":[],"dataset":"candidates"}},{"type":"Feature","geometry":{"type":"Point","coordinates":[141.000894,37.44043]},"properties":{"id":"07-5d510d7001","name":"下川原","reading":null,"pref":"福島県","prefCode":"07","municipality":"双葉郡双葉町","hazardTypes":["flood"],"evidenceLevel":0,"originLevel":0,"hasRecord":false,"recordRelation":null,"status":"current","disputed":false,"precision":"koaza","areaKey":null,"elements":["kawara"],"summary":"要素辞書に一致（kawara）。出典による裏づけは未確認。","zones":[],"dataset":"candidates"}},{"type":"Feature","geometry":{"type":"Point","coordinates":[141.000054,37.440594]},"properties":{"id":"07-c87f2153c9","name":"前川原","reading":null,"pref":"福島県","prefCode":"07","municipality":"双葉郡双葉町","hazardTypes":["flood"],"evidenceLevel":0,"originLevel":0,"hasRecord":false,"recordRelation":null,"status":"current","disputed":false,"precision":"koaza","areaKey":null,"elements":["kawara"],"summary":"要素辞書に一致（kawara）。出典による裏づけは未確認。","zones":[],"dataset":"candidates"}},{"type":"Feature","geometry":{"type":"Point","coordinates":[140.990006,37.424452]},"properties":{"id":"07-666fb91162","name":"柿木平","reading":null,"pref":"福島県","prefCode":"07","municipality":"双葉郡双葉町","hazardTypes":["slope_failure"],"evidenceLevel":0,"originLevel":0,"hasRecord":false,"recordRelation":null,"status":"current","disputed":false,"precision":"koaza","areaKey":null,"elements":["kake"],"summary":"要素辞書に一致（kake）。出典による裏づけは未確認。","zones":[],"dataset":"candidates"}},{"type":"Feature","geometry":{"type":"Point","coordinates":[140.974592,37.431243]},"properties":{"id":"07-5da10caac3","name":"鹿島平","reading":null,"pref":"福島県","prefCode":"07","municipality":"双葉郡双葉町","hazardTypes":["landslide","soft_ground"],"evidenceLevel":0,"originLevel":0,"hasRecord":false,"recordRelation":null,"status":"current","disputed":false,"precision":"koaza","areaKey":null,"elements":["shishi"],"summary":"要素辞書に一致（shishi）。出典による裏づけは未確認。","zones":[],"dataset":"candidates"}},{"type":"Feature","geometry":{"type":"Point","coordinates":[140.968082,37.455361]},"properties":{"id":"07-51f6f57520","name":"大字松倉","reading":null,"pref":"福島県","prefCode":"07","municipality":"双葉郡双葉町","hazardTypes":["slope_failure","rockfall"],"evidenceLevel":0,"originLevel":0,"hasRecord":false,"recordRelation":null,"status":"current","disputed":false,"precision":"oaza","areaKey":null,"elements":["kura"],"summary":"要素辞書に一致（kura）。出典による裏づけは未確認。","zones":[],"dataset":"candidates"}},{"type":"Feature","geometry":{"type":"Point","coordinates":[141.035188,37.455298]},"properties":{"id":"07-dd6bc72e98","name":"北磯坂","reading":null,"pref":"福島県","prefCode":"07","municipality":"双葉郡双葉町","hazardTypes":["rockfall","debris_flow"],"evidenceLevel":0,"originLevel":0,"hasRecord":false,"recordRelation":null,"status":"current","disputed":false,"precision":"koaza","areaKey":null,"elements":["iso_ishi"],"summary":"要素辞書に一致（iso_ishi）。出典による裏づけは未確認。","zones":[],"dataset":"candidates"}},{"type":"Feature","geometry":{"type":"Point","coordinates":[141.030214,37.450948]},"properties":{"id":"07-1c4e0b8625","name":"馬場","reading":null,"pref":"福島県","prefCode":"07","municipality":"双葉郡双葉町","hazardTypes":["slope_failure"],"evidenceLevel":0,"originLevel":0,"hasRecord":false,"recordRelation":null,"status":"current","disputed":false,"precision":"koaza","areaKey":null,"elements":["baba"],"summary":"要素辞書に一致（baba）。出典による裏づけは未確認。","zones":[],"dataset":"candidates"}},{"type":"Feature","geometry":{"type":"Point","coordinates":[141.027556,37.447333]},"properties":{"id":"07-81b8c5c81a","name":"鹿島原","reading":null,"pref":"福島県","prefCode":"07","municipality":"双葉郡双葉町","hazardTypes":["landslide","soft_ground"],"evidenceLevel":0,"originLevel":0,"hasRecord":false,"recordRelation":null,"status":"current","disputed":false,"precision":"koaza","areaKey":null,"elements":["shishi"],"summary":"要素辞書に一致（shishi）。出典による裏づけは未確認。","zones":[],"dataset":"candidates"}},{"type":"Feature","geometry":{"type":"Point","coordinates":[141.006466,37.471578]},"properties":{"id":"07-47f275c49b","name":"川原田","reading":null,"pref":"福島県","prefCode":"07","municipality":"双葉郡双葉町","hazardTypes":["flood"],"evidenceLevel":0,"originLevel":0,"hasRecord":false,"recordRelation":null,"status":"current","disputed":false,"precision":"koaza","areaKey":null,"elements":["kawara"],"summary":"要素辞書に一致（kawara）。出典による裏づけは未確認。","zones":[],"dataset":"candidates"}},{"type":"Feature","geometry":{"type":"Point","coordinates":[140.946652,37.465887]},"properties":{"id":"07-f0b7f9465a","name":"北川原","reading":null,"pref":"福島県","prefCode":"07","municipality":"双葉郡浪江町","hazardTypes":["flood"],"evidenceLevel":0,"originLevel":0,"hasRecord":false,"recordRelation":null,"status":"current","disputed":false,"precision":"koaza","areaKey":null,"elements":["kawara"],"summary":"要素辞書に一致（kawara）。出典による裏づけは未確認。","zones":[],"dataset":"candidates"}},{"type":"Feature","geometry":{"type":"Point","coordinates":[140.955785,37.472773]},"properties":{"id":"07-a9b2c8c5ae","name":"大円川原","reading":null,"pref":"福島県","prefCode":"07","municipality":"双葉郡浪江町","hazardTypes":["flood"],"evidenceLevel":0,"originLevel":0,"hasRecord":false,"recordRelation":null,"status":"current","disputed":false,"precision":"koaza","areaKey":null,"elements":["kawara"],"summary":"要素辞書に一致（kawara）。出典による裏づけは未確認。","zones":[],"dataset":"candidates"}},{"type":"Feature","geometry":{"type":"Point","coordinates":[140.933108,37.469348]},"properties":{"id":"07-eb43bbbe6f","name":"大高倉","reading":null,"pref":"福島県","prefCode":"07","municipality":"双葉郡浪江町","hazardTypes":["slope_failure","rockfall"],"evidenceLevel":0,"originLevel":0,"hasRecord":false,"recordRelation":null,"status":"current","disputed":false,"precision":"koaza","areaKey":null,"elements":["kura"],"summary":"要素辞書に一致（kura）。出典による裏づけは未確認。","zones":[],"dataset":"candidates"}},{"type":"Feature","geometry":{"type":"Point","coordinates":[140.944691,37.458888]},"properties":{"id":"07-0eebd6f6bf","name":"小星倉","reading":null,"pref":"福島県","prefCode":"07","municipality":"双葉郡浪江町","hazardTypes":["slope_failure","rockfall"],"evidenceLevel":0,"originLevel":0,"hasRecord":false,"recordRelation":null,"status":"current","disputed":false,"precision":"koaza","areaKey":null,"elements":["kura"],"summary":"要素辞書に一致（kura）。出典による裏づけは未確認。","zones":[],"dataset":"candidates"}},{"type":"Feature","geometry":{"type":"Point","coordinates":[140.950033,37.465155]},"properties":{"id":"07-9dbccd43f6","name":"猿田","reading":null,"pref":"福島県","prefCode":"07","municipality":"双葉郡浪江町","hazardTypes":["slope_failure"],"evidenceLevel":0,"originLevel":0,"hasRecord":false,"recordRelation":null,"status":"current","disputed":false,"precision":"koaza","areaKey":null,"elements":["saru"],"summary":"要素辞書に一致（saru）。出典による裏づけは未確認。","zones":[],"dataset":"candidates"}},{"type":"Feature","geometry":{"type":"Point","coordinates":[140.942289,37.463648]},"properties":{"id":"07-c121816b88","name":"高倉","reading":null,"pref":"福島県","prefCode":"07","municipality":"双葉郡浪江町","hazardTypes":["slope_failure","rockfall"],"evidenceLevel":0,"originLevel":0,"hasRecord":false,"recordRelation":null,"status":"current","disputed":false,"precision":"koaza","areaKey":null,"elements":["kura"],"summary":"要素辞書に一致（kura）。出典による裏づけは未確認。","zones":[],"dataset":"candidates"}},{"type":"Feature","geometry":{"type":"Point","coordinates":[140.960747,37.497253]},"properties":{"id":"07-ebc88904a7","name":"大字加倉","reading":null,"pref":"福島県","prefCode":"07","municipality":"双葉郡浪江町","hazardTypes":["slope_failure","rockfall"],"evidenceLevel":0,"originLevel":0,"hasRecord":false,"recordRelation":null,"status":"current","disputed":false,"precision":"oaza","areaKey":null,"elements":["kura"],"summary":"要素辞書に一致（kura）。出典による裏づけは未確認。","zones":[],"dataset":"candidates"}},{"type":"Feature","geometry":{"type":"Point","coordinates":[140.966517,37.497944]},"properties":{"id":"07-891edfd9df","name":"下加倉","reading":null,"pref":"福島県","prefCode":"07","municipality":"双葉郡浪江町","hazardTypes":["slope_failure","rockfall"],"evidenceLevel":0,"originLevel":0,"hasRecord":false,"recordRelation":null,"status":"current","disputed":false,"precision":"koaza","areaKey":null,"elements":["kura"],"summary":"要素辞書に一致（kura）。出典による裏づけは未確認。","zones":[],"dataset":"candidates"}},{"type":"Feature","geometry":{"type":"Point","coordinates":[140.965004,37.501959]},"properties":{"id":"07-2e1bf8a36a","name":"川原","reading":null,"pref":"福島県","prefCode":"07","municipality":"双葉郡浪江町","hazardTypes":["flood"],"evidenceLevel":0,"originLevel":0,"hasRecord":false,"recordRelation":null,"status":"current","disputed":false,"precision":"koaza","areaKey":null,"elements":["kawara"],"summary":"要素辞書に一致（kawara）。出典による裏づけは未確認。","zones":[],"dataset":"candidates"}},{"type":"Feature","geometry":{"type":"Point","coordinates":[140.964225,37.494522]},"properties":{"id":"07-d860f8024a","name":"目倉沢","reading":null,"pref":"福島県","prefCode":"07","municipality":"双葉郡浪江町","hazardTypes":["slope_failure","rockfall"],"evidenceLevel":0,"originLevel":0,"hasRecord":false,"recordRelation":null,"status":"current","disputed":false,"precision":"koaza","areaKey":null,"elements":["kura"],"summary":"要素辞書に一致（kura）。出典による裏づけは未確認。","zones":[],"dataset":"candidates"}},{"type":"Feature","geometry":{"type":"Point","coordinates":[140.954861,37.498082]},"properties":{"id":"07-0a0fdb2e60","name":"馬場内","reading":null,"pref":"福島県","prefCode":"07","municipality":"双葉郡浪江町","hazardTypes":["slope_failure"],"evidenceLevel":0,"originLevel":0,"hasRecord":false,"recordRelation":null,"status":"current","disputed":false,"precision":"koaza","areaKey":null,"elements":["baba"],"summary":"要素辞書に一致（baba）。出典による裏づけは未確認。","zones":[],"dataset":"candidates"}},{"type":"Feature","geometry":{"type":"Point","coordinates":[141.014745,37.496993]},"properties":{"id":"07-0e46132488","name":"羽場","reading":null,"pref":"福島県","prefCode":"07","municipality":"双葉郡浪江町","hazardTypes":["erosion","slope_failure"],"evidenceLevel":0,"originLevel":0,"hasRecord":false,"recordRelation":null,"status":"current","disputed":false,"precision":"koaza","areaKey":null,"elements":["haba"],"summary":"要素辞書に一致（haba）。出典による裏づけは未確認。","zones":[],"dataset":"candidates"}},{"type":"Feature","geometry":{"type":"Point","coordinates":[141.014559,37.495953]},"properties":{"id":"07-14dfaef71e","name":"羽場下","reading":null,"pref":"福島県","prefCode":"07","municipality":"双葉郡浪江町","hazardTypes":["erosion","slope_failure"],"evidenceLevel":0,"originLevel":0,"hasRecord":false,"recordRelation":null,"status":"current","disputed":false,"precision":"koaza","areaKey":null,"elements":["haba"],"summary":"要素辞書に一致（haba）。出典による裏づけは未確認。","zones":[],"dataset":"candidates"}},{"type":"Feature","geometry":{"type":"Point","coordinates":[140.929508,37.503713]},"properties":{"id":"07-25d7630845","name":"金ケ倉","reading":null,"pref":"福島県","prefCode":"07","municipality":"双葉郡浪江町","hazardTypes":["slope_failure","rockfall"],"evidenceLevel":0,"originLevel":0,"hasRecord":false,"recordRelation":null,"status":"current","disputed":false,"precision":"koaza","areaKey":null,"elements":["kura"],"summary":"要素辞書に一致（kura）。出典による裏づけは未確認。","zones":[],"dataset":"candidates"}},{"type":"Feature","geometry":{"type":"Point","coordinates":[140.963124,37.477907]},"properties":{"id":"07-96f3d4f9a2","name":"下川原","reading":null,"pref":"福島県","prefCode":"07","municipality":"双葉郡浪江町","hazardTypes":["flood"],"evidenceLevel":0,"originLevel":0,"hasRecord":false,"recordRelation":null,"status":"current","disputed":false,"precision":"koaza","areaKey":null,"elements":["kawara"],"summary":"要素辞書に一致（kawara）。出典による裏づけは未確認。","zones":[],"dataset":"candidates"}},{"type":"Feature","geometry":{"type":"Point","coordinates":[140.972131,37.495523]},"properties":{"id":"07-e3e292b915","name":"上加倉","reading":null,"pref":"福島県","prefCode":"07","municipality":"双葉郡浪江町","hazardTypes":["slope_failure","rockfall"],"evidenceLevel":0,"originLevel":0,"hasRecord":false,"recordRelation":null,"status":"current","disputed":false,"precision":"koaza","areaKey":null,"elements":["kura"],"summary":"要素辞書に一致（kura）。出典による裏づけは未確認。","zones":[],"dataset":"candidates"}},{"type":"Feature","geometry":{"type":"Point","coordinates":[140.983057,37.49332]},"properties":{"id":"07-8f1e62e236","name":"蔵前","reading":null,"pref":"福島県","prefCode":"07","municipality":"双葉郡浪江町","hazardTypes":["slope_failure","rockfall"],"evidenceLevel":0,"originLevel":0,"hasRecord":false,"recordRelation":null,"status":"current","disputed":false,"precision":"koaza","areaKey":null,"elements":["kura"],"summary":"要素辞書に一致（kura）。出典による裏づけは未確認。","zones":[],"dataset":"candidates"}},{"type":"Feature","geometry":{"type":"Point","coordinates":[140.982387,37.494241]},"properties":{"id":"07-8bfdc3ccd4","name":"蔵西","reading":null,"pref":"福島県","prefCode":"07","municipality":"双葉郡浪江町","hazardTypes":["slope_failure","rockfall"],"evidenceLevel":0,"originLevel":0,"hasRecord":false,"recordRelation":null,"status":"current","disputed":false,"precision":"koaza","areaKey":null,"elements":["kura"],"summary":"要素辞書に一致（kura）。出典による裏づけは未確認。","zones":[],"dataset":"candidates"}},{"type":"Feature","geometry":{"type":"Point","coordinates":[141.031007,37.490281]},"properties":{"id":"07-da4483cc77","name":"中舛倉","reading":null,"pref":"福島県","prefCode":"07","municipality":"双葉郡浪江町","hazardTypes":["slope_failure","rockfall"],"evidenceLevel":0,"originLevel":0,"hasRecord":false,"recordRelation":null,"status":"current","disputed":false,"precision":"koaza","areaKey":null,"elements":["kura"],"summary":"要素辞書に一致（kura）。出典による裏づけは未確認。","zones":[],"dataset":"candidates"}},{"type":"Feature","geometry":{"type":"Point","coordinates":[141.038465,37.49054]},"properties":{"id":"07-8ee2f8b316","name":"南川原","reading":null,"pref":"福島県","prefCode":"07","municipality":"双葉郡浪江町","hazardTypes":["flood"],"evidenceLevel":0,"originLevel":0,"hasRecord":false,"recordRelation":null,"status":"current","disputed":false,"precision":"koaza","areaKey":null,"elements":["kawara"],"summary":"要素辞書に一致（kawara）。出典による裏づけは未確認。","zones":[],"dataset":"candidates"}},{"type":"Feature","geometry":{"type":"Point","coordinates":[141.034508,37.493374]},"properties":{"id":"07-64671c5210","name":"古川","reading":null,"pref":"福島県","prefCode":"07","municipality":"双葉郡浪江町","hazardTypes":["flood","inundation"],"evidenceLevel":0,"originLevel":0,"hasRecord":false,"recordRelation":null,"status":"current","disputed":false,"precision":"koaza","areaKey":null,"elements":["furukawa"],"summary":"要素辞書に一致（furukawa）。出典による裏づけは未確認。","zones":[],"dataset":"candidates"}},{"type":"Feature","geometry":{"type":"Point","coordinates":[141.020895,37.501928]},"properties":{"id":"07-00dd33e453","name":"鹿屋敷","reading":null,"pref":"福島県","prefCode":"07","municipality":"双葉郡浪江町","hazardTypes":["landslide","soft_ground"],"evidenceLevel":0,"originLevel":0,"hasRecord":false,"recordRelation":null,"status":"current","disputed":false,"precision":"koaza","areaKey":null,"elements":["shishi"],"summary":"要素辞書に一致（shishi）。出典による裏づけは未確認。","zones":[],"dataset":"candidates"}},{"type":"Feature","geometry":{"type":"Point","coordinates":[140.995529,37.485902]},"properties":{"id":"07-bca1761419","name":"内田","reading":null,"pref":"福島県","prefCode":"07","municipality":"双葉郡浪江町","hazardTypes":["debris_flow","flood"],"evidenceLevel":0,"originLevel":0,"hasRecord":false,"recordRelation":null,"status":"current","disputed":false,"precision":"koaza","areaKey":null,"elements":["uchide"],"summary":"要素辞書に一致（uchide）。出典による裏づけは未確認。","zones":[],"dataset":"candidates"}},{"type":"Feature","geometry":{"type":"Point","coordinates":[140.989014,37.497213]},"properties":{"id":"07-8e27897b0d","name":"上川原","reading":null,"pref":"福島県","prefCode":"07","municipality":"双葉郡浪江町","hazardTypes":["flood"],"evidenceLevel":0,"originLevel":0,"hasRecord":false,"recordRelation":null,"status":"current","disputed":false,"precision":"koaza","areaKey":null,"elements":["kawara"],"summary":"要素辞書に一致（kawara）。出典による裏づけは未確認。","zones":[],"dataset":"candidates"}},{"type":"Feature","geometry":{"type":"Point","coordinates":[140.996094,37.492796]},"properties":{"id":"07-1cac93149a","name":"上蔵役目","reading":null,"pref":"福島県","prefCode":"07","municipality":"双葉郡浪江町","hazardTypes":["slope_failure","rockfall"],"evidenceLevel":0,"originLevel":0,"hasRecord":false,"recordRelation":null,"status":"current","disputed":false,"precision":"koaza","areaKey":null,"elements":["kura"],"summary":"要素辞書に一致（kura）。出典による裏づけは未確認。","zones":[],"dataset":"candidates"}},{"type":"Feature","geometry":{"type":"Point","coordinates":[140.998101,37.493351]},"properties":{"id":"07-03d799421d","name":"下蔵役目","reading":null,"pref":"福島県","prefCode":"07","municipality":"双葉郡浪江町","hazardTypes":["slope_failure","rockfall"],"evidenceLevel":0,"originLevel":0,"hasRecord":false,"recordRelation":null,"status":"current","disputed":false,"precision":"koaza","areaKey":null,"elements":["kura"],"summary":"要素辞書に一致（kura）。出典による裏づけは未確認。","zones":[],"dataset":"candidates"}},{"type":"Feature","geometry":{"type":"Point","coordinates":[140.992211,37.496338]},"properties":{"id":"07-db0dbb1387","name":"中川原","reading":null,"pref":"福島県","prefCode":"07","municipality":"双葉郡浪江町","hazardTypes":["flood"],"evidenceLevel":0,"originLevel":0,"hasRecord":false,"recordRelation":null,"status":"current","disputed":false,"precision":"koaza","areaKey":null,"elements":["kawara"],"summary":"要素辞書に一致（kawara）。出典による裏づけは未確認。","zones":[],"dataset":"candidates"}},{"type":"Feature","geometry":{"type":"Point","coordinates":[140.992534,37.494268]},"properties":{"id":"07-d6b8ab20d8","name":"北深町","reading":null,"pref":"福島県","prefCode":"07","municipality":"双葉郡浪江町","hazardTypes":["soft_ground","inundation"],"evidenceLevel":0,"originLevel":0,"hasRecord":false,"recordRelation":null,"status":"current","disputed":false,"precision":"koaza","areaKey":null,"elements":["fuke"],"summary":"要素辞書に一致（fuke）。出典による裏づけは未確認。","zones":[],"dataset":"candidates"}},{"type":"Feature","geometry":{"type":"Point","coordinates":[140.98465,37.500944]},"properties":{"id":"07-54746530f8","name":"北順礼川原","reading":null,"pref":"福島県","prefCode":"07","municipality":"双葉郡浪江町","hazardTypes":["flood"],"evidenceLevel":0,"originLevel":0,"hasRecord":false,"recordRelation":null,"status":"current","disputed":false,"precision":"koaza","areaKey":null,"elements":["kawara"],"summary":"要素辞書に一致（kawara）。出典による裏づけは未確認。","zones":[],"dataset":"candidates"}},{"type":"Feature","geometry":{"type":"Point","coordinates":[140.992407,37.493264]},"properties":{"id":"07-a9624601d6","name":"南深町","reading":null,"pref":"福島県","prefCode":"07","municipality":"双葉郡浪江町","hazardTypes":["soft_ground","inundation"],"evidenceLevel":0,"originLevel":0,"hasRecord":false,"recordRelation":null,"status":"current","disputed":false,"precision":"koaza","areaKey":null,"elements":["fuke"],"summary":"要素辞書に一致（fuke）。出典による裏づけは未確認。","zones":[],"dataset":"candidates"}},{"type":"Feature","geometry":{"type":"Point","coordinates":[140.98425,37.498239]},"properties":{"id":"07-3439b5924d","name":"順礼川原","reading":null,"pref":"福島県","prefCode":"07","municipality":"双葉郡浪江町","hazardTypes":["flood"],"evidenceLevel":0,"originLevel":0,"hasRecord":false,"recordRelation":null,"status":"current","disputed":false,"precision":"koaza","areaKey":null,"elements":["kawara"],"summary":"要素辞書に一致（kawara）。出典による裏づけは未確認。","zones":[],"dataset":"candidates"}},{"type":"Feature","geometry":{"type":"Point","coordinates":[140.943198,37.519808]},"properties":{"id":"07-9e3a1e619c","name":"根岸","reading":null,"pref":"福島県","prefCode":"07","municipality":"双葉郡浪江町","hazardTypes":["slope_failure"],"evidenceLevel":0,"originLevel":0,"hasRecord":false,"recordRelation":null,"status":"current","disputed":false,"precision":"koaza","areaKey":null,"elements":["kake"],"summary":"要素辞書に一致（kake）。出典による裏づけは未確認。","zones":[],"dataset":"candidates"}},{"type":"Feature","geometry":{"type":"Point","coordinates":[140.932158,37.522189]},"properties":{"id":"07-17d8d6f544","name":"関ノ倉","reading":null,"pref":"福島県","prefCode":"07","municipality":"双葉郡浪江町","hazardTypes":["slope_failure","rockfall"],"evidenceLevel":0,"originLevel":0,"hasRecord":false,"recordRelation":null,"status":"current","disputed":false,"precision":"koaza","areaKey":null,"elements":["kura"],"summary":"要素辞書に一致（kura）。出典による裏づけは未確認。","zones":[],"dataset":"candidates"}},{"type":"Feature","geometry":{"type":"Point","coordinates":[140.954648,37.506957]},"properties":{"id":"07-c36384b7c9","name":"鹿畑","reading":null,"pref":"福島県","prefCode":"07","municipality":"双葉郡浪江町","hazardTypes":["landslide","soft_ground"],"evidenceLevel":0,"originLevel":0,"hasRecord":false,"recordRelation":null,"status":"current","disputed":false,"precision":"koaza","areaKey":null,"elements":["shishi"],"summary":"要素辞書に一致（shishi）。出典による裏づけは未確認。","zones":[],"dataset":"candidates"}},{"type":"Feature","geometry":{"type":"Point","coordinates":[140.986837,37.500961]},"properties":{"id":"07-0b5948d82f","name":"南大倉","reading":null,"pref":"福島県","prefCode":"07","municipality":"双葉郡浪江町","hazardTypes":["slope_failure","rockfall"],"evidenceLevel":0,"originLevel":0,"hasRecord":false,"recordRelation":null,"status":"current","disputed":false,"precision":"koaza","areaKey":null,"elements":["kura"],"summary":"要素辞書に一致（kura）。出典による裏づけは未確認。","zones":[],"dataset":"candidates"}},{"type":"Feature","geometry":{"type":"Point","coordinates":[140.984657,37.503045]},"properties":{"id":"07-74c1710de6","name":"大倉","reading":null,"pref":"福島県","prefCode":"07","municipality":"双葉郡浪江町","hazardTypes":["slope_failure","rockfall"],"evidenceLevel":0,"originLevel":0,"hasRecord":false,"recordRelation":null,"status":"current","disputed":false,"precision":"koaza","areaKey":null,"elements":["kura"],"summary":"要素辞書に一致（kura）。出典による裏づけは未確認。","zones":[],"dataset":"candidates"}},{"type":"Feature","geometry":{"type":"Point","coordinates":[141.030766,37.484299]},"properties":{"id":"07-49b235fd94","name":"舛倉","reading":null,"pref":"福島県","prefCode":"07","municipality":"双葉郡浪江町","hazardTypes":["slope_failure","rockfall"],"evidenceLevel":0,"originLevel":0,"hasRecord":false,"recordRelation":null,"status":"current","disputed":false,"precision":"koaza","areaKey":null,"elements":["kura"],"summary":"要素辞書に一致（kura）。出典による裏づけは未確認。","zones":[],"dataset":"candidates"}},{"type":"Feature","geometry":{"type":"Point","coordinates":[141.032026,37.482011]},"properties":{"id":"07-f2ea143402","name":"雨垂","reading":null,"pref":"福島県","prefCode":"07","municipality":"双葉郡浪江町","hazardTypes":["slope_failure"],"evidenceLevel":0,"originLevel":0,"hasRecord":false,"recordRelation":null,"status":"current","disputed":false,"precision":"koaza","areaKey":null,"elements":["kake"],"summary":"要素辞書に一致（kake）。出典による裏づけは未確認。","zones":[],"dataset":"candidates"}},{"type":"Feature","geometry":{"type":"Point","coordinates":[140.990084,37.480286]},"properties":{"id":"07-41739015a3","name":"芦ノ迫","reading":null,"pref":"福島県","prefCode":"07","municipality":"双葉郡浪江町","hazardTypes":["flood","inundation"],"evidenceLevel":0,"originLevel":0,"hasRecord":false,"recordRelation":null,"status":"current","disputed":false,"precision":"koaza","areaKey":null,"elements":["ashi"],"summary":"要素辞書に一致（ashi）。出典による裏づけは未確認。","zones":[],"dataset":"candidates"}},{"type":"Feature","geometry":{"type":"Point","coordinates":[141.006009,37.488682]},"properties":{"id":"07-3fbd13c013","name":"牛渡川原","reading":null,"pref":"福島県","prefCode":"07","municipality":"双葉郡浪江町","hazardTypes":["flood"],"evidenceLevel":0,"originLevel":0,"hasRecord":false,"recordRelation":null,"status":"current","disputed":false,"precision":"koaza","areaKey":null,"elements":["kawara"],"summary":"要素辞書に一致（kawara）。出典による裏づけは未確認。","zones":[],"dataset":"candidates"}},{"type":"Feature","geometry":{"type":"Point","coordinates":[140.928536,37.894698]},"properties":{"id":"07-fe284319ed","name":"磯山","reading":null,"pref":"福島県","prefCode":"07","municipality":"相馬郡新地町","hazardTypes":["rockfall","debris_flow"],"evidenceLevel":0,"originLevel":0,"hasRecord":false,"recordRelation":null,"status":"current","disputed":false,"precision":"koaza","areaKey":null,"elements":["iso_ishi"],"summary":"要素辞書に一致（iso_ishi）。出典による裏づけは未確認。","zones":[],"dataset":"candidates"}},{"type":"Feature","geometry":{"type":"Point","coordinates":[140.894948,37.885633]},"properties":{"id":"07-3b61c1854b","name":"欠下","reading":null,"pref":"福島県","prefCode":"07","municipality":"相馬郡新地町","hazardTypes":["slope_failure"],"evidenceLevel":0,"originLevel":0,"hasRecord":false,"recordRelation":null,"status":"current","disputed":false,"precision":"koaza","areaKey":null,"elements":["kake"],"summary":"要素辞書に一致（kake）。出典による裏づけは未確認。","zones":[],"dataset":"candidates"}},{"type":"Feature","geometry":{"type":"Point","coordinates":[140.929901,37.858279]},"properties":{"id":"07-e2717528ca","name":"蒲庭東","reading":null,"pref":"福島県","prefCode":"07","municipality":"相馬郡新地町","hazardTypes":["landslide","soft_ground"],"evidenceLevel":0,"originLevel":0,"hasRecord":false,"recordRelation":null,"status":"current","disputed":false,"precision":"koaza","areaKey":null,"elements":["wetland_plants"],"summary":"要素辞書に一致（wetland_plants）。出典による裏づけは未確認。","zones":[],"dataset":"candidates"}},{"type":"Feature","geometry":{"type":"Point","coordinates":[140.94052,37.854096]},"properties":{"id":"07-ae98865f18","name":"鹿野","reading":null,"pref":"福島県","prefCode":"07","municipality":"相馬郡新地町","hazardTypes":["landslide","soft_ground"],"evidenceLevel":0,"originLevel":0,"hasRecord":false,"recordRelation":null,"status":"current","disputed":false,"precision":"koaza","areaKey":null,"elements":["shishi"],"summary":"要素辞書に一致（shishi）。出典による裏づけは未確認。","zones":[],"dataset":"candidates"}},{"type":"Feature","geometry":{"type":"Point","coordinates":[140.93903,37.861568]},"properties":{"id":"07-38647a358b","name":"北中磯塩入","reading":null,"pref":"福島県","prefCode":"07","municipality":"相馬郡新地町","hazardTypes":["rockfall","debris_flow"],"evidenceLevel":0,"originLevel":0,"hasRecord":false,"recordRelation":null,"status":"current","disputed":false,"precision":"koaza","areaKey":null,"elements":["iso_ishi"],"summary":"要素辞書に一致（iso_ishi）。出典による裏づけは未確認。","zones":[],"dataset":"candidates"}},{"type":"Feature","geometry":{"type":"Point","coordinates":[140.944055,37.854986]},"properties":{"id":"07-2b28c82298","name":"南中磯塩入","reading":null,"pref":"福島県","prefCode":"07","municipality":"相馬郡新地町","hazardTypes":["rockfall","debris_flow"],"evidenceLevel":0,"originLevel":0,"hasRecord":false,"recordRelation":null,"status":"current","disputed":false,"precision":"koaza","areaKey":null,"elements":["iso_ishi"],"summary":"要素辞書に一致（iso_ishi）。出典による裏づけは未確認。","zones":[],"dataset":"candidates"}},{"type":"Feature","geometry":{"type":"Point","coordinates":[140.929298,37.863668]},"properties":{"id":"07-3440510735","name":"蒲庭","reading":null,"pref":"福島県","prefCode":"07","municipality":"相馬郡新地町","hazardTypes":["landslide","soft_ground"],"evidenceLevel":0,"originLevel":0,"hasRecord":false,"recordRelation":null,"status":"current","disputed":false,"precision":"koaza","areaKey":null,"elements":["wetland_plants"],"summary":"要素辞書に一致（wetland_plants）。出典による裏づけは未確認。","zones":[],"dataset":"candidates"}},{"type":"Feature","geometry":{"type":"Point","coordinates":[140.909756,37.864061]},"properties":{"id":"07-1236f9c330","name":"原岸","reading":null,"pref":"福島県","prefCode":"07","municipality":"相馬郡新地町","hazardTypes":["slope_failure"],"evidenceLevel":0,"originLevel":0,"hasRecord":false,"recordRelation":null,"status":"current","disputed":false,"precision":"koaza","areaKey":null,"elements":["kake"],"summary":"要素辞書に一致（kake）。出典による裏づけは未確認。","zones":[],"dataset":"candidates"}},{"type":"Feature","geometry":{"type":"Point","coordinates":[140.924745,37.841828]},"properties":{"id":"07-e2ffad0ece","name":"深町","reading":null,"pref":"福島県","prefCode":"07","municipality":"相馬郡新地町","hazardTypes":["soft_ground","inundation"],"evidenceLevel":0,"originLevel":0,"hasRecord":false,"recordRelation":null,"status":"current","disputed":false,"precision":"koaza","areaKey":null,"elements":["fuke"],"summary":"要素辞書に一致（fuke）。出典による裏づけは未確認。","zones":[],"dataset":"candidates"}},{"type":"Feature","geometry":{"type":"Point","coordinates":[140.886486,37.844827]},"properties":{"id":"07-9a331e3597","name":"猪コロバシ","reading":null,"pref":"福島県","prefCode":"07","municipality":"相馬郡新地町","hazardTypes":["landslide","soft_ground"],"evidenceLevel":0,"originLevel":0,"hasRecord":false,"recordRelation":null,"status":"current","disputed":false,"precision":"koaza","areaKey":null,"elements":["shishi"],"summary":"要素辞書に一致（shishi）。出典による裏づけは未確認。","zones":[],"dataset":"candidates"}},{"type":"Feature","geometry":{"type":"Point","coordinates":[140.919486,37.846332]},"properties":{"id":"07-10af16da04","name":"鹿子田","reading":null,"pref":"福島県","prefCode":"07","municipality":"相馬郡新地町","hazardTypes":["landslide","soft_ground"],"evidenceLevel":0,"originLevel":0,"hasRecord":false,"recordRelation":null,"status":"current","disputed":false,"precision":"koaza","areaKey":null,"elements":["shishi"],"summary":"要素辞書に一致（shishi）。出典による裏づけは未確認。","zones":[],"dataset":"candidates"}},{"type":"Feature","geometry":{"type":"Point","coordinates":[140.889451,37.861396]},"properties":{"id":"07-de658e746d","name":"曽利田","reading":null,"pref":"福島県","prefCode":"07","municipality":"相馬郡新地町","hazardTypes":["slope_failure"],"evidenceLevel":0,"originLevel":0,"hasRecord":false,"recordRelation":null,"status":"current","disputed":false,"precision":"koaza","areaKey":null,"elements":["sori"],"summary":"要素辞書に一致（sori）。出典による裏づけは未確認。","zones":[],"dataset":"candidates"}},{"type":"Feature","geometry":{"type":"Point","coordinates":[140.885478,37.878007]},"properties":{"id":"07-09412d702f","name":"川原","reading":null,"pref":"福島県","prefCode":"07","municipality":"相馬郡新地町","hazardTypes":["flood"],"evidenceLevel":0,"originLevel":0,"hasRecord":false,"recordRelation":null,"status":"current","disputed":false,"precision":"koaza","areaKey":null,"elements":["kawara"],"summary":"要素辞書に一致（kawara）。出典による裏づけは未確認。","zones":[],"dataset":"candidates"}},{"type":"Feature","geometry":{"type":"Point","coordinates":[140.779441,37.683865]},"properties":{"id":"07-b136fbf9ae","name":"芦原","reading":"アシハラ","pref":"福島県","prefCode":"07","municipality":"相馬郡飯舘村","hazardTypes":["flood","inundation"],"evidenceLevel":0,"originLevel":0,"hasRecord":false,"recordRelation":null,"status":"current","disputed":false,"precision":"oaza","areaKey":null,"elements":["ashi"],"summary":"要素辞書に一致（ashi）。出典による裏づけは未確認。","zones":[],"dataset":"candidates"}},{"type":"Feature","geometry":{"type":"Point","coordinates":[140.800008,37.733692]},"properties":{"id":"07-488978a11d","name":"大倉","reading":"オオクラ","pref":"福島県","prefCode":"07","municipality":"相馬郡飯舘村","hazardTypes":["slope_failure","rockfall"],"evidenceLevel":0,"originLevel":0,"hasRecord":false,"recordRelation":null,"status":"current","disputed":false,"precision":"oaza","areaKey":null,"elements":["kura"],"summary":"要素辞書に一致（kura）。出典による裏づけは未確認。","zones":[],"dataset":"candidates"}},{"type":"Feature","geometry":{"type":"Point","coordinates":[140.969901,37.701997]},"properties":{"id":"07-27354f6e1e","name":"鹿島町","reading":null,"pref":"福島県","prefCode":"07","municipality":"南相馬市","hazardTypes":["landslide","soft_ground"],"evidenceLevel":0,"originLevel":0,"hasRecord":false,"recordRelation":null,"status":"historical","disputed":false,"precision":"oaza","areaKey":null,"elements":["shishi"],"summary":"要素辞書に一致（shishi）。出典による裏づけは未確認。","zones":[],"dataset":"old_maps"}},{"type":"Feature","geometry":{"type":"Point","coordinates":[140.386013,37.031928]},"properties":{"id":"07-8657a4ee0e","name":"棚倉町","reading":null,"pref":"福島県","prefCode":"07","municipality":"東白川郡棚倉町","hazardTypes":["slope_failure","rockfall"],"evidenceLevel":0,"originLevel":0,"hasRecord":false,"recordRelation":null,"status":"historical","disputed":false,"precision":"oaza","areaKey":null,"elements":["kura"],"summary":"要素辞書に一致（kura）。出典による裏づけは未確認。","zones":[],"dataset":"old_maps"}},{"type":"Feature","geometry":{"type":"Point","coordinates":[140.107887,37.564071]},"properties":{"id":"07-c82d0b8450","name":"猪苗代町","reading":null,"pref":"福島県","prefCode":"07","municipality":"耶麻郡猪苗代町","hazardTypes":["landslide","soft_ground"],"evidenceLevel":0,"originLevel":0,"hasRecord":false,"recordRelation":null,"status":"historical","disputed":false,"precision":"oaza","areaKey":null,"elements":["shishi"],"summary":"要素辞書に一致（shishi）。出典による裏づけは未確認。","zones":[],"dataset":"old_maps"}},{"type":"Feature","geometry":{"type":"Point","coordinates":[140.991922,37.766327]},"properties":{"id":"07-12a41c7553","name":"磯部村","reading":null,"pref":"福島県","prefCode":"07","municipality":"相馬市","hazardTypes":["rockfall","debris_flow"],"evidenceLevel":0,"originLevel":0,"hasRecord":true,"recordRelation":"nearby_record","status":"historical","disputed":false,"precision":"village","areaKey":null,"elements":["iso_ishi"],"summary":"要素辞書に一致（iso_ishi）。出典による裏づけは未確認。","zones":[],"dataset":"old_maps"}},{"type":"Feature","geometry":{"type":"Point","coordinates":[140.644743,37.254216]},"properties":{"id":"07-95dd24f7ea","name":"夏井村","reading":null,"pref":"福島県","prefCode":"07","municipality":"田村郡小野町","hazardTypes":["debris_flow","slope_failure"],"evidenceLevel":0,"originLevel":0,"hasRecord":false,"recordRelation":null,"status":"historical","disputed":false,"precision":"village","areaKey":null,"elements":["nazu_natsu"],"summary":"要素辞書に一致（nazu_natsu）。出典による裏づけは未確認。","zones":[],"dataset":"old_maps"}},{"type":"Feature","geometry":{"type":"Point","coordinates":[140.950503,37.05384]},"properties":{"id":"07-862be1895e","name":"夏井村","reading":null,"pref":"福島県","prefCode":"07","municipality":"いわき市","hazardTypes":["debris_flow","slope_failure"],"evidenceLevel":0,"originLevel":0,"hasRecord":false,"recordRelation":null,"status":"historical","disputed":false,"precision":"village","areaKey":"072040340","elements":["nazu_natsu"],"summary":"要素辞書に一致（nazu_natsu）。出典による裏づけは未確認。","zones":[],"dataset":"old_maps"}},{"type":"Feature","geometry":{"type":"Point","coordinates":[139.617082,37.590337]},"properties":{"id":"07-15f39d7389","name":"芹草越村","reading":null,"pref":"福島県","prefCode":"07","municipality":"耶麻郡西会津町","hazardTypes":["landslide","soft_ground"],"evidenceLevel":0,"originLevel":0,"hasRecord":false,"recordRelation":null,"status":"historical","disputed":false,"precision":"village","areaKey":null,"elements":["wetland_plants"],"summary":"要素辞書に一致（wetland_plants）。出典による裏づけは未確認。","zones":[],"dataset":"old_maps"}},{"type":"Feature","geometry":{"type":"Point","coordinates":[139.924275,37.640386]},"properties":{"id":"07-6142a93bed","name":"熊倉村","reading":null,"pref":"福島県","prefCode":"07","municipality":"喜多方市","hazardTypes":["slope_failure","rockfall"],"evidenceLevel":0,"originLevel":0,"hasRecord":false,"recordRelation":null,"status":"historical","disputed":false,"precision":"village","areaKey":null,"elements":["kura"],"summary":"要素辞書に一致（kura）。出典による裏づけは未確認。","zones":[],"dataset":"old_maps"}},{"type":"Feature","geometry":{"type":"Point","coordinates":[140.383951,37.728387]},"properties":{"id":"07-c97ce8315b","name":"佐倉村","reading":null,"pref":"福島県","prefCode":"07","municipality":"福島市","hazardTypes":["slope_failure","rockfall"],"evidenceLevel":0,"originLevel":0,"hasRecord":false,"recordRelation":null,"status":"historical","disputed":false,"precision":"village","areaKey":"072010870","elements":["kura"],"summary":"要素辞書に一致（kura）。出典による裏づけは未確認。","zones":[],"dataset":"old_maps"}},{"type":"Feature","geometry":{"type":"Point","coordinates":[140.912339,36.999635]},"properties":{"id":"07-28d50507d6","name":"鹿島村","reading":null,"pref":"福島県","prefCode":"07","municipality":"いわき市","hazardTypes":["landslide","soft_ground"],"evidenceLevel":0,"originLevel":0,"hasRecord":false,"recordRelation":null,"status":"historical","disputed":false,"precision":"village","areaKey":"072040740","elements":["shishi"],"summary":"要素辞書に一致（shishi）。出典による裏づけは未確認。","zones":[],"dataset":"old_maps"}},{"type":"Feature","geometry":{"type":"Point","coordinates":[139.861397,37.693864]},"properties":{"id":"07-d24780743e","name":"上三宮村飛地","reading":null,"pref":"福島県","prefCode":"07","municipality":"喜多方市","hazardTypes":["slope_failure","debris_flow"],"evidenceLevel":0,"originLevel":0,"hasRecord":false,"recordRelation":null,"status":"historical","disputed":false,"precision":"village","areaKey":null,"elements":["tobi"],"summary":"要素辞書に一致（tobi）。出典による裏づけは未確認。","zones":[],"dataset":"old_maps"}},{"type":"Feature","geometry":{"type":"Point","coordinates":[139.887948,37.442121]},"properties":{"id":"07-d54218f2ea","name":"川路村飛地","reading":null,"pref":"福島県","prefCode":"07","municipality":"大沼郡会津美里町","hazardTypes":["slope_failure","debris_flow"],"evidenceLevel":0,"originLevel":0,"hasRecord":false,"recordRelation":null,"status":"historical","disputed":false,"precision":"village","areaKey":null,"elements":["tobi"],"summary":"要素辞書に一致（tobi）。出典による裏づけは未確認。","zones":[],"dataset":"old_maps"}},{"type":"Feature","geometry":{"type":"Point","coordinates":[139.72264,37.507754]},"properties":{"id":"07-1fbac55563","name":"倉戸村","reading":null,"pref":"福島県","prefCode":"07","municipality":"河沼郡柳津町","hazardTypes":["slope_failure","rockfall"],"evidenceLevel":0,"originLevel":0,"hasRecord":false,"recordRelation":null,"status":"historical","disputed":false,"precision":"village","areaKey":null,"elements":["kura"],"summary":"要素辞書に一致（kura）。出典による裏づけは未確認。","zones":[],"dataset":"old_maps"}},{"type":"Feature","geometry":{"type":"Point","coordinates":[139.652199,37.31811]},"properties":{"id":"07-e4606f834c","name":"大芦村","reading":null,"pref":"福島県","prefCode":"07","municipality":"大沼郡昭和村","hazardTypes":["flood","inundation"],"evidenceLevel":0,"originLevel":0,"hasRecord":false,"recordRelation":null,"status":"historical","disputed":false,"precision":"village","areaKey":null,"elements":["ashi"],"summary":"要素辞書に一致（ashi）。出典による裏づけは未確認。","zones":[],"dataset":"old_maps"}},{"type":"Feature","geometry":{"type":"Point","coordinates":[140.547904,37.665793]},"properties":{"id":"07-c6bbbedf7f","name":"大久保村","reading":null,"pref":"福島県","prefCode":"07","municipality":"福島市","hazardTypes":["slope_failure","inundation","landslide"],"evidenceLevel":0,"originLevel":0,"hasRecord":false,"recordRelation":null,"status":"historical","disputed":false,"precision":"village","areaKey":null,"elements":["afu_oo","kubo"],"summary":"要素辞書に一致（afu_oo・kubo）。出典による裏づけは未確認。","zones":[],"dataset":"old_maps"}},{"type":"Feature","geometry":{"type":"Point","coordinates":[139.809698,37.715001]},"properties":{"id":"07-6b9b79bf1b","name":"朝倉村","reading":null,"pref":"福島県","prefCode":"07","municipality":"喜多方市","hazardTypes":["slope_failure","rockfall"],"evidenceLevel":0,"originLevel":0,"hasRecord":false,"recordRelation":null,"status":"historical","disputed":false,"precision":"village","areaKey":null,"elements":["kura"],"summary":"要素辞書に一致（kura）。出典による裏づけは未確認。","zones":[],"dataset":"old_maps"}},{"type":"Feature","geometry":{"type":"Point","coordinates":[140.54023,37.412149]},"properties":{"id":"07-59dbf131d1","name":"芦沢村","reading":null,"pref":"福島県","prefCode":"07","municipality":"田村市","hazardTypes":["flood","inundation"],"evidenceLevel":0,"originLevel":0,"hasRecord":false,"recordRelation":null,"status":"historical","disputed":false,"precision":"village","areaKey":"072110150","elements":["ashi"],"summary":"要素辞書に一致（ashi）。出典による裏づけは未確認。","zones":[],"dataset":"old_maps"}},{"type":"Feature","geometry":{"type":"Point","coordinates":[140.527035,37.670977]},"properties":{"id":"07-05fb4ff7c8","name":"青木村","reading":null,"pref":"福島県","prefCode":"07","municipality":"福島市","hazardTypes":["slope_failure"],"evidenceLevel":0,"originLevel":0,"hasRecord":false,"recordRelation":null,"status":"historical","disputed":false,"precision":"village","areaKey":null,"elements":["afu_oo"],"summary":"要素辞書に一致（afu_oo）。出典による裏づけは未確認。","zones":[],"dataset":"old_maps"}},{"type":"Feature","geometry":{"type":"Point","coordinates":[139.392814,37.27139]},"properties":{"id":"07-d02cc9173f","name":"阿弥蛇堂","reading":null,"pref":"福島県","prefCode":"07","municipality":"南会津郡只見町","hazardTypes":["slope_failure","debris_flow"],"evidenceLevel":0,"originLevel":0,"hasRecord":false,"recordRelation":null,"status":"historical","disputed":false,"precision":"koaza","areaKey":null,"elements":["ja"],"summary":"要素辞書に一致（ja）。出典による裏づけは未確認。","zones":[],"dataset":"old_maps"}},{"type":"Feature","geometry":{"type":"Point","coordinates":[140.789055,37.682424]},"properties":{"id":"07-760906c696","name":"芦ノ股","reading":null,"pref":"福島県","prefCode":"07","municipality":"相馬郡飯舘村","hazardTypes":["flood","inundation"],"evidenceLevel":0,"originLevel":0,"hasRecord":false,"recordRelation":null,"status":"historical","disputed":false,"precision":"koaza","areaKey":null,"elements":["ashi"],"summary":"要素辞書に一致（ashi）。出典による裏づけは未確認。","zones":[],"dataset":"old_maps"}},{"type":"Feature","geometry":{"type":"Point","coordinates":[140.28945,37.134331]},"properties":{"id":"07-be8453af19","name":"芦ノ口","reading":null,"pref":"福島県","prefCode":"07","municipality":"白河市","hazardTypes":["flood","inundation"],"evidenceLevel":0,"originLevel":0,"hasRecord":false,"recordRelation":null,"status":"historical","disputed":false,"precision":"koaza","areaKey":"07205003034","elements":["ashi"],"summary":"要素辞書に一致（ashi）。出典による裏づけは未確認。","zones":[],"dataset":"old_maps"}},{"type":"Feature","geometry":{"type":"Point","coordinates":[140.729637,36.978613]},"properties":{"id":"07-cf8e4eb6e6","name":"芦ノ草","reading":null,"pref":"福島県","prefCode":"07","municipality":"いわき市","hazardTypes":["flood","inundation"],"evidenceLevel":0,"originLevel":0,"hasRecord":false,"recordRelation":null,"status":"historical","disputed":false,"precision":"koaza","areaKey":"072041630","elements":["ashi"],"summary":"要素辞書に一致（ashi）。出典による裏づけは未確認。","zones":[],"dataset":"old_maps"}},{"type":"Feature","geometry":{"type":"Point","coordinates":[140.518163,37.028251]},"properties":{"id":"07-b4c940ae58","name":"芦ノ草","reading":null,"pref":"福島県","prefCode":"07","municipality":"東白川郡鮫川村","hazardTypes":["flood","inundation"],"evidenceLevel":0,"originLevel":0,"hasRecord":false,"recordRelation":null,"status":"historical","disputed":false,"precision":"koaza","areaKey":null,"elements":["ashi"],"summary":"要素辞書に一致（ashi）。出典による裏づけは未確認。","zones":[],"dataset":"old_maps"}},{"type":"Feature","geometry":{"type":"Point","coordinates":[139.463655,37.272212]},"properties":{"id":"07-f9353ac691","name":"芦沢","reading":null,"pref":"福島県","prefCode":"07","municipality":"南会津郡只見町","hazardTypes":["flood","inundation"],"evidenceLevel":0,"originLevel":0,"hasRecord":false,"recordRelation":null,"status":"historical","disputed":false,"precision":"koaza","areaKey":null,"elements":["ashi"],"summary":"要素辞書に一致（ashi）。出典による裏づけは未確認。","zones":[],"dataset":"old_maps"}},{"type":"Feature","geometry":{"type":"Point","coordinates":[139.965283,37.374448]},"properties":{"id":"07-9f9edfdb1e","name":"闇川","reading":null,"pref":"福島県","prefCode":"07","municipality":"会津若松市","hazardTypes":["slope_failure","rockfall"],"evidenceLevel":0,"originLevel":0,"hasRecord":false,"recordRelation":null,"status":"historical","disputed":false,"precision":"koaza","areaKey":null,"elements":["kura"],"summary":"要素辞書に一致（kura）。出典による裏づけは未確認。","zones":[],"dataset":"old_maps"}},{"type":"Feature","geometry":{"type":"Point","coordinates":[140.536121,37.394171]},"properties":{"id":"07-a609a676cd","name":"鞍掛","reading":null,"pref":"福島県","prefCode":"07","municipality":"田村市","hazardTypes":["slope_failure","rockfall"],"evidenceLevel":0,"originLevel":0,"hasRecord":false,"recordRelation":null,"status":"historical","disputed":false,"precision":"koaza","areaKey":"072110150","elements":["kura"],"summary":"要素辞書に一致（kura）。出典による裏づけは未確認。","zones":[],"dataset":"old_maps"}},{"type":"Feature","geometry":{"type":"Point","coordinates":[140.211672,37.494997]},"properties":{"id":"07-2766d74505","name":"鞍手","reading":null,"pref":"福島県","prefCode":"07","municipality":"耶麻郡猪苗代町","hazardTypes":["slope_failure","rockfall"],"evidenceLevel":0,"originLevel":0,"hasRecord":false,"recordRelation":null,"status":"historical","disputed":false,"precision":"koaza","areaKey":null,"elements":["kura"],"summary":"要素辞書に一致（kura）。出典による裏づけは未確認。","zones":[],"dataset":"old_maps"}},{"type":"Feature","geometry":{"type":"Point","coordinates":[139.812341,37.266987]},"properties":{"id":"07-4e22c3a752","name":"磯上","reading":null,"pref":"福島県","prefCode":"07","municipality":"南会津郡下郷町","hazardTypes":["rockfall","debris_flow"],"evidenceLevel":0,"originLevel":0,"hasRecord":false,"recordRelation":null,"status":"historical","disputed":false,"precision":"koaza","areaKey":null,"elements":["iso_ishi"],"summary":"要素辞書に一致（iso_ishi）。出典による裏づけは未確認。","zones":[],"dataset":"old_maps"}},{"type":"Feature","geometry":{"type":"Point","coordinates":[140.705606,36.962512]},"properties":{"id":"07-7a041e1b18","name":"一ノ倉","reading":null,"pref":"福島県","prefCode":"07","municipality":"いわき市","hazardTypes":["slope_failure","rockfall"],"evidenceLevel":0,"originLevel":0,"hasRecord":false,"recordRelation":null,"status":"historical","disputed":false,"precision":"koaza","areaKey":"072042010","elements":["kura"],"summary":"要素辞書に一致（kura）。出典による裏づけは未確認。","zones":[],"dataset":"old_maps"}},{"type":"Feature","geometry":{"type":"Point","coordinates":[140.629356,37.357036]},"properties":{"id":"07-07ea4bb8e9","name":"猿内","reading":null,"pref":"福島県","prefCode":"07","municipality":"田村市","hazardTypes":["slope_failure"],"evidenceLevel":0,"originLevel":0,"hasRecord":false,"recordRelation":null,"status":"historical","disputed":false,"precision":"koaza","areaKey":"072110230","elements":["saru"],"summary":"要素辞書に一致（saru）。出典による裏づけは未確認。","zones":[],"dataset":"old_maps"}},{"type":"Feature","geometry":{"type":"Point","coordinates":[140.526707,36.941431]},"properties":{"id":"07-be7ac293cc","name":"猿畑","reading":null,"pref":"福島県","prefCode":"07","municipality":"東白川郡塙町","hazardTypes":["slope_failure"],"evidenceLevel":0,"originLevel":0,"hasRecord":false,"recordRelation":null,"status":"historical","disputed":false,"precision":"koaza","areaKey":null,"elements":["saru"],"summary":"要素辞書に一致（saru）。出典による裏づけは未確認。","zones":[],"dataset":"old_maps"}},{"type":"Feature","geometry":{"type":"Point","coordinates":[140.451015,37.057859]},"properties":{"id":"07-a23e1c779f","name":"塩倉","reading":null,"pref":"福島県","prefCode":"07","municipality":"石川郡浅川町","hazardTypes":["slope_failure","rockfall"],"evidenceLevel":0,"originLevel":0,"hasRecord":false,"recordRelation":null,"status":"historical","disputed":false,"precision":"koaza","areaKey":null,"elements":["kura"],"summary":"要素辞書に一致（kura）。出典による裏づけは未確認。","zones":[],"dataset":"old_maps"}},{"type":"Feature","geometry":{"type":"Point","coordinates":[140.902483,37.340246]},"properties":{"id":"07-fe09135ec9","name":"荻","reading":null,"pref":"福島県","prefCode":"07","municipality":"双葉郡富岡町","hazardTypes":["slope_failure"],"evidenceLevel":0,"originLevel":0,"hasRecord":false,"recordRelation":null,"status":"historical","disputed":false,"precision":"koaza","areaKey":null,"elements":["suki_hagu"],"summary":"要素辞書に一致（suki_hagu）。出典による裏づけは未確認。","zones":[],"dataset":"old_maps"}},{"type":"Feature","geometry":{"type":"Point","coordinates":[140.766041,37.273291]},"properties":{"id":"07-1acc846b2f","name":"荻","reading":null,"pref":"福島県","prefCode":"07","municipality":"いわき市","hazardTypes":["slope_failure"],"evidenceLevel":0,"originLevel":0,"hasRecord":false,"recordRelation":null,"status":"historical","disputed":false,"precision":"koaza","areaKey":"072042060","elements":["suki_hagu"],"summary":"要素辞書に一致（suki_hagu）。出典による裏づけは未確認。","zones":[],"dataset":"old_maps"}},{"type":"Feature","geometry":{"type":"Point","coordinates":[140.526665,37.593092]},"properties":{"id":"07-74612dc414","name":"荻ノ田","reading":null,"pref":"福島県","prefCode":"07","municipality":"二本松市","hazardTypes":["slope_failure"],"evidenceLevel":0,"originLevel":0,"hasRecord":false,"recordRelation":null,"status":"historical","disputed":false,"precision":"koaza","areaKey":null,"elements":["suki_hagu"],"summary":"要素辞書に一致（suki_hagu）。出典による裏づけは未確認。","zones":[],"dataset":"old_maps"}},{"type":"Feature","geometry":{"type":"Point","coordinates":[140.519762,37.227419]},"properties":{"id":"07-f949d16507","name":"荻ノ目","reading":null,"pref":"福島県","prefCode":"07","municipality":"石川郡平田村","hazardTypes":["slope_failure"],"evidenceLevel":0,"originLevel":0,"hasRecord":false,"recordRelation":null,"status":"historical","disputed":false,"precision":"koaza","areaKey":null,"elements":["suki_hagu"],"summary":"要素辞書に一致（suki_hagu）。出典による裏づけは未確認。","zones":[],"dataset":"old_maps"}},{"type":"Feature","geometry":{"type":"Point","coordinates":[140.445572,37.052089]},"properties":{"id":"07-5f68005a28","name":"荻ノ沢","reading":null,"pref":"福島県","prefCode":"07","municipality":"石川郡浅川町","hazardTypes":["slope_failure"],"evidenceLevel":0,"originLevel":0,"hasRecord":false,"recordRelation":null,"status":"historical","disputed":false,"precision":"koaza","areaKey":null,"elements":["suki_hagu"],"summary":"要素辞書に一致（suki_hagu）。出典による裏づけは未確認。","zones":[],"dataset":"old_maps"}},{"type":"Feature","geometry":{"type":"Point","coordinates":[140.13967,37.575479]},"properties":{"id":"07-90045f4112","name":"荻窪","reading":null,"pref":"福島県","prefCode":"07","municipality":"耶麻郡猪苗代町","hazardTypes":["slope_failure","inundation","landslide"],"evidenceLevel":0,"originLevel":0,"hasRecord":false,"recordRelation":null,"status":"historical","disputed":false,"precision":"koaza","areaKey":null,"elements":["suki_hagu","kubo"],"summary":"要素辞書に一致（suki_hagu・kubo）。出典による裏づけは未確認。","zones":[],"dataset":"old_maps"}},{"type":"Feature","geometry":{"type":"Point","coordinates":[140.833465,37.390859]},"properties":{"id":"07-e24ef31dd7","name":"荻田","reading":null,"pref":"福島県","prefCode":"07","municipality":"田村市","hazardTypes":["slope_failure"],"evidenceLevel":0,"originLevel":0,"hasRecord":false,"recordRelation":null,"status":"historical","disputed":false,"precision":"koaza","areaKey":null,"elements":["suki_hagu"],"summary":"要素辞書に一致（suki_hagu）。出典による裏づけは未確認。","zones":[],"dataset":"old_maps"}},{"type":"Feature","geometry":{"type":"Point","coordinates":[139.532715,37.470908]},"properties":{"id":"07-20b4acf52d","name":"荻付","reading":null,"pref":"福島県","prefCode":"07","municipality":"大沼郡金山町","hazardTypes":["slope_failure"],"evidenceLevel":0,"originLevel":0,"hasRecord":false,"recordRelation":null,"status":"historical","disputed":false,"precision":"koaza","areaKey":null,"elements":["suki_hagu"],"summary":"要素辞書に一致（suki_hagu）。出典による裏づけは未確認。","zones":[],"dataset":"old_maps"}},{"type":"Feature","geometry":{"type":"Point","coordinates":[140.792155,37.787525]},"properties":{"id":"07-0c3f61992d","name":"荻平","reading":null,"pref":"福島県","prefCode":"07","municipality":"相馬市","hazardTypes":["slope_failure"],"evidenceLevel":0,"originLevel":0,"hasRecord":false,"recordRelation":null,"status":"historical","disputed":false,"precision":"koaza","areaKey":"07209033083","elements":["suki_hagu"],"summary":"要素辞書に一致（suki_hagu）。出典による裏づけは未確認。","zones":[],"dataset":"old_maps"}},{"type":"Feature","geometry":{"type":"Point","coordinates":[139.721751,37.617478]},"properties":{"id":"07-14fa1f4fc9","name":"荻野","reading":null,"pref":"福島県","prefCode":"07","municipality":"喜多方市","hazardTypes":["slope_failure"],"evidenceLevel":0,"originLevel":0,"hasRecord":false,"recordRelation":null,"status":"historical","disputed":false,"precision":"koaza","areaKey":null,"elements":["suki_hagu"],"summary":"要素辞書に一致（suki_hagu）。出典による裏づけは未確認。","zones":[],"dataset":"old_maps"}},{"type":"Feature","geometry":{"type":"Point","coordinates":[139.862909,37.706938]},"properties":{"id":"07-0f22b4469d","name":"下根岸","reading":null,"pref":"福島県","prefCode":"07","municipality":"喜多方市","hazardTypes":["slope_failure"],"evidenceLevel":0,"originLevel":0,"hasRecord":false,"recordRelation":null,"status":"historical","disputed":false,"precision":"koaza","areaKey":null,"elements":["kake"],"summary":"要素辞書に一致（kake）。出典による裏づけは未確認。","zones":[],"dataset":"old_maps"}},{"type":"Feature","geometry":{"type":"Point","coordinates":[140.603172,37.458272]},"properties":{"id":"07-aee0d7c19e","name":"下鹿山","reading":null,"pref":"福島県","prefCode":"07","municipality":"田村市","hazardTypes":["landslide","soft_ground"],"evidenceLevel":0,"originLevel":0,"hasRecord":false,"recordRelation":null,"status":"historical","disputed":false,"precision":"koaza","areaKey":null,"elements":["shishi"],"summary":"要素辞書に一致（shishi）。出典による裏づけは未確認。","zones":[],"dataset":"old_maps"}},{"type":"Feature","geometry":{"type":"Point","coordinates":[140.454911,37.094505]},"properties":{"id":"07-cebf59ba43","name":"下菖蒲庭","reading":null,"pref":"福島県","prefCode":"07","municipality":"石川郡浅川町","hazardTypes":["landslide","soft_ground"],"evidenceLevel":0,"originLevel":0,"hasRecord":false,"recordRelation":null,"status":"historical","disputed":false,"precision":"koaza","areaKey":null,"elements":["wetland_plants"],"summary":"要素辞書に一致（wetland_plants）。出典による裏づけは未確認。","zones":[],"dataset":"old_maps"}},{"type":"Feature","geometry":{"type":"Point","coordinates":[139.827052,37.219294]},"properties":{"id":"07-1aa21e066d","name":"下川原","reading":null,"pref":"福島県","prefCode":"07","municipality":"南会津郡南会津町","hazardTypes":["flood"],"evidenceLevel":0,"originLevel":0,"hasRecord":false,"recordRelation":null,"status":"historical","disputed":false,"precision":"koaza","areaKey":null,"elements":["kawara"],"summary":"要素辞書に一致（kawara）。出典による裏づけは未確認。","zones":[],"dataset":"old_maps"}},{"type":"Feature","geometry":{"type":"Point","coordinates":[140.919835,36.993067]},"properties":{"id":"07-7c5abf1b3f","name":"下蔵持","reading":null,"pref":"福島県","prefCode":"07","municipality":"いわき市","hazardTypes":["slope_failure","rockfall"],"evidenceLevel":0,"originLevel":0,"hasRecord":false,"recordRelation":null,"status":"historical","disputed":false,"precision":"koaza","areaKey":"072040720","elements":["kura"],"summary":"要素辞書に一致（kura）。出典による裏づけは未確認。","zones":[],"dataset":"old_maps"}},{"type":"Feature","geometry":{"type":"Point","coordinates":[140.966319,37.500122]},"properties":{"id":"07-d7598302e5","name":"加倉","reading":null,"pref":"福島県","prefCode":"07","municipality":"双葉郡浪江町","hazardTypes":["slope_failure","rockfall"],"evidenceLevel":0,"originLevel":0,"hasRecord":false,"recordRelation":null,"status":"historical","disputed":false,"precision":"koaza","areaKey":null,"elements":["kura"],"summary":"要素辞書に一致（kura）。出典による裏づけは未確認。","zones":[],"dataset":"old_maps"}},{"type":"Feature","geometry":{"type":"Point","coordinates":[139.762128,37.611005]},"properties":{"id":"07-8d23fb6d29","name":"夏井","reading":null,"pref":"福島県","prefCode":"07","municipality":"喜多方市","hazardTypes":["debris_flow","slope_failure"],"evidenceLevel":0,"originLevel":0,"hasRecord":false,"recordRelation":null,"status":"historical","disputed":false,"precision":"koaza","areaKey":null,"elements":["nazu_natsu"],"summary":"要素辞書に一致（nazu_natsu）。出典による裏づけは未確認。","zones":[],"dataset":"old_maps"}},{"type":"Feature","geometry":{"type":"Point","coordinates":[140.562177,37.562854]},"properties":{"id":"07-dbaa9baf2a","name":"夏刈","reading":null,"pref":"福島県","prefCode":"07","municipality":"二本松市","hazardTypes":["debris_flow","slope_failure"],"evidenceLevel":0,"originLevel":0,"hasRecord":false,"recordRelation":null,"status":"historical","disputed":false,"precision":"koaza","areaKey":null,"elements":["nazu_natsu","kake"],"summary":"要素辞書に一致（nazu_natsu・kake）。出典による裏づけは未確認。","zones":[],"dataset":"old_maps"}},{"type":"Feature","geometry":{"type":"Point","coordinates":[140.277386,37.450211]},"properties":{"id":"07-e17ce0c63a","name":"夏出","reading":null,"pref":"福島県","prefCode":"07","municipality":"郡山市","hazardTypes":["debris_flow","slope_failure"],"evidenceLevel":0,"originLevel":0,"hasRecord":false,"recordRelation":null,"status":"historical","disputed":false,"precision":"koaza","areaKey":null,"elements":["nazu_natsu"],"summary":"要素辞書に一致（nazu_natsu）。出典による裏づけは未確認。","zones":[],"dataset":"old_maps"}},{"type":"Feature","geometry":{"type":"Point","coordinates":[140.790788,37.494484]},"properties":{"id":"07-f3d4200a05","name":"夏湯","reading":null,"pref":"福島県","prefCode":"07","municipality":"双葉郡葛尾村","hazardTypes":["debris_flow","slope_failure"],"evidenceLevel":0,"originLevel":0,"hasRecord":false,"recordRelation":null,"status":"historical","disputed":false,"precision":"koaza","areaKey":null,"elements":["nazu_natsu"],"summary":"要素辞書に一致（nazu_natsu）。出典による裏づけは未確認。","zones":[],"dataset":"old_maps"}},{"type":"Feature","geometry":{"type":"Point","coordinates":[140.231682,37.096096]},"properties":{"id":"07-55eaa13459","name":"夏梨子","reading":null,"pref":"福島県","prefCode":"07","municipality":"白河市","hazardTypes":["debris_flow","slope_failure"],"evidenceLevel":0,"originLevel":0,"hasRecord":false,"recordRelation":null,"status":"historical","disputed":false,"precision":"koaza","areaKey":null,"elements":["nazu_natsu"],"summary":"要素辞書に一致（nazu_natsu）。出典による裏づけは未確認。","zones":[],"dataset":"old_maps"}},{"type":"Feature","geometry":{"type":"Point","coordinates":[139.765548,37.633733]},"properties":{"id":"07-d05e2dbd3d","name":"河原田","reading":null,"pref":"福島県","prefCode":"07","municipality":"喜多方市","hazardTypes":["flood"],"evidenceLevel":0,"originLevel":0,"hasRecord":false,"recordRelation":null,"status":"historical","disputed":false,"precision":"koaza","areaKey":null,"elements":["kawara"],"summary":"要素辞書に一致（kawara）。出典による裏づけは未確認。","zones":[],"dataset":"old_maps"}},{"type":"Feature","geometry":{"type":"Point","coordinates":[140.48999,37.388214]},"properties":{"id":"07-805356ecfd","name":"過足","reading":null,"pref":"福島県","prefCode":"07","municipality":"田村郡三春町","hazardTypes":["flood","inundation"],"evidenceLevel":0,"originLevel":0,"hasRecord":false,"recordRelation":null,"status":"historical","disputed":false,"precision":"koaza","areaKey":null,"elements":["ashi"],"summary":"要素辞書に一致（ashi）。出典による裏づけは未確認。","zones":[],"dataset":"old_maps"}},{"type":"Feature","geometry":{"type":"Point","coordinates":[140.435727,37.290958]},"properties":{"id":"07-1676e4f5d5","name":"柿ノ草","reading":null,"pref":"福島県","prefCode":"07","municipality":"須賀川市","hazardTypes":["slope_failure"],"evidenceLevel":0,"originLevel":0,"hasRecord":false,"recordRelation":null,"status":"historical","disputed":false,"precision":"koaza","areaKey":"072070170","elements":["kake"],"summary":"要素辞書に一致（kake）。出典による裏づけは未確認。","zones":[],"dataset":"old_maps"}},{"type":"Feature","geometry":{"type":"Point","coordinates":[140.571392,37.747984]},"properties":{"id":"07-3b2ef00866","name":"柿ノ内","reading":null,"pref":"福島県","prefCode":"07","municipality":"伊達市","hazardTypes":["slope_failure"],"evidenceLevel":0,"originLevel":0,"hasRecord":false,"recordRelation":null,"status":"historical","disputed":false,"precision":"koaza","areaKey":"072130390","elements":["kake"],"summary":"要素辞書に一致（kake）。出典による裏づけは未確認。","zones":[],"dataset":"old_maps"}},{"type":"Feature","geometry":{"type":"Point","coordinates":[140.481297,37.095587]},"properties":{"id":"07-cd8ae0a5af","name":"柿ノ木平","reading":null,"pref":"福島県","prefCode":"07","municipality":"石川郡石川町","hazardTypes":["slope_failure"],"evidenceLevel":0,"originLevel":0,"hasRecord":false,"recordRelation":null,"status":"historical","disputed":false,"precision":"koaza","areaKey":null,"elements":["kake"],"summary":"要素辞書に一致（kake）。出典による裏づけは未確認。","zones":[],"dataset":"old_maps"}},{"type":"Feature","geometry":{"type":"Point","coordinates":[140.710695,36.993513]},"properties":{"id":"07-e4612657c9","name":"柿ノ沢","reading":null,"pref":"福島県","prefCode":"07","municipality":"いわき市","hazardTypes":["slope_failure"],"evidenceLevel":0,"originLevel":0,"hasRecord":false,"recordRelation":null,"status":"historical","disputed":false,"precision":"koaza","areaKey":"072042010","elements":["kake"],"summary":"要素辞書に一致（kake）。出典による裏づけは未確認。","zones":[],"dataset":"old_maps"}},{"type":"Feature","geometry":{"type":"Point","coordinates":[140.313787,37.227054]},"properties":{"id":"07-e9f4aa1ebf","name":"柿之内","reading":null,"pref":"福島県","prefCode":"07","municipality":"西白河郡矢吹町","hazardTypes":["slope_failure"],"evidenceLevel":0,"originLevel":0,"hasRecord":false,"recordRelation":null,"status":"historical","disputed":false,"precision":"koaza","areaKey":null,"elements":["kake"],"summary":"要素辞書に一致（kake）。出典による裏づけは未確認。","zones":[],"dataset":"old_maps"}},{"type":"Feature","geometry":{"type":"Point","coordinates":[140.436393,37.467274]},"properties":{"id":"07-4ce99c72f3","name":"柿平","reading":null,"pref":"福島県","prefCode":"07","municipality":"郡山市","hazardTypes":["slope_failure"],"evidenceLevel":0,"originLevel":0,"hasRecord":false,"recordRelation":null,"status":"historical","disputed":false,"precision":"koaza","areaKey":null,"elements":["kake"],"summary":"要素辞書に一致（kake）。出典による裏づけは未確認。","zones":[],"dataset":"old_maps"}},{"type":"Feature","geometry":{"type":"Point","coordinates":[140.911723,37.312906]},"properties":{"id":"07-91c7380705","name":"柿平","reading":null,"pref":"福島県","prefCode":"07","municipality":"双葉郡富岡町","hazardTypes":["slope_failure"],"evidenceLevel":0,"originLevel":0,"hasRecord":false,"recordRelation":null,"status":"historical","disputed":false,"precision":"koaza","areaKey":null,"elements":["kake"],"summary":"要素辞書に一致（kake）。出典による裏づけは未確認。","zones":[],"dataset":"old_maps"}},{"type":"Feature","geometry":{"type":"Point","coordinates":[140.441704,37.692275]},"properties":{"id":"07-b07a499ff3","name":"柿揚","reading":null,"pref":"福島県","prefCode":"07","municipality":"福島市","hazardTypes":["slope_failure"],"evidenceLevel":0,"originLevel":0,"hasRecord":false,"recordRelation":null,"status":"historical","disputed":false,"precision":"koaza","areaKey":"072013080","elements":["kake"],"summary":"要素辞書に一致（kake）。出典による裏づけは未確認。","zones":[],"dataset":"old_maps"}},{"type":"Feature","geometry":{"type":"Point","coordinates":[140.938312,37.727758]},"properties":{"id":"07-273d0509ea","name":"角川原","reading":null,"pref":"福島県","prefCode":"07","municipality":"南相馬市","hazardTypes":["flood"],"evidenceLevel":0,"originLevel":0,"hasRecord":false,"recordRelation":null,"status":"historical","disputed":false,"precision":"koaza","areaKey":"07212065005","elements":["kawara"],"summary":"要素辞書に一致（kawara）。出典による裏づけは未確認。","zones":[],"dataset":"old_maps"}},{"type":"Feature","geometry":{"type":"Point","coordinates":[139.333814,37.381882]},"properties":{"id":"07-890ed00b09","name":"蒲生","reading":null,"pref":"福島県","prefCode":"07","municipality":"南会津郡只見町","hazardTypes":["landslide","soft_ground"],"evidenceLevel":0,"originLevel":0,"hasRecord":false,"recordRelation":null,"status":"historical","disputed":false,"precision":"koaza","areaKey":null,"elements":["wetland_plants"],"summary":"要素辞書に一致（wetland_plants）。出典による裏づけは未確認。","zones":[],"dataset":"old_maps"}},{"type":"Feature","geometry":{"type":"Point","coordinates":[140.23666,37.287448]},"properties":{"id":"07-63f0aad68b","name":"蒲沢","reading":null,"pref":"福島県","prefCode":"07","municipality":"須賀川市","hazardTypes":["landslide","soft_ground"],"evidenceLevel":0,"originLevel":0,"hasRecord":false,"recordRelation":null,"status":"historical","disputed":false,"precision":"koaza","areaKey":"072070410","elements":["wetland_plants"],"summary":"要素辞書に一致（wetland_plants）。出典による裏づけは未確認。","zones":[],"dataset":"old_maps"}},{"type":"Feature","geometry":{"type":"Point","coordinates":[140.497635,37.096865]},"properties":{"id":"07-8b7c563b42","name":"茅刈場","reading":null,"pref":"福島県","prefCode":"07","municipality":"石川郡石川町","hazardTypes":["slope_failure"],"evidenceLevel":0,"originLevel":0,"hasRecord":false,"recordRelation":null,"status":"historical","disputed":false,"precision":"koaza","areaKey":null,"elements":["kake"],"summary":"要素辞書に一致（kake）。出典による裏づけは未確認。","zones":[],"dataset":"old_maps"}},{"type":"Feature","geometry":{"type":"Point","coordinates":[140.88189,37.815357]},"properties":{"id":"07-6b940c870c","name":"萱倉","reading":null,"pref":"福島県","prefCode":"07","municipality":"相馬市","hazardTypes":["slope_failure","rockfall"],"evidenceLevel":0,"originLevel":0,"hasRecord":false,"recordRelation":null,"status":"historical","disputed":false,"precision":"koaza","areaKey":null,"elements":["kura"],"summary":"要素辞書に一致（kura）。出典による裏づけは未確認。","zones":[],"dataset":"old_maps"}},{"type":"Feature","geometry":{"type":"Point","coordinates":[140.163007,37.506866]},"properties":{"id":"07-67392bd79c","name":"刈屋沢","reading":null,"pref":"福島県","prefCode":"07","municipality":"耶麻郡猪苗代町","hazardTypes":["slope_failure"],"evidenceLevel":0,"originLevel":0,"hasRecord":false,"recordRelation":null,"status":"historical","disputed":false,"precision":"koaza","areaKey":null,"elements":["kake"],"summary":"要素辞書に一致（kake）。出典による裏づけは未確認。","zones":[],"dataset":"old_maps"}},{"type":"Feature","geometry":{"type":"Point","coordinates":[139.865919,37.252827]},"properties":{"id":"07-9a001c2594","name":"刈合","reading":null,"pref":"福島県","prefCode":"07","municipality":"南会津郡下郷町","hazardTypes":["slope_failure"],"evidenceLevel":0,"originLevel":0,"hasRecord":false,"recordRelation":null,"status":"historical","disputed":false,"precision":"koaza","areaKey":null,"elements":["kake"],"summary":"要素辞書に一致（kake）。出典による裏づけは未確認。","zones":[],"dataset":"old_maps"}},{"type":"Feature","geometry":{"type":"Point","coordinates":[140.440713,37.113187]},"properties":{"id":"07-69f6477816","name":"岸久内","reading":null,"pref":"福島県","prefCode":"07","municipality":"石川郡浅川町","hazardTypes":["slope_failure"],"evidenceLevel":0,"originLevel":0,"hasRecord":false,"recordRelation":null,"status":"historical","disputed":false,"precision":"koaza","areaKey":null,"elements":["kake"],"summary":"要素辞書に一致（kake）。出典による裏づけは未確認。","zones":[],"dataset":"old_maps"}},{"type":"Feature","geometry":{"type":"Point","coordinates":[140.301193,37.437534]},"properties":{"id":"07-9e65c16c61","name":"岩倉","reading":null,"pref":"福島県","prefCode":"07","municipality":"郡山市","hazardTypes":["slope_failure","rockfall"],"evidenceLevel":0,"originLevel":0,"hasRecord":false,"recordRelation":null,"status":"historical","disputed":false,"precision":"koaza","areaKey":null,"elements":["kura"],"summary":"要素辞書に一致（kura）。出典による裏づけは未確認。","zones":[],"dataset":"old_maps"}},{"type":"Feature","geometry":{"type":"Point","coordinates":[140.526037,37.604546]},"properties":{"id":"07-19536c9a07","name":"岩倉","reading":null,"pref":"福島県","prefCode":"07","municipality":"二本松市","hazardTypes":["slope_failure","rockfall"],"evidenceLevel":0,"originLevel":0,"hasRecord":false,"recordRelation":null,"status":"historical","disputed":false,"precision":"koaza","areaKey":null,"elements":["kura"],"summary":"要素辞書に一致（kura）。出典による裏づけは未確認。","zones":[],"dataset":"old_maps"}},{"type":"Feature","geometry":{"type":"Point","coordinates":[140.60311,37.645673]},"properties":{"id":"07-66a146e6f0","name":"岩倉","reading":null,"pref":"福島県","prefCode":"07","municipality":"伊達郡川俣町","hazardTypes":["slope_failure","rockfall"],"evidenceLevel":0,"originLevel":0,"hasRecord":false,"recordRelation":null,"status":"historical","disputed":false,"precision":"koaza","areaKey":null,"elements":["kura"],"summary":"要素辞書に一致（kura）。出典による裏づけは未確認。","zones":[],"dataset":"old_maps"}},{"type":"Feature","geometry":{"type":"Point","coordinates":[139.927092,37.635124]},"properties":{"id":"07-e0c3913ba1","name":"吉沢","reading":null,"pref":"福島県","prefCode":"07","municipality":"喜多方市","hazardTypes":["landslide","soft_ground"],"evidenceLevel":0,"originLevel":0,"hasRecord":false,"recordRelation":null,"status":"historical","disputed":false,"precision":"koaza","areaKey":null,"elements":["wetland_plants"],"summary":"要素辞書に一致（wetland_plants）。出典による裏づけは未確認。","zones":[],"dataset":"old_maps"}},{"type":"Feature","geometry":{"type":"Point","coordinates":[140.515808,37.435848]},"properties":{"id":"07-a9df9cce46","name":"芹ヶ沢","reading":null,"pref":"福島県","prefCode":"07","municipality":"田村郡三春町","hazardTypes":["landslide","soft_ground"],"evidenceLevel":0,"originLevel":0,"hasRecord":false,"recordRelation":null,"status":"historical","disputed":false,"precision":"koaza","areaKey":null,"elements":["wetland_plants"],"summary":"要素辞書に一致（wetland_plants）。出典による裏づけは未確認。","zones":[],"dataset":"old_maps"}},{"type":"Feature","geometry":{"type":"Point","coordinates":[140.470028,37.539571]},"properties":{"id":"07-07df700f34","name":"芹ノ沢","reading":null,"pref":"福島県","prefCode":"07","municipality":"二本松市","hazardTypes":["landslide","soft_ground"],"evidenceLevel":0,"originLevel":0,"hasRecord":false,"recordRelation":null,"status":"historical","disputed":false,"precision":"koaza","areaKey":null,"elements":["wetland_plants"],"summary":"要素辞書に一致（wetland_plants）。出典による裏づけは未確認。","zones":[],"dataset":"old_maps"}},{"type":"Feature","geometry":{"type":"Point","coordinates":[140.617341,37.641148]},"properties":{"id":"07-2b33a8fea2","name":"芹ノ沢","reading":null,"pref":"福島県","prefCode":"07","municipality":"伊達郡川俣町","hazardTypes":["landslide","soft_ground"],"evidenceLevel":0,"originLevel":0,"hasRecord":false,"recordRelation":null,"status":"historical","disputed":false,"precision":"koaza","areaKey":null,"elements":["wetland_plants"],"summary":"要素辞書に一致（wetland_plants）。出典による裏づけは未確認。","zones":[],"dataset":"old_maps"}},{"type":"Feature","geometry":{"type":"Point","coordinates":[139.626272,37.595767]},"properties":{"id":"07-bc6c005a5f","name":"芹沼","reading":null,"pref":"福島県","prefCode":"07","municipality":"耶麻郡西会津町","hazardTypes":["landslide","soft_ground","inundation"],"evidenceLevel":0,"originLevel":0,"hasRecord":false,"recordRelation":null,"status":"historical","disputed":false,"precision":"koaza","areaKey":null,"elements":["wetland_plants","numa_kata"],"summary":"要素辞書に一致（wetland_plants・numa_kata）。出典による裏づけは未確認。","zones":[],"dataset":"old_maps"}},{"type":"Feature","geometry":{"type":"Point","coordinates":[140.430831,37.442552]},"properties":{"id":"07-d29549e8ad","name":"芹沢","reading":null,"pref":"福島県","prefCode":"07","municipality":"郡山市","hazardTypes":["landslide","soft_ground"],"evidenceLevel":0,"originLevel":0,"hasRecord":false,"recordRelation":null,"status":"historical","disputed":false,"precision":"koaza","areaKey":null,"elements":["wetland_plants"],"summary":"要素辞書に一致（wetland_plants）。出典による裏づけは未確認。","zones":[],"dataset":"old_maps"}},{"type":"Feature","geometry":{"type":"Point","coordinates":[139.768214,37.591526]},"properties":{"id":"07-0da9fe74f0","name":"窪倉","reading":null,"pref":"福島県","prefCode":"07","municipality":"河沼郡会津坂下町","hazardTypes":["slope_failure","rockfall","inundation","landslide"],"evidenceLevel":0,"originLevel":0,"hasRecord":false,"recordRelation":null,"status":"historical","disputed":false,"precision":"koaza","areaKey":null,"elements":["kura","kubo"],"summary":"要素辞書に一致（kura・kubo）。出典による裏づけは未確認。","zones":[],"dataset":"old_maps"}},{"type":"Feature","geometry":{"type":"Point","coordinates":[140.164678,37.156456]},"properties":{"id":"07-1dcd8b3311","name":"熊倉","reading":null,"pref":"福島県","prefCode":"07","municipality":"西白河郡西郷村","hazardTypes":["slope_failure","rockfall"],"evidenceLevel":0,"originLevel":0,"hasRecord":false,"recordRelation":null,"status":"historical","disputed":false,"precision":"koaza","areaKey":null,"elements":["kura"],"summary":"要素辞書に一致（kura）。出典による裏づけは未確認。","zones":[],"dataset":"old_maps"}},{"type":"Feature","geometry":{"type":"Point","coordinates":[140.658388,37.089986]},"properties":{"id":"07-d9c299cff8","name":"熊倉","reading":null,"pref":"福島県","prefCode":"07","municipality":"石川郡古殿町","hazardTypes":["slope_failure","rockfall"],"evidenceLevel":0,"originLevel":0,"hasRecord":false,"recordRelation":null,"status":"historical","disputed":false,"precision":"koaza","areaKey":null,"elements":["kura"],"summary":"要素辞書に一致（kura）。出典による裏づけは未確認。","zones":[],"dataset":"old_maps"}},{"type":"Feature","geometry":{"type":"Point","coordinates":[139.406705,37.314592]},"properties":{"id":"07-c2d71d1d06","name":"熊倉","reading":null,"pref":"福島県","prefCode":"07","municipality":"南会津郡只見町","hazardTypes":["slope_failure","rockfall"],"evidenceLevel":0,"originLevel":0,"hasRecord":false,"recordRelation":null,"status":"historical","disputed":false,"precision":"koaza","areaKey":null,"elements":["kura"],"summary":"要素辞書に一致（kura）。出典による裏づけは未確認。","zones":[],"dataset":"old_maps"}},{"type":"Feature","geometry":{"type":"Point","coordinates":[139.417944,37.31531]},"properties":{"id":"07-3f4abb03ae","name":"熊倉新田","reading":null,"pref":"福島県","prefCode":"07","municipality":"南会津郡只見町","hazardTypes":["slope_failure","rockfall"],"evidenceLevel":0,"originLevel":0,"hasRecord":false,"recordRelation":null,"status":"historical","disputed":false,"precision":"koaza","areaKey":null,"elements":["kura"],"summary":"要素辞書に一致（kura）。出典による裏づけは未確認。","zones":[],"dataset":"old_maps"}},{"type":"Feature","geometry":{"type":"Point","coordinates":[139.948324,37.544041]},"properties":{"id":"07-216ae578bb","name":"古河分","reading":null,"pref":"福島県","prefCode":"07","municipality":"会津若松市","hazardTypes":["flood","inundation"],"evidenceLevel":0,"originLevel":0,"hasRecord":false,"recordRelation":null,"status":"historical","disputed":false,"precision":"koaza","areaKey":"072021640","elements":["furukawa"],"summary":"要素辞書に一致（furukawa）。出典による裏づけは未確認。","zones":[],"dataset":"old_maps"}},{"type":"Feature","geometry":{"type":"Point","coordinates":[140.577422,37.651612]},"properties":{"id":"07-3d38b97826","name":"古菖蒲坂","reading":null,"pref":"福島県","prefCode":"07","municipality":"伊達郡川俣町","hazardTypes":["landslide","soft_ground"],"evidenceLevel":0,"originLevel":0,"hasRecord":false,"recordRelation":null,"status":"historical","disputed":false,"precision":"koaza","areaKey":null,"elements":["wetland_plants"],"summary":"要素辞書に一致（wetland_plants）。出典による裏づけは未確認。","zones":[],"dataset":"old_maps"}},{"type":"Feature","geometry":{"type":"Point","coordinates":[140.547716,37.194214]},"properties":{"id":"07-2cefb3bc7b","name":"古倉","reading":null,"pref":"福島県","prefCode":"07","municipality":"石川郡平田村","hazardTypes":["slope_failure","rockfall"],"evidenceLevel":0,"originLevel":0,"hasRecord":false,"recordRelation":null,"status":"historical","disputed":false,"precision":"koaza","areaKey":null,"elements":["kura"],"summary":"要素辞書に一致（kura）。出典による裏づけは未確認。","zones":[],"dataset":"old_maps"}},{"type":"Feature","geometry":{"type":"Point","coordinates":[140.507318,37.076118]},"properties":{"id":"07-28e3f7e6e5","name":"戸倉","reading":null,"pref":"福島県","prefCode":"07","municipality":"石川郡古殿町","hazardTypes":["slope_failure","rockfall"],"evidenceLevel":0,"originLevel":0,"hasRecord":false,"recordRelation":null,"status":"historical","disputed":false,"precision":"koaza","areaKey":null,"elements":["kura"],"summary":"要素辞書に一致（kura）。出典による裏づけは未確認。","zones":[],"dataset":"old_maps"}},{"type":"Feature","geometry":{"type":"Point","coordinates":[140.569521,37.07872]},"properties":{"id":"07-37f8326d37","name":"戸倉内","reading":null,"pref":"福島県","prefCode":"07","municipality":"石川郡古殿町","hazardTypes":["slope_failure","rockfall"],"evidenceLevel":0,"originLevel":0,"hasRecord":false,"recordRelation":null,"status":"historical","disputed":false,"precision":"koaza","areaKey":null,"elements":["kura"],"summary":"要素辞書に一致（kura）。出典による裏づけは未確認。","zones":[],"dataset":"old_maps"}},{"type":"Feature","geometry":{"type":"Point","coordinates":[140.972538,37.690354]},"properties":{"id":"07-5d7129be9d","name":"江垂","reading":null,"pref":"福島県","prefCode":"07","municipality":"南相馬市","hazardTypes":["slope_failure"],"evidenceLevel":0,"originLevel":0,"hasRecord":false,"recordRelation":null,"status":"historical","disputed":false,"precision":"koaza","areaKey":"07212064007","elements":["kake"],"summary":"要素辞書に一致（kake）。出典による裏づけは未確認。","zones":[],"dataset":"old_maps"}},{"type":"Feature","geometry":{"type":"Point","coordinates":[140.903812,37.633135]},"properties":{"id":"07-db6bc7ef32","name":"高ノ倉","reading":null,"pref":"福島県","prefCode":"07","municipality":"南相馬市","hazardTypes":["slope_failure","rockfall"],"evidenceLevel":0,"originLevel":0,"hasRecord":false,"recordRelation":null,"status":"historical","disputed":false,"precision":"koaza","areaKey":"072120460","elements":["kura"],"summary":"要素辞書に一致（kura）。出典による裏づけは未確認。","zones":[],"dataset":"old_maps"}},{"type":"Feature","geometry":{"type":"Point","coordinates":[140.983347,37.204926]},"properties":{"id":"07-a1e0917658","name":"高倉","reading":null,"pref":"福島県","prefCode":"07","municipality":"双葉郡広野町","hazardTypes":["slope_failure","rockfall"],"evidenceLevel":0,"originLevel":0,"hasRecord":false,"recordRelation":null,"status":"historical","disputed":false,"precision":"koaza","areaKey":null,"elements":["kura"],"summary":"要素辞書に一致（kura）。出典による裏づけは未確認。","zones":[],"dataset":"old_maps"}},{"type":"Feature","geometry":{"type":"Point","coordinates":[139.581569,37.482135]},"properties":{"id":"07-4d62d80175","name":"高倉","reading":null,"pref":"福島県","prefCode":"07","municipality":"大沼郡金山町","hazardTypes":["slope_failure","rockfall"],"evidenceLevel":0,"originLevel":0,"hasRecord":false,"recordRelation":null,"status":"historical","disputed":false,"precision":"koaza","areaKey":null,"elements":["kura"],"summary":"要素辞書に一致（kura）。出典による裏づけは未確認。","zones":[],"dataset":"old_maps"}},{"type":"Feature","geometry":{"type":"Point","coordinates":[140.253761,37.331413]},"properties":{"id":"07-33da9e6d78","name":"今泉梅田","reading":null,"pref":"福島県","prefCode":"07","municipality":"郡山市","hazardTypes":["landslide","slope_failure"],"evidenceLevel":0,"originLevel":0,"hasRecord":false,"recordRelation":null,"status":"historical","disputed":false,"precision":"koaza","areaKey":"07203106007","elements":["ume"],"summary":"要素辞書に一致（ume）。出典による裏づけは未確認。","zones":[],"dataset":"old_maps"}},{"type":"Feature","geometry":{"type":"Point","coordinates":[140.424956,37.066737]},"properties":{"id":"07-6dcfd3760b","name":"根岸","reading":null,"pref":"福島県","prefCode":"07","municipality":"石川郡浅川町","hazardTypes":["slope_failure"],"evidenceLevel":0,"originLevel":0,"hasRecord":false,"recordRelation":null,"status":"historical","disputed":false,"precision":"koaza","areaKey":null,"elements":["kake"],"summary":"要素辞書に一致（kake）。出典による裏づけは未確認。","zones":[],"dataset":"old_maps"}},{"type":"Feature","geometry":{"type":"Point","coordinates":[139.826794,37.501256]},"properties":{"id":"07-2f75bdf720","name":"根岸","reading":null,"pref":"福島県","prefCode":"07","municipality":"大沼郡会津美里町","hazardTypes":["slope_failure"],"evidenceLevel":0,"originLevel":0,"hasRecord":false,"recordRelation":null,"status":"historical","disputed":false,"precision":"koaza","areaKey":null,"elements":["kake"],"summary":"要素辞書に一致（kake）。出典による裏づけは未確認。","zones":[],"dataset":"old_maps"}},{"type":"Feature","geometry":{"type":"Point","coordinates":[139.753123,37.209345]},"properties":{"id":"07-704b1bd2fb","name":"根岸","reading":null,"pref":"福島県","prefCode":"07","municipality":"南会津郡南会津町","hazardTypes":["slope_failure"],"evidenceLevel":0,"originLevel":0,"hasRecord":false,"recordRelation":null,"status":"historical","disputed":false,"precision":"koaza","areaKey":null,"elements":["kake"],"summary":"要素辞書に一致（kake）。出典による裏づけは未確認。","zones":[],"dataset":"old_maps"}},{"type":"Feature","geometry":{"type":"Point","coordinates":[140.649259,37.51652]},"properties":{"id":"07-3997309946","name":"根岸","reading":null,"pref":"福島県","prefCode":"07","municipality":"田村市","hazardTypes":["slope_failure"],"evidenceLevel":0,"originLevel":0,"hasRecord":false,"recordRelation":null,"status":"historical","disputed":false,"precision":"koaza","areaKey":"072110130","elements":["kake"],"summary":"要素辞書に一致（kake）。出典による裏づけは未確認。","zones":[],"dataset":"old_maps"}},{"type":"Feature","geometry":{"type":"Point","coordinates":[140.488289,37.643895]},"properties":{"id":"07-58b486550c","name":"佐久間","reading":null,"pref":"福島県","prefCode":"07","municipality":"二本松市","hazardTypes":["flood"],"evidenceLevel":0,"originLevel":0,"hasRecord":false,"recordRelation":null,"status":"historical","disputed":false,"precision":"koaza","areaKey":null,"elements":["sake"],"summary":"要素辞書に一致（sake）。出典による裏づけは未確認。","zones":[],"dataset":"old_maps"}},{"type":"Feature","geometry":{"type":"Point","coordinates":[140.729057,36.92697]},"properties":{"id":"07-9c87420f01","name":"佐倉","reading":null,"pref":"福島県","prefCode":"07","municipality":"いわき市","hazardTypes":["slope_failure","rockfall"],"evidenceLevel":0,"originLevel":0,"hasRecord":false,"recordRelation":null,"status":"historical","disputed":false,"precision":"koaza","areaKey":"072041050","elements":["kura"],"summary":"要素辞書に一致（kura）。出典による裏づけは未確認。","zones":[],"dataset":"old_maps"}},{"type":"Feature","geometry":{"type":"Point","coordinates":[139.635576,37.325036]},"properties":{"id":"07-60681dd658","name":"佐倉","reading":null,"pref":"福島県","prefCode":"07","municipality":"大沼郡昭和村","hazardTypes":["slope_failure","rockfall"],"evidenceLevel":0,"originLevel":0,"hasRecord":false,"recordRelation":null,"status":"historical","disputed":false,"precision":"koaza","areaKey":null,"elements":["kura"],"summary":"要素辞書に一致（kura）。出典による裏づけは未確認。","zones":[],"dataset":"old_maps"}},{"type":"Feature","geometry":{"type":"Point","coordinates":[140.308344,37.115395]},"properties":{"id":"07-e60fbad510","name":"細倉","reading":null,"pref":"福島県","prefCode":"07","municipality":"白河市","hazardTypes":["slope_failure","rockfall","flood"],"evidenceLevel":0,"originLevel":0,"hasRecord":false,"recordRelation":null,"status":"historical","disputed":false,"precision":"koaza","areaKey":null,"elements":["kura","hoso_fusegu"],"summary":"要素辞書に一致（kura・hoso_fusegu）。出典による裏づけは未確認。","zones":[],"dataset":"old_maps"}},{"type":"Feature","geometry":{"type":"Point","coordinates":[139.873661,37.753602]},"properties":{"id":"07-a82bb6abec","name":"三ノ倉","reading":null,"pref":"福島県","prefCode":"07","municipality":"喜多方市","hazardTypes":["slope_failure","rockfall"],"evidenceLevel":0,"originLevel":0,"hasRecord":false,"recordRelation":null,"status":"historical","disputed":false,"precision":"koaza","areaKey":null,"elements":["kura"],"summary":"要素辞書に一致（kura）。出典による裏づけは未確認。","zones":[],"dataset":"old_maps"}},{"type":"Feature","geometry":{"type":"Point","coordinates":[140.456423,37.224463]},"properties":{"id":"07-b127ee2026","name":"三蔵","reading":null,"pref":"福島県","prefCode":"07","municipality":"石川郡玉川村","hazardTypes":["slope_failure","rockfall"],"evidenceLevel":0,"originLevel":0,"hasRecord":false,"recordRelation":null,"status":"historical","disputed":false,"precision":"koaza","areaKey":null,"elements":["kura"],"summary":"要素辞書に一致（kura）。出典による裏づけは未確認。","zones":[],"dataset":"old_maps"}},{"type":"Feature","geometry":{"type":"Point","coordinates":[140.991975,37.10695]},"properties":{"id":"07-d13b3efc89","name":"四ッ倉","reading":null,"pref":"福島県","prefCode":"07","municipality":"いわき市","hazardTypes":["slope_failure","rockfall"],"evidenceLevel":0,"originLevel":0,"hasRecord":false,"recordRelation":null,"status":"historical","disputed":false,"precision":"koaza","areaKey":"072041410","elements":["kura"],"summary":"要素辞書に一致（kura）。出典による裏づけは未確認。","zones":[],"dataset":"old_maps"}},{"type":"Feature","geometry":{"type":"Point","coordinates":[140.334963,37.098284]},"properties":{"id":"07-8bec22fb51","name":"市倉","reading":null,"pref":"福島県","prefCode":"07","municipality":"白河市","hazardTypes":["slope_failure","rockfall"],"evidenceLevel":0,"originLevel":0,"hasRecord":false,"recordRelation":null,"status":"historical","disputed":false,"precision":"koaza","areaKey":"072050230","elements":["kura"],"summary":"要素辞書に一致（kura）。出典による裏づけは未確認。","zones":[],"dataset":"old_maps"}},{"type":"Feature","geometry":{"type":"Point","coordinates":[139.93947,37.636293]},"properties":{"id":"07-bcba9e44a6","name":"獅子沢","reading":null,"pref":"福島県","prefCode":"07","municipality":"喜多方市","hazardTypes":["landslide","soft_ground"],"evidenceLevel":0,"originLevel":0,"hasRecord":false,"recordRelation":null,"status":"historical","disputed":false,"precision":"koaza","areaKey":"07208006016","elements":["shishi"],"summary":"要素辞書に一致（shishi）。出典による裏づけは未確認。","zones":[],"dataset":"old_maps"}},{"type":"Feature","geometry":{"type":"Point","coordinates":[140.448123,37.151487]},"properties":{"id":"07-cb7cbbebc5","name":"鹿ノ坂","reading":null,"pref":"福島県","prefCode":"07","municipality":"石川郡石川町","hazardTypes":["landslide","soft_ground"],"evidenceLevel":0,"originLevel":0,"hasRecord":false,"recordRelation":null,"status":"historical","disputed":false,"precision":"koaza","areaKey":null,"elements":["shishi"],"summary":"要素辞書に一致（shishi）。出典による裏づけは未確認。","zones":[],"dataset":"old_maps"}},{"type":"Feature","geometry":{"type":"Point","coordinates":[140.62122,37.458623]},"properties":{"id":"07-cb93c442f3","name":"鹿山","reading":null,"pref":"福島県","prefCode":"07","municipality":"田村市","hazardTypes":["landslide","soft_ground"],"evidenceLevel":0,"originLevel":0,"hasRecord":false,"recordRelation":null,"status":"historical","disputed":false,"precision":"koaza","areaKey":null,"elements":["shishi"],"summary":"要素辞書に一致（shishi）。出典による裏づけは未確認。","zones":[],"dataset":"old_maps"}},{"type":"Feature","geometry":{"type":"Point","coordinates":[140.434453,37.709854]},"properties":{"id":"07-17d3e2cc8c","name":"鹿島","reading":null,"pref":"福島県","prefCode":"07","municipality":"福島市","hazardTypes":["landslide","soft_ground"],"evidenceLevel":0,"originLevel":0,"hasRecord":false,"recordRelation":null,"status":"historical","disputed":false,"precision":"koaza","areaKey":"072013070","elements":["shishi"],"summary":"要素辞書に一致（shishi）。出典による裏づけは未確認。","zones":[],"dataset":"old_maps"}},{"type":"Feature","geometry":{"type":"Point","coordinates":[140.968912,37.705282]},"properties":{"id":"07-d257d851f4","name":"鹿島","reading":null,"pref":"福島県","prefCode":"07","municipality":"南相馬市","hazardTypes":["landslide","soft_ground"],"evidenceLevel":0,"originLevel":0,"hasRecord":false,"recordRelation":null,"status":"historical","disputed":false,"precision":"koaza","areaKey":null,"elements":["shishi"],"summary":"要素辞書に一致（shishi）。出典による裏づけは未確認。","zones":[],"dataset":"old_maps"}},{"type":"Feature","geometry":{"type":"Point","coordinates":[139.673655,37.517018]},"properties":{"id":"07-58cc9198c5","name":"芝倉","reading":null,"pref":"福島県","prefCode":"07","municipality":"河沼郡柳津町","hazardTypes":["slope_failure","rockfall"],"evidenceLevel":0,"originLevel":0,"hasRecord":false,"recordRelation":null,"status":"historical","disputed":false,"precision":"koaza","areaKey":null,"elements":["kura"],"summary":"要素辞書に一致（kura）。出典による裏づけは未確認。","zones":[],"dataset":"old_maps"}},{"type":"Feature","geometry":{"type":"Point","coordinates":[140.853538,37.683775]},"properties":{"id":"07-7332139c49","name":"蛇石","reading":null,"pref":"福島県","prefCode":"07","municipality":"南相馬市","hazardTypes":["slope_failure","debris_flow"],"evidenceLevel":0,"originLevel":0,"hasRecord":false,"recordRelation":null,"status":"historical","disputed":false,"precision":"koaza","areaKey":null,"elements":["ja"],"summary":"要素辞書に一致（ja）。出典による裏づけは未確認。","zones":[],"dataset":"old_maps"}},{"type":"Feature","geometry":{"type":"Point","coordinates":[140.48189,37.412136]},"properties":{"id":"07-ecc2897746","name":"蛇沢","reading":null,"pref":"福島県","prefCode":"07","municipality":"田村郡三春町","hazardTypes":["slope_failure","debris_flow"],"evidenceLevel":0,"originLevel":0,"hasRecord":false,"recordRelation":null,"status":"historical","disputed":false,"precision":"koaza","areaKey":null,"elements":["ja"],"summary":"要素辞書に一致（ja）。出典による裏づけは未確認。","zones":[],"dataset":"old_maps"}},{"type":"Feature","geometry":{"type":"Point","coordinates":[140.468451,37.052228]},"properties":{"id":"07-a1f4e19f66","name":"酒垂","reading":null,"pref":"福島県","prefCode":"07","municipality":"東白川郡鮫川村","hazardTypes":["slope_failure"],"evidenceLevel":0,"originLevel":0,"hasRecord":false,"recordRelation":null,"status":"historical","disputed":false,"precision":"koaza","areaKey":null,"elements":["kake"],"summary":"要素辞書に一致（kake）。出典による裏づけは未確認。","zones":[],"dataset":"old_maps"}},{"type":"Feature","geometry":{"type":"Point","coordinates":[139.709039,37.515919]},"properties":{"id":"07-b29125b811","name":"出倉","reading":null,"pref":"福島県","prefCode":"07","municipality":"河沼郡柳津町","hazardTypes":["slope_failure","rockfall"],"evidenceLevel":0,"originLevel":0,"hasRecord":false,"recordRelation":null,"status":"historical","disputed":false,"precision":"koaza","areaKey":null,"elements":["kura"],"summary":"要素辞書に一致（kura）。出典による裏づけは未確認。","zones":[],"dataset":"old_maps"}},{"type":"Feature","geometry":{"type":"Point","coordinates":[140.74414,36.882975]},"properties":{"id":"07-e13f16b410","name":"出蔵","reading":null,"pref":"福島県","prefCode":"07","municipality":"いわき市","hazardTypes":["slope_failure","rockfall"],"evidenceLevel":0,"originLevel":0,"hasRecord":false,"recordRelation":null,"status":"historical","disputed":false,"precision":"koaza","areaKey":null,"elements":["kura"],"summary":"要素辞書に一致（kura）。出典による裏づけは未確認。","zones":[],"dataset":"old_maps"}},{"type":"Feature","geometry":{"type":"Point","coordinates":[140.356466,37.050468]},"properties":{"id":"07-e85416b870","name":"小菅生","reading":null,"pref":"福島県","prefCode":"07","municipality":"東白川郡棚倉町","hazardTypes":["landslide","soft_ground"],"evidenceLevel":0,"originLevel":0,"hasRecord":false,"recordRelation":null,"status":"historical","disputed":false,"precision":"koaza","areaKey":null,"elements":["wetland_plants"],"summary":"要素辞書に一致（wetland_plants）。出典による裏づけは未確認。","zones":[],"dataset":"old_maps"}},{"type":"Feature","geometry":{"type":"Point","coordinates":[140.070539,37.425796]},"properties":{"id":"07-7f3a8d9dcc","name":"小倉沢","reading":null,"pref":"福島県","prefCode":"07","municipality":"会津若松市","hazardTypes":["slope_failure","rockfall"],"evidenceLevel":0,"originLevel":0,"hasRecord":false,"recordRelation":null,"status":"historical","disputed":false,"precision":"koaza","areaKey":"072020780","elements":["kura"],"summary":"要素辞書に一致（kura）。出典による裏づけは未確認。","zones":[],"dataset":"old_maps"}},{"type":"Feature","geometry":{"type":"Point","coordinates":[140.16075,37.128133]},"properties":{"id":"07-76d01ec678","name":"小田倉","reading":null,"pref":"福島県","prefCode":"07","municipality":"西白河郡西郷村","hazardTypes":["slope_failure","rockfall"],"evidenceLevel":0,"originLevel":0,"hasRecord":false,"recordRelation":null,"status":"historical","disputed":false,"precision":"koaza","areaKey":null,"elements":["kura"],"summary":"要素辞書に一致（kura）。出典による裏づけは未確認。","zones":[],"dataset":"old_maps"}},{"type":"Feature","geometry":{"type":"Point","coordinates":[139.672677,37.452352]},"properties":{"id":"07-99d0fcdca5","name":"小野川原","reading":null,"pref":"福島県","prefCode":"07","municipality":"河沼郡柳津町","hazardTypes":["flood"],"evidenceLevel":0,"originLevel":0,"hasRecord":false,"recordRelation":null,"status":"historical","disputed":false,"precision":"koaza","areaKey":null,"elements":["kawara"],"summary":"要素辞書に一致（kawara）。出典による裏づけは未確認。","zones":[],"dataset":"old_maps"}},{"type":"Feature","geometry":{"type":"Point","coordinates":[140.976919,37.460473]},"properties":{"id":"07-db818eeb38","name":"松倉","reading":null,"pref":"福島県","prefCode":"07","municipality":"双葉郡双葉町","hazardTypes":["slope_failure","rockfall"],"evidenceLevel":0,"originLevel":0,"hasRecord":false,"recordRelation":null,"status":"historical","disputed":false,"precision":"koaza","areaKey":null,"elements":["kura"],"summary":"要素辞書に一致（kura）。出典による裏づけは未確認。","zones":[],"dataset":"old_maps"}},{"type":"Feature","geometry":{"type":"Point","coordinates":[139.751377,37.357212]},"properties":{"id":"07-61c3f1daff","name":"松倉","reading":null,"pref":"福島県","prefCode":"07","municipality":"大沼郡会津美里町","hazardTypes":["slope_failure","rockfall"],"evidenceLevel":0,"originLevel":0,"hasRecord":false,"recordRelation":null,"status":"historical","disputed":false,"precision":"koaza","areaKey":null,"elements":["kura"],"summary":"要素辞書に一致（kura）。出典による裏づけは未確認。","zones":[],"dataset":"old_maps"}},{"type":"Feature","geometry":{"type":"Point","coordinates":[140.124111,37.577365]},"properties":{"id":"07-641b12135a","name":"沼ノ倉","reading":null,"pref":"福島県","prefCode":"07","municipality":"耶麻郡猪苗代町","hazardTypes":["slope_failure","rockfall","soft_ground","inundation"],"evidenceLevel":0,"originLevel":0,"hasRecord":false,"recordRelation":null,"status":"historical","disputed":false,"precision":"koaza","areaKey":null,"elements":["kura","numa_kata"],"summary":"要素辞書に一致（kura・numa_kata）。出典による裏づけは未確認。","zones":[],"dataset":"old_maps"}},{"type":"Feature","geometry":{"type":"Point","coordinates":[140.767151,37.073869]},"properties":{"id":"07-8da8463130","name":"菖蒲","reading":null,"pref":"福島県","prefCode":"07","municipality":"いわき市","hazardTypes":["landslide","soft_ground"],"evidenceLevel":0,"originLevel":0,"hasRecord":false,"recordRelation":null,"status":"historical","disputed":false,"precision":"koaza","areaKey":"072041940","elements":["wetland_plants"],"summary":"要素辞書に一致（wetland_plants）。出典による裏づけは未確認。","zones":[],"dataset":"old_maps"}},{"type":"Feature","geometry":{"type":"Point","coordinates":[140.969322,37.14498]},"properties":{"id":"07-642e661937","name":"菖蒲作","reading":null,"pref":"福島県","prefCode":"07","municipality":"いわき市","hazardTypes":["landslide","soft_ground"],"evidenceLevel":0,"originLevel":0,"hasRecord":false,"recordRelation":null,"status":"historical","disputed":false,"precision":"koaza","areaKey":"072042140","elements":["wetland_plants"],"summary":"要素辞書に一致（wetland_plants）。出典による裏づけは未確認。","zones":[],"dataset":"old_maps"}},{"type":"Feature","geometry":{"type":"Point","coordinates":[140.599542,37.276405]},"properties":{"id":"07-bd0af24c64","name":"菖蒲谷","reading":null,"pref":"福島県","prefCode":"07","municipality":"田村郡小野町","hazardTypes":["landslide","soft_ground"],"evidenceLevel":0,"originLevel":0,"hasRecord":false,"recordRelation":null,"status":"historical","disputed":false,"precision":"koaza","areaKey":null,"elements":["wetland_plants"],"summary":"要素辞書に一致（wetland_plants）。出典による裏づけは未確認。","zones":[],"dataset":"old_maps"}},{"type":"Feature","geometry":{"type":"Point","coordinates":[140.919352,37.162805]},"properties":{"id":"07-3ed5d1fb6c","name":"菖蒲平","reading":null,"pref":"福島県","prefCode":"07","municipality":"いわき市","hazardTypes":["landslide","soft_ground"],"evidenceLevel":0,"originLevel":0,"hasRecord":false,"recordRelation":null,"status":"historical","disputed":false,"precision":"koaza","areaKey":"072041590","elements":["wetland_plants"],"summary":"要素辞書に一致（wetland_plants）。出典による裏づけは未確認。","zones":[],"dataset":"old_maps"}},{"type":"Feature","geometry":{"type":"Point","coordinates":[140.152165,37.272938]},"properties":{"id":"07-120d924240","name":"菖蒲沢","reading":null,"pref":"福島県","prefCode":"07","municipality":"岩瀬郡天栄村","hazardTypes":["landslide","soft_ground"],"evidenceLevel":0,"originLevel":0,"hasRecord":false,"recordRelation":null,"status":"historical","disputed":false,"precision":"koaza","areaKey":null,"elements":["wetland_plants"],"summary":"要素辞書に一致（wetland_plants）。出典による裏づけは未確認。","zones":[],"dataset":"old_maps"}},{"type":"Feature","geometry":{"type":"Point","coordinates":[140.504872,37.280741]},"properties":{"id":"07-76c4171028","name":"菖蒲沢","reading":null,"pref":"福島県","prefCode":"07","municipality":"郡山市","hazardTypes":["landslide","soft_ground"],"evidenceLevel":0,"originLevel":0,"hasRecord":false,"recordRelation":null,"status":"historical","disputed":false,"precision":"koaza","areaKey":null,"elements":["wetland_plants"],"summary":"要素辞書に一致（wetland_plants）。出典による裏づけは未確認。","zones":[],"dataset":"old_maps"}},{"type":"Feature","geometry":{"type":"Point","coordinates":[140.485955,37.378172]},"properties":{"id":"07-039244d573","name":"上過足","reading":null,"pref":"福島県","prefCode":"07","municipality":"田村郡三春町","hazardTypes":["flood","inundation"],"evidenceLevel":0,"originLevel":0,"hasRecord":false,"recordRelation":null,"status":"historical","disputed":false,"precision":"koaza","areaKey":null,"elements":["ashi"],"summary":"要素辞書に一致（ashi）。出典による裏づけは未確認。","zones":[],"dataset":"old_maps"}},{"type":"Feature","geometry":{"type":"Point","coordinates":[139.85815,37.711116]},"properties":{"id":"07-35b02a8592","name":"上根岸","reading":null,"pref":"福島県","prefCode":"07","municipality":"喜多方市","hazardTypes":["slope_failure"],"evidenceLevel":0,"originLevel":0,"hasRecord":false,"recordRelation":null,"status":"historical","disputed":false,"precision":"koaza","areaKey":null,"elements":["kake"],"summary":"要素辞書に一致（kake）。出典による裏づけは未確認。","zones":[],"dataset":"old_maps"}},{"type":"Feature","geometry":{"type":"Point","coordinates":[140.619336,37.458456]},"properties":{"id":"07-21ba7c5775","name":"上鹿山","reading":null,"pref":"福島県","prefCode":"07","municipality":"田村市","hazardTypes":["landslide","soft_ground"],"evidenceLevel":0,"originLevel":0,"hasRecord":false,"recordRelation":null,"status":"historical","disputed":false,"precision":"koaza","areaKey":null,"elements":["shishi"],"summary":"要素辞書に一致（shishi）。出典による裏づけは未確認。","zones":[],"dataset":"old_maps"}},{"type":"Feature","geometry":{"type":"Point","coordinates":[140.927117,36.9924]},"properties":{"id":"07-685ae4decb","name":"上蔵持","reading":null,"pref":"福島県","prefCode":"07","municipality":"いわき市","hazardTypes":["slope_failure","rockfall"],"evidenceLevel":0,"originLevel":0,"hasRecord":false,"recordRelation":null,"status":"historical","disputed":false,"precision":"koaza","areaKey":"072046080","elements":["kura"],"summary":"要素辞書に一致（kura）。出典による裏づけは未確認。","zones":[],"dataset":"old_maps"}},{"type":"Feature","geometry":{"type":"Point","coordinates":[140.551663,37.601424]},"properties":{"id":"07-09da828b83","name":"深田","reading":null,"pref":"福島県","prefCode":"07","municipality":"二本松市","hazardTypes":["soft_ground","inundation"],"evidenceLevel":0,"originLevel":0,"hasRecord":false,"recordRelation":null,"status":"historical","disputed":false,"precision":"koaza","areaKey":null,"elements":["fuke"],"summary":"要素辞書に一致（fuke）。出典による裏づけは未確認。","zones":[],"dataset":"old_maps"}},{"type":"Feature","geometry":{"type":"Point","coordinates":[139.844433,37.271045]},"properties":{"id":"07-da9ecc4dd0","name":"水抜","reading":null,"pref":"福島県","prefCode":"07","municipality":"南会津郡下郷町","hazardTypes":["slope_failure"],"evidenceLevel":0,"originLevel":0,"hasRecord":false,"recordRelation":null,"status":"historical","disputed":false,"precision":"koaza","areaKey":null,"elements":["nuke"],"summary":"要素辞書に一致（nuke）。出典による裏づけは未確認。","zones":[],"dataset":"old_maps"}},{"type":"Feature","geometry":{"type":"Point","coordinates":[140.685454,37.590154]},"properties":{"id":"07-c8fbc0c1e7","name":"菅ノ又","reading":null,"pref":"福島県","prefCode":"07","municipality":"伊達郡川俣町","hazardTypes":["landslide","soft_ground"],"evidenceLevel":0,"originLevel":0,"hasRecord":false,"recordRelation":null,"status":"historical","disputed":false,"precision":"koaza","areaKey":null,"elements":["wetland_plants"],"summary":"要素辞書に一致（wetland_plants）。出典による裏づけは未確認。","zones":[],"dataset":"old_maps"}},{"type":"Feature","geometry":{"type":"Point","coordinates":[139.872278,37.627272]},"properties":{"id":"07-2543b3a4ee","name":"菅井","reading":null,"pref":"福島県","prefCode":"07","municipality":"喜多方市","hazardTypes":["landslide","soft_ground"],"evidenceLevel":0,"originLevel":0,"hasRecord":false,"recordRelation":null,"status":"historical","disputed":false,"precision":"koaza","areaKey":null,"elements":["wetland_plants"],"summary":"要素辞書に一致（wetland_plants）。出典による裏づけは未確認。","zones":[],"dataset":"old_maps"}},{"type":"Feature","geometry":{"type":"Point","coordinates":[139.775591,37.43608]},"properties":{"id":"07-ee614116dd","name":"菅沼","reading":null,"pref":"福島県","prefCode":"07","municipality":"大沼郡会津美里町","hazardTypes":["landslide","soft_ground","inundation"],"evidenceLevel":0,"originLevel":0,"hasRecord":false,"recordRelation":null,"status":"historical","disputed":false,"precision":"koaza","areaKey":null,"elements":["wetland_plants","numa_kata"],"summary":"要素辞書に一致（wetland_plants・numa_kata）。出典による裏づけは未確認。","zones":[],"dataset":"old_maps"}},{"type":"Feature","geometry":{"type":"Point","coordinates":[139.960593,37.378285]},"properties":{"id":"07-786e5a757a","name":"菅沼","reading":null,"pref":"福島県","prefCode":"07","municipality":"会津若松市","hazardTypes":["landslide","soft_ground","inundation"],"evidenceLevel":0,"originLevel":0,"hasRecord":false,"recordRelation":null,"status":"historical","disputed":false,"precision":"koaza","areaKey":null,"elements":["wetland_plants","numa_kata"],"summary":"要素辞書に一致（wetland_plants・numa_kata）。出典による裏づけは未確認。","zones":[],"dataset":"old_maps"}},{"type":"Feature","geometry":{"type":"Point","coordinates":[139.937437,37.703251]},"properties":{"id":"07-53b942c156","name":"菅沼","reading":null,"pref":"福島県","prefCode":"07","municipality":"喜多方市","hazardTypes":["landslide","soft_ground","inundation"],"evidenceLevel":0,"originLevel":0,"hasRecord":false,"recordRelation":null,"status":"historical","disputed":false,"precision":"koaza","areaKey":"07208005002","elements":["wetland_plants","numa_kata"],"summary":"要素辞書に一致（wetland_plants・numa_kata）。出典による裏づけは未確認。","zones":[],"dataset":"old_maps"}},{"type":"Feature","geometry":{"type":"Point","coordinates":[140.641304,37.358181]},"properties":{"id":"07-e5445a1844","name":"菅谷","reading":null,"pref":"福島県","prefCode":"07","municipality":"田村市","hazardTypes":["landslide","soft_ground"],"evidenceLevel":0,"originLevel":0,"hasRecord":false,"recordRelation":null,"status":"historical","disputed":false,"precision":"koaza","areaKey":"072110230","elements":["wetland_plants"],"summary":"要素辞書に一致（wetland_plants）。出典による裏づけは未確認。","zones":[],"dataset":"old_maps"}},{"type":"Feature","geometry":{"type":"Point","coordinates":[140.476514,37.157621]},"properties":{"id":"07-d1c9a9cadd","name":"菅田","reading":null,"pref":"福島県","prefCode":"07","municipality":"石川郡石川町","hazardTypes":["landslide","soft_ground"],"evidenceLevel":0,"originLevel":0,"hasRecord":false,"recordRelation":null,"status":"historical","disputed":false,"precision":"koaza","areaKey":null,"elements":["wetland_plants"],"summary":"要素辞書に一致（wetland_plants）。出典による裏づけは未確認。","zones":[],"dataset":"old_maps"}},{"type":"Feature","geometry":{"type":"Point","coordinates":[140.482424,37.077583]},"properties":{"id":"07-d1c8d315e0","name":"菅田","reading":null,"pref":"福島県","prefCode":"07","municipality":"東白川郡鮫川村","hazardTypes":["landslide","soft_ground"],"evidenceLevel":0,"originLevel":0,"hasRecord":false,"recordRelation":null,"status":"historical","disputed":false,"precision":"koaza","areaKey":null,"elements":["wetland_plants"],"summary":"要素辞書に一致（wetland_plants）。出典による裏づけは未確認。","zones":[],"dataset":"old_maps"}},{"type":"Feature","geometry":{"type":"Point","coordinates":[140.695179,37.707594]},"properties":{"id":"07-dc09a5687b","name":"菅田","reading":null,"pref":"福島県","prefCode":"07","municipality":"相馬郡飯舘村","hazardTypes":["landslide","soft_ground"],"evidenceLevel":0,"originLevel":0,"hasRecord":false,"recordRelation":null,"status":"historical","disputed":false,"precision":"koaza","areaKey":null,"elements":["wetland_plants"],"summary":"要素辞書に一致（wetland_plants）。出典による裏づけは未確認。","zones":[],"dataset":"old_maps"}},{"type":"Feature","geometry":{"type":"Point","coordinates":[140.944103,37.05035]},"properties":{"id":"07-3e436d8451","name":"菅波","reading":null,"pref":"福島県","prefCode":"07","municipality":"いわき市","hazardTypes":["landslide","soft_ground"],"evidenceLevel":0,"originLevel":0,"hasRecord":false,"recordRelation":null,"status":"historical","disputed":false,"precision":"koaza","areaKey":"072040330","elements":["wetland_plants"],"summary":"要素辞書に一致（wetland_plants）。出典による裏づけは未確認。","zones":[],"dataset":"old_maps"}},{"type":"Feature","geometry":{"type":"Point","coordinates":[140.535468,37.403223]},"properties":{"id":"07-a7c98ccb5a","name":"菅又","reading":null,"pref":"福島県","prefCode":"07","municipality":"田村市","hazardTypes":["landslide","soft_ground"],"evidenceLevel":0,"originLevel":0,"hasRecord":false,"recordRelation":null,"status":"historical","disputed":false,"precision":"koaza","areaKey":"072110150","elements":["wetland_plants"],"summary":"要素辞書に一致（wetland_plants）。出典による裏づけは未確認。","zones":[],"dataset":"old_maps"}},{"type":"Feature","geometry":{"type":"Point","coordinates":[140.483358,37.07199]},"properties":{"id":"07-ed1e0fb443","name":"菅野目","reading":null,"pref":"福島県","prefCode":"07","municipality":"東白川郡鮫川村","hazardTypes":["landslide","soft_ground"],"evidenceLevel":0,"originLevel":0,"hasRecord":false,"recordRelation":null,"status":"historical","disputed":false,"precision":"koaza","areaKey":null,"elements":["wetland_plants"],"summary":"要素辞書に一致（wetland_plants）。出典による裏づけは未確認。","zones":[],"dataset":"old_maps"}},{"type":"Feature","geometry":{"type":"Point","coordinates":[140.646486,37.622831]},"properties":{"id":"07-f1dc17ec5e","name":"菅立目","reading":null,"pref":"福島県","prefCode":"07","municipality":"伊達郡川俣町","hazardTypes":["landslide","soft_ground"],"evidenceLevel":0,"originLevel":0,"hasRecord":false,"recordRelation":null,"status":"historical","disputed":false,"precision":"koaza","areaKey":null,"elements":["wetland_plants"],"summary":"要素辞書に一致（wetland_plants）。出典による裏づけは未確認。","zones":[],"dataset":"old_maps"}},{"type":"Feature","geometry":{"type":"Point","coordinates":[140.736574,37.649814]},"properties":{"id":"07-380ad1e6b7","name":"赤石沢","reading":null,"pref":"福島県","prefCode":"07","municipality":"相馬郡飯舘村","hazardTypes":["landslide"],"evidenceLevel":0,"originLevel":0,"hasRecord":false,"recordRelation":null,"status":"historical","disputed":false,"precision":"koaza","areaKey":null,"elements":["geology_names"],"summary":"要素辞書に一致（geology_names）。出典による裏づけは未確認。","zones":[],"dataset":"old_maps"}},{"type":"Feature","geometry":{"type":"Point","coordinates":[139.765832,37.245481]},"properties":{"id":"07-543090253e","name":"赤土","reading":null,"pref":"福島県","prefCode":"07","municipality":"南会津郡南会津町","hazardTypes":["landslide"],"evidenceLevel":0,"originLevel":0,"hasRecord":false,"recordRelation":null,"status":"historical","disputed":false,"precision":"koaza","areaKey":null,"elements":["geology_names"],"summary":"要素辞書に一致（geology_names）。出典による裏づけは未確認。","zones":[],"dataset":"old_maps"}},{"type":"Feature","geometry":{"type":"Point","coordinates":[140.527464,37.618928]},"properties":{"id":"07-14850f2491","name":"赤土","reading":null,"pref":"福島県","prefCode":"07","municipality":"二本松市","hazardTypes":["landslide"],"evidenceLevel":0,"originLevel":0,"hasRecord":false,"recordRelation":null,"status":"historical","disputed":false,"precision":"koaza","areaKey":null,"elements":["geology_names"],"summary":"要素辞書に一致（geology_names）。出典による裏づけは未確認。","zones":[],"dataset":"old_maps"}},{"type":"Feature","geometry":{"type":"Point","coordinates":[139.818161,37.438382]},"properties":{"id":"07-60b1a262a4","name":"川原","reading":null,"pref":"福島県","prefCode":"07","municipality":"大沼郡会津美里町","hazardTypes":["flood"],"evidenceLevel":0,"originLevel":0,"hasRecord":false,"recordRelation":null,"status":"historical","disputed":false,"precision":"koaza","areaKey":null,"elements":["kawara"],"summary":"要素辞書に一致（kawara）。出典による裏づけは未確認。","zones":[],"dataset":"old_maps"}},{"type":"Feature","geometry":{"type":"Point","coordinates":[139.881724,37.504439]},"properties":{"id":"07-04ea97112d","name":"川原","reading":null,"pref":"福島県","prefCode":"07","municipality":"会津若松市","hazardTypes":["flood"],"evidenceLevel":0,"originLevel":0,"hasRecord":false,"recordRelation":null,"status":"historical","disputed":false,"precision":"koaza","areaKey":"072021430","elements":["kawara"],"summary":"要素辞書に一致（kawara）。出典による裏づけは未確認。","zones":[],"dataset":"old_maps"}},{"type":"Feature","geometry":{"type":"Point","coordinates":[139.851713,37.644838]},"properties":{"id":"07-9316971231","name":"川原","reading":null,"pref":"福島県","prefCode":"07","municipality":"喜多方市","hazardTypes":["flood"],"evidenceLevel":0,"originLevel":0,"hasRecord":false,"recordRelation":null,"status":"historical","disputed":false,"precision":"koaza","areaKey":"07208007002","elements":["kawara"],"summary":"要素辞書に一致（kawara）。出典による裏づけは未確認。","zones":[],"dataset":"old_maps"}},{"type":"Feature","geometry":{"type":"Point","coordinates":[139.853225,37.547318]},"properties":{"id":"07-b3a02d0507","name":"川原屋敷","reading":null,"pref":"福島県","prefCode":"07","municipality":"河沼郡会津坂下町","hazardTypes":["flood"],"evidenceLevel":0,"originLevel":0,"hasRecord":false,"recordRelation":null,"status":"historical","disputed":false,"precision":"koaza","areaKey":null,"elements":["kawara"],"summary":"要素辞書に一致（kawara）。出典による裏づけは未確認。","zones":[],"dataset":"old_maps"}},{"type":"Feature","geometry":{"type":"Point","coordinates":[140.147969,37.526719]},"properties":{"id":"07-932f4abe10","name":"川原崎","reading":null,"pref":"福島県","prefCode":"07","municipality":"耶麻郡猪苗代町","hazardTypes":["flood"],"evidenceLevel":0,"originLevel":0,"hasRecord":false,"recordRelation":null,"status":"historical","disputed":false,"precision":"koaza","areaKey":null,"elements":["kawara"],"summary":"要素辞書に一致（kawara）。出典による裏づけは未確認。","zones":[],"dataset":"old_maps"}},{"type":"Feature","geometry":{"type":"Point","coordinates":[140.394964,37.215884]},"properties":{"id":"07-69e957ec67","name":"川原町","reading":null,"pref":"福島県","prefCode":"07","municipality":"西白河郡矢吹町","hazardTypes":["flood"],"evidenceLevel":0,"originLevel":0,"hasRecord":false,"recordRelation":null,"status":"historical","disputed":false,"precision":"koaza","areaKey":null,"elements":["kawara"],"summary":"要素辞書に一致（kawara）。出典による裏づけは未確認。","zones":[],"dataset":"old_maps"}},{"type":"Feature","geometry":{"type":"Point","coordinates":[140.352975,37.128007]},"properties":{"id":"07-dd597c247c","name":"川原田","reading":null,"pref":"福島県","prefCode":"07","municipality":"西白河郡中島村","hazardTypes":["flood"],"evidenceLevel":0,"originLevel":0,"hasRecord":false,"recordRelation":null,"status":"historical","disputed":false,"precision":"koaza","areaKey":null,"elements":["kawara"],"summary":"要素辞書に一致（kawara）。出典による裏づけは未確認。","zones":[],"dataset":"old_maps"}},{"type":"Feature","geometry":{"type":"Point","coordinates":[139.38749,37.304898]},"properties":{"id":"07-88662a1436","name":"川除","reading":null,"pref":"福島県","prefCode":"07","municipality":"南会津郡只見町","hazardTypes":["flood"],"evidenceLevel":0,"originLevel":0,"hasRecord":false,"recordRelation":null,"status":"historical","disputed":false,"precision":"koaza","areaKey":null,"elements":["kawayoke"],"summary":"要素辞書に一致（kawayoke）。出典による裏づけは未確認。","zones":[],"dataset":"old_maps"}},{"type":"Feature","geometry":{"type":"Point","coordinates":[141.00067,37.44001]},"properties":{"id":"07-0706978562","name":"前田河原","reading":null,"pref":"福島県","prefCode":"07","municipality":"双葉郡双葉町","hazardTypes":["flood"],"evidenceLevel":0,"originLevel":0,"hasRecord":false,"recordRelation":null,"status":"historical","disputed":false,"precision":"koaza","areaKey":null,"elements":["kawara"],"summary":"要素辞書に一致（kawara）。出典による裏づけは未確認。","zones":[],"dataset":"old_maps"}},{"type":"Feature","geometry":{"type":"Point","coordinates":[140.606599,37.672996]},"properties":{"id":"07-57354d9e35","name":"倉ヶ作","reading":null,"pref":"福島県","prefCode":"07","municipality":"伊達郡川俣町","hazardTypes":["slope_failure","rockfall"],"evidenceLevel":0,"originLevel":0,"hasRecord":false,"recordRelation":null,"status":"historical","disputed":false,"precision":"koaza","areaKey":null,"elements":["kura"],"summary":"要素辞書に一致（kura）。出典による裏づけは未確認。","zones":[],"dataset":"old_maps"}},{"type":"Feature","geometry":{"type":"Point","coordinates":[139.935523,37.531039]},"properties":{"id":"07-1c158b9559","name":"倉橋","reading":null,"pref":"福島県","prefCode":"07","municipality":"会津若松市","hazardTypes":["slope_failure","rockfall"],"evidenceLevel":0,"originLevel":0,"hasRecord":false,"recordRelation":null,"status":"historical","disputed":false,"precision":"koaza","areaKey":"072021630","elements":["kura"],"summary":"要素辞書に一致（kura）。出典による裏づけは未確認。","zones":[],"dataset":"old_maps"}},{"type":"Feature","geometry":{"type":"Point","coordinates":[139.839943,37.233053]},"properties":{"id":"07-a6133fb2ca","name":"倉村","reading":null,"pref":"福島県","prefCode":"07","municipality":"南会津郡下郷町","hazardTypes":["slope_failure","rockfall"],"evidenceLevel":0,"originLevel":0,"hasRecord":false,"recordRelation":null,"status":"historical","disputed":false,"precision":"koaza","areaKey":null,"elements":["kura"],"summary":"要素辞書に一致（kura）。出典による裏づけは未確認。","zones":[],"dataset":"old_maps"}},{"type":"Feature","geometry":{"type":"Point","coordinates":[139.401889,37.2557]},"properties":{"id":"07-3cf546142f","name":"倉谷","reading":null,"pref":"福島県","prefCode":"07","municipality":"南会津郡只見町","hazardTypes":["slope_failure","rockfall"],"evidenceLevel":0,"originLevel":0,"hasRecord":false,"recordRelation":null,"status":"historical","disputed":false,"precision":"koaza","areaKey":null,"elements":["kura"],"summary":"要素辞書に一致（kura）。出典による裏づけは未確認。","zones":[],"dataset":"old_maps"}},{"type":"Feature","geometry":{"type":"Point","coordinates":[139.849774,37.268609]},"properties":{"id":"07-e7c47894c5","name":"倉谷","reading":null,"pref":"福島県","prefCode":"07","municipality":"南会津郡下郷町","hazardTypes":["slope_failure","rockfall"],"evidenceLevel":0,"originLevel":0,"hasRecord":false,"recordRelation":null,"status":"historical","disputed":false,"precision":"koaza","areaKey":null,"elements":["kura"],"summary":"要素辞書に一致（kura）。出典による裏づけは未確認。","zones":[],"dataset":"old_maps"}},{"type":"Feature","geometry":{"type":"Point","coordinates":[140.661551,37.725188]},"properties":{"id":"07-6be551c746","name":"相葭","reading":null,"pref":"福島県","prefCode":"07","municipality":"伊達市","hazardTypes":["landslide","soft_ground"],"evidenceLevel":0,"originLevel":0,"hasRecord":false,"recordRelation":null,"status":"historical","disputed":false,"precision":"koaza","areaKey":"072130420","elements":["wetland_plants"],"summary":"要素辞書に一致（wetland_plants）。出典による裏づけは未確認。","zones":[],"dataset":"old_maps"}},{"type":"Feature","geometry":{"type":"Point","coordinates":[140.637844,37.843827]},"properties":{"id":"07-15023fc43c","name":"足駄木","reading":null,"pref":"福島県","prefCode":"07","municipality":"伊達市","hazardTypes":["flood","inundation"],"evidenceLevel":0,"originLevel":0,"hasRecord":false,"recordRelation":null,"status":"historical","disputed":false,"precision":"koaza","areaKey":null,"elements":["ashi"],"summary":"要素辞書に一致（ashi）。出典による裏づけは未確認。","zones":[],"dataset":"old_maps"}},{"type":"Feature","geometry":{"type":"Point","coordinates":[140.544559,37.183955]},"properties":{"id":"07-86cb3838a0","name":"足沢","reading":null,"pref":"福島県","prefCode":"07","municipality":"石川郡平田村","hazardTypes":["flood","inundation"],"evidenceLevel":0,"originLevel":0,"hasRecord":false,"recordRelation":null,"status":"historical","disputed":false,"precision":"koaza","areaKey":null,"elements":["ashi"],"summary":"要素辞書に一致（ashi）。出典による裏づけは未確認。","zones":[],"dataset":"old_maps"}},{"type":"Feature","geometry":{"type":"Point","coordinates":[140.940929,37.175329]},"properties":{"id":"07-a1a72ba784","name":"足沢","reading":null,"pref":"福島県","prefCode":"07","municipality":"いわき市","hazardTypes":["flood","inundation"],"evidenceLevel":0,"originLevel":0,"hasRecord":false,"recordRelation":null,"status":"historical","disputed":false,"precision":"koaza","areaKey":"072042130","elements":["ashi"],"summary":"要素辞書に一致（ashi）。出典による裏づけは未確認。","zones":[],"dataset":"old_maps"}},{"type":"Feature","geometry":{"type":"Point","coordinates":[140.85788,37.680087]},"properties":{"id":"07-bad0542969","name":"大芦","reading":null,"pref":"福島県","prefCode":"07","municipality":"南相馬市","hazardTypes":["flood","inundation"],"evidenceLevel":0,"originLevel":0,"hasRecord":false,"recordRelation":null,"status":"historical","disputed":false,"precision":"koaza","areaKey":null,"elements":["ashi"],"summary":"要素辞書に一致（ashi）。出典による裏づけは未確認。","zones":[],"dataset":"old_maps"}},{"type":"Feature","geometry":{"type":"Point","coordinates":[141.023363,37.647892]},"properties":{"id":"07-a754d9bb8b","name":"大磯","reading":null,"pref":"福島県","prefCode":"07","municipality":"南相馬市","hazardTypes":["rockfall","debris_flow"],"evidenceLevel":0,"originLevel":0,"hasRecord":false,"recordRelation":null,"status":"historical","disputed":false,"precision":"koaza","areaKey":"072120600","elements":["iso_ishi"],"summary":"要素辞書に一致（iso_ishi）。出典による裏づけは未確認。","zones":[],"dataset":"old_maps"}},{"type":"Feature","geometry":{"type":"Point","coordinates":[140.875025,37.526374]},"properties":{"id":"07-72ccf7d7ce","name":"大柿","reading":null,"pref":"福島県","prefCode":"07","municipality":"双葉郡浪江町","hazardTypes":["slope_failure"],"evidenceLevel":0,"originLevel":0,"hasRecord":false,"recordRelation":null,"status":"historical","disputed":false,"precision":"koaza","areaKey":null,"elements":["kake"],"summary":"要素辞書に一致（kake）。出典による裏づけは未確認。","zones":[],"dataset":"old_maps"}},{"type":"Feature","geometry":{"type":"Point","coordinates":[140.503054,37.067946]},"properties":{"id":"07-262cba7ed1","name":"大久保","reading":null,"pref":"福島県","prefCode":"07","municipality":"東白川郡鮫川村","hazardTypes":["slope_failure","inundation","landslide"],"evidenceLevel":0,"originLevel":0,"hasRecord":false,"recordRelation":null,"status":"historical","disputed":false,"precision":"koaza","areaKey":null,"elements":["afu_oo","kubo"],"summary":"要素辞書に一致（afu_oo・kubo）。出典による裏づけは未確認。","zones":[],"dataset":"old_maps"}},{"type":"Feature","geometry":{"type":"Point","coordinates":[139.626212,37.556253]},"properties":{"id":"07-658ea83dff","name":"大久保","reading":null,"pref":"福島県","prefCode":"07","municipality":"耶麻郡西会津町","hazardTypes":["slope_failure","inundation","landslide"],"evidenceLevel":0,"originLevel":0,"hasRecord":false,"recordRelation":null,"status":"historical","disputed":false,"precision":"koaza","areaKey":null,"elements":["afu_oo","kubo"],"summary":"要素辞書に一致（afu_oo・kubo）。出典による裏づけは未確認。","zones":[],"dataset":"old_maps"}},{"type":"Feature","geometry":{"type":"Point","coordinates":[140.590394,37.539541]},"properties":{"id":"07-a80160098e","name":"大久保","reading":null,"pref":"福島県","prefCode":"07","municipality":"二本松市","hazardTypes":["slope_failure","inundation","landslide"],"evidenceLevel":0,"originLevel":0,"hasRecord":false,"recordRelation":null,"status":"historical","disputed":false,"precision":"koaza","areaKey":null,"elements":["afu_oo","kubo"],"summary":"要素辞書に一致（afu_oo・kubo）。出典による裏づけは未確認。","zones":[],"dataset":"old_maps"}},{"type":"Feature","geometry":{"type":"Point","coordinates":[140.734888,37.663937]},"properties":{"id":"07-04576a8de6","name":"大久保","reading":null,"pref":"福島県","prefCode":"07","municipality":"相馬郡飯舘村","hazardTypes":["slope_failure","inundation","landslide"],"evidenceLevel":0,"originLevel":0,"hasRecord":false,"recordRelation":null,"status":"historical","disputed":false,"precision":"koaza","areaKey":null,"elements":["afu_oo","kubo"],"summary":"要素辞書に一致（afu_oo・kubo）。出典による裏づけは未確認。","zones":[],"dataset":"old_maps"}},{"type":"Feature","geometry":{"type":"Point","coordinates":[141.00465,37.371404]},"properties":{"id":"07-196a493ec2","name":"大菅","reading":null,"pref":"福島県","prefCode":"07","municipality":"双葉郡富岡町","hazardTypes":["landslide","soft_ground"],"evidenceLevel":0,"originLevel":0,"hasRecord":false,"recordRelation":null,"status":"historical","disputed":false,"precision":"koaza","areaKey":null,"elements":["wetland_plants"],"summary":"要素辞書に一致（wetland_plants）。出典による裏づけは未確認。","zones":[],"dataset":"old_maps"}},{"type":"Feature","geometry":{"type":"Point","coordinates":[140.95729,37.386072]},"properties":{"id":"07-84576a8b25","name":"大川原","reading":null,"pref":"福島県","prefCode":"07","municipality":"双葉郡大熊町","hazardTypes":["flood"],"evidenceLevel":0,"originLevel":0,"hasRecord":false,"recordRelation":null,"status":"historical","disputed":false,"precision":"koaza","areaKey":null,"elements":["kawara"],"summary":"要素辞書に一致（kawara）。出典による裏づけは未確認。","zones":[],"dataset":"old_maps"}},{"type":"Feature","geometry":{"type":"Point","coordinates":[140.577977,37.487292]},"properties":{"id":"07-13976b3739","name":"大倉","reading":null,"pref":"福島県","prefCode":"07","municipality":"田村市","hazardTypes":["slope_failure","rockfall"],"evidenceLevel":0,"originLevel":0,"hasRecord":false,"recordRelation":null,"status":"historical","disputed":false,"precision":"koaza","areaKey":"072110100","elements":["kura"],"summary":"要素辞書に一致（kura）。出典による裏づけは未確認。","zones":[],"dataset":"old_maps"}},{"type":"Feature","geometry":{"type":"Point","coordinates":[139.439739,37.314435]},"properties":{"id":"07-76e4094b07","name":"大倉","reading":null,"pref":"福島県","prefCode":"07","municipality":"南会津郡只見町","hazardTypes":["slope_failure","rockfall"],"evidenceLevel":0,"originLevel":0,"hasRecord":false,"recordRelation":null,"status":"historical","disputed":false,"precision":"koaza","areaKey":null,"elements":["kura"],"summary":"要素辞書に一致（kura）。出典による裏づけは未確認。","zones":[],"dataset":"old_maps"}},{"type":"Feature","geometry":{"type":"Point","coordinates":[139.886093,37.278901]},"properties":{"id":"07-31e909c10a","name":"大倉","reading":null,"pref":"福島県","prefCode":"07","municipality":"南会津郡下郷町","hazardTypes":["slope_failure","rockfall"],"evidenceLevel":0,"originLevel":0,"hasRecord":false,"recordRelation":null,"status":"historical","disputed":false,"precision":"koaza","areaKey":null,"elements":["kura"],"summary":"要素辞書に一致（kura）。出典による裏づけは未確認。","zones":[],"dataset":"old_maps"}},{"type":"Feature","geometry":{"type":"Point","coordinates":[139.737799,37.099627]},"properties":{"id":"07-561eee126c","name":"大倉岐","reading":null,"pref":"福島県","prefCode":"07","municipality":"南会津郡南会津町","hazardTypes":["slope_failure","rockfall"],"evidenceLevel":0,"originLevel":0,"hasRecord":false,"recordRelation":null,"status":"historical","disputed":false,"precision":"koaza","areaKey":null,"elements":["kura"],"summary":"要素辞書に一致（kura）。出典による裏づけは未確認。","zones":[],"dataset":"old_maps"}},{"type":"Feature","geometry":{"type":"Point","coordinates":[140.326412,36.996519]},"properties":{"id":"07-7dee8ae3e7","name":"大梅","reading":null,"pref":"福島県","prefCode":"07","municipality":"東白川郡棚倉町","hazardTypes":["landslide","slope_failure"],"evidenceLevel":0,"originLevel":0,"hasRecord":false,"recordRelation":null,"status":"historical","disputed":false,"precision":"koaza","areaKey":null,"elements":["ume"],"summary":"要素辞書に一致（ume）。出典による裏づけは未確認。","zones":[],"dataset":"old_maps"}},{"type":"Feature","geometry":{"type":"Point","coordinates":[139.696096,37.629913]},"properties":{"id":"07-15e8fe2204","name":"大芦","reading":null,"pref":"福島県","prefCode":"07","municipality":"喜多方市","hazardTypes":["flood","inundation"],"evidenceLevel":0,"originLevel":0,"hasRecord":false,"recordRelation":null,"status":"historical","disputed":false,"precision":"koaza","areaKey":null,"elements":["ashi"],"summary":"要素辞書に一致（ashi）。出典による裏づけは未確認。","zones":[],"dataset":"old_maps"}},{"type":"Feature","geometry":{"type":"Point","coordinates":[140.390198,37.032098]},"properties":{"id":"07-a53f9bcfd1","name":"棚倉","reading":null,"pref":"福島県","prefCode":"07","municipality":"東白川郡棚倉町","hazardTypes":["slope_failure","rockfall"],"evidenceLevel":0,"originLevel":0,"hasRecord":false,"recordRelation":null,"status":"historical","disputed":false,"precision":"koaza","areaKey":null,"elements":["kura"],"summary":"要素辞書に一致（kura）。出典による裏づけは未確認。","zones":[],"dataset":"old_maps"}},{"type":"Feature","geometry":{"type":"Point","coordinates":[139.901361,37.497826]},"properties":{"id":"07-24c7517352","name":"鍛冶屋敷","reading":null,"pref":"福島県","prefCode":"07","municipality":"会津若松市","hazardTypes":["slope_failure"],"evidenceLevel":0,"originLevel":0,"hasRecord":false,"recordRelation":null,"status":"historical","disputed":false,"precision":"koaza","areaKey":"072021142","elements":["kaji_kamu"],"summary":"要素辞書に一致（kaji_kamu）。出典による裏づけは未確認。","zones":[],"dataset":"old_maps"}},{"type":"Feature","geometry":{"type":"Point","coordinates":[140.43107,37.267505]},"properties":{"id":"07-ff07a427cd","name":"鍛冶屋敷","reading":null,"pref":"福島県","prefCode":"07","municipality":"須賀川市","hazardTypes":["slope_failure"],"evidenceLevel":0,"originLevel":0,"hasRecord":false,"recordRelation":null,"status":"historical","disputed":false,"precision":"koaza","areaKey":"072070320","elements":["kaji_kamu"],"summary":"要素辞書に一致（kaji_kamu）。出典による裏づけは未確認。","zones":[],"dataset":"old_maps"}},{"type":"Feature","geometry":{"type":"Point","coordinates":[140.729003,37.698247]},"properties":{"id":"07-7ce1fa6528","name":"鍛冶内","reading":null,"pref":"福島県","prefCode":"07","municipality":"相馬郡飯舘村","hazardTypes":["slope_failure"],"evidenceLevel":0,"originLevel":0,"hasRecord":false,"recordRelation":null,"status":"historical","disputed":false,"precision":"koaza","areaKey":null,"elements":["kaji_kamu"],"summary":"要素辞書に一致（kaji_kamu）。出典による裏づけは未確認。","zones":[],"dataset":"old_maps"}},{"type":"Feature","geometry":{"type":"Point","coordinates":[140.48255,37.059533]},"properties":{"id":"07-c0cb1e1211","name":"鍛冶平","reading":null,"pref":"福島県","prefCode":"07","municipality":"東白川郡鮫川村","hazardTypes":["slope_failure"],"evidenceLevel":0,"originLevel":0,"hasRecord":false,"recordRelation":null,"status":"historical","disputed":false,"precision":"koaza","areaKey":null,"elements":["kaji_kamu"],"summary":"要素辞書に一致（kaji_kamu）。出典による裏づけは未確認。","zones":[],"dataset":"old_maps"}},{"type":"Feature","geometry":{"type":"Point","coordinates":[140.531825,37.182177]},"properties":{"id":"07-adbaab4f4f","name":"中倉","reading":null,"pref":"福島県","prefCode":"07","municipality":"石川郡平田村","hazardTypes":["slope_failure","rockfall"],"evidenceLevel":0,"originLevel":0,"hasRecord":false,"recordRelation":null,"status":"historical","disputed":false,"precision":"koaza","areaKey":null,"elements":["kura"],"summary":"要素辞書に一致（kura）。出典による裏づけは未確認。","zones":[],"dataset":"old_maps"}},{"type":"Feature","geometry":{"type":"Point","coordinates":[139.846146,37.295706]},"properties":{"id":"07-47fb0a5d46","name":"中倉","reading":null,"pref":"福島県","prefCode":"07","municipality":"南会津郡下郷町","hazardTypes":["slope_failure","rockfall"],"evidenceLevel":0,"originLevel":0,"hasRecord":false,"recordRelation":null,"status":"historical","disputed":false,"precision":"koaza","areaKey":null,"elements":["kura"],"summary":"要素辞書に一致（kura）。出典による裏づけは未確認。","zones":[],"dataset":"old_maps"}},{"type":"Feature","geometry":{"type":"Point","coordinates":[140.790677,36.894665]},"properties":{"id":"07-478f12f005","name":"中田馬場","reading":null,"pref":"福島県","prefCode":"07","municipality":"いわき市","hazardTypes":["slope_failure"],"evidenceLevel":0,"originLevel":0,"hasRecord":false,"recordRelation":null,"status":"historical","disputed":false,"precision":"koaza","areaKey":null,"elements":["baba"],"summary":"要素辞書に一致（baba）。出典による裏づけは未確認。","zones":[],"dataset":"old_maps"}},{"type":"Feature","geometry":{"type":"Point","coordinates":[139.727667,37.501504]},"properties":{"id":"07-68cdbfc669","name":"長倉","reading":null,"pref":"福島県","prefCode":"07","municipality":"河沼郡柳津町","hazardTypes":["slope_failure","rockfall"],"evidenceLevel":0,"originLevel":0,"hasRecord":false,"recordRelation":null,"status":"historical","disputed":false,"precision":"koaza","areaKey":null,"elements":["kura"],"summary":"要素辞書に一致（kura）。出典による裏づけは未確認。","zones":[],"dataset":"old_maps"}},{"type":"Feature","geometry":{"type":"Point","coordinates":[139.276601,37.310186]},"properties":{"id":"07-7562e87dbd","name":"田子倉","reading":null,"pref":"福島県","prefCode":"07","municipality":"南会津郡只見町","hazardTypes":["slope_failure","rockfall"],"evidenceLevel":0,"originLevel":0,"hasRecord":false,"recordRelation":null,"status":"historical","disputed":false,"precision":"koaza","areaKey":null,"elements":["kura"],"summary":"要素辞書に一致（kura）。出典による裏づけは未確認。","zones":[],"dataset":"old_maps"}},{"type":"Feature","geometry":{"type":"Point","coordinates":[139.439299,37.397733]},"properties":{"id":"07-edc61912e2","name":"土倉","reading":null,"pref":"福島県","prefCode":"07","municipality":"大沼郡金山町","hazardTypes":["slope_failure","rockfall"],"evidenceLevel":0,"originLevel":0,"hasRecord":false,"recordRelation":null,"status":"historical","disputed":false,"precision":"koaza","areaKey":null,"elements":["kura"],"summary":"要素辞書に一致（kura）。出典による裏づけは未確認。","zones":[],"dataset":"old_maps"}},{"type":"Feature","geometry":{"type":"Point","coordinates":[139.765511,37.323518]},"properties":{"id":"07-ecba73c9ce","name":"土倉","reading":null,"pref":"福島県","prefCode":"07","municipality":"大沼郡会津美里町","hazardTypes":["slope_failure","rockfall"],"evidenceLevel":0,"originLevel":0,"hasRecord":false,"recordRelation":null,"status":"historical","disputed":false,"precision":"koaza","areaKey":null,"elements":["kura"],"summary":"要素辞書に一致（kura）。出典による裏づけは未確認。","zones":[],"dataset":"old_maps"}},{"type":"Feature","geometry":{"type":"Point","coordinates":[139.84218,37.58906]},"properties":{"id":"07-827539fb10","name":"東河原","reading":null,"pref":"福島県","prefCode":"07","municipality":"河沼郡会津坂下町","hazardTypes":["flood"],"evidenceLevel":0,"originLevel":0,"hasRecord":false,"recordRelation":null,"status":"historical","disputed":false,"precision":"koaza","areaKey":null,"elements":["kawara"],"summary":"要素辞書に一致（kawara）。出典による裏づけは未確認。","zones":[],"dataset":"old_maps"}},{"type":"Feature","geometry":{"type":"Point","coordinates":[139.481492,37.433117]},"properties":{"id":"07-4645aa8250","name":"湯倉","reading":null,"pref":"福島県","prefCode":"07","municipality":"大沼郡金山町","hazardTypes":["slope_failure","rockfall"],"evidenceLevel":0,"originLevel":0,"hasRecord":false,"recordRelation":null,"status":"historical","disputed":false,"precision":"koaza","areaKey":null,"elements":["kura"],"summary":"要素辞書に一致（kura）。出典による裏づけは未確認。","zones":[],"dataset":"old_maps"}},{"type":"Feature","geometry":{"type":"Point","coordinates":[140.472605,37.864938]},"properties":{"id":"07-d5c7f52856","name":"藤倉","reading":null,"pref":"福島県","prefCode":"07","municipality":"伊達郡桑折町","hazardTypes":["slope_failure","rockfall"],"evidenceLevel":0,"originLevel":0,"hasRecord":false,"recordRelation":null,"status":"historical","disputed":false,"precision":"koaza","areaKey":null,"elements":["kura"],"summary":"要素辞書に一致（kura）。出典による裏づけは未確認。","zones":[],"dataset":"old_maps"}},{"type":"Feature","geometry":{"type":"Point","coordinates":[139.456608,37.356678]},"properties":{"id":"07-807ecde372","name":"藤倉","reading":null,"pref":"福島県","prefCode":"07","municipality":"大沼郡金山町","hazardTypes":["slope_failure","rockfall"],"evidenceLevel":0,"originLevel":0,"hasRecord":false,"recordRelation":null,"status":"historical","disputed":false,"precision":"koaza","areaKey":null,"elements":["kura"],"summary":"要素辞書に一致（kura）。出典による裏づけは未確認。","zones":[],"dataset":"old_maps"}},{"type":"Feature","geometry":{"type":"Point","coordinates":[140.334849,37.524747]},"properties":{"id":"07-5d1cbdedfe","name":"鳶ノ巣","reading":null,"pref":"福島県","prefCode":"07","municipality":"安達郡大玉村","hazardTypes":["slope_failure","debris_flow"],"evidenceLevel":0,"originLevel":0,"hasRecord":false,"recordRelation":null,"status":"historical","disputed":false,"precision":"koaza","areaKey":null,"elements":["tobi"],"summary":"要素辞書に一致（tobi）。出典による裏づけは未確認。","zones":[],"dataset":"old_maps"}},{"type":"Feature","geometry":{"type":"Point","coordinates":[140.534826,36.922781]},"properties":{"id":"07-f3f77b77d1","name":"那倉","reading":null,"pref":"福島県","prefCode":"07","municipality":"東白川郡塙町","hazardTypes":["slope_failure","rockfall"],"evidenceLevel":0,"originLevel":0,"hasRecord":false,"recordRelation":null,"status":"historical","disputed":false,"precision":"koaza","areaKey":null,"elements":["kura"],"summary":"要素辞書に一致（kura）。出典による裏づけは未確認。","zones":[],"dataset":"old_maps"}},{"type":"Feature","geometry":{"type":"Point","coordinates":[140.847594,37.185172]},"properties":{"id":"07-fce92672b6","name":"内ノ倉","reading":null,"pref":"福島県","prefCode":"07","municipality":"いわき市","hazardTypes":["slope_failure","rockfall"],"evidenceLevel":0,"originLevel":0,"hasRecord":false,"recordRelation":null,"status":"historical","disputed":false,"precision":"koaza","areaKey":"072041730","elements":["kura"],"summary":"要素辞書に一致（kura）。出典による裏づけは未確認。","zones":[],"dataset":"old_maps"}},{"type":"Feature","geometry":{"type":"Point","coordinates":[140.506847,37.8608]},"properties":{"id":"07-8588c13ce7","name":"内ノ馬場","reading":null,"pref":"福島県","prefCode":"07","municipality":"伊達郡桑折町","hazardTypes":["slope_failure"],"evidenceLevel":0,"originLevel":0,"hasRecord":false,"recordRelation":null,"status":"historical","disputed":false,"precision":"koaza","areaKey":null,"elements":["baba"],"summary":"要素辞書に一致（baba）。出典による裏づけは未確認。","zones":[],"dataset":"old_maps"}},{"type":"Feature","geometry":{"type":"Point","coordinates":[140.528679,37.700474]},"properties":{"id":"07-191d1ad76d","name":"内馬場","reading":null,"pref":"福島県","prefCode":"07","municipality":"福島市","hazardTypes":["slope_failure"],"evidenceLevel":0,"originLevel":0,"hasRecord":false,"recordRelation":null,"status":"historical","disputed":false,"precision":"koaza","areaKey":"072010920","elements":["baba"],"summary":"要素辞書に一致（baba）。出典による裏づけは未確認。","zones":[],"dataset":"old_maps"}},{"type":"Feature","geometry":{"type":"Point","coordinates":[140.382709,37.735626]},"properties":{"id":"07-f0706dfe0f","name":"南川原","reading":null,"pref":"福島県","prefCode":"07","municipality":"福島市","hazardTypes":["flood"],"evidenceLevel":0,"originLevel":0,"hasRecord":false,"recordRelation":null,"status":"historical","disputed":false,"precision":"koaza","areaKey":"072014100","elements":["kawara"],"summary":"要素辞書に一致（kawara）。出典による裏づけは未確認。","zones":[],"dataset":"old_maps"}},{"type":"Feature","geometry":{"type":"Point","coordinates":[140.690872,37.44212]},"properties":{"id":"07-6911d755c8","name":"南倉","reading":null,"pref":"福島県","prefCode":"07","municipality":"田村市","hazardTypes":["slope_failure","rockfall"],"evidenceLevel":0,"originLevel":0,"hasRecord":false,"recordRelation":null,"status":"historical","disputed":false,"precision":"koaza","areaKey":null,"elements":["kura"],"summary":"要素辞書に一致（kura）。出典による裏づけは未確認。","zones":[],"dataset":"old_maps"}},{"type":"Feature","geometry":{"type":"Point","coordinates":[139.912706,37.214507]},"properties":{"id":"07-348350eb0e","name":"南倉沢","reading":null,"pref":"福島県","prefCode":"07","municipality":"南会津郡下郷町","hazardTypes":["slope_failure","rockfall"],"evidenceLevel":0,"originLevel":0,"hasRecord":false,"recordRelation":null,"status":"historical","disputed":false,"precision":"koaza","areaKey":null,"elements":["kura"],"summary":"要素辞書に一致（kura）。出典による裏づけは未確認。","zones":[],"dataset":"old_maps"}},{"type":"Feature","geometry":{"type":"Point","coordinates":[141.023726,37.307014]},"properties":{"id":"07-b2187ece2d","name":"波倉","reading":null,"pref":"福島県","prefCode":"07","municipality":"双葉郡楢葉町","hazardTypes":["slope_failure","rockfall"],"evidenceLevel":0,"originLevel":0,"hasRecord":true,"recordRelation":"nearby_record","status":"historical","disputed":false,"precision":"koaza","areaKey":null,"elements":["kura"],"summary":"要素辞書に一致（kura）。出典による裏づけは未確認。","zones":[],"dataset":"old_maps"}},{"type":"Feature","geometry":{"type":"Point","coordinates":[140.541291,37.627633]},"properties":{"id":"07-bb2782e11a","name":"馬場","reading":null,"pref":"福島県","prefCode":"07","municipality":"二本松市","hazardTypes":["slope_failure"],"evidenceLevel":0,"originLevel":0,"hasRecord":false,"recordRelation":null,"status":"historical","disputed":false,"precision":"koaza","areaKey":null,"elements":["baba"],"summary":"要素辞書に一致（baba）。出典による裏づけは未確認。","zones":[],"dataset":"old_maps"}},{"type":"Feature","geometry":{"type":"Point","coordinates":[140.640335,37.134968]},"properties":{"id":"07-d722f68723","name":"馬場平","reading":null,"pref":"福島県","prefCode":"07","municipality":"いわき市","hazardTypes":["slope_failure"],"evidenceLevel":0,"originLevel":0,"hasRecord":false,"recordRelation":null,"status":"historical","disputed":false,"precision":"koaza","areaKey":"072041980","elements":["baba"],"summary":"要素辞書に一致（baba）。出典による裏づけは未確認。","zones":[],"dataset":"old_maps"}},{"type":"Feature","geometry":{"type":"Point","coordinates":[140.913924,37.601469]},"properties":{"id":"07-e7b3dc6d6f","name":"馬場台","reading":null,"pref":"福島県","prefCode":"07","municipality":"南相馬市","hazardTypes":["slope_failure","landslide"],"evidenceLevel":0,"originLevel":0,"hasRecord":false,"recordRelation":null,"status":"historical","disputed":false,"precision":"koaza","areaKey":null,"elements":["baba","tai"],"summary":"要素辞書に一致（baba・tai）。出典による裏づけは未確認。","zones":[],"dataset":"old_maps"}},{"type":"Feature","geometry":{"type":"Point","coordinates":[140.581099,37.06702]},"properties":{"id":"07-7fd320d2e3","name":"馬場","reading":null,"pref":"福島県","prefCode":"07","municipality":"石川郡古殿町","hazardTypes":["slope_failure"],"evidenceLevel":0,"originLevel":0,"hasRecord":false,"recordRelation":null,"status":"historical","disputed":false,"precision":"koaza","areaKey":null,"elements":["baba"],"summary":"要素辞書に一致（baba）。出典による裏づけは未確認。","zones":[],"dataset":"old_maps"}},{"type":"Feature","geometry":{"type":"Point","coordinates":[139.81793,37.389872]},"properties":{"id":"07-b092f08c39","name":"馬場","reading":null,"pref":"福島県","prefCode":"07","municipality":"大沼郡会津美里町","hazardTypes":["slope_failure"],"evidenceLevel":0,"originLevel":0,"hasRecord":false,"recordRelation":null,"status":"historical","disputed":false,"precision":"koaza","areaKey":null,"elements":["baba"],"summary":"要素辞書に一致（baba）。出典による裏づけは未確認。","zones":[],"dataset":"old_maps"}},{"type":"Feature","geometry":{"type":"Point","coordinates":[139.735367,37.149782]},"properties":{"id":"07-9b7eb627cf","name":"馬場原","reading":null,"pref":"福島県","prefCode":"07","municipality":"南会津郡南会津町","hazardTypes":["slope_failure"],"evidenceLevel":0,"originLevel":0,"hasRecord":false,"recordRelation":null,"status":"historical","disputed":false,"precision":"koaza","areaKey":null,"elements":["baba"],"summary":"要素辞書に一致（baba）。出典による裏づけは未確認。","zones":[],"dataset":"old_maps"}},{"type":"Feature","geometry":{"type":"Point","coordinates":[139.919169,37.582995]},"properties":{"id":"07-cb85ab6364","name":"馬場新田","reading":null,"pref":"福島県","prefCode":"07","municipality":"喜多方市","hazardTypes":["slope_failure"],"evidenceLevel":0,"originLevel":0,"hasRecord":false,"recordRelation":null,"status":"historical","disputed":false,"precision":"koaza","areaKey":null,"elements":["baba"],"summary":"要素辞書に一致（baba）。出典による裏づけは未確認。","zones":[],"dataset":"old_maps"}},{"type":"Feature","geometry":{"type":"Point","coordinates":[140.543424,37.412682]},"properties":{"id":"07-315abb7ba5","name":"梅ヶ咲","reading":null,"pref":"福島県","prefCode":"07","municipality":"田村市","hazardTypes":["landslide","slope_failure"],"evidenceLevel":0,"originLevel":0,"hasRecord":false,"recordRelation":null,"status":"historical","disputed":false,"precision":"koaza","areaKey":"072110150","elements":["ume"],"summary":"要素辞書に一致（ume）。出典による裏づけは未確認。","zones":[],"dataset":"old_maps"}},{"type":"Feature","geometry":{"type":"Point","coordinates":[140.241696,37.321336]},"properties":{"id":"07-f570312d67","name":"梅ノ木","reading":null,"pref":"福島県","prefCode":"07","municipality":"須賀川市","hazardTypes":["landslide","slope_failure"],"evidenceLevel":0,"originLevel":0,"hasRecord":false,"recordRelation":null,"status":"historical","disputed":false,"precision":"koaza","areaKey":null,"elements":["ume"],"summary":"要素辞書に一致（ume）。出典による裏づけは未確認。","zones":[],"dataset":"old_maps"}},{"type":"Feature","geometry":{"type":"Point","coordinates":[140.661297,37.844794]},"properties":{"id":"07-cae609d7cd","name":"梅ノ木沢","reading":null,"pref":"福島県","prefCode":"07","municipality":"伊達市","hazardTypes":["landslide","slope_failure"],"evidenceLevel":0,"originLevel":0,"hasRecord":false,"recordRelation":null,"status":"historical","disputed":false,"precision":"koaza","areaKey":null,"elements":["ume"],"summary":"要素辞書に一致（ume）。出典による裏づけは未確認。","zones":[],"dataset":"old_maps"}},{"type":"Feature","geometry":{"type":"Point","coordinates":[140.600201,37.80439]},"properties":{"id":"07-ec9a4a5663","name":"梅内","reading":null,"pref":"福島県","prefCode":"07","municipality":"伊達市","hazardTypes":["landslide","slope_failure"],"evidenceLevel":0,"originLevel":0,"hasRecord":false,"recordRelation":null,"status":"historical","disputed":false,"precision":"koaza","areaKey":"072130330","elements":["ume"],"summary":"要素辞書に一致（ume）。出典による裏づけは未確認。","zones":[],"dataset":"old_maps"}},{"type":"Feature","geometry":{"type":"Point","coordinates":[140.733689,36.943572]},"properties":{"id":"07-ce3e4ad860","name":"梅平","reading":null,"pref":"福島県","prefCode":"07","municipality":"いわき市","hazardTypes":["landslide","slope_failure"],"evidenceLevel":0,"originLevel":0,"hasRecord":false,"recordRelation":null,"status":"historical","disputed":false,"precision":"koaza","areaKey":"072041110","elements":["ume"],"summary":"要素辞書に一致（ume）。出典による裏づけは未確認。","zones":[],"dataset":"old_maps"}},{"type":"Feature","geometry":{"type":"Point","coordinates":[140.41775,37.462207]},"properties":{"id":"07-8eaf7621d1","name":"梅沢","reading":null,"pref":"福島県","prefCode":"07","municipality":"郡山市","hazardTypes":["landslide","slope_failure"],"evidenceLevel":0,"originLevel":0,"hasRecord":false,"recordRelation":null,"status":"historical","disputed":false,"precision":"koaza","areaKey":null,"elements":["ume"],"summary":"要素辞書に一致（ume）。出典による裏づけは未確認。","zones":[],"dataset":"old_maps"}},{"type":"Feature","geometry":{"type":"Point","coordinates":[140.129428,37.5814]},"properties":{"id":"07-52db5b927d","name":"伯父ヶ倉","reading":null,"pref":"福島県","prefCode":"07","municipality":"耶麻郡猪苗代町","hazardTypes":["slope_failure","rockfall"],"evidenceLevel":0,"originLevel":0,"hasRecord":false,"recordRelation":null,"status":"historical","disputed":false,"precision":"koaza","areaKey":null,"elements":["kura"],"summary":"要素辞書に一致（kura）。出典による裏づけは未確認。","zones":[],"dataset":"old_maps"}},{"type":"Feature","geometry":{"type":"Point","coordinates":[140.978257,37.005035]},"properties":{"id":"07-4a5259a336","name":"薄磯","reading":null,"pref":"福島県","prefCode":"07","municipality":"いわき市","hazardTypes":["rockfall","debris_flow"],"evidenceLevel":0,"originLevel":0,"hasRecord":false,"recordRelation":null,"status":"historical","disputed":false,"precision":"koaza","areaKey":"07204026101","elements":["iso_ishi"],"summary":"要素辞書に一致（iso_ishi）。出典による裏づけは未確認。","zones":[],"dataset":"old_maps"}},{"type":"Feature","geometry":{"type":"Point","coordinates":[140.81249,37.150627]},"properties":{"id":"07-4261183d30","name":"畑刈","reading":null,"pref":"福島県","prefCode":"07","municipality":"いわき市","hazardTypes":["slope_failure"],"evidenceLevel":0,"originLevel":0,"hasRecord":false,"recordRelation":null,"status":"historical","disputed":false,"precision":"koaza","areaKey":"072041740","elements":["kake"],"summary":"要素辞書に一致（kake）。出典による裏づけは未確認。","zones":[],"dataset":"old_maps"}},{"type":"Feature","geometry":{"type":"Point","coordinates":[140.363639,37.114986]},"properties":{"id":"07-6e12639329","name":"板倉","reading":null,"pref":"福島県","prefCode":"07","municipality":"白河市","hazardTypes":["slope_failure","rockfall"],"evidenceLevel":0,"originLevel":0,"hasRecord":false,"recordRelation":null,"status":"historical","disputed":false,"precision":"koaza","areaKey":"072050360","elements":["kura"],"summary":"要素辞書に一致（kura）。出典による裏づけは未確認。","zones":[],"dataset":"old_maps"}},{"type":"Feature","geometry":{"type":"Point","coordinates":[140.437617,37.040718]},"properties":{"id":"07-18339b5d82","name":"板倉","reading":null,"pref":"福島県","prefCode":"07","municipality":"石川郡浅川町","hazardTypes":["slope_failure","rockfall"],"evidenceLevel":0,"originLevel":0,"hasRecord":false,"recordRelation":null,"status":"historical","disputed":false,"precision":"koaza","areaKey":null,"elements":["kura"],"summary":"要素辞書に一致（kura）。出典による裏づけは未確認。","zones":[],"dataset":"old_maps"}},{"type":"Feature","geometry":{"type":"Point","coordinates":[139.854415,37.262426]},"properties":{"id":"07-c4acffe6c5","name":"板倉","reading":null,"pref":"福島県","prefCode":"07","municipality":"南会津郡下郷町","hazardTypes":["slope_failure","rockfall"],"evidenceLevel":0,"originLevel":0,"hasRecord":false,"recordRelation":null,"status":"historical","disputed":false,"precision":"koaza","areaKey":null,"elements":["kura"],"summary":"要素辞書に一致（kura）。出典による裏づけは未確認。","zones":[],"dataset":"old_maps"}},{"type":"Feature","geometry":{"type":"Point","coordinates":[140.351408,37.535337]},"properties":{"id":"07-3efe8af403","name":"板倉","reading":null,"pref":"福島県","prefCode":"07","municipality":"安達郡大玉村","hazardTypes":["slope_failure","rockfall"],"evidenceLevel":0,"originLevel":0,"hasRecord":false,"recordRelation":null,"status":"historical","disputed":false,"precision":"koaza","areaKey":null,"elements":["kura"],"summary":"要素辞書に一致（kura）。出典による裏づけは未確認。","zones":[],"dataset":"old_maps"}},{"type":"Feature","geometry":{"type":"Point","coordinates":[140.926549,37.863695]},"properties":{"id":"07-ebac83cf79","name":"富倉","reading":null,"pref":"福島県","prefCode":"07","municipality":"相馬郡新地町","hazardTypes":["slope_failure","rockfall"],"evidenceLevel":0,"originLevel":0,"hasRecord":false,"recordRelation":null,"status":"historical","disputed":false,"precision":"koaza","areaKey":null,"elements":["kura"],"summary":"要素辞書に一致（kura）。出典による裏づけは未確認。","zones":[],"dataset":"old_maps"}},{"type":"Feature","geometry":{"type":"Point","coordinates":[140.691003,37.144295]},"properties":{"id":"07-947ceed0ce","name":"片岸","reading":null,"pref":"福島県","prefCode":"07","municipality":"いわき市","hazardTypes":["slope_failure"],"evidenceLevel":0,"originLevel":0,"hasRecord":false,"recordRelation":null,"status":"historical","disputed":false,"precision":"koaza","areaKey":"072041970","elements":["kake"],"summary":"要素辞書に一致（kake）。出典による裏づけは未確認。","zones":[],"dataset":"old_maps"}},{"type":"Feature","geometry":{"type":"Point","coordinates":[140.082277,37.404939]},"properties":{"id":"07-7f55f3e876","name":"片岸","reading":null,"pref":"福島県","prefCode":"07","municipality":"郡山市","hazardTypes":["slope_failure"],"evidenceLevel":0,"originLevel":0,"hasRecord":false,"recordRelation":null,"status":"historical","disputed":false,"precision":"koaza","areaKey":null,"elements":["kake"],"summary":"要素辞書に一致（kake）。出典による裏づけは未確認。","zones":[],"dataset":"old_maps"}},{"type":"Feature","geometry":{"type":"Point","coordinates":[140.911426,37.17553]},"properties":{"id":"07-f744278ace","name":"片倉","reading":null,"pref":"福島県","prefCode":"07","municipality":"いわき市","hazardTypes":["slope_failure","rockfall"],"evidenceLevel":0,"originLevel":0,"hasRecord":false,"recordRelation":null,"status":"historical","disputed":false,"precision":"koaza","areaKey":"072041590","elements":["kura"],"summary":"要素辞書に一致（kura）。出典による裏づけは未確認。","zones":[],"dataset":"old_maps"}},{"type":"Feature","geometry":{"type":"Point","coordinates":[140.140419,37.567657]},"properties":{"id":"07-e87095e658","name":"峰岸","reading":null,"pref":"福島県","prefCode":"07","municipality":"耶麻郡猪苗代町","hazardTypes":["slope_failure"],"evidenceLevel":0,"originLevel":0,"hasRecord":false,"recordRelation":null,"status":"historical","disputed":false,"precision":"koaza","areaKey":null,"elements":["kake"],"summary":"要素辞書に一致（kake）。出典による裏づけは未確認。","zones":[],"dataset":"old_maps"}},{"type":"Feature","geometry":{"type":"Point","coordinates":[140.597764,37.474119]},"properties":{"id":"07-71824081f3","name":"北鹿又","reading":null,"pref":"福島県","prefCode":"07","municipality":"田村市","hazardTypes":["landslide","soft_ground"],"evidenceLevel":0,"originLevel":0,"hasRecord":false,"recordRelation":null,"status":"historical","disputed":false,"precision":"koaza","areaKey":null,"elements":["shishi"],"summary":"要素辞書に一致（shishi）。出典による裏づけは未確認。","zones":[],"dataset":"old_maps"}},{"type":"Feature","geometry":{"type":"Point","coordinates":[140.45418,37.494463]},"properties":{"id":"07-bb8f9881ad","name":"埋内","reading":null,"pref":"福島県","prefCode":"07","municipality":"本宮市","hazardTypes":["landslide","slope_failure"],"evidenceLevel":0,"originLevel":0,"hasRecord":false,"recordRelation":null,"status":"historical","disputed":false,"precision":"koaza","areaKey":"072140181","elements":["ume"],"summary":"要素辞書に一致（ume）。出典による裏づけは未確認。","zones":[],"dataset":"old_maps"}},{"type":"Feature","geometry":{"type":"Point","coordinates":[140.462672,37.28959]},"properties":{"id":"07-7bb039854f","name":"埋平","reading":null,"pref":"福島県","prefCode":"07","municipality":"須賀川市","hazardTypes":["landslide","slope_failure"],"evidenceLevel":0,"originLevel":0,"hasRecord":false,"recordRelation":null,"status":"historical","disputed":false,"precision":"koaza","areaKey":"072070160","elements":["ume"],"summary":"要素辞書に一致（ume）。出典による裏づけは未確認。","zones":[],"dataset":"old_maps"}},{"type":"Feature","geometry":{"type":"Point","coordinates":[140.367397,37.37597]},"properties":{"id":"07-3314cdb60a","name":"名倉","reading":null,"pref":"福島県","prefCode":"07","municipality":"郡山市","hazardTypes":["slope_failure","rockfall"],"evidenceLevel":0,"originLevel":0,"hasRecord":false,"recordRelation":null,"status":"historical","disputed":false,"precision":"koaza","areaKey":"072030740","elements":["kura"],"summary":"要素辞書に一致（kura）。出典による裏づけは未確認。","zones":[],"dataset":"old_maps"}},{"type":"Feature","geometry":{"type":"Point","coordinates":[139.655701,37.51521]},"properties":{"id":"07-8c131110d0","name":"面倉","reading":null,"pref":"福島県","prefCode":"07","municipality":"大沼郡三島町","hazardTypes":["slope_failure","rockfall"],"evidenceLevel":0,"originLevel":0,"hasRecord":false,"recordRelation":null,"status":"historical","disputed":false,"precision":"koaza","areaKey":null,"elements":["kura"],"summary":"要素辞書に一致（kura）。出典による裏づけは未確認。","zones":[],"dataset":"old_maps"}},{"type":"Feature","geometry":{"type":"Point","coordinates":[140.57743,37.475089]},"properties":{"id":"07-93a237b929","name":"門鹿","reading":null,"pref":"福島県","prefCode":"07","municipality":"田村市","hazardTypes":["landslide","soft_ground"],"evidenceLevel":0,"originLevel":0,"hasRecord":false,"recordRelation":null,"status":"historical","disputed":false,"precision":"koaza","areaKey":null,"elements":["shishi"],"summary":"要素辞書に一致（shishi）。出典による裏づけは未確認。","zones":[],"dataset":"old_maps"}},{"type":"Feature","geometry":{"type":"Point","coordinates":[140.965906,37.605432]},"properties":{"id":"07-c5f1c32bf5","name":"矢川原","reading":null,"pref":"福島県","prefCode":"07","municipality":"南相馬市","hazardTypes":["flood"],"evidenceLevel":0,"originLevel":0,"hasRecord":false,"recordRelation":null,"status":"historical","disputed":false,"precision":"koaza","areaKey":"072120360","elements":["kawara"],"summary":"要素辞書に一致（kawara）。出典による裏づけは未確認。","zones":[],"dataset":"old_maps"}},{"type":"Feature","geometry":{"type":"Point","coordinates":[140.591303,37.547273]},"properties":{"id":"07-f8fe6e46db","name":"里ノ馬場","reading":null,"pref":"福島県","prefCode":"07","municipality":"二本松市","hazardTypes":["slope_failure"],"evidenceLevel":0,"originLevel":0,"hasRecord":false,"recordRelation":null,"status":"historical","disputed":false,"precision":"koaza","areaKey":null,"elements":["baba"],"summary":"要素辞書に一致（baba）。出典による裏づけは未確認。","zones":[],"dataset":"old_maps"}},{"type":"Feature","geometry":{"type":"Point","coordinates":[139.851504,37.650922]},"properties":{"id":"07-047b3aeeb5","name":"六千刈","reading":null,"pref":"福島県","prefCode":"07","municipality":"喜多方市","hazardTypes":["slope_failure"],"evidenceLevel":0,"originLevel":0,"hasRecord":false,"recordRelation":null,"status":"historical","disputed":false,"precision":"koaza","areaKey":"07208007002","elements":["kake"],"summary":"要素辞書に一致（kake）。出典による裏づけは未確認。","zones":[],"dataset":"old_maps"}},{"type":"Feature","geometry":{"type":"Point","coordinates":[139.822793,37.569672]},"properties":{"id":"07-cd35d6f98c","name":"和泉河原","reading":null,"pref":"福島県","prefCode":"07","municipality":"河沼郡会津坂下町","hazardTypes":["flood"],"evidenceLevel":0,"originLevel":0,"hasRecord":false,"recordRelation":null,"status":"historical","disputed":false,"precision":"koaza","areaKey":null,"elements":["kawara"],"summary":"要素辞書に一致（kawara）。出典による裏づけは未確認。","zones":[],"dataset":"old_maps"}},{"type":"Feature","geometry":{"type":"Point","coordinates":[140.451946,37.728702]},"properties":{"id":"07-1b96ae5b4f","name":"坿ノ下","reading":null,"pref":"福島県","prefCode":"07","municipality":"福島市","hazardTypes":["slope_failure","erosion"],"evidenceLevel":0,"originLevel":0,"hasRecord":false,"recordRelation":null,"status":"historical","disputed":false,"precision":"koaza","areaKey":"072010580","elements":["mama"],"summary":"要素辞書に一致（mama）。出典による裏づけは未確認。","zones":[],"dataset":"old_maps"}},{"type":"Feature","geometry":{"type":"Point","coordinates":[139.4109,37.064773]},"properties":{"id":"07-9dbb3c28e7","name":"葭ヶ平","reading":null,"pref":"福島県","prefCode":"07","municipality":"南会津郡檜枝岐村","hazardTypes":["landslide","soft_ground"],"evidenceLevel":0,"originLevel":0,"hasRecord":false,"recordRelation":null,"status":"historical","disputed":false,"precision":"koaza","areaKey":null,"elements":["wetland_plants"],"summary":"要素辞書に一致（wetland_plants）。出典による裏づけは未確認。","zones":[],"dataset":"old_maps"}},{"type":"Feature","geometry":{"type":"Point","coordinates":[140.335237,37.839306]},"properties":{"id":"07-797c8ec6dd","name":"葭沢","reading":null,"pref":"福島県","prefCode":"07","municipality":"福島市","hazardTypes":["landslide","soft_ground"],"evidenceLevel":0,"originLevel":0,"hasRecord":false,"recordRelation":null,"status":"historical","disputed":false,"precision":"koaza","areaKey":"072011030","elements":["wetland_plants"],"summary":"要素辞書に一致（wetland_plants）。出典による裏づけは未確認。","zones":[],"dataset":"old_maps"}},{"type":"Feature","geometry":{"type":"Point","coordinates":[140.708273,37.496581]},"properties":{"id":"07-b3501cb888","name":"蔵久","reading":null,"pref":"福島県","prefCode":"07","municipality":"田村市","hazardTypes":["slope_failure","rockfall"],"evidenceLevel":0,"originLevel":0,"hasRecord":false,"recordRelation":null,"status":"historical","disputed":false,"precision":"koaza","areaKey":null,"elements":["kura"],"summary":"要素辞書に一致（kura）。出典による裏づけは未確認。","zones":[],"dataset":"old_maps"}},{"type":"Feature","geometry":{"type":"Point","coordinates":[139.932277,37.304197]},"properties":{"id":"07-a8387e4124","name":"芦ノ原","reading":null,"pref":"福島県","prefCode":"07","municipality":"南会津郡下郷町","hazardTypes":["flood","inundation"],"evidenceLevel":0,"originLevel":0,"hasRecord":false,"recordRelation":null,"status":"historical","disputed":false,"precision":"koaza","areaKey":null,"elements":["ashi"],"summary":"要素辞書に一致（ashi）。出典による裏づけは未確認。","zones":[],"dataset":"old_maps"}},{"type":"Feature","geometry":{"type":"Point","coordinates":[139.911279,37.361392]},"properties":{"id":"07-e3b618370d","name":"芦ノ牧","reading":null,"pref":"福島県","prefCode":"07","municipality":"会津若松市","hazardTypes":["flood","inundation"],"evidenceLevel":0,"originLevel":0,"hasRecord":false,"recordRelation":null,"status":"historical","disputed":false,"precision":"koaza","areaKey":null,"elements":["ashi"],"summary":"要素辞書に一致（ashi）。出典による裏づけは未確認。","zones":[],"dataset":"old_maps"}},{"type":"Feature","geometry":{"type":"Point","coordinates":[139.939382,37.624951]},"properties":{"id":"07-08fe22e1f4","name":"芦平","reading":null,"pref":"福島県","prefCode":"07","municipality":"喜多方市","hazardTypes":["flood","inundation"],"evidenceLevel":0,"originLevel":0,"hasRecord":false,"recordRelation":null,"status":"historical","disputed":false,"precision":"koaza","areaKey":"07208006016","elements":["ashi"],"summary":"要素辞書に一致（ashi）。出典による裏づけは未確認。","zones":[],"dataset":"old_maps"}},{"type":"Feature","geometry":{"type":"Point","coordinates":[139.908155,37.63955]},"properties":{"id":"07-69e86f65fa","name":"豊芦","reading":null,"pref":"福島県","prefCode":"07","municipality":"喜多方市","hazardTypes":["flood","inundation"],"evidenceLevel":0,"originLevel":0,"hasRecord":false,"recordRelation":null,"status":"historical","disputed":false,"precision":"koaza","areaKey":null,"elements":["ashi"],"summary":"要素辞書に一致（ashi）。出典による裏づけは未確認。","zones":[],"dataset":"old_maps"}},{"type":"Feature","geometry":{"type":"Point","coordinates":[139.737351,37.504971]},"properties":{"id":"07-4730c2cdf7","name":"猪ノ鼻","reading":null,"pref":"福島県","prefCode":"07","municipality":"河沼郡柳津町","hazardTypes":["landslide","soft_ground"],"evidenceLevel":0,"originLevel":0,"hasRecord":false,"recordRelation":null,"status":"historical","disputed":false,"precision":"koaza","areaKey":null,"elements":["shishi"],"summary":"要素辞書に一致（shishi）。出典による裏づけは未確認。","zones":[],"dataset":"old_maps"}},{"type":"Feature","geometry":{"type":"Point","coordinates":[139.735651,37.508791]},"properties":{"id":"07-96d06aaa13","name":"猪倉野","reading":null,"pref":"福島県","prefCode":"07","municipality":"河沼郡柳津町","hazardTypes":["slope_failure","rockfall","landslide","soft_ground"],"evidenceLevel":0,"originLevel":0,"hasRecord":false,"recordRelation":null,"status":"historical","disputed":false,"precision":"koaza","areaKey":null,"elements":["kura","shishi"],"summary":"要素辞書に一致（kura・shishi）。出典による裏づけは未確認。","zones":[],"dataset":"old_maps"}},{"type":"Feature","geometry":{"type":"Point","coordinates":[140.112902,37.563197]},"properties":{"id":"07-3d4080e13a","name":"猪苗代","reading":null,"pref":"福島県","prefCode":"07","municipality":"耶麻郡猪苗代町","hazardTypes":["landslide","soft_ground"],"evidenceLevel":0,"originLevel":0,"hasRecord":false,"recordRelation":null,"status":"historical","disputed":false,"precision":"koaza","areaKey":null,"elements":["shishi"],"summary":"要素辞書に一致（shishi）。出典による裏づけは未確認。","zones":[],"dataset":"old_maps"}},{"type":"Feature","geometry":{"type":"Point","coordinates":[140.938392,37.586573]},"properties":{"id":"07-cb45c416cd","name":"羽倉","reading":null,"pref":"福島県","prefCode":"07","municipality":"南相馬市","hazardTypes":["slope_failure","rockfall"],"evidenceLevel":0,"originLevel":0,"hasRecord":false,"recordRelation":null,"status":"historical","disputed":false,"precision":"koaza","areaKey":"072120850","elements":["kura"],"summary":"要素辞書に一致（kura）。出典による裏づけは未確認。","zones":[],"dataset":"old_maps"}},{"type":"Feature","geometry":{"type":"Point","coordinates":[139.834809,37.590753]},"properties":{"id":"07-e496074982","name":"青木","reading":null,"pref":"福島県","prefCode":"07","municipality":"河沼郡会津坂下町","hazardTypes":["slope_failure"],"evidenceLevel":0,"originLevel":0,"hasRecord":false,"recordRelation":null,"status":"historical","disputed":false,"precision":"koaza","areaKey":null,"elements":["afu_oo"],"summary":"要素辞書に一致（afu_oo）。出典による裏づけは未確認。","zones":[],"dataset":"old_maps"}},{"type":"Feature","geometry":{"type":"Point","coordinates":[140.306907,37.48405]},"properties":{"id":"07-7f3d1bbdbd","name":"青木葉","reading":null,"pref":"福島県","prefCode":"07","municipality":"郡山市","hazardTypes":["slope_failure"],"evidenceLevel":0,"originLevel":0,"hasRecord":false,"recordRelation":null,"status":"historical","disputed":false,"precision":"koaza","areaKey":null,"elements":["afu_oo"],"summary":"要素辞書に一致（afu_oo）。出典による裏づけは未確認。","zones":[],"dataset":"old_maps"}},{"type":"Feature","geometry":{"type":"Point","coordinates":[140.964902,37.277755]},"properties":{"id":"07-6848a1abb3","name":"黒石","reading":null,"pref":"福島県","prefCode":"07","municipality":"双葉郡楢葉町","hazardTypes":["landslide"],"evidenceLevel":0,"originLevel":0,"hasRecord":false,"recordRelation":null,"status":"historical","disputed":false,"precision":"koaza","areaKey":null,"elements":["geology_names"],"summary":"要素辞書に一致（geology_names）。出典による裏づけは未確認。","zones":[],"dataset":"old_maps"}},{"type":"Feature","geometry":{"type":"Point","coordinates":[139.426083,37.235017]},"properties":{"id":"07-c2cd9e5919","name":"小倉谷","reading":null,"pref":"福島県","prefCode":"07","municipality":"南会津郡只見町","hazardTypes":["slope_failure","rockfall"],"evidenceLevel":0,"originLevel":0,"hasRecord":false,"recordRelation":null,"status":"historical","disputed":false,"precision":"feature","areaKey":null,"elements":["kura"],"summary":"要素辞書に一致（kura）。出典による裏づけは未確認。","zones":[],"dataset":"old_maps"}},{"type":"Feature","geometry":{"type":"Point","coordinates":[139.595781,37.439266]},"properties":{"id":"07-af648ed7ec","name":"有倉沢","reading":null,"pref":"福島県","prefCode":"07","municipality":"大沼郡金山町","hazardTypes":["slope_failure","rockfall"],"evidenceLevel":0,"originLevel":0,"hasRecord":false,"recordRelation":null,"status":"historical","disputed":false,"precision":"feature","areaKey":null,"elements":["kura"],"summary":"要素辞書に一致（kura）。出典による裏づけは未確認。","zones":[],"dataset":"old_maps"}},{"type":"Feature","geometry":{"type":"Point","coordinates":[140.968267,36.973684]},"properties":{"id":"07-7f754871d0","name":"合磯岬","reading":null,"pref":"福島県","prefCode":"07","municipality":"いわき市","hazardTypes":["rockfall","debris_flow"],"evidenceLevel":0,"originLevel":0,"hasRecord":false,"recordRelation":null,"status":"historical","disputed":false,"precision":"feature","areaKey":"072040510","elements":["iso_ishi"],"summary":"要素辞書に一致（iso_ishi）。出典による裏づけは未確認。","zones":[],"dataset":"old_maps"}}]}
