{"type":"FeatureCollection","features":[{"type":"Feature","geometry":{"type":"Point","coordinates":[139.663424,35.494503]},"properties":{"id":"14-c8c5c31ef5","name":"岸谷一丁目","reading":"キシヤ 1","pref":"神奈川県","prefCode":"14","municipality":"横浜市鶴見区","hazardTypes":["slope_failure"],"evidenceLevel":0,"originLevel":0,"hasRecord":false,"recordRelation":null,"status":"current","disputed":false,"precision":"oaza","areaKey":"14101008001","elements":["kake"],"summary":"要素辞書に一致（kake）。出典による裏づけは未確認。","zones":[],"dataset":"candidates"}},{"type":"Feature","geometry":{"type":"Point","coordinates":[139.652837,35.518711]},"properties":{"id":"14-359a698ff3","name":"獅子ケ谷一丁目","reading":"シシガヤ 1","pref":"神奈川県","prefCode":"14","municipality":"横浜市鶴見区","hazardTypes":["landslide","soft_ground"],"evidenceLevel":0,"originLevel":0,"hasRecord":false,"recordRelation":null,"status":"current","disputed":false,"precision":"oaza","areaKey":"14101033101","elements":["shishi"],"summary":"要素辞書に一致（shishi）。出典による裏づけは未確認。","zones":[],"dataset":"candidates"}},{"type":"Feature","geometry":{"type":"Point","coordinates":[139.686849,35.513997]},"properties":{"id":"14-17ab5398fa","name":"菅沢町","reading":"スガサワチョウ","pref":"神奈川県","prefCode":"14","municipality":"横浜市鶴見区","hazardTypes":["landslide","soft_ground"],"evidenceLevel":0,"originLevel":0,"hasRecord":false,"recordRelation":null,"status":"current","disputed":false,"precision":"oaza","areaKey":"141010650","elements":["wetland_plants"],"summary":"要素辞書に一致（wetland_plants）。出典による裏づけは未確認。","zones":[],"dataset":"candidates"}},{"type":"Feature","geometry":{"type":"Point","coordinates":[139.644697,35.505816]},"properties":{"id":"14-5da4f6b375","name":"馬場一丁目","reading":"ババ 1","pref":"神奈川県","prefCode":"14","municipality":"横浜市鶴見区","hazardTypes":["slope_failure"],"evidenceLevel":0,"originLevel":0,"hasRecord":false,"recordRelation":null,"status":"current","disputed":false,"precision":"oaza","areaKey":"14101019001","elements":["baba"],"summary":"要素辞書に一致（baba）。出典による裏づけは未確認。","zones":[],"dataset":"candidates"}},{"type":"Feature","geometry":{"type":"Point","coordinates":[139.629007,35.471299]},"properties":{"id":"14-af382d7766","name":"青木町","reading":"アオキチョウ","pref":"神奈川県","prefCode":"14","municipality":"横浜市神奈川区","hazardTypes":["slope_failure"],"evidenceLevel":0,"originLevel":0,"hasRecord":false,"recordRelation":null,"status":"current","disputed":false,"precision":"oaza","areaKey":"141021190","elements":["afu_oo"],"summary":"要素辞書に一致（afu_oo）。出典による裏づけは未確認。","zones":[],"dataset":"candidates"}},{"type":"Feature","geometry":{"type":"Point","coordinates":[139.605435,35.485504]},"properties":{"id":"14-b145d0f8ba","name":"片倉一丁目","reading":"カタクラ 1","pref":"神奈川県","prefCode":"14","municipality":"横浜市神奈川区","hazardTypes":["slope_failure","rockfall"],"evidenceLevel":0,"originLevel":0,"hasRecord":false,"recordRelation":null,"status":"current","disputed":false,"precision":"oaza","areaKey":"14102108001","elements":["kura"],"summary":"要素辞書に一致（kura）。出典による裏づけは未確認。","zones":[],"dataset":"candidates"}},{"type":"Feature","geometry":{"type":"Point","coordinates":[139.585809,35.498062]},"properties":{"id":"14-ea68a2393f","name":"菅田町","reading":"スゲタチョウ","pref":"神奈川県","prefCode":"14","municipality":"横浜市神奈川区","hazardTypes":["landslide","soft_ground"],"evidenceLevel":0,"originLevel":0,"hasRecord":false,"recordRelation":null,"status":"current","disputed":false,"precision":"oaza","areaKey":"14102110001","elements":["wetland_plants"],"summary":"要素辞書に一致（wetland_plants）。出典による裏づけは未確認。","zones":[],"dataset":"candidates"}},{"type":"Feature","geometry":{"type":"Point","coordinates":[139.631162,35.453608]},"properties":{"id":"14-5b16619099","name":"内田町","reading":"ウチダチョウ","pref":"神奈川県","prefCode":"14","municipality":"横浜市中区","hazardTypes":["debris_flow","flood"],"evidenceLevel":0,"originLevel":0,"hasRecord":false,"recordRelation":null,"status":"current","disputed":false,"precision":"oaza","areaKey":"141040860","elements":["uchide"],"summary":"要素辞書に一致（uchide）。出典による裏づけは未確認。","zones":[],"dataset":"candidates"}},{"type":"Feature","geometry":{"type":"Point","coordinates":[139.646834,35.450535]},"properties":{"id":"14-4f1321ad2c","name":"海岸通一丁目","reading":"カイガンドオリ 1","pref":"神奈川県","prefCode":"14","municipality":"横浜市中区","hazardTypes":["slope_failure"],"evidenceLevel":0,"originLevel":0,"hasRecord":false,"recordRelation":null,"status":"current","disputed":false,"precision":"oaza","areaKey":"14104004001","elements":["kake"],"summary":"要素辞書に一致（kake）。出典による裏づけは未確認。","zones":[],"dataset":"candidates"}},{"type":"Feature","geometry":{"type":"Point","coordinates":[139.636333,35.4379]},"properties":{"id":"14-6ad5ad93d7","name":"長者町一丁目","reading":"チョウジャマチ 1","pref":"神奈川県","prefCode":"14","municipality":"横浜市中区","hazardTypes":["slope_failure"],"evidenceLevel":0,"originLevel":0,"hasRecord":false,"recordRelation":null,"status":"current","disputed":false,"precision":"oaza","areaKey":"14104167001","elements":["tsubu_chou"],"summary":"要素辞書に一致（tsubu_chou）。出典による裏づけは未確認。","zones":[],"dataset":"candidates"}},{"type":"Feature","geometry":{"type":"Point","coordinates":[139.636508,35.419848]},"properties":{"id":"14-84101c28c3","name":"根岸旭台","reading":"ネギシアサヒダイ","pref":"神奈川県","prefCode":"14","municipality":"横浜市中区","hazardTypes":["slope_failure","landslide"],"evidenceLevel":0,"originLevel":0,"hasRecord":false,"recordRelation":null,"status":"current","disputed":false,"precision":"oaza","areaKey":"141042550","elements":["kake","tai"],"summary":"要素辞書に一致（kake・tai）。出典による裏づけは未確認。","zones":[],"dataset":"candidates"}},{"type":"Feature","geometry":{"type":"Point","coordinates":[139.644923,35.42019]},"properties":{"id":"14-aa85a21dec","name":"根岸加曽台","reading":"ネギシカゾウダイ","pref":"神奈川県","prefCode":"14","municipality":"横浜市中区","hazardTypes":["slope_failure","landslide"],"evidenceLevel":0,"originLevel":0,"hasRecord":false,"recordRelation":null,"status":"current","disputed":false,"precision":"oaza","areaKey":"141042560","elements":["kake","tai"],"summary":"要素辞書に一致（kake・tai）。出典による裏づけは未確認。","zones":[],"dataset":"candidates"}},{"type":"Feature","geometry":{"type":"Point","coordinates":[139.63831,35.422934]},"properties":{"id":"14-2b9d303fe1","name":"根岸台","reading":"ネギシダイ","pref":"神奈川県","prefCode":"14","municipality":"横浜市中区","hazardTypes":["slope_failure","landslide"],"evidenceLevel":0,"originLevel":0,"hasRecord":false,"recordRelation":null,"status":"current","disputed":false,"precision":"oaza","areaKey":"141042540","elements":["kake","tai"],"summary":"要素辞書に一致（kake・tai）。出典による裏づけは未確認。","zones":[],"dataset":"candidates"}},{"type":"Feature","geometry":{"type":"Point","coordinates":[139.647029,35.419295]},"properties":{"id":"14-3202112040","name":"根岸町一丁目","reading":"ネギシチョウ 1","pref":"神奈川県","prefCode":"14","municipality":"横浜市中区","hazardTypes":["slope_failure"],"evidenceLevel":0,"originLevel":0,"hasRecord":false,"recordRelation":null,"status":"current","disputed":false,"precision":"oaza","areaKey":"14104257001","elements":["kake"],"summary":"要素辞書に一致（kake）。出典による裏づけは未確認。","zones":[],"dataset":"candidates"}},{"type":"Feature","geometry":{"type":"Point","coordinates":[139.630535,35.447599]},"properties":{"id":"14-aa3894bb07","name":"野毛町一丁目","reading":"ノゲチョウ 1","pref":"神奈川県","prefCode":"14","municipality":"横浜市中区","hazardTypes":["slope_failure"],"evidenceLevel":0,"originLevel":0,"hasRecord":false,"recordRelation":null,"status":"current","disputed":false,"precision":"oaza","areaKey":"14104093001","elements":["nuke"],"summary":"要素辞書に一致（nuke）。出典による裏づけは未確認。","zones":[],"dataset":"candidates"}},{"type":"Feature","geometry":{"type":"Point","coordinates":[139.598494,35.430505]},"properties":{"id":"14-2b2146a2a5","name":"井土ケ谷上町","reading":"イドガヤカミマチ","pref":"神奈川県","prefCode":"14","municipality":"横浜市南区","hazardTypes":["landslide"],"evidenceLevel":0,"originLevel":0,"hasRecord":false,"recordRelation":null,"status":"current","disputed":false,"precision":"oaza","areaKey":"141051200","elements":["geology_names"],"summary":"要素辞書に一致（geology_names）。出典による裏づけは未確認。","zones":[],"dataset":"candidates"}},{"type":"Feature","geometry":{"type":"Point","coordinates":[139.605684,35.431751]},"properties":{"id":"14-8812f56c2d","name":"井土ケ谷下町","reading":"イドガヤシモマチ","pref":"神奈川県","prefCode":"14","municipality":"横浜市南区","hazardTypes":["landslide"],"evidenceLevel":0,"originLevel":0,"hasRecord":false,"recordRelation":null,"status":"current","disputed":false,"precision":"oaza","areaKey":"141051180","elements":["geology_names"],"summary":"要素辞書に一致（geology_names）。出典による裏づけは未確認。","zones":[],"dataset":"candidates"}},{"type":"Feature","geometry":{"type":"Point","coordinates":[139.602162,35.430925]},"properties":{"id":"14-0190dd2f6d","name":"井土ケ谷中町","reading":"イドガヤナカマチ","pref":"神奈川県","prefCode":"14","municipality":"横浜市南区","hazardTypes":["landslide"],"evidenceLevel":0,"originLevel":0,"hasRecord":false,"recordRelation":null,"status":"current","disputed":false,"precision":"oaza","areaKey":"141051190","elements":["geology_names"],"summary":"要素辞書に一致（geology_names）。出典による裏づけは未確認。","zones":[],"dataset":"candidates"}},{"type":"Feature","geometry":{"type":"Point","coordinates":[139.567959,35.488373]},"properties":{"id":"14-329bfba721","name":"上菅田町","reading":"カミスゲダチョウ","pref":"神奈川県","prefCode":"14","municipality":"横浜市保土ケ谷区","hazardTypes":["landslide","soft_ground"],"evidenceLevel":0,"originLevel":0,"hasRecord":false,"recordRelation":null,"status":"current","disputed":false,"precision":"oaza","areaKey":"14106056001","elements":["wetland_plants"],"summary":"要素辞書に一致（wetland_plants）。出典による裏づけは未確認。","zones":[],"dataset":"candidates"}},{"type":"Feature","geometry":{"type":"Point","coordinates":[139.593949,35.444504]},"properties":{"id":"14-c4708b7ba6","name":"保土ケ谷町一丁目","reading":"ホドガヤチョウ 1","pref":"神奈川県","prefCode":"14","municipality":"横浜市保土ケ谷区","hazardTypes":["landslide"],"evidenceLevel":0,"originLevel":0,"hasRecord":false,"recordRelation":null,"status":"current","disputed":false,"precision":"oaza","areaKey":"14106003001","elements":["geology_names"],"summary":"要素辞書に一致（geology_names）。出典による裏づけは未確認。","zones":[],"dataset":"candidates"}},{"type":"Feature","geometry":{"type":"Point","coordinates":[139.627157,35.41199]},"properties":{"id":"14-0dc940561a","name":"磯子一丁目","reading":"イソゴ 1","pref":"神奈川県","prefCode":"14","municipality":"横浜市磯子区","hazardTypes":["rockfall","debris_flow"],"evidenceLevel":0,"originLevel":0,"hasRecord":false,"recordRelation":null,"status":"current","disputed":false,"precision":"oaza","areaKey":"14107025001","elements":["iso_ishi"],"summary":"要素辞書に一致（iso_ishi）。出典による裏づけは未確認。","zones":[],"dataset":"candidates"}},{"type":"Feature","geometry":{"type":"Point","coordinates":[139.614804,35.403579]},"properties":{"id":"14-7063c4823c","name":"磯子台","reading":"イソゴダイ","pref":"神奈川県","prefCode":"14","municipality":"横浜市磯子区","hazardTypes":["rockfall","debris_flow","landslide"],"evidenceLevel":0,"originLevel":0,"hasRecord":false,"recordRelation":null,"status":"current","disputed":false,"precision":"oaza","areaKey":"141070330","elements":["iso_ishi","tai"],"summary":"要素辞書に一致（iso_ishi・tai）。出典による裏づけは未確認。","zones":[],"dataset":"candidates"}},{"type":"Feature","geometry":{"type":"Point","coordinates":[139.633529,35.404589]},"properties":{"id":"14-41495533c5","name":"新磯子町","reading":"シンイソゴチョウ","pref":"神奈川県","prefCode":"14","municipality":"横浜市磯子区","hazardTypes":["rockfall","debris_flow"],"evidenceLevel":0,"originLevel":0,"hasRecord":false,"recordRelation":null,"status":"current","disputed":false,"precision":"oaza","areaKey":"141070340","elements":["iso_ishi"],"summary":"要素辞書に一致（iso_ishi）。出典による裏づけは未確認。","zones":[],"dataset":"candidates"}},{"type":"Feature","geometry":{"type":"Point","coordinates":[139.627512,35.421985]},"properties":{"id":"14-d87d46fad0","name":"馬場町","reading":"ババチョウ","pref":"神奈川県","prefCode":"14","municipality":"横浜市磯子区","hazardTypes":["slope_failure"],"evidenceLevel":0,"originLevel":0,"hasRecord":false,"recordRelation":null,"status":"current","disputed":false,"precision":"oaza","areaKey":"141070070","elements":["baba"],"summary":"要素辞書に一致（baba）。出典による裏づけは未確認。","zones":[],"dataset":"candidates"}},{"type":"Feature","geometry":{"type":"Point","coordinates":[139.63125,35.520156]},"properties":{"id":"14-46b907891e","name":"大倉山一丁目","reading":"オオクラヤマ 1","pref":"神奈川県","prefCode":"14","municipality":"横浜市港北区","hazardTypes":["slope_failure","rockfall"],"evidenceLevel":0,"originLevel":0,"hasRecord":false,"recordRelation":null,"status":"current","disputed":false,"precision":"oaza","areaKey":"14109029101","elements":["kura"],"summary":"要素辞書に一致（kura）。出典による裏づけは未確認。","zones":[],"dataset":"candidates"}},{"type":"Feature","geometry":{"type":"Point","coordinates":[139.612981,35.497651]},"properties":{"id":"14-74f873252e","name":"岸根町","reading":"キシネチョウ","pref":"神奈川県","prefCode":"14","municipality":"横浜市港北区","hazardTypes":["slope_failure"],"evidenceLevel":0,"originLevel":0,"hasRecord":false,"recordRelation":null,"status":"current","disputed":false,"precision":"oaza","areaKey":"141090240","elements":["kake"],"summary":"要素辞書に一致（kake）。出典による裏づけは未確認。","zones":[],"dataset":"candidates"}},{"type":"Feature","geometry":{"type":"Point","coordinates":[139.540127,35.393765]},"properties":{"id":"14-ed04ed39a2","name":"上倉田町","reading":"カミクラタチョウ","pref":"神奈川県","prefCode":"14","municipality":"横浜市戸塚区","hazardTypes":["slope_failure","rockfall"],"evidenceLevel":0,"originLevel":0,"hasRecord":false,"recordRelation":null,"status":"current","disputed":false,"precision":"oaza","areaKey":"141100020","elements":["kura"],"summary":"要素辞書に一致（kura）。出典による裏づけは未確認。","zones":[],"dataset":"candidates"}},{"type":"Feature","geometry":{"type":"Point","coordinates":[139.541872,35.383467]},"properties":{"id":"14-d7d621fe64","name":"下倉田町","reading":"シモクラタチョウ","pref":"神奈川県","prefCode":"14","municipality":"横浜市戸塚区","hazardTypes":["slope_failure","rockfall"],"evidenceLevel":0,"originLevel":0,"hasRecord":false,"recordRelation":null,"status":"current","disputed":false,"precision":"oaza","areaKey":"14110001001","elements":["kura"],"summary":"要素辞書に一致（kura）。出典による裏づけは未確認。","zones":[],"dataset":"candidates"}},{"type":"Feature","geometry":{"type":"Point","coordinates":[139.593681,35.409925]},"properties":{"id":"14-34313cff2c","name":"大久保一丁目","reading":"オオクボ 1","pref":"神奈川県","prefCode":"14","municipality":"横浜市港南区","hazardTypes":["slope_failure","inundation","landslide"],"evidenceLevel":0,"originLevel":0,"hasRecord":false,"recordRelation":null,"status":"current","disputed":false,"precision":"oaza","areaKey":"14111003001","elements":["afu_oo","kubo"],"summary":"要素辞書に一致（afu_oo・kubo）。出典による裏づけは未確認。","zones":[],"dataset":"candidates"}},{"type":"Feature","geometry":{"type":"Point","coordinates":[139.577136,35.416905]},"properties":{"id":"14-6d15e64f01","name":"芹が谷一丁目","reading":"セリガヤ 1","pref":"神奈川県","prefCode":"14","municipality":"横浜市港南区","hazardTypes":["landslide","soft_ground"],"evidenceLevel":0,"originLevel":0,"hasRecord":false,"recordRelation":null,"status":"current","disputed":false,"precision":"oaza","areaKey":"14111039001","elements":["wetland_plants"],"summary":"要素辞書に一致（wetland_plants）。出典による裏づけは未確認。","zones":[],"dataset":"candidates"}},{"type":"Feature","geometry":{"type":"Point","coordinates":[139.577981,35.412816]},"properties":{"id":"14-4d8476ff7a","name":"東芹が谷","reading":"ヒガシセリガヤ","pref":"神奈川県","prefCode":"14","municipality":"横浜市港南区","hazardTypes":["landslide","soft_ground"],"evidenceLevel":0,"originLevel":0,"hasRecord":false,"recordRelation":null,"status":"current","disputed":false,"precision":"oaza","areaKey":"141110700","elements":["wetland_plants"],"summary":"要素辞書に一致（wetland_plants）。出典による裏づけは未確認。","zones":[],"dataset":"candidates"}},{"type":"Feature","geometry":{"type":"Point","coordinates":[139.564558,35.368694]},"properties":{"id":"14-17127c124e","name":"鍛冶ケ谷一丁目","reading":"カジガヤ 1","pref":"神奈川県","prefCode":"14","municipality":"横浜市栄区","hazardTypes":["slope_failure"],"evidenceLevel":0,"originLevel":0,"hasRecord":false,"recordRelation":null,"status":"current","disputed":false,"precision":"oaza","areaKey":"14115035001","elements":["kaji_kamu"],"summary":"要素辞書に一致（kaji_kamu）。出典による裏づけは未確認。","zones":[],"dataset":"candidates"}},{"type":"Feature","geometry":{"type":"Point","coordinates":[139.558398,35.373119]},"properties":{"id":"14-3451340706","name":"鍛冶ケ谷町","reading":"カジガヤチョウ","pref":"神奈川県","prefCode":"14","municipality":"横浜市栄区","hazardTypes":["slope_failure"],"evidenceLevel":0,"originLevel":0,"hasRecord":false,"recordRelation":null,"status":"current","disputed":false,"precision":"oaza","areaKey":"141150040","elements":["kaji_kamu"],"summary":"要素辞書に一致（kaji_kamu）。出典による裏づけは未確認。","zones":[],"dataset":"candidates"}},{"type":"Feature","geometry":{"type":"Point","coordinates":[139.54762,35.365911]},"properties":{"id":"14-ed7831a6c4","name":"小菅ケ谷一丁目","reading":"コスガヤ 1","pref":"神奈川県","prefCode":"14","municipality":"横浜市栄区","hazardTypes":["landslide","soft_ground"],"evidenceLevel":0,"originLevel":0,"hasRecord":false,"recordRelation":null,"status":"current","disputed":false,"precision":"oaza","areaKey":"14115005101","elements":["wetland_plants"],"summary":"要素辞書に一致（wetland_plants）。出典による裏づけは未確認。","zones":[],"dataset":"candidates"}},{"type":"Feature","geometry":{"type":"Point","coordinates":[139.55664,35.373185]},"properties":{"id":"14-8661a72b61","name":"小菅ケ谷町","reading":"コスガヤチョウ","pref":"神奈川県","prefCode":"14","municipality":"横浜市栄区","hazardTypes":["landslide","soft_ground"],"evidenceLevel":0,"originLevel":0,"hasRecord":false,"recordRelation":null,"status":"current","disputed":false,"precision":"oaza","areaKey":"141150053","elements":["wetland_plants"],"summary":"要素辞書に一致（wetland_plants）。出典による裏づけは未確認。","zones":[],"dataset":"candidates"}},{"type":"Feature","geometry":{"type":"Point","coordinates":[139.583418,35.346923]},"properties":{"id":"14-a876e5e80d","name":"長倉町","reading":"ナガクラチョウ","pref":"神奈川県","prefCode":"14","municipality":"横浜市栄区","hazardTypes":["slope_failure","rockfall"],"evidenceLevel":0,"originLevel":0,"hasRecord":false,"recordRelation":null,"status":"current","disputed":false,"precision":"oaza","areaKey":"141150260","elements":["kura"],"summary":"要素辞書に一致（kura）。出典による裏づけは未確認。","zones":[],"dataset":"candidates"}},{"type":"Feature","geometry":{"type":"Point","coordinates":[139.526308,35.535355]},"properties":{"id":"14-a25df91773","name":"梅が丘","reading":"ウメガオカ","pref":"神奈川県","prefCode":"14","municipality":"横浜市青葉区","hazardTypes":["landslide","slope_failure"],"evidenceLevel":0,"originLevel":0,"hasRecord":false,"recordRelation":null,"status":"current","disputed":false,"precision":"oaza","areaKey":"141170920","elements":["ume"],"summary":"要素辞書に一致（ume）。出典による裏づけは未確認。","zones":[],"dataset":"candidates"}},{"type":"Feature","geometry":{"type":"Point","coordinates":[139.528571,35.551118]},"properties":{"id":"14-07c80ccbf0","name":"柿の木台","reading":"カキノキダイ","pref":"神奈川県","prefCode":"14","municipality":"横浜市青葉区","hazardTypes":["slope_failure","landslide"],"evidenceLevel":0,"originLevel":0,"hasRecord":false,"recordRelation":null,"status":"current","disputed":false,"precision":"oaza","areaKey":"141171080","elements":["kake","tai"],"summary":"要素辞書に一致（kake・tai）。出典による裏づけは未確認。","zones":[],"dataset":"candidates"}},{"type":"Feature","geometry":{"type":"Point","coordinates":[139.738156,35.541128]},"properties":{"id":"14-7199c3efa2","name":"大師河原一丁目","reading":"ダイシガワラ 1","pref":"神奈川県","prefCode":"14","municipality":"川崎市川崎区","hazardTypes":["flood"],"evidenceLevel":0,"originLevel":0,"hasRecord":false,"recordRelation":null,"status":"current","disputed":false,"precision":"oaza","areaKey":"14131017001","elements":["kawara"],"summary":"要素辞書に一致（kawara）。出典による裏づけは未確認。","zones":[],"dataset":"candidates"}},{"type":"Feature","geometry":{"type":"Point","coordinates":[139.674086,35.548298]},"properties":{"id":"14-eb60b64c26","name":"小倉","reading":"オグラ","pref":"神奈川県","prefCode":"14","municipality":"川崎市幸区","hazardTypes":["slope_failure","rockfall"],"evidenceLevel":0,"originLevel":0,"hasRecord":false,"recordRelation":null,"status":"current","disputed":false,"precision":"oaza","areaKey":"141322260","elements":["kura"],"summary":"要素辞書に一致（kura）。出典による裏づけは未確認。","zones":[],"dataset":"candidates"}},{"type":"Feature","geometry":{"type":"Point","coordinates":[139.673209,35.551094]},"properties":{"id":"14-5237994ec5","name":"鹿島田一丁目","reading":"カシマダ 1","pref":"神奈川県","prefCode":"14","municipality":"川崎市幸区","hazardTypes":["landslide","soft_ground"],"evidenceLevel":0,"originLevel":0,"hasRecord":false,"recordRelation":null,"status":"current","disputed":false,"precision":"oaza","areaKey":"14132225001","elements":["shishi"],"summary":"要素辞書に一致（shishi）。出典による裏づけは未確認。","zones":[],"dataset":"candidates"}},{"type":"Feature","geometry":{"type":"Point","coordinates":[139.694026,35.540006]},"properties":{"id":"14-0a2fd70a7a","name":"河原町","reading":"カワラマチ","pref":"神奈川県","prefCode":"14","municipality":"川崎市幸区","hazardTypes":["flood"],"evidenceLevel":0,"originLevel":0,"hasRecord":false,"recordRelation":null,"status":"current","disputed":false,"precision":"oaza","areaKey":"141322130","elements":["kawara"],"summary":"要素辞書に一致（kawara）。出典による裏づけは未確認。","zones":[],"dataset":"candidates"}},{"type":"Feature","geometry":{"type":"Point","coordinates":[139.673985,35.540872]},"properties":{"id":"14-a3012b450e","name":"新小倉","reading":"シンオグラ","pref":"神奈川県","prefCode":"14","municipality":"川崎市幸区","hazardTypes":["slope_failure","rockfall"],"evidenceLevel":0,"originLevel":0,"hasRecord":false,"recordRelation":null,"status":"current","disputed":false,"precision":"oaza","areaKey":"141322320","elements":["kura"],"summary":"要素辞書に一致（kura）。出典による裏づけは未確認。","zones":[],"dataset":"candidates"}},{"type":"Feature","geometry":{"type":"Point","coordinates":[139.675745,35.544251]},"properties":{"id":"14-615efede00","name":"東小倉","reading":"ヒガシオグラ","pref":"神奈川県","prefCode":"14","municipality":"川崎市幸区","hazardTypes":["slope_failure","rockfall"],"evidenceLevel":0,"originLevel":0,"hasRecord":false,"recordRelation":null,"status":"current","disputed":false,"precision":"oaza","areaKey":"141322310","elements":["kura"],"summary":"要素辞書に一致（kura）。出典による裏づけは未確認。","zones":[],"dataset":"candidates"}},{"type":"Feature","geometry":{"type":"Point","coordinates":[139.682673,35.546026]},"properties":{"id":"14-1588ab9c57","name":"古川町","reading":"フルカワマチ","pref":"神奈川県","prefCode":"14","municipality":"川崎市幸区","hazardTypes":["flood","inundation"],"evidenceLevel":0,"originLevel":0,"hasRecord":false,"recordRelation":null,"status":"current","disputed":false,"precision":"oaza","areaKey":"141322230","elements":["furukawa"],"summary":"要素辞書に一致（furukawa）。出典による裏づけは未確認。","zones":[],"dataset":"candidates"}},{"type":"Feature","geometry":{"type":"Point","coordinates":[139.665973,35.556774]},"properties":{"id":"14-bcaefa8077","name":"大倉町","reading":"オオクラチョウ","pref":"神奈川県","prefCode":"14","municipality":"川崎市中原区","hazardTypes":["slope_failure","rockfall"],"evidenceLevel":0,"originLevel":0,"hasRecord":false,"recordRelation":null,"status":"current","disputed":false,"precision":"oaza","areaKey":"141333210","elements":["kura"],"summary":"要素辞書に一致（kura）。出典による裏づけは未確認。","zones":[],"dataset":"candidates"}},{"type":"Feature","geometry":{"type":"Point","coordinates":[139.638331,35.599787]},"properties":{"id":"14-7a0c36e94a","name":"下野毛一丁目","reading":"シモノゲ 1","pref":"神奈川県","prefCode":"14","municipality":"川崎市高津区","hazardTypes":["slope_failure"],"evidenceLevel":0,"originLevel":0,"hasRecord":false,"recordRelation":null,"status":"current","disputed":false,"precision":"oaza","areaKey":"14134408001","elements":["nuke"],"summary":"要素辞書に一致（nuke）。出典による裏づけは未確認。","zones":[],"dataset":"candidates"}},{"type":"Feature","geometry":{"type":"Point","coordinates":[139.575896,35.620331]},"properties":{"id":"14-f75629bcbd","name":"宿河原一丁目","reading":"シュクガワラ 1","pref":"神奈川県","prefCode":"14","municipality":"川崎市多摩区","hazardTypes":["flood"],"evidenceLevel":0,"originLevel":0,"hasRecord":false,"recordRelation":null,"status":"current","disputed":false,"precision":"oaza","areaKey":"14135615001","elements":["kawara"],"summary":"要素辞書に一致（kawara）。出典による裏づけは未確認。","zones":[],"dataset":"candidates"}},{"type":"Feature","geometry":{"type":"Point","coordinates":[139.537351,35.632313]},"properties":{"id":"14-8b9b29fa48","name":"菅一丁目","reading":"スゲ 1","pref":"神奈川県","prefCode":"14","municipality":"川崎市多摩区","hazardTypes":["landslide","soft_ground"],"evidenceLevel":0,"originLevel":0,"hasRecord":false,"recordRelation":null,"status":"current","disputed":false,"precision":"oaza","areaKey":"14135606001","elements":["wetland_plants"],"summary":"要素辞書に一致（wetland_plants）。出典による裏づけは未確認。","zones":[],"dataset":"candidates"}},{"type":"Feature","geometry":{"type":"Point","coordinates":[139.53543,35.635229]},"properties":{"id":"14-fe7d65ea85","name":"菅稲田堤一丁目","reading":"スゲイナダヅツミ 1","pref":"神奈川県","prefCode":"14","municipality":"川崎市多摩区","hazardTypes":["landslide","soft_ground"],"evidenceLevel":0,"originLevel":0,"hasRecord":false,"recordRelation":null,"status":"current","disputed":false,"precision":"oaza","areaKey":"14135609001","elements":["wetland_plants"],"summary":"要素辞書に一致（wetland_plants）。出典による裏づけは未確認。","zones":[],"dataset":"candidates"}},{"type":"Feature","geometry":{"type":"Point","coordinates":[139.538495,35.63081]},"properties":{"id":"14-19ca67c909","name":"菅北浦一丁目","reading":"スゲキタウラ 1","pref":"神奈川県","prefCode":"14","municipality":"川崎市多摩区","hazardTypes":["landslide","soft_ground"],"evidenceLevel":0,"originLevel":0,"hasRecord":false,"recordRelation":null,"status":"current","disputed":false,"precision":"oaza","areaKey":"14135605001","elements":["wetland_plants"],"summary":"要素辞書に一致（wetland_plants）。出典による裏づけは未確認。","zones":[],"dataset":"candidates"}},{"type":"Feature","geometry":{"type":"Point","coordinates":[139.524042,35.634521]},"properties":{"id":"14-4fedd0a6d0","name":"菅城下","reading":"スゲシロシタ","pref":"神奈川県","prefCode":"14","municipality":"川崎市多摩区","hazardTypes":["landslide","soft_ground"],"evidenceLevel":0,"originLevel":0,"hasRecord":false,"recordRelation":null,"status":"current","disputed":false,"precision":"oaza","areaKey":"141356070","elements":["wetland_plants"],"summary":"要素辞書に一致（wetland_plants）。出典による裏づけは未確認。","zones":[],"dataset":"candidates"}},{"type":"Feature","geometry":{"type":"Point","coordinates":[139.522437,35.629489]},"properties":{"id":"14-7443f14e11","name":"菅仙谷一丁目","reading":"スゲセンゴク 1","pref":"神奈川県","prefCode":"14","municipality":"川崎市多摩区","hazardTypes":["landslide","soft_ground"],"evidenceLevel":0,"originLevel":0,"hasRecord":false,"recordRelation":null,"status":"current","disputed":false,"precision":"oaza","areaKey":"14135604001","elements":["wetland_plants"],"summary":"要素辞書に一致（wetland_plants）。出典による裏づけは未確認。","zones":[],"dataset":"candidates"}},{"type":"Feature","geometry":{"type":"Point","coordinates":[139.531517,35.63978]},"properties":{"id":"14-9f5b6edcfe","name":"菅野戸呂","reading":"スゲノトロ","pref":"神奈川県","prefCode":"14","municipality":"川崎市多摩区","hazardTypes":["landslide","soft_ground"],"evidenceLevel":0,"originLevel":0,"hasRecord":false,"recordRelation":null,"status":"current","disputed":false,"precision":"oaza","areaKey":"141356080","elements":["wetland_plants"],"summary":"要素辞書に一致（wetland_plants）。出典による裏づけは未確認。","zones":[],"dataset":"candidates"}},{"type":"Feature","geometry":{"type":"Point","coordinates":[139.54282,35.630121]},"properties":{"id":"14-d1fb1e10b3","name":"菅馬場一丁目","reading":"スゲバンバ 1","pref":"神奈川県","prefCode":"14","municipality":"川崎市多摩区","hazardTypes":["slope_failure","landslide","soft_ground"],"evidenceLevel":0,"originLevel":0,"hasRecord":false,"recordRelation":null,"status":"current","disputed":false,"precision":"oaza","areaKey":"14135603001","elements":["baba","wetland_plants"],"summary":"要素辞書に一致（baba・wetland_plants）。出典による裏づけは未確認。","zones":[],"dataset":"candidates"}},{"type":"Feature","geometry":{"type":"Point","coordinates":[139.559299,35.59051]},"properties":{"id":"14-f37249c9e6","name":"犬蔵一丁目","reading":"イヌクラ 1","pref":"神奈川県","prefCode":"14","municipality":"川崎市宮前区","hazardTypes":["slope_failure","rockfall"],"evidenceLevel":0,"originLevel":0,"hasRecord":false,"recordRelation":null,"status":"current","disputed":false,"precision":"oaza","areaKey":"14136514001","elements":["kura"],"summary":"要素辞書に一致（kura）。出典による裏づけは未確認。","zones":[],"dataset":"candidates"}},{"type":"Feature","geometry":{"type":"Point","coordinates":[139.555378,35.599855]},"properties":{"id":"14-5648d998ca","name":"菅生一丁目","reading":"スガオ 1","pref":"神奈川県","prefCode":"14","municipality":"川崎市宮前区","hazardTypes":["landslide","soft_ground"],"evidenceLevel":0,"originLevel":0,"hasRecord":false,"recordRelation":null,"status":"current","disputed":false,"precision":"oaza","areaKey":"14136518001","elements":["wetland_plants"],"summary":"要素辞書に一致（wetland_plants）。出典による裏づけは未確認。","zones":[],"dataset":"candidates"}},{"type":"Feature","geometry":{"type":"Point","coordinates":[139.542145,35.596922]},"properties":{"id":"14-f41453983b","name":"菅生ケ丘","reading":"スガオガオカ","pref":"神奈川県","prefCode":"14","municipality":"川崎市宮前区","hazardTypes":["landslide","soft_ground"],"evidenceLevel":0,"originLevel":0,"hasRecord":false,"recordRelation":null,"status":"current","disputed":false,"precision":"oaza","areaKey":"141365170","elements":["wetland_plants"],"summary":"要素辞書に一致（wetland_plants）。出典による裏づけは未確認。","zones":[],"dataset":"candidates"}},{"type":"Feature","geometry":{"type":"Point","coordinates":[139.298263,35.572924]},"properties":{"id":"14-5cc5d50fe2","name":"小倉","reading":"オグラ","pref":"神奈川県","prefCode":"14","municipality":"相模原市緑区","hazardTypes":["slope_failure","rockfall"],"evidenceLevel":0,"originLevel":0,"hasRecord":false,"recordRelation":null,"status":"current","disputed":false,"precision":"oaza","areaKey":"141510230","elements":["kura"],"summary":"要素辞書に一致（kura）。出典による裏づけは未確認。","zones":[],"dataset":"candidates"}},{"type":"Feature","geometry":{"type":"Point","coordinates":[139.141984,35.60583]},"properties":{"id":"14-fc7e3c34c2","name":"名倉","reading":"ナグラ","pref":"神奈川県","prefCode":"14","municipality":"相模原市緑区","hazardTypes":["slope_failure","rockfall"],"evidenceLevel":0,"originLevel":0,"hasRecord":false,"recordRelation":null,"status":"current","disputed":false,"precision":"oaza","areaKey":"141510470","elements":["kura"],"summary":"要素辞書に一致（kura）。出典による裏づけは未確認。","zones":[],"dataset":"candidates"}},{"type":"Feature","geometry":{"type":"Point","coordinates":[139.393205,35.568476]},"properties":{"id":"14-97d024cd19","name":"鹿沼台一丁目","reading":"カヌマダイ 1","pref":"神奈川県","prefCode":"14","municipality":"相模原市中央区","hazardTypes":["landslide","soft_ground","inundation"],"evidenceLevel":0,"originLevel":0,"hasRecord":false,"recordRelation":null,"status":"current","disputed":false,"precision":"oaza","areaKey":"14152030001","elements":["shishi","numa_kata","tai"],"summary":"要素辞書に一致（shishi・numa_kata・tai）。出典による裏づけは未確認。","zones":[],"dataset":"candidates"}},{"type":"Feature","geometry":{"type":"Point","coordinates":[139.399117,35.517352]},"properties":{"id":"14-539e31e7dc","name":"新磯野","reading":"アライソノ","pref":"神奈川県","prefCode":"14","municipality":"相模原市南区","hazardTypes":["rockfall","debris_flow"],"evidenceLevel":0,"originLevel":0,"hasRecord":false,"recordRelation":null,"status":"current","disputed":false,"precision":"oaza","areaKey":null,"elements":["iso_ishi"],"summary":"要素辞書に一致（iso_ishi）。出典による裏づけは未確認。","zones":[],"dataset":"candidates"}},{"type":"Feature","geometry":{"type":"Point","coordinates":[139.388839,35.50943]},"properties":{"id":"14-3bd14e3bbd","name":"磯部","reading":"イソベ","pref":"神奈川県","prefCode":"14","municipality":"相模原市南区","hazardTypes":["rockfall","debris_flow"],"evidenceLevel":0,"originLevel":0,"hasRecord":false,"recordRelation":null,"status":"current","disputed":false,"precision":"oaza","areaKey":"141530330","elements":["iso_ishi"],"summary":"要素辞書に一致（iso_ishi）。出典による裏づけは未確認。","zones":[],"dataset":"candidates"}},{"type":"Feature","geometry":{"type":"Point","coordinates":[139.609972,35.232058]},"properties":{"id":"14-e1130fb662","name":"芦名一丁目","reading":"アシナ 1","pref":"神奈川県","prefCode":"14","municipality":"横須賀市","hazardTypes":["flood","inundation"],"evidenceLevel":0,"originLevel":0,"hasRecord":false,"recordRelation":null,"status":"current","disputed":false,"precision":"oaza","areaKey":"14201100001","elements":["ashi"],"summary":"要素辞書に一致（ashi）。出典による裏づけは未確認。","zones":[],"dataset":"candidates"}},{"type":"Feature","geometry":{"type":"Point","coordinates":[139.634565,35.256444]},"properties":{"id":"14-847e235cfa","name":"阿部倉","reading":"アベクラ","pref":"神奈川県","prefCode":"14","municipality":"横須賀市","hazardTypes":["slope_failure","rockfall"],"evidenceLevel":0,"originLevel":0,"hasRecord":false,"recordRelation":null,"status":"current","disputed":false,"precision":"oaza","areaKey":"142010520","elements":["kura"],"summary":"要素辞書に一致（kura）。出典による裏づけは未確認。","zones":[],"dataset":"candidates"}},{"type":"Feature","geometry":{"type":"Point","coordinates":[139.631387,35.228679]},"properties":{"id":"14-239fc68b81","name":"荻野","reading":"オギノ","pref":"神奈川県","prefCode":"14","municipality":"横須賀市","hazardTypes":["slope_failure"],"evidenceLevel":0,"originLevel":0,"hasRecord":false,"recordRelation":null,"status":"current","disputed":false,"precision":"oaza","areaKey":"142010970","elements":["suki_hagu"],"summary":"要素辞書に一致（suki_hagu）。出典による裏づけは未確認。","zones":[],"dataset":"candidates"}},{"type":"Feature","geometry":{"type":"Point","coordinates":[139.694058,35.286062]},"properties":{"id":"14-a76b27c237","name":"猿島","reading":"サルシマ","pref":"神奈川県","prefCode":"14","municipality":"横須賀市","hazardTypes":["slope_failure"],"evidenceLevel":0,"originLevel":0,"hasRecord":false,"recordRelation":null,"status":"current","disputed":false,"precision":"oaza","areaKey":"142010070","elements":["saru"],"summary":"要素辞書に一致（saru）。出典による裏づけは未確認。","zones":[],"dataset":"candidates"}},{"type":"Feature","geometry":{"type":"Point","coordinates":[139.643625,35.321507]},"properties":{"id":"14-694e0be503","name":"夏島町","reading":"ナツシマチョウ","pref":"神奈川県","prefCode":"14","municipality":"横須賀市","hazardTypes":["debris_flow","slope_failure"],"evidenceLevel":0,"originLevel":0,"hasRecord":false,"recordRelation":null,"status":"current","disputed":false,"precision":"oaza","areaKey":"142010300","elements":["nazu_natsu"],"summary":"要素辞書に一致（nazu_natsu）。出典による裏づけは未確認。","zones":[],"dataset":"candidates"}},{"type":"Feature","geometry":{"type":"Point","coordinates":[139.686513,35.253491]},"properties":{"id":"14-08ecccb502","name":"根岸町一丁目","reading":"ネギシチョウ 1","pref":"神奈川県","prefCode":"14","municipality":"横須賀市","hazardTypes":["slope_failure"],"evidenceLevel":0,"originLevel":0,"hasRecord":false,"recordRelation":null,"status":"current","disputed":false,"precision":"oaza","areaKey":"14201058001","elements":["kake"],"summary":"要素辞書に一致（kake）。出典による裏づけは未確認。","zones":[],"dataset":"candidates"}},{"type":"Feature","geometry":{"type":"Point","coordinates":[139.672357,35.274745]},"properties":{"id":"14-c1eaa16c6a","name":"深田台","reading":"フカダダイ","pref":"神奈川県","prefCode":"14","municipality":"横須賀市","hazardTypes":["soft_ground","inundation","landslide"],"evidenceLevel":0,"originLevel":0,"hasRecord":false,"recordRelation":null,"status":"current","disputed":false,"precision":"oaza","areaKey":"142010200","elements":["fuke","tai"],"summary":"要素辞書に一致（fuke・tai）。出典による裏づけは未確認。","zones":[],"dataset":"candidates"}},{"type":"Feature","geometry":{"type":"Point","coordinates":[139.699807,35.237758]},"properties":{"id":"14-77bc78485c","name":"舟倉一丁目","reading":"フナグラ 1","pref":"神奈川県","prefCode":"14","municipality":"横須賀市","hazardTypes":["slope_failure","rockfall"],"evidenceLevel":0,"originLevel":0,"hasRecord":false,"recordRelation":null,"status":"current","disputed":false,"precision":"oaza","areaKey":"14201078001","elements":["kura"],"summary":"要素辞書に一致（kura）。出典による裏づけは未確認。","zones":[],"dataset":"candidates"}},{"type":"Feature","geometry":{"type":"Point","coordinates":[139.700258,35.262928]},"properties":{"id":"14-0c5847bb1b","name":"馬堀海岸一丁目","reading":"マボリカイガン 1","pref":"神奈川県","prefCode":"14","municipality":"横須賀市","hazardTypes":["slope_failure"],"evidenceLevel":0,"originLevel":0,"hasRecord":false,"recordRelation":null,"status":"current","disputed":false,"precision":"oaza","areaKey":"14201060001","elements":["kake"],"summary":"要素辞書に一致（kake）。出典による裏づけは未確認。","zones":[],"dataset":"candidates"}},{"type":"Feature","geometry":{"type":"Point","coordinates":[139.648059,35.286958]},"properties":{"id":"14-b0c2a1cc82","name":"吉倉町一丁目","reading":"ヨシクラチョウ 1","pref":"神奈川県","prefCode":"14","municipality":"横須賀市","hazardTypes":["slope_failure","rockfall"],"evidenceLevel":0,"originLevel":0,"hasRecord":false,"recordRelation":null,"status":"current","disputed":false,"precision":"oaza","areaKey":"14201044001","elements":["kura"],"summary":"要素辞書に一致（kura）。出典による裏づけは未確認。","zones":[],"dataset":"candidates"}},{"type":"Feature","geometry":{"type":"Point","coordinates":[139.283808,35.342692]},"properties":{"id":"14-89b2b70b56","name":"上吉沢","reading":"カミキチサワ","pref":"神奈川県","prefCode":"14","municipality":"平塚市","hazardTypes":["landslide","soft_ground"],"evidenceLevel":0,"originLevel":0,"hasRecord":false,"recordRelation":null,"status":"current","disputed":false,"precision":"oaza","areaKey":"142030902","elements":["wetland_plants"],"summary":"要素辞書に一致（wetland_plants）。出典による裏づけは未確認。","zones":[],"dataset":"candidates"}},{"type":"Feature","geometry":{"type":"Point","coordinates":[139.288575,35.335689]},"properties":{"id":"14-0b1f4369bd","name":"下吉沢","reading":"シモキチサワ","pref":"神奈川県","prefCode":"14","municipality":"平塚市","hazardTypes":["landslide","soft_ground"],"evidenceLevel":0,"originLevel":0,"hasRecord":false,"recordRelation":null,"status":"current","disputed":false,"precision":"oaza","areaKey":"142030903","elements":["wetland_plants"],"summary":"要素辞書に一致（wetland_plants）。出典による裏づけは未確認。","zones":[],"dataset":"candidates"}},{"type":"Feature","geometry":{"type":"Point","coordinates":[139.364754,35.316625]},"properties":{"id":"14-cc8fd37c08","name":"千石河岸","reading":"センゴクカシ","pref":"神奈川県","prefCode":"14","municipality":"平塚市","hazardTypes":["slope_failure"],"evidenceLevel":0,"originLevel":0,"hasRecord":false,"recordRelation":null,"status":"current","disputed":false,"precision":"oaza","areaKey":"142030118","elements":["kake"],"summary":"要素辞書に一致（kake）。出典による裏づけは未確認。","zones":[],"dataset":"candidates"}},{"type":"Feature","geometry":{"type":"Point","coordinates":[139.520947,35.318847]},"properties":{"id":"14-8d3af9a95d","name":"鎌倉山一丁目","reading":"カマクラヤマ 1","pref":"神奈川県","prefCode":"14","municipality":"鎌倉市","hazardTypes":["slope_failure","rockfall"],"evidenceLevel":0,"originLevel":0,"hasRecord":false,"recordRelation":null,"status":"current","disputed":false,"precision":"oaza","areaKey":"14204088001","elements":["kura"],"summary":"要素辞書に一致（kura）。出典による裏づけは未確認。","zones":[],"dataset":"candidates"}},{"type":"Feature","geometry":{"type":"Point","coordinates":[139.504442,35.320877]},"properties":{"id":"14-c78f16fc82","name":"西鎌倉一丁目","reading":"ニシカマクラ 1","pref":"神奈川県","prefCode":"14","municipality":"鎌倉市","hazardTypes":["slope_failure","rockfall"],"evidenceLevel":0,"originLevel":0,"hasRecord":false,"recordRelation":null,"status":"current","disputed":false,"precision":"oaza","areaKey":"14204060001","elements":["kura"],"summary":"要素辞書に一致（kura）。出典による裏づけは未確認。","zones":[],"dataset":"candidates"}},{"type":"Feature","geometry":{"type":"Point","coordinates":[139.486558,35.308733]},"properties":{"id":"14-19934067e8","name":"片瀬海岸一丁目","reading":"カタセカイガン 1","pref":"神奈川県","prefCode":"14","municipality":"藤沢市","hazardTypes":["slope_failure"],"evidenceLevel":0,"originLevel":0,"hasRecord":false,"recordRelation":null,"status":"current","disputed":false,"precision":"oaza","areaKey":"14205302001","elements":["kake"],"summary":"要素辞書に一致（kake）。出典による裏づけは未確認。","zones":[],"dataset":"candidates"}},{"type":"Feature","geometry":{"type":"Point","coordinates":[139.473022,35.315489]},"properties":{"id":"14-c1ac2cd274","name":"鵠沼海岸一丁目","reading":"クゲヌマカイガン 1","pref":"神奈川県","prefCode":"14","municipality":"藤沢市","hazardTypes":["slope_failure","soft_ground","inundation"],"evidenceLevel":0,"originLevel":0,"hasRecord":false,"recordRelation":null,"status":"current","disputed":false,"precision":"oaza","areaKey":"14205104001","elements":["kake","numa_kata"],"summary":"要素辞書に一致（kake・numa_kata）。出典による裏づけは未確認。","zones":[],"dataset":"candidates"}},{"type":"Feature","geometry":{"type":"Point","coordinates":[139.441176,35.398711]},"properties":{"id":"14-615d9d3fe8","name":"菖蒲沢","reading":"ショウブサワ","pref":"神奈川県","prefCode":"14","municipality":"藤沢市","hazardTypes":["landslide","soft_ground"],"evidenceLevel":0,"originLevel":0,"hasRecord":false,"recordRelation":null,"status":"current","disputed":false,"precision":"oaza","areaKey":"142059030","elements":["wetland_plants"],"summary":"要素辞書に一致（wetland_plants）。出典による裏づけは未確認。","zones":[],"dataset":"candidates"}},{"type":"Feature","geometry":{"type":"Point","coordinates":[139.471419,35.412781]},"properties":{"id":"14-76353644f0","name":"高倉","reading":"タカクラ","pref":"神奈川県","prefCode":"14","municipality":"藤沢市","hazardTypes":["slope_failure","rockfall"],"evidenceLevel":0,"originLevel":0,"hasRecord":false,"recordRelation":null,"status":"current","disputed":false,"precision":"oaza","areaKey":"142058020","elements":["kura"],"summary":"要素辞書に一致（kura）。出典による裏づけは未確認。","zones":[],"dataset":"candidates"}},{"type":"Feature","geometry":{"type":"Point","coordinates":[139.450707,35.324855]},"properties":{"id":"14-84432ac5a5","name":"辻堂西海岸一丁目","reading":"ツジドウニシカイガン 1","pref":"神奈川県","prefCode":"14","municipality":"藤沢市","hazardTypes":["slope_failure"],"evidenceLevel":0,"originLevel":0,"hasRecord":false,"recordRelation":null,"status":"current","disputed":false,"precision":"oaza","areaKey":"14205405001","elements":["kake"],"summary":"要素辞書に一致（kake）。出典による裏づけは未確認。","zones":[],"dataset":"candidates"}},{"type":"Feature","geometry":{"type":"Point","coordinates":[139.45652,35.3262]},"properties":{"id":"14-b2c01792a7","name":"辻堂東海岸一丁目","reading":"ツジドウヒガシカイガン 1","pref":"神奈川県","prefCode":"14","municipality":"藤沢市","hazardTypes":["slope_failure"],"evidenceLevel":0,"originLevel":0,"hasRecord":false,"recordRelation":null,"status":"current","disputed":false,"precision":"oaza","areaKey":"14205404001","elements":["kake"],"summary":"要素辞書に一致（kake）。出典による裏づけは未確認。","zones":[],"dataset":"candidates"}},{"type":"Feature","geometry":{"type":"Point","coordinates":[139.166779,35.276808]},"properties":{"id":"14-222a24180b","name":"下河原","reading":null,"pref":"神奈川県","prefCode":"14","municipality":"小田原市","hazardTypes":["flood"],"evidenceLevel":0,"originLevel":0,"hasRecord":false,"recordRelation":null,"status":"current","disputed":false,"precision":"koaza","areaKey":"142060820","elements":["kawara"],"summary":"要素辞書に一致（kawara）。出典による裏づけは未確認。","zones":[],"dataset":"candidates"}},{"type":"Feature","geometry":{"type":"Point","coordinates":[139.138073,35.259732]},"properties":{"id":"14-9e749a7b17","name":"荻窪","reading":"オギクボ","pref":"神奈川県","prefCode":"14","municipality":"小田原市","hazardTypes":["slope_failure","inundation","landslide"],"evidenceLevel":0,"originLevel":0,"hasRecord":false,"recordRelation":null,"status":"current","disputed":false,"precision":"oaza","areaKey":"142060430","elements":["suki_hagu","kubo"],"summary":"要素辞書に一致（suki_hagu・kubo）。出典による裏づけは未確認。","zones":[],"dataset":"candidates"}},{"type":"Feature","geometry":{"type":"Point","coordinates":[139.185894,35.313808]},"properties":{"id":"14-73f7e3965a","name":"曽我岸","reading":"ソガキシ","pref":"神奈川県","prefCode":"14","municipality":"小田原市","hazardTypes":["slope_failure"],"evidenceLevel":0,"originLevel":0,"hasRecord":false,"recordRelation":null,"status":"current","disputed":false,"precision":"oaza","areaKey":"142060950","elements":["kake"],"summary":"要素辞書に一致（kake）。出典による裏づけは未確認。","zones":[],"dataset":"candidates"}},{"type":"Feature","geometry":{"type":"Point","coordinates":[139.400349,35.345504]},"properties":{"id":"14-28b84e7703","name":"円蔵","reading":"エンゾウ","pref":"神奈川県","prefCode":"14","municipality":"茅ヶ崎市","hazardTypes":["slope_failure","rockfall"],"evidenceLevel":0,"originLevel":0,"hasRecord":false,"recordRelation":null,"status":"current","disputed":false,"precision":"oaza","areaKey":"14207044000","elements":["kura"],"summary":"要素辞書に一致（kura）。出典による裏づけは未確認。","zones":[],"dataset":"candidates"}},{"type":"Feature","geometry":{"type":"Point","coordinates":[139.418424,35.377617]},"properties":{"id":"14-30749268a2","name":"芹沢","reading":"セリザワ","pref":"神奈川県","prefCode":"14","municipality":"茅ヶ崎市","hazardTypes":["landslide","soft_ground"],"evidenceLevel":0,"originLevel":0,"hasRecord":false,"recordRelation":null,"status":"current","disputed":false,"precision":"oaza","areaKey":"142071070","elements":["wetland_plants"],"summary":"要素辞書に一致（wetland_plants）。出典による裏づけは未確認。","zones":[],"dataset":"candidates"}},{"type":"Feature","geometry":{"type":"Point","coordinates":[139.404008,35.326015]},"properties":{"id":"14-b0486d5cde","name":"中海岸一丁目","reading":"ナカカイガン 1","pref":"神奈川県","prefCode":"14","municipality":"茅ヶ崎市","hazardTypes":["slope_failure"],"evidenceLevel":0,"originLevel":0,"hasRecord":false,"recordRelation":null,"status":"current","disputed":false,"precision":"oaza","areaKey":"14207026001","elements":["kake"],"summary":"要素辞書に一致（kake）。出典による裏づけは未確認。","zones":[],"dataset":"candidates"}},{"type":"Feature","geometry":{"type":"Point","coordinates":[139.406759,35.326234]},"properties":{"id":"14-972acec309","name":"東海岸北一丁目","reading":"ヒガシカイガンキタ 1","pref":"神奈川県","prefCode":"14","municipality":"茅ヶ崎市","hazardTypes":["slope_failure"],"evidenceLevel":0,"originLevel":0,"hasRecord":false,"recordRelation":null,"status":"current","disputed":false,"precision":"oaza","areaKey":"14207030001","elements":["kake"],"summary":"要素辞書に一致（kake）。出典による裏づけは未確認。","zones":[],"dataset":"candidates"}},{"type":"Feature","geometry":{"type":"Point","coordinates":[139.406916,35.321201]},"properties":{"id":"14-602de093e7","name":"東海岸南一丁目","reading":"ヒガシカイガンミナミ 1","pref":"神奈川県","prefCode":"14","municipality":"茅ヶ崎市","hazardTypes":["slope_failure"],"evidenceLevel":0,"originLevel":0,"hasRecord":false,"recordRelation":null,"status":"current","disputed":false,"precision":"oaza","areaKey":"14207035001","elements":["kake"],"summary":"要素辞書に一致（kake）。出典による裏づけは未確認。","zones":[],"dataset":"candidates"}},{"type":"Feature","geometry":{"type":"Point","coordinates":[139.42026,35.320737]},"properties":{"id":"14-c5b8f00fe2","name":"菱沼海岸","reading":"ヒシヌマカイガン","pref":"神奈川県","prefCode":"14","municipality":"茅ヶ崎市","hazardTypes":["slope_failure","soft_ground","inundation"],"evidenceLevel":0,"originLevel":0,"hasRecord":false,"recordRelation":null,"status":"current","disputed":false,"precision":"oaza","areaKey":"142071010","elements":["kake","numa_kata"],"summary":"要素辞書に一致（kake・numa_kata）。出典による裏づけは未確認。","zones":[],"dataset":"candidates"}},{"type":"Feature","geometry":{"type":"Point","coordinates":[139.384327,35.319363]},"properties":{"id":"14-e844848cf2","name":"柳島海岸","reading":"ヤナギシマカイガン","pref":"神奈川県","prefCode":"14","municipality":"茅ヶ崎市","hazardTypes":["slope_failure"],"evidenceLevel":0,"originLevel":0,"hasRecord":false,"recordRelation":null,"status":"current","disputed":false,"precision":"oaza","areaKey":"142070590","elements":["kake"],"summary":"要素辞書に一致（kake）。出典による裏づけは未確認。","zones":[],"dataset":"candidates"}},{"type":"Feature","geometry":{"type":"Point","coordinates":[139.619279,35.15315]},"properties":{"id":"14-454dc44131","name":"三崎町諸磯","reading":"ミサキマチモロイソ","pref":"神奈川県","prefCode":"14","municipality":"三浦市","hazardTypes":["rockfall","debris_flow"],"evidenceLevel":0,"originLevel":0,"hasRecord":false,"recordRelation":null,"status":"current","disputed":false,"precision":"oaza","areaKey":"142100200","elements":["iso_ishi"],"summary":"要素辞書に一致（iso_ishi）。出典による裏づけは未確認。","zones":[],"dataset":"candidates"}},{"type":"Feature","geometry":{"type":"Point","coordinates":[139.236177,35.368257]},"properties":{"id":"14-b21a8a0fe4","name":"河原町","reading":"カワラマチ","pref":"神奈川県","prefCode":"14","municipality":"秦野市","hazardTypes":["flood"],"evidenceLevel":0,"originLevel":0,"hasRecord":false,"recordRelation":null,"status":"current","disputed":false,"precision":"oaza","areaKey":"142110040","elements":["kawara"],"summary":"要素辞書に一致（kawara）。出典による裏づけは未確認。","zones":[],"dataset":"candidates"}},{"type":"Feature","geometry":{"type":"Point","coordinates":[139.165136,35.376443]},"properties":{"id":"14-c45b75485e","name":"菖蒲","reading":"ショウブ","pref":"神奈川県","prefCode":"14","municipality":"秦野市","hazardTypes":["landslide","soft_ground"],"evidenceLevel":0,"originLevel":0,"hasRecord":false,"recordRelation":null,"status":"current","disputed":false,"precision":"oaza","areaKey":"142110750","elements":["wetland_plants"],"summary":"要素辞書に一致（wetland_plants）。出典による裏づけは未確認。","zones":[],"dataset":"candidates"}},{"type":"Feature","geometry":{"type":"Point","coordinates":[139.30432,35.503557]},"properties":{"id":"14-97c98a01dc","name":"上荻野","reading":"カミオギノ","pref":"神奈川県","prefCode":"14","municipality":"厚木市","hazardTypes":["slope_failure"],"evidenceLevel":0,"originLevel":0,"hasRecord":false,"recordRelation":null,"status":"current","disputed":false,"precision":"oaza","areaKey":"142120553","elements":["suki_hagu"],"summary":"要素辞書に一致（suki_hagu）。出典による裏づけは未確認。","zones":[],"dataset":"candidates"}},{"type":"Feature","geometry":{"type":"Point","coordinates":[139.372324,35.503422]},"properties":{"id":"14-422b41d7ea","name":"猿ヶ島","reading":"サルガシマ","pref":"神奈川県","prefCode":"14","municipality":"厚木市","hazardTypes":["slope_failure"],"evidenceLevel":0,"originLevel":0,"hasRecord":false,"recordRelation":null,"status":"current","disputed":false,"precision":"oaza","areaKey":"142120290","elements":["saru"],"summary":"要素辞書に一致（saru）。出典による裏づけは未確認。","zones":[],"dataset":"candidates"}},{"type":"Feature","geometry":{"type":"Point","coordinates":[139.336473,35.482617]},"properties":{"id":"14-eb8c4ad03b","name":"下荻野","reading":"シモオギノ","pref":"神奈川県","prefCode":"14","municipality":"厚木市","hazardTypes":["slope_failure"],"evidenceLevel":0,"originLevel":0,"hasRecord":false,"recordRelation":null,"status":"current","disputed":false,"precision":"oaza","areaKey":"142120570","elements":["suki_hagu"],"summary":"要素辞書に一致（suki_hagu）。出典による裏づけは未確認。","zones":[],"dataset":"candidates"}},{"type":"Feature","geometry":{"type":"Point","coordinates":[139.334654,35.490956]},"properties":{"id":"14-e72c7ae614","name":"鳶尾一丁目","reading":"トビオ 1","pref":"神奈川県","prefCode":"14","municipality":"厚木市","hazardTypes":["slope_failure","debris_flow"],"evidenceLevel":0,"originLevel":0,"hasRecord":false,"recordRelation":null,"status":"current","disputed":false,"precision":"oaza","areaKey":"14212058001","elements":["tobi"],"summary":"要素辞書に一致（tobi）。出典による裏づけは未確認。","zones":[],"dataset":"candidates"}},{"type":"Feature","geometry":{"type":"Point","coordinates":[139.319776,35.482444]},"properties":{"id":"14-9d6685880f","name":"中荻野","reading":"ナカオギノ","pref":"神奈川県","prefCode":"14","municipality":"厚木市","hazardTypes":["slope_failure"],"evidenceLevel":0,"originLevel":0,"hasRecord":false,"recordRelation":null,"status":"current","disputed":false,"precision":"oaza","areaKey":"142120560","elements":["suki_hagu"],"summary":"要素辞書に一致（suki_hagu）。出典による裏づけは未確認。","zones":[],"dataset":"candidates"}},{"type":"Feature","geometry":{"type":"Point","coordinates":[139.372724,35.447341]},"properties":{"id":"14-7dc5724484","name":"河原口","reading":"カワラグチ","pref":"神奈川県","prefCode":"14","municipality":"海老名市","hazardTypes":["flood"],"evidenceLevel":0,"originLevel":0,"hasRecord":false,"recordRelation":null,"status":"current","disputed":false,"precision":"oaza","areaKey":"142150102","elements":["kawara"],"summary":"要素辞書に一致（kawara）。出典による裏づけは未確認。","zones":[],"dataset":"candidates"}},{"type":"Feature","geometry":{"type":"Point","coordinates":[139.026959,35.306593]},"properties":{"id":"14-80d90c265d","name":"矢倉沢","reading":"ヤグラザワ","pref":"神奈川県","prefCode":"14","municipality":"南足柄市","hazardTypes":["slope_failure","rockfall"],"evidenceLevel":0,"originLevel":0,"hasRecord":false,"recordRelation":null,"status":"current","disputed":false,"precision":"oaza","areaKey":"14217001001","elements":["kura"],"summary":"要素辞書に一致（kura）。出典による裏づけは未確認。","zones":[],"dataset":"candidates"}},{"type":"Feature","geometry":{"type":"Point","coordinates":[139.121068,35.31598]},"properties":{"id":"14-b74f170979","name":"和田河原","reading":"ワダガハラ","pref":"神奈川県","prefCode":"14","municipality":"南足柄市","hazardTypes":["flood"],"evidenceLevel":0,"originLevel":0,"hasRecord":false,"recordRelation":null,"status":"current","disputed":false,"precision":"oaza","areaKey":"142170200","elements":["kawara"],"summary":"要素辞書に一致（kawara）。出典による裏づけは未確認。","zones":[],"dataset":"candidates"}},{"type":"Feature","geometry":{"type":"Point","coordinates":[139.400404,35.377081]},"properties":{"id":"14-779d6f03db","name":"大蔵","reading":"オオゾウ","pref":"神奈川県","prefCode":"14","municipality":"高座郡寒川町","hazardTypes":["slope_failure","rockfall"],"evidenceLevel":0,"originLevel":0,"hasRecord":false,"recordRelation":null,"status":"current","disputed":false,"precision":"oaza","areaKey":null,"elements":["kura"],"summary":"要素辞書に一致（kura）。出典による裏づけは未確認。","zones":[],"dataset":"candidates"}},{"type":"Feature","geometry":{"type":"Point","coordinates":[139.384832,35.395106]},"properties":{"id":"14-d9af0e0f25","name":"倉見","reading":"クラミ","pref":"神奈川県","prefCode":"14","municipality":"高座郡寒川町","hazardTypes":["slope_failure","rockfall"],"evidenceLevel":0,"originLevel":0,"hasRecord":true,"recordRelation":"nearby_record","status":"current","disputed":false,"precision":"oaza","areaKey":null,"elements":["kura"],"summary":"要素辞書に一致（kura）。出典による裏づけは未確認。","zones":[],"dataset":"candidates"}},{"type":"Feature","geometry":{"type":"Point","coordinates":[139.316566,35.313826]},"properties":{"id":"14-b148ae577d","name":"大磯","reading":"オオイソ","pref":"神奈川県","prefCode":"14","municipality":"中郡大磯町","hazardTypes":["rockfall","debris_flow"],"evidenceLevel":0,"originLevel":0,"hasRecord":false,"recordRelation":null,"status":"current","disputed":false,"precision":"oaza","areaKey":null,"elements":["iso_ishi"],"summary":"要素辞書に一致（iso_ishi）。出典による裏づけは未確認。","zones":[],"dataset":"candidates"}},{"type":"Feature","geometry":{"type":"Point","coordinates":[139.298167,35.313038]},"properties":{"id":"14-812af7d9c2","name":"西小磯","reading":"ニシコイソ","pref":"神奈川県","prefCode":"14","municipality":"中郡大磯町","hazardTypes":["rockfall","debris_flow"],"evidenceLevel":0,"originLevel":0,"hasRecord":false,"recordRelation":null,"status":"current","disputed":false,"precision":"oaza","areaKey":null,"elements":["iso_ishi"],"summary":"要素辞書に一致（iso_ishi）。出典による裏づけは未確認。","zones":[],"dataset":"candidates"}},{"type":"Feature","geometry":{"type":"Point","coordinates":[139.307282,35.313178]},"properties":{"id":"14-49c441ebcc","name":"東小磯","reading":"ヒガシコイソ","pref":"神奈川県","prefCode":"14","municipality":"中郡大磯町","hazardTypes":["rockfall","debris_flow"],"evidenceLevel":0,"originLevel":0,"hasRecord":false,"recordRelation":null,"status":"current","disputed":false,"precision":"oaza","areaKey":null,"elements":["iso_ishi"],"summary":"要素辞書に一致（iso_ishi）。出典による裏づけは未確認。","zones":[],"dataset":"candidates"}},{"type":"Feature","geometry":{"type":"Point","coordinates":[139.208271,35.344736]},"properties":{"id":"14-27c3ac4e90","name":"岩倉","reading":"イワクラ","pref":"神奈川県","prefCode":"14","municipality":"足柄上郡中井町","hazardTypes":["slope_failure","rockfall"],"evidenceLevel":0,"originLevel":0,"hasRecord":false,"recordRelation":null,"status":"current","disputed":false,"precision":"oaza","areaKey":null,"elements":["kura"],"summary":"要素辞書に一致（kura）。出典による裏づけは未確認。","zones":[],"dataset":"candidates"}},{"type":"Feature","geometry":{"type":"Point","coordinates":[139.186144,35.332826]},"properties":{"id":"14-5b715050a4","name":"赤田","reading":"アカダ","pref":"神奈川県","prefCode":"14","municipality":"足柄上郡大井町","hazardTypes":["landslide"],"evidenceLevel":0,"originLevel":0,"hasRecord":false,"recordRelation":null,"status":"current","disputed":false,"precision":"oaza","areaKey":null,"elements":["geology_names"],"summary":"要素辞書に一致（geology_names）。出典による裏づけは未確認。","zones":[],"dataset":"candidates"}},{"type":"Feature","geometry":{"type":"Point","coordinates":[139.15361,35.326111]},"properties":{"id":"14-9ebca1137f","name":"深町","reading":null,"pref":"神奈川県","prefCode":"14","municipality":"足柄上郡大井町","hazardTypes":["soft_ground","inundation"],"evidenceLevel":0,"originLevel":0,"hasRecord":false,"recordRelation":null,"status":"current","disputed":false,"precision":"koaza","areaKey":null,"elements":["fuke"],"summary":"要素辞書に一致（fuke）。出典による裏づけは未確認。","zones":[],"dataset":"candidates"}},{"type":"Feature","geometry":{"type":"Point","coordinates":[139.089439,35.353049]},"properties":{"id":"14-52e18b13d1","name":"岸","reading":"キシ","pref":"神奈川県","prefCode":"14","municipality":"足柄上郡山北町","hazardTypes":["slope_failure"],"evidenceLevel":0,"originLevel":0,"hasRecord":false,"recordRelation":null,"status":"current","disputed":false,"precision":"oaza","areaKey":null,"elements":["kake"],"summary":"要素辞書に一致（kake）。出典による裏づけは未確認。","zones":[],"dataset":"candidates"}},{"type":"Feature","geometry":{"type":"Point","coordinates":[139.070084,35.418153]},"properties":{"id":"14-79977ffad4","name":"玄倉","reading":"クロクラ","pref":"神奈川県","prefCode":"14","municipality":"足柄上郡山北町","hazardTypes":["slope_failure","rockfall"],"evidenceLevel":0,"originLevel":0,"hasRecord":false,"recordRelation":null,"status":"current","disputed":false,"precision":"oaza","areaKey":null,"elements":["kura"],"summary":"要素辞書に一致（kura）。出典による裏づけは未確認。","zones":[],"dataset":"candidates"}},{"type":"Feature","geometry":{"type":"Point","coordinates":[139.043487,35.219776]},"properties":{"id":"14-9217e79ccb","name":"芦之湯","reading":"アシノユ","pref":"神奈川県","prefCode":"14","municipality":"足柄下郡箱根町","hazardTypes":["flood","inundation"],"evidenceLevel":0,"originLevel":0,"hasRecord":false,"recordRelation":null,"status":"current","disputed":false,"precision":"oaza","areaKey":null,"elements":["ashi"],"summary":"要素辞書に一致（ashi）。出典による裏づけは未確認。","zones":[],"dataset":"candidates"}},{"type":"Feature","geometry":{"type":"Point","coordinates":[139.056258,35.244144]},"properties":{"id":"14-9b4b274ac4","name":"底倉","reading":"ソコクラ","pref":"神奈川県","prefCode":"14","municipality":"足柄下郡箱根町","hazardTypes":["slope_failure","rockfall"],"evidenceLevel":0,"originLevel":0,"hasRecord":false,"recordRelation":null,"status":"current","disputed":false,"precision":"oaza","areaKey":null,"elements":["kura"],"summary":"要素辞書に一致（kura）。出典による裏づけは未確認。","zones":[],"dataset":"candidates"}},{"type":"Feature","geometry":{"type":"Point","coordinates":[139.075554,35.170764]},"properties":{"id":"14-525262b9d0","name":"鍛冶屋","reading":"カジヤ","pref":"神奈川県","prefCode":"14","municipality":"足柄下郡湯河原町","hazardTypes":["slope_failure"],"evidenceLevel":0,"originLevel":0,"hasRecord":false,"recordRelation":null,"status":"current","disputed":false,"precision":"oaza","areaKey":null,"elements":["kaji_kamu"],"summary":"要素辞書に一致（kaji_kamu）。出典による裏づけは未確認。","zones":[],"dataset":"candidates"}},{"type":"Feature","geometry":{"type":"Point","coordinates":[139.293643,35.526925]},"properties":{"id":"14-7c4fada3f7","name":"戸倉","reading":null,"pref":"神奈川県","prefCode":"14","municipality":"愛甲郡愛川町","hazardTypes":["slope_failure","rockfall"],"evidenceLevel":0,"originLevel":0,"hasRecord":false,"recordRelation":null,"status":"current","disputed":false,"precision":"koaza","areaKey":null,"elements":["kura"],"summary":"要素辞書に一致（kura）。出典による裏づけは未確認。","zones":[],"dataset":"candidates"}},{"type":"Feature","geometry":{"type":"Point","coordinates":[139.322451,35.512508]},"properties":{"id":"14-ea477f084f","name":"八菅山","reading":"ハスゲサン","pref":"神奈川県","prefCode":"14","municipality":"愛甲郡愛川町","hazardTypes":["landslide","soft_ground"],"evidenceLevel":0,"originLevel":0,"hasRecord":false,"recordRelation":null,"status":"current","disputed":false,"precision":"oaza","areaKey":null,"elements":["wetland_plants"],"summary":"要素辞書に一致（wetland_plants）。出典による裏づけは未確認。","zones":[],"dataset":"candidates"}},{"type":"Feature","geometry":{"type":"Point","coordinates":[139.390899,35.589994]},"properties":{"id":"14-fde1fb0d06","name":"馬場","reading":null,"pref":"神奈川県","prefCode":"14","municipality":"相模原市中央区","hazardTypes":["slope_failure"],"evidenceLevel":0,"originLevel":0,"hasRecord":false,"recordRelation":null,"status":"historical","disputed":false,"precision":"koaza","areaKey":"14152032001","elements":["baba"],"summary":"要素辞書に一致（baba）。出典による裏づけは未確認。","zones":[],"dataset":"old_maps"}},{"type":"Feature","geometry":{"type":"Point","coordinates":[139.310307,35.605385]},"properties":{"id":"14-390b587014","name":"根岸","reading":null,"pref":"神奈川県","prefCode":"14","municipality":"相模原市緑区","hazardTypes":["slope_failure"],"evidenceLevel":0,"originLevel":0,"hasRecord":false,"recordRelation":null,"status":"historical","disputed":false,"precision":"koaza","areaKey":"14151019002","elements":["kake"],"summary":"要素辞書に一致（kake）。出典による裏づけは未確認。","zones":[],"dataset":"old_maps"}},{"type":"Feature","geometry":{"type":"Point","coordinates":[139.302568,35.605591]},"properties":{"id":"14-94d345fd51","name":"武蔵岡","reading":null,"pref":"神奈川県","prefCode":"14","municipality":"相模原市緑区","hazardTypes":["slope_failure","rockfall"],"evidenceLevel":0,"originLevel":0,"hasRecord":false,"recordRelation":null,"status":"historical","disputed":false,"precision":"koaza","areaKey":"141510200","elements":["kura"],"summary":"要素辞書に一致（kura）。出典による裏づけは未確認。","zones":[],"dataset":"old_maps"}},{"type":"Feature","geometry":{"type":"Point","coordinates":[139.685991,35.551566]},"properties":{"id":"14-5d82d24d1f","name":"下河原","reading":null,"pref":"神奈川県","prefCode":"14","municipality":"川崎市幸区","hazardTypes":["flood"],"evidenceLevel":0,"originLevel":0,"hasRecord":false,"recordRelation":null,"status":"historical","disputed":false,"precision":"koaza","areaKey":"14132206001","elements":["kawara"],"summary":"要素辞書に一致（kawara）。出典による裏づけは未確認。","zones":[],"dataset":"old_maps"}},{"type":"Feature","geometry":{"type":"Point","coordinates":[139.072674,35.419343]},"properties":{"id":"14-4e24ae0674","name":"玄倉村","reading":null,"pref":"神奈川県","prefCode":"14","municipality":"足柄上郡山北町","hazardTypes":["slope_failure","rockfall"],"evidenceLevel":0,"originLevel":0,"hasRecord":false,"recordRelation":null,"status":"historical","disputed":false,"precision":"village","areaKey":null,"elements":["kura"],"summary":"要素辞書に一致（kura）。出典による裏づけは未確認。","zones":[],"dataset":"old_maps"}},{"type":"Feature","geometry":{"type":"Point","coordinates":[139.036206,35.375644]},"properties":{"id":"14-728fcadbaf","name":"川西村大蔵野","reading":null,"pref":"神奈川県","prefCode":"14","municipality":"足柄上郡山北町","hazardTypes":["slope_failure","rockfall"],"evidenceLevel":0,"originLevel":0,"hasRecord":false,"recordRelation":null,"status":"historical","disputed":false,"precision":"koaza","areaKey":null,"elements":["kura"],"summary":"要素辞書に一致（kura）。出典による裏づけは未確認。","zones":[],"dataset":"old_maps"}},{"type":"Feature","geometry":{"type":"Point","coordinates":[139.062255,35.34647]},"properties":{"id":"14-e90b03f90e","name":"北足柄村","reading":null,"pref":"神奈川県","prefCode":"14","municipality":"南足柄市","hazardTypes":["flood","inundation"],"evidenceLevel":0,"originLevel":0,"hasRecord":false,"recordRelation":null,"status":"historical","disputed":false,"precision":"village","areaKey":"142170020","elements":["ashi"],"summary":"要素辞書に一致（ashi）。出典による裏づけは未確認。","zones":[],"dataset":"old_maps"}},{"type":"Feature","geometry":{"type":"Point","coordinates":[139.095714,35.35685]},"properties":{"id":"14-ee3725383a","name":"川村岸","reading":null,"pref":"神奈川県","prefCode":"14","municipality":"足柄上郡山北町","hazardTypes":["slope_failure"],"evidenceLevel":0,"originLevel":0,"hasRecord":false,"recordRelation":null,"status":"historical","disputed":false,"precision":"koaza","areaKey":null,"elements":["kake"],"summary":"要素辞書に一致（kake）。出典による裏づけは未確認。","zones":[],"dataset":"old_maps"}},{"type":"Feature","geometry":{"type":"Point","coordinates":[139.150996,35.387233]},"properties":{"id":"14-3c30c598e6","name":"大久保","reading":null,"pref":"神奈川県","prefCode":"14","municipality":"秦野市","hazardTypes":["slope_failure","inundation","landslide"],"evidenceLevel":0,"originLevel":0,"hasRecord":false,"recordRelation":null,"status":"historical","disputed":false,"precision":"koaza","areaKey":"142110770","elements":["afu_oo","kubo"],"summary":"要素辞書に一致（afu_oo・kubo）。出典による裏づけは未確認。","zones":[],"dataset":"old_maps"}},{"type":"Feature","geometry":{"type":"Point","coordinates":[139.168192,35.405333]},"properties":{"id":"14-b7d5c810bb","name":"大倉","reading":null,"pref":"神奈川県","prefCode":"14","municipality":"秦野市","hazardTypes":["slope_failure","rockfall"],"evidenceLevel":0,"originLevel":0,"hasRecord":false,"recordRelation":null,"status":"historical","disputed":false,"precision":"koaza","areaKey":"142110610","elements":["kura"],"summary":"要素辞書に一致（kura）。出典による裏づけは未確認。","zones":[],"dataset":"old_maps"}},{"type":"Feature","geometry":{"type":"Point","coordinates":[139.135934,35.602045]},"properties":{"id":"14-279eaa6e0b","name":"名倉村葛原","reading":null,"pref":"神奈川県","prefCode":"14","municipality":"相模原市緑区","hazardTypes":["slope_failure","rockfall"],"evidenceLevel":0,"originLevel":0,"hasRecord":false,"recordRelation":null,"status":"historical","disputed":false,"precision":"koaza","areaKey":"141510470","elements":["kura"],"summary":"要素辞書に一致（kura）。出典による裏づけは未確認。","zones":[],"dataset":"old_maps"}},{"type":"Feature","geometry":{"type":"Point","coordinates":[139.150394,35.611644]},"properties":{"id":"14-7541ee8d73","name":"名倉村大館","reading":null,"pref":"神奈川県","prefCode":"14","municipality":"相模原市緑区","hazardTypes":["slope_failure","rockfall"],"evidenceLevel":0,"originLevel":0,"hasRecord":false,"recordRelation":null,"status":"historical","disputed":false,"precision":"koaza","areaKey":"141510470","elements":["kura"],"summary":"要素辞書に一致（kura）。出典による裏づけは未確認。","zones":[],"dataset":"old_maps"}},{"type":"Feature","geometry":{"type":"Point","coordinates":[139.146677,35.559861]},"properties":{"id":"14-a660c767b0","name":"菅井","reading":null,"pref":"神奈川県","prefCode":"14","municipality":"相模原市緑区","hazardTypes":["landslide","soft_ground"],"evidenceLevel":0,"originLevel":0,"hasRecord":false,"recordRelation":null,"status":"historical","disputed":false,"precision":"koaza","areaKey":"141510480","elements":["wetland_plants"],"summary":"要素辞書に一致（wetland_plants）。出典による裏づけは未確認。","zones":[],"dataset":"old_maps"}},{"type":"Feature","geometry":{"type":"Point","coordinates":[139.160475,35.606008]},"properties":{"id":"14-526d809047","name":"組合日連及名倉村","reading":null,"pref":"神奈川県","prefCode":"14","municipality":"相模原市緑区","hazardTypes":["slope_failure","rockfall"],"evidenceLevel":0,"originLevel":0,"hasRecord":false,"recordRelation":null,"status":"historical","disputed":false,"precision":"feature","areaKey":"141510460","elements":["kura"],"summary":"要素辞書に一致（kura）。出典による裏づけは未確認。","zones":[],"dataset":"old_maps"}},{"type":"Feature","geometry":{"type":"Point","coordinates":[139.144874,35.15331]},"properties":{"id":"14-25a13a562b","name":"磯崎","reading":null,"pref":"神奈川県","prefCode":"14","municipality":"足柄下郡真鶴町","hazardTypes":["rockfall","debris_flow"],"evidenceLevel":0,"originLevel":0,"hasRecord":false,"recordRelation":null,"status":"historical","disputed":false,"precision":"feature","areaKey":null,"elements":["iso_ishi"],"summary":"要素辞書に一致（iso_ishi）。出典による裏づけは未確認。","zones":[],"dataset":"old_maps"}},{"type":"Feature","geometry":{"type":"Point","coordinates":[139.243871,35.292832]},"properties":{"id":"14-551030c7b6","name":"俚称梅沢","reading":null,"pref":"神奈川県","prefCode":"14","municipality":"中郡二宮町","hazardTypes":["landslide","slope_failure"],"evidenceLevel":0,"originLevel":0,"hasRecord":false,"recordRelation":null,"status":"historical","disputed":false,"precision":"koaza","areaKey":null,"elements":["ume"],"summary":"要素辞書に一致（ume）。出典による裏づけは未確認。","zones":[],"dataset":"old_maps"}},{"type":"Feature","geometry":{"type":"Point","coordinates":[139.184244,35.334728]},"properties":{"id":"14-fbc9c9683a","name":"上中村赤田","reading":null,"pref":"神奈川県","prefCode":"14","municipality":"足柄上郡大井町","hazardTypes":["landslide"],"evidenceLevel":0,"originLevel":0,"hasRecord":false,"recordRelation":null,"status":"historical","disputed":false,"precision":"koaza","areaKey":null,"elements":["geology_names"],"summary":"要素辞書に一致（geology_names）。出典による裏づけは未確認。","zones":[],"dataset":"old_maps"}},{"type":"Feature","geometry":{"type":"Point","coordinates":[139.147286,35.336144]},"properties":{"id":"14-af0c44d3d8","name":"河原","reading":null,"pref":"神奈川県","prefCode":"14","municipality":"足柄上郡大井町","hazardTypes":["flood"],"evidenceLevel":0,"originLevel":0,"hasRecord":false,"recordRelation":null,"status":"historical","disputed":false,"precision":"koaza","areaKey":null,"elements":["kawara"],"summary":"要素辞書に一致（kawara）。出典による裏づけは未確認。","zones":[],"dataset":"old_maps"}},{"type":"Feature","geometry":{"type":"Point","coordinates":[139.152165,35.327042]},"properties":{"id":"14-c4bbfc8806","name":"葭原","reading":null,"pref":"神奈川県","prefCode":"14","municipality":"足柄上郡大井町","hazardTypes":["landslide","soft_ground"],"evidenceLevel":0,"originLevel":0,"hasRecord":false,"recordRelation":null,"status":"historical","disputed":false,"precision":"koaza","areaKey":null,"elements":["wetland_plants"],"summary":"要素辞書に一致（wetland_plants）。出典による裏づけは未確認。","zones":[],"dataset":"old_maps"}},{"type":"Feature","geometry":{"type":"Point","coordinates":[139.173969,35.315461]},"properties":{"id":"14-0ec37a14c9","name":"山岸","reading":null,"pref":"神奈川県","prefCode":"14","municipality":"小田原市","hazardTypes":["slope_failure"],"evidenceLevel":0,"originLevel":0,"hasRecord":false,"recordRelation":null,"status":"historical","disputed":false,"precision":"koaza","areaKey":"142061230","elements":["kake"],"summary":"要素辞書に一致（kake）。出典による裏づけは未確認。","zones":[],"dataset":"old_maps"}},{"type":"Feature","geometry":{"type":"Point","coordinates":[139.12419,35.274838]},"properties":{"id":"14-adcbd391a7","name":"欠ノ上","reading":null,"pref":"神奈川県","prefCode":"14","municipality":"小田原市","hazardTypes":["slope_failure"],"evidenceLevel":0,"originLevel":0,"hasRecord":false,"recordRelation":null,"status":"historical","disputed":false,"precision":"koaza","areaKey":"142060550","elements":["kake"],"summary":"要素辞書に一致（kake）。出典による裏づけは未確認。","zones":[],"dataset":"old_maps"}},{"type":"Feature","geometry":{"type":"Point","coordinates":[139.032398,35.317405]},"properties":{"id":"14-f01a181f6e","name":"地蔵堂","reading":null,"pref":"神奈川県","prefCode":"14","municipality":"南足柄市","hazardTypes":["slope_failure","rockfall"],"evidenceLevel":0,"originLevel":0,"hasRecord":false,"recordRelation":null,"status":"historical","disputed":false,"precision":"koaza","areaKey":"14217001001","elements":["kura"],"summary":"要素辞書に一致（kura）。出典による裏づけは未確認。","zones":[],"dataset":"old_maps"}},{"type":"Feature","geometry":{"type":"Point","coordinates":[139.093231,35.321267]},"properties":{"id":"14-94c8342111","name":"猿山","reading":null,"pref":"神奈川県","prefCode":"14","municipality":"南足柄市","hazardTypes":["slope_failure"],"evidenceLevel":0,"originLevel":0,"hasRecord":false,"recordRelation":null,"status":"historical","disputed":false,"precision":"koaza","areaKey":"142170050","elements":["saru"],"summary":"要素辞書に一致（saru）。出典による裏づけは未確認。","zones":[],"dataset":"old_maps"}},{"type":"Feature","geometry":{"type":"Point","coordinates":[139.042245,35.220365]},"properties":{"id":"14-a08dd82c8a","name":"芦ノ湯村","reading":null,"pref":"神奈川県","prefCode":"14","municipality":"足柄下郡箱根町","hazardTypes":["flood","inundation"],"evidenceLevel":0,"originLevel":0,"hasRecord":false,"recordRelation":null,"status":"historical","disputed":false,"precision":"village","areaKey":null,"elements":["ashi"],"summary":"要素辞書に一致（ashi）。出典による裏づけは未確認。","zones":[],"dataset":"old_maps"}},{"type":"Feature","geometry":{"type":"Point","coordinates":[139.020309,35.302601]},"properties":{"id":"14-a0294ad0e6","name":"北足柄外十村入会地","reading":null,"pref":"神奈川県","prefCode":"14","municipality":"南足柄市","hazardTypes":["flood","inundation"],"evidenceLevel":0,"originLevel":0,"hasRecord":false,"recordRelation":null,"status":"historical","disputed":false,"precision":"feature","areaKey":"14217001001","elements":["ashi"],"summary":"要素辞書に一致（ashi）。出典による裏づけは未確認。","zones":[],"dataset":"old_maps"}},{"type":"Feature","geometry":{"type":"Point","coordinates":[139.058174,35.29899]},"properties":{"id":"14-a0c225b4e0","name":"南足柄外十村入会地","reading":null,"pref":"神奈川県","prefCode":"14","municipality":"南足柄市","hazardTypes":["flood","inundation"],"evidenceLevel":0,"originLevel":0,"hasRecord":false,"recordRelation":null,"status":"historical","disputed":false,"precision":"feature","areaKey":"142170060","elements":["ashi"],"summary":"要素辞書に一致（ashi）。出典による裏づけは未確認。","zones":[],"dataset":"old_maps"}},{"type":"Feature","geometry":{"type":"Point","coordinates":[139.090641,35.311811]},"properties":{"id":"14-eb9d78d5e4","name":"南足柄村","reading":null,"pref":"神奈川県","prefCode":"14","municipality":"南足柄市","hazardTypes":["flood","inundation"],"evidenceLevel":0,"originLevel":0,"hasRecord":false,"recordRelation":null,"status":"historical","disputed":false,"precision":"village","areaKey":"142170070","elements":["ashi"],"summary":"要素辞書に一致（ashi）。出典による裏づけは未確認。","zones":[],"dataset":"old_maps"}},{"type":"Feature","geometry":{"type":"Point","coordinates":[139.147764,35.259538]},"properties":{"id":"14-d6a60c9968","name":"芦子村","reading":null,"pref":"神奈川県","prefCode":"14","municipality":"小田原市","hazardTypes":["flood","inundation"],"evidenceLevel":0,"originLevel":0,"hasRecord":false,"recordRelation":null,"status":"historical","disputed":false,"precision":"village","areaKey":"142060440","elements":["ashi"],"summary":"要素辞書に一致（ashi）。出典による裏づけは未確認。","zones":[],"dataset":"old_maps"}},{"type":"Feature","geometry":{"type":"Point","coordinates":[139.179409,35.313797]},"properties":{"id":"14-cea024d136","name":"足柄下郡下曽我村地","reading":null,"pref":"神奈川県","prefCode":"14","municipality":"小田原市","hazardTypes":["flood","inundation"],"evidenceLevel":0,"originLevel":0,"hasRecord":false,"recordRelation":null,"status":"historical","disputed":false,"precision":"village","areaKey":"142061230","elements":["ashi"],"summary":"要素辞書に一致（ashi）。出典による裏づけは未確認。","zones":[],"dataset":"old_maps"}},{"type":"Feature","geometry":{"type":"Point","coordinates":[139.303834,35.333633]},"properties":{"id":"14-333f764f74","name":"根岸","reading":null,"pref":"神奈川県","prefCode":"14","municipality":"平塚市","hazardTypes":["slope_failure"],"evidenceLevel":0,"originLevel":0,"hasRecord":false,"recordRelation":null,"status":"historical","disputed":false,"precision":"koaza","areaKey":"142030962","elements":["kake"],"summary":"要素辞書に一致（kake）。出典による裏づけは未確認。","zones":[],"dataset":"old_maps"}},{"type":"Feature","geometry":{"type":"Point","coordinates":[139.285227,35.310116]},"properties":{"id":"14-732e5fb3ac","name":"馬場","reading":null,"pref":"神奈川県","prefCode":"14","municipality":"中郡大磯町","hazardTypes":["slope_failure"],"evidenceLevel":0,"originLevel":0,"hasRecord":false,"recordRelation":null,"status":"historical","disputed":false,"precision":"koaza","areaKey":null,"elements":["baba"],"summary":"要素辞書に一致（baba）。出典による裏づけは未確認。","zones":[],"dataset":"old_maps"}},{"type":"Feature","geometry":{"type":"Point","coordinates":[139.488195,35.322907]},"properties":{"id":"14-4792a8f00e","name":"河岸","reading":null,"pref":"神奈川県","prefCode":"14","municipality":"藤沢市","hazardTypes":["slope_failure"],"evidenceLevel":0,"originLevel":0,"hasRecord":false,"recordRelation":null,"status":"historical","disputed":false,"precision":"koaza","areaKey":"14205107002","elements":["kake"],"summary":"要素辞書に一致（kake）。出典による裏づけは未確認。","zones":[],"dataset":"old_maps"}},{"type":"Feature","geometry":{"type":"Point","coordinates":[139.310398,35.315217]},"properties":{"id":"14-cf573fbaac","name":"大磯町","reading":null,"pref":"神奈川県","prefCode":"14","municipality":"中郡大磯町","hazardTypes":["rockfall","debris_flow"],"evidenceLevel":0,"originLevel":0,"hasRecord":false,"recordRelation":null,"status":"historical","disputed":false,"precision":"oaza","areaKey":null,"elements":["iso_ishi"],"summary":"要素辞書に一致（iso_ishi）。出典による裏づけは未確認。","zones":[],"dataset":"old_maps"}},{"type":"Feature","geometry":{"type":"Point","coordinates":[139.611631,35.154562]},"properties":{"id":"14-bd53f576ea","name":"浜諸磯","reading":null,"pref":"神奈川県","prefCode":"14","municipality":"三浦市","hazardTypes":["rockfall","debris_flow"],"evidenceLevel":0,"originLevel":0,"hasRecord":false,"recordRelation":null,"status":"historical","disputed":false,"precision":"koaza","areaKey":"142100200","elements":["iso_ishi"],"summary":"要素辞書に一致（iso_ishi）。出典による裏づけは未確認。","zones":[],"dataset":"old_maps"}},{"type":"Feature","geometry":{"type":"Point","coordinates":[139.624428,35.148967]},"properties":{"id":"14-33dcab66e7","name":"諸磯","reading":null,"pref":"神奈川県","prefCode":"14","municipality":"三浦市","hazardTypes":["rockfall","debris_flow"],"evidenceLevel":0,"originLevel":0,"hasRecord":false,"recordRelation":null,"status":"historical","disputed":false,"precision":"koaza","areaKey":"142100110","elements":["iso_ishi"],"summary":"要素辞書に一致（iso_ishi）。出典による裏づけは未確認。","zones":[],"dataset":"old_maps"}},{"type":"Feature","geometry":{"type":"Point","coordinates":[139.487144,35.545319]},"properties":{"id":"14-9b2764b729","name":"鍛冶谷戸","reading":null,"pref":"神奈川県","prefCode":"14","municipality":"横浜市青葉区","hazardTypes":["slope_failure","inundation"],"evidenceLevel":0,"originLevel":0,"hasRecord":false,"recordRelation":null,"status":"historical","disputed":false,"precision":"koaza","areaKey":"14117142001","elements":["kaji_kamu","yato"],"summary":"要素辞書に一致（kaji_kamu・yato）。出典による裏づけは未確認。","zones":[],"dataset":"old_maps"}},{"type":"Feature","geometry":{"type":"Point","coordinates":[139.353047,35.581049]},"properties":{"id":"14-7eb0a938d7","name":"大河原","reading":null,"pref":"神奈川県","prefCode":"14","municipality":"相模原市中央区","hazardTypes":["flood"],"evidenceLevel":0,"originLevel":0,"hasRecord":false,"recordRelation":null,"status":"historical","disputed":false,"precision":"koaza","areaKey":"14152021001","elements":["kawara"],"summary":"要素辞書に一致（kawara）。出典による裏づけは未確認。","zones":[],"dataset":"old_maps"}},{"type":"Feature","geometry":{"type":"Point","coordinates":[139.314203,35.563553]},"properties":{"id":"14-9c759e8e89","name":"下倉","reading":null,"pref":"神奈川県","prefCode":"14","municipality":"相模原市緑区","hazardTypes":["slope_failure","rockfall"],"evidenceLevel":0,"originLevel":0,"hasRecord":false,"recordRelation":null,"status":"historical","disputed":false,"precision":"koaza","areaKey":"141510240","elements":["kura"],"summary":"要素辞書に一致（kura）。出典による裏づけは未確認。","zones":[],"dataset":"old_maps"}},{"type":"Feature","geometry":{"type":"Point","coordinates":[139.319883,35.549777]},"properties":{"id":"14-0669f0bf02","name":"下河原","reading":null,"pref":"神奈川県","prefCode":"14","municipality":"相模原市中央区","hazardTypes":["flood"],"evidenceLevel":0,"originLevel":0,"hasRecord":false,"recordRelation":null,"status":"historical","disputed":false,"precision":"koaza","areaKey":"14152044001","elements":["kawara"],"summary":"要素辞書に一致（kawara）。出典による裏づけは未確認。","zones":[],"dataset":"old_maps"}},{"type":"Feature","geometry":{"type":"Point","coordinates":[139.31984,35.535009]},"properties":{"id":"14-2e56e96ca1","name":"梅沢","reading":null,"pref":"神奈川県","prefCode":"14","municipality":"愛甲郡愛川町","hazardTypes":["landslide","slope_failure"],"evidenceLevel":0,"originLevel":0,"hasRecord":false,"recordRelation":null,"status":"historical","disputed":false,"precision":"koaza","areaKey":null,"elements":["ume"],"summary":"要素辞書に一致（ume）。出典による裏づけは未確認。","zones":[],"dataset":"old_maps"}},{"type":"Feature","geometry":{"type":"Point","coordinates":[139.381794,35.506608]},"properties":{"id":"14-8a56f0e7f1","name":"下磯部","reading":null,"pref":"神奈川県","prefCode":"14","municipality":"相模原市南区","hazardTypes":["rockfall","debris_flow"],"evidenceLevel":0,"originLevel":0,"hasRecord":false,"recordRelation":null,"status":"historical","disputed":false,"precision":"koaza","areaKey":"141530330","elements":["iso_ishi"],"summary":"要素辞書に一致（iso_ishi）。出典による裏づけは未確認。","zones":[],"dataset":"old_maps"}},{"type":"Feature","geometry":{"type":"Point","coordinates":[139.381317,35.51107]},"properties":{"id":"14-776e51673b","name":"上磯部","reading":null,"pref":"神奈川県","prefCode":"14","municipality":"相模原市南区","hazardTypes":["rockfall","debris_flow"],"evidenceLevel":0,"originLevel":0,"hasRecord":false,"recordRelation":null,"status":"historical","disputed":false,"precision":"koaza","areaKey":"141530330","elements":["iso_ishi"],"summary":"要素辞書に一致（iso_ishi）。出典による裏づけは未確認。","zones":[],"dataset":"old_maps"}},{"type":"Feature","geometry":{"type":"Point","coordinates":[139.358123,35.505686]},"properties":{"id":"14-d6b9d0dc86","name":"猿ヶ島新開","reading":null,"pref":"神奈川県","prefCode":"14","municipality":"厚木市","hazardTypes":["slope_failure"],"evidenceLevel":0,"originLevel":0,"hasRecord":false,"recordRelation":null,"status":"historical","disputed":false,"precision":"koaza","areaKey":"142120300","elements":["saru"],"summary":"要素辞書に一致（saru）。出典による裏づけは未確認。","zones":[],"dataset":"old_maps"}},{"type":"Feature","geometry":{"type":"Point","coordinates":[139.347153,35.526758]},"properties":{"id":"14-5cb2d77e96","name":"六ッ倉","reading":null,"pref":"神奈川県","prefCode":"14","municipality":"相模原市中央区","hazardTypes":["slope_failure","rockfall"],"evidenceLevel":0,"originLevel":0,"hasRecord":false,"recordRelation":null,"status":"historical","disputed":false,"precision":"koaza","areaKey":"14152043003","elements":["kura"],"summary":"要素辞書に一致（kura）。出典による裏づけは未確認。","zones":[],"dataset":"old_maps"}},{"type":"Feature","geometry":{"type":"Point","coordinates":[139.275965,35.542268]},"properties":{"id":"14-ee9796f3bb","name":"下河原","reading":null,"pref":"神奈川県","prefCode":"14","municipality":"愛甲郡愛川町","hazardTypes":["flood"],"evidenceLevel":0,"originLevel":0,"hasRecord":false,"recordRelation":null,"status":"historical","disputed":false,"precision":"koaza","areaKey":null,"elements":["kawara"],"summary":"要素辞書に一致（kawara）。出典による裏づけは未確認。","zones":[],"dataset":"old_maps"}},{"type":"Feature","geometry":{"type":"Point","coordinates":[139.264172,35.541701]},"properties":{"id":"14-840b9deffd","name":"馬場","reading":null,"pref":"神奈川県","prefCode":"14","municipality":"愛甲郡愛川町","hazardTypes":["slope_failure"],"evidenceLevel":0,"originLevel":0,"hasRecord":false,"recordRelation":null,"status":"historical","disputed":false,"precision":"koaza","areaKey":null,"elements":["baba"],"summary":"要素辞書に一致（baba）。出典による裏づけは未確認。","zones":[],"dataset":"old_maps"}},{"type":"Feature","geometry":{"type":"Point","coordinates":[139.25277,35.554025]},"properties":{"id":"14-4434f80d16","name":"大鹿","reading":null,"pref":"神奈川県","prefCode":"14","municipality":"相模原市緑区","hazardTypes":["landslide","soft_ground"],"evidenceLevel":0,"originLevel":0,"hasRecord":false,"recordRelation":null,"status":"historical","disputed":false,"precision":"koaza","areaKey":"141510320","elements":["shishi"],"summary":"要素辞書に一致（shishi）。出典による裏づけは未確認。","zones":[],"dataset":"old_maps"}},{"type":"Feature","geometry":{"type":"Point","coordinates":[139.259575,35.588094]},"properties":{"id":"14-39611b94b9","name":"不津倉","reading":null,"pref":"神奈川県","prefCode":"14","municipality":"相模原市緑区","hazardTypes":["slope_failure","rockfall"],"evidenceLevel":0,"originLevel":0,"hasRecord":false,"recordRelation":null,"status":"historical","disputed":false,"precision":"koaza","areaKey":"141510290","elements":["kura"],"summary":"要素辞書に一致（kura）。出典による裏づけは未確認。","zones":[],"dataset":"old_maps"}},{"type":"Feature","geometry":{"type":"Point","coordinates":[139.298207,35.507703]},"properties":{"id":"14-a85aa35609","name":"荻野村","reading":null,"pref":"神奈川県","prefCode":"14","municipality":"厚木市","hazardTypes":["slope_failure"],"evidenceLevel":0,"originLevel":0,"hasRecord":false,"recordRelation":null,"status":"historical","disputed":false,"precision":"village","areaKey":"142120553","elements":["suki_hagu"],"summary":"要素辞書に一致（suki_hagu）。出典による裏づけは未確認。","zones":[],"dataset":"old_maps"}},{"type":"Feature","geometry":{"type":"Point","coordinates":[139.392936,35.513124]},"properties":{"id":"14-d1a903324c","name":"新磯村","reading":null,"pref":"神奈川県","prefCode":"14","municipality":"相模原市南区","hazardTypes":["rockfall","debris_flow"],"evidenceLevel":0,"originLevel":0,"hasRecord":false,"recordRelation":null,"status":"historical","disputed":false,"precision":"village","areaKey":"141530330","elements":["iso_ishi"],"summary":"要素辞書に一致（iso_ishi）。出典による裏づけは未確認。","zones":[],"dataset":"old_maps"}},{"type":"Feature","geometry":{"type":"Point","coordinates":[139.474915,35.608747]},"properties":{"id":"14-08295c704a","name":"柿生村","reading":null,"pref":"神奈川県","prefCode":"14","municipality":"川崎市麻生区","hazardTypes":["slope_failure"],"evidenceLevel":0,"originLevel":0,"hasRecord":false,"recordRelation":null,"status":"historical","disputed":false,"precision":"village","areaKey":"14137727002","elements":["kake"],"summary":"要素辞書に一致（kake）。出典による裏づけは未確認。","zones":[],"dataset":"old_maps"}},{"type":"Feature","geometry":{"type":"Point","coordinates":[139.557568,35.322626]},"properties":{"id":"14-cd9531625a","name":"鎌倉（雪之下）","reading":null,"pref":"神奈川県","prefCode":"14","municipality":"鎌倉市","hazardTypes":["slope_failure","rockfall"],"evidenceLevel":0,"originLevel":0,"hasRecord":false,"recordRelation":null,"status":"historical","disputed":false,"precision":"koaza","areaKey":"14204015003","elements":["kura"],"summary":"要素辞書に一致（kura）。出典による裏づけは未確認。","zones":[],"dataset":"old_maps"}},{"type":"Feature","geometry":{"type":"Point","coordinates":[139.648797,35.287744]},"properties":{"id":"14-b7f1f6fcf3","name":"吉倉","reading":null,"pref":"神奈川県","prefCode":"14","municipality":"横須賀市","hazardTypes":["slope_failure","rockfall"],"evidenceLevel":0,"originLevel":0,"hasRecord":false,"recordRelation":null,"status":"historical","disputed":false,"precision":"koaza","areaKey":"14201044001","elements":["kura"],"summary":"要素辞書に一致（kura）。出典による裏づけは未確認。","zones":[],"dataset":"old_maps"}},{"type":"Feature","geometry":{"type":"Point","coordinates":[139.692103,35.256579]},"properties":{"id":"14-4d45fbceaa","name":"蛇沼","reading":null,"pref":"神奈川県","prefCode":"14","municipality":"横須賀市","hazardTypes":["slope_failure","debris_flow","soft_ground","inundation"],"evidenceLevel":0,"originLevel":0,"hasRecord":false,"recordRelation":null,"status":"historical","disputed":false,"precision":"koaza","areaKey":"14201059004","elements":["ja","numa_kata"],"summary":"要素辞書に一致（ja・numa_kata）。出典による裏づけは未確認。","zones":[],"dataset":"old_maps"}},{"type":"Feature","geometry":{"type":"Point","coordinates":[139.67181,35.272161]},"properties":{"id":"14-fc2cb6c3fc","name":"深田","reading":null,"pref":"神奈川県","prefCode":"14","municipality":"横須賀市","hazardTypes":["soft_ground","inundation"],"evidenceLevel":0,"originLevel":0,"hasRecord":false,"recordRelation":null,"status":"historical","disputed":false,"precision":"koaza","areaKey":"14201021002","elements":["fuke"],"summary":"要素辞書に一致（fuke）。出典による裏づけは未確認。","zones":[],"dataset":"old_maps"}},{"type":"Feature","geometry":{"type":"Point","coordinates":[139.576049,35.253955]},"properties":{"id":"14-6f9e7b66e3","name":"長者ヶ崎","reading":null,"pref":"神奈川県","prefCode":"14","municipality":"三浦郡葉山町","hazardTypes":["slope_failure"],"evidenceLevel":0,"originLevel":0,"hasRecord":false,"recordRelation":null,"status":"historical","disputed":false,"precision":"feature","areaKey":null,"elements":["tsubu_chou"],"summary":"要素辞書に一致（tsubu_chou）。出典による裏づけは未確認。","zones":[],"dataset":"old_maps"}},{"type":"Feature","geometry":{"type":"Point","coordinates":[139.636192,35.252292]},"properties":{"id":"14-b82e84317b","name":"大谷戸坂","reading":null,"pref":"神奈川県","prefCode":"14","municipality":"横須賀市","hazardTypes":["slope_failure","inundation"],"evidenceLevel":0,"originLevel":0,"hasRecord":false,"recordRelation":null,"status":"historical","disputed":false,"precision":"feature","areaKey":"14201053004","elements":["afu_oo","yato"],"summary":"要素辞書に一致（afu_oo・yato）。出典による裏づけは未確認。","zones":[],"dataset":"old_maps"}},{"type":"Feature","geometry":{"type":"Point","coordinates":[139.685886,35.252966]},"properties":{"id":"14-dc5447298a","name":"根岸","reading":null,"pref":"神奈川県","prefCode":"14","municipality":"横須賀市","hazardTypes":["slope_failure"],"evidenceLevel":0,"originLevel":0,"hasRecord":false,"recordRelation":null,"status":"historical","disputed":false,"precision":"koaza","areaKey":"14201058001","elements":["kake"],"summary":"要素辞書に一致（kake）。出典による裏づけは未確認。","zones":[],"dataset":"old_maps"}},{"type":"Feature","geometry":{"type":"Point","coordinates":[139.708985,35.223997]},"properties":{"id":"14-9bd51fe99c","name":"飛井","reading":null,"pref":"神奈川県","prefCode":"14","municipality":"横須賀市","hazardTypes":["slope_failure","debris_flow"],"evidenceLevel":0,"originLevel":0,"hasRecord":false,"recordRelation":null,"status":"historical","disputed":false,"precision":"koaza","areaKey":"14201084007","elements":["tobi"],"summary":"要素辞書に一致（tobi）。出典による裏づけは未確認。","zones":[],"dataset":"old_maps"}},{"type":"Feature","geometry":{"type":"Point","coordinates":[139.680576,35.238056]},"properties":{"id":"14-16b688f256","name":"大谷戸","reading":null,"pref":"神奈川県","prefCode":"14","municipality":"横須賀市","hazardTypes":["slope_failure","inundation"],"evidenceLevel":0,"originLevel":0,"hasRecord":false,"recordRelation":null,"status":"historical","disputed":false,"precision":"koaza","areaKey":"14201081001","elements":["afu_oo","yato"],"summary":"要素辞書に一致（afu_oo・yato）。出典による裏づけは未確認。","zones":[],"dataset":"old_maps"}},{"type":"Feature","geometry":{"type":"Point","coordinates":[139.610374,35.236284]},"properties":{"id":"14-8d2bc1c9ba","name":"芦名","reading":null,"pref":"神奈川県","prefCode":"14","municipality":"横須賀市","hazardTypes":["flood","inundation"],"evidenceLevel":0,"originLevel":0,"hasRecord":false,"recordRelation":null,"status":"historical","disputed":false,"precision":"koaza","areaKey":"14201100002","elements":["ashi"],"summary":"要素辞書に一致（ashi）。出典による裏づけは未確認。","zones":[],"dataset":"old_maps"}},{"type":"Feature","geometry":{"type":"Point","coordinates":[139.629544,35.220701]},"properties":{"id":"14-181e7894ed","name":"鹿島","reading":null,"pref":"神奈川県","prefCode":"14","municipality":"横須賀市","hazardTypes":["landslide","soft_ground"],"evidenceLevel":0,"originLevel":0,"hasRecord":false,"recordRelation":null,"status":"historical","disputed":false,"precision":"koaza","areaKey":"14201098001","elements":["shishi"],"summary":"要素辞書に一致（shishi）。出典による裏づけは未確認。","zones":[],"dataset":"old_maps"}},{"type":"Feature","geometry":{"type":"Point","coordinates":[139.617758,35.20062]},"properties":{"id":"14-7445c79669","name":"大久保","reading":null,"pref":"神奈川県","prefCode":"14","municipality":"横須賀市","hazardTypes":["slope_failure","inundation","landslide"],"evidenceLevel":0,"originLevel":0,"hasRecord":false,"recordRelation":null,"status":"historical","disputed":false,"precision":"koaza","areaKey":"14201091002","elements":["afu_oo","kubo"],"summary":"要素辞書に一致（afu_oo・kubo）。出典による裏づけは未確認。","zones":[],"dataset":"old_maps"}},{"type":"Feature","geometry":{"type":"Point","coordinates":[139.648153,35.194352]},"properties":{"id":"14-915a3c0607","name":"鹿穴","reading":null,"pref":"神奈川県","prefCode":"14","municipality":"三浦市","hazardTypes":["landslide","soft_ground"],"evidenceLevel":0,"originLevel":0,"hasRecord":false,"recordRelation":null,"status":"historical","disputed":false,"precision":"koaza","areaKey":"142100230","elements":["shishi"],"summary":"要素辞書に一致（shishi）。出典による裏づけは未確認。","zones":[],"dataset":"old_maps"}},{"type":"Feature","geometry":{"type":"Point","coordinates":[139.562101,35.317526]},"properties":{"id":"14-4e9e8bb293","name":"鎌倉町","reading":null,"pref":"神奈川県","prefCode":"14","municipality":"鎌倉市","hazardTypes":["slope_failure","rockfall"],"evidenceLevel":0,"originLevel":0,"hasRecord":false,"recordRelation":null,"status":"historical","disputed":false,"precision":"oaza","areaKey":"14204018003","elements":["kura"],"summary":"要素辞書に一致（kura）。出典による裏づけは未確認。","zones":[],"dataset":"old_maps"}},{"type":"Feature","geometry":{"type":"Point","coordinates":[139.666784,35.497635]},"properties":{"id":"14-b4c9b8250a","name":"岸","reading":null,"pref":"神奈川県","prefCode":"14","municipality":"横浜市鶴見区","hazardTypes":["slope_failure"],"evidenceLevel":0,"originLevel":0,"hasRecord":false,"recordRelation":null,"status":"historical","disputed":false,"precision":"koaza","areaKey":"14101008004","elements":["kake"],"summary":"要素辞書に一致（kake）。出典による裏づけは未確認。","zones":[],"dataset":"old_maps"}},{"type":"Feature","geometry":{"type":"Point","coordinates":[139.609456,35.500962]},"properties":{"id":"14-1e8ff54d92","name":"岸ノ根","reading":null,"pref":"神奈川県","prefCode":"14","municipality":"横浜市港北区","hazardTypes":["slope_failure"],"evidenceLevel":0,"originLevel":0,"hasRecord":false,"recordRelation":null,"status":"historical","disputed":false,"precision":"koaza","areaKey":"14109021001","elements":["kake"],"summary":"要素辞書に一致（kake）。出典による裏づけは未確認。","zones":[],"dataset":"old_maps"}},{"type":"Feature","geometry":{"type":"Point","coordinates":[139.595698,35.500218]},"properties":{"id":"14-51f81f0615","name":"猿渡","reading":null,"pref":"神奈川県","prefCode":"14","municipality":"横浜市神奈川区","hazardTypes":["slope_failure"],"evidenceLevel":0,"originLevel":0,"hasRecord":false,"recordRelation":null,"status":"historical","disputed":false,"precision":"koaza","areaKey":"14102110001","elements":["saru"],"summary":"要素辞書に一致（saru）。出典による裏づけは未確認。","zones":[],"dataset":"old_maps"}},{"type":"Feature","geometry":{"type":"Point","coordinates":[139.584751,35.50252]},"properties":{"id":"14-2264117262","name":"下菅田","reading":null,"pref":"神奈川県","prefCode":"14","municipality":"横浜市神奈川区","hazardTypes":["landslide","soft_ground"],"evidenceLevel":0,"originLevel":0,"hasRecord":false,"recordRelation":null,"status":"historical","disputed":false,"precision":"koaza","areaKey":"14102110001","elements":["wetland_plants"],"summary":"要素辞書に一致（wetland_plants）。出典による裏づけは未確認。","zones":[],"dataset":"old_maps"}},{"type":"Feature","geometry":{"type":"Point","coordinates":[139.57108,35.486369]},"properties":{"id":"14-e3e20d90a7","name":"上菅谷","reading":null,"pref":"神奈川県","prefCode":"14","municipality":"横浜市保土ケ谷区","hazardTypes":["landslide","soft_ground"],"evidenceLevel":0,"originLevel":0,"hasRecord":false,"recordRelation":null,"status":"historical","disputed":false,"precision":"koaza","areaKey":"14106056001","elements":["wetland_plants"],"summary":"要素辞書に一致（wetland_plants）。出典による裏づけは未確認。","zones":[],"dataset":"old_maps"}},{"type":"Feature","geometry":{"type":"Point","coordinates":[139.609716,35.492887]},"properties":{"id":"14-a3d9746923","name":"片倉","reading":null,"pref":"神奈川県","prefCode":"14","municipality":"横浜市神奈川区","hazardTypes":["slope_failure","rockfall"],"evidenceLevel":0,"originLevel":0,"hasRecord":false,"recordRelation":null,"status":"historical","disputed":false,"precision":"koaza","areaKey":"14102108005","elements":["kura"],"summary":"要素辞書に一致（kura）。出典による裏づけは未確認。","zones":[],"dataset":"old_maps"}},{"type":"Feature","geometry":{"type":"Point","coordinates":[139.622567,35.470398]},"properties":{"id":"14-80287285ef","name":"青木","reading":null,"pref":"神奈川県","prefCode":"14","municipality":"横浜市神奈川区","hazardTypes":["slope_failure"],"evidenceLevel":0,"originLevel":0,"hasRecord":false,"recordRelation":null,"status":"historical","disputed":false,"precision":"koaza","areaKey":"141020450","elements":["afu_oo"],"summary":"要素辞書に一致（afu_oo）。出典による裏づけは未確認。","zones":[],"dataset":"old_maps"}},{"type":"Feature","geometry":{"type":"Point","coordinates":[139.607122,35.432041]},"properties":{"id":"14-3959667a99","name":"井土ヶ谷","reading":null,"pref":"神奈川県","prefCode":"14","municipality":"横浜市南区","hazardTypes":["landslide"],"evidenceLevel":0,"originLevel":0,"hasRecord":false,"recordRelation":null,"status":"historical","disputed":false,"precision":"koaza","areaKey":"141051180","elements":["geology_names"],"summary":"要素辞書に一致（geology_names）。出典による裏づけは未確認。","zones":[],"dataset":"old_maps"}},{"type":"Feature","geometry":{"type":"Point","coordinates":[139.632347,35.416848]},"properties":{"id":"14-0916480ae7","name":"根岸","reading":null,"pref":"神奈川県","prefCode":"14","municipality":"横浜市磯子区","hazardTypes":["slope_failure"],"evidenceLevel":0,"originLevel":0,"hasRecord":false,"recordRelation":null,"status":"historical","disputed":false,"precision":"koaza","areaKey":"141070020","elements":["kake"],"summary":"要素辞書に一致（kake）。出典による裏づけは未確認。","zones":[],"dataset":"old_maps"}},{"type":"Feature","geometry":{"type":"Point","coordinates":[139.625078,35.424958]},"properties":{"id":"14-d3c6aea96d","name":"馬場","reading":null,"pref":"神奈川県","prefCode":"14","municipality":"横浜市磯子区","hazardTypes":["slope_failure"],"evidenceLevel":0,"originLevel":0,"hasRecord":false,"recordRelation":null,"status":"historical","disputed":false,"precision":"koaza","areaKey":"141070080","elements":["baba"],"summary":"要素辞書に一致（baba）。出典による裏づけは未確認。","zones":[],"dataset":"old_maps"}},{"type":"Feature","geometry":{"type":"Point","coordinates":[139.623954,35.413235]},"properties":{"id":"14-4b8cc7076f","name":"磯子","reading":null,"pref":"神奈川県","prefCode":"14","municipality":"横浜市磯子区","hazardTypes":["rockfall","debris_flow"],"evidenceLevel":0,"originLevel":0,"hasRecord":false,"recordRelation":null,"status":"historical","disputed":false,"precision":"koaza","areaKey":"141070240","elements":["iso_ishi"],"summary":"要素辞書に一致（iso_ishi）。出典による裏づけは未確認。","zones":[],"dataset":"old_maps"}},{"type":"Feature","geometry":{"type":"Point","coordinates":[139.573981,35.416598]},"properties":{"id":"14-72cf4a9759","name":"芹ヶ谷","reading":null,"pref":"神奈川県","prefCode":"14","municipality":"横浜市港南区","hazardTypes":["landslide","soft_ground"],"evidenceLevel":0,"originLevel":0,"hasRecord":false,"recordRelation":null,"status":"historical","disputed":false,"precision":"koaza","areaKey":"14111039003","elements":["wetland_plants"],"summary":"要素辞書に一致（wetland_plants）。出典による裏づけは未確認。","zones":[],"dataset":"old_maps"}},{"type":"Feature","geometry":{"type":"Point","coordinates":[139.539023,35.395205]},"properties":{"id":"14-e08c631045","name":"上倉田","reading":null,"pref":"神奈川県","prefCode":"14","municipality":"横浜市戸塚区","hazardTypes":["slope_failure","rockfall"],"evidenceLevel":0,"originLevel":0,"hasRecord":false,"recordRelation":null,"status":"historical","disputed":false,"precision":"koaza","areaKey":"141100020","elements":["kura"],"summary":"要素辞書に一致（kura）。出典による裏づけは未確認。","zones":[],"dataset":"old_maps"}},{"type":"Feature","geometry":{"type":"Point","coordinates":[139.503633,35.356742]},"properties":{"id":"14-a1f7176590","name":"倉骨","reading":null,"pref":"神奈川県","prefCode":"14","municipality":"藤沢市","hazardTypes":["slope_failure","rockfall"],"evidenceLevel":0,"originLevel":0,"hasRecord":false,"recordRelation":null,"status":"historical","disputed":false,"precision":"koaza","areaKey":"14205213002","elements":["kura"],"summary":"要素辞書に一致（kura）。出典による裏づけは未確認。","zones":[],"dataset":"old_maps"}},{"type":"Feature","geometry":{"type":"Point","coordinates":[139.555379,35.373885]},"properties":{"id":"14-c783883a5d","name":"小菅谷","reading":null,"pref":"神奈川県","prefCode":"14","municipality":"横浜市栄区","hazardTypes":["landslide","soft_ground"],"evidenceLevel":0,"originLevel":0,"hasRecord":false,"recordRelation":null,"status":"historical","disputed":false,"precision":"koaza","areaKey":"14115005103","elements":["wetland_plants"],"summary":"要素辞書に一致（wetland_plants）。出典による裏づけは未確認。","zones":[],"dataset":"old_maps"}},{"type":"Feature","geometry":{"type":"Point","coordinates":[139.558451,35.365881]},"properties":{"id":"14-87909ed893","name":"鍛冶ヶ谷","reading":null,"pref":"神奈川県","prefCode":"14","municipality":"横浜市栄区","hazardTypes":["slope_failure"],"evidenceLevel":0,"originLevel":0,"hasRecord":false,"recordRelation":null,"status":"historical","disputed":false,"precision":"koaza","areaKey":"141150340","elements":["kaji_kamu"],"summary":"要素辞書に一致（kaji_kamu）。出典による裏づけは未確認。","zones":[],"dataset":"old_maps"}},{"type":"Feature","geometry":{"type":"Point","coordinates":[139.54335,35.38883]},"properties":{"id":"14-8f8de47a5b","name":"下倉田","reading":null,"pref":"神奈川県","prefCode":"14","municipality":"横浜市戸塚区","hazardTypes":["slope_failure","rockfall"],"evidenceLevel":0,"originLevel":0,"hasRecord":false,"recordRelation":null,"status":"historical","disputed":false,"precision":"koaza","areaKey":"14110001001","elements":["kura"],"summary":"要素辞書に一致（kura）。出典による裏づけは未確認。","zones":[],"dataset":"old_maps"}},{"type":"Feature","geometry":{"type":"Point","coordinates":[139.604699,35.44897]},"properties":{"id":"14-33eb7b6241","name":"保土ヶ谷町","reading":null,"pref":"神奈川県","prefCode":"14","municipality":"横浜市保土ケ谷区","hazardTypes":["landslide"],"evidenceLevel":0,"originLevel":0,"hasRecord":false,"recordRelation":null,"status":"historical","disputed":false,"precision":"oaza","areaKey":"141060250","elements":["geology_names"],"summary":"要素辞書に一致（geology_names）。出典による裏づけは未確認。","zones":[],"dataset":"old_maps"}},{"type":"Feature","geometry":{"type":"Point","coordinates":[139.524198,35.638178]},"properties":{"id":"14-dbcaacbf0a","name":"西菅","reading":null,"pref":"神奈川県","prefCode":"14","municipality":"川崎市多摩区","hazardTypes":["landslide","soft_ground"],"evidenceLevel":0,"originLevel":0,"hasRecord":false,"recordRelation":null,"status":"historical","disputed":false,"precision":"koaza","areaKey":"14135606006","elements":["wetland_plants"],"summary":"要素辞書に一致（wetland_plants）。出典による裏づけは未確認。","zones":[],"dataset":"old_maps"}},{"type":"Feature","geometry":{"type":"Point","coordinates":[139.537638,35.630245]},"properties":{"id":"14-2e5d07bf81","name":"東菅","reading":null,"pref":"神奈川県","prefCode":"14","municipality":"川崎市多摩区","hazardTypes":["landslide","soft_ground"],"evidenceLevel":0,"originLevel":0,"hasRecord":false,"recordRelation":null,"status":"historical","disputed":false,"precision":"koaza","areaKey":"14135605001","elements":["wetland_plants"],"summary":"要素辞書に一致（wetland_plants）。出典による裏づけは未確認。","zones":[],"dataset":"old_maps"}},{"type":"Feature","geometry":{"type":"Point","coordinates":[139.539199,35.625393]},"properties":{"id":"14-ebd4d7bdba","name":"馬場","reading":null,"pref":"神奈川県","prefCode":"14","municipality":"川崎市多摩区","hazardTypes":["slope_failure"],"evidenceLevel":0,"originLevel":0,"hasRecord":false,"recordRelation":null,"status":"historical","disputed":false,"precision":"koaza","areaKey":"14135603002","elements":["baba"],"summary":"要素辞書に一致（baba）。出典による裏づけは未確認。","zones":[],"dataset":"old_maps"}},{"type":"Feature","geometry":{"type":"Point","coordinates":[139.543187,35.635097]},"properties":{"id":"14-6232911699","name":"川原","reading":null,"pref":"神奈川県","prefCode":"14","municipality":"川崎市多摩区","hazardTypes":["flood"],"evidenceLevel":0,"originLevel":0,"hasRecord":false,"recordRelation":null,"status":"historical","disputed":false,"precision":"koaza","areaKey":"14135609003","elements":["kawara"],"summary":"要素辞書に一致（kawara）。出典による裏づけは未確認。","zones":[],"dataset":"old_maps"}},{"type":"Feature","geometry":{"type":"Point","coordinates":[139.576875,35.614521]},"properties":{"id":"14-415cc7673d","name":"宿河原","reading":null,"pref":"神奈川県","prefCode":"14","municipality":"川崎市多摩区","hazardTypes":["flood"],"evidenceLevel":0,"originLevel":0,"hasRecord":false,"recordRelation":null,"status":"historical","disputed":false,"precision":"koaza","areaKey":"14135615003","elements":["kawara"],"summary":"要素辞書に一致（kawara）。出典による裏づけは未確認。","zones":[],"dataset":"old_maps"}},{"type":"Feature","geometry":{"type":"Point","coordinates":[139.516568,35.621957]},"properties":{"id":"14-a0b0f4dfc7","name":"大久保","reading":null,"pref":"神奈川県","prefCode":"14","municipality":"川崎市麻生区","hazardTypes":["slope_failure","inundation","landslide"],"evidenceLevel":0,"originLevel":0,"hasRecord":false,"recordRelation":null,"status":"historical","disputed":false,"precision":"koaza","areaKey":"14137706006","elements":["afu_oo","kubo"],"summary":"要素辞書に一致（afu_oo・kubo）。出典による裏づけは未確認。","zones":[],"dataset":"old_maps"}},{"type":"Feature","geometry":{"type":"Point","coordinates":[139.555589,35.595609]},"properties":{"id":"14-a47258e059","name":"蔵敷","reading":null,"pref":"神奈川県","prefCode":"14","municipality":"川崎市宮前区","hazardTypes":["slope_failure","rockfall"],"evidenceLevel":0,"originLevel":0,"hasRecord":false,"recordRelation":null,"status":"historical","disputed":false,"precision":"koaza","areaKey":"14136518005","elements":["kura"],"summary":"要素辞書に一致（kura）。出典による裏づけは未確認。","zones":[],"dataset":"old_maps"}},{"type":"Feature","geometry":{"type":"Point","coordinates":[139.556282,35.599221]},"properties":{"id":"14-521b502a90","name":"菅生","reading":null,"pref":"神奈川県","prefCode":"14","municipality":"川崎市宮前区","hazardTypes":["landslide","soft_ground"],"evidenceLevel":0,"originLevel":0,"hasRecord":false,"recordRelation":null,"status":"historical","disputed":false,"precision":"koaza","areaKey":"14136518001","elements":["wetland_plants"],"summary":"要素辞書に一致（wetland_plants）。出典による裏づけは未確認。","zones":[],"dataset":"old_maps"}},{"type":"Feature","geometry":{"type":"Point","coordinates":[139.625693,35.603898]},"properties":{"id":"14-c06c48dd71","name":"諏訪河原","reading":null,"pref":"神奈川県","prefCode":"14","municipality":"川崎市高津区","hazardTypes":["flood"],"evidenceLevel":0,"originLevel":0,"hasRecord":false,"recordRelation":null,"status":"historical","disputed":false,"precision":"koaza","areaKey":"14134406103","elements":["kawara"],"summary":"要素辞書に一致（kawara）。出典による裏づけは未確認。","zones":[],"dataset":"old_maps"}},{"type":"Feature","geometry":{"type":"Point","coordinates":[139.663153,35.587679]},"properties":{"id":"14-a1300dcd72","name":"青木根","reading":null,"pref":"神奈川県","prefCode":"14","municipality":"川崎市中原区","hazardTypes":["slope_failure"],"evidenceLevel":0,"originLevel":0,"hasRecord":false,"recordRelation":null,"status":"historical","disputed":false,"precision":"koaza","areaKey":"141333100","elements":["afu_oo"],"summary":"要素辞書に一致（afu_oo）。出典による裏づけは未確認。","zones":[],"dataset":"old_maps"}},{"type":"Feature","geometry":{"type":"Point","coordinates":[139.635752,35.589697]},"properties":{"id":"14-04ed02773d","name":"大谷戸","reading":null,"pref":"神奈川県","prefCode":"14","municipality":"川崎市中原区","hazardTypes":["slope_failure","inundation"],"evidenceLevel":0,"originLevel":0,"hasRecord":false,"recordRelation":null,"status":"historical","disputed":false,"precision":"koaza","areaKey":"14133305002","elements":["afu_oo","yato"],"summary":"要素辞書に一致（afu_oo・yato）。出典による裏づけは未確認。","zones":[],"dataset":"old_maps"}},{"type":"Feature","geometry":{"type":"Point","coordinates":[139.562352,35.588066]},"properties":{"id":"14-a2ef185e2d","name":"犬倉","reading":null,"pref":"神奈川県","prefCode":"14","municipality":"川崎市宮前区","hazardTypes":["slope_failure","rockfall"],"evidenceLevel":0,"originLevel":0,"hasRecord":false,"recordRelation":null,"status":"historical","disputed":false,"precision":"koaza","areaKey":"14136514001","elements":["kura"],"summary":"要素辞書に一致（kura）。出典による裏づけは未確認。","zones":[],"dataset":"old_maps"}},{"type":"Feature","geometry":{"type":"Point","coordinates":[139.556023,35.56246]},"properties":{"id":"14-df1158dc61","name":"赤田","reading":null,"pref":"神奈川県","prefCode":"14","municipality":"横浜市青葉区","hazardTypes":["landslide"],"evidenceLevel":0,"originLevel":0,"hasRecord":false,"recordRelation":null,"status":"historical","disputed":false,"precision":"koaza","areaKey":"14117147001","elements":["geology_names"],"summary":"要素辞書に一致（geology_names）。出典による裏づけは未確認。","zones":[],"dataset":"old_maps"}},{"type":"Feature","geometry":{"type":"Point","coordinates":[139.683843,35.546456]},"properties":{"id":"14-d95ff0e77f","name":"古川","reading":null,"pref":"神奈川県","prefCode":"14","municipality":"川崎市幸区","hazardTypes":["flood","inundation"],"evidenceLevel":0,"originLevel":0,"hasRecord":false,"recordRelation":null,"status":"historical","disputed":false,"precision":"koaza","areaKey":"141322230","elements":["furukawa"],"summary":"要素辞書に一致（furukawa）。出典による裏づけは未確認。","zones":[],"dataset":"old_maps"}},{"type":"Feature","geometry":{"type":"Point","coordinates":[139.671356,35.554565]},"properties":{"id":"14-53bb6dec36","name":"鹿島田","reading":null,"pref":"神奈川県","prefCode":"14","municipality":"川崎市幸区","hazardTypes":["landslide","soft_ground"],"evidenceLevel":0,"originLevel":0,"hasRecord":false,"recordRelation":null,"status":"historical","disputed":false,"precision":"koaza","areaKey":"14132225002","elements":["shishi"],"summary":"要素辞書に一致（shishi）。出典による裏づけは未確認。","zones":[],"dataset":"old_maps"}},{"type":"Feature","geometry":{"type":"Point","coordinates":[139.674348,35.545145]},"properties":{"id":"14-3ed285e453","name":"小倉上組","reading":null,"pref":"神奈川県","prefCode":"14","municipality":"川崎市幸区","hazardTypes":["slope_failure","rockfall"],"evidenceLevel":0,"originLevel":0,"hasRecord":false,"recordRelation":null,"status":"historical","disputed":false,"precision":"koaza","areaKey":"141322310","elements":["kura"],"summary":"要素辞書に一致（kura）。出典による裏づけは未確認。","zones":[],"dataset":"old_maps"}},{"type":"Feature","geometry":{"type":"Point","coordinates":[139.614865,35.543585]},"properties":{"id":"14-c697525527","name":"倉部","reading":null,"pref":"神奈川県","prefCode":"14","municipality":"横浜市港北区","hazardTypes":["slope_failure","rockfall"],"evidenceLevel":0,"originLevel":0,"hasRecord":false,"recordRelation":null,"status":"historical","disputed":false,"precision":"koaza","areaKey":"14109075104","elements":["kura"],"summary":"要素辞書に一致（kura）。出典による裏づけは未確認。","zones":[],"dataset":"old_maps"}},{"type":"Feature","geometry":{"type":"Point","coordinates":[139.590629,35.551057]},"properties":{"id":"14-49393396a9","name":"古梅","reading":null,"pref":"神奈川県","prefCode":"14","municipality":"横浜市都筑区","hazardTypes":["landslide","slope_failure"],"evidenceLevel":0,"originLevel":0,"hasRecord":false,"recordRelation":null,"status":"historical","disputed":false,"precision":"koaza","areaKey":"14118005003","elements":["ume"],"summary":"要素辞書に一致（ume）。出典による裏づけは未確認。","zones":[],"dataset":"old_maps"}},{"type":"Feature","geometry":{"type":"Point","coordinates":[139.578665,35.520989]},"properties":{"id":"14-c052ad8fe5","name":"根岸","reading":null,"pref":"神奈川県","prefCode":"14","municipality":"横浜市都筑区","hazardTypes":["slope_failure"],"evidenceLevel":0,"originLevel":0,"hasRecord":false,"recordRelation":null,"status":"historical","disputed":false,"precision":"koaza","areaKey":"141180400","elements":["kake"],"summary":"要素辞書に一致（kake）。出典による裏づけは未確認。","zones":[],"dataset":"old_maps"}},{"type":"Feature","geometry":{"type":"Point","coordinates":[139.611657,35.531402]},"properties":{"id":"14-d0dd1c58df","name":"獅子ヶ鼻","reading":null,"pref":"神奈川県","prefCode":"14","municipality":"横浜市港北区","hazardTypes":["landslide","soft_ground"],"evidenceLevel":0,"originLevel":0,"hasRecord":false,"recordRelation":null,"status":"historical","disputed":false,"precision":"koaza","areaKey":"14109030001","elements":["shishi"],"summary":"要素辞書に一致（shishi）。出典による裏づけは未確認。","zones":[],"dataset":"old_maps"}},{"type":"Feature","geometry":{"type":"Point","coordinates":[139.647296,35.516493]},"properties":{"id":"14-94a1a294af","name":"獅子谷","reading":null,"pref":"神奈川県","prefCode":"14","municipality":"横浜市鶴見区","hazardTypes":["landslide","soft_ground"],"evidenceLevel":0,"originLevel":0,"hasRecord":false,"recordRelation":null,"status":"historical","disputed":false,"precision":"koaza","areaKey":"14101026006","elements":["shishi"],"summary":"要素辞書に一致（shishi）。出典による裏づけは未確認。","zones":[],"dataset":"old_maps"}},{"type":"Feature","geometry":{"type":"Point","coordinates":[139.696286,35.536717]},"properties":{"id":"14-6dd4acdb51","name":"南河原","reading":null,"pref":"神奈川県","prefCode":"14","municipality":"川崎市幸区","hazardTypes":["flood"],"evidenceLevel":0,"originLevel":0,"hasRecord":false,"recordRelation":null,"status":"historical","disputed":false,"precision":"koaza","areaKey":"14132214002","elements":["kawara"],"summary":"要素辞書に一致（kawara）。出典による裏づけは未確認。","zones":[],"dataset":"old_maps"}},{"type":"Feature","geometry":{"type":"Point","coordinates":[139.728109,35.535266]},"properties":{"id":"14-a7348506cc","name":"大師河原","reading":null,"pref":"神奈川県","prefCode":"14","municipality":"川崎市川崎区","hazardTypes":["flood"],"evidenceLevel":0,"originLevel":0,"hasRecord":false,"recordRelation":null,"status":"historical","disputed":false,"precision":"koaza","areaKey":"14131002001","elements":["kawara"],"summary":"要素辞書に一致（kawara）。出典による裏づけは未確認。","zones":[],"dataset":"old_maps"}},{"type":"Feature","geometry":{"type":"Point","coordinates":[139.686055,35.514121]},"properties":{"id":"14-3e6227fb29","name":"菅沢","reading":null,"pref":"神奈川県","prefCode":"14","municipality":"横浜市鶴見区","hazardTypes":["landslide","soft_ground"],"evidenceLevel":0,"originLevel":0,"hasRecord":false,"recordRelation":null,"status":"historical","disputed":false,"precision":"koaza","areaKey":"141010650","elements":["wetland_plants"],"summary":"要素辞書に一致（wetland_plants）。出典による裏づけは未確認。","zones":[],"dataset":"old_maps"}},{"type":"Feature","geometry":{"type":"Point","coordinates":[139.656704,35.509092]},"properties":{"id":"14-5f3ab3e3a0","name":"馬場","reading":null,"pref":"神奈川県","prefCode":"14","municipality":"横浜市鶴見区","hazardTypes":["slope_failure"],"evidenceLevel":0,"originLevel":0,"hasRecord":false,"recordRelation":null,"status":"historical","disputed":false,"precision":"koaza","areaKey":"14101019004","elements":["baba"],"summary":"要素辞書に一致（baba）。出典による裏づけは未確認。","zones":[],"dataset":"old_maps"}},{"type":"Feature","geometry":{"type":"Point","coordinates":[139.556251,35.507212]},"properties":{"id":"14-4698614cef","name":"下猿山","reading":null,"pref":"神奈川県","prefCode":"14","municipality":"横浜市緑区","hazardTypes":["slope_failure"],"evidenceLevel":0,"originLevel":0,"hasRecord":false,"recordRelation":null,"status":"historical","disputed":false,"precision":"koaza","areaKey":"14113147002","elements":["saru"],"summary":"要素辞書に一致（saru）。出典による裏づけは未確認。","zones":[],"dataset":"old_maps"}},{"type":"Feature","geometry":{"type":"Point","coordinates":[139.552652,35.509585]},"properties":{"id":"14-fc2bef0807","name":"上猿山","reading":null,"pref":"神奈川県","prefCode":"14","municipality":"横浜市緑区","hazardTypes":["slope_failure"],"evidenceLevel":0,"originLevel":0,"hasRecord":false,"recordRelation":null,"status":"historical","disputed":false,"precision":"koaza","areaKey":"14113017001","elements":["saru"],"summary":"要素辞書に一致（saru）。出典による裏づけは未確認。","zones":[],"dataset":"old_maps"}},{"type":"Feature","geometry":{"type":"Point","coordinates":[139.738904,35.532114]},"properties":{"id":"14-5747aaa08a","name":"大師河原村","reading":null,"pref":"神奈川県","prefCode":"14","municipality":"川崎市川崎区","hazardTypes":["flood"],"evidenceLevel":0,"originLevel":0,"hasRecord":false,"recordRelation":null,"status":"historical","disputed":false,"precision":"village","areaKey":"141310130","elements":["kawara"],"summary":"要素辞書に一致（kawara）。出典による裏づけは未確認。","zones":[],"dataset":"old_maps"}},{"type":"Feature","geometry":{"type":"Point","coordinates":[139.382486,35.497061]},"properties":{"id":"14-0f7391b6f1","name":"新戸河原","reading":null,"pref":"神奈川県","prefCode":"14","municipality":"相模原市南区","hazardTypes":["flood"],"evidenceLevel":0,"originLevel":0,"hasRecord":false,"recordRelation":null,"status":"historical","disputed":false,"precision":"koaza","areaKey":"141530340","elements":["kawara"],"summary":"要素辞書に一致（kawara）。出典による裏づけは未確認。","zones":[],"dataset":"old_maps"}},{"type":"Feature","geometry":{"type":"Point","coordinates":[139.350904,35.496033]},"properties":{"id":"14-6b6394b058","name":"中河原","reading":null,"pref":"神奈川県","prefCode":"14","municipality":"厚木市","hazardTypes":["flood"],"evidenceLevel":0,"originLevel":0,"hasRecord":false,"recordRelation":null,"status":"historical","disputed":false,"precision":"koaza","areaKey":"142120350","elements":["kawara"],"summary":"要素辞書に一致（kawara）。出典による裏づけは未確認。","zones":[],"dataset":"old_maps"}},{"type":"Feature","geometry":{"type":"Point","coordinates":[139.268747,35.492631]},"properties":{"id":"14-d4d01afd1c","name":"柿ノ木平","reading":null,"pref":"神奈川県","prefCode":"14","municipality":"愛甲郡清川村","hazardTypes":["slope_failure"],"evidenceLevel":0,"originLevel":0,"hasRecord":false,"recordRelation":null,"status":"historical","disputed":false,"precision":"koaza","areaKey":null,"elements":["kake"],"summary":"要素辞書に一致（kake）。出典による裏づけは未確認。","zones":[],"dataset":"old_maps"}},{"type":"Feature","geometry":{"type":"Point","coordinates":[139.277357,35.478819]},"properties":{"id":"14-817eebe324","name":"根岸","reading":null,"pref":"神奈川県","prefCode":"14","municipality":"愛甲郡清川村","hazardTypes":["slope_failure"],"evidenceLevel":0,"originLevel":0,"hasRecord":false,"recordRelation":null,"status":"historical","disputed":false,"precision":"koaza","areaKey":null,"elements":["kake"],"summary":"要素辞書に一致（kake）。出典による裏づけは未確認。","zones":[],"dataset":"old_maps"}},{"type":"Feature","geometry":{"type":"Point","coordinates":[139.282073,35.478147]},"properties":{"id":"14-9981ce0d7c","name":"片倉","reading":null,"pref":"神奈川県","prefCode":"14","municipality":"愛甲郡清川村","hazardTypes":["slope_failure","rockfall"],"evidenceLevel":0,"originLevel":0,"hasRecord":false,"recordRelation":null,"status":"historical","disputed":false,"precision":"koaza","areaKey":null,"elements":["kura"],"summary":"要素辞書に一致（kura）。出典による裏づけは未確認。","zones":[],"dataset":"old_maps"}},{"type":"Feature","geometry":{"type":"Point","coordinates":[139.285404,35.476695]},"properties":{"id":"14-eae9b72caf","name":"川原","reading":null,"pref":"神奈川県","prefCode":"14","municipality":"愛甲郡清川村","hazardTypes":["flood"],"evidenceLevel":0,"originLevel":0,"hasRecord":false,"recordRelation":null,"status":"historical","disputed":false,"precision":"koaza","areaKey":null,"elements":["kawara"],"summary":"要素辞書に一致（kawara）。出典による裏づけは未確認。","zones":[],"dataset":"old_maps"}},{"type":"Feature","geometry":{"type":"Point","coordinates":[139.323086,35.488453]},"properties":{"id":"14-b659b21803","name":"馬場","reading":null,"pref":"神奈川県","prefCode":"14","municipality":"厚木市","hazardTypes":["slope_failure"],"evidenceLevel":0,"originLevel":0,"hasRecord":false,"recordRelation":null,"status":"historical","disputed":false,"precision":"koaza","areaKey":"14212058004","elements":["baba"],"summary":"要素辞書に一致（baba）。出典による裏づけは未確認。","zones":[],"dataset":"old_maps"}},{"type":"Feature","geometry":{"type":"Point","coordinates":[139.364316,35.480876]},"properties":{"id":"14-68946d781a","name":"古河","reading":null,"pref":"神奈川県","prefCode":"14","municipality":"厚木市","hazardTypes":["flood","inundation"],"evidenceLevel":0,"originLevel":0,"hasRecord":false,"recordRelation":null,"status":"historical","disputed":false,"precision":"koaza","areaKey":"142120320","elements":["furukawa"],"summary":"要素辞書に一致（furukawa）。出典による裏づけは未確認。","zones":[],"dataset":"old_maps"}},{"type":"Feature","geometry":{"type":"Point","coordinates":[139.382876,35.489376]},"properties":{"id":"14-bbacd81a3c","name":"中河原","reading":null,"pref":"神奈川県","prefCode":"14","municipality":"座間市","hazardTypes":["flood"],"evidenceLevel":0,"originLevel":0,"hasRecord":false,"recordRelation":null,"status":"historical","disputed":false,"precision":"koaza","areaKey":null,"elements":["kawara"],"summary":"要素辞書に一致（kawara）。出典による裏づけは未確認。","zones":[],"dataset":"old_maps"}},{"type":"Feature","geometry":{"type":"Point","coordinates":[139.389668,35.483108]},"properties":{"id":"14-d6c4a64774","name":"河原宿","reading":null,"pref":"神奈川県","prefCode":"14","municipality":"座間市","hazardTypes":["flood"],"evidenceLevel":0,"originLevel":0,"hasRecord":false,"recordRelation":null,"status":"historical","disputed":false,"precision":"koaza","areaKey":"14216120002","elements":["kawara"],"summary":"要素辞書に一致（kawara）。出典による裏づけは未確認。","zones":[],"dataset":"old_maps"}},{"type":"Feature","geometry":{"type":"Point","coordinates":[139.310843,35.469011]},"properties":{"id":"14-a3a534f7b1","name":"山岸","reading":null,"pref":"神奈川県","prefCode":"14","municipality":"厚木市","hazardTypes":["slope_failure"],"evidenceLevel":0,"originLevel":0,"hasRecord":false,"recordRelation":null,"status":"historical","disputed":false,"precision":"koaza","areaKey":"142120630","elements":["kake"],"summary":"要素辞書に一致（kake）。出典による裏づけは未確認。","zones":[],"dataset":"old_maps"}},{"type":"Feature","geometry":{"type":"Point","coordinates":[139.287048,35.474924]},"properties":{"id":"14-e482521348","name":"柳梅","reading":null,"pref":"神奈川県","prefCode":"14","municipality":"厚木市","hazardTypes":["landslide","slope_failure"],"evidenceLevel":0,"originLevel":0,"hasRecord":false,"recordRelation":null,"status":"historical","disputed":false,"precision":"koaza","areaKey":"14212066002","elements":["ume"],"summary":"要素辞書に一致（ume）。出典による裏づけは未確認。","zones":[],"dataset":"old_maps"}},{"type":"Feature","geometry":{"type":"Point","coordinates":[139.289256,35.455198]},"properties":{"id":"14-012566e313","name":"足ヶ久保","reading":null,"pref":"神奈川県","prefCode":"14","municipality":"厚木市","hazardTypes":["flood","inundation","landslide"],"evidenceLevel":0,"originLevel":0,"hasRecord":false,"recordRelation":null,"status":"historical","disputed":false,"precision":"koaza","areaKey":"14212095005","elements":["ashi","kubo"],"summary":"要素辞書に一致（ashi・kubo）。出典による裏づけは未確認。","zones":[],"dataset":"old_maps"}},{"type":"Feature","geometry":{"type":"Point","coordinates":[139.295918,35.452932]},"properties":{"id":"14-fe4b5b8940","name":"峰岸","reading":null,"pref":"神奈川県","prefCode":"14","municipality":"厚木市","hazardTypes":["slope_failure"],"evidenceLevel":0,"originLevel":0,"hasRecord":false,"recordRelation":null,"status":"historical","disputed":false,"precision":"koaza","areaKey":"14212095005","elements":["kake"],"summary":"要素辞書に一致（kake）。出典による裏づけは未確認。","zones":[],"dataset":"old_maps"}},{"type":"Feature","geometry":{"type":"Point","coordinates":[139.345801,35.441707]},"properties":{"id":"14-45d3c6fa7d","name":"片岸","reading":null,"pref":"神奈川県","prefCode":"14","municipality":"厚木市","hazardTypes":["slope_failure"],"evidenceLevel":0,"originLevel":0,"hasRecord":false,"recordRelation":null,"status":"historical","disputed":false,"precision":"koaza","areaKey":"142120712","elements":["kake"],"summary":"要素辞書に一致（kake）。出典による裏づけは未確認。","zones":[],"dataset":"old_maps"}},{"type":"Feature","geometry":{"type":"Point","coordinates":[139.261915,35.423147]},"properties":{"id":"14-38904a5d98","name":"大久保","reading":null,"pref":"神奈川県","prefCode":"14","municipality":"伊勢原市","hazardTypes":["slope_failure","inundation","landslide"],"evidenceLevel":0,"originLevel":0,"hasRecord":false,"recordRelation":null,"status":"historical","disputed":false,"precision":"koaza","areaKey":"142140190","elements":["afu_oo","kubo"],"summary":"要素辞書に一致（afu_oo・kubo）。出典による裏づけは未確認。","zones":[],"dataset":"old_maps"}},{"type":"Feature","geometry":{"type":"Point","coordinates":[139.284455,35.413834]},"properties":{"id":"14-a28ed4592c","name":"石倉上","reading":null,"pref":"神奈川県","prefCode":"14","municipality":"伊勢原市","hazardTypes":["slope_failure","rockfall"],"evidenceLevel":0,"originLevel":0,"hasRecord":false,"recordRelation":null,"status":"historical","disputed":false,"precision":"koaza","areaKey":"142140200","elements":["kura"],"summary":"要素辞書に一致（kura）。出典による裏づけは未確認。","zones":[],"dataset":"old_maps"}},{"type":"Feature","geometry":{"type":"Point","coordinates":[139.301285,35.407743]},"properties":{"id":"14-51ccd89199","name":"峰岸","reading":null,"pref":"神奈川県","prefCode":"14","municipality":"伊勢原市","hazardTypes":["slope_failure"],"evidenceLevel":0,"originLevel":0,"hasRecord":false,"recordRelation":null,"status":"historical","disputed":false,"precision":"koaza","areaKey":"142140040","elements":["kake"],"summary":"要素辞書に一致（kake）。出典による裏づけは未確認。","zones":[],"dataset":"old_maps"}},{"type":"Feature","geometry":{"type":"Point","coordinates":[139.362415,35.413907]},"properties":{"id":"14-4db3e3f4f1","name":"頓原","reading":null,"pref":"神奈川県","prefCode":"14","municipality":"厚木市","hazardTypes":["slope_failure","debris_flow"],"evidenceLevel":0,"originLevel":0,"hasRecord":false,"recordRelation":null,"status":"historical","disputed":false,"precision":"koaza","areaKey":"142120840","elements":["tobi"],"summary":"要素辞書に一致（tobi）。出典による裏づけは未確認。","zones":[],"dataset":"old_maps"}},{"type":"Feature","geometry":{"type":"Point","coordinates":[139.471741,35.407925]},"properties":{"id":"14-d91bf62a7a","name":"高倉原","reading":null,"pref":"神奈川県","prefCode":"14","municipality":"藤沢市","hazardTypes":["slope_failure","rockfall"],"evidenceLevel":0,"originLevel":0,"hasRecord":false,"recordRelation":null,"status":"historical","disputed":false,"precision":"koaza","areaKey":"142058020","elements":["kura"],"summary":"要素辞書に一致（kura）。出典による裏づけは未確認。","zones":[],"dataset":"old_maps"}},{"type":"Feature","geometry":{"type":"Point","coordinates":[139.443577,35.396662]},"properties":{"id":"14-62a2384a9e","name":"六地蔵","reading":null,"pref":"神奈川県","prefCode":"14","municipality":"藤沢市","hazardTypes":["slope_failure","rockfall"],"evidenceLevel":0,"originLevel":0,"hasRecord":false,"recordRelation":null,"status":"historical","disputed":false,"precision":"koaza","areaKey":"142059030","elements":["kura"],"summary":"要素辞書に一致（kura）。出典による裏づけは未確認。","zones":[],"dataset":"old_maps"}},{"type":"Feature","geometry":{"type":"Point","coordinates":[139.385821,35.3945]},"properties":{"id":"14-e4b8592649","name":"中倉見","reading":null,"pref":"神奈川県","prefCode":"14","municipality":"高座郡寒川町","hazardTypes":["slope_failure","rockfall"],"evidenceLevel":0,"originLevel":0,"hasRecord":true,"recordRelation":"nearby_record","status":"historical","disputed":false,"precision":"koaza","areaKey":null,"elements":["kura"],"summary":"要素辞書に一致（kura）。出典による裏づけは未確認。","zones":[],"dataset":"old_maps"}},{"type":"Feature","geometry":{"type":"Point","coordinates":[139.280736,35.365245]},"properties":{"id":"14-510c8ba3eb","name":"大久保","reading":null,"pref":"神奈川県","prefCode":"14","municipality":"平塚市","hazardTypes":["slope_failure","inundation","landslide"],"evidenceLevel":0,"originLevel":0,"hasRecord":false,"recordRelation":null,"status":"historical","disputed":false,"precision":"koaza","areaKey":"14203086003","elements":["afu_oo","kubo"],"summary":"要素辞書に一致（afu_oo・kubo）。出典による裏づけは未確認。","zones":[],"dataset":"old_maps"}},{"type":"Feature","geometry":{"type":"Point","coordinates":[139.384697,35.382141]},"properties":{"id":"14-eb79ea754d","name":"馬場","reading":null,"pref":"神奈川県","prefCode":"14","municipality":"高座郡寒川町","hazardTypes":["slope_failure"],"evidenceLevel":0,"originLevel":0,"hasRecord":false,"recordRelation":null,"status":"historical","disputed":false,"precision":"koaza","areaKey":null,"elements":["baba"],"summary":"要素辞書に一致（baba）。出典による裏づけは未確認。","zones":[],"dataset":"old_maps"}},{"type":"Feature","geometry":{"type":"Point","coordinates":[139.387682,35.374102]},"properties":{"id":"14-06179615c8","name":"根岸","reading":null,"pref":"神奈川県","prefCode":"14","municipality":"高座郡寒川町","hazardTypes":["slope_failure"],"evidenceLevel":0,"originLevel":0,"hasRecord":false,"recordRelation":null,"status":"historical","disputed":false,"precision":"koaza","areaKey":null,"elements":["kake"],"summary":"要素辞書に一致（kake）。出典による裏づけは未確認。","zones":[],"dataset":"old_maps"}},{"type":"Feature","geometry":{"type":"Point","coordinates":[139.413813,35.381787]},"properties":{"id":"14-2786c048c5","name":"前芹沢","reading":null,"pref":"神奈川県","prefCode":"14","municipality":"茅ヶ崎市","hazardTypes":["landslide","soft_ground"],"evidenceLevel":0,"originLevel":0,"hasRecord":false,"recordRelation":null,"status":"historical","disputed":false,"precision":"koaza","areaKey":"142071070","elements":["wetland_plants"],"summary":"要素辞書に一致（wetland_plants）。出典による裏づけは未確認。","zones":[],"dataset":"old_maps"}},{"type":"Feature","geometry":{"type":"Point","coordinates":[139.496404,35.338336]},"properties":{"id":"14-b34145d54e","name":"河原","reading":null,"pref":"神奈川県","prefCode":"14","municipality":"藤沢市","hazardTypes":["flood"],"evidenceLevel":0,"originLevel":0,"hasRecord":false,"recordRelation":null,"status":"historical","disputed":false,"precision":"koaza","areaKey":"14205203001","elements":["kawara"],"summary":"要素辞書に一致（kawara）。出典による裏づけは未確認。","zones":[],"dataset":"old_maps"}},{"type":"Feature","geometry":{"type":"Point","coordinates":[139.381021,35.351011]},"properties":{"id":"14-7991f1b3a4","name":"神ノ倉","reading":null,"pref":"神奈川県","prefCode":"14","municipality":"高座郡寒川町","hazardTypes":["slope_failure","rockfall"],"evidenceLevel":0,"originLevel":0,"hasRecord":false,"recordRelation":null,"status":"historical","disputed":false,"precision":"koaza","areaKey":null,"elements":["kura"],"summary":"要素辞書に一致（kura）。出典による裏づけは未確認。","zones":[],"dataset":"old_maps"}},{"type":"Feature","geometry":{"type":"Point","coordinates":[139.290558,35.340987]},"properties":{"id":"14-75eae762fb","name":"中吉沢","reading":null,"pref":"神奈川県","prefCode":"14","municipality":"平塚市","hazardTypes":["landslide","soft_ground"],"evidenceLevel":0,"originLevel":0,"hasRecord":false,"recordRelation":null,"status":"historical","disputed":false,"precision":"koaza","areaKey":"142030903","elements":["wetland_plants"],"summary":"要素辞書に一致（wetland_plants）。出典による裏づけは未確認。","zones":[],"dataset":"old_maps"}},{"type":"Feature","geometry":{"type":"Point","coordinates":[139.276627,35.347148]},"properties":{"id":"14-3c222852e9","name":"飛ヶ谷戸","reading":null,"pref":"神奈川県","prefCode":"14","municipality":"平塚市","hazardTypes":["slope_failure","debris_flow","inundation"],"evidenceLevel":0,"originLevel":0,"hasRecord":false,"recordRelation":null,"status":"historical","disputed":false,"precision":"koaza","areaKey":"142030902","elements":["tobi","yato"],"summary":"要素辞書に一致（tobi・yato）。出典による裏づけは未確認。","zones":[],"dataset":"old_maps"}},{"type":"Feature","geometry":{"type":"Point","coordinates":[139.264426,35.357277]},"properties":{"id":"14-1c6ead8a05","name":"欠ノ上","reading":null,"pref":"神奈川県","prefCode":"14","municipality":"秦野市","hazardTypes":["slope_failure"],"evidenceLevel":0,"originLevel":0,"hasRecord":false,"recordRelation":null,"status":"historical","disputed":false,"precision":"koaza","areaKey":"142110540","elements":["kake"],"summary":"要素辞書に一致（kake）。出典による裏づけは未確認。","zones":[],"dataset":"old_maps"}}]}
