{"type":"FeatureCollection","features":[{"type":"Feature","geometry":{"type":"Point","coordinates":[136.753201,35.431768]},"properties":{"id":"21-748c780343","name":"岩倉町一丁目","reading":"イワクラチョウ 1","pref":"岐阜県","prefCode":"21","municipality":"岐阜市","hazardTypes":["slope_failure","rockfall"],"evidenceLevel":0,"originLevel":0,"hasRecord":false,"recordRelation":null,"status":"current","disputed":false,"precision":"oaza","areaKey":"21201634001","elements":["kura"],"summary":"要素辞書に一致（kura）。出典による裏づけは未確認。","zones":[],"dataset":"candidates"}},{"type":"Feature","geometry":{"type":"Point","coordinates":[136.755984,35.423863]},"properties":{"id":"21-94c077ec94","name":"梅ケ枝町一丁目","reading":"ウメガエチョウ 1","pref":"岐阜県","prefCode":"21","municipality":"岐阜市","hazardTypes":["landslide","slope_failure"],"evidenceLevel":0,"originLevel":0,"hasRecord":false,"recordRelation":null,"status":"current","disputed":false,"precision":"oaza","areaKey":"21201090001","elements":["ume"],"summary":"要素辞書に一致（ume）。出典による裏づけは未確認。","zones":[],"dataset":"candidates"}},{"type":"Feature","geometry":{"type":"Point","coordinates":[136.75566,35.421652]},"properties":{"id":"21-9a718f94d8","name":"梅河町一丁目","reading":"ウメガワチョウ 1","pref":"岐阜県","prefCode":"21","municipality":"岐阜市","hazardTypes":["landslide","slope_failure"],"evidenceLevel":0,"originLevel":0,"hasRecord":false,"recordRelation":null,"status":"current","disputed":false,"precision":"oaza","areaKey":"21201107001","elements":["ume"],"summary":"要素辞書に一致（ume）。出典による裏づけは未確認。","zones":[],"dataset":"candidates"}},{"type":"Feature","geometry":{"type":"Point","coordinates":[136.733213,35.416602]},"properties":{"id":"21-89e8fae3f7","name":"梅園町","reading":"ウメゾノチョウ","pref":"岐阜県","prefCode":"21","municipality":"岐阜市","hazardTypes":["landslide","slope_failure"],"evidenceLevel":0,"originLevel":0,"hasRecord":false,"recordRelation":null,"status":"current","disputed":false,"precision":"oaza","areaKey":"212012850","elements":["ume"],"summary":"要素辞書に一致（ume）。出典による裏づけは未確認。","zones":[],"dataset":"candidates"}},{"type":"Feature","geometry":{"type":"Point","coordinates":[136.82986,35.453552]},"properties":{"id":"21-18f36e1a07","name":"大蔵台","reading":"オオクラダイ","pref":"岐阜県","prefCode":"21","municipality":"岐阜市","hazardTypes":["slope_failure","rockfall","landslide"],"evidenceLevel":0,"originLevel":0,"hasRecord":false,"recordRelation":null,"status":"current","disputed":false,"precision":"oaza","areaKey":"212016012","elements":["kura","tai"],"summary":"要素辞書に一致（kura・tai）。出典による裏づけは未確認。","zones":[],"dataset":"candidates"}},{"type":"Feature","geometry":{"type":"Point","coordinates":[136.764281,35.400034]},"properties":{"id":"21-8f4f27fa9f","name":"大倉町","reading":"オオクラチョウ","pref":"岐阜県","prefCode":"21","municipality":"岐阜市","hazardTypes":["slope_failure","rockfall"],"evidenceLevel":0,"originLevel":0,"hasRecord":false,"recordRelation":null,"status":"current","disputed":false,"precision":"oaza","areaKey":"212019240","elements":["kura"],"summary":"要素辞書に一致（kura）。出典による裏づけは未確認。","zones":[],"dataset":"candidates"}},{"type":"Feature","geometry":{"type":"Point","coordinates":[136.70991,35.406402]},"properties":{"id":"21-c03d0a500a","name":"大菅北","reading":"オオスガキタ","pref":"岐阜県","prefCode":"21","municipality":"岐阜市","hazardTypes":["landslide","soft_ground"],"evidenceLevel":0,"originLevel":0,"hasRecord":false,"recordRelation":null,"status":"current","disputed":false,"precision":"oaza","areaKey":"212019030","elements":["wetland_plants"],"summary":"要素辞書に一致（wetland_plants）。出典による裏づけは未確認。","zones":[],"dataset":"candidates"}},{"type":"Feature","geometry":{"type":"Point","coordinates":[136.709385,35.402681]},"properties":{"id":"21-edf4c3c0c7","name":"大菅南","reading":"オオスガミナミ","pref":"岐阜県","prefCode":"21","municipality":"岐阜市","hazardTypes":["landslide","soft_ground"],"evidenceLevel":0,"originLevel":0,"hasRecord":false,"recordRelation":null,"status":"current","disputed":false,"precision":"oaza","areaKey":"212019040","elements":["wetland_plants"],"summary":"要素辞書に一致（wetland_plants）。出典による裏づけは未確認。","zones":[],"dataset":"candidates"}},{"type":"Feature","geometry":{"type":"Point","coordinates":[136.744173,35.416116]},"properties":{"id":"21-54ea5a0e22","name":"鹿島町一丁目","reading":"カシマチョウ 1","pref":"岐阜県","prefCode":"21","municipality":"岐阜市","hazardTypes":["landslide","soft_ground"],"evidenceLevel":0,"originLevel":0,"hasRecord":false,"recordRelation":null,"status":"current","disputed":false,"precision":"oaza","areaKey":"21201294001","elements":["shishi"],"summary":"要素辞書に一致（shishi）。出典による裏づけは未確認。","zones":[],"dataset":"candidates"}},{"type":"Feature","geometry":{"type":"Point","coordinates":[136.747742,35.397932]},"properties":{"id":"21-37588a50bb","name":"加納梅田町","reading":"カノウウメダチョウ","pref":"岐阜県","prefCode":"21","municipality":"岐阜市","hazardTypes":["landslide","slope_failure"],"evidenceLevel":0,"originLevel":0,"hasRecord":false,"recordRelation":null,"status":"current","disputed":false,"precision":"oaza","areaKey":"212014760","elements":["ume"],"summary":"要素辞書に一致（ume）。出典による裏づけは未確認。","zones":[],"dataset":"candidates"}},{"type":"Feature","geometry":{"type":"Point","coordinates":[136.73093,35.449552]},"properties":{"id":"21-c15153865f","name":"北柿ケ瀬","reading":"キタカキガセ","pref":"岐阜県","prefCode":"21","municipality":"岐阜市","hazardTypes":["slope_failure"],"evidenceLevel":0,"originLevel":0,"hasRecord":false,"recordRelation":null,"status":"current","disputed":false,"precision":"oaza","areaKey":"212015250","elements":["kake"],"summary":"要素辞書に一致（kake）。出典による裏づけは未確認。","zones":[],"dataset":"candidates"}},{"type":"Feature","geometry":{"type":"Point","coordinates":[136.822136,35.515853]},"properties":{"id":"21-b3accee78d","name":"北野阿原","reading":"キタノアワラ","pref":"岐阜県","prefCode":"21","municipality":"岐阜市","hazardTypes":["inundation","flood"],"evidenceLevel":0,"originLevel":0,"hasRecord":false,"recordRelation":null,"status":"current","disputed":false,"precision":"oaza","areaKey":null,"elements":["awara"],"summary":"要素辞書に一致（awara）。出典による裏づけは未確認。","zones":[],"dataset":"candidates"}},{"type":"Feature","geometry":{"type":"Point","coordinates":[136.80461,35.402535]},"properties":{"id":"21-9bcbe1a2b4","name":"蔵前一丁目","reading":"クラノマエ 1","pref":"岐阜県","prefCode":"21","municipality":"岐阜市","hazardTypes":["slope_failure","rockfall"],"evidenceLevel":0,"originLevel":0,"hasRecord":false,"recordRelation":null,"status":"current","disputed":false,"precision":"oaza","areaKey":"21201700101","elements":["kura"],"summary":"要素辞書に一致（kura）。出典による裏づけは未確認。","zones":[],"dataset":"candidates"}},{"type":"Feature","geometry":{"type":"Point","coordinates":[136.757888,35.426952]},"properties":{"id":"21-4d2e93273a","name":"佐久間町","reading":"サクマチョウ","pref":"岐阜県","prefCode":"21","municipality":"岐阜市","hazardTypes":["flood"],"evidenceLevel":0,"originLevel":0,"hasRecord":false,"recordRelation":null,"status":"current","disputed":false,"precision":"oaza","areaKey":"212010960","elements":["sake"],"summary":"要素辞書に一致（sake）。出典による裏づけは未確認。","zones":[],"dataset":"candidates"}},{"type":"Feature","geometry":{"type":"Point","coordinates":[136.756102,35.42247]},"properties":{"id":"21-d55a04aab9","name":"菅原町一丁目","reading":"スガハラチョウ 1","pref":"岐阜県","prefCode":"21","municipality":"岐阜市","hazardTypes":["landslide","soft_ground"],"evidenceLevel":0,"originLevel":0,"hasRecord":false,"recordRelation":null,"status":"current","disputed":false,"precision":"oaza","areaKey":"21201106001","elements":["wetland_plants"],"summary":"要素辞書に一致（wetland_plants）。出典による裏づけは未確認。","zones":[],"dataset":"candidates"}},{"type":"Feature","geometry":{"type":"Point","coordinates":[136.73363,35.42215]},"properties":{"id":"21-8b9385e641","name":"菅生一丁目","reading":"スゴウ 1","pref":"岐阜県","prefCode":"21","municipality":"岐阜市","hazardTypes":["landslide","soft_ground"],"evidenceLevel":0,"originLevel":0,"hasRecord":false,"recordRelation":null,"status":"current","disputed":false,"precision":"oaza","areaKey":"21201399001","elements":["wetland_plants"],"summary":"要素辞書に一致（wetland_plants）。出典による裏づけは未確認。","zones":[],"dataset":"candidates"}},{"type":"Feature","geometry":{"type":"Point","coordinates":[136.704861,35.379151]},"properties":{"id":"21-2bf2bcfdfa","name":"高河原","reading":"タカガワラ","pref":"岐阜県","prefCode":"21","municipality":"岐阜市","hazardTypes":["flood"],"evidenceLevel":0,"originLevel":0,"hasRecord":false,"recordRelation":null,"status":"current","disputed":false,"precision":"oaza","areaKey":"212015910","elements":["kawara"],"summary":"要素辞書に一致（kawara）。出典による裏づけは未確認。","zones":[],"dataset":"candidates"}},{"type":"Feature","geometry":{"type":"Point","coordinates":[136.745087,35.421404]},"properties":{"id":"21-661415165f","name":"長者町","reading":"チョウジャマチ","pref":"岐阜県","prefCode":"21","municipality":"岐阜市","hazardTypes":["slope_failure"],"evidenceLevel":0,"originLevel":0,"hasRecord":false,"recordRelation":null,"status":"current","disputed":false,"precision":"oaza","areaKey":"212011030","elements":["tsubu_chou"],"summary":"要素辞書に一致（tsubu_chou）。出典による裏づけは未確認。","zones":[],"dataset":"candidates"}},{"type":"Feature","geometry":{"type":"Point","coordinates":[136.799146,35.442654]},"properties":{"id":"21-18faf3c831","name":"中川原一丁目","reading":"ナカガワラ 1","pref":"岐阜県","prefCode":"21","municipality":"岐阜市","hazardTypes":["flood"],"evidenceLevel":0,"originLevel":0,"hasRecord":false,"recordRelation":null,"status":"current","disputed":false,"precision":"oaza","areaKey":"21201754001","elements":["kawara"],"summary":"要素辞書に一致（kawara）。出典による裏づけは未確認。","zones":[],"dataset":"candidates"}},{"type":"Feature","geometry":{"type":"Point","coordinates":[136.70109,35.44825]},"properties":{"id":"21-1894c770a2","name":"西改田夏梅","reading":"ニシカイデンナツメ","pref":"岐阜県","prefCode":"21","municipality":"岐阜市","hazardTypes":["debris_flow","slope_failure","landslide"],"evidenceLevel":0,"originLevel":0,"hasRecord":false,"recordRelation":null,"status":"current","disputed":false,"precision":"oaza","areaKey":null,"elements":["nazu_natsu","ume"],"summary":"要素辞書に一致（nazu_natsu・ume）。出典による裏づけは未確認。","zones":[],"dataset":"candidates"}},{"type":"Feature","geometry":{"type":"Point","coordinates":[136.769639,35.418342]},"properties":{"id":"21-489ad3d70b","name":"梅林","reading":"バイリン","pref":"岐阜県","prefCode":"21","municipality":"岐阜市","hazardTypes":["landslide","slope_failure"],"evidenceLevel":0,"originLevel":0,"hasRecord":false,"recordRelation":null,"status":"current","disputed":false,"precision":"oaza","areaKey":"212012240","elements":["ume"],"summary":"要素辞書に一致（ume）。出典による裏づけは未確認。","zones":[],"dataset":"candidates"}},{"type":"Feature","geometry":{"type":"Point","coordinates":[136.7682,35.418393]},"properties":{"id":"21-15d81aee48","name":"梅林西町","reading":"バイリンニシマチ","pref":"岐阜県","prefCode":"21","municipality":"岐阜市","hazardTypes":["landslide","slope_failure"],"evidenceLevel":0,"originLevel":0,"hasRecord":false,"recordRelation":null,"status":"current","disputed":false,"precision":"oaza","areaKey":"212012230","elements":["ume"],"summary":"要素辞書に一致（ume）。出典による裏づけは未確認。","zones":[],"dataset":"candidates"}},{"type":"Feature","geometry":{"type":"Point","coordinates":[136.770577,35.417896]},"properties":{"id":"21-3e07436041","name":"梅林南町","reading":"バイリンミナミマチ","pref":"岐阜県","prefCode":"21","municipality":"岐阜市","hazardTypes":["landslide","slope_failure"],"evidenceLevel":0,"originLevel":0,"hasRecord":false,"recordRelation":null,"status":"current","disputed":false,"precision":"oaza","areaKey":"212012220","elements":["ume"],"summary":"要素辞書に一致（ume）。出典による裏づけは未確認。","zones":[],"dataset":"candidates"}},{"type":"Feature","geometry":{"type":"Point","coordinates":[136.709572,35.526042]},"properties":{"id":"21-89161d2338","name":"雛倉","reading":"ヒナクラ","pref":"岐阜県","prefCode":"21","municipality":"岐阜市","hazardTypes":["slope_failure","rockfall"],"evidenceLevel":0,"originLevel":0,"hasRecord":false,"recordRelation":null,"status":"current","disputed":false,"precision":"oaza","areaKey":"212016200","elements":["kura"],"summary":"要素辞書に一致（kura）。出典による裏づけは未確認。","zones":[],"dataset":"candidates"}},{"type":"Feature","geometry":{"type":"Point","coordinates":[136.73021,35.446043]},"properties":{"id":"21-5569811eba","name":"南柿ケ瀬","reading":"ミナミカキガセ","pref":"岐阜県","prefCode":"21","municipality":"岐阜市","hazardTypes":["slope_failure"],"evidenceLevel":0,"originLevel":0,"hasRecord":false,"recordRelation":null,"status":"current","disputed":false,"precision":"oaza","areaKey":"212015260","elements":["kake"],"summary":"要素辞書に一致（kake）。出典による裏づけは未確認。","zones":[],"dataset":"candidates"}},{"type":"Feature","geometry":{"type":"Point","coordinates":[136.764118,35.399206]},"properties":{"id":"21-5b1716cf5c","name":"矢倉町","reading":"ヤクラチョウ","pref":"岐阜県","prefCode":"21","municipality":"岐阜市","hazardTypes":["slope_failure","rockfall"],"evidenceLevel":0,"originLevel":0,"hasRecord":false,"recordRelation":null,"status":"current","disputed":false,"precision":"oaza","areaKey":"212015890","elements":["kura"],"summary":"要素辞書に一致（kura）。出典による裏づけは未確認。","zones":[],"dataset":"candidates"}},{"type":"Feature","geometry":{"type":"Point","coordinates":[136.755848,35.423111]},"properties":{"id":"21-7a8c23eb17","name":"八ツ梅町一丁目","reading":"ヤツウメチョウ 1","pref":"岐阜県","prefCode":"21","municipality":"岐阜市","hazardTypes":["landslide","slope_failure"],"evidenceLevel":0,"originLevel":0,"hasRecord":false,"recordRelation":null,"status":"current","disputed":false,"precision":"oaza","areaKey":"21201105001","elements":["ume"],"summary":"要素辞書に一致（ume）。出典による裏づけは未確認。","zones":[],"dataset":"candidates"}},{"type":"Feature","geometry":{"type":"Point","coordinates":[136.740517,35.364056]},"properties":{"id":"21-7eed94372e","name":"柳津町梅松一丁目","reading":"ヤナイヅチョウウメマツ 1","pref":"岐阜県","prefCode":"21","municipality":"岐阜市","hazardTypes":["landslide","slope_failure"],"evidenceLevel":0,"originLevel":0,"hasRecord":false,"recordRelation":null,"status":"current","disputed":false,"precision":"oaza","areaKey":"21201894001","elements":["ume"],"summary":"要素辞書に一致（ume）。出典による裏づけは未確認。","zones":[],"dataset":"candidates"}},{"type":"Feature","geometry":{"type":"Point","coordinates":[136.745095,35.412693]},"properties":{"id":"21-c75cc82dd9","name":"葭町一丁目","reading":"ヨシチョウ 1","pref":"岐阜県","prefCode":"21","municipality":"岐阜市","hazardTypes":["landslide","soft_ground"],"evidenceLevel":0,"originLevel":0,"hasRecord":false,"recordRelation":null,"status":"current","disputed":false,"precision":"oaza","areaKey":"21201302001","elements":["wetland_plants"],"summary":"要素辞書に一致（wetland_plants）。出典による裏づけは未確認。","zones":[],"dataset":"candidates"}},{"type":"Feature","geometry":{"type":"Point","coordinates":[136.597244,35.395512]},"properties":{"id":"21-f4e1623b7f","name":"青木町","reading":"アオキチョウ","pref":"岐阜県","prefCode":"21","municipality":"大垣市","hazardTypes":["slope_failure"],"evidenceLevel":0,"originLevel":0,"hasRecord":false,"recordRelation":null,"status":"current","disputed":false,"precision":"oaza","areaKey":"212021880","elements":["afu_oo"],"summary":"要素辞書に一致（afu_oo）。出典による裏づけは未確認。","zones":[],"dataset":"candidates"}},{"type":"Feature","geometry":{"type":"Point","coordinates":[136.635442,35.354071]},"properties":{"id":"21-c77013160a","name":"宮岸","reading":null,"pref":"岐阜県","prefCode":"21","municipality":"大垣市","hazardTypes":["slope_failure"],"evidenceLevel":0,"originLevel":0,"hasRecord":false,"recordRelation":null,"status":"current","disputed":false,"precision":"koaza","areaKey":"212021030","elements":["kake"],"summary":"要素辞書に一致（kake）。出典による裏づけは未確認。","zones":[],"dataset":"candidates"}},{"type":"Feature","geometry":{"type":"Point","coordinates":[136.628346,35.360094]},"properties":{"id":"21-aecfa2e0c6","name":"鹿島町一丁目","reading":"カシマチョウ 1","pref":"岐阜県","prefCode":"21","municipality":"大垣市","hazardTypes":["landslide","soft_ground"],"evidenceLevel":0,"originLevel":0,"hasRecord":false,"recordRelation":null,"status":"current","disputed":false,"precision":"oaza","areaKey":"21202095001","elements":["shishi"],"summary":"要素辞書に一致（shishi）。出典による裏づけは未確認。","zones":[],"dataset":"candidates"}},{"type":"Feature","geometry":{"type":"Point","coordinates":[136.609317,35.356895]},"properties":{"id":"21-3773f6d914","name":"新馬場町","reading":"シンババチョウ","pref":"岐阜県","prefCode":"21","municipality":"大垣市","hazardTypes":["slope_failure"],"evidenceLevel":0,"originLevel":0,"hasRecord":false,"recordRelation":null,"status":"current","disputed":false,"precision":"oaza","areaKey":"212020430","elements":["baba"],"summary":"要素辞書に一致（baba）。出典による裏づけは未確認。","zones":[],"dataset":"candidates"}},{"type":"Feature","geometry":{"type":"Point","coordinates":[136.59951,35.392828]},"properties":{"id":"21-da1e9d8efa","name":"菅野一丁目","reading":"スガノ 1","pref":"岐阜県","prefCode":"21","municipality":"大垣市","hazardTypes":["landslide","soft_ground"],"evidenceLevel":0,"originLevel":0,"hasRecord":false,"recordRelation":null,"status":"current","disputed":false,"precision":"oaza","areaKey":"21202192001","elements":["wetland_plants"],"summary":"要素辞書に一致（wetland_plants）。出典による裏づけは未確認。","zones":[],"dataset":"candidates"}},{"type":"Feature","geometry":{"type":"Point","coordinates":[136.610668,35.357178]},"properties":{"id":"21-987047e69a","name":"馬場町","reading":"ババチョウ","pref":"岐阜県","prefCode":"21","municipality":"大垣市","hazardTypes":["slope_failure"],"evidenceLevel":0,"originLevel":0,"hasRecord":false,"recordRelation":null,"status":"current","disputed":false,"precision":"oaza","areaKey":"212020040","elements":["baba"],"summary":"要素辞書に一致（baba）。出典による裏づけは未確認。","zones":[],"dataset":"candidates"}},{"type":"Feature","geometry":{"type":"Point","coordinates":[137.464346,36.245224]},"properties":{"id":"21-ae7f43eb03","name":"奥飛騨温泉郷赤桶","reading":"オクヒダオンセンゴウアカオケ","pref":"岐阜県","prefCode":"21","municipality":"高山市","hazardTypes":["slope_failure","debris_flow"],"evidenceLevel":0,"originLevel":0,"hasRecord":false,"recordRelation":null,"status":"current","disputed":false,"precision":"oaza","areaKey":"212032830","elements":["tobi"],"summary":"要素辞書に一致（tobi）。出典による裏づけは未確認。","zones":[],"dataset":"candidates"}},{"type":"Feature","geometry":{"type":"Point","coordinates":[137.505375,36.256884]},"properties":{"id":"21-c2b3f4d619","name":"奥飛騨温泉郷今見","reading":"オクヒダオンセンゴウイマミ","pref":"岐阜県","prefCode":"21","municipality":"高山市","hazardTypes":["slope_failure","debris_flow"],"evidenceLevel":0,"originLevel":0,"hasRecord":false,"recordRelation":null,"status":"current","disputed":false,"precision":"oaza","areaKey":"212032570","elements":["tobi"],"summary":"要素辞書に一致（tobi）。出典による裏づけは未確認。","zones":[],"dataset":"candidates"}},{"type":"Feature","geometry":{"type":"Point","coordinates":[137.50604,36.23291]},"properties":{"id":"21-7aee1aa687","name":"奥飛騨温泉郷柏当","reading":"オクヒダオンセンゴウカシアテ","pref":"岐阜県","prefCode":"21","municipality":"高山市","hazardTypes":["slope_failure","debris_flow"],"evidenceLevel":0,"originLevel":0,"hasRecord":false,"recordRelation":null,"status":"current","disputed":false,"precision":"oaza","areaKey":"212032590","elements":["tobi"],"summary":"要素辞書に一致（tobi）。出典による裏づけは未確認。","zones":[],"dataset":"candidates"}},{"type":"Feature","geometry":{"type":"Point","coordinates":[137.602285,36.30419]},"properties":{"id":"21-130051579d","name":"奥飛騨温泉郷神坂","reading":"オクヒダオンセンゴウカンサカ","pref":"岐阜県","prefCode":"21","municipality":"高山市","hazardTypes":["slope_failure","debris_flow"],"evidenceLevel":0,"originLevel":0,"hasRecord":false,"recordRelation":null,"status":"current","disputed":false,"precision":"oaza","areaKey":"212032610","elements":["tobi"],"summary":"要素辞書に一致（tobi）。出典による裏づけは未確認。","zones":[],"dataset":"candidates"}},{"type":"Feature","geometry":{"type":"Point","coordinates":[137.500553,36.286572]},"properties":{"id":"21-b9999bc840","name":"奥飛騨温泉郷笹嶋","reading":"オクヒダオンセンゴウササジマ","pref":"岐阜県","prefCode":"21","municipality":"高山市","hazardTypes":["slope_failure","debris_flow"],"evidenceLevel":0,"originLevel":0,"hasRecord":false,"recordRelation":null,"status":"current","disputed":false,"precision":"oaza","areaKey":"212032640","elements":["tobi"],"summary":"要素辞書に一致（tobi）。出典による裏づけは未確認。","zones":[],"dataset":"candidates"}},{"type":"Feature","geometry":{"type":"Point","coordinates":[137.529586,36.279266]},"properties":{"id":"21-d4cd401e59","name":"奥飛騨温泉郷田頃家","reading":"オクヒダオンセンゴウタゴロケ","pref":"岐阜県","prefCode":"21","municipality":"高山市","hazardTypes":["slope_failure","debris_flow"],"evidenceLevel":0,"originLevel":0,"hasRecord":false,"recordRelation":null,"status":"current","disputed":false,"precision":"oaza","areaKey":"212032670","elements":["tobi"],"summary":"要素辞書に一致（tobi）。出典による裏づけは未確認。","zones":[],"dataset":"candidates"}},{"type":"Feature","geometry":{"type":"Point","coordinates":[137.484638,36.235791]},"properties":{"id":"21-d0243405ac","name":"奥飛騨温泉郷蓼之俣","reading":"オクヒダオンセンゴウタテノマタ","pref":"岐阜県","prefCode":"21","municipality":"高山市","hazardTypes":["slope_failure","debris_flow"],"evidenceLevel":0,"originLevel":0,"hasRecord":false,"recordRelation":null,"status":"current","disputed":false,"precision":"oaza","areaKey":"212032820","elements":["tobi"],"summary":"要素辞書に一致（tobi）。出典による裏づけは未確認。","zones":[],"dataset":"candidates"}},{"type":"Feature","geometry":{"type":"Point","coordinates":[137.52046,36.25792]},"properties":{"id":"21-f37ce5b2b0","name":"奥飛騨温泉郷栃尾","reading":"オクヒダオンセンゴウトチオ","pref":"岐阜県","prefCode":"21","municipality":"高山市","hazardTypes":["slope_failure","debris_flow"],"evidenceLevel":0,"originLevel":0,"hasRecord":false,"recordRelation":null,"status":"current","disputed":false,"precision":"oaza","areaKey":"212032680","elements":["tobi"],"summary":"要素辞書に一致（tobi）。出典による裏づけは未確認。","zones":[],"dataset":"candidates"}},{"type":"Feature","geometry":{"type":"Point","coordinates":[137.588846,36.248069]},"properties":{"id":"21-dc40f63784","name":"奥飛騨温泉郷中尾","reading":"オクヒダオンセンゴウナカオ","pref":"岐阜県","prefCode":"21","municipality":"高山市","hazardTypes":["slope_failure","debris_flow"],"evidenceLevel":0,"originLevel":0,"hasRecord":false,"recordRelation":null,"status":"current","disputed":false,"precision":"oaza","areaKey":"212032690","elements":["tobi"],"summary":"要素辞書に一致（tobi）。出典による裏づけは未確認。","zones":[],"dataset":"candidates"}},{"type":"Feature","geometry":{"type":"Point","coordinates":[137.556097,36.219577]},"properties":{"id":"21-0e06d3996c","name":"奥飛騨温泉郷一重ヶ根","reading":"オクヒダオンセンゴウヒトエガネ","pref":"岐阜県","prefCode":"21","municipality":"高山市","hazardTypes":["slope_failure","debris_flow"],"evidenceLevel":0,"originLevel":0,"hasRecord":false,"recordRelation":null,"status":"current","disputed":false,"precision":"oaza","areaKey":"212032730","elements":["tobi"],"summary":"要素辞書に一致（tobi）。出典による裏づけは未確認。","zones":[],"dataset":"candidates"}},{"type":"Feature","geometry":{"type":"Point","coordinates":[137.56226,36.173905]},"properties":{"id":"21-3ed682336b","name":"奥飛騨温泉郷平湯","reading":"オクヒダオンセンゴウヒラユ","pref":"岐阜県","prefCode":"21","municipality":"高山市","hazardTypes":["slope_failure","debris_flow"],"evidenceLevel":0,"originLevel":0,"hasRecord":false,"recordRelation":null,"status":"current","disputed":false,"precision":"oaza","areaKey":"212032740","elements":["tobi"],"summary":"要素辞書に一致（tobi）。出典による裏づけは未確認。","zones":[],"dataset":"candidates"}},{"type":"Feature","geometry":{"type":"Point","coordinates":[137.521035,36.216723]},"properties":{"id":"21-cdaaa2a999","name":"奥飛騨温泉郷福地","reading":"オクヒダオンセンゴウフクジ","pref":"岐阜県","prefCode":"21","municipality":"高山市","hazardTypes":["slope_failure","debris_flow"],"evidenceLevel":0,"originLevel":0,"hasRecord":false,"recordRelation":null,"status":"current","disputed":false,"precision":"oaza","areaKey":"212032750","elements":["tobi"],"summary":"要素辞書に一致（tobi）。出典による裏づけは未確認。","zones":[],"dataset":"candidates"}},{"type":"Feature","geometry":{"type":"Point","coordinates":[137.51735,36.244983]},"properties":{"id":"21-47481c0ef3","name":"奥飛騨温泉郷村上","reading":"オクヒダオンセンゴウムラカミ","pref":"岐阜県","prefCode":"21","municipality":"高山市","hazardTypes":["slope_failure","debris_flow"],"evidenceLevel":0,"originLevel":0,"hasRecord":false,"recordRelation":null,"status":"current","disputed":false,"precision":"oaza","areaKey":"212032790","elements":["tobi"],"summary":"要素辞書に一致（tobi）。出典による裏づけは未確認。","zones":[],"dataset":"candidates"}},{"type":"Feature","geometry":{"type":"Point","coordinates":[137.257198,36.135509]},"properties":{"id":"21-5861d85858","name":"上川原町","reading":"カミカワハラマチ","pref":"岐阜県","prefCode":"21","municipality":"高山市","hazardTypes":["flood"],"evidenceLevel":0,"originLevel":0,"hasRecord":false,"recordRelation":null,"status":"current","disputed":false,"precision":"oaza","areaKey":"212030270","elements":["kawara"],"summary":"要素辞書に一致（kawara）。出典による裏づけは未確認。","zones":[],"dataset":"candidates"}},{"type":"Feature","geometry":{"type":"Point","coordinates":[137.273955,36.267369]},"properties":{"id":"21-773d122ec1","name":"上宝町荒原","reading":"カミタカラチョウアラハラ","pref":"岐阜県","prefCode":"21","municipality":"高山市","hazardTypes":["inundation","flood"],"evidenceLevel":0,"originLevel":0,"hasRecord":false,"recordRelation":null,"status":"current","disputed":false,"precision":"oaza","areaKey":"212032560","elements":["awara"],"summary":"要素辞書に一致（awara）。出典による裏づけは未確認。","zones":[],"dataset":"candidates"}},{"type":"Feature","geometry":{"type":"Point","coordinates":[137.321754,36.267293]},"properties":{"id":"21-eb6ea12098","name":"上宝町蔵柱","reading":"カミタカラチョウクラバシラ","pref":"岐阜県","prefCode":"21","municipality":"高山市","hazardTypes":["slope_failure","rockfall"],"evidenceLevel":0,"originLevel":0,"hasRecord":false,"recordRelation":null,"status":"current","disputed":false,"precision":"oaza","areaKey":"212032630","elements":["kura"],"summary":"要素辞書に一致（kura）。出典による裏づけは未確認。","zones":[],"dataset":"candidates"}},{"type":"Feature","geometry":{"type":"Point","coordinates":[137.416818,36.272266]},"properties":{"id":"21-7a7a6a0e8c","name":"上宝町長倉","reading":"カミタカラチョウナガクラ","pref":"岐阜県","prefCode":"21","municipality":"高山市","hazardTypes":["slope_failure","rockfall"],"evidenceLevel":0,"originLevel":0,"hasRecord":false,"recordRelation":null,"status":"current","disputed":false,"precision":"oaza","areaKey":"212032710","elements":["kura"],"summary":"要素辞書に一致（kura）。出典による裏づけは未確認。","zones":[],"dataset":"candidates"}},{"type":"Feature","geometry":{"type":"Point","coordinates":[137.258837,36.138412]},"properties":{"id":"21-c539e302de","name":"川原町","reading":"カワハラマチ","pref":"岐阜県","prefCode":"21","municipality":"高山市","hazardTypes":["flood"],"evidenceLevel":0,"originLevel":0,"hasRecord":false,"recordRelation":null,"status":"current","disputed":false,"precision":"oaza","areaKey":"212030280","elements":["kawara"],"summary":"要素辞書に一致（kawara）。出典による裏づけは未確認。","zones":[],"dataset":"candidates"}},{"type":"Feature","geometry":{"type":"Point","coordinates":[137.103638,36.146142]},"properties":{"id":"21-c45f9f9773","name":"清見町夏厩","reading":"キヨミチョウナツマヤ","pref":"岐阜県","prefCode":"21","municipality":"高山市","hazardTypes":["debris_flow","slope_failure"],"evidenceLevel":0,"originLevel":0,"hasRecord":false,"recordRelation":null,"status":"current","disputed":false,"precision":"oaza","areaKey":"212031370","elements":["nazu_natsu"],"summary":"要素辞書に一致（nazu_natsu）。出典による裏づけは未確認。","zones":[],"dataset":"candidates"}},{"type":"Feature","geometry":{"type":"Point","coordinates":[137.26441,36.140696]},"properties":{"id":"21-261a7d64b4","name":"島川原町","reading":"シマカワハラマチ","pref":"岐阜県","prefCode":"21","municipality":"高山市","hazardTypes":["flood"],"evidenceLevel":0,"originLevel":0,"hasRecord":false,"recordRelation":null,"status":"current","disputed":false,"precision":"oaza","areaKey":"212030070","elements":["kawara"],"summary":"要素辞書に一致（kawara）。出典による裏づけは未確認。","zones":[],"dataset":"candidates"}},{"type":"Feature","geometry":{"type":"Point","coordinates":[136.967864,36.022497]},"properties":{"id":"21-ce06c43185","name":"荘川町猿丸","reading":"ショウカワチョウサルマル","pref":"岐阜県","prefCode":"21","municipality":"高山市","hazardTypes":["slope_failure"],"evidenceLevel":0,"originLevel":0,"hasRecord":false,"recordRelation":null,"status":"current","disputed":false,"precision":"oaza","areaKey":"212031450","elements":["saru"],"summary":"要素辞書に一致（saru）。出典による裏づけは未確認。","zones":[],"dataset":"candidates"}},{"type":"Feature","geometry":{"type":"Point","coordinates":[137.430983,36.020625]},"properties":{"id":"21-0c11f2a6b9","name":"高根町猪之鼻","reading":"タカネマチイノハナ","pref":"岐阜県","prefCode":"21","municipality":"高山市","hazardTypes":["landslide","soft_ground"],"evidenceLevel":0,"originLevel":0,"hasRecord":false,"recordRelation":null,"status":"current","disputed":false,"precision":"oaza","areaKey":"212032230","elements":["shishi"],"summary":"要素辞書に一致（shishi）。出典による裏づけは未確認。","zones":[],"dataset":"candidates"}},{"type":"Feature","geometry":{"type":"Point","coordinates":[137.403263,36.179508]},"properties":{"id":"21-12151cca9c","name":"丹生川町芦谷","reading":"ニュウカワチョウアシタニ","pref":"岐阜県","prefCode":"21","municipality":"高山市","hazardTypes":["flood","inundation"],"evidenceLevel":0,"originLevel":0,"hasRecord":false,"recordRelation":null,"status":"current","disputed":false,"precision":"oaza","areaKey":"212030980","elements":["ashi"],"summary":"要素辞書に一致（ashi）。出典による裏づけは未確認。","zones":[],"dataset":"candidates"}},{"type":"Feature","geometry":{"type":"Point","coordinates":[137.261852,36.140654]},"properties":{"id":"21-dbe5118483","name":"馬場町一丁目","reading":"ババマチ 1","pref":"岐阜県","prefCode":"21","municipality":"高山市","hazardTypes":["slope_failure"],"evidenceLevel":0,"originLevel":0,"hasRecord":false,"recordRelation":null,"status":"current","disputed":false,"precision":"oaza","areaKey":"21203009001","elements":["baba"],"summary":"要素辞書に一致（baba）。出典による裏づけは未確認。","zones":[],"dataset":"candidates"}},{"type":"Feature","geometry":{"type":"Point","coordinates":[137.216522,36.111752]},"properties":{"id":"21-04b8b1bf89","name":"松倉町","reading":"マツクラマチ","pref":"岐阜県","prefCode":"21","municipality":"高山市","hazardTypes":["slope_failure","rockfall"],"evidenceLevel":0,"originLevel":0,"hasRecord":false,"recordRelation":null,"status":"current","disputed":false,"precision":"oaza","areaKey":"212030490","elements":["kura"],"summary":"要素辞書に一致（kura）。出典による裏づけは未確認。","zones":[],"dataset":"candidates"}},{"type":"Feature","geometry":{"type":"Point","coordinates":[137.084298,35.308669]},"properties":{"id":"21-dcb94eef4b","name":"三の倉町中洞","reading":null,"pref":"岐阜県","prefCode":"21","municipality":"多治見市","hazardTypes":["slope_failure","rockfall"],"evidenceLevel":0,"originLevel":0,"hasRecord":false,"recordRelation":null,"status":"current","disputed":false,"precision":"oaza","areaKey":"21204034001","elements":["kura"],"summary":"要素辞書に一致（kura）。出典による裏づけは未確認。","zones":[],"dataset":"candidates"}},{"type":"Feature","geometry":{"type":"Point","coordinates":[137.097957,35.310453]},"properties":{"id":"21-f3fe0f045a","name":"三の倉町大美山","reading":null,"pref":"岐阜県","prefCode":"21","municipality":"多治見市","hazardTypes":["slope_failure","rockfall"],"evidenceLevel":0,"originLevel":0,"hasRecord":false,"recordRelation":null,"status":"current","disputed":false,"precision":"oaza","areaKey":"21204034005","elements":["kura"],"summary":"要素辞書に一致（kura）。出典による裏づけは未確認。","zones":[],"dataset":"candidates"}},{"type":"Feature","geometry":{"type":"Point","coordinates":[137.089326,35.311812]},"properties":{"id":"21-288139c265","name":"三の倉町猪場","reading":null,"pref":"岐阜県","prefCode":"21","municipality":"多治見市","hazardTypes":["slope_failure","rockfall","landslide","soft_ground"],"evidenceLevel":0,"originLevel":0,"hasRecord":false,"recordRelation":null,"status":"current","disputed":false,"precision":"oaza","areaKey":"21204034003","elements":["kura","shishi"],"summary":"要素辞書に一致（kura・shishi）。出典による裏づけは未確認。","zones":[],"dataset":"candidates"}},{"type":"Feature","geometry":{"type":"Point","coordinates":[137.081493,35.309441]},"properties":{"id":"21-db2a37eeb3","name":"三の倉町縄手","reading":null,"pref":"岐阜県","prefCode":"21","municipality":"多治見市","hazardTypes":["slope_failure","rockfall"],"evidenceLevel":0,"originLevel":0,"hasRecord":false,"recordRelation":null,"status":"current","disputed":false,"precision":"oaza","areaKey":null,"elements":["kura"],"summary":"要素辞書に一致（kura）。出典による裏づけは未確認。","zones":[],"dataset":"candidates"}},{"type":"Feature","geometry":{"type":"Point","coordinates":[137.077001,35.311055]},"properties":{"id":"21-b0df70ca63","name":"三の倉町西洞","reading":null,"pref":"岐阜県","prefCode":"21","municipality":"多治見市","hazardTypes":["slope_failure","rockfall"],"evidenceLevel":0,"originLevel":0,"hasRecord":false,"recordRelation":null,"status":"current","disputed":false,"precision":"oaza","areaKey":"21204034004","elements":["kura"],"summary":"要素辞書に一致（kura）。出典による裏づけは未確認。","zones":[],"dataset":"candidates"}},{"type":"Feature","geometry":{"type":"Point","coordinates":[137.138441,35.369481]},"properties":{"id":"21-154cfc20d9","name":"小名田町悪洞","reading":null,"pref":"岐阜県","prefCode":"21","municipality":"多治見市","hazardTypes":["flood","inundation"],"evidenceLevel":0,"originLevel":0,"hasRecord":false,"recordRelation":null,"status":"current","disputed":false,"precision":"oaza","areaKey":"21204016012","elements":["ashi"],"summary":"要素辞書に一致（ashi）。出典による裏づけは未確認。","zones":[],"dataset":"candidates"}},{"type":"Feature","geometry":{"type":"Point","coordinates":[137.149331,35.355364]},"properties":{"id":"21-525137b6fa","name":"高田町信濃柿","reading":null,"pref":"岐阜県","prefCode":"21","municipality":"多治見市","hazardTypes":["slope_failure"],"evidenceLevel":0,"originLevel":0,"hasRecord":false,"recordRelation":null,"status":"current","disputed":false,"precision":"oaza","areaKey":"21204048017","elements":["kake"],"summary":"要素辞書に一致（kake）。出典による裏づけは未確認。","zones":[],"dataset":"candidates"}},{"type":"Feature","geometry":{"type":"Point","coordinates":[137.127225,35.3331]},"properties":{"id":"21-f9e9869ac2","name":"青木町","reading":"アオキマチ","pref":"岐阜県","prefCode":"21","municipality":"多治見市","hazardTypes":["slope_failure"],"evidenceLevel":0,"originLevel":0,"hasRecord":false,"recordRelation":null,"status":"current","disputed":false,"precision":"oaza","areaKey":"212040010","elements":["afu_oo"],"summary":"要素辞書に一致（afu_oo）。出典による裏づけは未確認。","zones":[],"dataset":"candidates"}},{"type":"Feature","geometry":{"type":"Point","coordinates":[137.135433,35.300263]},"properties":{"id":"21-3ce7e64cb2","name":"市之倉町一丁目","reading":"イチノクラチョウ 1","pref":"岐阜県","prefCode":"21","municipality":"多治見市","hazardTypes":["slope_failure","rockfall"],"evidenceLevel":0,"originLevel":0,"hasRecord":false,"recordRelation":null,"status":"current","disputed":false,"precision":"oaza","areaKey":"21204006001","elements":["kura"],"summary":"要素辞書に一致（kura）。出典による裏づけは未確認。","zones":[],"dataset":"candidates"}},{"type":"Feature","geometry":{"type":"Point","coordinates":[136.919996,35.481058]},"properties":{"id":"21-2e5761be04","name":"朝倉町","reading":"アサクラチョウ","pref":"岐阜県","prefCode":"21","municipality":"関市","hazardTypes":["slope_failure","rockfall"],"evidenceLevel":0,"originLevel":0,"hasRecord":false,"recordRelation":null,"status":"current","disputed":false,"precision":"oaza","areaKey":"212050030","elements":["kura"],"summary":"要素辞書に一致（kura）。出典による裏づけは未確認。","zones":[],"dataset":"candidates"}},{"type":"Feature","geometry":{"type":"Point","coordinates":[136.918345,35.479517]},"properties":{"id":"21-68ea7eca8c","name":"梅ケ枝町","reading":"ウメガエチョウ","pref":"岐阜県","prefCode":"21","municipality":"関市","hazardTypes":["landslide","slope_failure"],"evidenceLevel":0,"originLevel":0,"hasRecord":false,"recordRelation":null,"status":"current","disputed":false,"precision":"oaza","areaKey":"212050090","elements":["ume"],"summary":"要素辞書に一致（ume）。出典による裏づけは未確認。","zones":[],"dataset":"candidates"}},{"type":"Feature","geometry":{"type":"Point","coordinates":[136.914417,35.484935]},"properties":{"id":"21-98907d434b","name":"鍛冶町","reading":"カジチョウ","pref":"岐阜県","prefCode":"21","municipality":"関市","hazardTypes":["slope_failure"],"evidenceLevel":0,"originLevel":0,"hasRecord":false,"recordRelation":null,"status":"current","disputed":false,"precision":"oaza","areaKey":"212050140","elements":["kaji_kamu"],"summary":"要素辞書に一致（kaji_kamu）。出典による裏づけは未確認。","zones":[],"dataset":"candidates"}},{"type":"Feature","geometry":{"type":"Point","coordinates":[136.910837,35.48247]},"properties":{"id":"21-b1587436f0","name":"片倉町","reading":"カタクラチョウ","pref":"岐阜県","prefCode":"21","municipality":"関市","hazardTypes":["slope_failure","rockfall"],"evidenceLevel":0,"originLevel":0,"hasRecord":false,"recordRelation":null,"status":"current","disputed":false,"precision":"oaza","areaKey":"212050160","elements":["kura"],"summary":"要素辞書に一致（kura）。出典による裏づけは未確認。","zones":[],"dataset":"candidates"}},{"type":"Feature","geometry":{"type":"Point","coordinates":[136.898404,35.463462]},"properties":{"id":"21-26a69af19b","name":"倉知","reading":"クラチ","pref":"岐阜県","prefCode":"21","municipality":"関市","hazardTypes":["slope_failure","rockfall"],"evidenceLevel":0,"originLevel":0,"hasRecord":false,"recordRelation":null,"status":"current","disputed":false,"precision":"oaza","areaKey":"212054011","elements":["kura"],"summary":"要素辞書に一致（kura）。出典による裏づけは未確認。","zones":[],"dataset":"candidates"}},{"type":"Feature","geometry":{"type":"Point","coordinates":[136.902841,35.44826]},"properties":{"id":"21-75a30be428","name":"倉知南","reading":"クラチミナミ","pref":"岐阜県","prefCode":"21","municipality":"関市","hazardTypes":["slope_failure","rockfall"],"evidenceLevel":0,"originLevel":0,"hasRecord":false,"recordRelation":null,"status":"current","disputed":false,"precision":"oaza","areaKey":"212054014","elements":["kura"],"summary":"要素辞書に一致（kura）。出典による裏づけは未確認。","zones":[],"dataset":"candidates"}},{"type":"Feature","geometry":{"type":"Point","coordinates":[136.907784,35.484344]},"properties":{"id":"21-fc63bf33ad","name":"清蔵寺","reading":"セイゾウジ","pref":"岐阜県","prefCode":"21","municipality":"関市","hazardTypes":["slope_failure","rockfall"],"evidenceLevel":0,"originLevel":0,"hasRecord":false,"recordRelation":null,"status":"current","disputed":false,"precision":"oaza","areaKey":null,"elements":["kura"],"summary":"要素辞書に一致（kura）。出典による裏づけは未確認。","zones":[],"dataset":"candidates"}},{"type":"Feature","geometry":{"type":"Point","coordinates":[136.91938,35.477955]},"properties":{"id":"21-c85fadccbd","name":"西欠ノ下","reading":"ニシカケノシタ","pref":"岐阜県","prefCode":"21","municipality":"関市","hazardTypes":["slope_failure"],"evidenceLevel":0,"originLevel":0,"hasRecord":false,"recordRelation":null,"status":"current","disputed":false,"precision":"oaza","areaKey":"212050570","elements":["kake"],"summary":"要素辞書に一致（kake）。出典による裏づけは未確認。","zones":[],"dataset":"candidates"}},{"type":"Feature","geometry":{"type":"Point","coordinates":[136.921299,35.479381]},"properties":{"id":"21-04725360a3","name":"梅竜寺山","reading":"バイリュウジヤマ","pref":"岐阜県","prefCode":"21","municipality":"関市","hazardTypes":["landslide","slope_failure"],"evidenceLevel":0,"originLevel":0,"hasRecord":false,"recordRelation":null,"status":"current","disputed":false,"precision":"oaza","areaKey":"212050630","elements":["ume"],"summary":"要素辞書に一致（ume）。出典による裏づけは未確認。","zones":[],"dataset":"candidates"}},{"type":"Feature","geometry":{"type":"Point","coordinates":[136.90366,35.481978]},"properties":{"id":"21-19b5eb2f90","name":"馬場出","reading":"ババダシ","pref":"岐阜県","prefCode":"21","municipality":"関市","hazardTypes":["slope_failure"],"evidenceLevel":0,"originLevel":0,"hasRecord":false,"recordRelation":null,"status":"current","disputed":false,"precision":"oaza","areaKey":"212050640","elements":["baba"],"summary":"要素辞書に一致（baba）。出典による裏づけは未確認。","zones":[],"dataset":"candidates"}},{"type":"Feature","geometry":{"type":"Point","coordinates":[136.81943,35.627383]},"properties":{"id":"21-4f52885907","name":"洞戸尾倉","reading":"ホラドオグラ","pref":"岐阜県","prefCode":"21","municipality":"関市","hazardTypes":["slope_failure","rockfall"],"evidenceLevel":0,"originLevel":0,"hasRecord":false,"recordRelation":null,"status":"current","disputed":false,"precision":"oaza","areaKey":"212059160","elements":["kura"],"summary":"要素辞書に一致（kura）。出典による裏づけは未確認。","zones":[],"dataset":"candidates"}},{"type":"Feature","geometry":{"type":"Point","coordinates":[136.802499,35.586189]},"properties":{"id":"21-e21c73ff76","name":"洞戸菅谷","reading":"ホラドスガダニ","pref":"岐阜県","prefCode":"21","municipality":"関市","hazardTypes":["landslide","soft_ground"],"evidenceLevel":0,"originLevel":0,"hasRecord":false,"recordRelation":null,"status":"current","disputed":false,"precision":"oaza","areaKey":"212059140","elements":["wetland_plants"],"summary":"要素辞書に一致（wetland_plants）。出典による裏づけは未確認。","zones":[],"dataset":"candidates"}},{"type":"Feature","geometry":{"type":"Point","coordinates":[136.816551,35.618503]},"properties":{"id":"21-75af096266","name":"洞戸飛瀬","reading":"ホラドヒセ","pref":"岐阜県","prefCode":"21","municipality":"関市","hazardTypes":["slope_failure","debris_flow"],"evidenceLevel":0,"originLevel":0,"hasRecord":false,"recordRelation":null,"status":"current","disputed":false,"precision":"oaza","areaKey":"212059090","elements":["tobi"],"summary":"要素辞書に一致（tobi）。出典による裏づけは未確認。","zones":[],"dataset":"candidates"}},{"type":"Feature","geometry":{"type":"Point","coordinates":[136.901482,35.484455]},"properties":{"id":"21-c6d1f1fa24","name":"雄飛ケ丘","reading":"ユウヒガオカ","pref":"岐阜県","prefCode":"21","municipality":"関市","hazardTypes":["slope_failure","debris_flow"],"evidenceLevel":0,"originLevel":0,"hasRecord":false,"recordRelation":null,"status":"current","disputed":false,"precision":"oaza","areaKey":"212050901","elements":["tobi"],"summary":"要素辞書に一致（tobi）。出典による裏づけは未確認。","zones":[],"dataset":"candidates"}},{"type":"Feature","geometry":{"type":"Point","coordinates":[137.478694,35.513985]},"properties":{"id":"21-28e4149a05","name":"那木","reading":null,"pref":"岐阜県","prefCode":"21","municipality":"中津川市","hazardTypes":["slope_failure"],"evidenceLevel":0,"originLevel":0,"hasRecord":false,"recordRelation":null,"status":"current","disputed":false,"precision":"koaza","areaKey":"212060290","elements":["nagi"],"summary":"要素辞書に一致（nagi）。出典による裏づけは未確認。","zones":[],"dataset":"candidates"}},{"type":"Feature","geometry":{"type":"Point","coordinates":[137.452366,35.461575]},"properties":{"id":"21-eb792b93e9","name":"青木","reading":null,"pref":"岐阜県","prefCode":"21","municipality":"中津川市","hazardTypes":["slope_failure"],"evidenceLevel":0,"originLevel":0,"hasRecord":false,"recordRelation":null,"status":"current","disputed":false,"precision":"koaza","areaKey":"212060270","elements":["afu_oo"],"summary":"要素辞書に一致（afu_oo）。出典による裏づけは未確認。","zones":[],"dataset":"candidates"}},{"type":"Feature","geometry":{"type":"Point","coordinates":[136.910496,35.545065]},"properties":{"id":"21-27987f8c42","name":"加治屋町","reading":null,"pref":"岐阜県","prefCode":"21","municipality":"美濃市","hazardTypes":["slope_failure"],"evidenceLevel":0,"originLevel":0,"hasRecord":false,"recordRelation":null,"status":"current","disputed":false,"precision":"koaza","areaKey":"212070120","elements":["kaji_kamu"],"summary":"要素辞書に一致（kaji_kamu）。出典による裏づけは未確認。","zones":[],"dataset":"candidates"}},{"type":"Feature","geometry":{"type":"Point","coordinates":[136.915438,35.550965]},"properties":{"id":"21-75d3dcfa1f","name":"梅山町","reading":null,"pref":"岐阜県","prefCode":"21","municipality":"美濃市","hazardTypes":["landslide","slope_failure"],"evidenceLevel":0,"originLevel":0,"hasRecord":false,"recordRelation":null,"status":"current","disputed":false,"precision":"koaza","areaKey":"212070280","elements":["ume"],"summary":"要素辞書に一致（ume）。出典による裏づけは未確認。","zones":[],"dataset":"candidates"}},{"type":"Feature","geometry":{"type":"Point","coordinates":[136.85805,35.583151]},"properties":{"id":"21-7229ce5f0a","name":"小倉","reading":"コクラ","pref":"岐阜県","prefCode":"21","municipality":"美濃市","hazardTypes":["slope_failure","rockfall"],"evidenceLevel":0,"originLevel":0,"hasRecord":false,"recordRelation":null,"status":"current","disputed":false,"precision":"oaza","areaKey":"21207041001","elements":["kura"],"summary":"要素辞書に一致（kura）。出典による裏づけは未確認。","zones":[],"dataset":"candidates"}},{"type":"Feature","geometry":{"type":"Point","coordinates":[136.912116,35.53371]},"properties":{"id":"21-df0132b74a","name":"松倉台一丁目","reading":"マツクラダイ 1","pref":"岐阜県","prefCode":"21","municipality":"美濃市","hazardTypes":["slope_failure","rockfall","landslide"],"evidenceLevel":0,"originLevel":0,"hasRecord":false,"recordRelation":null,"status":"current","disputed":false,"precision":"oaza","areaKey":"21207060001","elements":["kura","tai"],"summary":"要素辞書に一致（kura・tai）。出典による裏づけは未確認。","zones":[],"dataset":"candidates"}},{"type":"Feature","geometry":{"type":"Point","coordinates":[137.328508,35.312643]},"properties":{"id":"21-ce55d8e777","name":"陶町猿爪","reading":"スエチョウマシヅメ","pref":"岐阜県","prefCode":"21","municipality":"瑞浪市","hazardTypes":["slope_failure"],"evidenceLevel":0,"originLevel":0,"hasRecord":false,"recordRelation":null,"status":"current","disputed":false,"precision":"oaza","areaKey":"212080210","elements":["saru"],"summary":"要素辞書に一致（saru）。出典による裏づけは未確認。","zones":[],"dataset":"candidates"}},{"type":"Feature","geometry":{"type":"Point","coordinates":[136.716183,35.330834]},"properties":{"id":"21-3ef604717e","name":"小熊町足近新田","reading":null,"pref":"岐阜県","prefCode":"21","municipality":"羽島市","hazardTypes":["flood","inundation"],"evidenceLevel":0,"originLevel":0,"hasRecord":false,"recordRelation":null,"status":"current","disputed":false,"precision":"oaza","areaKey":"212090120","elements":["ashi"],"summary":"要素辞書に一致（ashi）。出典による裏づけは未確認。","zones":[],"dataset":"candidates"}},{"type":"Feature","geometry":{"type":"Point","coordinates":[136.727176,35.352431]},"properties":{"id":"21-e44b8c7d56","name":"足近町一丁目","reading":"アジカチョウ 1","pref":"岐阜県","prefCode":"21","municipality":"羽島市","hazardTypes":["flood","inundation"],"evidenceLevel":0,"originLevel":0,"hasRecord":false,"recordRelation":null,"status":"current","disputed":false,"precision":"oaza","areaKey":"21209001001","elements":["ashi"],"summary":"要素辞書に一致（ashi）。出典による裏づけは未確認。","zones":[],"dataset":"candidates"}},{"type":"Feature","geometry":{"type":"Point","coordinates":[136.730186,35.344185]},"properties":{"id":"21-fd9baaf06a","name":"足近町市場","reading":"アジカチョウイチバ","pref":"岐阜県","prefCode":"21","municipality":"羽島市","hazardTypes":["flood","inundation"],"evidenceLevel":0,"originLevel":0,"hasRecord":false,"recordRelation":null,"status":"current","disputed":false,"precision":"oaza","areaKey":"212090020","elements":["ashi"],"summary":"要素辞書に一致（ashi）。出典による裏づけは未確認。","zones":[],"dataset":"candidates"}},{"type":"Feature","geometry":{"type":"Point","coordinates":[136.731374,35.351376]},"properties":{"id":"21-71849d3f49","name":"足近町北宿","reading":"アジカチョウキタジュク","pref":"岐阜県","prefCode":"21","municipality":"羽島市","hazardTypes":["flood","inundation"],"evidenceLevel":0,"originLevel":0,"hasRecord":false,"recordRelation":null,"status":"current","disputed":false,"precision":"oaza","areaKey":"21209003000","elements":["ashi"],"summary":"要素辞書に一致（ashi）。出典による裏づけは未確認。","zones":[],"dataset":"candidates"}},{"type":"Feature","geometry":{"type":"Point","coordinates":[136.719283,35.335569]},"properties":{"id":"21-dc84b6e339","name":"足近町小荒井","reading":"アジカチョウコアライ","pref":"岐阜県","prefCode":"21","municipality":"羽島市","hazardTypes":["flood","inundation"],"evidenceLevel":0,"originLevel":0,"hasRecord":false,"recordRelation":null,"status":"current","disputed":false,"precision":"oaza","areaKey":"21209004000","elements":["ashi"],"summary":"要素辞書に一致（ashi）。出典による裏づけは未確認。","zones":[],"dataset":"candidates"}},{"type":"Feature","geometry":{"type":"Point","coordinates":[136.715044,35.351556]},"properties":{"id":"21-14677ce140","name":"足近町坂井","reading":"アジカチョウサカイ","pref":"岐阜県","prefCode":"21","municipality":"羽島市","hazardTypes":["flood","inundation"],"evidenceLevel":0,"originLevel":0,"hasRecord":false,"recordRelation":null,"status":"current","disputed":false,"precision":"oaza","areaKey":"212090050","elements":["ashi"],"summary":"要素辞書に一致（ashi）。出典による裏づけは未確認。","zones":[],"dataset":"candidates"}},{"type":"Feature","geometry":{"type":"Point","coordinates":[136.718394,35.353108]},"properties":{"id":"21-cb01be16f8","name":"足近町直道","reading":"アジカチョウスグミチ","pref":"岐阜県","prefCode":"21","municipality":"羽島市","hazardTypes":["flood","inundation"],"evidenceLevel":0,"originLevel":0,"hasRecord":false,"recordRelation":null,"status":"current","disputed":false,"precision":"oaza","areaKey":"212090060","elements":["ashi"],"summary":"要素辞書に一致（ashi）。出典による裏づけは未確認。","zones":[],"dataset":"candidates"}},{"type":"Feature","geometry":{"type":"Point","coordinates":[136.724959,35.342677]},"properties":{"id":"21-256b5cca34","name":"足近町南宿","reading":"アジカチョウミナミジュク","pref":"岐阜県","prefCode":"21","municipality":"羽島市","hazardTypes":["flood","inundation"],"evidenceLevel":0,"originLevel":0,"hasRecord":false,"recordRelation":null,"status":"current","disputed":false,"precision":"oaza","areaKey":"212090070","elements":["ashi"],"summary":"要素辞書に一致（ashi）。出典による裏づけは未確認。","zones":[],"dataset":"candidates"}},{"type":"Feature","geometry":{"type":"Point","coordinates":[136.710403,35.33025]},"properties":{"id":"21-8c00b06604","name":"足近町南之川","reading":"アジカチョウミナミノカワ","pref":"岐阜県","prefCode":"21","municipality":"羽島市","hazardTypes":["flood","inundation"],"evidenceLevel":0,"originLevel":0,"hasRecord":false,"recordRelation":null,"status":"current","disputed":false,"precision":"oaza","areaKey":"212090080","elements":["ashi"],"summary":"要素辞書に一致（ashi）。出典による裏づけは未確認。","zones":[],"dataset":"candidates"}},{"type":"Feature","geometry":{"type":"Point","coordinates":[136.696925,35.320732]},"properties":{"id":"21-89cdf7fbd6","name":"梅ヶ枝町","reading":null,"pref":"岐阜県","prefCode":"21","municipality":"羽島市","hazardTypes":["landslide","slope_failure"],"evidenceLevel":0,"originLevel":0,"hasRecord":false,"recordRelation":null,"status":"current","disputed":false,"precision":"koaza","areaKey":"212090390","elements":["ume"],"summary":"要素辞書に一致（ume）。出典による裏づけは未確認。","zones":[],"dataset":"candidates"}},{"type":"Feature","geometry":{"type":"Point","coordinates":[137.415602,35.34734]},"properties":{"id":"21-e410bd4f11","name":"山岡町馬場山田","reading":"ヤマオカチョウババヤマダ","pref":"岐阜県","prefCode":"21","municipality":"恵那市","hazardTypes":["slope_failure"],"evidenceLevel":0,"originLevel":0,"hasRecord":false,"recordRelation":null,"status":"current","disputed":false,"precision":"oaza","areaKey":"21210082001","elements":["baba"],"summary":"要素辞書に一致（baba）。出典による裏づけは未確認。","zones":[],"dataset":"candidates"}},{"type":"Feature","geometry":{"type":"Point","coordinates":[137.010952,35.513452]},"properties":{"id":"21-faa956f5fa","name":"伊深町","reading":"イブカチョウ","pref":"岐阜県","prefCode":"21","municipality":"美濃加茂市","hazardTypes":["soft_ground","inundation"],"evidenceLevel":0,"originLevel":0,"hasRecord":false,"recordRelation":null,"status":"current","disputed":false,"precision":"oaza","areaKey":"212110340","elements":["fuke"],"summary":"要素辞書に一致（fuke）。出典による裏づけは未確認。","zones":[],"dataset":"candidates"}},{"type":"Feature","geometry":{"type":"Point","coordinates":[137.011972,35.442099]},"properties":{"id":"21-0a2612dd54","name":"飛鹿","reading":null,"pref":"岐阜県","prefCode":"21","municipality":"美濃加茂市","hazardTypes":["slope_failure","debris_flow","landslide","soft_ground"],"evidenceLevel":0,"originLevel":0,"hasRecord":false,"recordRelation":null,"status":"current","disputed":false,"precision":"koaza","areaKey":"212110090","elements":["tobi","shishi"],"summary":"要素辞書に一致（tobi・shishi）。出典による裏づけは未確認。","zones":[],"dataset":"candidates"}},{"type":"Feature","geometry":{"type":"Point","coordinates":[137.007425,35.435305]},"properties":{"id":"21-1b027b9f0a","name":"深田町一丁目","reading":"フカタチョウ 1","pref":"岐阜県","prefCode":"21","municipality":"美濃加茂市","hazardTypes":["soft_ground","inundation"],"evidenceLevel":0,"originLevel":0,"hasRecord":false,"recordRelation":null,"status":"current","disputed":false,"precision":"oaza","areaKey":"21211001001","elements":["fuke"],"summary":"要素辞書に一致（fuke）。出典による裏づけは未確認。","zones":[],"dataset":"candidates"}},{"type":"Feature","geometry":{"type":"Point","coordinates":[137.183605,35.364826]},"properties":{"id":"21-27ffa7099a","name":"泉梅ノ木町一丁目","reading":"イズミウメノキチョウ 1","pref":"岐阜県","prefCode":"21","municipality":"土岐市","hazardTypes":["landslide","slope_failure"],"evidenceLevel":0,"originLevel":0,"hasRecord":false,"recordRelation":null,"status":"current","disputed":false,"precision":"oaza","areaKey":"21212003001","elements":["ume"],"summary":"要素辞書に一致（ume）。出典による裏づけは未確認。","zones":[],"dataset":"candidates"}},{"type":"Feature","geometry":{"type":"Point","coordinates":[137.215108,35.27614]},"properties":{"id":"21-1b77a00483","name":"鶴里町柿野","reading":"ツルサトチョウカキノ","pref":"岐阜県","prefCode":"21","municipality":"土岐市","hazardTypes":["slope_failure"],"evidenceLevel":0,"originLevel":0,"hasRecord":false,"recordRelation":null,"status":"current","disputed":false,"precision":"oaza","areaKey":"212120380","elements":["kake"],"summary":"要素辞書に一致（kake）。出典による裏づけは未確認。","zones":[],"dataset":"candidates"}},{"type":"Feature","geometry":{"type":"Point","coordinates":[137.199803,35.359112]},"properties":{"id":"21-ca40e4a943","name":"肥田浅野梅ノ木町一丁目","reading":"ヒダアサノウメノキチョウ 1","pref":"岐阜県","prefCode":"21","municipality":"土岐市","hazardTypes":["landslide","slope_failure"],"evidenceLevel":0,"originLevel":0,"hasRecord":false,"recordRelation":null,"status":"current","disputed":false,"precision":"oaza","areaKey":"21212027001","elements":["ume"],"summary":"要素辞書に一致（ume）。出典による裏づけは未確認。","zones":[],"dataset":"candidates"}},{"type":"Feature","geometry":{"type":"Point","coordinates":[136.918641,35.4059]},"properties":{"id":"21-1dc0db83f5","name":"鵜沼羽場町一丁目","reading":"ウヌマハバチョウ 1","pref":"岐阜県","prefCode":"21","municipality":"各務原市","hazardTypes":["erosion","slope_failure","soft_ground","inundation"],"evidenceLevel":0,"originLevel":0,"hasRecord":false,"recordRelation":null,"status":"current","disputed":false,"precision":"oaza","areaKey":"21213516001","elements":["haba","numa_kata"],"summary":"要素辞書に一致（haba・numa_kata）。出典による裏づけは未確認。","zones":[],"dataset":"candidates"}},{"type":"Feature","geometry":{"type":"Point","coordinates":[136.834299,35.368039]},"properties":{"id":"21-921f7ecdbe","name":"川島松倉町","reading":"カワシママツクラマチ","pref":"岐阜県","prefCode":"21","municipality":"各務原市","hazardTypes":["slope_failure","rockfall"],"evidenceLevel":0,"originLevel":0,"hasRecord":false,"recordRelation":null,"status":"current","disputed":false,"precision":"oaza","areaKey":"212136180","elements":["kura"],"summary":"要素辞書に一致（kura）。出典による裏づけは未確認。","zones":[],"dataset":"candidates"}},{"type":"Feature","geometry":{"type":"Point","coordinates":[136.868873,35.425466]},"properties":{"id":"21-ab69d079c4","name":"蘇原飛鳥町一丁目","reading":"ソハラアズカチョウ 1","pref":"岐阜県","prefCode":"21","municipality":"各務原市","hazardTypes":["slope_failure","debris_flow"],"evidenceLevel":0,"originLevel":0,"hasRecord":false,"recordRelation":null,"status":"current","disputed":false,"precision":"oaza","areaKey":"21213323001","elements":["tobi"],"summary":"要素辞書に一致（tobi）。出典による裏づけは未確認。","zones":[],"dataset":"candidates"}},{"type":"Feature","geometry":{"type":"Point","coordinates":[136.862965,35.404461]},"properties":{"id":"21-03290b588a","name":"蘇原柿沢町一丁目","reading":"ソハラカキザワチョウ 1","pref":"岐阜県","prefCode":"21","municipality":"各務原市","hazardTypes":["slope_failure"],"evidenceLevel":0,"originLevel":0,"hasRecord":false,"recordRelation":null,"status":"current","disputed":false,"precision":"oaza","areaKey":"21213358001","elements":["kake"],"summary":"要素辞書に一致（kake）。出典による裏づけは未確認。","zones":[],"dataset":"candidates"}},{"type":"Feature","geometry":{"type":"Point","coordinates":[136.854187,35.410946]},"properties":{"id":"21-b7e14bb02b","name":"蘇原申子町一丁目","reading":"ソハラサルコチョウ 1","pref":"岐阜県","prefCode":"21","municipality":"各務原市","hazardTypes":["slope_failure"],"evidenceLevel":0,"originLevel":0,"hasRecord":false,"recordRelation":null,"status":"current","disputed":false,"precision":"oaza","areaKey":"21213309001","elements":["saru"],"summary":"要素辞書に一致（saru）。出典による裏づけは未確認。","zones":[],"dataset":"candidates"}},{"type":"Feature","geometry":{"type":"Point","coordinates":[136.88011,35.399038]},"properties":{"id":"21-4d21130b57","name":"蘇原三柿野町","reading":"ソハラミカキノチョウ","pref":"岐阜県","prefCode":"21","municipality":"各務原市","hazardTypes":["slope_failure"],"evidenceLevel":0,"originLevel":0,"hasRecord":false,"recordRelation":null,"status":"current","disputed":false,"precision":"oaza","areaKey":"21213349000","elements":["kake"],"summary":"要素辞書に一致（kake）。出典による裏づけは未確認。","zones":[],"dataset":"candidates"}},{"type":"Feature","geometry":{"type":"Point","coordinates":[136.81747,35.417952]},"properties":{"id":"21-92b3849ccd","name":"那加芦原町一丁目","reading":"ナカアワラチョウ 1","pref":"岐阜県","prefCode":"21","municipality":"各務原市","hazardTypes":["flood","inundation"],"evidenceLevel":0,"originLevel":0,"hasRecord":false,"recordRelation":null,"status":"current","disputed":false,"precision":"oaza","areaKey":"21213120001","elements":["ashi"],"summary":"要素辞書に一致（ashi）。出典による裏づけは未確認。","zones":[],"dataset":"candidates"}},{"type":"Feature","geometry":{"type":"Point","coordinates":[136.850505,35.403548]},"properties":{"id":"21-16ad3f7c1d","name":"那加雄飛ケ丘町","reading":"ナカユウヒガオカチョウ","pref":"岐阜県","prefCode":"21","municipality":"各務原市","hazardTypes":["slope_failure","debris_flow"],"evidenceLevel":0,"originLevel":0,"hasRecord":false,"recordRelation":null,"status":"current","disputed":false,"precision":"oaza","areaKey":"212131750","elements":["tobi"],"summary":"要素辞書に一致（tobi）。出典による裏づけは未確認。","zones":[],"dataset":"candidates"}},{"type":"Feature","geometry":{"type":"Point","coordinates":[137.101934,35.397478]},"properties":{"id":"21-10da6044a1","name":"柿下","reading":"カキシタ","pref":"岐阜県","prefCode":"21","municipality":"可児市","hazardTypes":["slope_failure"],"evidenceLevel":0,"originLevel":0,"hasRecord":false,"recordRelation":null,"status":"current","disputed":false,"precision":"oaza","areaKey":"212140020","elements":["kake"],"summary":"要素辞書に一致（kake）。出典による裏づけは未確認。","zones":[],"dataset":"candidates"}},{"type":"Feature","geometry":{"type":"Point","coordinates":[137.097867,35.429701]},"properties":{"id":"21-dbf5f5d85b","name":"柿田","reading":"カキダ","pref":"岐阜県","prefCode":"21","municipality":"可児市","hazardTypes":["slope_failure"],"evidenceLevel":0,"originLevel":0,"hasRecord":false,"recordRelation":null,"status":"current","disputed":false,"precision":"oaza","areaKey":"212140090","elements":["kake"],"summary":"要素辞書に一致（kake）。出典による裏づけは未確認。","zones":[],"dataset":"candidates"}},{"type":"Feature","geometry":{"type":"Point","coordinates":[137.131297,35.393631]},"properties":{"id":"21-f79e03971e","name":"久々利柿下入会","reading":"ククリカキシタニュウカイ","pref":"岐阜県","prefCode":"21","municipality":"可児市","hazardTypes":["slope_failure"],"evidenceLevel":0,"originLevel":0,"hasRecord":false,"recordRelation":null,"status":"current","disputed":false,"precision":"oaza","areaKey":"212140030","elements":["kake"],"summary":"要素辞書に一致（kake）。出典による裏づけは未確認。","zones":[],"dataset":"candidates"}},{"type":"Feature","geometry":{"type":"Point","coordinates":[137.003667,35.401543]},"properties":{"id":"21-15c1274039","name":"菅刈","reading":"スゲカリ","pref":"岐阜県","prefCode":"21","municipality":"可児市","hazardTypes":["slope_failure","landslide","soft_ground"],"evidenceLevel":0,"originLevel":0,"hasRecord":false,"recordRelation":null,"status":"current","disputed":false,"precision":"oaza","areaKey":"212140290","elements":["kake","wetland_plants"],"summary":"要素辞書に一致（kake・wetland_plants）。出典による裏づけは未確認。","zones":[],"dataset":"candidates"}},{"type":"Feature","geometry":{"type":"Point","coordinates":[136.755161,35.516627]},"properties":{"id":"21-83d9266a5e","name":"梅原","reading":"ウメハラ","pref":"岐阜県","prefCode":"21","municipality":"山県市","hazardTypes":["landslide","slope_failure"],"evidenceLevel":0,"originLevel":0,"hasRecord":false,"recordRelation":null,"status":"current","disputed":false,"precision":"oaza","areaKey":"212150060","elements":["ume"],"summary":"要素辞書に一致（ume）。出典による裏づけは未確認。","zones":[],"dataset":"candidates"}},{"type":"Feature","geometry":{"type":"Point","coordinates":[136.788077,35.632443]},"properties":{"id":"21-ccbe0e4570","name":"柿野","reading":"カキノ","pref":"岐阜県","prefCode":"21","municipality":"山県市","hazardTypes":["slope_failure"],"evidenceLevel":0,"originLevel":0,"hasRecord":false,"recordRelation":null,"status":"current","disputed":false,"precision":"oaza","areaKey":"21215036007","elements":["kake"],"summary":"要素辞書に一致（kake）。出典による裏づけは未確認。","zones":[],"dataset":"candidates"}},{"type":"Feature","geometry":{"type":"Point","coordinates":[136.72377,35.52201]},"properties":{"id":"21-d308aa418d","name":"小倉","reading":"コグラ","pref":"岐阜県","prefCode":"21","municipality":"山県市","hazardTypes":["slope_failure","rockfall"],"evidenceLevel":0,"originLevel":0,"hasRecord":false,"recordRelation":null,"status":"current","disputed":false,"precision":"oaza","areaKey":"212150170","elements":["kura"],"summary":"要素辞書に一致（kura）。出典による裏づけは未確認。","zones":[],"dataset":"candidates"}},{"type":"Feature","geometry":{"type":"Point","coordinates":[136.800501,35.531314]},"properties":{"id":"21-1833bd2043","name":"椎倉","reading":"シグラ","pref":"岐阜県","prefCode":"21","municipality":"山県市","hazardTypes":["slope_failure","rockfall"],"evidenceLevel":0,"originLevel":0,"hasRecord":false,"recordRelation":null,"status":"current","disputed":false,"precision":"oaza","areaKey":"212150070","elements":["kura"],"summary":"要素辞書に一致（kura）。出典による裏づけは未確認。","zones":[],"dataset":"candidates"}},{"type":"Feature","geometry":{"type":"Point","coordinates":[136.737626,35.530242]},"properties":{"id":"21-a379af9d1d","name":"藤倉","reading":"フジクラ","pref":"岐阜県","prefCode":"21","municipality":"山県市","hazardTypes":["slope_failure","rockfall"],"evidenceLevel":0,"originLevel":0,"hasRecord":false,"recordRelation":null,"status":"current","disputed":false,"precision":"oaza","areaKey":"212150190","elements":["kura"],"summary":"要素辞書に一致（kura）。出典による裏づけは未確認。","zones":[],"dataset":"candidates"}},{"type":"Feature","geometry":{"type":"Point","coordinates":[136.642732,35.419565]},"properties":{"id":"21-b753a4bda8","name":"居倉","reading":"イクラ","pref":"岐阜県","prefCode":"21","municipality":"瑞穂市","hazardTypes":["slope_failure","rockfall"],"evidenceLevel":0,"originLevel":0,"hasRecord":false,"recordRelation":null,"status":"current","disputed":false,"precision":"oaza","areaKey":"212161320","elements":["kura"],"summary":"要素辞書に一致（kura）。出典による裏づけは未確認。","zones":[],"dataset":"candidates"}},{"type":"Feature","geometry":{"type":"Point","coordinates":[136.680413,35.416531]},"properties":{"id":"21-fe2d27c867","name":"馬場","reading":"ババ","pref":"岐阜県","prefCode":"21","municipality":"瑞穂市","hazardTypes":["slope_failure"],"evidenceLevel":0,"originLevel":0,"hasRecord":false,"recordRelation":null,"status":"current","disputed":false,"precision":"oaza","areaKey":"212160111","elements":["baba"],"summary":"要素辞書に一致（baba）。出典による裏づけは未確認。","zones":[],"dataset":"candidates"}},{"type":"Feature","geometry":{"type":"Point","coordinates":[136.677836,35.41597]},"properties":{"id":"21-62533254fb","name":"馬場北町","reading":"ババキタマチ","pref":"岐阜県","prefCode":"21","municipality":"瑞穂市","hazardTypes":["slope_failure"],"evidenceLevel":0,"originLevel":0,"hasRecord":false,"recordRelation":null,"status":"current","disputed":false,"precision":"oaza","areaKey":"212160112","elements":["baba"],"summary":"要素辞書に一致（baba）。出典による裏づけは未確認。","zones":[],"dataset":"candidates"}},{"type":"Feature","geometry":{"type":"Point","coordinates":[136.689919,35.409037]},"properties":{"id":"21-4e4edf8285","name":"馬場小城町一丁目","reading":"ババコシロマチ 1","pref":"岐阜県","prefCode":"21","municipality":"瑞穂市","hazardTypes":["slope_failure"],"evidenceLevel":0,"originLevel":0,"hasRecord":false,"recordRelation":null,"status":"current","disputed":false,"precision":"oaza","areaKey":"21216015001","elements":["baba"],"summary":"要素辞書に一致（baba）。出典による裏づけは未確認。","zones":[],"dataset":"candidates"}},{"type":"Feature","geometry":{"type":"Point","coordinates":[136.684779,35.413323]},"properties":{"id":"21-2675e4cd8c","name":"馬場上光町一丁目","reading":"ババジョウコウマチ 1","pref":"岐阜県","prefCode":"21","municipality":"瑞穂市","hazardTypes":["slope_failure"],"evidenceLevel":0,"originLevel":0,"hasRecord":false,"recordRelation":null,"status":"current","disputed":false,"precision":"oaza","areaKey":"21216013001","elements":["baba"],"summary":"要素辞書に一致（baba）。出典による裏づけは未確認。","zones":[],"dataset":"candidates"}},{"type":"Feature","geometry":{"type":"Point","coordinates":[136.688079,35.412439]},"properties":{"id":"21-9579a7f406","name":"馬場春雨町一丁目","reading":"ババハルサメマチ 1","pref":"岐阜県","prefCode":"21","municipality":"瑞穂市","hazardTypes":["slope_failure"],"evidenceLevel":0,"originLevel":0,"hasRecord":false,"recordRelation":null,"status":"current","disputed":false,"precision":"oaza","areaKey":"21216014001","elements":["baba"],"summary":"要素辞書に一致（baba）。出典による裏づけは未確認。","zones":[],"dataset":"candidates"}},{"type":"Feature","geometry":{"type":"Point","coordinates":[136.67961,35.414928]},"properties":{"id":"21-b06be87ab4","name":"馬場前畑町一丁目","reading":"ババマエハタマチ 1","pref":"岐阜県","prefCode":"21","municipality":"瑞穂市","hazardTypes":["slope_failure"],"evidenceLevel":0,"originLevel":0,"hasRecord":false,"recordRelation":null,"status":"current","disputed":false,"precision":"oaza","areaKey":"21216012001","elements":["baba"],"summary":"要素辞書に一致（baba）。出典による裏づけは未確認。","zones":[],"dataset":"candidates"}},{"type":"Feature","geometry":{"type":"Point","coordinates":[137.305303,36.359518]},"properties":{"id":"21-74db603106","name":"神岡町鹿間","reading":"カミオカチョウシカマ","pref":"岐阜県","prefCode":"21","municipality":"飛騨市","hazardTypes":["landslide","soft_ground"],"evidenceLevel":0,"originLevel":0,"hasRecord":false,"recordRelation":null,"status":"current","disputed":false,"precision":"oaza","areaKey":"212171070","elements":["shishi"],"summary":"要素辞書に一致（shishi）。出典による裏づけは未確認。","zones":[],"dataset":"candidates"}},{"type":"Feature","geometry":{"type":"Point","coordinates":[137.180384,36.233366]},"properties":{"id":"21-67b0544167","name":"古川町朝開町","reading":"フルカワチョウアサビラキマチ","pref":"岐阜県","prefCode":"21","municipality":"飛騨市","hazardTypes":["flood","inundation"],"evidenceLevel":0,"originLevel":0,"hasRecord":false,"recordRelation":null,"status":"current","disputed":false,"precision":"oaza","areaKey":"212170440","elements":["furukawa"],"summary":"要素辞書に一致（furukawa）。出典による裏づけは未確認。","zones":[],"dataset":"candidates"}},{"type":"Feature","geometry":{"type":"Point","coordinates":[137.185858,36.235555]},"properties":{"id":"21-3bf1f6fe22","name":"古川町壱之町","reading":"フルカワチョウイチノマチ","pref":"岐阜県","prefCode":"21","municipality":"飛騨市","hazardTypes":["flood","inundation"],"evidenceLevel":0,"originLevel":0,"hasRecord":false,"recordRelation":null,"status":"current","disputed":false,"precision":"oaza","areaKey":"212170010","elements":["furukawa"],"summary":"要素辞書に一致（furukawa）。出典による裏づけは未確認。","zones":[],"dataset":"candidates"}},{"type":"Feature","geometry":{"type":"Point","coordinates":[137.13214,36.205078]},"properties":{"id":"21-cb5b804280","name":"古川町畦畑","reading":"フルカワチョウウネハタ","pref":"岐阜県","prefCode":"21","municipality":"飛騨市","hazardTypes":["flood","inundation"],"evidenceLevel":0,"originLevel":0,"hasRecord":false,"recordRelation":null,"status":"current","disputed":false,"precision":"oaza","areaKey":"212170020","elements":["furukawa"],"summary":"要素辞書に一致（furukawa）。出典による裏づけは未確認。","zones":[],"dataset":"candidates"}},{"type":"Feature","geometry":{"type":"Point","coordinates":[137.203486,36.216]},"properties":{"id":"21-720f1e60f3","name":"古川町大野町","reading":"フルカワチョウオオノチョウ","pref":"岐阜県","prefCode":"21","municipality":"飛騨市","hazardTypes":["flood","inundation"],"evidenceLevel":0,"originLevel":0,"hasRecord":false,"recordRelation":null,"status":"current","disputed":false,"precision":"oaza","areaKey":"212170030","elements":["furukawa"],"summary":"要素辞書に一致（furukawa）。出典による裏づけは未確認。","zones":[],"dataset":"candidates"}},{"type":"Feature","geometry":{"type":"Point","coordinates":[137.193122,36.233447]},"properties":{"id":"21-973546703b","name":"古川町片原町","reading":"フルカワチョウカタハラチョウ","pref":"岐阜県","prefCode":"21","municipality":"飛騨市","hazardTypes":["flood","inundation"],"evidenceLevel":0,"originLevel":0,"hasRecord":false,"recordRelation":null,"status":"current","disputed":false,"precision":"oaza","areaKey":"212170040","elements":["furukawa"],"summary":"要素辞書に一致（furukawa）。出典による裏づけは未確認。","zones":[],"dataset":"candidates"}},{"type":"Feature","geometry":{"type":"Point","coordinates":[137.189109,36.236162]},"properties":{"id":"21-0bf759dbba","name":"古川町金森町","reading":"フルカワチョウカナモリチョウ","pref":"岐阜県","prefCode":"21","municipality":"飛騨市","hazardTypes":["flood","inundation"],"evidenceLevel":0,"originLevel":0,"hasRecord":false,"recordRelation":null,"status":"current","disputed":false,"precision":"oaza","areaKey":"212170050","elements":["furukawa"],"summary":"要素辞書に一致（furukawa）。出典による裏づけは未確認。","zones":[],"dataset":"candidates"}},{"type":"Feature","geometry":{"type":"Point","coordinates":[137.203833,36.243489]},"properties":{"id":"21-ce69ee4ca5","name":"古川町上気多","reading":"フルカワチョウカミキタ","pref":"岐阜県","prefCode":"21","municipality":"飛騨市","hazardTypes":["flood","inundation"],"evidenceLevel":0,"originLevel":0,"hasRecord":false,"recordRelation":null,"status":"current","disputed":false,"precision":"oaza","areaKey":"212170060","elements":["furukawa"],"summary":"要素辞書に一致（furukawa）。出典による裏づけは未確認。","zones":[],"dataset":"candidates"}},{"type":"Feature","geometry":{"type":"Point","coordinates":[137.167669,36.241495]},"properties":{"id":"21-8d8d66e40e","name":"古川町上野","reading":"フルカワチョウカミノ","pref":"岐阜県","prefCode":"21","municipality":"飛騨市","hazardTypes":["flood","inundation"],"evidenceLevel":0,"originLevel":0,"hasRecord":false,"recordRelation":null,"status":"current","disputed":false,"precision":"oaza","areaKey":"212170070","elements":["furukawa"],"summary":"要素辞書に一致（furukawa）。出典による裏づけは未確認。","zones":[],"dataset":"candidates"}},{"type":"Feature","geometry":{"type":"Point","coordinates":[137.196485,36.222205]},"properties":{"id":"21-af439933ea","name":"古川町上町","reading":"フルカワチョウカンマチ","pref":"岐阜県","prefCode":"21","municipality":"飛騨市","hazardTypes":["flood","inundation"],"evidenceLevel":0,"originLevel":0,"hasRecord":false,"recordRelation":null,"status":"current","disputed":false,"precision":"oaza","areaKey":"212170081","elements":["furukawa"],"summary":"要素辞書に一致（furukawa）。出典による裏づけは未確認。","zones":[],"dataset":"candidates"}},{"type":"Feature","geometry":{"type":"Point","coordinates":[137.191556,36.230185]},"properties":{"id":"21-699b9c04c2","name":"古川町貴船町","reading":"フルカワチョウキフネチョウ","pref":"岐阜県","prefCode":"21","municipality":"飛騨市","hazardTypes":["flood","inundation"],"evidenceLevel":0,"originLevel":0,"hasRecord":false,"recordRelation":null,"status":"current","disputed":false,"precision":"oaza","areaKey":"212170090","elements":["furukawa"],"summary":"要素辞書に一致（furukawa）。出典による裏づけは未確認。","zones":[],"dataset":"candidates"}},{"type":"Feature","geometry":{"type":"Point","coordinates":[137.106074,36.232574]},"properties":{"id":"21-1698187254","name":"古川町黒内","reading":"フルカワチョウクロウチ","pref":"岐阜県","prefCode":"21","municipality":"飛騨市","hazardTypes":["flood","inundation"],"evidenceLevel":0,"originLevel":0,"hasRecord":false,"recordRelation":null,"status":"current","disputed":false,"precision":"oaza","areaKey":"212170100","elements":["furukawa"],"summary":"要素辞書に一致（furukawa）。出典による裏づけは未確認。","zones":[],"dataset":"candidates"}},{"type":"Feature","geometry":{"type":"Point","coordinates":[137.148934,36.262238]},"properties":{"id":"21-fc7b036790","name":"古川町袈裟丸","reading":"フルカワチョウケサマル","pref":"岐阜県","prefCode":"21","municipality":"飛騨市","hazardTypes":["flood","inundation"],"evidenceLevel":0,"originLevel":0,"hasRecord":false,"recordRelation":null,"status":"current","disputed":false,"precision":"oaza","areaKey":"212170110","elements":["furukawa"],"summary":"要素辞書に一致（furukawa）。出典による裏づけは未確認。","zones":[],"dataset":"candidates"}},{"type":"Feature","geometry":{"type":"Point","coordinates":[137.187467,36.229168]},"properties":{"id":"21-0f2c7a654e","name":"古川町幸栄町","reading":"フルカワチョウコウエイチョウ","pref":"岐阜県","prefCode":"21","municipality":"飛騨市","hazardTypes":["flood","inundation"],"evidenceLevel":0,"originLevel":0,"hasRecord":false,"recordRelation":null,"status":"current","disputed":false,"precision":"oaza","areaKey":"212170120","elements":["furukawa"],"summary":"要素辞書に一致（furukawa）。出典による裏づけは未確認。","zones":[],"dataset":"candidates"}},{"type":"Feature","geometry":{"type":"Point","coordinates":[137.197479,36.226707]},"properties":{"id":"21-b79fb6bd45","name":"古川町是重","reading":"フルカワチョウコレシゲ","pref":"岐阜県","prefCode":"21","municipality":"飛騨市","hazardTypes":["flood","inundation"],"evidenceLevel":0,"originLevel":0,"hasRecord":false,"recordRelation":null,"status":"current","disputed":false,"precision":"oaza","areaKey":"212170132","elements":["furukawa"],"summary":"要素辞書に一致（furukawa）。出典による裏づけは未確認。","zones":[],"dataset":"candidates"}},{"type":"Feature","geometry":{"type":"Point","coordinates":[137.179767,36.23958]},"properties":{"id":"21-dc878c2cac","name":"古川町栄一丁目","reading":"フルカワチョウサカエ 1","pref":"岐阜県","prefCode":"21","municipality":"飛騨市","hazardTypes":["flood","inundation"],"evidenceLevel":0,"originLevel":0,"hasRecord":false,"recordRelation":null,"status":"current","disputed":false,"precision":"oaza","areaKey":"21217014001","elements":["furukawa"],"summary":"要素辞書に一致（furukawa）。出典による裏づけは未確認。","zones":[],"dataset":"candidates"}},{"type":"Feature","geometry":{"type":"Point","coordinates":[137.135768,36.231768]},"properties":{"id":"21-3a906552cc","name":"古川町笹ヶ洞","reading":"フルカワチョウササガホラ","pref":"岐阜県","prefCode":"21","municipality":"飛騨市","hazardTypes":["flood","inundation"],"evidenceLevel":0,"originLevel":0,"hasRecord":false,"recordRelation":null,"status":"current","disputed":false,"precision":"oaza","areaKey":"212170150","elements":["furukawa"],"summary":"要素辞書に一致（furukawa）。出典による裏づけは未確認。","zones":[],"dataset":"candidates"}},{"type":"Feature","geometry":{"type":"Point","coordinates":[137.184021,36.23469]},"properties":{"id":"21-a0919defaa","name":"古川町三之町","reading":"フルカワチョウサンノマチ","pref":"岐阜県","prefCode":"21","municipality":"飛騨市","hazardTypes":["flood","inundation"],"evidenceLevel":0,"originLevel":0,"hasRecord":false,"recordRelation":null,"status":"current","disputed":false,"precision":"oaza","areaKey":"212170160","elements":["furukawa"],"summary":"要素辞書に一致（furukawa）。出典による裏づけは未確認。","zones":[],"dataset":"candidates"}},{"type":"Feature","geometry":{"type":"Point","coordinates":[137.188506,36.246833]},"properties":{"id":"21-038a8e7f00","name":"古川町下気多","reading":"フルカワチョウシモキタ","pref":"岐阜県","prefCode":"21","municipality":"飛騨市","hazardTypes":["flood","inundation"],"evidenceLevel":0,"originLevel":0,"hasRecord":false,"recordRelation":null,"status":"current","disputed":false,"precision":"oaza","areaKey":"212170170","elements":["furukawa"],"summary":"要素辞書に一致（furukawa）。出典による裏づけは未確認。","zones":[],"dataset":"candidates"}},{"type":"Feature","geometry":{"type":"Point","coordinates":[137.147694,36.251646]},"properties":{"id":"21-1a4c1721f9","name":"古川町下野","reading":"フルカワチョウシモノ","pref":"岐阜県","prefCode":"21","municipality":"飛騨市","hazardTypes":["flood","inundation"],"evidenceLevel":0,"originLevel":0,"hasRecord":false,"recordRelation":null,"status":"current","disputed":false,"precision":"oaza","areaKey":"212170180","elements":["furukawa"],"summary":"要素辞書に一致（furukawa）。出典による裏づけは未確認。","zones":[],"dataset":"candidates"}},{"type":"Feature","geometry":{"type":"Point","coordinates":[137.182109,36.24086]},"properties":{"id":"21-8f8c98c6ad","name":"古川町新栄町","reading":"フルカワチョウシンサカエマチ","pref":"岐阜県","prefCode":"21","municipality":"飛騨市","hazardTypes":["flood","inundation"],"evidenceLevel":0,"originLevel":0,"hasRecord":false,"recordRelation":null,"status":"current","disputed":false,"precision":"oaza","areaKey":"212170190","elements":["furukawa"],"summary":"要素辞書に一致（furukawa）。出典による裏づけは未確認。","zones":[],"dataset":"candidates"}},{"type":"Feature","geometry":{"type":"Point","coordinates":[137.148341,36.278457]},"properties":{"id":"21-c894a4e1b6","name":"古川町末真","reading":"フルカワチョウスエザネ","pref":"岐阜県","prefCode":"21","municipality":"飛騨市","hazardTypes":["flood","inundation"],"evidenceLevel":0,"originLevel":0,"hasRecord":false,"recordRelation":null,"status":"current","disputed":false,"precision":"oaza","areaKey":"212170200","elements":["furukawa"],"summary":"要素辞書に一致（furukawa）。出典による裏づけは未確認。","zones":[],"dataset":"candidates"}},{"type":"Feature","geometry":{"type":"Point","coordinates":[137.183868,36.237764]},"properties":{"id":"21-f7c2a539bc","name":"古川町末広町","reading":"フルカワチョウスエヒロチョウ","pref":"岐阜県","prefCode":"21","municipality":"飛騨市","hazardTypes":["flood","inundation"],"evidenceLevel":0,"originLevel":0,"hasRecord":false,"recordRelation":null,"status":"current","disputed":false,"precision":"oaza","areaKey":"212170210","elements":["furukawa"],"summary":"要素辞書に一致（furukawa）。出典による裏づけは未確認。","zones":[],"dataset":"candidates"}},{"type":"Feature","geometry":{"type":"Point","coordinates":[137.162992,36.261166]},"properties":{"id":"21-f99ee08738","name":"古川町杉崎","reading":"フルカワチョウスギサキ","pref":"岐阜県","prefCode":"21","municipality":"飛騨市","hazardTypes":["flood","inundation"],"evidenceLevel":0,"originLevel":0,"hasRecord":false,"recordRelation":null,"status":"current","disputed":false,"precision":"oaza","areaKey":"212170220","elements":["furukawa"],"summary":"要素辞書に一致（furukawa）。出典による裏づけは未確認。","zones":[],"dataset":"candidates"}},{"type":"Feature","geometry":{"type":"Point","coordinates":[137.195984,36.295415]},"properties":{"id":"21-7528934d81","name":"古川町数河","reading":"フルカワチョウスゴウ","pref":"岐阜県","prefCode":"21","municipality":"飛騨市","hazardTypes":["flood","inundation"],"evidenceLevel":0,"originLevel":0,"hasRecord":false,"recordRelation":null,"status":"current","disputed":false,"precision":"oaza","areaKey":"212170230","elements":["furukawa"],"summary":"要素辞書に一致（furukawa）。出典による裏づけは未確認。","zones":[],"dataset":"candidates"}},{"type":"Feature","geometry":{"type":"Point","coordinates":[137.196427,36.264736]},"properties":{"id":"21-51f9be135a","name":"古川町太江","reading":"フルカワチョウタイエ","pref":"岐阜県","prefCode":"21","municipality":"飛騨市","hazardTypes":["flood","inundation"],"evidenceLevel":0,"originLevel":0,"hasRecord":false,"recordRelation":null,"status":"current","disputed":false,"precision":"oaza","areaKey":"212170240","elements":["furukawa"],"summary":"要素辞書に一致（furukawa）。出典による裏づけは未確認。","zones":[],"dataset":"candidates"}},{"type":"Feature","geometry":{"type":"Point","coordinates":[137.175807,36.224063]},"properties":{"id":"21-027a2050a7","name":"古川町高野","reading":"フルカワチョウタカノ","pref":"岐阜県","prefCode":"21","municipality":"飛騨市","hazardTypes":["flood","inundation"],"evidenceLevel":0,"originLevel":0,"hasRecord":false,"recordRelation":null,"status":"current","disputed":false,"precision":"oaza","areaKey":"212170250","elements":["furukawa"],"summary":"要素辞書に一致（furukawa）。出典による裏づけは未確認。","zones":[],"dataset":"candidates"}},{"type":"Feature","geometry":{"type":"Point","coordinates":[137.125281,36.270078]},"properties":{"id":"21-bd849db33d","name":"古川町谷","reading":"フルカワチョウタニ","pref":"岐阜県","prefCode":"21","municipality":"飛騨市","hazardTypes":["flood","inundation"],"evidenceLevel":0,"originLevel":0,"hasRecord":false,"recordRelation":null,"status":"current","disputed":false,"precision":"oaza","areaKey":"212170260","elements":["furukawa"],"summary":"要素辞書に一致（furukawa）。出典による裏づけは未確認。","zones":[],"dataset":"candidates"}},{"type":"Feature","geometry":{"type":"Point","coordinates":[137.145527,36.237794]},"properties":{"id":"21-b05821615e","name":"古川町寺地","reading":"フルカワチョウテラジ","pref":"岐阜県","prefCode":"21","municipality":"飛騨市","hazardTypes":["flood","inundation"],"evidenceLevel":0,"originLevel":0,"hasRecord":false,"recordRelation":null,"status":"current","disputed":false,"precision":"oaza","areaKey":"212170270","elements":["furukawa"],"summary":"要素辞書に一致（furukawa）。出典による裏づけは未確認。","zones":[],"dataset":"candidates"}},{"type":"Feature","geometry":{"type":"Point","coordinates":[137.164579,36.282118]},"properties":{"id":"21-a3574efe05","name":"古川町戸市","reading":"フルカワチョウトイチ","pref":"岐阜県","prefCode":"21","municipality":"飛騨市","hazardTypes":["flood","inundation"],"evidenceLevel":0,"originLevel":0,"hasRecord":false,"recordRelation":null,"status":"current","disputed":false,"precision":"oaza","areaKey":"212170400","elements":["furukawa"],"summary":"要素辞書に一致（furukawa）。出典による裏づけは未確認。","zones":[],"dataset":"candidates"}},{"type":"Feature","geometry":{"type":"Point","coordinates":[137.188231,36.235116]},"properties":{"id":"21-d469e87bbf","name":"古川町殿町","reading":"フルカワチョウトノマチ","pref":"岐阜県","prefCode":"21","municipality":"飛騨市","hazardTypes":["flood","inundation"],"evidenceLevel":0,"originLevel":0,"hasRecord":false,"recordRelation":null,"status":"current","disputed":false,"precision":"oaza","areaKey":"212170280","elements":["furukawa"],"summary":"要素辞書に一致（furukawa）。出典による裏づけは未確認。","zones":[],"dataset":"candidates"}},{"type":"Feature","geometry":{"type":"Point","coordinates":[137.154129,36.238994]},"properties":{"id":"21-8d546bbe9b","name":"古川町中野","reading":"フルカワチョウナカノ","pref":"岐阜県","prefCode":"21","municipality":"飛騨市","hazardTypes":["flood","inundation"],"evidenceLevel":0,"originLevel":0,"hasRecord":false,"recordRelation":null,"status":"current","disputed":false,"precision":"oaza","areaKey":"212170290","elements":["furukawa"],"summary":"要素辞書に一致（furukawa）。出典による裏づけは未確認。","zones":[],"dataset":"candidates"}},{"type":"Feature","geometry":{"type":"Point","coordinates":[137.184559,36.22751]},"properties":{"id":"21-f9b20a6101","name":"古川町南成町","reading":"フルカワチョウナンセイチョウ","pref":"岐阜県","prefCode":"21","municipality":"飛騨市","hazardTypes":["flood","inundation","landslide"],"evidenceLevel":0,"originLevel":0,"hasRecord":false,"recordRelation":null,"status":"current","disputed":false,"precision":"oaza","areaKey":"212170082","elements":["furukawa","nari"],"summary":"要素辞書に一致（furukawa・nari）。出典による裏づけは未確認。","zones":[],"dataset":"candidates"}},{"type":"Feature","geometry":{"type":"Point","coordinates":[137.184358,36.23566]},"properties":{"id":"21-12f5abb6be","name":"古川町弐之町","reading":"フルカワチョウニノマチ","pref":"岐阜県","prefCode":"21","municipality":"飛騨市","hazardTypes":["flood","inundation"],"evidenceLevel":0,"originLevel":0,"hasRecord":false,"recordRelation":null,"status":"current","disputed":false,"precision":"oaza","areaKey":"212170300","elements":["furukawa"],"summary":"要素辞書に一致（furukawa）。出典による裏づけは未確認。","zones":[],"dataset":"candidates"}},{"type":"Feature","geometry":{"type":"Point","coordinates":[137.176178,36.248214]},"properties":{"id":"21-df3fabec32","name":"古川町沼町","reading":"フルカワチョウヌママチ","pref":"岐阜県","prefCode":"21","municipality":"飛騨市","hazardTypes":["flood","inundation","soft_ground"],"evidenceLevel":0,"originLevel":0,"hasRecord":false,"recordRelation":null,"status":"current","disputed":false,"precision":"oaza","areaKey":"212170310","elements":["furukawa","numa_kata"],"summary":"要素辞書に一致（furukawa・numa_kata）。出典による裏づけは未確認。","zones":[],"dataset":"candidates"}},{"type":"Feature","geometry":{"type":"Point","coordinates":[137.138474,36.277625]},"properties":{"id":"21-f7ea511e1d","name":"古川町野口","reading":"フルカワチョウノグチ","pref":"岐阜県","prefCode":"21","municipality":"飛騨市","hazardTypes":["flood","inundation"],"evidenceLevel":0,"originLevel":0,"hasRecord":false,"recordRelation":null,"status":"current","disputed":false,"precision":"oaza","areaKey":"212170320","elements":["furukawa"],"summary":"要素辞書に一致（furukawa）。出典による裏づけは未確認。","zones":[],"dataset":"candidates"}},{"type":"Feature","geometry":{"type":"Point","coordinates":[137.117937,36.256587]},"properties":{"id":"21-18489f0e96","name":"古川町信包","reading":"フルカワチョウノブカ","pref":"岐阜県","prefCode":"21","municipality":"飛騨市","hazardTypes":["flood","inundation"],"evidenceLevel":0,"originLevel":0,"hasRecord":false,"recordRelation":null,"status":"current","disputed":false,"precision":"oaza","areaKey":"212170330","elements":["furukawa"],"summary":"要素辞書に一致（furukawa）。出典による裏づけは未確認。","zones":[],"dataset":"candidates"}},{"type":"Feature","geometry":{"type":"Point","coordinates":[137.194268,36.231501]},"properties":{"id":"21-3031d1f96b","name":"古川町東町","reading":"フルカワチョウヒガシマチ","pref":"岐阜県","prefCode":"21","municipality":"飛騨市","hazardTypes":["flood","inundation"],"evidenceLevel":0,"originLevel":0,"hasRecord":false,"recordRelation":null,"status":"current","disputed":false,"precision":"oaza","areaKey":"212170340","elements":["furukawa"],"summary":"要素辞書に一致（furukawa）。出典による裏づけは未確認。","zones":[],"dataset":"candidates"}},{"type":"Feature","geometry":{"type":"Point","coordinates":[137.163454,36.228926]},"properties":{"id":"21-bd0ad92a92","name":"古川町平岩","reading":"フルカワチョウヒライワ","pref":"岐阜県","prefCode":"21","municipality":"飛騨市","hazardTypes":["flood","inundation"],"evidenceLevel":0,"originLevel":0,"hasRecord":false,"recordRelation":null,"status":"current","disputed":false,"precision":"oaza","areaKey":"212170410","elements":["furukawa"],"summary":"要素辞書に一致（furukawa）。出典による裏づけは未確認。","zones":[],"dataset":"candidates"}},{"type":"Feature","geometry":{"type":"Point","coordinates":[137.186124,36.238202]},"properties":{"id":"21-ed3dde2d08","name":"古川町本町","reading":"フルカワチョウホンマチ","pref":"岐阜県","prefCode":"21","municipality":"飛騨市","hazardTypes":["flood","inundation"],"evidenceLevel":0,"originLevel":0,"hasRecord":false,"recordRelation":null,"status":"current","disputed":false,"precision":"oaza","areaKey":"212170350","elements":["furukawa"],"summary":"要素辞書に一致（furukawa）。出典による裏づけは未確認。","zones":[],"dataset":"candidates"}},{"type":"Feature","geometry":{"type":"Point","coordinates":[137.190085,36.231617]},"properties":{"id":"21-f810a4c00e","name":"古川町増島町","reading":"フルカワチョウマスシマチョウ","pref":"岐阜県","prefCode":"21","municipality":"飛騨市","hazardTypes":["flood","inundation"],"evidenceLevel":0,"originLevel":0,"hasRecord":false,"recordRelation":null,"status":"current","disputed":false,"precision":"oaza","areaKey":"212170360","elements":["furukawa"],"summary":"要素辞書に一致（furukawa）。出典による裏づけは未確認。","zones":[],"dataset":"candidates"}},{"type":"Feature","geometry":{"type":"Point","coordinates":[137.176468,36.239482]},"properties":{"id":"21-486b966f7f","name":"古川町宮城町","reading":"フルカワチョウミヤギチョウ","pref":"岐阜県","prefCode":"21","municipality":"飛騨市","hazardTypes":["flood","inundation"],"evidenceLevel":0,"originLevel":0,"hasRecord":false,"recordRelation":null,"status":"current","disputed":false,"precision":"oaza","areaKey":"212170370","elements":["furukawa"],"summary":"要素辞書に一致（furukawa）。出典による裏づけは未確認。","zones":[],"dataset":"candidates"}},{"type":"Feature","geometry":{"type":"Point","coordinates":[137.186552,36.22416]},"properties":{"id":"21-9bf17afd04","name":"古川町向町","reading":"フルカワチョウムカイマチ","pref":"岐阜県","prefCode":"21","municipality":"飛騨市","hazardTypes":["flood","inundation"],"evidenceLevel":0,"originLevel":0,"hasRecord":false,"recordRelation":null,"status":"current","disputed":false,"precision":"oaza","areaKey":null,"elements":["furukawa"],"summary":"要素辞書に一致（furukawa）。出典による裏づけは未確認。","zones":[],"dataset":"candidates"}},{"type":"Feature","geometry":{"type":"Point","coordinates":[137.19455,36.234398]},"properties":{"id":"21-b1c64b8e8d","name":"古川町若宮一丁目","reading":"フルカワチョウワカミヤ 1","pref":"岐阜県","prefCode":"21","municipality":"飛騨市","hazardTypes":["flood","inundation"],"evidenceLevel":0,"originLevel":0,"hasRecord":false,"recordRelation":null,"status":"current","disputed":false,"precision":"oaza","areaKey":"21217039001","elements":["furukawa"],"summary":"要素辞書に一致（furukawa）。出典による裏づけは未確認。","zones":[],"dataset":"candidates"}},{"type":"Feature","geometry":{"type":"Point","coordinates":[137.191944,36.43526]},"properties":{"id":"21-74b916d5f0","name":"宮川町小豆沢","reading":"ミヤガワチョウアズキザワ","pref":"岐阜県","prefCode":"21","municipality":"飛騨市","hazardTypes":["debris_flow","slope_failure"],"evidenceLevel":0,"originLevel":0,"hasRecord":false,"recordRelation":null,"status":"current","disputed":false,"precision":"oaza","areaKey":"212170660","elements":["azu"],"summary":"要素辞書に一致（azu）。出典による裏づけは未確認。","zones":[],"dataset":"candidates"}},{"type":"Feature","geometry":{"type":"Point","coordinates":[137.213366,36.424855]},"properties":{"id":"21-dbc893c262","name":"宮川町鮎飛","reading":"ミヤガワチョウアユトビ","pref":"岐阜県","prefCode":"21","municipality":"飛騨市","hazardTypes":["slope_failure","debris_flow"],"evidenceLevel":0,"originLevel":0,"hasRecord":false,"recordRelation":null,"status":"current","disputed":false,"precision":"oaza","areaKey":null,"elements":["tobi"],"summary":"要素辞書に一致（tobi）。出典による裏づけは未確認。","zones":[],"dataset":"candidates"}},{"type":"Feature","geometry":{"type":"Point","coordinates":[137.139487,36.313688]},"properties":{"id":"21-18822e4e65","name":"宮川町岸奥","reading":"ミヤガワチョウキシオク","pref":"岐阜県","prefCode":"21","municipality":"飛騨市","hazardTypes":["slope_failure"],"evidenceLevel":0,"originLevel":0,"hasRecord":false,"recordRelation":null,"status":"current","disputed":false,"precision":"oaza","areaKey":"212170790","elements":["kake"],"summary":"要素辞書に一致（kake）。出典による裏づけは未確認。","zones":[],"dataset":"candidates"}},{"type":"Feature","geometry":{"type":"Point","coordinates":[137.181646,36.357528]},"properties":{"id":"21-6e3d208a33","name":"宮川町三川原","reading":"ミヤガワチョウサンガワラ","pref":"岐阜県","prefCode":"21","municipality":"飛騨市","hazardTypes":["flood"],"evidenceLevel":0,"originLevel":0,"hasRecord":false,"recordRelation":null,"status":"current","disputed":false,"precision":"oaza","areaKey":"212170630","elements":["kawara"],"summary":"要素辞書に一致（kawara）。出典による裏づけは未確認。","zones":[],"dataset":"candidates"}},{"type":"Feature","geometry":{"type":"Point","coordinates":[137.22696,36.337064]},"properties":{"id":"21-5288135962","name":"宮川町菅沼","reading":"ミヤガワチョウスガヌマ","pref":"岐阜県","prefCode":"21","municipality":"飛騨市","hazardTypes":["landslide","soft_ground","inundation"],"evidenceLevel":0,"originLevel":0,"hasRecord":false,"recordRelation":null,"status":"current","disputed":false,"precision":"oaza","areaKey":"212170860","elements":["wetland_plants","numa_kata"],"summary":"要素辞書に一致（wetland_plants・numa_kata）。出典による裏づけは未確認。","zones":[],"dataset":"candidates"}},{"type":"Feature","geometry":{"type":"Point","coordinates":[137.194607,36.354172]},"properties":{"id":"21-b66d36fa9d","name":"宮川町種蔵","reading":"ミヤガワチョウタネクラ","pref":"岐阜県","prefCode":"21","municipality":"飛騨市","hazardTypes":["slope_failure","rockfall"],"evidenceLevel":0,"originLevel":0,"hasRecord":false,"recordRelation":null,"status":"current","disputed":false,"precision":"oaza","areaKey":"212170850","elements":["kura"],"summary":"要素辞書に一致（kura）。出典による裏づけは未確認。","zones":[],"dataset":"candidates"}},{"type":"Feature","geometry":{"type":"Point","coordinates":[136.677226,35.424619]},"properties":{"id":"21-8d83f9b10b","name":"小柿","reading":"コガキ","pref":"岐阜県","prefCode":"21","municipality":"本巣市","hazardTypes":["slope_failure"],"evidenceLevel":0,"originLevel":0,"hasRecord":false,"recordRelation":null,"status":"current","disputed":false,"precision":"oaza","areaKey":"21218060011","elements":["kake"],"summary":"要素辞書に一致（kake）。出典による裏づけは未確認。","zones":[],"dataset":"candidates"}},{"type":"Feature","geometry":{"type":"Point","coordinates":[136.640616,35.429933]},"properties":{"id":"21-443f17f117","name":"東川原","reading":null,"pref":"岐阜県","prefCode":"21","municipality":"本巣市","hazardTypes":["flood"],"evidenceLevel":0,"originLevel":0,"hasRecord":false,"recordRelation":null,"status":"current","disputed":false,"precision":"koaza","areaKey":"212180630","elements":["kawara"],"summary":"要素辞書に一致（kawara）。出典による裏づけは未確認。","zones":[],"dataset":"candidates"}},{"type":"Feature","geometry":{"type":"Point","coordinates":[136.554524,35.759241]},"properties":{"id":"21-9b77aad3fb","name":"根尾大河原","reading":"ネオオオカワラ","pref":"岐阜県","prefCode":"21","municipality":"本巣市","hazardTypes":["flood"],"evidenceLevel":0,"originLevel":0,"hasRecord":false,"recordRelation":null,"status":"current","disputed":false,"precision":"oaza","areaKey":"212180290","elements":["kawara"],"summary":"要素辞書に一致（kawara）。出典による裏づけは未確認。","zones":[],"dataset":"candidates"}},{"type":"Feature","geometry":{"type":"Point","coordinates":[136.638601,35.653561]},"properties":{"id":"21-61286d7afe","name":"根尾小鹿","reading":"ネオオジカ","pref":"岐阜県","prefCode":"21","municipality":"本巣市","hazardTypes":["landslide","soft_ground"],"evidenceLevel":0,"originLevel":0,"hasRecord":false,"recordRelation":null,"status":"current","disputed":false,"precision":"oaza","areaKey":"212180320","elements":["shishi"],"summary":"要素辞書に一致（shishi）。出典による裏づけは未確認。","zones":[],"dataset":"candidates"}},{"type":"Feature","geometry":{"type":"Point","coordinates":[136.991079,35.820134]},"properties":{"id":"21-80ff18cfad","name":"八幡町河鹿","reading":"ハチマンチョウカジカ","pref":"岐阜県","prefCode":"21","municipality":"郡上市","hazardTypes":["landslide","soft_ground"],"evidenceLevel":0,"originLevel":0,"hasRecord":false,"recordRelation":null,"status":"current","disputed":false,"precision":"oaza","areaKey":null,"elements":["shishi"],"summary":"要素辞書に一致（shishi）。出典による裏づけは未確認。","zones":[],"dataset":"candidates"}},{"type":"Feature","geometry":{"type":"Point","coordinates":[136.956033,35.751933]},"properties":{"id":"21-fb811d1e24","name":"八幡町鍛冶屋町","reading":"ハチマンチョウカジヤマチ","pref":"岐阜県","prefCode":"21","municipality":"郡上市","hazardTypes":["slope_failure"],"evidenceLevel":0,"originLevel":0,"hasRecord":false,"recordRelation":null,"status":"current","disputed":false,"precision":"oaza","areaKey":null,"elements":["kaji_kamu"],"summary":"要素辞書に一致（kaji_kamu）。出典による裏づけは未確認。","zones":[],"dataset":"candidates"}},{"type":"Feature","geometry":{"type":"Point","coordinates":[137.005969,35.685176]},"properties":{"id":"21-cb509895bd","name":"八幡町野々倉","reading":"ハチマンチョウノノクラ","pref":"岐阜県","prefCode":"21","municipality":"郡上市","hazardTypes":["slope_failure","rockfall"],"evidenceLevel":0,"originLevel":0,"hasRecord":false,"recordRelation":null,"status":"current","disputed":false,"precision":"oaza","areaKey":null,"elements":["kura"],"summary":"要素辞書に一致（kura）。出典による裏づけは未確認。","zones":[],"dataset":"candidates"}},{"type":"Feature","geometry":{"type":"Point","coordinates":[136.980879,35.705354]},"properties":{"id":"21-f35d12f0f7","name":"美並町梅原","reading":"ミナミチョウウメハラ","pref":"岐阜県","prefCode":"21","municipality":"郡上市","hazardTypes":["landslide","slope_failure"],"evidenceLevel":0,"originLevel":0,"hasRecord":false,"recordRelation":null,"status":"current","disputed":false,"precision":"oaza","areaKey":null,"elements":["ume"],"summary":"要素辞書に一致（ume）。出典による裏づけは未確認。","zones":[],"dataset":"candidates"}},{"type":"Feature","geometry":{"type":"Point","coordinates":[137.070347,35.811112]},"properties":{"id":"21-de201c4ff3","name":"和良町鹿倉","reading":"ワラチョウカクラ","pref":"岐阜県","prefCode":"21","municipality":"郡上市","hazardTypes":["slope_failure","rockfall","landslide","soft_ground"],"evidenceLevel":0,"originLevel":0,"hasRecord":false,"recordRelation":null,"status":"current","disputed":false,"precision":"oaza","areaKey":null,"elements":["kura","shishi"],"summary":"要素辞書に一致（kura・shishi）。出典による裏づけは未確認。","zones":[],"dataset":"candidates"}},{"type":"Feature","geometry":{"type":"Point","coordinates":[137.127918,35.647793]},"properties":{"id":"21-6c62f456ae","name":"金山町菅田桐洞","reading":"カナヤマチョウスガタキリホラ","pref":"岐阜県","prefCode":"21","municipality":"下呂市","hazardTypes":["landslide","soft_ground"],"evidenceLevel":0,"originLevel":0,"hasRecord":false,"recordRelation":null,"status":"current","disputed":false,"precision":"oaza","areaKey":null,"elements":["wetland_plants"],"summary":"要素辞書に一致（wetland_plants）。出典による裏づけは未確認。","zones":[],"dataset":"candidates"}},{"type":"Feature","geometry":{"type":"Point","coordinates":[137.099137,35.650622]},"properties":{"id":"21-e691529251","name":"金山町菅田笹洞","reading":"カナヤマチョウスガタササホラ","pref":"岐阜県","prefCode":"21","municipality":"下呂市","hazardTypes":["landslide","soft_ground"],"evidenceLevel":0,"originLevel":0,"hasRecord":false,"recordRelation":null,"status":"current","disputed":false,"precision":"oaza","areaKey":null,"elements":["wetland_plants"],"summary":"要素辞書に一致（wetland_plants）。出典による裏づけは未確認。","zones":[],"dataset":"candidates"}},{"type":"Feature","geometry":{"type":"Point","coordinates":[137.274258,35.747328]},"properties":{"id":"21-193ed01e04","name":"夏焼","reading":"ナツヤケ","pref":"岐阜県","prefCode":"21","municipality":"下呂市","hazardTypes":["debris_flow","slope_failure"],"evidenceLevel":0,"originLevel":0,"hasRecord":false,"recordRelation":null,"status":"current","disputed":false,"precision":"oaza","areaKey":"21220012001","elements":["nazu_natsu"],"summary":"要素辞書に一致（nazu_natsu）。出典による裏づけは未確認。","zones":[],"dataset":"candidates"}},{"type":"Feature","geometry":{"type":"Point","coordinates":[137.313215,35.732612]},"properties":{"id":"21-f410897421","name":"蛇之尾","reading":"ヘビノオ","pref":"岐阜県","prefCode":"21","municipality":"下呂市","hazardTypes":["slope_failure","debris_flow"],"evidenceLevel":0,"originLevel":0,"hasRecord":false,"recordRelation":null,"status":"current","disputed":false,"precision":"oaza","areaKey":"21220014001","elements":["ja"],"summary":"要素辞書に一致（ja）。出典による裏づけは未確認。","zones":[],"dataset":"candidates"}},{"type":"Feature","geometry":{"type":"Point","coordinates":[137.137786,35.928329]},"properties":{"id":"21-214ec6f923","name":"馬瀬黒石","reading":"マゼクロイシ","pref":"岐阜県","prefCode":"21","municipality":"下呂市","hazardTypes":["landslide"],"evidenceLevel":0,"originLevel":0,"hasRecord":false,"recordRelation":null,"status":"current","disputed":false,"precision":"oaza","areaKey":null,"elements":["geology_names"],"summary":"要素辞書に一致（geology_names）。出典による裏づけは未確認。","zones":[],"dataset":"candidates"}},{"type":"Feature","geometry":{"type":"Point","coordinates":[136.654271,35.226065]},"properties":{"id":"21-847932ab22","name":"海津町鹿野","reading":"カイヅチョウカノ","pref":"岐阜県","prefCode":"21","municipality":"海津市","hazardTypes":["landslide","soft_ground"],"evidenceLevel":0,"originLevel":0,"hasRecord":false,"recordRelation":null,"status":"current","disputed":false,"precision":"oaza","areaKey":null,"elements":["shishi"],"summary":"要素辞書に一致（shishi）。出典による裏づけは未確認。","zones":[],"dataset":"candidates"}},{"type":"Feature","geometry":{"type":"Point","coordinates":[136.648478,35.255209]},"properties":{"id":"21-a0f5b9767c","name":"平田町蛇池","reading":"ヒラタチョウジャイケ","pref":"岐阜県","prefCode":"21","municipality":"海津市","hazardTypes":["slope_failure","debris_flow"],"evidenceLevel":0,"originLevel":0,"hasRecord":false,"recordRelation":null,"status":"current","disputed":false,"precision":"oaza","areaKey":null,"elements":["ja"],"summary":"要素辞書に一致（ja）。出典による裏づけは未確認。","zones":[],"dataset":"candidates"}},{"type":"Feature","geometry":{"type":"Point","coordinates":[136.627247,35.240946]},"properties":{"id":"21-a26ae197bc","name":"平田町土倉","reading":"ヒラタチョウツチクラ","pref":"岐阜県","prefCode":"21","municipality":"海津市","hazardTypes":["slope_failure","rockfall"],"evidenceLevel":0,"originLevel":0,"hasRecord":false,"recordRelation":null,"status":"current","disputed":false,"precision":"oaza","areaKey":null,"elements":["kura"],"summary":"要素辞書に一致（kura）。出典による裏づけは未確認。","zones":[],"dataset":"candidates"}},{"type":"Feature","geometry":{"type":"Point","coordinates":[136.546373,35.270987]},"properties":{"id":"21-a86d9ec1aa","name":"小倉","reading":"オグラ","pref":"岐阜県","prefCode":"21","municipality":"養老郡養老町","hazardTypes":["slope_failure","rockfall"],"evidenceLevel":0,"originLevel":0,"hasRecord":false,"recordRelation":null,"status":"current","disputed":false,"precision":"oaza","areaKey":null,"elements":["kura"],"summary":"要素辞書に一致（kura）。出典による裏づけは未確認。","zones":[],"dataset":"candidates"}},{"type":"Feature","geometry":{"type":"Point","coordinates":[136.577243,35.330744]},"properties":{"id":"21-680ad7cd30","name":"蛇持","reading":"ジャモチ","pref":"岐阜県","prefCode":"21","municipality":"養老郡養老町","hazardTypes":["slope_failure","debris_flow"],"evidenceLevel":0,"originLevel":0,"hasRecord":false,"recordRelation":null,"status":"current","disputed":false,"precision":"oaza","areaKey":null,"elements":["ja"],"summary":"要素辞書に一致（ja）。出典による裏づけは未確認。","zones":[],"dataset":"candidates"}},{"type":"Feature","geometry":{"type":"Point","coordinates":[136.555244,35.313005]},"properties":{"id":"21-6a73c84bc4","name":"高田馬場町","reading":"タカダババチョウ","pref":"岐阜県","prefCode":"21","municipality":"養老郡養老町","hazardTypes":["slope_failure"],"evidenceLevel":0,"originLevel":0,"hasRecord":false,"recordRelation":null,"status":"current","disputed":false,"precision":"oaza","areaKey":null,"elements":["baba"],"summary":"要素辞書に一致（baba）。出典による裏づけは未確認。","zones":[],"dataset":"candidates"}},{"type":"Feature","geometry":{"type":"Point","coordinates":[136.555577,35.276027]},"properties":{"id":"21-d41833134c","name":"西小倉","reading":"ニシオグラ","pref":"岐阜県","prefCode":"21","municipality":"養老郡養老町","hazardTypes":["slope_failure","rockfall"],"evidenceLevel":0,"originLevel":0,"hasRecord":false,"recordRelation":null,"status":"current","disputed":false,"precision":"oaza","areaKey":null,"elements":["kura"],"summary":"要素辞書に一致（kura）。出典による裏づけは未確認。","zones":[],"dataset":"candidates"}},{"type":"Feature","geometry":{"type":"Point","coordinates":[136.524196,35.370021]},"properties":{"id":"21-718a89dd5b","name":"垂井","reading":null,"pref":"岐阜県","prefCode":"21","municipality":"不破郡垂井町","hazardTypes":["slope_failure"],"evidenceLevel":0,"originLevel":0,"hasRecord":false,"recordRelation":null,"status":"current","disputed":false,"precision":"koaza","areaKey":null,"elements":["kake"],"summary":"要素辞書に一致（kake）。出典による裏づけは未確認。","zones":[],"dataset":"candidates"}},{"type":"Feature","geometry":{"type":"Point","coordinates":[136.536005,35.376889]},"properties":{"id":"21-d0c746cf95","name":"地蔵一丁目","reading":"1","pref":"岐阜県","prefCode":"21","municipality":"不破郡垂井町","hazardTypes":["slope_failure","rockfall"],"evidenceLevel":0,"originLevel":0,"hasRecord":false,"recordRelation":null,"status":"current","disputed":false,"precision":"oaza","areaKey":null,"elements":["kura"],"summary":"要素辞書に一致（kura）。出典による裏づけは未確認。","zones":[],"dataset":"candidates"}},{"type":"Feature","geometry":{"type":"Point","coordinates":[136.536896,35.406369]},"properties":{"id":"21-df698e8698","name":"梅谷","reading":"ウメタニ","pref":"岐阜県","prefCode":"21","municipality":"不破郡垂井町","hazardTypes":["landslide","slope_failure"],"evidenceLevel":0,"originLevel":0,"hasRecord":false,"recordRelation":null,"status":"current","disputed":false,"precision":"oaza","areaKey":null,"elements":["ume"],"summary":"要素辞書に一致（ume）。出典による裏づけは未確認。","zones":[],"dataset":"candidates"}},{"type":"Feature","geometry":{"type":"Point","coordinates":[136.62531,35.422633]},"properties":{"id":"21-fa38642a32","name":"大字西座倉","reading":null,"pref":"岐阜県","prefCode":"21","municipality":"安八郡神戸町","hazardTypes":["slope_failure","rockfall"],"evidenceLevel":0,"originLevel":0,"hasRecord":false,"recordRelation":null,"status":"current","disputed":false,"precision":"oaza","areaKey":null,"elements":["kura"],"summary":"要素辞書に一致（kura）。出典による裏づけは未確認。","zones":[],"dataset":"candidates"}},{"type":"Feature","geometry":{"type":"Point","coordinates":[136.51248,35.51911]},"properties":{"id":"21-33ccba727e","name":"三倉","reading":"ミクラ","pref":"岐阜県","prefCode":"21","municipality":"揖斐郡揖斐川町","hazardTypes":["slope_failure","rockfall"],"evidenceLevel":0,"originLevel":0,"hasRecord":false,"recordRelation":null,"status":"current","disputed":false,"precision":"oaza","areaKey":null,"elements":["kura"],"summary":"要素辞書に一致（kura）。出典による裏づけは未確認。","zones":[],"dataset":"candidates"}},{"type":"Feature","geometry":{"type":"Point","coordinates":[136.62829,35.440186]},"properties":{"id":"21-cb049df01d","name":"大字上磯","reading":null,"pref":"岐阜県","prefCode":"21","municipality":"揖斐郡大野町","hazardTypes":["rockfall","debris_flow"],"evidenceLevel":0,"originLevel":0,"hasRecord":false,"recordRelation":null,"status":"current","disputed":false,"precision":"oaza","areaKey":null,"elements":["iso_ishi"],"summary":"要素辞書に一致（iso_ishi）。出典による裏づけは未確認。","zones":[],"dataset":"candidates"}},{"type":"Feature","geometry":{"type":"Point","coordinates":[136.631481,35.415557]},"properties":{"id":"21-8af538eeea","name":"大字下座倉","reading":null,"pref":"岐阜県","prefCode":"21","municipality":"揖斐郡大野町","hazardTypes":["slope_failure","rockfall"],"evidenceLevel":0,"originLevel":0,"hasRecord":false,"recordRelation":null,"status":"current","disputed":false,"precision":"oaza","areaKey":null,"elements":["kura"],"summary":"要素辞書に一致（kura）。出典による裏づけは未確認。","zones":[],"dataset":"candidates"}},{"type":"Feature","geometry":{"type":"Point","coordinates":[136.627984,35.432137]},"properties":{"id":"21-0975ee3b0e","name":"大字下磯","reading":null,"pref":"岐阜県","prefCode":"21","municipality":"揖斐郡大野町","hazardTypes":["rockfall","debris_flow"],"evidenceLevel":0,"originLevel":0,"hasRecord":false,"recordRelation":null,"status":"current","disputed":false,"precision":"oaza","areaKey":null,"elements":["iso_ishi"],"summary":"要素辞書に一致（iso_ishi）。出典による裏づけは未確認。","zones":[],"dataset":"candidates"}},{"type":"Feature","geometry":{"type":"Point","coordinates":[136.642474,35.491978]},"properties":{"id":"21-af08cb71bf","name":"大字古川","reading":null,"pref":"岐阜県","prefCode":"21","municipality":"揖斐郡大野町","hazardTypes":["flood","inundation"],"evidenceLevel":0,"originLevel":0,"hasRecord":false,"recordRelation":null,"status":"current","disputed":false,"precision":"oaza","areaKey":null,"elements":["furukawa"],"summary":"要素辞書に一致（furukawa）。出典による裏づけは未確認。","zones":[],"dataset":"candidates"}},{"type":"Feature","geometry":{"type":"Point","coordinates":[137.002414,35.432689]},"properties":{"id":"21-1932564c8e","name":"酒倉深田一丁目","reading":"1","pref":"岐阜県","prefCode":"21","municipality":"加茂郡坂祝町","hazardTypes":["soft_ground","inundation","slope_failure","rockfall"],"evidenceLevel":0,"originLevel":0,"hasRecord":false,"recordRelation":null,"status":"current","disputed":false,"precision":"oaza","areaKey":null,"elements":["fuke","kura"],"summary":"要素辞書に一致（fuke・kura）。出典による裏づけは未確認。","zones":[],"dataset":"candidates"}},{"type":"Feature","geometry":{"type":"Point","coordinates":[136.992292,35.4327]},"properties":{"id":"21-0305db2738","name":"酒倉","reading":"サカクラ","pref":"岐阜県","prefCode":"21","municipality":"加茂郡坂祝町","hazardTypes":["slope_failure","rockfall"],"evidenceLevel":0,"originLevel":0,"hasRecord":false,"recordRelation":null,"status":"current","disputed":false,"precision":"oaza","areaKey":null,"elements":["kura"],"summary":"要素辞書に一致（kura）。出典による裏づけは未確認。","zones":[],"dataset":"candidates"}},{"type":"Feature","geometry":{"type":"Point","coordinates":[136.989735,35.497032]},"properties":{"id":"21-fe7dc379b8","name":"加治田","reading":"カジタ","pref":"岐阜県","prefCode":"21","municipality":"加茂郡富加町","hazardTypes":["slope_failure"],"evidenceLevel":0,"originLevel":0,"hasRecord":false,"recordRelation":null,"status":"current","disputed":false,"precision":"oaza","areaKey":null,"elements":["kaji_kamu"],"summary":"要素辞書に一致（kaji_kamu）。出典による裏づけは未確認。","zones":[],"dataset":"candidates"}},{"type":"Feature","geometry":{"type":"Point","coordinates":[137.047942,35.499247]},"properties":{"id":"21-5a366b86c5","name":"鹿塩","reading":"カシオ","pref":"岐阜県","prefCode":"21","municipality":"加茂郡川辺町","hazardTypes":["landslide","soft_ground"],"evidenceLevel":0,"originLevel":0,"hasRecord":false,"recordRelation":null,"status":"current","disputed":false,"precision":"oaza","areaKey":null,"elements":["shishi"],"summary":"要素辞書に一致（shishi）。出典による裏づけは未確認。","zones":[],"dataset":"candidates"}},{"type":"Feature","geometry":{"type":"Point","coordinates":[136.919633,36.341283]},"properties":{"id":"21-05250da42d","name":"大字芦倉","reading":null,"pref":"岐阜県","prefCode":"21","municipality":"大野郡白川村","hazardTypes":["slope_failure","rockfall","flood","inundation"],"evidenceLevel":0,"originLevel":0,"hasRecord":false,"recordRelation":null,"status":"current","disputed":false,"precision":"oaza","areaKey":null,"elements":["kura","ashi"],"summary":"要素辞書に一致（kura・ashi）。出典による裏づけは未確認。","zones":[],"dataset":"candidates"}},{"type":"Feature","geometry":{"type":"Point","coordinates":[136.926082,36.252389]},"properties":{"id":"21-420d2da4bb","name":"大字荻町","reading":null,"pref":"岐阜県","prefCode":"21","municipality":"大野郡白川村","hazardTypes":["slope_failure"],"evidenceLevel":0,"originLevel":0,"hasRecord":false,"recordRelation":null,"status":"current","disputed":false,"precision":"oaza","areaKey":null,"elements":["suki_hagu"],"summary":"要素辞書に一致（suki_hagu）。出典による裏づけは未確認。","zones":[],"dataset":"candidates"}},{"type":"Feature","geometry":{"type":"Point","coordinates":[137.325744,35.321864]},"properties":{"id":"21-481258c20a","name":"猿爪村","reading":null,"pref":"岐阜県","prefCode":"21","municipality":"瑞浪市","hazardTypes":["slope_failure"],"evidenceLevel":0,"originLevel":0,"hasRecord":false,"recordRelation":null,"status":"historical","disputed":false,"precision":"village","areaKey":"212080210","elements":["saru"],"summary":"要素辞書に一致（saru）。出典による裏づけは未確認。","zones":[],"dataset":"old_maps"}},{"type":"Feature","geometry":{"type":"Point","coordinates":[137.405554,35.253235]},"properties":{"id":"21-4bbfb7a1a1","name":"柿畑","reading":null,"pref":"岐阜県","prefCode":"21","municipality":"恵那市","hazardTypes":["slope_failure"],"evidenceLevel":0,"originLevel":0,"hasRecord":false,"recordRelation":null,"status":"historical","disputed":false,"precision":"koaza","areaKey":null,"elements":["kake"],"summary":"要素辞書に一致（kake）。出典による裏づけは未確認。","zones":[],"dataset":"old_maps"}},{"type":"Feature","geometry":{"type":"Point","coordinates":[137.413819,35.30548]},"properties":{"id":"21-303f26099d","name":"落倉","reading":null,"pref":"岐阜県","prefCode":"21","municipality":"恵那市","hazardTypes":["slope_failure","rockfall"],"evidenceLevel":0,"originLevel":0,"hasRecord":false,"recordRelation":null,"status":"historical","disputed":false,"precision":"koaza","areaKey":"21210083010","elements":["kura"],"summary":"要素辞書に一致（kura）。出典による裏づけは未確認。","zones":[],"dataset":"old_maps"}},{"type":"Feature","geometry":{"type":"Point","coordinates":[137.421993,35.332153]},"properties":{"id":"21-df262c498b","name":"馬場山田村","reading":null,"pref":"岐阜県","prefCode":"21","municipality":"恵那市","hazardTypes":["slope_failure"],"evidenceLevel":0,"originLevel":0,"hasRecord":false,"recordRelation":null,"status":"historical","disputed":false,"precision":"village","areaKey":"21210083010","elements":["baba"],"summary":"要素辞書に一致（baba）。出典による裏づけは未確認。","zones":[],"dataset":"old_maps"}},{"type":"Feature","geometry":{"type":"Point","coordinates":[137.084458,35.311095]},"properties":{"id":"21-609643c835","name":"三倉","reading":null,"pref":"岐阜県","prefCode":"21","municipality":"多治見市","hazardTypes":["slope_failure","rockfall"],"evidenceLevel":0,"originLevel":0,"hasRecord":false,"recordRelation":null,"status":"historical","disputed":false,"precision":"koaza","areaKey":"21204034001","elements":["kura"],"summary":"要素辞書に一致（kura）。出典による裏づけは未確認。","zones":[],"dataset":"old_maps"}},{"type":"Feature","geometry":{"type":"Point","coordinates":[137.125809,35.303608]},"properties":{"id":"21-a0b0d5ac29","name":"市倉","reading":null,"pref":"岐阜県","prefCode":"21","municipality":"多治見市","hazardTypes":["slope_failure","rockfall"],"evidenceLevel":0,"originLevel":0,"hasRecord":false,"recordRelation":null,"status":"historical","disputed":false,"precision":"koaza","areaKey":"21204006008","elements":["kura"],"summary":"要素辞書に一致（kura）。出典による裏づけは未確認。","zones":[],"dataset":"old_maps"}},{"type":"Feature","geometry":{"type":"Point","coordinates":[137.220737,35.272408]},"properties":{"id":"21-defd3a6a5b","name":"柿野","reading":null,"pref":"岐阜県","prefCode":"21","municipality":"土岐市","hazardTypes":["slope_failure"],"evidenceLevel":0,"originLevel":0,"hasRecord":false,"recordRelation":null,"status":"historical","disputed":false,"precision":"koaza","areaKey":"212120380","elements":["kake"],"summary":"要素辞書に一致（kake）。出典による裏づけは未確認。","zones":[],"dataset":"old_maps"}},{"type":"Feature","geometry":{"type":"Point","coordinates":[136.469075,35.296788]},"properties":{"id":"21-60777ea3b1","name":"上鍛冶屋","reading":null,"pref":"岐阜県","prefCode":"21","municipality":"大垣市","hazardTypes":["slope_failure"],"evidenceLevel":0,"originLevel":0,"hasRecord":false,"recordRelation":null,"status":"historical","disputed":false,"precision":"koaza","areaKey":"212022150","elements":["kaji_kamu"],"summary":"要素辞書に一致（kaji_kamu）。出典による裏づけは未確認。","zones":[],"dataset":"old_maps"}},{"type":"Feature","geometry":{"type":"Point","coordinates":[136.444128,35.241207]},"properties":{"id":"21-4dd6012912","name":"住鹿","reading":null,"pref":"岐阜県","prefCode":"21","municipality":"大垣市","hazardTypes":["landslide","soft_ground"],"evidenceLevel":0,"originLevel":0,"hasRecord":false,"recordRelation":null,"status":"historical","disputed":false,"precision":"koaza","areaKey":"212022240","elements":["shishi"],"summary":"要素辞書に一致（shishi）。出典による裏づけは未確認。","zones":[],"dataset":"old_maps"}},{"type":"Feature","geometry":{"type":"Point","coordinates":[136.617005,35.317851]},"properties":{"id":"21-147f0c74ea","name":"内河原村","reading":null,"pref":"岐阜県","prefCode":"21","municipality":"大垣市","hazardTypes":["flood"],"evidenceLevel":0,"originLevel":0,"hasRecord":false,"recordRelation":null,"status":"historical","disputed":false,"precision":"village","areaKey":"21202126001","elements":["kawara"],"summary":"要素辞書に一致（kawara）。出典による裏づけは未確認。","zones":[],"dataset":"old_maps"}},{"type":"Feature","geometry":{"type":"Point","coordinates":[136.575962,35.328968]},"properties":{"id":"21-7bab26f149","name":"南蛇持","reading":null,"pref":"岐阜県","prefCode":"21","municipality":"養老郡養老町","hazardTypes":["slope_failure","debris_flow"],"evidenceLevel":0,"originLevel":0,"hasRecord":false,"recordRelation":null,"status":"historical","disputed":false,"precision":"koaza","areaKey":null,"elements":["ja"],"summary":"要素辞書に一致（ja）。出典による裏づけは未確認。","zones":[],"dataset":"old_maps"}},{"type":"Feature","geometry":{"type":"Point","coordinates":[136.573576,35.3321]},"properties":{"id":"21-861cff8fe1","name":"北蛇持","reading":null,"pref":"岐阜県","prefCode":"21","municipality":"養老郡養老町","hazardTypes":["slope_failure","debris_flow"],"evidenceLevel":0,"originLevel":0,"hasRecord":false,"recordRelation":null,"status":"historical","disputed":false,"precision":"koaza","areaKey":null,"elements":["ja"],"summary":"要素辞書に一致（ja）。出典による裏づけは未確認。","zones":[],"dataset":"old_maps"}},{"type":"Feature","geometry":{"type":"Point","coordinates":[136.602152,35.285624]},"properties":{"id":"21-bc61429f9d","name":"船着村","reading":null,"pref":"岐阜県","prefCode":"21","municipality":"養老郡養老町","hazardTypes":["tsunami"],"evidenceLevel":0,"originLevel":0,"hasRecord":false,"recordRelation":null,"status":"historical","disputed":false,"precision":"village","areaKey":null,"elements":["tsunami_drift"],"summary":"要素辞書に一致（tsunami_drift）。出典による裏づけは未確認。","zones":[],"dataset":"old_maps"}},{"type":"Feature","geometry":{"type":"Point","coordinates":[136.692178,35.276061]},"properties":{"id":"21-50f7237b66","name":"北河原","reading":null,"pref":"岐阜県","prefCode":"21","municipality":"羽島市","hazardTypes":["flood"],"evidenceLevel":0,"originLevel":0,"hasRecord":false,"recordRelation":null,"status":"historical","disputed":false,"precision":"koaza","areaKey":"212090330","elements":["kawara"],"summary":"要素辞書に一致（kawara）。出典による裏づけは未確認。","zones":[],"dataset":"old_maps"}},{"type":"Feature","geometry":{"type":"Point","coordinates":[136.623593,35.256472]},"properties":{"id":"21-5f8a5a53f0","name":"柿内","reading":null,"pref":"岐阜県","prefCode":"21","municipality":"安八郡輪之内町","hazardTypes":["slope_failure"],"evidenceLevel":0,"originLevel":0,"hasRecord":false,"recordRelation":null,"status":"historical","disputed":false,"precision":"koaza","areaKey":null,"elements":["kake"],"summary":"要素辞書に一致（kake）。出典による裏づけは未確認。","zones":[],"dataset":"old_maps"}},{"type":"Feature","geometry":{"type":"Point","coordinates":[136.649432,35.255647]},"properties":{"id":"21-9f1ec21130","name":"蛇池村","reading":null,"pref":"岐阜県","prefCode":"21","municipality":"海津市","hazardTypes":["slope_failure","debris_flow"],"evidenceLevel":0,"originLevel":0,"hasRecord":false,"recordRelation":null,"status":"historical","disputed":false,"precision":"village","areaKey":null,"elements":["ja"],"summary":"要素辞書に一致（ja）。出典による裏づけは未確認。","zones":[],"dataset":"old_maps"}},{"type":"Feature","geometry":{"type":"Point","coordinates":[136.623938,35.241538]},"properties":{"id":"21-975a6df8a2","name":"土倉村","reading":null,"pref":"岐阜県","prefCode":"21","municipality":"海津市","hazardTypes":["slope_failure","rockfall"],"evidenceLevel":0,"originLevel":0,"hasRecord":false,"recordRelation":null,"status":"historical","disputed":false,"precision":"village","areaKey":null,"elements":["kura"],"summary":"要素辞書に一致（kura）。出典による裏づけは未確認。","zones":[],"dataset":"old_maps"}},{"type":"Feature","geometry":{"type":"Point","coordinates":[136.660272,35.226278]},"properties":{"id":"21-03b263cf65","name":"鹿野一色","reading":null,"pref":"岐阜県","prefCode":"21","municipality":"海津市","hazardTypes":["landslide","soft_ground"],"evidenceLevel":0,"originLevel":0,"hasRecord":false,"recordRelation":null,"status":"historical","disputed":false,"precision":"koaza","areaKey":null,"elements":["shishi"],"summary":"要素辞書に一致（shishi）。出典による裏づけは未確認。","zones":[],"dataset":"old_maps"}},{"type":"Feature","geometry":{"type":"Point","coordinates":[136.652533,35.231495]},"properties":{"id":"21-2232163bf6","name":"鹿野","reading":null,"pref":"岐阜県","prefCode":"21","municipality":"海津市","hazardTypes":["landslide","soft_ground"],"evidenceLevel":0,"originLevel":0,"hasRecord":false,"recordRelation":null,"status":"historical","disputed":false,"precision":"koaza","areaKey":"212210160","elements":["shishi"],"summary":"要素辞書に一致（shishi）。出典による裏づけは未確認。","zones":[],"dataset":"old_maps"}},{"type":"Feature","geometry":{"type":"Point","coordinates":[136.65476,35.225734]},"properties":{"id":"21-ddf5c976b2","name":"鹿野村","reading":null,"pref":"岐阜県","prefCode":"21","municipality":"海津市","hazardTypes":["landslide","soft_ground"],"evidenceLevel":0,"originLevel":0,"hasRecord":false,"recordRelation":null,"status":"historical","disputed":false,"precision":"village","areaKey":null,"elements":["shishi"],"summary":"要素辞書に一致（shishi）。出典による裏づけは未確認。","zones":[],"dataset":"old_maps"}},{"type":"Feature","geometry":{"type":"Point","coordinates":[136.906767,36.256877]},"properties":{"id":"21-0bc7e597ec","name":"荻町","reading":null,"pref":"岐阜県","prefCode":"21","municipality":"大野郡白川村","hazardTypes":["slope_failure"],"evidenceLevel":0,"originLevel":0,"hasRecord":false,"recordRelation":null,"status":"historical","disputed":false,"precision":"koaza","areaKey":null,"elements":["suki_hagu"],"summary":"要素辞書に一致（suki_hagu）。出典による裏づけは未確認。","zones":[],"dataset":"old_maps"}},{"type":"Feature","geometry":{"type":"Point","coordinates":[136.918252,36.337873]},"properties":{"id":"21-e4732b26a7","name":"大芦倉谷","reading":null,"pref":"岐阜県","prefCode":"21","municipality":"大野郡白川村","hazardTypes":["slope_failure","rockfall","flood","inundation"],"evidenceLevel":0,"originLevel":0,"hasRecord":false,"recordRelation":null,"status":"historical","disputed":false,"precision":"feature","areaKey":null,"elements":["kura","ashi"],"summary":"要素辞書に一致（kura・ashi）。出典による裏づけは未確認。","zones":[],"dataset":"old_maps"}},{"type":"Feature","geometry":{"type":"Point","coordinates":[136.963909,36.023065]},"properties":{"id":"21-9205e9a06b","name":"猿丸","reading":null,"pref":"岐阜県","prefCode":"21","municipality":"高山市","hazardTypes":["slope_failure"],"evidenceLevel":0,"originLevel":0,"hasRecord":false,"recordRelation":null,"status":"historical","disputed":false,"precision":"koaza","areaKey":"212031450","elements":["saru"],"summary":"要素辞書に一致（saru）。出典による裏づけは未確認。","zones":[],"dataset":"old_maps"}},{"type":"Feature","geometry":{"type":"Point","coordinates":[136.839862,36.118684]},"properties":{"id":"21-169784b643","name":"アワラ谷","reading":null,"pref":"岐阜県","prefCode":"21","municipality":"大野郡白川村","hazardTypes":["inundation","flood"],"evidenceLevel":0,"originLevel":0,"hasRecord":false,"recordRelation":null,"status":"historical","disputed":false,"precision":"feature","areaKey":null,"elements":["awara"],"summary":"要素辞書に一致（awara）。出典による裏づけは未確認。","zones":[],"dataset":"old_maps"}},{"type":"Feature","geometry":{"type":"Point","coordinates":[136.800712,36.136434]},"properties":{"id":"21-b2ea185e49","name":"地獄谷","reading":null,"pref":"岐阜県","prefCode":"21","municipality":"大野郡白川村","hazardTypes":["landslide"],"evidenceLevel":0,"originLevel":0,"hasRecord":false,"recordRelation":null,"status":"historical","disputed":false,"precision":"feature","areaKey":null,"elements":["jigokudani"],"summary":"要素辞書に一致（jigokudani）。出典による裏づけは未確認。","zones":[],"dataset":"old_maps"}},{"type":"Feature","geometry":{"type":"Point","coordinates":[137.296385,36.348112]},"properties":{"id":"21-9e741a834d","name":"鹿間","reading":null,"pref":"岐阜県","prefCode":"21","municipality":"飛騨市","hazardTypes":["landslide","soft_ground"],"evidenceLevel":0,"originLevel":0,"hasRecord":false,"recordRelation":null,"status":"historical","disputed":false,"precision":"koaza","areaKey":"212171300","elements":["shishi"],"summary":"要素辞書に一致（shishi）。出典による裏づけは未確認。","zones":[],"dataset":"old_maps"}},{"type":"Feature","geometry":{"type":"Point","coordinates":[137.199086,36.428886]},"properties":{"id":"21-720df1c615","name":"小豆沢","reading":null,"pref":"岐阜県","prefCode":"21","municipality":"飛騨市","hazardTypes":["debris_flow","slope_failure"],"evidenceLevel":0,"originLevel":0,"hasRecord":false,"recordRelation":null,"status":"historical","disputed":false,"precision":"koaza","areaKey":"212170660","elements":["azu"],"summary":"要素辞書に一致（azu）。出典による裏づけは未確認。","zones":[],"dataset":"old_maps"}},{"type":"Feature","geometry":{"type":"Point","coordinates":[137.186802,36.346675]},"properties":{"id":"21-1e48d35389","name":"種蔵","reading":null,"pref":"岐阜県","prefCode":"21","municipality":"飛騨市","hazardTypes":["slope_failure","rockfall"],"evidenceLevel":0,"originLevel":0,"hasRecord":false,"recordRelation":null,"status":"historical","disputed":false,"precision":"koaza","areaKey":"212170840","elements":["kura"],"summary":"要素辞書に一致（kura）。出典による裏づけは未確認。","zones":[],"dataset":"old_maps"}},{"type":"Feature","geometry":{"type":"Point","coordinates":[137.180931,36.346487]},"properties":{"id":"21-9463a78c11","name":"三川原","reading":null,"pref":"岐阜県","prefCode":"21","municipality":"飛騨市","hazardTypes":["flood"],"evidenceLevel":0,"originLevel":0,"hasRecord":false,"recordRelation":null,"status":"historical","disputed":false,"precision":"koaza","areaKey":"212170840","elements":["kawara"],"summary":"要素辞書に一致（kawara）。出典による裏づけは未確認。","zones":[],"dataset":"old_maps"}},{"type":"Feature","geometry":{"type":"Point","coordinates":[137.133674,36.318518]},"properties":{"id":"21-f30ab3bbc5","name":"岸奥","reading":null,"pref":"岐阜県","prefCode":"21","municipality":"飛騨市","hazardTypes":["slope_failure"],"evidenceLevel":0,"originLevel":0,"hasRecord":false,"recordRelation":null,"status":"historical","disputed":false,"precision":"koaza","areaKey":"212170800","elements":["kake"],"summary":"要素辞書に一致（kake）。出典による裏づけは未確認。","zones":[],"dataset":"old_maps"}},{"type":"Feature","geometry":{"type":"Point","coordinates":[137.154269,36.306938]},"properties":{"id":"21-da85ebe83c","name":"夏坪谷","reading":null,"pref":"岐阜県","prefCode":"21","municipality":"飛騨市","hazardTypes":["debris_flow","slope_failure"],"evidenceLevel":0,"originLevel":0,"hasRecord":false,"recordRelation":null,"status":"historical","disputed":false,"precision":"feature","areaKey":"212170870","elements":["nazu_natsu"],"summary":"要素辞書に一致（nazu_natsu）。出典による裏づけは未確認。","zones":[],"dataset":"old_maps"}},{"type":"Feature","geometry":{"type":"Point","coordinates":[137.101931,36.289406]},"properties":{"id":"21-868f40cb71","name":"芦谷","reading":null,"pref":"岐阜県","prefCode":"21","municipality":"飛騨市","hazardTypes":["flood","inundation"],"evidenceLevel":0,"originLevel":0,"hasRecord":false,"recordRelation":null,"status":"historical","disputed":false,"precision":"koaza","areaKey":"212170470","elements":["ashi"],"summary":"要素辞書に一致（ashi）。出典による裏づけは未確認。","zones":[],"dataset":"old_maps"}},{"type":"Feature","geometry":{"type":"Point","coordinates":[137.080856,36.281366]},"properties":{"id":"21-78baaa7911","name":"下朝川原谷","reading":null,"pref":"岐阜県","prefCode":"21","municipality":"飛騨市","hazardTypes":["flood"],"evidenceLevel":0,"originLevel":0,"hasRecord":false,"recordRelation":null,"status":"historical","disputed":false,"precision":"feature","areaKey":"212170560","elements":["kawara"],"summary":"要素辞書に一致（kawara）。出典による裏づけは未確認。","zones":[],"dataset":"old_maps"}},{"type":"Feature","geometry":{"type":"Point","coordinates":[137.049855,36.274884]},"properties":{"id":"21-2220ed4234","name":"上朝川原谷","reading":null,"pref":"岐阜県","prefCode":"21","municipality":"飛騨市","hazardTypes":["flood"],"evidenceLevel":0,"originLevel":0,"hasRecord":false,"recordRelation":null,"status":"historical","disputed":false,"precision":"feature","areaKey":"212170540","elements":["kawara"],"summary":"要素辞書に一致（kawara）。出典による裏づけは未確認。","zones":[],"dataset":"old_maps"}},{"type":"Feature","geometry":{"type":"Point","coordinates":[137.027251,36.241098]},"properties":{"id":"21-5e06fbd58a","name":"幅ノ上","reading":null,"pref":"岐阜県","prefCode":"21","municipality":"飛騨市","hazardTypes":["erosion","slope_failure"],"evidenceLevel":0,"originLevel":0,"hasRecord":false,"recordRelation":null,"status":"historical","disputed":false,"precision":"koaza","areaKey":"212170530","elements":["haba"],"summary":"要素辞書に一致（haba）。出典による裏づけは未確認。","zones":[],"dataset":"old_maps"}},{"type":"Feature","geometry":{"type":"Point","coordinates":[137.174388,36.178983]},"properties":{"id":"21-ea48308d21","name":"石飛","reading":null,"pref":"岐阜県","prefCode":"21","municipality":"高山市","hazardTypes":["slope_failure","debris_flow"],"evidenceLevel":0,"originLevel":0,"hasRecord":false,"recordRelation":null,"status":"historical","disputed":false,"precision":"koaza","areaKey":"212032380","elements":["tobi"],"summary":"要素辞書に一致（tobi）。出典による裏づけは未確認。","zones":[],"dataset":"old_maps"}},{"type":"Feature","geometry":{"type":"Point","coordinates":[137.186978,36.237525]},"properties":{"id":"21-fc58804507","name":"古川町","reading":null,"pref":"岐阜県","prefCode":"21","municipality":"飛騨市","hazardTypes":["flood","inundation"],"evidenceLevel":0,"originLevel":0,"hasRecord":false,"recordRelation":null,"status":"historical","disputed":false,"precision":"oaza","areaKey":"212170350","elements":["furukawa"],"summary":"要素辞書に一致（furukawa）。出典による裏づけは未確認。","zones":[],"dataset":"old_maps"}},{"type":"Feature","geometry":{"type":"Point","coordinates":[137.585329,36.040304]},"properties":{"id":"21-671c5cb1b8","name":"塩蔵谷","reading":null,"pref":"岐阜県","prefCode":"21","municipality":"高山市","hazardTypes":["slope_failure","rockfall"],"evidenceLevel":0,"originLevel":0,"hasRecord":false,"recordRelation":null,"status":"historical","disputed":false,"precision":"feature","areaKey":"212032300","elements":["kura"],"summary":"要素辞書に一致（kura）。出典による裏づけは未確認。","zones":[],"dataset":"old_maps"}},{"type":"Feature","geometry":{"type":"Point","coordinates":[137.602943,36.061101]},"properties":{"id":"21-931ccba686","name":"戸蔵谷","reading":null,"pref":"岐阜県","prefCode":"21","municipality":"高山市","hazardTypes":["slope_failure","rockfall"],"evidenceLevel":0,"originLevel":0,"hasRecord":false,"recordRelation":null,"status":"historical","disputed":false,"precision":"feature","areaKey":"212032300","elements":["kura"],"summary":"要素辞書に一致（kura）。出典による裏づけは未確認。","zones":[],"dataset":"old_maps"}},{"type":"Feature","geometry":{"type":"Point","coordinates":[137.55293,36.257049]},"properties":{"id":"21-289407f647","name":"蒲田","reading":null,"pref":"岐阜県","prefCode":"21","municipality":"高山市","hazardTypes":["landslide","soft_ground"],"evidenceLevel":0,"originLevel":0,"hasRecord":false,"recordRelation":null,"status":"historical","disputed":false,"precision":"koaza","areaKey":"212032680","elements":["wetland_plants"],"summary":"要素辞書に一致（wetland_plants）。出典による裏づけは未確認。","zones":[],"dataset":"old_maps"}},{"type":"Feature","geometry":{"type":"Point","coordinates":[137.079966,36.140004]},"properties":{"id":"21-25cfae7bd4","name":"夏厩","reading":null,"pref":"岐阜県","prefCode":"21","municipality":"高山市","hazardTypes":["debris_flow","slope_failure"],"evidenceLevel":0,"originLevel":0,"hasRecord":false,"recordRelation":null,"status":"historical","disputed":false,"precision":"koaza","areaKey":"212031360","elements":["nazu_natsu"],"summary":"要素辞書に一致（nazu_natsu）。出典による裏づけは未確認。","zones":[],"dataset":"old_maps"}},{"type":"Feature","geometry":{"type":"Point","coordinates":[137.231594,36.057062]},"properties":{"id":"21-0c13b49409","name":"洗足谷","reading":null,"pref":"岐阜県","prefCode":"21","municipality":"高山市","hazardTypes":["flood","inundation"],"evidenceLevel":0,"originLevel":0,"hasRecord":false,"recordRelation":null,"status":"historical","disputed":false,"precision":"feature","areaKey":"21203186001","elements":["ashi"],"summary":"要素辞書に一致（ashi）。出典による裏づけは未確認。","zones":[],"dataset":"old_maps"}},{"type":"Feature","geometry":{"type":"Point","coordinates":[137.16235,36.015942]},"properties":{"id":"21-9a995931b7","name":"大足谷","reading":null,"pref":"岐阜県","prefCode":"21","municipality":"下呂市","hazardTypes":["flood","inundation"],"evidenceLevel":0,"originLevel":0,"hasRecord":false,"recordRelation":null,"status":"historical","disputed":false,"precision":"feature","areaKey":null,"elements":["ashi"],"summary":"要素辞書に一致（ashi）。出典による裏づけは未確認。","zones":[],"dataset":"old_maps"}},{"type":"Feature","geometry":{"type":"Point","coordinates":[137.449939,36.107925]},"properties":{"id":"21-045e8e89f5","name":"九蔵本谷","reading":null,"pref":"岐阜県","prefCode":"21","municipality":"高山市","hazardTypes":["slope_failure","rockfall"],"evidenceLevel":0,"originLevel":0,"hasRecord":false,"recordRelation":null,"status":"historical","disputed":false,"precision":"feature","areaKey":"212032080","elements":["kura"],"summary":"要素辞書に一致（kura）。出典による裏づけは未確認。","zones":[],"dataset":"old_maps"}},{"type":"Feature","geometry":{"type":"Point","coordinates":[137.439728,36.120427]},"properties":{"id":"21-04f4cb26fb","name":"長倉本谷","reading":null,"pref":"岐阜県","prefCode":"21","municipality":"高山市","hazardTypes":["slope_failure","rockfall"],"evidenceLevel":0,"originLevel":0,"hasRecord":false,"recordRelation":null,"status":"historical","disputed":false,"precision":"feature","areaKey":"212032080","elements":["kura"],"summary":"要素辞書に一致（kura）。出典による裏づけは未確認。","zones":[],"dataset":"old_maps"}},{"type":"Feature","geometry":{"type":"Point","coordinates":[137.403557,36.091774]},"properties":{"id":"21-69cd62703b","name":"九蔵","reading":null,"pref":"岐阜県","prefCode":"21","municipality":"高山市","hazardTypes":["slope_failure","rockfall"],"evidenceLevel":0,"originLevel":0,"hasRecord":false,"recordRelation":null,"status":"historical","disputed":false,"precision":"koaza","areaKey":"212032100","elements":["kura"],"summary":"要素辞書に一致（kura）。出典による裏づけは未確認。","zones":[],"dataset":"old_maps"}},{"type":"Feature","geometry":{"type":"Point","coordinates":[137.398322,36.077324]},"properties":{"id":"21-49566bbb75","name":"蔵ノ袖","reading":null,"pref":"岐阜県","prefCode":"21","municipality":"高山市","hazardTypes":["slope_failure","rockfall"],"evidenceLevel":0,"originLevel":0,"hasRecord":false,"recordRelation":null,"status":"historical","disputed":false,"precision":"koaza","areaKey":"212032100","elements":["kura"],"summary":"要素辞書に一致（kura）。出典による裏づけは未確認。","zones":[],"dataset":"old_maps"}},{"type":"Feature","geometry":{"type":"Point","coordinates":[137.485502,36.050515]},"properties":{"id":"21-3d691c0525","name":"塩蔵","reading":null,"pref":"岐阜県","prefCode":"21","municipality":"高山市","hazardTypes":["slope_failure","rockfall"],"evidenceLevel":0,"originLevel":0,"hasRecord":false,"recordRelation":null,"status":"historical","disputed":false,"precision":"koaza","areaKey":"212032250","elements":["kura"],"summary":"要素辞書に一致（kura）。出典による裏づけは未確認。","zones":[],"dataset":"old_maps"}},{"type":"Feature","geometry":{"type":"Point","coordinates":[137.430961,36.030397]},"properties":{"id":"21-36c42fe2a5","name":"猪之鼻","reading":null,"pref":"岐阜県","prefCode":"21","municipality":"高山市","hazardTypes":["landslide","soft_ground"],"evidenceLevel":0,"originLevel":0,"hasRecord":false,"recordRelation":null,"status":"historical","disputed":false,"precision":"koaza","areaKey":"212032230","elements":["shishi"],"summary":"要素辞書に一致（shishi）。出典による裏づけは未確認。","zones":[],"dataset":"old_maps"}},{"type":"Feature","geometry":{"type":"Point","coordinates":[137.405172,36.272235]},"properties":{"id":"21-42aa5b4401","name":"長倉","reading":null,"pref":"岐阜県","prefCode":"21","municipality":"高山市","hazardTypes":["slope_failure","rockfall"],"evidenceLevel":0,"originLevel":0,"hasRecord":false,"recordRelation":null,"status":"historical","disputed":false,"precision":"koaza","areaKey":"212032710","elements":["kura"],"summary":"要素辞書に一致（kura）。出典による裏づけは未確認。","zones":[],"dataset":"old_maps"}},{"type":"Feature","geometry":{"type":"Point","coordinates":[137.394459,36.275458]},"properties":{"id":"21-29d0781de0","name":"大久保","reading":null,"pref":"岐阜県","prefCode":"21","municipality":"高山市","hazardTypes":["slope_failure","inundation","landslide"],"evidenceLevel":0,"originLevel":0,"hasRecord":false,"recordRelation":null,"status":"historical","disputed":false,"precision":"koaza","areaKey":"212032580","elements":["afu_oo","kubo"],"summary":"要素辞書に一致（afu_oo・kubo）。出典による裏づけは未確認。","zones":[],"dataset":"old_maps"}},{"type":"Feature","geometry":{"type":"Point","coordinates":[137.330444,36.270923]},"properties":{"id":"21-9acee7501b","name":"蔵柱","reading":null,"pref":"岐阜県","prefCode":"21","municipality":"高山市","hazardTypes":["slope_failure","rockfall"],"evidenceLevel":0,"originLevel":0,"hasRecord":false,"recordRelation":null,"status":"historical","disputed":false,"precision":"koaza","areaKey":"212032630","elements":["kura"],"summary":"要素辞書に一致（kura）。出典による裏づけは未確認。","zones":[],"dataset":"old_maps"}},{"type":"Feature","geometry":{"type":"Point","coordinates":[137.34986,36.223997]},"properties":{"id":"21-954e23295b","name":"倉ヶ谷","reading":null,"pref":"岐阜県","prefCode":"21","municipality":"高山市","hazardTypes":["slope_failure","rockfall"],"evidenceLevel":0,"originLevel":0,"hasRecord":false,"recordRelation":null,"status":"historical","disputed":false,"precision":"koaza","areaKey":"212031160","elements":["kura"],"summary":"要素辞書に一致（kura）。出典による裏づけは未確認。","zones":[],"dataset":"old_maps"}},{"type":"Feature","geometry":{"type":"Point","coordinates":[137.403957,36.177705]},"properties":{"id":"21-b35ca1c6cd","name":"芦谷","reading":null,"pref":"岐阜県","prefCode":"21","municipality":"高山市","hazardTypes":["flood","inundation"],"evidenceLevel":0,"originLevel":0,"hasRecord":false,"recordRelation":null,"status":"historical","disputed":false,"precision":"koaza","areaKey":"212030980","elements":["ashi"],"summary":"要素辞書に一致（ashi）。出典による裏づけは未確認。","zones":[],"dataset":"old_maps"}},{"type":"Feature","geometry":{"type":"Point","coordinates":[137.272676,36.274275]},"properties":{"id":"21-e1b9b3f562","name":"荒原","reading":null,"pref":"岐阜県","prefCode":"21","municipality":"高山市","hazardTypes":["inundation","flood"],"evidenceLevel":0,"originLevel":0,"hasRecord":false,"recordRelation":null,"status":"historical","disputed":false,"precision":"koaza","areaKey":"212032560","elements":["awara"],"summary":"要素辞書に一致（awara）。出典による裏づけは未確認。","zones":[],"dataset":"old_maps"}},{"type":"Feature","geometry":{"type":"Point","coordinates":[136.442854,35.489891]},"properties":{"id":"21-cb5b6a1809","name":"安土","reading":null,"pref":"岐阜県","prefCode":"21","municipality":"揖斐郡揖斐川町","hazardTypes":["debris_flow","slope_failure"],"evidenceLevel":0,"originLevel":0,"hasRecord":false,"recordRelation":null,"status":"historical","disputed":false,"precision":"koaza","areaKey":null,"elements":["azu"],"summary":"要素辞書に一致（azu）。出典による裏づけは未確認。","zones":[],"dataset":"old_maps"}},{"type":"Feature","geometry":{"type":"Point","coordinates":[136.471085,35.725534]},"properties":{"id":"21-1e0b6af1fa","name":"磯谷","reading":null,"pref":"岐阜県","prefCode":"21","municipality":"揖斐郡揖斐川町","hazardTypes":["rockfall","debris_flow"],"evidenceLevel":0,"originLevel":0,"hasRecord":false,"recordRelation":null,"status":"historical","disputed":false,"precision":"feature","areaKey":null,"elements":["iso_ishi"],"summary":"要素辞書に一致（iso_ishi）。出典による裏づけは未確認。","zones":[],"dataset":"old_maps"}},{"type":"Feature","geometry":{"type":"Point","coordinates":[136.578545,35.751519]},"properties":{"id":"21-25e56010f8","name":"大河原","reading":null,"pref":"岐阜県","prefCode":"21","municipality":"本巣市","hazardTypes":["flood"],"evidenceLevel":0,"originLevel":0,"hasRecord":false,"recordRelation":null,"status":"historical","disputed":false,"precision":"koaza","areaKey":"212180290","elements":["kawara"],"summary":"要素辞書に一致（kawara）。出典による裏づけは未確認。","zones":[],"dataset":"old_maps"}},{"type":"Feature","geometry":{"type":"Point","coordinates":[136.686036,35.675306]},"properties":{"id":"21-45a79abf75","name":"初鹿谷","reading":null,"pref":"岐阜県","prefCode":"21","municipality":"本巣市","hazardTypes":["landslide","soft_ground"],"evidenceLevel":0,"originLevel":0,"hasRecord":false,"recordRelation":null,"status":"historical","disputed":false,"precision":"feature","areaKey":"212180330","elements":["shishi"],"summary":"要素辞書に一致（shishi）。出典による裏づけは未確認。","zones":[],"dataset":"old_maps"}},{"type":"Feature","geometry":{"type":"Point","coordinates":[136.641068,35.675871]},"properties":{"id":"21-effe6795b6","name":"悪田谷","reading":null,"pref":"岐阜県","prefCode":"21","municipality":"本巣市","hazardTypes":["flood","inundation"],"evidenceLevel":0,"originLevel":0,"hasRecord":false,"recordRelation":null,"status":"historical","disputed":false,"precision":"feature","areaKey":"212180320","elements":["ashi"],"summary":"要素辞書に一致（ashi）。出典による裏づけは未確認。","zones":[],"dataset":"old_maps"}},{"type":"Feature","geometry":{"type":"Point","coordinates":[137.249946,35.934548]},"properties":{"id":"21-f4bee6ddec","name":"石飛","reading":null,"pref":"岐阜県","prefCode":"21","municipality":"下呂市","hazardTypes":["slope_failure","debris_flow"],"evidenceLevel":0,"originLevel":0,"hasRecord":false,"recordRelation":null,"status":"historical","disputed":false,"precision":"koaza","areaKey":null,"elements":["tobi"],"summary":"要素辞書に一致（tobi）。出典による裏づけは未確認。","zones":[],"dataset":"old_maps"}},{"type":"Feature","geometry":{"type":"Point","coordinates":[137.376816,35.908804]},"properties":{"id":"21-5741ab15af","name":"飛石谷","reading":null,"pref":"岐阜県","prefCode":"21","municipality":"下呂市","hazardTypes":["slope_failure","debris_flow"],"evidenceLevel":0,"originLevel":0,"hasRecord":false,"recordRelation":null,"status":"historical","disputed":false,"precision":"feature","areaKey":null,"elements":["tobi"],"summary":"要素辞書に一致（tobi）。出典による裏づけは未確認。","zones":[],"dataset":"old_maps"}},{"type":"Feature","geometry":{"type":"Point","coordinates":[137.308374,35.919887]},"properties":{"id":"21-0fb0f7328e","name":"猿沢","reading":null,"pref":"岐阜県","prefCode":"21","municipality":"下呂市","hazardTypes":["slope_failure"],"evidenceLevel":0,"originLevel":0,"hasRecord":false,"recordRelation":null,"status":"historical","disputed":false,"precision":"koaza","areaKey":null,"elements":["saru"],"summary":"要素辞書に一致（saru）。出典による裏づけは未確認。","zones":[],"dataset":"old_maps"}},{"type":"Feature","geometry":{"type":"Point","coordinates":[137.314383,35.890033]},"properties":{"id":"21-43a3fa0239","name":"鹿山","reading":null,"pref":"岐阜県","prefCode":"21","municipality":"下呂市","hazardTypes":["landslide","soft_ground"],"evidenceLevel":0,"originLevel":0,"hasRecord":false,"recordRelation":null,"status":"historical","disputed":false,"precision":"koaza","areaKey":null,"elements":["shishi"],"summary":"要素辞書に一致（shishi）。出典による裏づけは未確認。","zones":[],"dataset":"old_maps"}},{"type":"Feature","geometry":{"type":"Point","coordinates":[137.360143,35.862977]},"properties":{"id":"21-30a905d718","name":"蛇ダシ谷","reading":null,"pref":"岐阜県","prefCode":"21","municipality":"下呂市","hazardTypes":["slope_failure","debris_flow"],"evidenceLevel":0,"originLevel":0,"hasRecord":false,"recordRelation":null,"status":"historical","disputed":false,"precision":"feature","areaKey":null,"elements":["ja"],"summary":"要素辞書に一致（ja）。出典による裏づけは未確認。","zones":[],"dataset":"old_maps"}},{"type":"Feature","geometry":{"type":"Point","coordinates":[137.305807,35.874698]},"properties":{"id":"21-7cdd1a4ce1","name":"鹿山筋谷","reading":null,"pref":"岐阜県","prefCode":"21","municipality":"下呂市","hazardTypes":["landslide","soft_ground"],"evidenceLevel":0,"originLevel":0,"hasRecord":false,"recordRelation":null,"status":"historical","disputed":false,"precision":"feature","areaKey":null,"elements":["shishi"],"summary":"要素辞書に一致（shishi）。出典による裏づけは未確認。","zones":[],"dataset":"old_maps"}},{"type":"Feature","geometry":{"type":"Point","coordinates":[137.292311,35.867261]},"properties":{"id":"21-a35e5dad78","name":"小ヶ倉谷","reading":null,"pref":"岐阜県","prefCode":"21","municipality":"下呂市","hazardTypes":["slope_failure","rockfall"],"evidenceLevel":0,"originLevel":0,"hasRecord":false,"recordRelation":null,"status":"historical","disputed":false,"precision":"feature","areaKey":null,"elements":["kura"],"summary":"要素辞書に一致（kura）。出典による裏づけは未確認。","zones":[],"dataset":"old_maps"}},{"type":"Feature","geometry":{"type":"Point","coordinates":[137.265599,35.745122]},"properties":{"id":"21-3e27b699f1","name":"下夏焼","reading":null,"pref":"岐阜県","prefCode":"21","municipality":"下呂市","hazardTypes":["debris_flow","slope_failure"],"evidenceLevel":0,"originLevel":0,"hasRecord":false,"recordRelation":null,"status":"historical","disputed":false,"precision":"koaza","areaKey":"21220012001","elements":["nazu_natsu"],"summary":"要素辞書に一致（nazu_natsu）。出典による裏づけは未確認。","zones":[],"dataset":"old_maps"}},{"type":"Feature","geometry":{"type":"Point","coordinates":[137.321627,35.738936]},"properties":{"id":"21-5808c021cf","name":"大鹿野","reading":null,"pref":"岐阜県","prefCode":"21","municipality":"下呂市","hazardTypes":["landslide","soft_ground"],"evidenceLevel":0,"originLevel":0,"hasRecord":false,"recordRelation":null,"status":"historical","disputed":false,"precision":"koaza","areaKey":"21220014001","elements":["shishi"],"summary":"要素辞書に一致（shishi）。出典による裏づけは未確認。","zones":[],"dataset":"old_maps"}},{"type":"Feature","geometry":{"type":"Point","coordinates":[137.422971,35.712098]},"properties":{"id":"21-c21d453053","name":"猪ノ谷","reading":null,"pref":"岐阜県","prefCode":"21","municipality":"中津川市","hazardTypes":["landslide","soft_ground"],"evidenceLevel":0,"originLevel":0,"hasRecord":false,"recordRelation":null,"status":"historical","disputed":false,"precision":"koaza","areaKey":"212061280","elements":["shishi"],"summary":"要素辞書に一致（shishi）。出典による裏づけは未確認。","zones":[],"dataset":"old_maps"}},{"type":"Feature","geometry":{"type":"Point","coordinates":[137.415217,35.674677]},"properties":{"id":"21-79a881de59","name":"倉屋","reading":null,"pref":"岐阜県","prefCode":"21","municipality":"中津川市","hazardTypes":["slope_failure","rockfall"],"evidenceLevel":0,"originLevel":0,"hasRecord":false,"recordRelation":null,"status":"historical","disputed":false,"precision":"koaza","areaKey":"212061290","elements":["kura"],"summary":"要素辞書に一致（kura）。出典による裏づけは未確認。","zones":[],"dataset":"old_maps"}},{"type":"Feature","geometry":{"type":"Point","coordinates":[136.862018,35.971297]},"properties":{"id":"21-e6a671c525","name":"猪ノ洞谷","reading":null,"pref":"岐阜県","prefCode":"21","municipality":"郡上市","hazardTypes":["landslide","soft_ground"],"evidenceLevel":0,"originLevel":0,"hasRecord":false,"recordRelation":null,"status":"historical","disputed":false,"precision":"feature","areaKey":null,"elements":["shishi"],"summary":"要素辞書に一致（shishi）。出典による裏づけは未確認。","zones":[],"dataset":"old_maps"}},{"type":"Feature","geometry":{"type":"Point","coordinates":[136.982448,35.821795]},"properties":{"id":"21-6c5202799c","name":"河鹿","reading":null,"pref":"岐阜県","prefCode":"21","municipality":"郡上市","hazardTypes":["landslide","soft_ground"],"evidenceLevel":0,"originLevel":0,"hasRecord":false,"recordRelation":null,"status":"historical","disputed":false,"precision":"koaza","areaKey":"21219023001","elements":["shishi"],"summary":"要素辞書に一致（shishi）。出典による裏づけは未確認。","zones":[],"dataset":"old_maps"}},{"type":"Feature","geometry":{"type":"Point","coordinates":[136.961985,35.83249]},"properties":{"id":"21-2dc9ee416c","name":"足代","reading":null,"pref":"岐阜県","prefCode":"21","municipality":"郡上市","hazardTypes":["flood","inundation"],"evidenceLevel":0,"originLevel":0,"hasRecord":false,"recordRelation":null,"status":"historical","disputed":false,"precision":"koaza","areaKey":null,"elements":["ashi"],"summary":"要素辞書に一致（ashi）。出典による裏づけは未確認。","zones":[],"dataset":"old_maps"}},{"type":"Feature","geometry":{"type":"Point","coordinates":[136.921105,35.740975]},"properties":{"id":"21-ec553880e8","name":"荒倉","reading":null,"pref":"岐阜県","prefCode":"21","municipality":"郡上市","hazardTypes":["slope_failure","rockfall"],"evidenceLevel":0,"originLevel":0,"hasRecord":false,"recordRelation":null,"status":"historical","disputed":false,"precision":"koaza","areaKey":null,"elements":["kura"],"summary":"要素辞書に一致（kura）。出典による裏づけは未確認。","zones":[],"dataset":"old_maps"}},{"type":"Feature","geometry":{"type":"Point","coordinates":[136.924147,35.721426]},"properties":{"id":"21-a8971f5205","name":"久蔵","reading":null,"pref":"岐阜県","prefCode":"21","municipality":"郡上市","hazardTypes":["slope_failure","rockfall"],"evidenceLevel":0,"originLevel":0,"hasRecord":false,"recordRelation":null,"status":"historical","disputed":false,"precision":"koaza","areaKey":null,"elements":["kura"],"summary":"要素辞書に一致（kura）。出典による裏づけは未確認。","zones":[],"dataset":"old_maps"}},{"type":"Feature","geometry":{"type":"Point","coordinates":[136.963337,35.693236]},"properties":{"id":"21-769a9b1051","name":"梅原","reading":null,"pref":"岐阜県","prefCode":"21","municipality":"郡上市","hazardTypes":["landslide","slope_failure"],"evidenceLevel":0,"originLevel":0,"hasRecord":false,"recordRelation":null,"status":"historical","disputed":false,"precision":"koaza","areaKey":"212190810","elements":["ume"],"summary":"要素辞書に一致（ume）。出典による裏づけは未確認。","zones":[],"dataset":"old_maps"}},{"type":"Feature","geometry":{"type":"Point","coordinates":[136.904206,35.706905]},"properties":{"id":"21-2ffb603599","name":"足瀬","reading":null,"pref":"岐阜県","prefCode":"21","municipality":"郡上市","hazardTypes":["flood","inundation"],"evidenceLevel":0,"originLevel":0,"hasRecord":false,"recordRelation":null,"status":"historical","disputed":false,"precision":"koaza","areaKey":null,"elements":["ashi"],"summary":"要素辞書に一致（ashi）。出典による裏づけは未確認。","zones":[],"dataset":"old_maps"}},{"type":"Feature","geometry":{"type":"Point","coordinates":[137.515862,35.520744]},"properties":{"id":"21-5bd71bae8a","name":"梅平","reading":null,"pref":"岐阜県","prefCode":"21","municipality":"中津川市","hazardTypes":["landslide","slope_failure"],"evidenceLevel":0,"originLevel":0,"hasRecord":false,"recordRelation":null,"status":"historical","disputed":false,"precision":"koaza","areaKey":"212060300","elements":["ume"],"summary":"要素辞書に一致（ume）。出典による裏づけは未確認。","zones":[],"dataset":"old_maps"}},{"type":"Feature","geometry":{"type":"Point","coordinates":[136.671233,35.490971]},"properties":{"id":"21-6f627d7d32","name":"東河原","reading":null,"pref":"岐阜県","prefCode":"21","municipality":"本巣市","hazardTypes":["flood"],"evidenceLevel":0,"originLevel":0,"hasRecord":false,"recordRelation":null,"status":"historical","disputed":false,"precision":"koaza","areaKey":"21218002001","elements":["kawara"],"summary":"要素辞書に一致（kawara）。出典による裏づけは未確認。","zones":[],"dataset":"old_maps"}},{"type":"Feature","geometry":{"type":"Point","coordinates":[136.641077,35.488455]},"properties":{"id":"21-1f00b7bb40","name":"古川","reading":null,"pref":"岐阜県","prefCode":"21","municipality":"揖斐郡大野町","hazardTypes":["flood","inundation"],"evidenceLevel":0,"originLevel":0,"hasRecord":false,"recordRelation":null,"status":"historical","disputed":false,"precision":"koaza","areaKey":null,"elements":["furukawa"],"summary":"要素辞書に一致（furukawa）。出典による裏づけは未確認。","zones":[],"dataset":"old_maps"}},{"type":"Feature","geometry":{"type":"Point","coordinates":[136.65488,35.46115]},"properties":{"id":"21-066bc67b60","name":"古川","reading":null,"pref":"岐阜県","prefCode":"21","municipality":"本巣市","hazardTypes":["flood","inundation"],"evidenceLevel":0,"originLevel":0,"hasRecord":false,"recordRelation":null,"status":"historical","disputed":false,"precision":"koaza","areaKey":"212180440","elements":["furukawa"],"summary":"要素辞書に一致（furukawa）。出典による裏づけは未確認。","zones":[],"dataset":"old_maps"}},{"type":"Feature","geometry":{"type":"Point","coordinates":[136.675473,35.479602]},"properties":{"id":"21-b5b6a08e7d","name":"下川原","reading":null,"pref":"岐阜県","prefCode":"21","municipality":"本巣市","hazardTypes":["flood"],"evidenceLevel":0,"originLevel":0,"hasRecord":false,"recordRelation":null,"status":"historical","disputed":false,"precision":"koaza","areaKey":"212180400","elements":["kawara"],"summary":"要素辞書に一致（kawara）。出典による裏づけは未確認。","zones":[],"dataset":"old_maps"}},{"type":"Feature","geometry":{"type":"Point","coordinates":[136.731285,35.446419]},"properties":{"id":"21-6c384d98b1","name":"柿ゲ瀬","reading":null,"pref":"岐阜県","prefCode":"21","municipality":"岐阜市","hazardTypes":["slope_failure"],"evidenceLevel":0,"originLevel":0,"hasRecord":false,"recordRelation":null,"status":"historical","disputed":false,"precision":"koaza","areaKey":"212015260","elements":["kake"],"summary":"要素辞書に一致（kake）。出典による裏づけは未確認。","zones":[],"dataset":"old_maps"}},{"type":"Feature","geometry":{"type":"Point","coordinates":[136.729339,35.420354]},"properties":{"id":"21-d5ef867355","name":"菅生","reading":null,"pref":"岐阜県","prefCode":"21","municipality":"岐阜市","hazardTypes":["landslide","soft_ground"],"evidenceLevel":0,"originLevel":0,"hasRecord":false,"recordRelation":null,"status":"historical","disputed":false,"precision":"koaza","areaKey":"21201399003","elements":["wetland_plants"],"summary":"要素辞書に一致（wetland_plants）。出典による裏づけは未確認。","zones":[],"dataset":"old_maps"}},{"type":"Feature","geometry":{"type":"Point","coordinates":[136.728171,35.417627]},"properties":{"id":"21-23972297e5","name":"菖蒲池","reading":null,"pref":"岐阜県","prefCode":"21","municipality":"岐阜市","hazardTypes":["landslide","soft_ground"],"evidenceLevel":0,"originLevel":0,"hasRecord":false,"recordRelation":null,"status":"historical","disputed":false,"precision":"koaza","areaKey":"212015660","elements":["wetland_plants"],"summary":"要素辞書に一致（wetland_plants）。出典による裏づけは未確認。","zones":[],"dataset":"old_maps"}},{"type":"Feature","geometry":{"type":"Point","coordinates":[136.668595,35.450739]},"properties":{"id":"21-3d2c771a3e","name":"磧早野","reading":null,"pref":"岐阜県","prefCode":"21","municipality":"本巣市","hazardTypes":["flood"],"evidenceLevel":0,"originLevel":0,"hasRecord":false,"recordRelation":null,"status":"historical","disputed":false,"precision":"koaza","areaKey":"212180470","elements":["kawara"],"summary":"要素辞書に一致（kawara）。出典による裏づけは未確認。","zones":[],"dataset":"old_maps"}},{"type":"Feature","geometry":{"type":"Point","coordinates":[136.626672,35.439759]},"properties":{"id":"21-9c2d0ffed6","name":"上磯","reading":null,"pref":"岐阜県","prefCode":"21","municipality":"揖斐郡大野町","hazardTypes":["rockfall","debris_flow"],"evidenceLevel":0,"originLevel":0,"hasRecord":false,"recordRelation":null,"status":"historical","disputed":false,"precision":"koaza","areaKey":null,"elements":["iso_ishi"],"summary":"要素辞書に一致（iso_ishi）。出典による裏づけは未確認。","zones":[],"dataset":"old_maps"}},{"type":"Feature","geometry":{"type":"Point","coordinates":[136.626889,35.421803]},"properties":{"id":"21-cad7296130","name":"西座倉","reading":null,"pref":"岐阜県","prefCode":"21","municipality":"安八郡神戸町","hazardTypes":["slope_failure","rockfall"],"evidenceLevel":0,"originLevel":0,"hasRecord":false,"recordRelation":null,"status":"historical","disputed":false,"precision":"koaza","areaKey":null,"elements":["kura"],"summary":"要素辞書に一致（kura）。出典による裏づけは未確認。","zones":[],"dataset":"old_maps"}},{"type":"Feature","geometry":{"type":"Point","coordinates":[136.62849,35.416632]},"properties":{"id":"21-5ec904798c","name":"下座倉","reading":null,"pref":"岐阜県","prefCode":"21","municipality":"揖斐郡大野町","hazardTypes":["slope_failure","rockfall"],"evidenceLevel":0,"originLevel":0,"hasRecord":false,"recordRelation":null,"status":"historical","disputed":false,"precision":"koaza","areaKey":null,"elements":["kura"],"summary":"要素辞書に一致（kura）。出典による裏づけは未確認。","zones":[],"dataset":"old_maps"}},{"type":"Feature","geometry":{"type":"Point","coordinates":[136.596778,35.39517]},"properties":{"id":"21-865dd1171e","name":"青木","reading":null,"pref":"岐阜県","prefCode":"21","municipality":"大垣市","hazardTypes":["slope_failure"],"evidenceLevel":0,"originLevel":0,"hasRecord":false,"recordRelation":null,"status":"historical","disputed":false,"precision":"koaza","areaKey":"212021880","elements":["afu_oo"],"summary":"要素辞書に一致（afu_oo）。出典による裏づけは未確認。","zones":[],"dataset":"old_maps"}},{"type":"Feature","geometry":{"type":"Point","coordinates":[136.501554,35.384189]},"properties":{"id":"21-fa3c34b458","name":"川原","reading":null,"pref":"岐阜県","prefCode":"21","municipality":"不破郡垂井町","hazardTypes":["flood"],"evidenceLevel":0,"originLevel":0,"hasRecord":false,"recordRelation":null,"status":"historical","disputed":false,"precision":"koaza","areaKey":null,"elements":["kawara"],"summary":"要素辞書に一致（kawara）。出典による裏づけは未確認。","zones":[],"dataset":"old_maps"}},{"type":"Feature","geometry":{"type":"Point","coordinates":[136.519552,35.370731]},"properties":{"id":"21-6d26bc38cf","name":"垂井町","reading":null,"pref":"岐阜県","prefCode":"21","municipality":"不破郡垂井町","hazardTypes":["slope_failure"],"evidenceLevel":0,"originLevel":0,"hasRecord":false,"recordRelation":null,"status":"historical","disputed":false,"precision":"oaza","areaKey":null,"elements":["kake"],"summary":"要素辞書に一致（kake）。出典による裏づけは未確認。","zones":[],"dataset":"old_maps"}},{"type":"Feature","geometry":{"type":"Point","coordinates":[136.721598,35.343254]},"properties":{"id":"21-b63c15d271","name":"足近村","reading":null,"pref":"岐阜県","prefCode":"21","municipality":"羽島市","hazardTypes":["flood","inundation"],"evidenceLevel":0,"originLevel":0,"hasRecord":false,"recordRelation":null,"status":"historical","disputed":false,"precision":"village","areaKey":"212090070","elements":["ashi"],"summary":"要素辞書に一致（ashi）。出典による裏づけは未確認。","zones":[],"dataset":"old_maps"}},{"type":"Feature","geometry":{"type":"Point","coordinates":[136.647288,35.651774]},"properties":{"id":"21-77436dca68","name":"小鹿","reading":null,"pref":"岐阜県","prefCode":"21","municipality":"本巣市","hazardTypes":["landslide","soft_ground"],"evidenceLevel":0,"originLevel":0,"hasRecord":false,"recordRelation":null,"status":"historical","disputed":false,"precision":"koaza","areaKey":"212180320","elements":["shishi"],"summary":"要素辞書に一致（shishi）。出典による裏づけは未確認。","zones":[],"dataset":"old_maps"}},{"type":"Feature","geometry":{"type":"Point","coordinates":[136.644123,35.651172]},"properties":{"id":"21-3463cb9f59","name":"東小鹿","reading":null,"pref":"岐阜県","prefCode":"21","municipality":"本巣市","hazardTypes":["landslide","soft_ground"],"evidenceLevel":0,"originLevel":0,"hasRecord":false,"recordRelation":null,"status":"historical","disputed":false,"precision":"koaza","areaKey":"212180320","elements":["shishi"],"summary":"要素辞書に一致（shishi）。出典による裏づけは未確認。","zones":[],"dataset":"old_maps"}},{"type":"Feature","geometry":{"type":"Point","coordinates":[136.636059,35.651172]},"properties":{"id":"21-c2c25f29f5","name":"西小鹿","reading":null,"pref":"岐阜県","prefCode":"21","municipality":"本巣市","hazardTypes":["landslide","soft_ground"],"evidenceLevel":0,"originLevel":0,"hasRecord":false,"recordRelation":null,"status":"historical","disputed":false,"precision":"koaza","areaKey":"212180320","elements":["shishi"],"summary":"要素辞書に一致（shishi）。出典による裏づけは未確認。","zones":[],"dataset":"old_maps"}},{"type":"Feature","geometry":{"type":"Point","coordinates":[136.51406,35.635834]},"properties":{"id":"21-c99f32a595","name":"尾蔵谷","reading":null,"pref":"岐阜県","prefCode":"21","municipality":"揖斐郡揖斐川町","hazardTypes":["slope_failure","rockfall"],"evidenceLevel":0,"originLevel":0,"hasRecord":false,"recordRelation":null,"status":"historical","disputed":false,"precision":"feature","areaKey":null,"elements":["kura"],"summary":"要素辞書に一致（kura）。出典による裏づけは未確認。","zones":[],"dataset":"old_maps"}},{"type":"Feature","geometry":{"type":"Point","coordinates":[136.71423,35.598795]},"properties":{"id":"21-c9a0e85d92","name":"馬場","reading":null,"pref":"岐阜県","prefCode":"21","municipality":"山県市","hazardTypes":["slope_failure"],"evidenceLevel":0,"originLevel":0,"hasRecord":false,"recordRelation":null,"status":"historical","disputed":false,"precision":"koaza","areaKey":"21215025013","elements":["baba"],"summary":"要素辞書に一致（baba）。出典による裏づけは未確認。","zones":[],"dataset":"old_maps"}},{"type":"Feature","geometry":{"type":"Point","coordinates":[136.723898,35.603789]},"properties":{"id":"21-7da32a3b66","name":"馬場洞","reading":null,"pref":"岐阜県","prefCode":"21","municipality":"山県市","hazardTypes":["slope_failure"],"evidenceLevel":0,"originLevel":0,"hasRecord":false,"recordRelation":null,"status":"historical","disputed":false,"precision":"koaza","areaKey":"212150300","elements":["baba"],"summary":"要素辞書に一致（baba）。出典による裏づけは未確認。","zones":[],"dataset":"old_maps"}},{"type":"Feature","geometry":{"type":"Point","coordinates":[136.66485,35.559872]},"properties":{"id":"21-5a25561f23","name":"木倉","reading":null,"pref":"岐阜県","prefCode":"21","municipality":"本巣市","hazardTypes":["slope_failure","rockfall"],"evidenceLevel":0,"originLevel":0,"hasRecord":false,"recordRelation":null,"status":"historical","disputed":false,"precision":"koaza","areaKey":"21218010001","elements":["kura"],"summary":"要素辞書に一致（kura）。出典による裏づけは未確認。","zones":[],"dataset":"old_maps"}},{"type":"Feature","geometry":{"type":"Point","coordinates":[136.70348,35.531754]},"properties":{"id":"21-be9e2ba256","name":"上雛倉","reading":null,"pref":"岐阜県","prefCode":"21","municipality":"岐阜市","hazardTypes":["slope_failure","rockfall"],"evidenceLevel":0,"originLevel":0,"hasRecord":false,"recordRelation":null,"status":"historical","disputed":false,"precision":"koaza","areaKey":null,"elements":["kura"],"summary":"要素辞書に一致（kura）。出典による裏づけは未確認。","zones":[],"dataset":"old_maps"}},{"type":"Feature","geometry":{"type":"Point","coordinates":[136.649288,35.512274]},"properties":{"id":"21-73e9307014","name":"赤石","reading":null,"pref":"岐阜県","prefCode":"21","municipality":"本巣市","hazardTypes":["landslide"],"evidenceLevel":0,"originLevel":0,"hasRecord":false,"recordRelation":null,"status":"historical","disputed":false,"precision":"koaza","areaKey":"21218001001","elements":["geology_names"],"summary":"要素辞書に一致（geology_names）。出典による裏づけは未確認。","zones":[],"dataset":"old_maps"}},{"type":"Feature","geometry":{"type":"Point","coordinates":[136.700966,35.515533]},"properties":{"id":"21-e0f4bbf3e8","name":"下雛倉","reading":null,"pref":"岐阜県","prefCode":"21","municipality":"岐阜市","hazardTypes":["slope_failure","rockfall"],"evidenceLevel":0,"originLevel":0,"hasRecord":false,"recordRelation":null,"status":"historical","disputed":false,"precision":"koaza","areaKey":null,"elements":["kura"],"summary":"要素辞書に一致（kura）。出典による裏づけは未確認。","zones":[],"dataset":"old_maps"}},{"type":"Feature","geometry":{"type":"Point","coordinates":[136.5546,35.554628]},"properties":{"id":"21-8fceee9f3e","name":"横蔵村","reading":null,"pref":"岐阜県","prefCode":"21","municipality":"揖斐郡揖斐川町","hazardTypes":["slope_failure","rockfall"],"evidenceLevel":0,"originLevel":0,"hasRecord":false,"recordRelation":null,"status":"historical","disputed":false,"precision":"village","areaKey":null,"elements":["kura"],"summary":"要素辞書に一致（kura）。出典による裏づけは未確認。","zones":[],"dataset":"old_maps"}},{"type":"Feature","geometry":{"type":"Point","coordinates":[136.549311,35.530015]},"properties":{"id":"21-2b2055c2a0","name":"揖斐町飛地","reading":null,"pref":"岐阜県","prefCode":"21","municipality":"揖斐郡揖斐川町","hazardTypes":["slope_failure","debris_flow"],"evidenceLevel":0,"originLevel":0,"hasRecord":false,"recordRelation":null,"status":"historical","disputed":false,"precision":"oaza","areaKey":null,"elements":["tobi"],"summary":"要素辞書に一致（tobi）。出典による裏づけは未確認。","zones":[],"dataset":"old_maps"}},{"type":"Feature","geometry":{"type":"Point","coordinates":[136.747442,35.517235]},"properties":{"id":"21-337d033e09","name":"梅原村","reading":null,"pref":"岐阜県","prefCode":"21","municipality":"山県市","hazardTypes":["landslide","slope_failure"],"evidenceLevel":0,"originLevel":0,"hasRecord":false,"recordRelation":null,"status":"historical","disputed":false,"precision":"village","areaKey":"212150060","elements":["ume"],"summary":"要素辞書に一致（ume）。出典による裏づけは未確認。","zones":[],"dataset":"old_maps"}},{"type":"Feature","geometry":{"type":"Point","coordinates":[136.965528,35.501461]},"properties":{"id":"21-e43ce49f16","name":"老梅","reading":null,"pref":"岐阜県","prefCode":"21","municipality":"加茂郡富加町","hazardTypes":["landslide","slope_failure"],"evidenceLevel":0,"originLevel":0,"hasRecord":false,"recordRelation":null,"status":"historical","disputed":false,"precision":"koaza","areaKey":null,"elements":["ume"],"summary":"要素辞書に一致（ume）。出典による裏づけは未確認。","zones":[],"dataset":"old_maps"}},{"type":"Feature","geometry":{"type":"Point","coordinates":[136.88821,35.481129]},"properties":{"id":"21-bfe3270999","name":"下倉知","reading":null,"pref":"岐阜県","prefCode":"21","municipality":"関市","hazardTypes":["slope_failure","rockfall"],"evidenceLevel":0,"originLevel":0,"hasRecord":false,"recordRelation":null,"status":"historical","disputed":false,"precision":"koaza","areaKey":"21205062002","elements":["kura"],"summary":"要素辞書に一致（kura）。出典による裏づけは未確認。","zones":[],"dataset":"old_maps"}},{"type":"Feature","geometry":{"type":"Point","coordinates":[136.847539,35.491753]},"properties":{"id":"21-33531f1c7b","name":"西河原","reading":null,"pref":"岐阜県","prefCode":"21","municipality":"岐阜市","hazardTypes":["flood"],"evidenceLevel":0,"originLevel":0,"hasRecord":false,"recordRelation":null,"status":"historical","disputed":false,"precision":"koaza","areaKey":null,"elements":["kawara"],"summary":"要素辞書に一致（kawara）。出典による裏づけは未確認。","zones":[],"dataset":"old_maps"}},{"type":"Feature","geometry":{"type":"Point","coordinates":[136.838022,35.44532]},"properties":{"id":"21-9c45cd83d2","name":"羽場","reading":null,"pref":"岐阜県","prefCode":"21","municipality":"岐阜市","hazardTypes":["erosion","slope_failure"],"evidenceLevel":0,"originLevel":0,"hasRecord":false,"recordRelation":null,"status":"historical","disputed":false,"precision":"koaza","areaKey":"212018320","elements":["haba"],"summary":"要素辞書に一致（haba）。出典による裏づけは未確認。","zones":[],"dataset":"old_maps"}},{"type":"Feature","geometry":{"type":"Point","coordinates":[136.870343,35.425806]},"properties":{"id":"21-383c4cbfbf","name":"飛鳥","reading":null,"pref":"岐阜県","prefCode":"21","municipality":"各務原市","hazardTypes":["slope_failure","debris_flow"],"evidenceLevel":0,"originLevel":0,"hasRecord":false,"recordRelation":null,"status":"historical","disputed":false,"precision":"koaza","areaKey":"21213323003","elements":["tobi"],"summary":"要素辞書に一致（tobi）。出典による裏づけは未確認。","zones":[],"dataset":"old_maps"}},{"type":"Feature","geometry":{"type":"Point","coordinates":[136.862902,35.405936]},"properties":{"id":"21-e7b2adff15","name":"柿沢","reading":null,"pref":"岐阜県","prefCode":"21","municipality":"各務原市","hazardTypes":["slope_failure"],"evidenceLevel":0,"originLevel":0,"hasRecord":false,"recordRelation":null,"status":"historical","disputed":false,"precision":"koaza","areaKey":"21213358002","elements":["kake"],"summary":"要素辞書に一致（kake）。出典による裏づけは未確認。","zones":[],"dataset":"old_maps"}},{"type":"Feature","geometry":{"type":"Point","coordinates":[136.862988,35.400198]},"properties":{"id":"21-d4f4dbb5b8","name":"三柿野","reading":null,"pref":"岐阜県","prefCode":"21","municipality":"各務原市","hazardTypes":["slope_failure"],"evidenceLevel":0,"originLevel":0,"hasRecord":false,"recordRelation":null,"status":"historical","disputed":false,"precision":"koaza","areaKey":"21213353003","elements":["kake"],"summary":"要素辞書に一致（kake）。出典による裏づけは未確認。","zones":[],"dataset":"old_maps"}},{"type":"Feature","geometry":{"type":"Point","coordinates":[136.899808,35.413198]},"properties":{"id":"21-085f8a31b0","name":"抜井","reading":null,"pref":"岐阜県","prefCode":"21","municipality":"各務原市","hazardTypes":["slope_failure"],"evidenceLevel":0,"originLevel":0,"hasRecord":false,"recordRelation":null,"status":"historical","disputed":false,"precision":"koaza","areaKey":"21213431006","elements":["nuke"],"summary":"要素辞書に一致（nuke）。出典による裏づけは未確認。","zones":[],"dataset":"old_maps"}},{"type":"Feature","geometry":{"type":"Point","coordinates":[136.923995,35.404379]},"properties":{"id":"21-1dfc963f6e","name":"羽場","reading":null,"pref":"岐阜県","prefCode":"21","municipality":"各務原市","hazardTypes":["erosion","slope_failure"],"evidenceLevel":0,"originLevel":0,"hasRecord":false,"recordRelation":null,"status":"historical","disputed":false,"precision":"koaza","areaKey":"21213516002","elements":["haba"],"summary":"要素辞書に一致（haba）。出典による裏づけは未確認。","zones":[],"dataset":"old_maps"}},{"type":"Feature","geometry":{"type":"Point","coordinates":[136.831058,35.368534]},"properties":{"id":"21-56d0737d2c","name":"松倉","reading":null,"pref":"岐阜県","prefCode":"21","municipality":"各務原市","hazardTypes":["slope_failure","rockfall"],"evidenceLevel":0,"originLevel":0,"hasRecord":false,"recordRelation":null,"status":"historical","disputed":false,"precision":"koaza","areaKey":"212136180","elements":["kura"],"summary":"要素辞書に一致（kura）。出典による裏づけは未確認。","zones":[],"dataset":"old_maps"}},{"type":"Feature","geometry":{"type":"Point","coordinates":[136.802759,35.444363]},"properties":{"id":"21-2c3aa8bb0a","name":"中川原","reading":null,"pref":"岐阜県","prefCode":"21","municipality":"岐阜市","hazardTypes":["flood"],"evidenceLevel":0,"originLevel":0,"hasRecord":false,"recordRelation":null,"status":"historical","disputed":false,"precision":"koaza","areaKey":"21201754004","elements":["kawara"],"summary":"要素辞書に一致（kawara）。出典による裏づけは未確認。","zones":[],"dataset":"old_maps"}},{"type":"Feature","geometry":{"type":"Point","coordinates":[136.765895,35.438447]},"properties":{"id":"21-7a142aa80a","name":"馬場","reading":null,"pref":"岐阜県","prefCode":"21","municipality":"岐阜市","hazardTypes":["slope_failure"],"evidenceLevel":0,"originLevel":0,"hasRecord":false,"recordRelation":null,"status":"historical","disputed":false,"precision":"koaza","areaKey":"21201632001","elements":["baba"],"summary":"要素辞書に一致（baba）。出典による裏づけは未確認。","zones":[],"dataset":"old_maps"}},{"type":"Feature","geometry":{"type":"Point","coordinates":[136.806308,35.397045]},"properties":{"id":"21-b16e2b8d7e","name":"蔵前","reading":null,"pref":"岐阜県","prefCode":"21","municipality":"岐阜市","hazardTypes":["slope_failure","rockfall"],"evidenceLevel":0,"originLevel":0,"hasRecord":false,"recordRelation":null,"status":"historical","disputed":false,"precision":"koaza","areaKey":"21201700106","elements":["kura"],"summary":"要素辞書に一致（kura）。出典による裏づけは未確認。","zones":[],"dataset":"old_maps"}},{"type":"Feature","geometry":{"type":"Point","coordinates":[136.99322,35.491297]},"properties":{"id":"21-26c1a07689","name":"加治田村","reading":null,"pref":"岐阜県","prefCode":"21","municipality":"加茂郡富加町","hazardTypes":["slope_failure"],"evidenceLevel":0,"originLevel":0,"hasRecord":false,"recordRelation":null,"status":"historical","disputed":false,"precision":"village","areaKey":null,"elements":["kaji_kamu"],"summary":"要素辞書に一致（kaji_kamu）。出典による裏づけは未確認。","zones":[],"dataset":"old_maps"}},{"type":"Feature","geometry":{"type":"Point","coordinates":[136.89535,35.461437]},"properties":{"id":"21-9931a2f755","name":"倉知村","reading":null,"pref":"岐阜県","prefCode":"21","municipality":"関市","hazardTypes":["slope_failure","rockfall"],"evidenceLevel":0,"originLevel":0,"hasRecord":false,"recordRelation":null,"status":"historical","disputed":false,"precision":"village","areaKey":"212054040","elements":["kura"],"summary":"要素辞書に一致（kura）。出典による裏づけは未確認。","zones":[],"dataset":"old_maps"}},{"type":"Feature","geometry":{"type":"Point","coordinates":[136.818712,35.617671]},"properties":{"id":"21-89492690ea","name":"飛瀬","reading":null,"pref":"岐阜県","prefCode":"21","municipality":"関市","hazardTypes":["slope_failure","debris_flow"],"evidenceLevel":0,"originLevel":0,"hasRecord":false,"recordRelation":null,"status":"historical","disputed":false,"precision":"koaza","areaKey":"212059090","elements":["tobi"],"summary":"要素辞書に一致（tobi）。出典による裏づけは未確認。","zones":[],"dataset":"old_maps"}},{"type":"Feature","geometry":{"type":"Point","coordinates":[136.777307,35.600847]},"properties":{"id":"21-9e2134e01f","name":"見鹿","reading":null,"pref":"岐阜県","prefCode":"21","municipality":"山県市","hazardTypes":["landslide","soft_ground"],"evidenceLevel":0,"originLevel":0,"hasRecord":false,"recordRelation":null,"status":"historical","disputed":false,"precision":"koaza","areaKey":"212150330","elements":["shishi"],"summary":"要素辞書に一致（shishi）。出典による裏づけは未確認。","zones":[],"dataset":"old_maps"}},{"type":"Feature","geometry":{"type":"Point","coordinates":[136.80046,35.589196]},"properties":{"id":"21-dcadc3c880","name":"下菅谷","reading":null,"pref":"岐阜県","prefCode":"21","municipality":"関市","hazardTypes":["landslide","soft_ground"],"evidenceLevel":0,"originLevel":0,"hasRecord":false,"recordRelation":null,"status":"historical","disputed":false,"precision":"koaza","areaKey":"212059140","elements":["wetland_plants"],"summary":"要素辞書に一致（wetland_plants）。出典による裏づけは未確認。","zones":[],"dataset":"old_maps"}},{"type":"Feature","geometry":{"type":"Point","coordinates":[136.806486,35.600069]},"properties":{"id":"21-fc32a06fed","name":"菅谷","reading":null,"pref":"岐阜県","prefCode":"21","municipality":"関市","hazardTypes":["landslide","soft_ground"],"evidenceLevel":0,"originLevel":0,"hasRecord":false,"recordRelation":null,"status":"historical","disputed":false,"precision":"koaza","areaKey":"212059070","elements":["wetland_plants"],"summary":"要素辞書に一致（wetland_plants）。出典による裏づけは未確認。","zones":[],"dataset":"old_maps"}},{"type":"Feature","geometry":{"type":"Point","coordinates":[136.807137,35.596527]},"properties":{"id":"21-1fae6c01c7","name":"上菅谷","reading":null,"pref":"岐阜県","prefCode":"21","municipality":"関市","hazardTypes":["landslide","soft_ground"],"evidenceLevel":0,"originLevel":0,"hasRecord":false,"recordRelation":null,"status":"historical","disputed":false,"precision":"koaza","areaKey":"212059070","elements":["wetland_plants"],"summary":"要素辞書に一致（wetland_plants）。出典による裏づけは未確認。","zones":[],"dataset":"old_maps"}},{"type":"Feature","geometry":{"type":"Point","coordinates":[136.898663,35.582752]},"properties":{"id":"21-fec3f007ec","name":"間倉","reading":null,"pref":"岐阜県","prefCode":"21","municipality":"美濃市","hazardTypes":["slope_failure","rockfall"],"evidenceLevel":0,"originLevel":0,"hasRecord":false,"recordRelation":null,"status":"historical","disputed":false,"precision":"koaza","areaKey":"21207036001","elements":["kura"],"summary":"要素辞書に一致（kura）。出典による裏づけは未確認。","zones":[],"dataset":"old_maps"}},{"type":"Feature","geometry":{"type":"Point","coordinates":[136.760307,35.511697]},"properties":{"id":"21-3079f50923","name":"申子","reading":null,"pref":"岐阜県","prefCode":"21","municipality":"山県市","hazardTypes":["slope_failure"],"evidenceLevel":0,"originLevel":0,"hasRecord":false,"recordRelation":null,"status":"historical","disputed":false,"precision":"koaza","areaKey":"212150060","elements":["saru"],"summary":"要素辞書に一致（saru）。出典による裏づけは未確認。","zones":[],"dataset":"old_maps"}},{"type":"Feature","geometry":{"type":"Point","coordinates":[136.79502,35.52003]},"properties":{"id":"21-863c59c45e","name":"笹倉","reading":null,"pref":"岐阜県","prefCode":"21","municipality":"山県市","hazardTypes":["slope_failure","rockfall"],"evidenceLevel":0,"originLevel":0,"hasRecord":false,"recordRelation":null,"status":"historical","disputed":false,"precision":"koaza","areaKey":"212150030","elements":["kura"],"summary":"要素辞書に一致（kura）。出典による裏づけは未確認。","zones":[],"dataset":"old_maps"}},{"type":"Feature","geometry":{"type":"Point","coordinates":[136.821357,35.624649]},"properties":{"id":"21-bd2044f0a5","name":"尾倉","reading":null,"pref":"岐阜県","prefCode":"21","municipality":"関市","hazardTypes":["slope_failure","rockfall"],"evidenceLevel":0,"originLevel":0,"hasRecord":false,"recordRelation":null,"status":"historical","disputed":false,"precision":"koaza","areaKey":"212059160","elements":["kura"],"summary":"要素辞書に一致（kura）。出典による裏づけは未確認。","zones":[],"dataset":"old_maps"}},{"type":"Feature","geometry":{"type":"Point","coordinates":[137.09284,35.439274]},"properties":{"id":"21-805c52e01e","name":"高倉","reading":null,"pref":"岐阜県","prefCode":"21","municipality":"可児郡御嵩町","hazardTypes":["slope_failure","rockfall"],"evidenceLevel":0,"originLevel":0,"hasRecord":false,"recordRelation":null,"status":"historical","disputed":false,"precision":"koaza","areaKey":null,"elements":["kura"],"summary":"要素辞書に一致（kura）。出典による裏づけは未確認。","zones":[],"dataset":"old_maps"}},{"type":"Feature","geometry":{"type":"Point","coordinates":[137.001897,35.444868]},"properties":{"id":"21-bd5edc2fb3","name":"西幅","reading":null,"pref":"岐阜県","prefCode":"21","municipality":"美濃加茂市","hazardTypes":["erosion","slope_failure"],"evidenceLevel":0,"originLevel":0,"hasRecord":false,"recordRelation":null,"status":"historical","disputed":false,"precision":"koaza","areaKey":"21211006002","elements":["haba"],"summary":"要素辞書に一致（haba）。出典による裏づけは未確認。","zones":[],"dataset":"old_maps"}},{"type":"Feature","geometry":{"type":"Point","coordinates":[137.013925,35.446816]},"properties":{"id":"21-6533357a3e","name":"幅上","reading":null,"pref":"岐阜県","prefCode":"21","municipality":"美濃加茂市","hazardTypes":["erosion","slope_failure"],"evidenceLevel":0,"originLevel":0,"hasRecord":false,"recordRelation":null,"status":"historical","disputed":false,"precision":"koaza","areaKey":"212110090","elements":["haba"],"summary":"要素辞書に一致（haba）。出典による裏づけは未確認。","zones":[],"dataset":"old_maps"}},{"type":"Feature","geometry":{"type":"Point","coordinates":[137.005835,35.435837]},"properties":{"id":"21-625f65d652","name":"深田","reading":null,"pref":"岐阜県","prefCode":"21","municipality":"美濃加茂市","hazardTypes":["soft_ground","inundation"],"evidenceLevel":0,"originLevel":0,"hasRecord":false,"recordRelation":null,"status":"historical","disputed":false,"precision":"koaza","areaKey":"21211001003","elements":["fuke"],"summary":"要素辞書に一致（fuke）。出典による裏づけは未確認。","zones":[],"dataset":"old_maps"}},{"type":"Feature","geometry":{"type":"Point","coordinates":[137.065454,35.424576]},"properties":{"id":"21-2387b9f3df","name":"山岸","reading":null,"pref":"岐阜県","prefCode":"21","municipality":"可児市","hazardTypes":["slope_failure"],"evidenceLevel":0,"originLevel":0,"hasRecord":false,"recordRelation":null,"status":"historical","disputed":false,"precision":"koaza","areaKey":"21214014005","elements":["kake"],"summary":"要素辞書に一致（kake）。出典による裏づけは未確認。","zones":[],"dataset":"old_maps"}},{"type":"Feature","geometry":{"type":"Point","coordinates":[137.075361,35.428755]},"properties":{"id":"21-ac2e97c524","name":"小豆田","reading":null,"pref":"岐阜県","prefCode":"21","municipality":"可児市","hazardTypes":["debris_flow","slope_failure"],"evidenceLevel":0,"originLevel":0,"hasRecord":false,"recordRelation":null,"status":"historical","disputed":false,"precision":"koaza","areaKey":"212140130","elements":["azu"],"summary":"要素辞書に一致（azu）。出典による裏づけは未確認。","zones":[],"dataset":"old_maps"}},{"type":"Feature","geometry":{"type":"Point","coordinates":[137.235873,35.421959]},"properties":{"id":"21-44a80ebf65","name":"白倉","reading":null,"pref":"岐阜県","prefCode":"21","municipality":"瑞浪市","hazardTypes":["slope_failure","rockfall"],"evidenceLevel":0,"originLevel":0,"hasRecord":false,"recordRelation":null,"status":"historical","disputed":false,"precision":"koaza","areaKey":"212080170","elements":["kura"],"summary":"要素辞書に一致（kura）。出典による裏づけは未確認。","zones":[],"dataset":"old_maps"}},{"type":"Feature","geometry":{"type":"Point","coordinates":[137.062383,35.393021]},"properties":{"id":"21-93518a46d1","name":"青木","reading":null,"pref":"岐阜県","prefCode":"21","municipality":"多治見市","hazardTypes":["slope_failure"],"evidenceLevel":0,"originLevel":0,"hasRecord":false,"recordRelation":null,"status":"historical","disputed":false,"precision":"koaza","areaKey":"21204070006","elements":["afu_oo"],"summary":"要素辞書に一致（afu_oo）。出典による裏づけは未確認。","zones":[],"dataset":"old_maps"}},{"type":"Feature","geometry":{"type":"Point","coordinates":[137.067099,35.389621]},"properties":{"id":"21-23987f82ca","name":"夏焼","reading":null,"pref":"岐阜県","prefCode":"21","municipality":"多治見市","hazardTypes":["debris_flow","slope_failure"],"evidenceLevel":0,"originLevel":0,"hasRecord":false,"recordRelation":null,"status":"historical","disputed":false,"precision":"koaza","areaKey":"21204070004","elements":["nazu_natsu"],"summary":"要素辞書に一致（nazu_natsu）。出典による裏づけは未確認。","zones":[],"dataset":"old_maps"}},{"type":"Feature","geometry":{"type":"Point","coordinates":[137.150428,35.352224]},"properties":{"id":"21-f1919dfce9","name":"欠梁","reading":null,"pref":"岐阜県","prefCode":"21","municipality":"多治見市","hazardTypes":["slope_failure"],"evidenceLevel":0,"originLevel":0,"hasRecord":false,"recordRelation":null,"status":"historical","disputed":false,"precision":"koaza","areaKey":"21204056004","elements":["kake"],"summary":"要素辞書に一致（kake）。出典による裏づけは未確認。","zones":[],"dataset":"old_maps"}},{"type":"Feature","geometry":{"type":"Point","coordinates":[137.198679,35.656143]},"properties":{"id":"21-e623e454bc","name":"飛保","reading":null,"pref":"岐阜県","prefCode":"21","municipality":"下呂市","hazardTypes":["slope_failure","debris_flow"],"evidenceLevel":0,"originLevel":0,"hasRecord":false,"recordRelation":null,"status":"historical","disputed":false,"precision":"koaza","areaKey":null,"elements":["tobi"],"summary":"要素辞書に一致（tobi）。出典による裏づけは未確認。","zones":[],"dataset":"old_maps"}},{"type":"Feature","geometry":{"type":"Point","coordinates":[137.08404,35.666411]},"properties":{"id":"21-fc9d65ba1f","name":"倉洞","reading":null,"pref":"岐阜県","prefCode":"21","municipality":"下呂市","hazardTypes":["slope_failure","rockfall"],"evidenceLevel":0,"originLevel":0,"hasRecord":false,"recordRelation":null,"status":"historical","disputed":false,"precision":"koaza","areaKey":null,"elements":["kura"],"summary":"要素辞書に一致（kura）。出典による裏づけは未確認。","zones":[],"dataset":"old_maps"}},{"type":"Feature","geometry":{"type":"Point","coordinates":[137.021692,35.662939]},"properties":{"id":"21-21cdf031b3","name":"曽利","reading":null,"pref":"岐阜県","prefCode":"21","municipality":"郡上市","hazardTypes":["slope_failure"],"evidenceLevel":0,"originLevel":0,"hasRecord":false,"recordRelation":null,"status":"historical","disputed":false,"precision":"koaza","areaKey":null,"elements":["sori"],"summary":"要素辞書に一致（sori）。出典による裏づけは未確認。","zones":[],"dataset":"old_maps"}},{"type":"Feature","geometry":{"type":"Point","coordinates":[137.148861,35.643958]},"properties":{"id":"21-b2627b1aa6","name":"大谷戸","reading":null,"pref":"岐阜県","prefCode":"21","municipality":"下呂市","hazardTypes":["slope_failure","inundation"],"evidenceLevel":0,"originLevel":0,"hasRecord":false,"recordRelation":null,"status":"historical","disputed":false,"precision":"koaza","areaKey":null,"elements":["afu_oo","yato"],"summary":"要素辞書に一致（afu_oo・yato）。出典による裏づけは未確認。","zones":[],"dataset":"old_maps"}},{"type":"Feature","geometry":{"type":"Point","coordinates":[137.020567,35.600674]},"properties":{"id":"21-8e21f79a8f","name":"名倉","reading":null,"pref":"岐阜県","prefCode":"21","municipality":"関市","hazardTypes":["slope_failure","rockfall"],"evidenceLevel":0,"originLevel":0,"hasRecord":false,"recordRelation":null,"status":"historical","disputed":false,"precision":"koaza","areaKey":"21205950001","elements":["kura"],"summary":"要素辞書に一致（kura）。出典による裏づけは未確認。","zones":[],"dataset":"old_maps"}},{"type":"Feature","geometry":{"type":"Point","coordinates":[137.246635,35.574294]},"properties":{"id":"21-f6b3c79447","name":"川原小屋","reading":null,"pref":"岐阜県","prefCode":"21","municipality":"加茂郡白川町","hazardTypes":["flood"],"evidenceLevel":0,"originLevel":0,"hasRecord":false,"recordRelation":null,"status":"historical","disputed":false,"precision":"koaza","areaKey":null,"elements":["kawara"],"summary":"要素辞書に一致（kawara）。出典による裏づけは未確認。","zones":[],"dataset":"old_maps"}},{"type":"Feature","geometry":{"type":"Point","coordinates":[137.181078,35.582155]},"properties":{"id":"21-cd58bd609d","name":"名倉","reading":null,"pref":"岐阜県","prefCode":"21","municipality":"加茂郡白川町","hazardTypes":["slope_failure","rockfall"],"evidenceLevel":0,"originLevel":0,"hasRecord":false,"recordRelation":null,"status":"historical","disputed":false,"precision":"koaza","areaKey":null,"elements":["kura"],"summary":"要素辞書に一致（kura）。出典による裏づけは未確認。","zones":[],"dataset":"old_maps"}},{"type":"Feature","geometry":{"type":"Point","coordinates":[137.018703,35.591395]},"properties":{"id":"21-05f7b6b086","name":"武儀倉","reading":null,"pref":"岐阜県","prefCode":"21","municipality":"関市","hazardTypes":["slope_failure","rockfall"],"evidenceLevel":0,"originLevel":0,"hasRecord":false,"recordRelation":null,"status":"historical","disputed":false,"precision":"koaza","areaKey":"21205950001","elements":["kura"],"summary":"要素辞書に一致（kura）。出典による裏づけは未確認。","zones":[],"dataset":"old_maps"}},{"type":"Feature","geometry":{"type":"Point","coordinates":[137.159747,35.557008]},"properties":{"id":"21-b0bb5eaead","name":"柿ヶ夫","reading":null,"pref":"岐阜県","prefCode":"21","municipality":"加茂郡八百津町","hazardTypes":["slope_failure"],"evidenceLevel":0,"originLevel":0,"hasRecord":false,"recordRelation":null,"status":"historical","disputed":false,"precision":"koaza","areaKey":null,"elements":["kake"],"summary":"要素辞書に一致（kake）。出典による裏づけは未確認。","zones":[],"dataset":"old_maps"}},{"type":"Feature","geometry":{"type":"Point","coordinates":[137.178564,35.554104]},"properties":{"id":"21-2e06113f41","name":"柿ヶ野","reading":null,"pref":"岐阜県","prefCode":"21","municipality":"加茂郡白川町","hazardTypes":["slope_failure"],"evidenceLevel":0,"originLevel":0,"hasRecord":false,"recordRelation":null,"status":"historical","disputed":false,"precision":"koaza","areaKey":null,"elements":["kake"],"summary":"要素辞書に一致（kake）。出典による裏づけは未確認。","zones":[],"dataset":"old_maps"}},{"type":"Feature","geometry":{"type":"Point","coordinates":[137.242649,35.506256]},"properties":{"id":"21-0dfab72876","name":"大鹿見","reading":null,"pref":"岐阜県","prefCode":"21","municipality":"加茂郡八百津町","hazardTypes":["landslide","soft_ground"],"evidenceLevel":0,"originLevel":0,"hasRecord":false,"recordRelation":null,"status":"historical","disputed":false,"precision":"koaza","areaKey":null,"elements":["shishi"],"summary":"要素辞書に一致（shishi）。出典による裏づけは未確認。","zones":[],"dataset":"old_maps"}},{"type":"Feature","geometry":{"type":"Point","coordinates":[137.159315,35.520917]},"properties":{"id":"21-7acbf5fdab","name":"長者屋敷","reading":null,"pref":"岐阜県","prefCode":"21","municipality":"加茂郡八百津町","hazardTypes":["slope_failure"],"evidenceLevel":0,"originLevel":0,"hasRecord":false,"recordRelation":null,"status":"historical","disputed":false,"precision":"koaza","areaKey":null,"elements":["tsubu_chou"],"summary":"要素辞書に一致（tsubu_chou）。出典による裏づけは未確認。","zones":[],"dataset":"old_maps"}},{"type":"Feature","geometry":{"type":"Point","coordinates":[137.139891,35.506501]},"properties":{"id":"21-475801a504","name":"赤薙","reading":null,"pref":"岐阜県","prefCode":"21","municipality":"加茂郡八百津町","hazardTypes":["slope_failure"],"evidenceLevel":0,"originLevel":0,"hasRecord":false,"recordRelation":null,"status":"historical","disputed":false,"precision":"koaza","areaKey":null,"elements":["nagi"],"summary":"要素辞書に一致（nagi）。出典による裏づけは未確認。","zones":[],"dataset":"old_maps"}},{"type":"Feature","geometry":{"type":"Point","coordinates":[137.114045,35.648172]},"properties":{"id":"21-0ea48da11a","name":"菅田村","reading":null,"pref":"岐阜県","prefCode":"21","municipality":"下呂市","hazardTypes":["landslide","soft_ground"],"evidenceLevel":0,"originLevel":0,"hasRecord":false,"recordRelation":null,"status":"historical","disputed":false,"precision":"village","areaKey":null,"elements":["wetland_plants"],"summary":"要素辞書に一致（wetland_plants）。出典による裏づけは未確認。","zones":[],"dataset":"old_maps"}},{"type":"Feature","geometry":{"type":"Point","coordinates":[137.214195,35.81553]},"properties":{"id":"21-26da52fe6f","name":"柿坂","reading":null,"pref":"岐阜県","prefCode":"21","municipality":"下呂市","hazardTypes":["slope_failure"],"evidenceLevel":0,"originLevel":0,"hasRecord":false,"recordRelation":null,"status":"historical","disputed":false,"precision":"feature","areaKey":null,"elements":["kake"],"summary":"要素辞書に一致（kake）。出典による裏づけは未確認。","zones":[],"dataset":"old_maps"}},{"type":"Feature","geometry":{"type":"Point","coordinates":[137.158407,35.804514]},"properties":{"id":"21-8fe0ce32d3","name":"菅原","reading":null,"pref":"岐阜県","prefCode":"21","municipality":"下呂市","hazardTypes":["landslide","soft_ground"],"evidenceLevel":0,"originLevel":0,"hasRecord":false,"recordRelation":null,"status":"historical","disputed":false,"precision":"koaza","areaKey":null,"elements":["wetland_plants"],"summary":"要素辞書に一致（wetland_plants）。出典による裏づけは未確認。","zones":[],"dataset":"old_maps"}},{"type":"Feature","geometry":{"type":"Point","coordinates":[137.222713,35.775898]},"properties":{"id":"21-66a569f1db","name":"梅ヶ平","reading":null,"pref":"岐阜県","prefCode":"21","municipality":"下呂市","hazardTypes":["landslide","slope_failure"],"evidenceLevel":0,"originLevel":0,"hasRecord":false,"recordRelation":null,"status":"historical","disputed":false,"precision":"koaza","areaKey":"212200160","elements":["ume"],"summary":"要素辞書に一致（ume）。出典による裏づけは未確認。","zones":[],"dataset":"old_maps"}},{"type":"Feature","geometry":{"type":"Point","coordinates":[137.080199,35.784182]},"properties":{"id":"21-7de817cfd9","name":"鹿倉","reading":null,"pref":"岐阜県","prefCode":"21","municipality":"郡上市","hazardTypes":["slope_failure","rockfall","landslide","soft_ground"],"evidenceLevel":0,"originLevel":0,"hasRecord":false,"recordRelation":null,"status":"historical","disputed":false,"precision":"koaza","areaKey":"212191020","elements":["kura","shishi"],"summary":"要素辞書に一致（kura・shishi）。出典による裏づけは未確認。","zones":[],"dataset":"old_maps"}},{"type":"Feature","geometry":{"type":"Point","coordinates":[137.175181,35.73715]},"properties":{"id":"21-d1abb70497","name":"飛弾谷","reading":null,"pref":"岐阜県","prefCode":"21","municipality":"下呂市","hazardTypes":["slope_failure","debris_flow"],"evidenceLevel":0,"originLevel":0,"hasRecord":false,"recordRelation":null,"status":"historical","disputed":false,"precision":"koaza","areaKey":"212200190","elements":["tobi"],"summary":"要素辞書に一致（tobi）。出典による裏づけは未確認。","zones":[],"dataset":"old_maps"}},{"type":"Feature","geometry":{"type":"Point","coordinates":[137.03999,35.733113]},"properties":{"id":"21-517c7b0fc3","name":"三ヶ倉洞","reading":null,"pref":"岐阜県","prefCode":"21","municipality":"郡上市","hazardTypes":["slope_failure","rockfall"],"evidenceLevel":0,"originLevel":0,"hasRecord":false,"recordRelation":null,"status":"historical","disputed":false,"precision":"feature","areaKey":null,"elements":["kura"],"summary":"要素辞書に一致（kura）。出典による裏づけは未確認。","zones":[],"dataset":"old_maps"}},{"type":"Feature","geometry":{"type":"Point","coordinates":[137.171,35.689382]},"properties":{"id":"21-1d4ce1a5ff","name":"地蔵野","reading":null,"pref":"岐阜県","prefCode":"21","municipality":"下呂市","hazardTypes":["slope_failure","rockfall"],"evidenceLevel":0,"originLevel":0,"hasRecord":false,"recordRelation":null,"status":"historical","disputed":false,"precision":"koaza","areaKey":null,"elements":["kura"],"summary":"要素辞書に一致（kura）。出典による裏づけは未確認。","zones":[],"dataset":"old_maps"}},{"type":"Feature","geometry":{"type":"Point","coordinates":[137.005118,35.684431]},"properties":{"id":"21-f961b92df1","name":"野々倉","reading":null,"pref":"岐阜県","prefCode":"21","municipality":"郡上市","hazardTypes":["slope_failure","rockfall"],"evidenceLevel":0,"originLevel":0,"hasRecord":false,"recordRelation":null,"status":"historical","disputed":false,"precision":"koaza","areaKey":"212190390","elements":["kura"],"summary":"要素辞書に一致（kura）。出典による裏づけは未確認。","zones":[],"dataset":"old_maps"}},{"type":"Feature","geometry":{"type":"Point","coordinates":[137.134939,35.683215]},"properties":{"id":"21-5ff81d50f4","name":"地蔵堂","reading":null,"pref":"岐阜県","prefCode":"21","municipality":"下呂市","hazardTypes":["slope_failure","rockfall"],"evidenceLevel":0,"originLevel":0,"hasRecord":false,"recordRelation":null,"status":"historical","disputed":false,"precision":"koaza","areaKey":null,"elements":["kura"],"summary":"要素辞書に一致（kura）。出典による裏づけは未確認。","zones":[],"dataset":"old_maps"}},{"type":"Feature","geometry":{"type":"Point","coordinates":[137.10653,35.670381]},"properties":{"id":"21-48fd6f9219","name":"菅田町","reading":null,"pref":"岐阜県","prefCode":"21","municipality":"下呂市","hazardTypes":["landslide","soft_ground"],"evidenceLevel":0,"originLevel":0,"hasRecord":false,"recordRelation":null,"status":"historical","disputed":false,"precision":"oaza","areaKey":null,"elements":["wetland_plants"],"summary":"要素辞書に一致（wetland_plants）。出典による裏づけは未確認。","zones":[],"dataset":"old_maps"}},{"type":"Feature","geometry":{"type":"Point","coordinates":[137.159588,35.932133]},"properties":{"id":"21-51988e25e0","name":"黒石谷","reading":null,"pref":"岐阜県","prefCode":"21","municipality":"下呂市","hazardTypes":["landslide"],"evidenceLevel":0,"originLevel":0,"hasRecord":false,"recordRelation":null,"status":"historical","disputed":false,"precision":"feature","areaKey":null,"elements":["geology_names"],"summary":"要素辞書に一致（geology_names）。出典による裏づけは未確認。","zones":[],"dataset":"old_maps"}},{"type":"Feature","geometry":{"type":"Point","coordinates":[137.137981,35.915929]},"properties":{"id":"21-8dcacc76b0","name":"黒石","reading":null,"pref":"岐阜県","prefCode":"21","municipality":"下呂市","hazardTypes":["landslide"],"evidenceLevel":0,"originLevel":0,"hasRecord":false,"recordRelation":null,"status":"historical","disputed":false,"precision":"koaza","areaKey":"212200730","elements":["geology_names"],"summary":"要素辞書に一致（geology_names）。出典による裏づけは未確認。","zones":[],"dataset":"old_maps"}},{"type":"Feature","geometry":{"type":"Point","coordinates":[137.14473,35.916859]},"properties":{"id":"21-e631fd3325","name":"黒石垣内","reading":null,"pref":"岐阜県","prefCode":"21","municipality":"下呂市","hazardTypes":["landslide","inundation"],"evidenceLevel":0,"originLevel":0,"hasRecord":false,"recordRelation":null,"status":"historical","disputed":false,"precision":"koaza","areaKey":null,"elements":["geology_names","yato"],"summary":"要素辞書に一致（geology_names・yato）。出典による裏づけは未確認。","zones":[],"dataset":"old_maps"}},{"type":"Feature","geometry":{"type":"Point","coordinates":[137.145819,35.90557]},"properties":{"id":"21-4008aa2e5c","name":"青木","reading":null,"pref":"岐阜県","prefCode":"21","municipality":"下呂市","hazardTypes":["slope_failure"],"evidenceLevel":0,"originLevel":0,"hasRecord":false,"recordRelation":null,"status":"historical","disputed":false,"precision":"koaza","areaKey":null,"elements":["afu_oo"],"summary":"要素辞書に一致（afu_oo）。出典による裏づけは未確認。","zones":[],"dataset":"old_maps"}},{"type":"Feature","geometry":{"type":"Point","coordinates":[137.175863,35.884409]},"properties":{"id":"21-c4dac703a6","name":"荻原","reading":null,"pref":"岐阜県","prefCode":"21","municipality":"下呂市","hazardTypes":["slope_failure"],"evidenceLevel":0,"originLevel":0,"hasRecord":false,"recordRelation":null,"status":"historical","disputed":false,"precision":"koaza","areaKey":null,"elements":["suki_hagu"],"summary":"要素辞書に一致（suki_hagu）。出典による裏づけは未確認。","zones":[],"dataset":"old_maps"}},{"type":"Feature","geometry":{"type":"Point","coordinates":[137.016124,35.877897]},"properties":{"id":"21-3216af4ea5","name":"小倉","reading":null,"pref":"岐阜県","prefCode":"21","municipality":"郡上市","hazardTypes":["slope_failure","rockfall"],"evidenceLevel":0,"originLevel":0,"hasRecord":false,"recordRelation":null,"status":"historical","disputed":false,"precision":"koaza","areaKey":null,"elements":["kura"],"summary":"要素辞書に一致（kura）。出典による裏づけは未確認。","zones":[],"dataset":"old_maps"}},{"type":"Feature","geometry":{"type":"Point","coordinates":[137.325513,35.467501]},"properties":{"id":"21-9880122692","name":"山足","reading":null,"pref":"岐阜県","prefCode":"21","municipality":"恵那市","hazardTypes":["flood","inundation"],"evidenceLevel":0,"originLevel":0,"hasRecord":false,"recordRelation":null,"status":"historical","disputed":false,"precision":"koaza","areaKey":"21210050000","elements":["ashi"],"summary":"要素辞書に一致（ashi）。出典による裏づけは未確認。","zones":[],"dataset":"old_maps"}},{"type":"Feature","geometry":{"type":"Point","coordinates":[137.281955,35.428489]},"properties":{"id":"21-6a071b6a87","name":"足股","reading":null,"pref":"岐阜県","prefCode":"21","municipality":"瑞浪市","hazardTypes":["flood","inundation"],"evidenceLevel":0,"originLevel":0,"hasRecord":false,"recordRelation":null,"status":"historical","disputed":false,"precision":"koaza","areaKey":"212080180","elements":["ashi"],"summary":"要素辞書に一致（ashi）。出典による裏づけは未確認。","zones":[],"dataset":"old_maps"}},{"type":"Feature","geometry":{"type":"Point","coordinates":[137.323825,35.422541]},"properties":{"id":"21-b5a5bab791","name":"荻之島","reading":null,"pref":"岐阜県","prefCode":"21","municipality":"恵那市","hazardTypes":["slope_failure"],"evidenceLevel":0,"originLevel":0,"hasRecord":false,"recordRelation":null,"status":"historical","disputed":false,"precision":"koaza","areaKey":"21210050002","elements":["suki_hagu"],"summary":"要素辞書に一致（suki_hagu）。出典による裏づけは未確認。","zones":[],"dataset":"old_maps"}},{"type":"Feature","geometry":{"type":"Point","coordinates":[137.348879,35.410714]},"properties":{"id":"21-0aa8fe8986","name":"目垂","reading":null,"pref":"岐阜県","prefCode":"21","municipality":"恵那市","hazardTypes":["slope_failure"],"evidenceLevel":0,"originLevel":0,"hasRecord":false,"recordRelation":null,"status":"historical","disputed":false,"precision":"koaza","areaKey":"21210040001","elements":["kake"],"summary":"要素辞書に一致（kake）。出典による裏づけは未確認。","zones":[],"dataset":"old_maps"}},{"type":"Feature","geometry":{"type":"Point","coordinates":[137.273718,35.403]},"properties":{"id":"21-1554c69c71","name":"芹生田","reading":null,"pref":"岐阜県","prefCode":"21","municipality":"瑞浪市","hazardTypes":["landslide","soft_ground"],"evidenceLevel":0,"originLevel":0,"hasRecord":false,"recordRelation":null,"status":"historical","disputed":false,"precision":"koaza","areaKey":"21208010001","elements":["wetland_plants"],"summary":"要素辞書に一致（wetland_plants）。出典による裏づけは未確認。","zones":[],"dataset":"old_maps"}},{"type":"Feature","geometry":{"type":"Point","coordinates":[137.272704,35.409294]},"properties":{"id":"21-f65bb984a2","name":"菅沼","reading":null,"pref":"岐阜県","prefCode":"21","municipality":"瑞浪市","hazardTypes":["landslide","soft_ground","inundation"],"evidenceLevel":0,"originLevel":0,"hasRecord":false,"recordRelation":null,"status":"historical","disputed":false,"precision":"koaza","areaKey":"212080190","elements":["wetland_plants","numa_kata"],"summary":"要素辞書に一致（wetland_plants・numa_kata）。出典による裏づけは未確認。","zones":[],"dataset":"old_maps"}},{"type":"Feature","geometry":{"type":"Point","coordinates":[137.382891,35.380626]},"properties":{"id":"21-fa3d8b997b","name":"梅平","reading":null,"pref":"岐阜県","prefCode":"21","municipality":"恵那市","hazardTypes":["landslide","slope_failure"],"evidenceLevel":0,"originLevel":0,"hasRecord":false,"recordRelation":null,"status":"historical","disputed":false,"precision":"koaza","areaKey":"21210082004","elements":["ume"],"summary":"要素辞書に一致（ume）。出典による裏づけは未確認。","zones":[],"dataset":"old_maps"}},{"type":"Feature","geometry":{"type":"Point","coordinates":[137.287493,35.356034]},"properties":{"id":"21-75ebca2eb6","name":"河原","reading":null,"pref":"岐阜県","prefCode":"21","municipality":"瑞浪市","hazardTypes":["flood"],"evidenceLevel":0,"originLevel":0,"hasRecord":false,"recordRelation":null,"status":"historical","disputed":false,"precision":"koaza","areaKey":"212080260","elements":["kawara"],"summary":"要素辞書に一致（kawara）。出典による裏づけは未確認。","zones":[],"dataset":"old_maps"}},{"type":"Feature","geometry":{"type":"Point","coordinates":[137.390201,35.346803]},"properties":{"id":"21-5614c3d1ae","name":"押田","reading":null,"pref":"岐阜県","prefCode":"21","municipality":"恵那市","hazardTypes":["debris_flow"],"evidenceLevel":0,"originLevel":0,"hasRecord":false,"recordRelation":null,"status":"historical","disputed":false,"precision":"koaza","areaKey":"21210082003","elements":["oshidashi"],"summary":"要素辞書に一致（oshidashi）。出典による裏づけは未確認。","zones":[],"dataset":"old_maps"}},{"type":"Feature","geometry":{"type":"Point","coordinates":[137.408918,35.349086]},"properties":{"id":"21-bb16307397","name":"馬場山田","reading":null,"pref":"岐阜県","prefCode":"21","municipality":"恵那市","hazardTypes":["slope_failure"],"evidenceLevel":0,"originLevel":0,"hasRecord":false,"recordRelation":null,"status":"historical","disputed":false,"precision":"koaza","areaKey":"21210082001","elements":["baba"],"summary":"要素辞書に一致（baba）。出典による裏づけは未確認。","zones":[],"dataset":"old_maps"}},{"type":"Feature","geometry":{"type":"Point","coordinates":[137.452062,35.632705]},"properties":{"id":"21-eb238abb4b","name":"倉柱","reading":null,"pref":"岐阜県","prefCode":"21","municipality":"中津川市","hazardTypes":["slope_failure","rockfall"],"evidenceLevel":0,"originLevel":0,"hasRecord":false,"recordRelation":null,"status":"historical","disputed":false,"precision":"koaza","areaKey":"21206107001","elements":["kura"],"summary":"要素辞書に一致（kura）。出典による裏づけは未確認。","zones":[],"dataset":"old_maps"}},{"type":"Feature","geometry":{"type":"Point","coordinates":[137.33858,35.602242]},"properties":{"id":"21-f32c780472","name":"柿反上","reading":null,"pref":"岐阜県","prefCode":"21","municipality":"加茂郡白川町","hazardTypes":["slope_failure"],"evidenceLevel":0,"originLevel":0,"hasRecord":false,"recordRelation":null,"status":"historical","disputed":false,"precision":"koaza","areaKey":null,"elements":["kake"],"summary":"要素辞書に一致（kake）。出典による裏づけは未確認。","zones":[],"dataset":"old_maps"}},{"type":"Feature","geometry":{"type":"Point","coordinates":[137.327229,35.600942]},"properties":{"id":"21-e6dde7d8d0","name":"柿反中","reading":null,"pref":"岐阜県","prefCode":"21","municipality":"加茂郡白川町","hazardTypes":["slope_failure"],"evidenceLevel":0,"originLevel":0,"hasRecord":false,"recordRelation":null,"status":"historical","disputed":false,"precision":"koaza","areaKey":null,"elements":["kake"],"summary":"要素辞書に一致（kake）。出典による裏づけは未確認。","zones":[],"dataset":"old_maps"}},{"type":"Feature","geometry":{"type":"Point","coordinates":[137.461028,35.584849]},"properties":{"id":"21-7d2568683b","name":"馬場","reading":null,"pref":"岐阜県","prefCode":"21","municipality":"中津川市","hazardTypes":["slope_failure"],"evidenceLevel":0,"originLevel":0,"hasRecord":false,"recordRelation":null,"status":"historical","disputed":false,"precision":"koaza","areaKey":"21206108001","elements":["baba"],"summary":"要素辞書に一致（baba）。出典による裏づけは未確認。","zones":[],"dataset":"old_maps"}},{"type":"Feature","geometry":{"type":"Point","coordinates":[137.441351,35.553544]},"properties":{"id":"21-870816fee6","name":"夏焼","reading":null,"pref":"岐阜県","prefCode":"21","municipality":"中津川市","hazardTypes":["debris_flow","slope_failure"],"evidenceLevel":0,"originLevel":0,"hasRecord":false,"recordRelation":null,"status":"historical","disputed":false,"precision":"koaza","areaKey":"21206110001","elements":["nazu_natsu"],"summary":"要素辞書に一致（nazu_natsu）。出典による裏づけは未確認。","zones":[],"dataset":"old_maps"}},{"type":"Feature","geometry":{"type":"Point","coordinates":[137.259067,35.539975]},"properties":{"id":"21-f37066b736","name":"小倉","reading":null,"pref":"岐阜県","prefCode":"21","municipality":"加茂郡白川町","hazardTypes":["slope_failure","rockfall"],"evidenceLevel":0,"originLevel":0,"hasRecord":false,"recordRelation":null,"status":"historical","disputed":false,"precision":"koaza","areaKey":null,"elements":["kura"],"summary":"要素辞書に一致（kura）。出典による裏づけは未確認。","zones":[],"dataset":"old_maps"}},{"type":"Feature","geometry":{"type":"Point","coordinates":[137.380365,35.523366]},"properties":{"id":"21-f691dd3df5","name":"棚田","reading":null,"pref":"岐阜県","prefCode":"21","municipality":"中津川市","hazardTypes":["landslide"],"evidenceLevel":0,"originLevel":0,"hasRecord":false,"recordRelation":null,"status":"historical","disputed":false,"precision":"koaza","areaKey":"212061300","elements":["terraced_fields"],"summary":"要素辞書に一致（terraced_fields）。出典による裏づけは未確認。","zones":[],"dataset":"old_maps"}},{"type":"Feature","geometry":{"type":"Point","coordinates":[137.255463,35.529914]},"properties":{"id":"21-0f5c6ab61d","name":"大那木","reading":null,"pref":"岐阜県","prefCode":"21","municipality":"加茂郡八百津町","hazardTypes":["slope_failure"],"evidenceLevel":0,"originLevel":0,"hasRecord":false,"recordRelation":null,"status":"historical","disputed":false,"precision":"koaza","areaKey":null,"elements":["nagi"],"summary":"要素辞書に一致（nagi）。出典による裏づけは未確認。","zones":[],"dataset":"old_maps"}},{"type":"Feature","geometry":{"type":"Point","coordinates":[137.252008,35.522798]},"properties":{"id":"21-91b7367d81","name":"蔵橋","reading":null,"pref":"岐阜県","prefCode":"21","municipality":"加茂郡八百津町","hazardTypes":["slope_failure","rockfall"],"evidenceLevel":0,"originLevel":0,"hasRecord":false,"recordRelation":null,"status":"historical","disputed":false,"precision":"koaza","areaKey":null,"elements":["kura"],"summary":"要素辞書に一致（kura）。出典による裏づけは未確認。","zones":[],"dataset":"old_maps"}}]}
