{"type":"FeatureCollection","features":[{"type":"Feature","geometry":{"type":"Point","coordinates":[130.699477,32.796433]},"properties":{"id":"43-2c679a1f58","name":"鍛冶屋町","reading":"カジヤマチ","pref":"熊本県","prefCode":"43","municipality":"熊本市中央区","hazardTypes":["slope_failure"],"evidenceLevel":0,"originLevel":0,"hasRecord":false,"recordRelation":null,"status":"current","disputed":false,"precision":"oaza","areaKey":"431010120","elements":["kaji_kamu"],"summary":"要素辞書に一致（kaji_kamu）。出典による裏づけは未確認。","zones":[],"dataset":"candidates"}},{"type":"Feature","geometry":{"type":"Point","coordinates":[130.700753,32.79633]},"properties":{"id":"43-49276977a2","name":"上鍛冶屋町","reading":"カミカジヤマチ","pref":"熊本県","prefCode":"43","municipality":"熊本市中央区","hazardTypes":["slope_failure"],"evidenceLevel":0,"originLevel":0,"hasRecord":false,"recordRelation":null,"status":"current","disputed":false,"precision":"oaza","areaKey":"431010130","elements":["kaji_kamu"],"summary":"要素辞書に一致（kaji_kamu）。出典による裏づけは未確認。","zones":[],"dataset":"candidates"}},{"type":"Feature","geometry":{"type":"Point","coordinates":[130.701455,32.794905]},"properties":{"id":"43-cb20ff7734","name":"河原町","reading":"カワラマチ","pref":"熊本県","prefCode":"43","municipality":"熊本市中央区","hazardTypes":["flood"],"evidenceLevel":0,"originLevel":0,"hasRecord":false,"recordRelation":null,"status":"current","disputed":false,"precision":"oaza","areaKey":"431010200","elements":["kawara"],"summary":"要素辞書に一致（kawara）。出典による裏づけは未確認。","zones":[],"dataset":"candidates"}},{"type":"Feature","geometry":{"type":"Point","coordinates":[130.706266,32.796303]},"properties":{"id":"43-d4b982ce41","name":"新鍛冶屋町","reading":"シンカジヤマチ","pref":"熊本県","prefCode":"43","municipality":"熊本市中央区","hazardTypes":["slope_failure"],"evidenceLevel":0,"originLevel":0,"hasRecord":false,"recordRelation":null,"status":"current","disputed":false,"precision":"oaza","areaKey":"431011090","elements":["kaji_kamu"],"summary":"要素辞書に一致（kaji_kamu）。出典による裏づけは未確認。","zones":[],"dataset":"candidates"}},{"type":"Feature","geometry":{"type":"Point","coordinates":[130.719996,32.789835]},"properties":{"id":"43-012d33bcfe","name":"菅原町","reading":"スガワラマチ","pref":"熊本県","prefCode":"43","municipality":"熊本市中央区","hazardTypes":["landslide","soft_ground"],"evidenceLevel":0,"originLevel":0,"hasRecord":false,"recordRelation":null,"status":"current","disputed":false,"precision":"oaza","areaKey":"431010580","elements":["wetland_plants"],"summary":"要素辞書に一致（wetland_plants）。出典による裏づけは未確認。","zones":[],"dataset":"candidates"}},{"type":"Feature","geometry":{"type":"Point","coordinates":[130.733104,32.806307]},"properties":{"id":"43-ed6a1a6f25","name":"渡鹿一丁目","reading":"トロク 1","pref":"熊本県","prefCode":"43","municipality":"熊本市中央区","hazardTypes":["landslide","soft_ground"],"evidenceLevel":0,"originLevel":0,"hasRecord":false,"recordRelation":null,"status":"current","disputed":false,"precision":"oaza","areaKey":"43101067001","elements":["shishi"],"summary":"要素辞書に一致（shishi）。出典による裏づけは未確認。","zones":[],"dataset":"candidates"}},{"type":"Feature","geometry":{"type":"Point","coordinates":[130.701671,32.796015]},"properties":{"id":"43-773bb1e978","name":"古川町","reading":"フルカワマチ","pref":"熊本県","prefCode":"43","municipality":"熊本市中央区","hazardTypes":["flood","inundation"],"evidenceLevel":0,"originLevel":0,"hasRecord":false,"recordRelation":null,"status":"current","disputed":false,"precision":"oaza","areaKey":"431010810","elements":["furukawa"],"summary":"要素辞書に一致（furukawa）。出典による裏づけは未確認。","zones":[],"dataset":"candidates"}},{"type":"Feature","geometry":{"type":"Point","coordinates":[130.800576,32.847717]},"properties":{"id":"43-20fd121c2a","name":"鹿帰瀬町","reading":"カキゼマチ","pref":"熊本県","prefCode":"43","municipality":"熊本市東区","hazardTypes":["landslide","soft_ground"],"evidenceLevel":0,"originLevel":0,"hasRecord":false,"recordRelation":null,"status":"current","disputed":false,"precision":"oaza","areaKey":"431020160","elements":["shishi"],"summary":"要素辞書に一致（shishi）。出典による裏づけは未確認。","zones":[],"dataset":"candidates"}},{"type":"Feature","geometry":{"type":"Point","coordinates":[130.741653,32.812794]},"properties":{"id":"43-b7512b4f75","name":"渡鹿八丁目","reading":"トロク 8","pref":"熊本県","prefCode":"43","municipality":"熊本市東区","hazardTypes":["landslide","soft_ground"],"evidenceLevel":0,"originLevel":0,"hasRecord":false,"recordRelation":null,"status":"current","disputed":false,"precision":"oaza","areaKey":"43102029008","elements":["shishi"],"summary":"要素辞書に一致（shishi）。出典による裏づけは未確認。","zones":[],"dataset":"candidates"}},{"type":"Feature","geometry":{"type":"Point","coordinates":[130.678097,32.77396]},"properties":{"id":"43-753c9d9bb7","name":"新土河原一丁目","reading":"シントガワラ 1","pref":"熊本県","prefCode":"43","municipality":"熊本市西区","hazardTypes":["flood"],"evidenceLevel":0,"originLevel":0,"hasRecord":false,"recordRelation":null,"status":"current","disputed":false,"precision":"oaza","areaKey":"43103011001","elements":["kawara"],"summary":"要素辞書に一致（kawara）。出典による裏づけは未確認。","zones":[],"dataset":"candidates"}},{"type":"Feature","geometry":{"type":"Point","coordinates":[130.656068,32.741121]},"properties":{"id":"43-a1a01e0290","name":"内田町","reading":"ウチダマチ","pref":"熊本県","prefCode":"43","municipality":"熊本市南区","hazardTypes":["debris_flow","flood"],"evidenceLevel":0,"originLevel":0,"hasRecord":false,"recordRelation":null,"status":"current","disputed":false,"precision":"oaza","areaKey":"431040270","elements":["uchide"],"summary":"要素辞書に一致（uchide）。出典による裏づけは未確認。","zones":[],"dataset":"candidates"}},{"type":"Feature","geometry":{"type":"Point","coordinates":[130.683629,32.760862]},"properties":{"id":"43-49010bfb32","name":"刈草一丁目","reading":"カリクサ 1","pref":"熊本県","prefCode":"43","municipality":"熊本市南区","hazardTypes":["slope_failure"],"evidenceLevel":0,"originLevel":0,"hasRecord":false,"recordRelation":null,"status":"current","disputed":false,"precision":"oaza","areaKey":"43104054001","elements":["kake"],"summary":"要素辞書に一致（kake）。出典による裏づけは未確認。","zones":[],"dataset":"candidates"}},{"type":"Feature","geometry":{"type":"Point","coordinates":[130.665966,32.769218]},"properties":{"id":"43-2c42554746","name":"土河原町","reading":"トガワラマチ","pref":"熊本県","prefCode":"43","municipality":"熊本市南区","hazardTypes":["flood"],"evidenceLevel":0,"originLevel":0,"hasRecord":false,"recordRelation":null,"status":"current","disputed":false,"precision":"oaza","areaKey":"431040120","elements":["kawara"],"summary":"要素辞書に一致（kawara）。出典による裏づけは未確認。","zones":[],"dataset":"candidates"}},{"type":"Feature","geometry":{"type":"Point","coordinates":[130.676682,32.758523]},"properties":{"id":"43-1fd4eb26cc","name":"鳶町一丁目","reading":"トビマチ 1","pref":"熊本県","prefCode":"43","municipality":"熊本市南区","hazardTypes":["slope_failure","debris_flow"],"evidenceLevel":0,"originLevel":0,"hasRecord":false,"recordRelation":null,"status":"current","disputed":false,"precision":"oaza","areaKey":"43104056001","elements":["tobi"],"summary":"要素辞書に一致（tobi）。出典による裏づけは未確認。","zones":[],"dataset":"candidates"}},{"type":"Feature","geometry":{"type":"Point","coordinates":[130.719381,32.855331]},"properties":{"id":"43-b97fea34e0","name":"飛田町","reading":null,"pref":"熊本県","prefCode":"43","municipality":"熊本市北区","hazardTypes":["slope_failure","debris_flow"],"evidenceLevel":0,"originLevel":0,"hasRecord":false,"recordRelation":null,"status":"current","disputed":false,"precision":"oaza","areaKey":"431050292","elements":["tobi"],"summary":"要素辞書に一致（tobi）。出典による裏づけは未確認。","zones":[],"dataset":"candidates"}},{"type":"Feature","geometry":{"type":"Point","coordinates":[130.677773,32.881649]},"properties":{"id":"43-135e680efc","name":"植木町荻迫","reading":"ウエキマチオギサコ","pref":"熊本県","prefCode":"43","municipality":"熊本市北区","hazardTypes":["slope_failure"],"evidenceLevel":0,"originLevel":0,"hasRecord":false,"recordRelation":null,"status":"current","disputed":false,"precision":"oaza","areaKey":"431050690","elements":["suki_hagu"],"summary":"要素辞書に一致（suki_hagu）。出典による裏づけは未確認。","zones":[],"dataset":"candidates"}},{"type":"Feature","geometry":{"type":"Point","coordinates":[130.678924,32.906722]},"properties":{"id":"43-19d71a0b77","name":"植木町鞍掛","reading":"ウエキマチクラカケ","pref":"熊本県","prefCode":"43","municipality":"熊本市北区","hazardTypes":["slope_failure","rockfall"],"evidenceLevel":0,"originLevel":0,"hasRecord":false,"recordRelation":null,"status":"current","disputed":false,"precision":"oaza","areaKey":"431050560","elements":["kura"],"summary":"要素辞書に一致（kura）。出典による裏づけは未確認。","zones":[],"dataset":"candidates"}},{"type":"Feature","geometry":{"type":"Point","coordinates":[130.69946,32.871593]},"properties":{"id":"43-084bcfc61b","name":"鹿子木町","reading":"カノコギマチ","pref":"熊本県","prefCode":"43","municipality":"熊本市北区","hazardTypes":["landslide","soft_ground"],"evidenceLevel":0,"originLevel":0,"hasRecord":false,"recordRelation":null,"status":"current","disputed":false,"precision":"oaza","areaKey":"431050200","elements":["shishi"],"summary":"要素辞書に一致（shishi）。出典による裏づけは未確認。","zones":[],"dataset":"candidates"}},{"type":"Feature","geometry":{"type":"Point","coordinates":[130.737247,32.841122]},"properties":{"id":"43-cb6a3b8358","name":"清水岩倉一丁目","reading":"シミズイワクラ 1","pref":"熊本県","prefCode":"43","municipality":"熊本市北区","hazardTypes":["slope_failure","rockfall"],"evidenceLevel":0,"originLevel":0,"hasRecord":false,"recordRelation":null,"status":"current","disputed":false,"precision":"oaza","areaKey":"43105050001","elements":["kura"],"summary":"要素辞書に一致（kura）。出典による裏づけは未確認。","zones":[],"dataset":"candidates"}},{"type":"Feature","geometry":{"type":"Point","coordinates":[130.714564,32.852924]},"properties":{"id":"43-c422b4bd15","name":"飛田一丁目","reading":"ヒダ 1","pref":"熊本県","prefCode":"43","municipality":"熊本市北区","hazardTypes":["slope_failure","debris_flow"],"evidenceLevel":0,"originLevel":0,"hasRecord":false,"recordRelation":null,"status":"current","disputed":false,"precision":"oaza","areaKey":"43105029101","elements":["tobi"],"summary":"要素辞書に一致（tobi）。出典による裏づけは未確認。","zones":[],"dataset":"candidates"}},{"type":"Feature","geometry":{"type":"Point","coordinates":[130.767359,32.851069]},"properties":{"id":"43-d3db94fb7a","name":"武蔵ケ丘一丁目","reading":"ムサシガオカ 1","pref":"熊本県","prefCode":"43","municipality":"熊本市北区","hazardTypes":["slope_failure","rockfall"],"evidenceLevel":0,"originLevel":0,"hasRecord":false,"recordRelation":null,"status":"current","disputed":false,"precision":"oaza","areaKey":"43105018001","elements":["kura"],"summary":"要素辞書に一致（kura）。出典による裏づけは未確認。","zones":[],"dataset":"candidates"}},{"type":"Feature","geometry":{"type":"Point","coordinates":[130.868677,32.524841]},"properties":{"id":"43-ff59f5f7dc","name":"泉町柿迫","reading":"イズミマチカキザコ","pref":"熊本県","prefCode":"43","municipality":"八代市","hazardTypes":["slope_failure"],"evidenceLevel":0,"originLevel":0,"hasRecord":false,"recordRelation":null,"status":"current","disputed":false,"precision":"oaza","areaKey":"432021930","elements":["kake"],"summary":"要素辞書に一致（kake）。出典による裏づけは未確認。","zones":[],"dataset":"candidates"}},{"type":"Feature","geometry":{"type":"Point","coordinates":[130.647003,32.563714]},"properties":{"id":"43-2b1b8581cc","name":"鏡町内田","reading":"カガミマチウチダ","pref":"熊本県","prefCode":"43","municipality":"八代市","hazardTypes":["debris_flow","flood"],"evidenceLevel":0,"originLevel":0,"hasRecord":false,"recordRelation":null,"status":"current","disputed":false,"precision":"oaza","areaKey":"432021790","elements":["uchide"],"summary":"要素辞書に一致（uchide）。出典による裏づけは未確認。","zones":[],"dataset":"candidates"}},{"type":"Feature","geometry":{"type":"Point","coordinates":[130.590635,32.503212]},"properties":{"id":"43-3154bd4120","name":"蛇籠町","reading":"ジャカゴマチ","pref":"熊本県","prefCode":"43","municipality":"八代市","hazardTypes":["slope_failure","debris_flow"],"evidenceLevel":0,"originLevel":0,"hasRecord":false,"recordRelation":null,"status":"current","disputed":false,"precision":"oaza","areaKey":null,"elements":["ja"],"summary":"要素辞書に一致（ja）。出典による裏づけは未確認。","zones":[],"dataset":"candidates"}},{"type":"Feature","geometry":{"type":"Point","coordinates":[130.562454,32.484086]},"properties":{"id":"43-37cb275814","name":"鼠蔵町","reading":"ソゾウマチ","pref":"熊本県","prefCode":"43","municipality":"八代市","hazardTypes":["slope_failure","rockfall"],"evidenceLevel":0,"originLevel":0,"hasRecord":false,"recordRelation":null,"status":"current","disputed":false,"precision":"oaza","areaKey":"432020940","elements":["kura"],"summary":"要素辞書に一致（kura）。出典による裏づけは未確認。","zones":[],"dataset":"candidates"}},{"type":"Feature","geometry":{"type":"Point","coordinates":[130.573111,32.436932]},"properties":{"id":"43-148e704d58","name":"日奈久栄町","reading":"ヒナグサカエマチ","pref":"熊本県","prefCode":"43","municipality":"八代市","hazardTypes":["slope_failure","landslide"],"evidenceLevel":0,"originLevel":0,"hasRecord":false,"recordRelation":null,"status":"current","disputed":false,"precision":"oaza","areaKey":"432021530","elements":["kuzure"],"summary":"要素辞書に一致（kuzure）。出典による裏づけは未確認。","zones":[],"dataset":"candidates"}},{"type":"Feature","geometry":{"type":"Point","coordinates":[130.582268,32.489214]},"properties":{"id":"43-de3071fbad","name":"葭牟田町","reading":"ヨシムタマチ","pref":"熊本県","prefCode":"43","municipality":"八代市","hazardTypes":["landslide","soft_ground"],"evidenceLevel":0,"originLevel":0,"hasRecord":false,"recordRelation":null,"status":"current","disputed":false,"precision":"oaza","areaKey":"432020910","elements":["wetland_plants"],"summary":"要素辞書に一致（wetland_plants）。出典による裏づけは未確認。","zones":[],"dataset":"candidates"}},{"type":"Feature","geometry":{"type":"Point","coordinates":[130.760929,32.217065]},"properties":{"id":"43-06e899cd86","name":"鍛冶屋町","reading":"カジヤマチ","pref":"熊本県","prefCode":"43","municipality":"人吉市","hazardTypes":["slope_failure"],"evidenceLevel":0,"originLevel":0,"hasRecord":false,"recordRelation":null,"status":"current","disputed":false,"precision":"oaza","areaKey":"432031060","elements":["kaji_kamu"],"summary":"要素辞書に一致（kaji_kamu）。出典による裏づけは未確認。","zones":[],"dataset":"candidates"}},{"type":"Feature","geometry":{"type":"Point","coordinates":[130.68921,32.182279]},"properties":{"id":"43-02b12c64ab","name":"鹿目町","reading":"カナメマチ","pref":"熊本県","prefCode":"43","municipality":"人吉市","hazardTypes":["landslide","soft_ground"],"evidenceLevel":0,"originLevel":0,"hasRecord":false,"recordRelation":null,"status":"current","disputed":false,"precision":"oaza","areaKey":"432036690","elements":["shishi"],"summary":"要素辞書に一致（shishi）。出典による裏づけは未確認。","zones":[],"dataset":"candidates"}},{"type":"Feature","geometry":{"type":"Point","coordinates":[130.724876,32.212958]},"properties":{"id":"43-ce7b4e1634","name":"小柿","reading":null,"pref":"熊本県","prefCode":"43","municipality":"人吉市","hazardTypes":["slope_failure"],"evidenceLevel":0,"originLevel":0,"hasRecord":false,"recordRelation":null,"status":"current","disputed":false,"precision":"koaza","areaKey":null,"elements":["kake"],"summary":"要素辞書に一致（kake）。出典による裏づけは未確認。","zones":[],"dataset":"candidates"}},{"type":"Feature","geometry":{"type":"Point","coordinates":[130.717442,32.224205]},"properties":{"id":"43-a13fc8740b","name":"馬場","reading":null,"pref":"熊本県","prefCode":"43","municipality":"人吉市","hazardTypes":["slope_failure"],"evidenceLevel":0,"originLevel":0,"hasRecord":false,"recordRelation":null,"status":"current","disputed":false,"precision":"koaza","areaKey":null,"elements":["baba"],"summary":"要素辞書に一致（baba）。出典による裏づけは未確認。","zones":[],"dataset":"candidates"}},{"type":"Feature","geometry":{"type":"Point","coordinates":[130.438726,32.960609]},"properties":{"id":"43-dc3347bb2b","name":"蔵満","reading":"クラミツ","pref":"熊本県","prefCode":"43","municipality":"荒尾市","hazardTypes":["slope_failure","rockfall"],"evidenceLevel":0,"originLevel":0,"hasRecord":false,"recordRelation":null,"status":"current","disputed":false,"precision":"oaza","areaKey":"432040260","elements":["kura"],"summary":"要素辞書に一致（kura）。出典による裏づけは未確認。","zones":[],"dataset":"candidates"}},{"type":"Feature","geometry":{"type":"Point","coordinates":[130.387063,32.208108]},"properties":{"id":"43-0f12ddf954","name":"梅戸町一丁目","reading":"ウメドチョウ 1","pref":"熊本県","prefCode":"43","municipality":"水俣市","hazardTypes":["landslide","slope_failure"],"evidenceLevel":0,"originLevel":0,"hasRecord":false,"recordRelation":null,"status":"current","disputed":false,"precision":"oaza","areaKey":"43205014001","elements":["ume"],"summary":"要素辞書に一致（ume）。出典による裏づけは未確認。","zones":[],"dataset":"candidates"}},{"type":"Feature","geometry":{"type":"Point","coordinates":[130.443764,32.210247]},"properties":{"id":"43-1c56940dc3","name":"小津奈木","reading":"コツナギ","pref":"熊本県","prefCode":"43","municipality":"水俣市","hazardTypes":["slope_failure"],"evidenceLevel":0,"originLevel":0,"hasRecord":false,"recordRelation":null,"status":"current","disputed":false,"precision":"oaza","areaKey":"432050480","elements":["nagi"],"summary":"要素辞書に一致（nagi）。出典による裏づけは未確認。","zones":[],"dataset":"candidates"}},{"type":"Feature","geometry":{"type":"Point","coordinates":[130.577607,32.965376]},"properties":{"id":"43-3cc91a7c6f","name":"青木","reading":"アオキ","pref":"熊本県","prefCode":"43","municipality":"玉名市","hazardTypes":["slope_failure"],"evidenceLevel":0,"originLevel":0,"hasRecord":false,"recordRelation":null,"status":"current","disputed":false,"precision":"oaza","areaKey":"432060450","elements":["afu_oo"],"summary":"要素辞書に一致（afu_oo）。出典による裏づけは未確認。","zones":[],"dataset":"candidates"}},{"type":"Feature","geometry":{"type":"Point","coordinates":[130.57864,32.9144]},"properties":{"id":"43-b1b6ef26f4","name":"伊倉北方","reading":"イクラキタカタ","pref":"熊本県","prefCode":"43","municipality":"玉名市","hazardTypes":["slope_failure","rockfall"],"evidenceLevel":0,"originLevel":0,"hasRecord":false,"recordRelation":null,"status":"current","disputed":false,"precision":"oaza","areaKey":"432060230","elements":["kura"],"summary":"要素辞書に一致（kura）。出典による裏づけは未確認。","zones":[],"dataset":"candidates"}},{"type":"Feature","geometry":{"type":"Point","coordinates":[130.569764,32.897861]},"properties":{"id":"43-8631653004","name":"伊倉南方","reading":"イクラミナミカタ","pref":"熊本県","prefCode":"43","municipality":"玉名市","hazardTypes":["slope_failure","rockfall"],"evidenceLevel":0,"originLevel":0,"hasRecord":false,"recordRelation":null,"status":"current","disputed":false,"precision":"oaza","areaKey":"432060240","elements":["kura"],"summary":"要素辞書に一致（kura）。出典による裏づけは未確認。","zones":[],"dataset":"candidates"}},{"type":"Feature","geometry":{"type":"Point","coordinates":[130.573465,32.92131]},"properties":{"id":"43-c8d5822c36","name":"大倉","reading":"オオクラ","pref":"熊本県","prefCode":"43","municipality":"玉名市","hazardTypes":["slope_failure","rockfall"],"evidenceLevel":0,"originLevel":0,"hasRecord":false,"recordRelation":null,"status":"current","disputed":false,"precision":"oaza","areaKey":"432060290","elements":["kura"],"summary":"要素辞書に一致（kura）。出典による裏づけは未確認。","zones":[],"dataset":"candidates"}},{"type":"Feature","geometry":{"type":"Point","coordinates":[130.557852,32.914597]},"properties":{"id":"43-c953fe7dd5","name":"千田川原","reading":"センダガワラ","pref":"熊本県","prefCode":"43","municipality":"玉名市","hazardTypes":["flood"],"evidenceLevel":0,"originLevel":0,"hasRecord":false,"recordRelation":null,"status":"current","disputed":false,"precision":"oaza","areaKey":"432060220","elements":["kawara"],"summary":"要素辞書に一致（kawara）。出典による裏づけは未確認。","zones":[],"dataset":"candidates"}},{"type":"Feature","geometry":{"type":"Point","coordinates":[130.541222,32.927527]},"properties":{"id":"43-da70e99b21","name":"河原","reading":null,"pref":"熊本県","prefCode":"43","municipality":"玉名市","hazardTypes":["flood"],"evidenceLevel":0,"originLevel":0,"hasRecord":false,"recordRelation":null,"status":"current","disputed":false,"precision":"koaza","areaKey":"432060070","elements":["kawara"],"summary":"要素辞書に一致（kawara）。出典による裏づけは未確認。","zones":[],"dataset":"candidates"}},{"type":"Feature","geometry":{"type":"Point","coordinates":[130.667471,32.971838]},"properties":{"id":"43-520a355034","name":"鹿央町合里","reading":"カオウマチアイザト","pref":"熊本県","prefCode":"43","municipality":"山鹿市","hazardTypes":["landslide","soft_ground"],"evidenceLevel":0,"originLevel":0,"hasRecord":false,"recordRelation":null,"status":"current","disputed":false,"precision":"oaza","areaKey":"432080760","elements":["shishi"],"summary":"要素辞書に一致（shishi）。出典による裏づけは未確認。","zones":[],"dataset":"candidates"}},{"type":"Feature","geometry":{"type":"Point","coordinates":[130.676516,32.989006]},"properties":{"id":"43-03f61122f3","name":"鹿央町岩原","reading":"カオウマチイワバル","pref":"熊本県","prefCode":"43","municipality":"山鹿市","hazardTypes":["landslide","soft_ground"],"evidenceLevel":0,"originLevel":0,"hasRecord":false,"recordRelation":null,"status":"current","disputed":false,"precision":"oaza","areaKey":"432080750","elements":["shishi"],"summary":"要素辞書に一致（shishi）。出典による裏づけは未確認。","zones":[],"dataset":"candidates"}},{"type":"Feature","geometry":{"type":"Point","coordinates":[130.647021,32.954355]},"properties":{"id":"43-fd2f4f9502","name":"鹿央町梅木谷","reading":"カオウマチウメノキダニ","pref":"熊本県","prefCode":"43","municipality":"山鹿市","hazardTypes":["landslide","slope_failure","soft_ground"],"evidenceLevel":0,"originLevel":0,"hasRecord":false,"recordRelation":null,"status":"current","disputed":false,"precision":"oaza","areaKey":"432080820","elements":["ume","shishi"],"summary":"要素辞書に一致（ume・shishi）。出典による裏づけは未確認。","zones":[],"dataset":"candidates"}},{"type":"Feature","geometry":{"type":"Point","coordinates":[130.641967,32.955582]},"properties":{"id":"43-6d67460450","name":"鹿央町大浦","reading":"カオウマチオオウラ","pref":"熊本県","prefCode":"43","municipality":"山鹿市","hazardTypes":["landslide","soft_ground"],"evidenceLevel":0,"originLevel":0,"hasRecord":false,"recordRelation":null,"status":"current","disputed":false,"precision":"oaza","areaKey":"432080810","elements":["shishi"],"summary":"要素辞書に一致（shishi）。出典による裏づけは未確認。","zones":[],"dataset":"candidates"}},{"type":"Feature","geometry":{"type":"Point","coordinates":[130.657797,32.953369]},"properties":{"id":"43-d9527863e2","name":"鹿央町北谷","reading":"カオウマチキタダニ","pref":"熊本県","prefCode":"43","municipality":"山鹿市","hazardTypes":["landslide","soft_ground"],"evidenceLevel":0,"originLevel":0,"hasRecord":false,"recordRelation":null,"status":"current","disputed":false,"precision":"oaza","areaKey":"432080830","elements":["shishi"],"summary":"要素辞書に一致（shishi）。出典による裏づけは未確認。","zones":[],"dataset":"candidates"}},{"type":"Feature","geometry":{"type":"Point","coordinates":[130.652463,32.940376]},"properties":{"id":"43-b89900e7cd","name":"鹿央町霜野","reading":"カオウマチシモノ","pref":"熊本県","prefCode":"43","municipality":"山鹿市","hazardTypes":["landslide","soft_ground"],"evidenceLevel":0,"originLevel":0,"hasRecord":false,"recordRelation":null,"status":"current","disputed":false,"precision":"oaza","areaKey":"432080850","elements":["shishi"],"summary":"要素辞書に一致（shishi）。出典による裏づけは未確認。","zones":[],"dataset":"candidates"}},{"type":"Feature","geometry":{"type":"Point","coordinates":[130.697149,32.975318]},"properties":{"id":"43-d3866e2b21","name":"鹿央町千田","reading":"カオウマチチダ","pref":"熊本県","prefCode":"43","municipality":"山鹿市","hazardTypes":["landslide","soft_ground"],"evidenceLevel":0,"originLevel":0,"hasRecord":false,"recordRelation":null,"status":"current","disputed":false,"precision":"oaza","areaKey":"432080780","elements":["shishi"],"summary":"要素辞書に一致（shishi）。出典による裏づけは未確認。","zones":[],"dataset":"candidates"}},{"type":"Feature","geometry":{"type":"Point","coordinates":[130.634384,32.954794]},"properties":{"id":"43-0e66848882","name":"鹿央町中浦","reading":"カオウマチチュウノウラ","pref":"熊本県","prefCode":"43","municipality":"山鹿市","hazardTypes":["landslide","soft_ground"],"evidenceLevel":0,"originLevel":0,"hasRecord":false,"recordRelation":null,"status":"current","disputed":false,"precision":"oaza","areaKey":"432080800","elements":["shishi"],"summary":"要素辞書に一致（shishi）。出典による裏づけは未確認。","zones":[],"dataset":"candidates"}},{"type":"Feature","geometry":{"type":"Point","coordinates":[130.658118,32.947991]},"properties":{"id":"43-abb70d6993","name":"鹿央町仁王堂","reading":"カオウマチニオウドウ","pref":"熊本県","prefCode":"43","municipality":"山鹿市","hazardTypes":["landslide","soft_ground"],"evidenceLevel":0,"originLevel":0,"hasRecord":false,"recordRelation":null,"status":"current","disputed":false,"precision":"oaza","areaKey":"432080840","elements":["shishi"],"summary":"要素辞書に一致（shishi）。出典による裏づけは未確認。","zones":[],"dataset":"candidates"}},{"type":"Feature","geometry":{"type":"Point","coordinates":[130.6874,32.963199]},"properties":{"id":"43-734adead6b","name":"鹿央町広","reading":"カオウマチヒロ","pref":"熊本県","prefCode":"43","municipality":"山鹿市","hazardTypes":["landslide","soft_ground"],"evidenceLevel":0,"originLevel":0,"hasRecord":false,"recordRelation":null,"status":"current","disputed":false,"precision":"oaza","areaKey":"432080790","elements":["shishi"],"summary":"要素辞書に一致（shishi）。出典による裏づけは未確認。","zones":[],"dataset":"candidates"}},{"type":"Feature","geometry":{"type":"Point","coordinates":[130.692643,32.983982]},"properties":{"id":"43-7246a2f1ec","name":"鹿央町持松","reading":"カオウマチモチマツ","pref":"熊本県","prefCode":"43","municipality":"山鹿市","hazardTypes":["landslide","soft_ground"],"evidenceLevel":0,"originLevel":0,"hasRecord":false,"recordRelation":null,"status":"current","disputed":false,"precision":"oaza","areaKey":"432080770","elements":["shishi"],"summary":"要素辞書に一致（shishi）。出典による裏づけは未確認。","zones":[],"dataset":"candidates"}},{"type":"Feature","geometry":{"type":"Point","coordinates":[130.704332,33.012658]},"properties":{"id":"43-a9274ddc93","name":"鹿校通一丁目","reading":"カコウトオリ 1","pref":"熊本県","prefCode":"43","municipality":"山鹿市","hazardTypes":["landslide","soft_ground"],"evidenceLevel":0,"originLevel":0,"hasRecord":false,"recordRelation":null,"status":"current","disputed":false,"precision":"oaza","areaKey":"43208038001","elements":["shishi"],"summary":"要素辞書に一致（shishi）。出典による裏づけは未確認。","zones":[],"dataset":"candidates"}},{"type":"Feature","geometry":{"type":"Point","coordinates":[130.675233,33.085705]},"properties":{"id":"43-88ac8b29e4","name":"鹿北町芋生","reading":"カホクマチイモウ","pref":"熊本県","prefCode":"43","municipality":"山鹿市","hazardTypes":["landslide","soft_ground"],"evidenceLevel":0,"originLevel":0,"hasRecord":false,"recordRelation":null,"status":"current","disputed":false,"precision":"oaza","areaKey":"432080420","elements":["shishi"],"summary":"要素辞書に一致（shishi）。出典による裏づけは未確認。","zones":[],"dataset":"candidates"}},{"type":"Feature","geometry":{"type":"Point","coordinates":[130.708554,33.097528]},"properties":{"id":"43-55ef89cdff","name":"鹿北町四丁","reading":"カホクマチイモウ 4","pref":"熊本県","prefCode":"43","municipality":"山鹿市","hazardTypes":["landslide","soft_ground"],"evidenceLevel":0,"originLevel":0,"hasRecord":false,"recordRelation":null,"status":"current","disputed":false,"precision":"oaza","areaKey":"432080430","elements":["shishi"],"summary":"要素辞書に一致（shishi）。出典による裏づけは未確認。","zones":[],"dataset":"candidates"}},{"type":"Feature","geometry":{"type":"Point","coordinates":[130.687289,33.133436]},"properties":{"id":"43-b2a55f41a5","name":"鹿北町岩野","reading":"カホクマチイワノ","pref":"熊本県","prefCode":"43","municipality":"山鹿市","hazardTypes":["landslide","soft_ground"],"evidenceLevel":0,"originLevel":0,"hasRecord":false,"recordRelation":null,"status":"current","disputed":false,"precision":"oaza","areaKey":"432080390","elements":["shishi"],"summary":"要素辞書に一致（shishi）。出典による裏づけは未確認。","zones":[],"dataset":"candidates"}},{"type":"Feature","geometry":{"type":"Point","coordinates":[130.737669,33.127013]},"properties":{"id":"43-4cfb3783d6","name":"鹿北町椎持","reading":"カホクマチシイモチ","pref":"熊本県","prefCode":"43","municipality":"山鹿市","hazardTypes":["landslide","soft_ground"],"evidenceLevel":0,"originLevel":0,"hasRecord":false,"recordRelation":null,"status":"current","disputed":false,"precision":"oaza","areaKey":"432080400","elements":["shishi"],"summary":"要素辞書に一致（shishi）。出典による裏づけは未確認。","zones":[],"dataset":"candidates"}},{"type":"Feature","geometry":{"type":"Point","coordinates":[130.762988,33.106607]},"properties":{"id":"43-129980f32c","name":"鹿北町多久","reading":"カホクマチタク","pref":"熊本県","prefCode":"43","municipality":"山鹿市","hazardTypes":["landslide","soft_ground"],"evidenceLevel":0,"originLevel":0,"hasRecord":false,"recordRelation":null,"status":"current","disputed":false,"precision":"oaza","areaKey":"432080410","elements":["shishi"],"summary":"要素辞書に一致（shishi）。出典による裏づけは未確認。","zones":[],"dataset":"candidates"}},{"type":"Feature","geometry":{"type":"Point","coordinates":[130.740161,33.02428]},"properties":{"id":"43-2529da4d7f","name":"蒲生","reading":"カモウ","pref":"熊本県","prefCode":"43","municipality":"山鹿市","hazardTypes":["landslide","soft_ground"],"evidenceLevel":0,"originLevel":0,"hasRecord":false,"recordRelation":null,"status":"current","disputed":false,"precision":"oaza","areaKey":"432080310","elements":["wetland_plants"],"summary":"要素辞書に一致（wetland_plants）。出典による裏づけは未確認。","zones":[],"dataset":"candidates"}},{"type":"Feature","geometry":{"type":"Point","coordinates":[130.759921,32.995776]},"properties":{"id":"43-ae0a6d644b","name":"鹿本町石渕","reading":"カモトマチイシブチ","pref":"熊本県","prefCode":"43","municipality":"山鹿市","hazardTypes":["landslide","soft_ground"],"evidenceLevel":0,"originLevel":0,"hasRecord":false,"recordRelation":null,"status":"current","disputed":false,"precision":"oaza","areaKey":"432080650","elements":["shishi"],"summary":"要素辞書に一致（shishi）。出典による裏づけは未確認。","zones":[],"dataset":"candidates"}},{"type":"Feature","geometry":{"type":"Point","coordinates":[130.74555,32.99437]},"properties":{"id":"43-3bb451eb60","name":"鹿本町小嶋","reading":"カモトマチオシマ","pref":"熊本県","prefCode":"43","municipality":"山鹿市","hazardTypes":["landslide","soft_ground"],"evidenceLevel":0,"originLevel":0,"hasRecord":false,"recordRelation":null,"status":"current","disputed":false,"precision":"oaza","areaKey":"432080670","elements":["shishi"],"summary":"要素辞書に一致（shishi）。出典による裏づけは未確認。","zones":[],"dataset":"candidates"}},{"type":"Feature","geometry":{"type":"Point","coordinates":[130.750212,32.985297]},"properties":{"id":"43-0934593e1d","name":"鹿本町梶屋","reading":"カモトマチカジヤ","pref":"熊本県","prefCode":"43","municipality":"山鹿市","hazardTypes":["landslide","soft_ground"],"evidenceLevel":0,"originLevel":0,"hasRecord":false,"recordRelation":null,"status":"current","disputed":false,"precision":"oaza","areaKey":"432080740","elements":["shishi"],"summary":"要素辞書に一致（shishi）。出典による裏づけは未確認。","zones":[],"dataset":"candidates"}},{"type":"Feature","geometry":{"type":"Point","coordinates":[130.7445,33.004877]},"properties":{"id":"43-7f23b9ba69","name":"鹿本町来民","reading":"カモトマチクタミ","pref":"熊本県","prefCode":"43","municipality":"山鹿市","hazardTypes":["landslide","soft_ground"],"evidenceLevel":0,"originLevel":0,"hasRecord":false,"recordRelation":null,"status":"current","disputed":false,"precision":"oaza","areaKey":"432080600","elements":["shishi"],"summary":"要素辞書に一致（shishi）。出典による裏づけは未確認。","zones":[],"dataset":"candidates"}},{"type":"Feature","geometry":{"type":"Point","coordinates":[130.710785,32.989083]},"properties":{"id":"43-0967fdf756","name":"鹿本町小柳","reading":"カモトマチコヤナギ","pref":"熊本県","prefCode":"43","municipality":"山鹿市","hazardTypes":["landslide","soft_ground"],"evidenceLevel":0,"originLevel":0,"hasRecord":false,"recordRelation":null,"status":"current","disputed":false,"precision":"oaza","areaKey":"432080680","elements":["shishi"],"summary":"要素辞書に一致（shishi）。出典による裏づけは未確認。","zones":[],"dataset":"candidates"}},{"type":"Feature","geometry":{"type":"Point","coordinates":[130.750444,32.99702]},"properties":{"id":"43-0f9b0aee99","name":"鹿本町下高橋","reading":"カモトマチシモタカハシ","pref":"熊本県","prefCode":"43","municipality":"山鹿市","hazardTypes":["landslide","soft_ground"],"evidenceLevel":0,"originLevel":0,"hasRecord":false,"recordRelation":null,"status":"current","disputed":false,"precision":"oaza","areaKey":"432080660","elements":["shishi"],"summary":"要素辞書に一致（shishi）。出典による裏づけは未確認。","zones":[],"dataset":"candidates"}},{"type":"Feature","geometry":{"type":"Point","coordinates":[130.718668,32.987818]},"properties":{"id":"43-bd0ae5f489","name":"鹿本町下分田","reading":"カモトマチシモブンダ","pref":"熊本県","prefCode":"43","municipality":"山鹿市","hazardTypes":["landslide","soft_ground"],"evidenceLevel":0,"originLevel":0,"hasRecord":false,"recordRelation":null,"status":"current","disputed":false,"precision":"oaza","areaKey":"432080690","elements":["shishi"],"summary":"要素辞書に一致（shishi）。出典による裏づけは未確認。","zones":[],"dataset":"candidates"}},{"type":"Feature","geometry":{"type":"Point","coordinates":[130.766238,33.012362]},"properties":{"id":"43-9f25b4487e","name":"鹿本町庄","reading":"カモトマチショウ","pref":"熊本県","prefCode":"43","municipality":"山鹿市","hazardTypes":["landslide","soft_ground"],"evidenceLevel":0,"originLevel":0,"hasRecord":false,"recordRelation":null,"status":"current","disputed":false,"precision":"oaza","areaKey":"432080640","elements":["shishi"],"summary":"要素辞書に一致（shishi）。出典による裏づけは未確認。","zones":[],"dataset":"candidates"}},{"type":"Feature","geometry":{"type":"Point","coordinates":[130.754718,33.006308]},"properties":{"id":"43-fd222c4082","name":"鹿本町高橋","reading":"カモトマチタカハシ","pref":"熊本県","prefCode":"43","municipality":"山鹿市","hazardTypes":["landslide","soft_ground"],"evidenceLevel":0,"originLevel":0,"hasRecord":false,"recordRelation":null,"status":"current","disputed":false,"precision":"oaza","areaKey":"432080620","elements":["shishi"],"summary":"要素辞書に一致（shishi）。出典による裏づけは未確認。","zones":[],"dataset":"candidates"}},{"type":"Feature","geometry":{"type":"Point","coordinates":[130.756785,33.015754]},"properties":{"id":"43-bab5dc9a3a","name":"鹿本町津袋","reading":"カモトマチツブクロ","pref":"熊本県","prefCode":"43","municipality":"山鹿市","hazardTypes":["landslide","soft_ground"],"evidenceLevel":0,"originLevel":0,"hasRecord":false,"recordRelation":null,"status":"current","disputed":false,"precision":"oaza","areaKey":"432080630","elements":["shishi"],"summary":"要素辞書に一致（shishi）。出典による裏づけは未確認。","zones":[],"dataset":"candidates"}},{"type":"Feature","geometry":{"type":"Point","coordinates":[130.737598,32.982051]},"properties":{"id":"43-9fb897123b","name":"鹿本町中川","reading":"カモトマチナカガワ","pref":"熊本県","prefCode":"43","municipality":"山鹿市","hazardTypes":["landslide","soft_ground"],"evidenceLevel":0,"originLevel":0,"hasRecord":false,"recordRelation":null,"status":"current","disputed":false,"precision":"oaza","areaKey":"432080720","elements":["shishi"],"summary":"要素辞書に一致（shishi）。出典による裏づけは未確認。","zones":[],"dataset":"candidates"}},{"type":"Feature","geometry":{"type":"Point","coordinates":[130.742405,32.98437]},"properties":{"id":"43-1db892c723","name":"鹿本町中富","reading":"カモトマチナカドミ","pref":"熊本県","prefCode":"43","municipality":"山鹿市","hazardTypes":["landslide","soft_ground"],"evidenceLevel":0,"originLevel":0,"hasRecord":false,"recordRelation":null,"status":"current","disputed":false,"precision":"oaza","areaKey":"432080730","elements":["shishi"],"summary":"要素辞書に一致（shishi）。出典による裏づけは未確認。","zones":[],"dataset":"candidates"}},{"type":"Feature","geometry":{"type":"Point","coordinates":[130.722685,32.984327]},"properties":{"id":"43-9b4c975eee","name":"鹿本町中分田","reading":"カモトマチナカブンダ","pref":"熊本県","prefCode":"43","municipality":"山鹿市","hazardTypes":["landslide","soft_ground"],"evidenceLevel":0,"originLevel":0,"hasRecord":false,"recordRelation":null,"status":"current","disputed":false,"precision":"oaza","areaKey":"432080700","elements":["shishi"],"summary":"要素辞書に一致（shishi）。出典による裏づけは未確認。","zones":[],"dataset":"candidates"}},{"type":"Feature","geometry":{"type":"Point","coordinates":[130.729118,32.982182]},"properties":{"id":"43-6d552522c4","name":"鹿本町分田","reading":"カモトマチブンダ","pref":"熊本県","prefCode":"43","municipality":"山鹿市","hazardTypes":["landslide","soft_ground"],"evidenceLevel":0,"originLevel":0,"hasRecord":false,"recordRelation":null,"status":"current","disputed":false,"precision":"oaza","areaKey":"432080710","elements":["shishi"],"summary":"要素辞書に一致（shishi）。出典による裏づけは未確認。","zones":[],"dataset":"candidates"}},{"type":"Feature","geometry":{"type":"Point","coordinates":[130.734125,33.008506]},"properties":{"id":"43-a49562ee1c","name":"鹿本町御宇田","reading":"カモトマチミウタ","pref":"熊本県","prefCode":"43","municipality":"山鹿市","hazardTypes":["landslide","soft_ground"],"evidenceLevel":0,"originLevel":0,"hasRecord":false,"recordRelation":null,"status":"current","disputed":false,"precision":"oaza","areaKey":"432080610","elements":["shishi"],"summary":"要素辞書に一致（shishi）。出典による裏づけは未確認。","zones":[],"dataset":"candidates"}},{"type":"Feature","geometry":{"type":"Point","coordinates":[130.769202,33.073718]},"properties":{"id":"43-9f39d4e6f8","name":"菊鹿町相良","reading":"キクカマチアイラ","pref":"熊本県","prefCode":"43","municipality":"山鹿市","hazardTypes":["landslide","soft_ground"],"evidenceLevel":0,"originLevel":0,"hasRecord":false,"recordRelation":null,"status":"current","disputed":false,"precision":"oaza","areaKey":"432080460","elements":["shishi"],"summary":"要素辞書に一致（shishi）。出典による裏づけは未確認。","zones":[],"dataset":"candidates"}},{"type":"Feature","geometry":{"type":"Point","coordinates":[130.800354,33.04099]},"properties":{"id":"43-88c4b24cb5","name":"菊鹿町阿佐古","reading":"キクカマチアサゴ","pref":"熊本県","prefCode":"43","municipality":"山鹿市","hazardTypes":["landslide","soft_ground"],"evidenceLevel":0,"originLevel":0,"hasRecord":false,"recordRelation":null,"status":"current","disputed":false,"precision":"oaza","areaKey":"432080590","elements":["shishi"],"summary":"要素辞書に一致（shishi）。出典による裏づけは未確認。","zones":[],"dataset":"candidates"}},{"type":"Feature","geometry":{"type":"Point","coordinates":[130.793481,33.028729]},"properties":{"id":"43-5bbb396b99","name":"菊鹿町池永","reading":"キクカマチイケナガ","pref":"熊本県","prefCode":"43","municipality":"山鹿市","hazardTypes":["landslide","soft_ground"],"evidenceLevel":0,"originLevel":0,"hasRecord":false,"recordRelation":null,"status":"current","disputed":false,"precision":"oaza","areaKey":"432080570","elements":["shishi"],"summary":"要素辞書に一致（shishi）。出典による裏づけは未確認。","zones":[],"dataset":"candidates"}},{"type":"Feature","geometry":{"type":"Point","coordinates":[130.769569,33.04395]},"properties":{"id":"43-d79c0d5a53","name":"菊鹿町太田","reading":"キクカマチオオダ","pref":"熊本県","prefCode":"43","municipality":"山鹿市","hazardTypes":["landslide","soft_ground"],"evidenceLevel":0,"originLevel":0,"hasRecord":false,"recordRelation":null,"status":"current","disputed":false,"precision":"oaza","areaKey":"432080520","elements":["shishi"],"summary":"要素辞書に一致（shishi）。出典による裏づけは未確認。","zones":[],"dataset":"candidates"}},{"type":"Feature","geometry":{"type":"Point","coordinates":[130.796583,33.068167]},"properties":{"id":"43-0501c37e66","name":"菊鹿町上内田","reading":"キクカマチカミウチダ","pref":"熊本県","prefCode":"43","municipality":"山鹿市","hazardTypes":["debris_flow","flood","landslide","soft_ground"],"evidenceLevel":0,"originLevel":0,"hasRecord":false,"recordRelation":null,"status":"current","disputed":false,"precision":"oaza","areaKey":"432080450","elements":["uchide","shishi"],"summary":"要素辞書に一致（uchide・shishi）。出典による裏づけは未確認。","zones":[],"dataset":"candidates"}},{"type":"Feature","geometry":{"type":"Point","coordinates":[130.811983,33.049654]},"properties":{"id":"43-a3944ab644","name":"菊鹿町上永野","reading":"キクカマチカミナガノ","pref":"熊本県","prefCode":"43","municipality":"山鹿市","hazardTypes":["landslide","soft_ground"],"evidenceLevel":0,"originLevel":0,"hasRecord":false,"recordRelation":null,"status":"current","disputed":false,"precision":"oaza","areaKey":"432080500","elements":["shishi"],"summary":"要素辞書に一致（shishi）。出典による裏づけは未確認。","zones":[],"dataset":"candidates"}},{"type":"Feature","geometry":{"type":"Point","coordinates":[130.776241,33.007624]},"properties":{"id":"43-a92652c907","name":"菊鹿町木野","reading":"キクカマチキノ","pref":"熊本県","prefCode":"43","municipality":"山鹿市","hazardTypes":["landslide","soft_ground"],"evidenceLevel":0,"originLevel":0,"hasRecord":false,"recordRelation":null,"status":"current","disputed":false,"precision":"oaza","areaKey":"432080540","elements":["shishi"],"summary":"要素辞書に一致（shishi）。出典による裏づけは未確認。","zones":[],"dataset":"candidates"}},{"type":"Feature","geometry":{"type":"Point","coordinates":[130.786656,33.0537]},"properties":{"id":"43-8f9eb83373","name":"菊鹿町五郎丸","reading":"キクカマチゴロウマル","pref":"熊本県","prefCode":"43","municipality":"山鹿市","hazardTypes":["landslide","soft_ground"],"evidenceLevel":0,"originLevel":0,"hasRecord":false,"recordRelation":null,"status":"current","disputed":false,"precision":"oaza","areaKey":"432080510","elements":["shishi"],"summary":"要素辞書に一致（shishi）。出典による裏づけは未確認。","zones":[],"dataset":"candidates"}},{"type":"Feature","geometry":{"type":"Point","coordinates":[130.757364,33.029213]},"properties":{"id":"43-30ba67bb73","name":"菊鹿町下内田","reading":"キクカマチシモウチダ","pref":"熊本県","prefCode":"43","municipality":"山鹿市","hazardTypes":["debris_flow","flood","landslide","soft_ground"],"evidenceLevel":0,"originLevel":0,"hasRecord":false,"recordRelation":null,"status":"current","disputed":false,"precision":"oaza","areaKey":"432080480","elements":["uchide","shishi"],"summary":"要素辞書に一致（uchide・shishi）。出典による裏づけは未確認。","zones":[],"dataset":"candidates"}},{"type":"Feature","geometry":{"type":"Point","coordinates":[130.774758,33.028977]},"properties":{"id":"43-2d5dae4d8c","name":"菊鹿町下永野","reading":"キクカマチシモナガノ","pref":"熊本県","prefCode":"43","municipality":"山鹿市","hazardTypes":["landslide","soft_ground"],"evidenceLevel":0,"originLevel":0,"hasRecord":false,"recordRelation":null,"status":"current","disputed":false,"precision":"oaza","areaKey":"432080490","elements":["shishi"],"summary":"要素辞書に一致（shishi）。出典による裏づけは未確認。","zones":[],"dataset":"candidates"}},{"type":"Feature","geometry":{"type":"Point","coordinates":[130.751276,33.047385]},"properties":{"id":"43-d013af9942","name":"菊鹿町長","reading":"キクカマチナガ","pref":"熊本県","prefCode":"43","municipality":"山鹿市","hazardTypes":["landslide","soft_ground"],"evidenceLevel":0,"originLevel":0,"hasRecord":false,"recordRelation":null,"status":"current","disputed":false,"precision":"oaza","areaKey":"432080530","elements":["shishi"],"summary":"要素辞書に一致（shishi）。出典による裏づけは未確認。","zones":[],"dataset":"candidates"}},{"type":"Feature","geometry":{"type":"Point","coordinates":[130.793278,33.017289]},"properties":{"id":"43-a1a55539c8","name":"菊鹿町松尾","reading":"キクカマチマツオ","pref":"熊本県","prefCode":"43","municipality":"山鹿市","hazardTypes":["landslide","soft_ground"],"evidenceLevel":0,"originLevel":0,"hasRecord":false,"recordRelation":null,"status":"current","disputed":false,"precision":"oaza","areaKey":"432080560","elements":["shishi"],"summary":"要素辞書に一致（shishi）。出典による裏づけは未確認。","zones":[],"dataset":"candidates"}},{"type":"Feature","geometry":{"type":"Point","coordinates":[130.781312,33.033748]},"properties":{"id":"43-c6f01f20ea","name":"菊鹿町宮原","reading":"キクカマチミヤノハル","pref":"熊本県","prefCode":"43","municipality":"山鹿市","hazardTypes":["landslide","soft_ground"],"evidenceLevel":0,"originLevel":0,"hasRecord":false,"recordRelation":null,"status":"current","disputed":false,"precision":"oaza","areaKey":"432080580","elements":["shishi"],"summary":"要素辞書に一致（shishi）。出典による裏づけは未確認。","zones":[],"dataset":"candidates"}},{"type":"Feature","geometry":{"type":"Point","coordinates":[130.805729,33.088376]},"properties":{"id":"43-1409888e1f","name":"菊鹿町矢谷","reading":"キクカマチヤタニ","pref":"熊本県","prefCode":"43","municipality":"山鹿市","hazardTypes":["landslide","soft_ground"],"evidenceLevel":0,"originLevel":0,"hasRecord":false,"recordRelation":null,"status":"current","disputed":false,"precision":"oaza","areaKey":"432080440","elements":["shishi"],"summary":"要素辞書に一致（shishi）。出典による裏づけは未確認。","zones":[],"dataset":"candidates"}},{"type":"Feature","geometry":{"type":"Point","coordinates":[130.7491,33.070853]},"properties":{"id":"43-962ea858d6","name":"菊鹿町山内","reading":"キクカマチヤマウチ","pref":"熊本県","prefCode":"43","municipality":"山鹿市","hazardTypes":["landslide","soft_ground"],"evidenceLevel":0,"originLevel":0,"hasRecord":false,"recordRelation":null,"status":"current","disputed":false,"precision":"oaza","areaKey":"432080470","elements":["shishi"],"summary":"要素辞書に一致（shishi）。出典による裏づけは未確認。","zones":[],"dataset":"candidates"}},{"type":"Feature","geometry":{"type":"Point","coordinates":[130.789128,33.005677]},"properties":{"id":"43-2f9202c0a3","name":"菊鹿町米原","reading":"キクカマチヨナバル","pref":"熊本県","prefCode":"43","municipality":"山鹿市","hazardTypes":["landslide","soft_ground"],"evidenceLevel":0,"originLevel":0,"hasRecord":false,"recordRelation":null,"status":"current","disputed":false,"precision":"oaza","areaKey":"432080550","elements":["shishi"],"summary":"要素辞書に一致（shishi）。出典による裏づけは未確認。","zones":[],"dataset":"candidates"}},{"type":"Feature","geometry":{"type":"Point","coordinates":[130.693863,33.014351]},"properties":{"id":"43-c63ab8e4cd","name":"山鹿","reading":"ヤマガ","pref":"熊本県","prefCode":"43","municipality":"山鹿市","hazardTypes":["landslide","soft_ground"],"evidenceLevel":0,"originLevel":0,"hasRecord":false,"recordRelation":null,"status":"current","disputed":false,"precision":"oaza","areaKey":"432080010","elements":["shishi"],"summary":"要素辞書に一致（shishi）。出典による裏づけは未確認。","zones":[],"dataset":"candidates"}},{"type":"Feature","geometry":{"type":"Point","coordinates":[130.857497,32.923028]},"properties":{"id":"43-568e5ba1f6","name":"旭志尾足","reading":"キョクシオタル","pref":"熊本県","prefCode":"43","municipality":"菊池市","hazardTypes":["flood","inundation"],"evidenceLevel":0,"originLevel":0,"hasRecord":false,"recordRelation":null,"status":"current","disputed":false,"precision":"oaza","areaKey":null,"elements":["ashi"],"summary":"要素辞書に一致（ashi）。出典による裏づけは未確認。","zones":[],"dataset":"candidates"}},{"type":"Feature","geometry":{"type":"Point","coordinates":[130.848499,32.970361]},"properties":{"id":"43-88f6544c6d","name":"下河原","reading":"シモカワハル","pref":"熊本県","prefCode":"43","municipality":"菊池市","hazardTypes":["flood"],"evidenceLevel":0,"originLevel":0,"hasRecord":false,"recordRelation":null,"status":"current","disputed":false,"precision":"oaza","areaKey":"43210006009","elements":["kawara"],"summary":"要素辞書に一致（kawara）。出典による裏づけは未確認。","zones":[],"dataset":"candidates"}},{"type":"Feature","geometry":{"type":"Point","coordinates":[130.868359,33.067843]},"properties":{"id":"43-41f79ac30d","name":"班蛇口","reading":"ハンジャク","pref":"熊本県","prefCode":"43","municipality":"菊池市","hazardTypes":["slope_failure","debris_flow"],"evidenceLevel":0,"originLevel":0,"hasRecord":false,"recordRelation":null,"status":"current","disputed":false,"precision":"oaza","areaKey":"43210014016","elements":["ja"],"summary":"要素辞書に一致（ja）。出典による裏づけは未確認。","zones":[],"dataset":"candidates"}},{"type":"Feature","geometry":{"type":"Point","coordinates":[130.720721,32.630069]},"properties":{"id":"43-9c23f58d00","name":"松橋町内田","reading":"マツバセマチウチダ","pref":"熊本県","prefCode":"43","municipality":"宇城市","hazardTypes":["debris_flow","flood"],"evidenceLevel":0,"originLevel":0,"hasRecord":false,"recordRelation":null,"status":"current","disputed":false,"precision":"oaza","areaKey":null,"elements":["uchide"],"summary":"要素辞書に一致（uchide）。出典による裏づけは未確認。","zones":[],"dataset":"candidates"}},{"type":"Feature","geometry":{"type":"Point","coordinates":[131.145833,33.0331]},"properties":{"id":"43-08a49e0336","name":"一の宮町荻の草","reading":"イチノミヤマチオギノクサ","pref":"熊本県","prefCode":"43","municipality":"阿蘇市","hazardTypes":["slope_failure"],"evidenceLevel":0,"originLevel":0,"hasRecord":false,"recordRelation":null,"status":"current","disputed":false,"precision":"oaza","areaKey":null,"elements":["suki_hagu"],"summary":"要素辞書に一致（suki_hagu）。出典による裏づけは未確認。","zones":[],"dataset":"candidates"}},{"type":"Feature","geometry":{"type":"Point","coordinates":[131.074512,32.984866]},"properties":{"id":"43-e7fca4d8b4","name":"小倉","reading":"オクラ","pref":"熊本県","prefCode":"43","municipality":"阿蘇市","hazardTypes":["slope_failure","rockfall"],"evidenceLevel":0,"originLevel":0,"hasRecord":false,"recordRelation":null,"status":"current","disputed":false,"precision":"oaza","areaKey":null,"elements":["kura"],"summary":"要素辞書に一致（kura）。出典による裏づけは未確認。","zones":[],"dataset":"candidates"}},{"type":"Feature","geometry":{"type":"Point","coordinates":[131.088456,32.930924]},"properties":{"id":"43-5b0bbe2a2c","name":"蔵原","reading":"クラバル","pref":"熊本県","prefCode":"43","municipality":"阿蘇市","hazardTypes":["slope_failure","rockfall"],"evidenceLevel":0,"originLevel":0,"hasRecord":false,"recordRelation":null,"status":"current","disputed":false,"precision":"oaza","areaKey":"432140210","elements":["kura"],"summary":"要素辞書に一致（kura）。出典による裏づけは未確認。","zones":[],"dataset":"candidates"}},{"type":"Feature","geometry":{"type":"Point","coordinates":[130.153623,32.490587]},"properties":{"id":"43-51eef3adc0","name":"五和町城河原一丁目","reading":"イツワマチジョウガワラ 1","pref":"熊本県","prefCode":"43","municipality":"天草市","hazardTypes":["flood"],"evidenceLevel":0,"originLevel":0,"hasRecord":false,"recordRelation":null,"status":"current","disputed":false,"precision":"oaza","areaKey":null,"elements":["kawara"],"summary":"要素辞書に一致（kawara）。出典による裏づけは未確認。","zones":[],"dataset":"candidates"}},{"type":"Feature","geometry":{"type":"Point","coordinates":[130.010513,32.208765]},"properties":{"id":"43-f636a69f25","name":"牛深町","reading":"ウシブカマチ","pref":"熊本県","prefCode":"43","municipality":"天草市","hazardTypes":["soft_ground","inundation"],"evidenceLevel":0,"originLevel":0,"hasRecord":false,"recordRelation":null,"status":"current","disputed":false,"precision":"oaza","areaKey":null,"elements":["fuke"],"summary":"要素辞書に一致（fuke）。出典による裏づけは未確認。","zones":[],"dataset":"candidates"}},{"type":"Feature","geometry":{"type":"Point","coordinates":[130.183424,32.452061]},"properties":{"id":"43-e289bc5db4","name":"川原新町","reading":"カワラシンマチ","pref":"熊本県","prefCode":"43","municipality":"天草市","hazardTypes":["flood"],"evidenceLevel":0,"originLevel":0,"hasRecord":false,"recordRelation":null,"status":"current","disputed":false,"precision":"oaza","areaKey":"432150210","elements":["kawara"],"summary":"要素辞書に一致（kawara）。出典による裏づけは未確認。","zones":[],"dataset":"candidates"}},{"type":"Feature","geometry":{"type":"Point","coordinates":[130.183601,32.455567]},"properties":{"id":"43-659ec0f9e9","name":"川原町","reading":"カワラマチ","pref":"熊本県","prefCode":"43","municipality":"天草市","hazardTypes":["flood"],"evidenceLevel":0,"originLevel":0,"hasRecord":false,"recordRelation":null,"status":"current","disputed":false,"precision":"oaza","areaKey":"432150110","elements":["kawara"],"summary":"要素辞書に一致（kawara）。出典による裏づけは未確認。","zones":[],"dataset":"candidates"}},{"type":"Feature","geometry":{"type":"Point","coordinates":[130.354426,32.43373]},"properties":{"id":"43-382155fc79","name":"倉岳町浦","reading":"クラタケマチウラ","pref":"熊本県","prefCode":"43","municipality":"天草市","hazardTypes":["slope_failure","rockfall"],"evidenceLevel":0,"originLevel":0,"hasRecord":false,"recordRelation":null,"status":"current","disputed":false,"precision":"oaza","areaKey":null,"elements":["kura"],"summary":"要素辞書に一致（kura）。出典による裏づけは未確認。","zones":[],"dataset":"candidates"}},{"type":"Feature","geometry":{"type":"Point","coordinates":[130.333898,32.414427]},"properties":{"id":"43-61c166800a","name":"倉岳町棚底","reading":"クラタケマチタナソコ","pref":"熊本県","prefCode":"43","municipality":"天草市","hazardTypes":["slope_failure","rockfall"],"evidenceLevel":0,"originLevel":0,"hasRecord":false,"recordRelation":null,"status":"current","disputed":false,"precision":"oaza","areaKey":null,"elements":["kura"],"summary":"要素辞書に一致（kura）。出典による裏づけは未確認。","zones":[],"dataset":"candidates"}},{"type":"Feature","geometry":{"type":"Point","coordinates":[130.311693,32.407025]},"properties":{"id":"43-a38a79bcb1","name":"倉岳町宮田","reading":"クラタケマチミヤダ","pref":"熊本県","prefCode":"43","municipality":"天草市","hazardTypes":["slope_failure","rockfall"],"evidenceLevel":0,"originLevel":0,"hasRecord":true,"recordRelation":"nearby_record","status":"current","disputed":false,"precision":"oaza","areaKey":null,"elements":["kura"],"summary":"要素辞書に一致（kura）。出典による裏づけは未確認。","zones":[],"dataset":"candidates"}},{"type":"Feature","geometry":{"type":"Point","coordinates":[130.235105,32.449357]},"properties":{"id":"43-e526ce00bf","name":"志柿町","reading":"シカキマチ","pref":"熊本県","prefCode":"43","municipality":"天草市","hazardTypes":["slope_failure"],"evidenceLevel":0,"originLevel":0,"hasRecord":false,"recordRelation":null,"status":"current","disputed":false,"precision":"oaza","areaKey":"432150280","elements":["kake"],"summary":"要素辞書に一致（kake）。出典による裏づけは未確認。","zones":[],"dataset":"candidates"}},{"type":"Feature","geometry":{"type":"Point","coordinates":[130.264665,32.41748]},"properties":{"id":"43-df49a81db0","name":"栖本町馬場","reading":"スモトマチババ","pref":"熊本県","prefCode":"43","municipality":"天草市","hazardTypes":["slope_failure"],"evidenceLevel":0,"originLevel":0,"hasRecord":false,"recordRelation":null,"status":"current","disputed":false,"precision":"oaza","areaKey":null,"elements":["baba"],"summary":"要素辞書に一致（baba）。出典による裏づけは未確認。","zones":[],"dataset":"candidates"}},{"type":"Feature","geometry":{"type":"Point","coordinates":[130.186205,32.455145]},"properties":{"id":"43-4890fe6e8d","name":"古川町","reading":"フルカワマチ","pref":"熊本県","prefCode":"43","municipality":"天草市","hazardTypes":["flood","inundation"],"evidenceLevel":0,"originLevel":0,"hasRecord":false,"recordRelation":null,"status":"current","disputed":false,"precision":"oaza","areaKey":"432150100","elements":["furukawa"],"summary":"要素辞書に一致（furukawa）。出典による裏づけは未確認。","zones":[],"dataset":"candidates"}},{"type":"Feature","geometry":{"type":"Point","coordinates":[130.175845,32.470754]},"properties":{"id":"43-3395a5d0b5","name":"本渡町本戸馬場","reading":"ホンドマチホントババ","pref":"熊本県","prefCode":"43","municipality":"天草市","hazardTypes":["slope_failure"],"evidenceLevel":0,"originLevel":0,"hasRecord":false,"recordRelation":null,"status":"current","disputed":false,"precision":"oaza","areaKey":"432150235","elements":["baba"],"summary":"要素辞書に一致（baba）。出典による裏づけは未確認。","zones":[],"dataset":"candidates"}},{"type":"Feature","geometry":{"type":"Point","coordinates":[130.791565,32.638218]},"properties":{"id":"43-a5562e494c","name":"馬場","reading":"ババ","pref":"熊本県","prefCode":"43","municipality":"下益城郡美里町","hazardTypes":["slope_failure"],"evidenceLevel":0,"originLevel":0,"hasRecord":false,"recordRelation":null,"status":"current","disputed":false,"precision":"oaza","areaKey":null,"elements":["baba"],"summary":"要素辞書に一致（baba）。出典による裏づけは未確認。","zones":[],"dataset":"candidates"}},{"type":"Feature","geometry":{"type":"Point","coordinates":[130.625423,32.877257]},"properties":{"id":"43-f67b623f2f","name":"大字原倉","reading":null,"pref":"熊本県","prefCode":"43","municipality":"玉名郡玉東町","hazardTypes":["slope_failure","rockfall"],"evidenceLevel":0,"originLevel":0,"hasRecord":false,"recordRelation":null,"status":"current","disputed":false,"precision":"oaza","areaKey":null,"elements":["kura"],"summary":"要素辞書に一致（kura）。出典による裏づけは未確認。","zones":[],"dataset":"candidates"}},{"type":"Feature","geometry":{"type":"Point","coordinates":[130.589063,33.027232]},"properties":{"id":"43-35c54629b1","name":"大字肥猪","reading":null,"pref":"熊本県","prefCode":"43","municipality":"玉名郡南関町","hazardTypes":["landslide","soft_ground"],"evidenceLevel":0,"originLevel":0,"hasRecord":false,"recordRelation":null,"status":"current","disputed":false,"precision":"oaza","areaKey":null,"elements":["shishi"],"summary":"要素辞書に一致（shishi）。出典による裏づけは未確認。","zones":[],"dataset":"candidates"}},{"type":"Feature","geometry":{"type":"Point","coordinates":[130.594348,33.035442]},"properties":{"id":"43-080ebfe444","name":"大字肥猪町","reading":null,"pref":"熊本県","prefCode":"43","municipality":"玉名郡南関町","hazardTypes":["landslide","soft_ground"],"evidenceLevel":0,"originLevel":0,"hasRecord":false,"recordRelation":null,"status":"current","disputed":false,"precision":"oaza","areaKey":null,"elements":["shishi"],"summary":"要素辞書に一致（shishi）。出典による裏づけは未確認。","zones":[],"dataset":"candidates"}},{"type":"Feature","geometry":{"type":"Point","coordinates":[130.451565,32.939419]},"properties":{"id":"43-aab543aaee","name":"大字梅田","reading":null,"pref":"熊本県","prefCode":"43","municipality":"玉名郡長洲町","hazardTypes":["landslide","slope_failure"],"evidenceLevel":0,"originLevel":0,"hasRecord":false,"recordRelation":null,"status":"current","disputed":false,"precision":"oaza","areaKey":null,"elements":["ume"],"summary":"要素辞書に一致（ume）。出典による裏づけは未確認。","zones":[],"dataset":"candidates"}},{"type":"Feature","geometry":{"type":"Point","coordinates":[130.592721,32.993674]},"properties":{"id":"43-ae0257e0a5","name":"内田","reading":"ウチダ","pref":"熊本県","prefCode":"43","municipality":"玉名郡和水町","hazardTypes":["debris_flow","flood"],"evidenceLevel":0,"originLevel":0,"hasRecord":false,"recordRelation":null,"status":"current","disputed":false,"precision":"oaza","areaKey":null,"elements":["uchide"],"summary":"要素辞書に一致（uchide）。出典による裏づけは未確認。","zones":[],"dataset":"candidates"}},{"type":"Feature","geometry":{"type":"Point","coordinates":[130.871824,32.874782]},"properties":{"id":"43-108603ee37","name":"鍛冶ノ上","reading":null,"pref":"熊本県","prefCode":"43","municipality":"菊池郡大津町","hazardTypes":["slope_failure"],"evidenceLevel":0,"originLevel":0,"hasRecord":false,"recordRelation":null,"status":"current","disputed":false,"precision":"koaza","areaKey":null,"elements":["kaji_kamu"],"summary":"要素辞書に一致（kaji_kamu）。出典による裏づけは未確認。","zones":[],"dataset":"candidates"}},{"type":"Feature","geometry":{"type":"Point","coordinates":[130.810028,32.862934]},"properties":{"id":"43-a13e5c6da8","name":"大久保","reading":null,"pref":"熊本県","prefCode":"43","municipality":"菊池郡菊陽町","hazardTypes":["slope_failure","inundation","landslide"],"evidenceLevel":0,"originLevel":0,"hasRecord":false,"recordRelation":null,"status":"current","disputed":false,"precision":"koaza","areaKey":null,"elements":["afu_oo","kubo"],"summary":"要素辞書に一致（afu_oo・kubo）。出典による裏づけは未確認。","zones":[],"dataset":"candidates"}},{"type":"Feature","geometry":{"type":"Point","coordinates":[130.841592,32.844195]},"properties":{"id":"43-79abf2c52a","name":"大字馬場楠","reading":null,"pref":"熊本県","prefCode":"43","municipality":"菊池郡菊陽町","hazardTypes":["slope_failure"],"evidenceLevel":0,"originLevel":0,"hasRecord":false,"recordRelation":null,"status":"current","disputed":false,"precision":"oaza","areaKey":null,"elements":["baba"],"summary":"要素辞書に一致（baba）。出典による裏づけは未確認。","zones":[],"dataset":"candidates"}},{"type":"Feature","geometry":{"type":"Point","coordinates":[130.774098,32.858863]},"properties":{"id":"43-a09b9fb138","name":"武蔵ヶ丘一丁目","reading":"ムサシガオカ 1","pref":"熊本県","prefCode":"43","municipality":"菊池郡菊陽町","hazardTypes":["slope_failure","rockfall"],"evidenceLevel":0,"originLevel":0,"hasRecord":false,"recordRelation":null,"status":"current","disputed":false,"precision":"oaza","areaKey":null,"elements":["kura"],"summary":"要素辞書に一致（kura）。出典による裏づけは未確認。","zones":[],"dataset":"candidates"}},{"type":"Feature","geometry":{"type":"Point","coordinates":[130.766166,32.859399]},"properties":{"id":"43-40c2645517","name":"武蔵ヶ丘北一丁目","reading":"ムサシガオカキタ 1","pref":"熊本県","prefCode":"43","municipality":"菊池郡菊陽町","hazardTypes":["slope_failure","rockfall"],"evidenceLevel":0,"originLevel":0,"hasRecord":false,"recordRelation":null,"status":"current","disputed":false,"precision":"oaza","areaKey":null,"elements":["kura"],"summary":"要素辞書に一致（kura）。出典による裏づけは未確認。","zones":[],"dataset":"candidates"}},{"type":"Feature","geometry":{"type":"Point","coordinates":[131.074236,33.07748]},"properties":{"id":"43-abe6e79167","name":"大字赤馬場","reading":null,"pref":"熊本県","prefCode":"43","municipality":"阿蘇郡南小国町","hazardTypes":["slope_failure"],"evidenceLevel":0,"originLevel":0,"hasRecord":false,"recordRelation":null,"status":"current","disputed":false,"precision":"oaza","areaKey":null,"elements":["baba"],"summary":"要素辞書に一致（baba）。出典による裏づけは未確認。","zones":[],"dataset":"candidates"}},{"type":"Feature","geometry":{"type":"Point","coordinates":[131.192056,33.005806]},"properties":{"id":"43-aa412a824a","name":"大字山鹿","reading":null,"pref":"熊本県","prefCode":"43","municipality":"阿蘇郡産山村","hazardTypes":["landslide","soft_ground"],"evidenceLevel":0,"originLevel":0,"hasRecord":false,"recordRelation":null,"status":"current","disputed":false,"precision":"oaza","areaKey":null,"elements":["shishi"],"summary":"要素辞書に一致（shishi）。出典による裏づけは未確認。","zones":[],"dataset":"candidates"}},{"type":"Feature","geometry":{"type":"Point","coordinates":[131.233409,32.887084]},"properties":{"id":"43-a08cbe7d63","name":"大字河原","reading":null,"pref":"熊本県","prefCode":"43","municipality":"阿蘇郡高森町","hazardTypes":["flood"],"evidenceLevel":0,"originLevel":0,"hasRecord":false,"recordRelation":null,"status":"current","disputed":false,"precision":"oaza","areaKey":null,"elements":["kawara"],"summary":"要素辞書に一致（kawara）。出典による裏づけは未確認。","zones":[],"dataset":"candidates"}},{"type":"Feature","geometry":{"type":"Point","coordinates":[131.209758,32.777102]},"properties":{"id":"43-028807e939","name":"大字芹口","reading":null,"pref":"熊本県","prefCode":"43","municipality":"阿蘇郡高森町","hazardTypes":["landslide","soft_ground"],"evidenceLevel":0,"originLevel":0,"hasRecord":false,"recordRelation":null,"status":"current","disputed":false,"precision":"oaza","areaKey":null,"elements":["wetland_plants"],"summary":"要素辞書に一致（wetland_plants）。出典による裏づけは未確認。","zones":[],"dataset":"candidates"}},{"type":"Feature","geometry":{"type":"Point","coordinates":[131.226685,32.762174]},"properties":{"id":"43-a173d180fd","name":"大字菅山","reading":null,"pref":"熊本県","prefCode":"43","municipality":"阿蘇郡高森町","hazardTypes":["landslide","soft_ground"],"evidenceLevel":0,"originLevel":0,"hasRecord":false,"recordRelation":null,"status":"current","disputed":false,"precision":"oaza","areaKey":null,"elements":["wetland_plants"],"summary":"要素辞書に一致（wetland_plants）。出典による裏づけは未確認。","zones":[],"dataset":"candidates"}},{"type":"Feature","geometry":{"type":"Point","coordinates":[130.910285,32.800552]},"properties":{"id":"43-c359a9faf6","name":"大字河原","reading":null,"pref":"熊本県","prefCode":"43","municipality":"阿蘇郡西原村","hazardTypes":["flood"],"evidenceLevel":0,"originLevel":0,"hasRecord":false,"recordRelation":null,"status":"current","disputed":false,"precision":"oaza","areaKey":null,"elements":["kawara"],"summary":"要素辞書に一致（kawara）。出典による裏づけは未確認。","zones":[],"dataset":"candidates"}},{"type":"Feature","geometry":{"type":"Point","coordinates":[130.817508,32.722433]},"properties":{"id":"43-230fa1fa86","name":"大字木倉","reading":null,"pref":"熊本県","prefCode":"43","municipality":"上益城郡御船町","hazardTypes":["slope_failure","rockfall"],"evidenceLevel":0,"originLevel":0,"hasRecord":false,"recordRelation":null,"status":"current","disputed":false,"precision":"oaza","areaKey":null,"elements":["kura"],"summary":"要素辞書に一致（kura）。出典による裏づけは未確認。","zones":[],"dataset":"candidates"}},{"type":"Feature","geometry":{"type":"Point","coordinates":[130.846119,32.658803]},"properties":{"id":"43-8a9af83261","name":"大字小鹿","reading":null,"pref":"熊本県","prefCode":"43","municipality":"上益城郡甲佐町","hazardTypes":["landslide","soft_ground"],"evidenceLevel":0,"originLevel":0,"hasRecord":false,"recordRelation":null,"status":"current","disputed":false,"precision":"oaza","areaKey":null,"elements":["shishi"],"summary":"要素辞書に一致（shishi）。出典による裏づけは未確認。","zones":[],"dataset":"candidates"}},{"type":"Feature","geometry":{"type":"Point","coordinates":[130.969542,32.692941]},"properties":{"id":"43-219638f0ef","name":"芦屋田","reading":"アシヤダ","pref":"熊本県","prefCode":"43","municipality":"上益城郡山都町","hazardTypes":["flood","inundation"],"evidenceLevel":0,"originLevel":0,"hasRecord":false,"recordRelation":null,"status":"current","disputed":false,"precision":"oaza","areaKey":null,"elements":["ashi"],"summary":"要素辞書に一致（ashi）。出典による裏づけは未確認。","zones":[],"dataset":"candidates"}},{"type":"Feature","geometry":{"type":"Point","coordinates":[130.933939,32.683418]},"properties":{"id":"43-477d532f15","name":"猿渡","reading":"サルワタリ","pref":"熊本県","prefCode":"43","municipality":"上益城郡山都町","hazardTypes":["slope_failure"],"evidenceLevel":0,"originLevel":0,"hasRecord":false,"recordRelation":null,"status":"current","disputed":false,"precision":"oaza","areaKey":null,"elements":["saru"],"summary":"要素辞書に一致（saru）。出典による裏づけは未確認。","zones":[],"dataset":"candidates"}},{"type":"Feature","geometry":{"type":"Point","coordinates":[131.018402,32.644791]},"properties":{"id":"43-8b5afc69ee","name":"菅","reading":"スゲ","pref":"熊本県","prefCode":"43","municipality":"上益城郡山都町","hazardTypes":["landslide","soft_ground"],"evidenceLevel":0,"originLevel":0,"hasRecord":false,"recordRelation":null,"status":"current","disputed":false,"precision":"oaza","areaKey":null,"elements":["wetland_plants"],"summary":"要素辞書に一致（wetland_plants）。出典による裏づけは未確認。","zones":[],"dataset":"candidates"}},{"type":"Feature","geometry":{"type":"Point","coordinates":[131.146475,32.710499]},"properties":{"id":"43-1ff5e86b4c","name":"菅尾","reading":"スゲオ","pref":"熊本県","prefCode":"43","municipality":"上益城郡山都町","hazardTypes":["landslide","soft_ground"],"evidenceLevel":0,"originLevel":0,"hasRecord":false,"recordRelation":null,"status":"current","disputed":false,"precision":"oaza","areaKey":null,"elements":["wetland_plants"],"summary":"要素辞書に一致（wetland_plants）。出典による裏づけは未確認。","zones":[],"dataset":"candidates"}},{"type":"Feature","geometry":{"type":"Point","coordinates":[130.665267,32.582191]},"properties":{"id":"43-c1e55d966d","name":"鹿島","reading":"カシマ","pref":"熊本県","prefCode":"43","municipality":"八代郡氷川町","hazardTypes":["landslide","soft_ground"],"evidenceLevel":0,"originLevel":0,"hasRecord":false,"recordRelation":null,"status":"current","disputed":false,"precision":"oaza","areaKey":null,"elements":["shishi"],"summary":"要素辞書に一致（shishi）。出典による裏づけは未確認。","zones":[],"dataset":"candidates"}},{"type":"Feature","geometry":{"type":"Point","coordinates":[130.659639,32.590832]},"properties":{"id":"43-441c1461f5","name":"鹿野","reading":"カノ","pref":"熊本県","prefCode":"43","municipality":"八代郡氷川町","hazardTypes":["landslide","soft_ground"],"evidenceLevel":0,"originLevel":0,"hasRecord":false,"recordRelation":null,"status":"current","disputed":false,"precision":"oaza","areaKey":null,"elements":["shishi"],"summary":"要素辞書に一致（shishi）。出典による裏づけは未確認。","zones":[],"dataset":"candidates"}},{"type":"Feature","geometry":{"type":"Point","coordinates":[130.684489,32.557869]},"properties":{"id":"43-dbbf619473","name":"河原","reading":"カワハラ","pref":"熊本県","prefCode":"43","municipality":"八代郡氷川町","hazardTypes":["flood"],"evidenceLevel":0,"originLevel":0,"hasRecord":false,"recordRelation":null,"status":"current","disputed":false,"precision":"oaza","areaKey":null,"elements":["kawara"],"summary":"要素辞書に一致（kawara）。出典による裏づけは未確認。","zones":[],"dataset":"candidates"}},{"type":"Feature","geometry":{"type":"Point","coordinates":[130.497162,32.293872]},"properties":{"id":"43-554df7932c","name":"大字芦北","reading":null,"pref":"熊本県","prefCode":"43","municipality":"葦北郡芦北町","hazardTypes":["flood","inundation"],"evidenceLevel":0,"originLevel":0,"hasRecord":false,"recordRelation":null,"status":"current","disputed":false,"precision":"oaza","areaKey":null,"elements":["ashi"],"summary":"要素辞書に一致（ashi）。出典による裏づけは未確認。","zones":[],"dataset":"candidates"}},{"type":"Feature","geometry":{"type":"Point","coordinates":[130.442825,32.223569]},"properties":{"id":"43-afeabc765e","name":"大字小津奈木","reading":null,"pref":"熊本県","prefCode":"43","municipality":"葦北郡津奈木町","hazardTypes":["slope_failure"],"evidenceLevel":0,"originLevel":0,"hasRecord":false,"recordRelation":null,"status":"current","disputed":false,"precision":"oaza","areaKey":null,"elements":["nagi"],"summary":"要素辞書に一致（nagi）。出典による裏づけは未確認。","zones":[],"dataset":"candidates"}},{"type":"Feature","geometry":{"type":"Point","coordinates":[130.478911,32.231099]},"properties":{"id":"43-33a8c93b15","name":"大字津奈木","reading":null,"pref":"熊本県","prefCode":"43","municipality":"葦北郡津奈木町","hazardTypes":["slope_failure"],"evidenceLevel":0,"originLevel":0,"hasRecord":false,"recordRelation":null,"status":"current","disputed":false,"precision":"oaza","areaKey":null,"elements":["nagi"],"summary":"要素辞書に一致（nagi）。出典による裏づけは未確認。","zones":[],"dataset":"candidates"}},{"type":"Feature","geometry":{"type":"Point","coordinates":[130.881004,32.268743]},"properties":{"id":"43-2d8e984448","name":"深田北","reading":"フカダキタ","pref":"熊本県","prefCode":"43","municipality":"球磨郡あさぎり町","hazardTypes":["soft_ground","inundation"],"evidenceLevel":0,"originLevel":0,"hasRecord":false,"recordRelation":null,"status":"current","disputed":false,"precision":"oaza","areaKey":null,"elements":["fuke"],"summary":"要素辞書に一致（fuke）。出典による裏づけは未確認。","zones":[],"dataset":"candidates"}},{"type":"Feature","geometry":{"type":"Point","coordinates":[130.858755,32.263468]},"properties":{"id":"43-237d099354","name":"深田西","reading":"フカダニシ","pref":"熊本県","prefCode":"43","municipality":"球磨郡あさぎり町","hazardTypes":["soft_ground","inundation"],"evidenceLevel":0,"originLevel":0,"hasRecord":false,"recordRelation":null,"status":"current","disputed":false,"precision":"oaza","areaKey":null,"elements":["fuke"],"summary":"要素辞書に一致（fuke）。出典による裏づけは未確認。","zones":[],"dataset":"candidates"}},{"type":"Feature","geometry":{"type":"Point","coordinates":[130.878011,32.252635]},"properties":{"id":"43-d7c21823d1","name":"深田東","reading":"フカダヒガシ","pref":"熊本県","prefCode":"43","municipality":"球磨郡あさぎり町","hazardTypes":["soft_ground","inundation"],"evidenceLevel":0,"originLevel":0,"hasRecord":false,"recordRelation":null,"status":"current","disputed":false,"precision":"oaza","areaKey":null,"elements":["fuke"],"summary":"要素辞書に一致（fuke）。出典による裏づけは未確認。","zones":[],"dataset":"candidates"}},{"type":"Feature","geometry":{"type":"Point","coordinates":[130.872997,32.238577]},"properties":{"id":"43-c753950a99","name":"深田南","reading":"フカダミナミ","pref":"熊本県","prefCode":"43","municipality":"球磨郡あさぎり町","hazardTypes":["soft_ground","inundation"],"evidenceLevel":0,"originLevel":0,"hasRecord":false,"recordRelation":null,"status":"current","disputed":false,"precision":"oaza","areaKey":null,"elements":["fuke"],"summary":"要素辞書に一致（fuke）。出典による裏づけは未確認。","zones":[],"dataset":"candidates"}},{"type":"Feature","geometry":{"type":"Point","coordinates":[130.0555,32.489286]},"properties":{"id":"43-5c307fc056","name":"内田","reading":"ウチダ","pref":"熊本県","prefCode":"43","municipality":"天草郡苓北町","hazardTypes":["debris_flow","flood"],"evidenceLevel":0,"originLevel":0,"hasRecord":false,"recordRelation":null,"status":"current","disputed":false,"precision":"oaza","areaKey":null,"elements":["uchide"],"summary":"要素辞書に一致（uchide）。出典による裏づけは未確認。","zones":[],"dataset":"candidates"}},{"type":"Feature","geometry":{"type":"Point","coordinates":[130.577718,32.907346]},"properties":{"id":"43-f9259ccf10","name":"伊倉町","reading":null,"pref":"熊本県","prefCode":"43","municipality":"玉名市","hazardTypes":["slope_failure","rockfall"],"evidenceLevel":0,"originLevel":0,"hasRecord":false,"recordRelation":null,"status":"historical","disputed":false,"precision":"oaza","areaKey":"432060260","elements":["kura"],"summary":"要素辞書に一致（kura）。出典による裏づけは未確認。","zones":[],"dataset":"old_maps"}},{"type":"Feature","geometry":{"type":"Point","coordinates":[130.687686,33.015906]},"properties":{"id":"43-573f78d0bd","name":"山鹿町","reading":null,"pref":"熊本県","prefCode":"43","municipality":"山鹿市","hazardTypes":["landslide","soft_ground"],"evidenceLevel":0,"originLevel":0,"hasRecord":false,"recordRelation":null,"status":"historical","disputed":false,"precision":"oaza","areaKey":"432080040","elements":["shishi"],"summary":"要素辞書に一致（shishi）。出典による裏づけは未確認。","zones":[],"dataset":"old_maps"}},{"type":"Feature","geometry":{"type":"Point","coordinates":[129.972442,32.146504]},"properties":{"id":"43-732be39d6e","name":"天草郡牛深町地","reading":null,"pref":"熊本県","prefCode":"43","municipality":"天草市","hazardTypes":["soft_ground","inundation"],"evidenceLevel":0,"originLevel":0,"hasRecord":false,"recordRelation":null,"status":"historical","disputed":false,"precision":"oaza","areaKey":null,"elements":["fuke"],"summary":"要素辞書に一致（fuke）。出典による裏づけは未確認。","zones":[],"dataset":"old_maps"}},{"type":"Feature","geometry":{"type":"Point","coordinates":[130.841781,32.969749]},"properties":{"id":"43-8ffcd85d97","name":"河原村","reading":null,"pref":"熊本県","prefCode":"43","municipality":"菊池市","hazardTypes":["flood"],"evidenceLevel":0,"originLevel":0,"hasRecord":false,"recordRelation":null,"status":"historical","disputed":false,"precision":"village","areaKey":"43210006009","elements":["kawara"],"summary":"要素辞書に一致（kawara）。出典による裏づけは未確認。","zones":[],"dataset":"old_maps"}},{"type":"Feature","geometry":{"type":"Point","coordinates":[130.890751,32.814238]},"properties":{"id":"43-5beee053fb","name":"河原村","reading":null,"pref":"熊本県","prefCode":"43","municipality":"阿蘇郡西原村","hazardTypes":["flood"],"evidenceLevel":0,"originLevel":0,"hasRecord":false,"recordRelation":null,"status":"historical","disputed":false,"precision":"village","areaKey":null,"elements":["kawara"],"summary":"要素辞書に一致（kawara）。出典による裏づけは未確認。","zones":[],"dataset":"old_maps"}},{"type":"Feature","geometry":{"type":"Point","coordinates":[130.873125,32.498234]},"properties":{"id":"43-c3d7a0d547","name":"柿迫村","reading":null,"pref":"熊本県","prefCode":"43","municipality":"八代市","hazardTypes":["slope_failure"],"evidenceLevel":0,"originLevel":0,"hasRecord":false,"recordRelation":null,"status":"historical","disputed":false,"precision":"village","areaKey":"432021930","elements":["kake"],"summary":"要素辞書に一致（kake）。出典による裏づけは未確認。","zones":[],"dataset":"old_maps"}},{"type":"Feature","geometry":{"type":"Point","coordinates":[130.235425,32.459983]},"properties":{"id":"43-2c99fc251b","name":"志柿村","reading":null,"pref":"熊本県","prefCode":"43","municipality":"天草市","hazardTypes":["slope_failure"],"evidenceLevel":0,"originLevel":0,"hasRecord":false,"recordRelation":null,"status":"historical","disputed":false,"precision":"village","areaKey":"432150280","elements":["kake"],"summary":"要素辞書に一致（kake）。出典による裏づけは未確認。","zones":[],"dataset":"old_maps"}},{"type":"Feature","geometry":{"type":"Point","coordinates":[130.147763,32.50417]},"properties":{"id":"43-d750530222","name":"城河原村","reading":null,"pref":"熊本県","prefCode":"43","municipality":"天草市","hazardTypes":["flood"],"evidenceLevel":0,"originLevel":0,"hasRecord":false,"recordRelation":null,"status":"historical","disputed":false,"precision":"village","areaKey":null,"elements":["kawara"],"summary":"要素辞書に一致（kawara）。出典による裏づけは未確認。","zones":[],"dataset":"old_maps"}},{"type":"Feature","geometry":{"type":"Point","coordinates":[130.873702,32.244302]},"properties":{"id":"43-b30163cd5f","name":"深田村","reading":null,"pref":"熊本県","prefCode":"43","municipality":"球磨郡あさぎり町","hazardTypes":["soft_ground","inundation"],"evidenceLevel":0,"originLevel":0,"hasRecord":false,"recordRelation":null,"status":"historical","disputed":false,"precision":"village","areaKey":null,"elements":["fuke"],"summary":"要素辞書に一致（fuke）。出典による裏づけは未確認。","zones":[],"dataset":"old_maps"}},{"type":"Feature","geometry":{"type":"Point","coordinates":[131.137195,32.709463]},"properties":{"id":"43-4543245cd0","name":"菅尾村","reading":null,"pref":"熊本県","prefCode":"43","municipality":"上益城郡山都町","hazardTypes":["landslide","soft_ground"],"evidenceLevel":0,"originLevel":0,"hasRecord":false,"recordRelation":null,"status":"historical","disputed":false,"precision":"village","areaKey":null,"elements":["wetland_plants"],"summary":"要素辞書に一致（wetland_plants）。出典による裏づけは未確認。","zones":[],"dataset":"old_maps"}},{"type":"Feature","geometry":{"type":"Point","coordinates":[130.456926,32.23203]},"properties":{"id":"43-a942ba66cf","name":"津奈木村","reading":null,"pref":"熊本県","prefCode":"43","municipality":"葦北郡津奈木町","hazardTypes":["slope_failure"],"evidenceLevel":0,"originLevel":0,"hasRecord":false,"recordRelation":null,"status":"historical","disputed":false,"precision":"village","areaKey":null,"elements":["nagi"],"summary":"要素辞書に一致（nagi）。出典による裏づけは未確認。","zones":[],"dataset":"old_maps"}},{"type":"Feature","geometry":{"type":"Point","coordinates":[130.743448,33.075004]},"properties":{"id":"43-ba1adff75d","name":"内田村","reading":null,"pref":"熊本県","prefCode":"43","municipality":"山鹿市","hazardTypes":["debris_flow","flood"],"evidenceLevel":0,"originLevel":0,"hasRecord":false,"recordRelation":null,"status":"historical","disputed":false,"precision":"village","areaKey":"432080470","elements":["uchide"],"summary":"要素辞書に一致（uchide）。出典による裏づけは未確認。","zones":[],"dataset":"old_maps"}},{"type":"Feature","geometry":{"type":"Point","coordinates":[130.637918,32.74669]},"properties":{"id":"43-21f56a6302","name":"内田村","reading":null,"pref":"熊本県","prefCode":"43","municipality":"熊本市南区","hazardTypes":["debris_flow","flood"],"evidenceLevel":0,"originLevel":0,"hasRecord":false,"recordRelation":null,"status":"historical","disputed":false,"precision":"village","areaKey":"431040200","elements":["uchide"],"summary":"要素辞書に一致（uchide）。出典による裏づけは未確認。","zones":[],"dataset":"old_maps"}},{"type":"Feature","geometry":{"type":"Point","coordinates":[130.601326,32.934096]},"properties":{"id":"43-3a3cc510fc","name":"梅林村","reading":null,"pref":"熊本県","prefCode":"43","municipality":"玉名市","hazardTypes":["landslide","slope_failure"],"evidenceLevel":0,"originLevel":0,"hasRecord":false,"recordRelation":null,"status":"historical","disputed":false,"precision":"village","areaKey":"432060360","elements":["ume"],"summary":"要素辞書に一致（ume）。出典による裏づけは未確認。","zones":[],"dataset":"old_maps"}},{"type":"Feature","geometry":{"type":"Point","coordinates":[130.810636,32.721597]},"properties":{"id":"43-6b380f7e9c","name":"木ノ倉村","reading":null,"pref":"熊本県","prefCode":"43","municipality":"上益城郡御船町","hazardTypes":["slope_failure","rockfall"],"evidenceLevel":0,"originLevel":0,"hasRecord":false,"recordRelation":null,"status":"historical","disputed":false,"precision":"village","areaKey":null,"elements":["kura"],"summary":"要素辞書に一致（kura）。出典による裏づけは未確認。","zones":[],"dataset":"old_maps"}},{"type":"Feature","geometry":{"type":"Point","coordinates":[130.660258,32.587833]},"properties":{"id":"43-bc1ffc5dcf","name":"和鹿島村","reading":null,"pref":"熊本県","prefCode":"43","municipality":"八代郡氷川町","hazardTypes":["landslide","soft_ground"],"evidenceLevel":0,"originLevel":0,"hasRecord":false,"recordRelation":null,"status":"historical","disputed":false,"precision":"village","areaKey":null,"elements":["shishi"],"summary":"要素辞書に一致（shishi）。出典による裏づけは未確認。","zones":[],"dataset":"old_maps"}},{"type":"Feature","geometry":{"type":"Point","coordinates":[130.8698,32.850758]},"properties":{"id":"43-34eece1eab","name":"阿原目","reading":null,"pref":"熊本県","prefCode":"43","municipality":"菊池郡大津町","hazardTypes":["inundation","flood"],"evidenceLevel":0,"originLevel":0,"hasRecord":false,"recordRelation":null,"status":"historical","disputed":false,"precision":"koaza","areaKey":null,"elements":["awara"],"summary":"要素辞書に一致（awara）。出典による裏づけは未確認。","zones":[],"dataset":"old_maps"}},{"type":"Feature","geometry":{"type":"Point","coordinates":[130.677987,32.91174]},"properties":{"id":"43-3a5c8336e5","name":"鞍掛","reading":null,"pref":"熊本県","prefCode":"43","municipality":"熊本市北区","hazardTypes":["slope_failure","rockfall"],"evidenceLevel":0,"originLevel":0,"hasRecord":false,"recordRelation":null,"status":"historical","disputed":false,"precision":"koaza","areaKey":"431050560","elements":["kura"],"summary":"要素辞書に一致（kura）。出典による裏づけは未確認。","zones":[],"dataset":"old_maps"}},{"type":"Feature","geometry":{"type":"Point","coordinates":[130.860427,33.012025]},"properties":{"id":"43-0094d6fda9","name":"伊倉","reading":null,"pref":"熊本県","prefCode":"43","municipality":"菊池市","hazardTypes":["slope_failure","rockfall"],"evidenceLevel":0,"originLevel":0,"hasRecord":false,"recordRelation":null,"status":"historical","disputed":false,"precision":"koaza","areaKey":"43210019021","elements":["kura"],"summary":"要素辞書に一致（kura）。出典による裏づけは未確認。","zones":[],"dataset":"old_maps"}},{"type":"Feature","geometry":{"type":"Point","coordinates":[130.695006,32.821409]},"properties":{"id":"43-2bdde6924c","name":"井芹","reading":null,"pref":"熊本県","prefCode":"43","municipality":"熊本市西区","hazardTypes":["landslide","soft_ground"],"evidenceLevel":0,"originLevel":0,"hasRecord":false,"recordRelation":null,"status":"historical","disputed":false,"precision":"koaza","areaKey":"43103028105","elements":["wetland_plants"],"summary":"要素辞書に一致（wetland_plants）。出典による裏づけは未確認。","zones":[],"dataset":"old_maps"}},{"type":"Feature","geometry":{"type":"Point","coordinates":[130.546484,32.37696]},"properties":{"id":"43-af11d396cd","name":"越猪","reading":null,"pref":"熊本県","prefCode":"43","municipality":"八代市","hazardTypes":["landslide","soft_ground"],"evidenceLevel":0,"originLevel":0,"hasRecord":false,"recordRelation":null,"status":"historical","disputed":false,"precision":"koaza","areaKey":"432021390","elements":["shishi"],"summary":"要素辞書に一致（shishi）。出典による裏づけは未確認。","zones":[],"dataset":"old_maps"}},{"type":"Feature","geometry":{"type":"Point","coordinates":[131.161589,32.810068]},"properties":{"id":"43-b8d789690e","name":"猿丸","reading":null,"pref":"熊本県","prefCode":"43","municipality":"上益城郡山都町","hazardTypes":["slope_failure"],"evidenceLevel":0,"originLevel":0,"hasRecord":false,"recordRelation":null,"status":"historical","disputed":false,"precision":"koaza","areaKey":null,"elements":["saru"],"summary":"要素辞書に一致（saru）。出典による裏づけは未確認。","zones":[],"dataset":"old_maps"}},{"type":"Feature","geometry":{"type":"Point","coordinates":[130.64427,33.102833]},"properties":{"id":"43-e23cb48929","name":"猿懸","reading":null,"pref":"熊本県","prefCode":"43","municipality":"玉名郡和水町","hazardTypes":["slope_failure"],"evidenceLevel":0,"originLevel":0,"hasRecord":false,"recordRelation":null,"status":"historical","disputed":false,"precision":"koaza","areaKey":null,"elements":["saru"],"summary":"要素辞書に一致（saru）。出典による裏づけは未確認。","zones":[],"dataset":"old_maps"}},{"type":"Feature","geometry":{"type":"Point","coordinates":[130.867953,32.911695]},"properties":{"id":"43-6e93d9ff57","name":"猿渡","reading":null,"pref":"熊本県","prefCode":"43","municipality":"菊池市","hazardTypes":["slope_failure"],"evidenceLevel":0,"originLevel":0,"hasRecord":false,"recordRelation":null,"status":"historical","disputed":false,"precision":"koaza","areaKey":null,"elements":["saru"],"summary":"要素辞書に一致（saru）。出典による裏づけは未確認。","zones":[],"dataset":"old_maps"}},{"type":"Feature","geometry":{"type":"Point","coordinates":[130.894427,32.795871]},"properties":{"id":"43-7d89884927","name":"猿帰","reading":null,"pref":"熊本県","prefCode":"43","municipality":"阿蘇郡西原村","hazardTypes":["slope_failure"],"evidenceLevel":0,"originLevel":0,"hasRecord":false,"recordRelation":null,"status":"historical","disputed":false,"precision":"koaza","areaKey":null,"elements":["saru"],"summary":"要素辞書に一致（saru）。出典による裏づけは未確認。","zones":[],"dataset":"old_maps"}},{"type":"Feature","geometry":{"type":"Point","coordinates":[131.146294,33.036695]},"properties":{"id":"43-49fb1b0c8b","name":"荻ノ草","reading":null,"pref":"熊本県","prefCode":"43","municipality":"阿蘇市","hazardTypes":["slope_failure"],"evidenceLevel":0,"originLevel":0,"hasRecord":false,"recordRelation":null,"status":"historical","disputed":false,"precision":"koaza","areaKey":null,"elements":["suki_hagu"],"summary":"要素辞書に一致（suki_hagu）。出典による裏づけは未確認。","zones":[],"dataset":"old_maps"}},{"type":"Feature","geometry":{"type":"Point","coordinates":[130.749695,32.922844]},"properties":{"id":"43-11da46ef2c","name":"荻ノ迫","reading":null,"pref":"熊本県","prefCode":"43","municipality":"菊池市","hazardTypes":["slope_failure"],"evidenceLevel":0,"originLevel":0,"hasRecord":false,"recordRelation":null,"status":"historical","disputed":false,"precision":"koaza","areaKey":null,"elements":["suki_hagu"],"summary":"要素辞書に一致（suki_hagu）。出典による裏づけは未確認。","zones":[],"dataset":"old_maps"}},{"type":"Feature","geometry":{"type":"Point","coordinates":[130.679138,32.881477]},"properties":{"id":"43-ab47d527b8","name":"荻迫","reading":null,"pref":"熊本県","prefCode":"43","municipality":"熊本市北区","hazardTypes":["slope_failure"],"evidenceLevel":0,"originLevel":0,"hasRecord":false,"recordRelation":null,"status":"historical","disputed":false,"precision":"koaza","areaKey":"431050690","elements":["suki_hagu"],"summary":"要素辞書に一致（suki_hagu）。出典による裏づけは未確認。","zones":[],"dataset":"old_maps"}},{"type":"Feature","geometry":{"type":"Point","coordinates":[130.756549,33.026325]},"properties":{"id":"43-2f6857e44d","name":"下内田","reading":null,"pref":"熊本県","prefCode":"43","municipality":"山鹿市","hazardTypes":["debris_flow","flood"],"evidenceLevel":0,"originLevel":0,"hasRecord":false,"recordRelation":null,"status":"historical","disputed":false,"precision":"koaza","areaKey":"432080480","elements":["uchide"],"summary":"要素辞書に一致（uchide）。出典による裏づけは未確認。","zones":[],"dataset":"old_maps"}},{"type":"Feature","geometry":{"type":"Point","coordinates":[130.639261,32.742975]},"properties":{"id":"43-fbfca31f5c","name":"下内田","reading":null,"pref":"熊本県","prefCode":"43","municipality":"熊本市南区","hazardTypes":["debris_flow","flood"],"evidenceLevel":0,"originLevel":0,"hasRecord":false,"recordRelation":null,"status":"historical","disputed":false,"precision":"koaza","areaKey":"431040200","elements":["uchide"],"summary":"要素辞書に一致（uchide）。出典による裏づけは未確認。","zones":[],"dataset":"old_maps"}},{"type":"Feature","geometry":{"type":"Point","coordinates":[130.839726,32.705104]},"properties":{"id":"43-908d553dcc","name":"下梅木","reading":null,"pref":"熊本県","prefCode":"43","municipality":"上益城郡御船町","hazardTypes":["landslide","slope_failure"],"evidenceLevel":0,"originLevel":0,"hasRecord":false,"recordRelation":null,"status":"historical","disputed":false,"precision":"koaza","areaKey":null,"elements":["ume"],"summary":"要素辞書に一致（ume）。出典による裏づけは未確認。","zones":[],"dataset":"old_maps"}},{"type":"Feature","geometry":{"type":"Point","coordinates":[130.93289,32.632481]},"properties":{"id":"43-c0b13a6682","name":"夏水","reading":null,"pref":"熊本県","prefCode":"43","municipality":"下益城郡美里町","hazardTypes":["debris_flow","slope_failure"],"evidenceLevel":0,"originLevel":0,"hasRecord":false,"recordRelation":null,"status":"historical","disputed":false,"precision":"koaza","areaKey":null,"elements":["nazu_natsu"],"summary":"要素辞書に一致（nazu_natsu）。出典による裏づけは未確認。","zones":[],"dataset":"old_maps"}},{"type":"Feature","geometry":{"type":"Point","coordinates":[130.353704,32.430162]},"properties":{"id":"43-3e59f42ffa","name":"家久栄","reading":null,"pref":"熊本県","prefCode":"43","municipality":"天草市","hazardTypes":["slope_failure","landslide"],"evidenceLevel":0,"originLevel":0,"hasRecord":false,"recordRelation":null,"status":"historical","disputed":false,"precision":"koaza","areaKey":null,"elements":["kuzure"],"summary":"要素辞書に一致（kuzure）。出典による裏づけは未確認。","zones":[],"dataset":"old_maps"}},{"type":"Feature","geometry":{"type":"Point","coordinates":[131.240808,32.884243]},"properties":{"id":"43-c4ba0fb80e","name":"河原","reading":null,"pref":"熊本県","prefCode":"43","municipality":"阿蘇郡高森町","hazardTypes":["flood"],"evidenceLevel":0,"originLevel":0,"hasRecord":false,"recordRelation":null,"status":"historical","disputed":false,"precision":"koaza","areaKey":null,"elements":["kawara"],"summary":"要素辞書に一致（kawara）。出典による裏づけは未確認。","zones":[],"dataset":"old_maps"}},{"type":"Feature","geometry":{"type":"Point","coordinates":[130.762553,32.725015]},"properties":{"id":"43-55431a7ae8","name":"河原","reading":null,"pref":"熊本県","prefCode":"43","municipality":"上益城郡御船町","hazardTypes":["flood"],"evidenceLevel":0,"originLevel":0,"hasRecord":false,"recordRelation":null,"status":"historical","disputed":false,"precision":"koaza","areaKey":null,"elements":["kawara"],"summary":"要素辞書に一致（kawara）。出典による裏づけは未確認。","zones":[],"dataset":"old_maps"}},{"type":"Feature","geometry":{"type":"Point","coordinates":[131.043595,33.120624]},"properties":{"id":"43-6440dc3707","name":"柿ノ木","reading":null,"pref":"熊本県","prefCode":"43","municipality":"阿蘇郡小国町","hazardTypes":["slope_failure"],"evidenceLevel":0,"originLevel":0,"hasRecord":false,"recordRelation":null,"status":"historical","disputed":false,"precision":"koaza","areaKey":null,"elements":["kake"],"summary":"要素辞書に一致（kake）。出典による裏づけは未確認。","zones":[],"dataset":"old_maps"}},{"type":"Feature","geometry":{"type":"Point","coordinates":[131.123669,32.943938]},"properties":{"id":"43-8940acd0a4","name":"柿ノ木","reading":null,"pref":"熊本県","prefCode":"43","municipality":"阿蘇市","hazardTypes":["slope_failure"],"evidenceLevel":0,"originLevel":0,"hasRecord":false,"recordRelation":null,"status":"historical","disputed":false,"precision":"koaza","areaKey":"432140010","elements":["kake"],"summary":"要素辞書に一致（kake）。出典による裏づけは未確認。","zones":[],"dataset":"old_maps"}},{"type":"Feature","geometry":{"type":"Point","coordinates":[130.845236,32.968833]},"properties":{"id":"43-e812421860","name":"柿ノ木平","reading":null,"pref":"熊本県","prefCode":"43","municipality":"菊池市","hazardTypes":["slope_failure"],"evidenceLevel":0,"originLevel":0,"hasRecord":false,"recordRelation":null,"status":"historical","disputed":false,"precision":"koaza","areaKey":"43210006009","elements":["kake"],"summary":"要素辞書に一致（kake）。出典による裏づけは未確認。","zones":[],"dataset":"old_maps"}},{"type":"Feature","geometry":{"type":"Point","coordinates":[130.548742,33.007495]},"properties":{"id":"43-ec94bbbddc","name":"柿原","reading":null,"pref":"熊本県","prefCode":"43","municipality":"玉名郡南関町","hazardTypes":["slope_failure"],"evidenceLevel":0,"originLevel":0,"hasRecord":false,"recordRelation":null,"status":"historical","disputed":false,"precision":"koaza","areaKey":null,"elements":["kake"],"summary":"要素辞書に一致（kake）。出典による裏づけは未確認。","zones":[],"dataset":"old_maps"}},{"type":"Feature","geometry":{"type":"Point","coordinates":[130.704573,33.121449]},"properties":{"id":"43-bbf98f20b4","name":"柿原","reading":null,"pref":"熊本県","prefCode":"43","municipality":"山鹿市","hazardTypes":["slope_failure"],"evidenceLevel":0,"originLevel":0,"hasRecord":false,"recordRelation":null,"status":"historical","disputed":false,"precision":"koaza","areaKey":"432080390","elements":["kake"],"summary":"要素辞書に一致（kake）。出典による裏づけは未確認。","zones":[],"dataset":"old_maps"}},{"type":"Feature","geometry":{"type":"Point","coordinates":[131.004919,32.733051]},"properties":{"id":"43-6806375774","name":"柿原","reading":null,"pref":"熊本県","prefCode":"43","municipality":"上益城郡山都町","hazardTypes":["slope_failure"],"evidenceLevel":0,"originLevel":0,"hasRecord":false,"recordRelation":null,"status":"historical","disputed":false,"precision":"koaza","areaKey":null,"elements":["kake"],"summary":"要素辞書に一致（kake）。出典による裏づけは未確認。","zones":[],"dataset":"old_maps"}},{"type":"Feature","geometry":{"type":"Point","coordinates":[130.687463,32.829447]},"properties":{"id":"43-1a7f0b6707","name":"柿原","reading":null,"pref":"熊本県","prefCode":"43","municipality":"熊本市西区","hazardTypes":["slope_failure"],"evidenceLevel":0,"originLevel":0,"hasRecord":false,"recordRelation":null,"status":"historical","disputed":false,"precision":"koaza","areaKey":"43103028107","elements":["kake"],"summary":"要素辞書に一致（kake）。出典による裏づけは未確認。","zones":[],"dataset":"old_maps"}},{"type":"Feature","geometry":{"type":"Point","coordinates":[130.638482,32.393432]},"properties":{"id":"43-73b7afe450","name":"柿生","reading":null,"pref":"熊本県","prefCode":"43","municipality":"八代市","hazardTypes":["slope_failure"],"evidenceLevel":0,"originLevel":0,"hasRecord":false,"recordRelation":null,"status":"historical","disputed":false,"precision":"koaza","areaKey":"432021640","elements":["kake"],"summary":"要素辞書に一致（kake）。出典による裏づけは未確認。","zones":[],"dataset":"old_maps"}},{"type":"Feature","geometry":{"type":"Point","coordinates":[131.238123,32.95126]},"properties":{"id":"43-30ee4080b4","name":"柿川","reading":null,"pref":"熊本県","prefCode":"43","municipality":"阿蘇市","hazardTypes":["slope_failure"],"evidenceLevel":0,"originLevel":0,"hasRecord":false,"recordRelation":null,"status":"historical","disputed":false,"precision":"koaza","areaKey":"432140370","elements":["kake"],"summary":"要素辞書に一致（kake）。出典による裏づけは未確認。","zones":[],"dataset":"old_maps"}},{"type":"Feature","geometry":{"type":"Point","coordinates":[131.094214,33.127861]},"properties":{"id":"43-603baea381","name":"柿迫","reading":null,"pref":"熊本県","prefCode":"43","municipality":"阿蘇郡小国町","hazardTypes":["slope_failure"],"evidenceLevel":0,"originLevel":0,"hasRecord":false,"recordRelation":null,"status":"historical","disputed":false,"precision":"koaza","areaKey":null,"elements":["kake"],"summary":"要素辞書に一致（kake）。出典による裏づけは未確認。","zones":[],"dataset":"old_maps"}},{"type":"Feature","geometry":{"type":"Point","coordinates":[131.221863,32.772554]},"properties":{"id":"43-ae469783e1","name":"柿迫","reading":null,"pref":"熊本県","prefCode":"43","municipality":"阿蘇郡高森町","hazardTypes":["slope_failure"],"evidenceLevel":0,"originLevel":0,"hasRecord":false,"recordRelation":null,"status":"historical","disputed":false,"precision":"koaza","areaKey":null,"elements":["kake"],"summary":"要素辞書に一致（kake）。出典による裏づけは未確認。","zones":[],"dataset":"old_maps"}},{"type":"Feature","geometry":{"type":"Point","coordinates":[130.855087,32.788056]},"properties":{"id":"43-511d771400","name":"柿迫","reading":null,"pref":"熊本県","prefCode":"43","municipality":"上益城郡益城町","hazardTypes":["slope_failure"],"evidenceLevel":0,"originLevel":0,"hasRecord":false,"recordRelation":null,"status":"historical","disputed":false,"precision":"koaza","areaKey":null,"elements":["kake"],"summary":"要素辞書に一致（kake）。出典による裏づけは未確認。","zones":[],"dataset":"old_maps"}},{"type":"Feature","geometry":{"type":"Point","coordinates":[131.012129,32.835593]},"properties":{"id":"43-f35c81d9fd","name":"柿野","reading":null,"pref":"熊本県","prefCode":"43","municipality":"阿蘇郡南阿蘇村","hazardTypes":["slope_failure"],"evidenceLevel":0,"originLevel":0,"hasRecord":false,"recordRelation":null,"status":"historical","disputed":false,"precision":"koaza","areaKey":null,"elements":["kake"],"summary":"要素辞書に一致（kake）。出典による裏づけは未確認。","zones":[],"dataset":"old_maps"}},{"type":"Feature","geometry":{"type":"Point","coordinates":[130.256028,32.416776]},"properties":{"id":"43-70159cadde","name":"柿塚","reading":null,"pref":"熊本県","prefCode":"43","municipality":"天草市","hazardTypes":["slope_failure"],"evidenceLevel":0,"originLevel":0,"hasRecord":false,"recordRelation":null,"status":"historical","disputed":false,"precision":"koaza","areaKey":null,"elements":["kake"],"summary":"要素辞書に一致（kake）。出典による裏づけは未確認。","zones":[],"dataset":"old_maps"}},{"type":"Feature","geometry":{"type":"Point","coordinates":[131.043515,32.729234]},"properties":{"id":"43-399b5c1bd1","name":"柿鶴","reading":null,"pref":"熊本県","prefCode":"43","municipality":"上益城郡山都町","hazardTypes":["slope_failure"],"evidenceLevel":0,"originLevel":0,"hasRecord":false,"recordRelation":null,"status":"historical","disputed":false,"precision":"koaza","areaKey":null,"elements":["kake"],"summary":"要素辞書に一致（kake）。出典による裏づけは未確認。","zones":[],"dataset":"old_maps"}},{"type":"Feature","geometry":{"type":"Point","coordinates":[131.008816,32.838467]},"properties":{"id":"43-e6f4ce1175","name":"岸野","reading":null,"pref":"熊本県","prefCode":"43","municipality":"阿蘇郡南阿蘇村","hazardTypes":["slope_failure"],"evidenceLevel":0,"originLevel":0,"hasRecord":false,"recordRelation":null,"status":"historical","disputed":false,"precision":"koaza","areaKey":null,"elements":["kake"],"summary":"要素辞書に一致（kake）。出典による裏づけは未確認。","zones":[],"dataset":"old_maps"}},{"type":"Feature","geometry":{"type":"Point","coordinates":[131.030914,32.932643]},"properties":{"id":"43-5e4f3a0c90","name":"岩倉","reading":null,"pref":"熊本県","prefCode":"43","municipality":"阿蘇市","hazardTypes":["slope_failure","rockfall"],"evidenceLevel":0,"originLevel":0,"hasRecord":false,"recordRelation":null,"status":"historical","disputed":false,"precision":"koaza","areaKey":null,"elements":["kura"],"summary":"要素辞書に一致（kura）。出典による裏づけは未確認。","zones":[],"dataset":"old_maps"}},{"type":"Feature","geometry":{"type":"Point","coordinates":[130.650373,32.983789]},"properties":{"id":"43-e6ef62f699","name":"岩倉","reading":null,"pref":"熊本県","prefCode":"43","municipality":"玉名郡和水町","hazardTypes":["slope_failure","rockfall"],"evidenceLevel":0,"originLevel":0,"hasRecord":false,"recordRelation":null,"status":"historical","disputed":false,"precision":"koaza","areaKey":null,"elements":["kura"],"summary":"要素辞書に一致（kura）。出典による裏づけは未確認。","zones":[],"dataset":"old_maps"}},{"type":"Feature","geometry":{"type":"Point","coordinates":[130.773247,32.220532]},"properties":{"id":"43-7bf39d5259","name":"願成寺馬場","reading":null,"pref":"熊本県","prefCode":"43","municipality":"人吉市","hazardTypes":["slope_failure","landslide"],"evidenceLevel":0,"originLevel":0,"hasRecord":false,"recordRelation":null,"status":"historical","disputed":false,"precision":"koaza","areaKey":"432031180","elements":["baba","nari"],"summary":"要素辞書に一致（baba・nari）。出典による裏づけは未確認。","zones":[],"dataset":"old_maps"}},{"type":"Feature","geometry":{"type":"Point","coordinates":[130.893586,32.241709]},"properties":{"id":"43-b8f89fe532","name":"久鹿","reading":null,"pref":"熊本県","prefCode":"43","municipality":"球磨郡あさぎり町","hazardTypes":["landslide","soft_ground"],"evidenceLevel":0,"originLevel":0,"hasRecord":false,"recordRelation":null,"status":"historical","disputed":false,"precision":"koaza","areaKey":null,"elements":["shishi"],"summary":"要素辞書に一致（shishi）。出典による裏づけは未確認。","zones":[],"dataset":"old_maps"}},{"type":"Feature","geometry":{"type":"Point","coordinates":[130.799163,33.022774]},"properties":{"id":"43-dfbaf2989f","name":"居去","reading":null,"pref":"熊本県","prefCode":"43","municipality":"山鹿市","hazardTypes":["slope_failure"],"evidenceLevel":0,"originLevel":0,"hasRecord":false,"recordRelation":null,"status":"historical","disputed":false,"precision":"koaza","areaKey":"432080560","elements":["saru"],"summary":"要素辞書に一致（saru）。出典による裏づけは未確認。","zones":[],"dataset":"old_maps"}},{"type":"Feature","geometry":{"type":"Point","coordinates":[131.212931,32.772198]},"properties":{"id":"43-71b446a246","name":"芹口","reading":null,"pref":"熊本県","prefCode":"43","municipality":"阿蘇郡高森町","hazardTypes":["landslide","soft_ground"],"evidenceLevel":0,"originLevel":0,"hasRecord":false,"recordRelation":null,"status":"historical","disputed":false,"precision":"koaza","areaKey":null,"elements":["wetland_plants"],"summary":"要素辞書に一致（wetland_plants）。出典による裏づけは未確認。","zones":[],"dataset":"old_maps"}},{"type":"Feature","geometry":{"type":"Point","coordinates":[130.508619,32.201142]},"properties":{"id":"43-1b955b69d6","name":"熊ヶ倉","reading":null,"pref":"熊本県","prefCode":"43","municipality":"葦北郡芦北町","hazardTypes":["slope_failure","rockfall"],"evidenceLevel":0,"originLevel":0,"hasRecord":false,"recordRelation":null,"status":"historical","disputed":false,"precision":"koaza","areaKey":null,"elements":["kura"],"summary":"要素辞書に一致（kura）。出典による裏づけは未確認。","zones":[],"dataset":"old_maps"}},{"type":"Feature","geometry":{"type":"Point","coordinates":[130.461562,32.167219]},"properties":{"id":"43-161534c520","name":"犬ヶ倉","reading":null,"pref":"熊本県","prefCode":"43","municipality":"水俣市","hazardTypes":["slope_failure","rockfall"],"evidenceLevel":0,"originLevel":0,"hasRecord":false,"recordRelation":null,"status":"historical","disputed":false,"precision":"koaza","areaKey":"432050540","elements":["kura"],"summary":"要素辞書に一致（kura）。出典による裏づけは未確認。","zones":[],"dataset":"old_maps"}},{"type":"Feature","geometry":{"type":"Point","coordinates":[130.599802,33.098041]},"properties":{"id":"43-d7452fbb68","name":"犬ヶ蔵","reading":null,"pref":"熊本県","prefCode":"43","municipality":"玉名郡和水町","hazardTypes":["slope_failure","rockfall"],"evidenceLevel":0,"originLevel":0,"hasRecord":false,"recordRelation":null,"status":"historical","disputed":false,"precision":"koaza","areaKey":null,"elements":["kura"],"summary":"要素辞書に一致（kura）。出典による裏づけは未確認。","zones":[],"dataset":"old_maps"}},{"type":"Feature","geometry":{"type":"Point","coordinates":[130.640877,32.880036]},"properties":{"id":"43-2ce42cbe95","name":"原倉","reading":null,"pref":"熊本県","prefCode":"43","municipality":"熊本市北区","hazardTypes":["slope_failure","rockfall"],"evidenceLevel":0,"originLevel":0,"hasRecord":false,"recordRelation":null,"status":"historical","disputed":false,"precision":"koaza","areaKey":"431050640","elements":["kura"],"summary":"要素辞書に一致（kura）。出典による裏づけは未確認。","zones":[],"dataset":"old_maps"}},{"type":"Feature","geometry":{"type":"Point","coordinates":[130.886248,33.015575]},"properties":{"id":"43-4fb4a8baa6","name":"古川","reading":null,"pref":"熊本県","prefCode":"43","municipality":"菊池市","hazardTypes":["flood","inundation"],"evidenceLevel":0,"originLevel":0,"hasRecord":false,"recordRelation":null,"status":"historical","disputed":false,"precision":"koaza","areaKey":"43210019021","elements":["furukawa"],"summary":"要素辞書に一致（furukawa）。出典による裏づけは未確認。","zones":[],"dataset":"old_maps"}},{"type":"Feature","geometry":{"type":"Point","coordinates":[131.01595,32.364423]},"properties":{"id":"43-cefb455108","name":"古川","reading":null,"pref":"熊本県","prefCode":"43","municipality":"球磨郡水上村","hazardTypes":["flood","inundation"],"evidenceLevel":0,"originLevel":0,"hasRecord":false,"recordRelation":null,"status":"historical","disputed":false,"precision":"koaza","areaKey":null,"elements":["furukawa"],"summary":"要素辞書に一致（furukawa）。出典による裏づけは未確認。","zones":[],"dataset":"old_maps"}},{"type":"Feature","geometry":{"type":"Point","coordinates":[131.082784,33.089433]},"properties":{"id":"43-6da1911cd3","name":"荒倉","reading":null,"pref":"熊本県","prefCode":"43","municipality":"阿蘇郡南小国町","hazardTypes":["slope_failure","rockfall"],"evidenceLevel":0,"originLevel":0,"hasRecord":false,"recordRelation":null,"status":"historical","disputed":false,"precision":"koaza","areaKey":null,"elements":["kura"],"summary":"要素辞書に一致（kura）。出典による裏づけは未確認。","zones":[],"dataset":"old_maps"}},{"type":"Feature","geometry":{"type":"Point","coordinates":[131.202989,32.963476]},"properties":{"id":"43-3744bf65f3","name":"笹倉","reading":null,"pref":"熊本県","prefCode":"43","municipality":"阿蘇市","hazardTypes":["slope_failure","rockfall"],"evidenceLevel":0,"originLevel":0,"hasRecord":false,"recordRelation":null,"status":"historical","disputed":false,"precision":"koaza","areaKey":"432140360","elements":["kura"],"summary":"要素辞書に一致（kura）。出典による裏づけは未確認。","zones":[],"dataset":"old_maps"}},{"type":"Feature","geometry":{"type":"Point","coordinates":[130.708597,33.11874]},"properties":{"id":"43-d8fa765c61","name":"三角去","reading":null,"pref":"熊本県","prefCode":"43","municipality":"山鹿市","hazardTypes":["slope_failure"],"evidenceLevel":0,"originLevel":0,"hasRecord":false,"recordRelation":null,"status":"historical","disputed":false,"precision":"koaza","areaKey":"432080430","elements":["saru"],"summary":"要素辞書に一致（saru）。出典による裏づけは未確認。","zones":[],"dataset":"old_maps"}},{"type":"Feature","geometry":{"type":"Point","coordinates":[130.631209,32.676721]},"properties":{"id":"43-46cfa31ebc","name":"三蔵","reading":null,"pref":"熊本県","prefCode":"43","municipality":"宇土市","hazardTypes":["slope_failure","rockfall"],"evidenceLevel":0,"originLevel":0,"hasRecord":false,"recordRelation":null,"status":"historical","disputed":false,"precision":"koaza","areaKey":"432110430","elements":["kura"],"summary":"要素辞書に一致（kura）。出典による裏づけは未確認。","zones":[],"dataset":"old_maps"}},{"type":"Feature","geometry":{"type":"Point","coordinates":[131.216784,32.999458]},"properties":{"id":"43-94f92bd472","name":"山鹿","reading":null,"pref":"熊本県","prefCode":"43","municipality":"阿蘇郡産山村","hazardTypes":["landslide","soft_ground"],"evidenceLevel":0,"originLevel":0,"hasRecord":false,"recordRelation":null,"status":"historical","disputed":false,"precision":"koaza","areaKey":null,"elements":["shishi"],"summary":"要素辞書に一致（shishi）。出典による裏づけは未確認。","zones":[],"dataset":"old_maps"}},{"type":"Feature","geometry":{"type":"Point","coordinates":[130.629072,32.324909]},"properties":{"id":"43-f0241d825a","name":"四蔵","reading":null,"pref":"熊本県","prefCode":"43","municipality":"球磨郡球磨村","hazardTypes":["slope_failure","rockfall"],"evidenceLevel":0,"originLevel":0,"hasRecord":false,"recordRelation":null,"status":"historical","disputed":false,"precision":"koaza","areaKey":null,"elements":["kura"],"summary":"要素辞書に一致（kura）。出典による裏づけは未確認。","zones":[],"dataset":"old_maps"}},{"type":"Feature","geometry":{"type":"Point","coordinates":[130.23629,32.461516]},"properties":{"id":"43-16da4ee6a5","name":"志柿","reading":null,"pref":"熊本県","prefCode":"43","municipality":"天草市","hazardTypes":["slope_failure"],"evidenceLevel":0,"originLevel":0,"hasRecord":true,"recordRelation":"same_place_record","status":"historical","disputed":false,"precision":"koaza","areaKey":"432150280","elements":["kake"],"summary":"要素辞書に一致（kake）。出典による裏づけは未確認。","zones":[],"dataset":"old_maps"}},{"type":"Feature","geometry":{"type":"Point","coordinates":[130.774649,32.904641]},"properties":{"id":"43-486f3e21c5","name":"鹿ノ水","reading":null,"pref":"熊本県","prefCode":"43","municipality":"合志市","hazardTypes":["landslide","soft_ground"],"evidenceLevel":0,"originLevel":0,"hasRecord":false,"recordRelation":null,"status":"historical","disputed":false,"precision":"koaza","areaKey":null,"elements":["shishi"],"summary":"要素辞書に一致（shishi）。出典による裏づけは未確認。","zones":[],"dataset":"old_maps"}},{"type":"Feature","geometry":{"type":"Point","coordinates":[130.704843,32.872531]},"properties":{"id":"43-5581551d4e","name":"鹿子木","reading":null,"pref":"熊本県","prefCode":"43","municipality":"熊本市北区","hazardTypes":["landslide","soft_ground"],"evidenceLevel":0,"originLevel":0,"hasRecord":false,"recordRelation":null,"status":"historical","disputed":false,"precision":"koaza","areaKey":"431050200","elements":["shishi"],"summary":"要素辞書に一致（shishi）。出典による裏づけは未確認。","zones":[],"dataset":"old_maps"}},{"type":"Feature","geometry":{"type":"Point","coordinates":[130.691515,32.192396]},"properties":{"id":"43-960b534b2d","name":"鹿目","reading":null,"pref":"熊本県","prefCode":"43","municipality":"人吉市","hazardTypes":["landslide","soft_ground"],"evidenceLevel":0,"originLevel":0,"hasRecord":false,"recordRelation":null,"status":"historical","disputed":false,"precision":"koaza","areaKey":"432036690","elements":["shishi"],"summary":"要素辞書に一致（shishi）。出典による裏づけは未確認。","zones":[],"dataset":"old_maps"}},{"type":"Feature","geometry":{"type":"Point","coordinates":[130.849762,32.669022]},"properties":{"id":"43-b2e577ef04","name":"鹿里","reading":null,"pref":"熊本県","prefCode":"43","municipality":"上益城郡甲佐町","hazardTypes":["landslide","soft_ground"],"evidenceLevel":0,"originLevel":0,"hasRecord":false,"recordRelation":null,"status":"historical","disputed":false,"precision":"koaza","areaKey":null,"elements":["shishi"],"summary":"要素辞書に一致（shishi）。出典による裏づけは未確認。","zones":[],"dataset":"old_maps"}},{"type":"Feature","geometry":{"type":"Point","coordinates":[130.760657,32.514131]},"properties":{"id":"43-e086610a0c","name":"鹿路","reading":null,"pref":"熊本県","prefCode":"43","municipality":"八代市","hazardTypes":["landslide","soft_ground"],"evidenceLevel":0,"originLevel":0,"hasRecord":false,"recordRelation":null,"status":"historical","disputed":false,"precision":"koaza","areaKey":"43202191008","elements":["shishi"],"summary":"要素辞書に一致（shishi）。出典による裏づけは未確認。","zones":[],"dataset":"old_maps"}},{"type":"Feature","geometry":{"type":"Point","coordinates":[130.79723,32.8504]},"properties":{"id":"43-13f7ad07d1","name":"鹿帰瀬","reading":null,"pref":"熊本県","prefCode":"43","municipality":"熊本市東区","hazardTypes":["landslide","soft_ground"],"evidenceLevel":0,"originLevel":0,"hasRecord":false,"recordRelation":null,"status":"historical","disputed":false,"precision":"koaza","areaKey":"431020160","elements":["shishi"],"summary":"要素辞書に一致（shishi）。出典による裏づけは未確認。","zones":[],"dataset":"old_maps"}},{"type":"Feature","geometry":{"type":"Point","coordinates":[130.851483,33.009857]},"properties":{"id":"43-f68c21d383","name":"篠倉","reading":null,"pref":"熊本県","prefCode":"43","municipality":"菊池市","hazardTypes":["slope_failure","rockfall"],"evidenceLevel":0,"originLevel":0,"hasRecord":false,"recordRelation":null,"status":"historical","disputed":false,"precision":"koaza","areaKey":null,"elements":["kura"],"summary":"要素辞書に一致（kura）。出典による裏づけは未確認。","zones":[],"dataset":"old_maps"}},{"type":"Feature","geometry":{"type":"Point","coordinates":[131.218426,32.794305]},"properties":{"id":"43-b06c2a07a8","name":"社倉","reading":null,"pref":"熊本県","prefCode":"43","municipality":"阿蘇郡高森町","hazardTypes":["slope_failure","rockfall"],"evidenceLevel":0,"originLevel":0,"hasRecord":false,"recordRelation":null,"status":"historical","disputed":false,"precision":"koaza","areaKey":null,"elements":["kura"],"summary":"要素辞書に一致（kura）。出典による裏づけは未確認。","zones":[],"dataset":"old_maps"}},{"type":"Feature","geometry":{"type":"Point","coordinates":[130.752486,32.96168]},"properties":{"id":"43-c908fa4fed","name":"蛇塚","reading":null,"pref":"熊本県","prefCode":"43","municipality":"菊池市","hazardTypes":["slope_failure","debris_flow"],"evidenceLevel":0,"originLevel":0,"hasRecord":false,"recordRelation":null,"status":"historical","disputed":false,"precision":"koaza","areaKey":null,"elements":["ja"],"summary":"要素辞書に一致（ja）。出典による裏づけは未確認。","zones":[],"dataset":"old_maps"}},{"type":"Feature","geometry":{"type":"Point","coordinates":[130.420506,32.607096]},"properties":{"id":"43-9594dc842b","name":"女鹿ノ串","reading":null,"pref":"熊本県","prefCode":"43","municipality":"上天草市","hazardTypes":["landslide","soft_ground"],"evidenceLevel":0,"originLevel":0,"hasRecord":false,"recordRelation":null,"status":"historical","disputed":false,"precision":"koaza","areaKey":null,"elements":["shishi"],"summary":"要素辞書に一致（shishi）。出典による裏づけは未確認。","zones":[],"dataset":"old_maps"}},{"type":"Feature","geometry":{"type":"Point","coordinates":[130.756289,32.590386]},"properties":{"id":"43-1d89e16265","name":"小ヶ倉","reading":null,"pref":"熊本県","prefCode":"43","municipality":"宇城市","hazardTypes":["slope_failure","rockfall"],"evidenceLevel":0,"originLevel":0,"hasRecord":false,"recordRelation":null,"status":"historical","disputed":false,"precision":"koaza","areaKey":null,"elements":["kura"],"summary":"要素辞書に一致（kura）。出典による裏づけは未確認。","zones":[],"dataset":"old_maps"}},{"type":"Feature","geometry":{"type":"Point","coordinates":[130.791444,32.576214]},"properties":{"id":"43-8ff41e9b88","name":"小ヶ倉","reading":null,"pref":"熊本県","prefCode":"43","municipality":"下益城郡美里町","hazardTypes":["slope_failure","rockfall"],"evidenceLevel":0,"originLevel":0,"hasRecord":false,"recordRelation":null,"status":"historical","disputed":false,"precision":"koaza","areaKey":null,"elements":["kura"],"summary":"要素辞書に一致（kura）。出典による裏づけは未確認。","zones":[],"dataset":"old_maps"}},{"type":"Feature","geometry":{"type":"Point","coordinates":[131.005394,32.660037]},"properties":{"id":"43-4734adfe7b","name":"小ヶ蔵","reading":null,"pref":"熊本県","prefCode":"43","municipality":"上益城郡山都町","hazardTypes":["slope_failure","rockfall"],"evidenceLevel":0,"originLevel":0,"hasRecord":false,"recordRelation":null,"status":"historical","disputed":false,"precision":"koaza","areaKey":null,"elements":["kura"],"summary":"要素辞書に一致（kura）。出典による裏づけは未確認。","zones":[],"dataset":"old_maps"}},{"type":"Feature","geometry":{"type":"Point","coordinates":[130.866102,32.622569]},"properties":{"id":"43-d9585a193c","name":"小夏","reading":null,"pref":"熊本県","prefCode":"43","municipality":"下益城郡美里町","hazardTypes":["debris_flow","slope_failure"],"evidenceLevel":0,"originLevel":0,"hasRecord":false,"recordRelation":null,"status":"historical","disputed":false,"precision":"koaza","areaKey":null,"elements":["nazu_natsu"],"summary":"要素辞書に一致（nazu_natsu）。出典による裏づけは未確認。","zones":[],"dataset":"old_maps"}},{"type":"Feature","geometry":{"type":"Point","coordinates":[130.835505,32.928475]},"properties":{"id":"43-8bebb5c440","name":"小河原","reading":null,"pref":"熊本県","prefCode":"43","municipality":"菊池市","hazardTypes":["flood"],"evidenceLevel":0,"originLevel":0,"hasRecord":false,"recordRelation":null,"status":"historical","disputed":false,"precision":"koaza","areaKey":null,"elements":["kawara"],"summary":"要素辞書に一致（kawara）。出典による裏づけは未確認。","zones":[],"dataset":"old_maps"}},{"type":"Feature","geometry":{"type":"Point","coordinates":[130.848841,32.654423]},"properties":{"id":"43-c8cd8f12a6","name":"小鹿","reading":null,"pref":"熊本県","prefCode":"43","municipality":"上益城郡甲佐町","hazardTypes":["landslide","soft_ground"],"evidenceLevel":0,"originLevel":0,"hasRecord":false,"recordRelation":null,"status":"historical","disputed":false,"precision":"koaza","areaKey":null,"elements":["shishi"],"summary":"要素辞書に一致（shishi）。出典による裏づけは未確認。","zones":[],"dataset":"old_maps"}},{"type":"Feature","geometry":{"type":"Point","coordinates":[131.185718,32.77508]},"properties":{"id":"43-9d0fa526e5","name":"小倉","reading":null,"pref":"熊本県","prefCode":"43","municipality":"上益城郡山都町","hazardTypes":["slope_failure","rockfall"],"evidenceLevel":0,"originLevel":0,"hasRecord":false,"recordRelation":null,"status":"historical","disputed":false,"precision":"koaza","areaKey":null,"elements":["kura"],"summary":"要素辞書に一致（kura）。出典による裏づけは未確認。","zones":[],"dataset":"old_maps"}},{"type":"Feature","geometry":{"type":"Point","coordinates":[131.140953,32.847912]},"properties":{"id":"43-edb4ed1703","name":"小倉原","reading":null,"pref":"熊本県","prefCode":"43","municipality":"阿蘇郡高森町","hazardTypes":["slope_failure","rockfall"],"evidenceLevel":0,"originLevel":0,"hasRecord":false,"recordRelation":null,"status":"historical","disputed":false,"precision":"koaza","areaKey":null,"elements":["kura"],"summary":"要素辞書に一致（kura）。出典による裏づけは未確認。","zones":[],"dataset":"old_maps"}},{"type":"Feature","geometry":{"type":"Point","coordinates":[130.440897,32.223414]},"properties":{"id":"43-e5233b4bb0","name":"小津奈木","reading":null,"pref":"熊本県","prefCode":"43","municipality":"葦北郡津奈木町","hazardTypes":["slope_failure"],"evidenceLevel":0,"originLevel":0,"hasRecord":false,"recordRelation":null,"status":"historical","disputed":false,"precision":"koaza","areaKey":null,"elements":["nagi"],"summary":"要素辞書に一致（nagi）。出典による裏づけは未確認。","zones":[],"dataset":"old_maps"}},{"type":"Feature","geometry":{"type":"Point","coordinates":[130.502529,32.911877]},"properties":{"id":"43-363ad7405e","name":"松倉","reading":null,"pref":"熊本県","prefCode":"43","municipality":"玉名市","hazardTypes":["slope_failure","rockfall"],"evidenceLevel":0,"originLevel":0,"hasRecord":false,"recordRelation":null,"status":"historical","disputed":false,"precision":"koaza","areaKey":"432060540","elements":["kura"],"summary":"要素辞書に一致（kura）。出典による裏づけは未確認。","zones":[],"dataset":"old_maps"}},{"type":"Feature","geometry":{"type":"Point","coordinates":[130.819656,32.25911]},"properties":{"id":"43-5bc8f56dea","name":"松馬場","reading":null,"pref":"熊本県","prefCode":"43","municipality":"球磨郡相良村","hazardTypes":["slope_failure"],"evidenceLevel":0,"originLevel":0,"hasRecord":false,"recordRelation":null,"status":"historical","disputed":false,"precision":"koaza","areaKey":null,"elements":["baba"],"summary":"要素辞書に一致（baba）。出典による裏づけは未確認。","zones":[],"dataset":"old_maps"}},{"type":"Feature","geometry":{"type":"Point","coordinates":[130.734748,32.244894]},"properties":{"id":"43-b989e20a93","name":"菖蒲谷","reading":null,"pref":"熊本県","prefCode":"43","municipality":"人吉市","hazardTypes":["landslide","soft_ground"],"evidenceLevel":0,"originLevel":0,"hasRecord":false,"recordRelation":null,"status":"historical","disputed":false,"precision":"koaza","areaKey":null,"elements":["wetland_plants"],"summary":"要素辞書に一致（wetland_plants）。出典による裏づけは未確認。","zones":[],"dataset":"old_maps"}},{"type":"Feature","geometry":{"type":"Point","coordinates":[131.161233,33.033364]},"properties":{"id":"43-cf1137028f","name":"上荻ノ草","reading":null,"pref":"熊本県","prefCode":"43","municipality":"阿蘇市","hazardTypes":["slope_failure"],"evidenceLevel":0,"originLevel":0,"hasRecord":false,"recordRelation":null,"status":"historical","disputed":false,"precision":"koaza","areaKey":null,"elements":["suki_hagu"],"summary":"要素辞書に一致（suki_hagu）。出典による裏づけは未確認。","zones":[],"dataset":"old_maps"}},{"type":"Feature","geometry":{"type":"Point","coordinates":[131.216856,32.997885]},"properties":{"id":"43-682660d50f","name":"上山鹿","reading":null,"pref":"熊本県","prefCode":"43","municipality":"阿蘇郡産山村","hazardTypes":["landslide","soft_ground"],"evidenceLevel":0,"originLevel":0,"hasRecord":false,"recordRelation":null,"status":"historical","disputed":false,"precision":"koaza","areaKey":null,"elements":["shishi"],"summary":"要素辞書に一致（shishi）。出典による裏づけは未確認。","zones":[],"dataset":"old_maps"}},{"type":"Feature","geometry":{"type":"Point","coordinates":[130.87812,32.247946]},"properties":{"id":"43-94efdd7ff7","name":"上深田","reading":null,"pref":"熊本県","prefCode":"43","municipality":"球磨郡あさぎり町","hazardTypes":["soft_ground","inundation"],"evidenceLevel":0,"originLevel":0,"hasRecord":false,"recordRelation":null,"status":"historical","disputed":false,"precision":"koaza","areaKey":null,"elements":["fuke"],"summary":"要素辞書に一致（fuke）。出典による裏づけは未確認。","zones":[],"dataset":"old_maps"}},{"type":"Feature","geometry":{"type":"Point","coordinates":[131.029134,32.653177]},"properties":{"id":"43-237383e0b1","name":"上菅","reading":null,"pref":"熊本県","prefCode":"43","municipality":"上益城郡山都町","hazardTypes":["landslide","soft_ground"],"evidenceLevel":0,"originLevel":0,"hasRecord":false,"recordRelation":null,"status":"historical","disputed":false,"precision":"koaza","areaKey":null,"elements":["wetland_plants"],"summary":"要素辞書に一致（wetland_plants）。出典による裏づけは未確認。","zones":[],"dataset":"old_maps"}},{"type":"Feature","geometry":{"type":"Point","coordinates":[131.105958,32.959606]},"properties":{"id":"43-69c8ab29c0","name":"上西河原","reading":null,"pref":"熊本県","prefCode":"43","municipality":"阿蘇市","hazardTypes":["flood"],"evidenceLevel":0,"originLevel":0,"hasRecord":false,"recordRelation":null,"status":"historical","disputed":false,"precision":"koaza","areaKey":null,"elements":["kawara"],"summary":"要素辞書に一致（kawara）。出典による裏づけは未確認。","zones":[],"dataset":"old_maps"}},{"type":"Feature","geometry":{"type":"Point","coordinates":[130.728829,32.810883]},"properties":{"id":"43-cbe06d63d2","name":"上川原","reading":null,"pref":"熊本県","prefCode":"43","municipality":"熊本市中央区","hazardTypes":["flood"],"evidenceLevel":0,"originLevel":0,"hasRecord":false,"recordRelation":null,"status":"historical","disputed":false,"precision":"koaza","areaKey":"43101067005","elements":["kawara"],"summary":"要素辞書に一致（kawara）。出典による裏づけは未確認。","zones":[],"dataset":"old_maps"}},{"type":"Feature","geometry":{"type":"Point","coordinates":[130.774271,33.061978]},"properties":{"id":"43-baa76c59ad","name":"上内田","reading":null,"pref":"熊本県","prefCode":"43","municipality":"山鹿市","hazardTypes":["debris_flow","flood"],"evidenceLevel":0,"originLevel":0,"hasRecord":false,"recordRelation":null,"status":"historical","disputed":false,"precision":"koaza","areaKey":"432080460","elements":["uchide"],"summary":"要素辞書に一致（uchide）。出典による裏づけは未確認。","zones":[],"dataset":"old_maps"}},{"type":"Feature","geometry":{"type":"Point","coordinates":[130.65367,32.744282]},"properties":{"id":"43-ac01503ecd","name":"上内田","reading":null,"pref":"熊本県","prefCode":"43","municipality":"熊本市南区","hazardTypes":["debris_flow","flood"],"evidenceLevel":0,"originLevel":0,"hasRecord":false,"recordRelation":null,"status":"historical","disputed":false,"precision":"koaza","areaKey":"431040270","elements":["uchide"],"summary":"要素辞書に一致（uchide）。出典による裏づけは未確認。","zones":[],"dataset":"old_maps"}},{"type":"Feature","geometry":{"type":"Point","coordinates":[130.853231,32.700984]},"properties":{"id":"43-7f2a88a170","name":"上梅木","reading":null,"pref":"熊本県","prefCode":"43","municipality":"上益城郡御船町","hazardTypes":["landslide","slope_failure"],"evidenceLevel":0,"originLevel":0,"hasRecord":false,"recordRelation":null,"status":"historical","disputed":false,"precision":"koaza","areaKey":null,"elements":["ume"],"summary":"要素辞書に一致（ume）。出典による裏づけは未確認。","zones":[],"dataset":"old_maps"}},{"type":"Feature","geometry":{"type":"Point","coordinates":[130.770498,32.215321]},"properties":{"id":"43-b306f1b707","name":"新馬場","reading":null,"pref":"熊本県","prefCode":"43","municipality":"人吉市","hazardTypes":["slope_failure"],"evidenceLevel":0,"originLevel":0,"hasRecord":false,"recordRelation":null,"status":"historical","disputed":false,"precision":"koaza","areaKey":"432031180","elements":["baba"],"summary":"要素辞書に一致（baba）。出典による裏づけは未確認。","zones":[],"dataset":"old_maps"}},{"type":"Feature","geometry":{"type":"Point","coordinates":[130.720868,33.058822]},"properties":{"id":"43-b4baec98bd","name":"深倉","reading":null,"pref":"熊本県","prefCode":"43","municipality":"山鹿市","hazardTypes":["slope_failure","rockfall"],"evidenceLevel":0,"originLevel":0,"hasRecord":false,"recordRelation":null,"status":"historical","disputed":false,"precision":"koaza","areaKey":"432080330","elements":["kura"],"summary":"要素辞書に一致（kura）。出典による裏づけは未確認。","zones":[],"dataset":"old_maps"}},{"type":"Feature","geometry":{"type":"Point","coordinates":[131.036043,32.86449]},"properties":{"id":"43-b3c0d0b714","name":"垂玉","reading":null,"pref":"熊本県","prefCode":"43","municipality":"阿蘇郡南阿蘇村","hazardTypes":["slope_failure"],"evidenceLevel":0,"originLevel":0,"hasRecord":false,"recordRelation":null,"status":"historical","disputed":false,"precision":"koaza","areaKey":null,"elements":["kake"],"summary":"要素辞書に一致（kake）。出典による裏づけは未確認。","zones":[],"dataset":"old_maps"}},{"type":"Feature","geometry":{"type":"Point","coordinates":[131.006662,32.87216]},"properties":{"id":"43-90657890c7","name":"水溜","reading":null,"pref":"熊本県","prefCode":"43","municipality":"阿蘇郡南阿蘇村","hazardTypes":["inundation"],"evidenceLevel":0,"originLevel":0,"hasRecord":false,"recordRelation":null,"status":"historical","disputed":false,"precision":"koaza","areaKey":null,"elements":["mizuiri"],"summary":"要素辞書に一致（mizuiri）。出典による裏づけは未確認。","zones":[],"dataset":"old_maps"}},{"type":"Feature","geometry":{"type":"Point","coordinates":[130.1102,32.28727]},"properties":{"id":"43-9f5719b7d3","name":"菅","reading":null,"pref":"熊本県","prefCode":"43","municipality":"天草市","hazardTypes":["landslide","soft_ground"],"evidenceLevel":0,"originLevel":0,"hasRecord":false,"recordRelation":null,"status":"historical","disputed":false,"precision":"koaza","areaKey":null,"elements":["wetland_plants"],"summary":"要素辞書に一致（wetland_plants）。出典による裏づけは未確認。","zones":[],"dataset":"old_maps"}},{"type":"Feature","geometry":{"type":"Point","coordinates":[130.800578,32.588165]},"properties":{"id":"43-d7784d8032","name":"菅ノ谷","reading":null,"pref":"熊本県","prefCode":"43","municipality":"下益城郡美里町","hazardTypes":["landslide","soft_ground"],"evidenceLevel":0,"originLevel":0,"hasRecord":false,"recordRelation":null,"status":"historical","disputed":false,"precision":"koaza","areaKey":null,"elements":["wetland_plants"],"summary":"要素辞書に一致（wetland_plants）。出典による裏づけは未確認。","zones":[],"dataset":"old_maps"}},{"type":"Feature","geometry":{"type":"Point","coordinates":[130.620693,32.881421]},"properties":{"id":"43-fe88d96058","name":"菅ノ谷","reading":null,"pref":"熊本県","prefCode":"43","municipality":"玉名郡玉東町","hazardTypes":["landslide","soft_ground"],"evidenceLevel":0,"originLevel":0,"hasRecord":false,"recordRelation":null,"status":"historical","disputed":false,"precision":"koaza","areaKey":null,"elements":["wetland_plants"],"summary":"要素辞書に一致（wetland_plants）。出典による裏づけは未確認。","zones":[],"dataset":"old_maps"}},{"type":"Feature","geometry":{"type":"Point","coordinates":[131.103846,33.151488]},"properties":{"id":"43-69a38dcfca","name":"菅ノ迫","reading":null,"pref":"熊本県","prefCode":"43","municipality":"阿蘇郡小国町","hazardTypes":["landslide","soft_ground"],"evidenceLevel":0,"originLevel":0,"hasRecord":false,"recordRelation":null,"status":"historical","disputed":false,"precision":"koaza","areaKey":null,"elements":["wetland_plants"],"summary":"要素辞書に一致（wetland_plants）。出典による裏づけは未確認。","zones":[],"dataset":"old_maps"}},{"type":"Feature","geometry":{"type":"Point","coordinates":[131.22155,32.762726]},"properties":{"id":"43-5292d3e267","name":"菅山","reading":null,"pref":"熊本県","prefCode":"43","municipality":"阿蘇郡高森町","hazardTypes":["landslide","soft_ground"],"evidenceLevel":0,"originLevel":0,"hasRecord":false,"recordRelation":null,"status":"historical","disputed":false,"precision":"koaza","areaKey":null,"elements":["wetland_plants"],"summary":"要素辞書に一致（wetland_plants）。出典による裏づけは未確認。","zones":[],"dataset":"old_maps"}},{"type":"Feature","geometry":{"type":"Point","coordinates":[131.105254,32.964512]},"properties":{"id":"43-29a1234349","name":"西河原","reading":null,"pref":"熊本県","prefCode":"43","municipality":"阿蘇市","hazardTypes":["flood"],"evidenceLevel":0,"originLevel":0,"hasRecord":false,"recordRelation":null,"status":"historical","disputed":false,"precision":"koaza","areaKey":null,"elements":["kawara"],"summary":"要素辞書に一致（kawara）。出典による裏づけは未確認。","zones":[],"dataset":"old_maps"}},{"type":"Feature","geometry":{"type":"Point","coordinates":[130.811122,32.723828]},"properties":{"id":"43-995d0719f8","name":"西木ノ倉","reading":null,"pref":"熊本県","prefCode":"43","municipality":"上益城郡御船町","hazardTypes":["slope_failure","rockfall"],"evidenceLevel":0,"originLevel":0,"hasRecord":false,"recordRelation":null,"status":"historical","disputed":false,"precision":"koaza","areaKey":null,"elements":["kura"],"summary":"要素辞書に一致（kura）。出典による裏づけは未確認。","zones":[],"dataset":"old_maps"}},{"type":"Feature","geometry":{"type":"Point","coordinates":[130.908721,32.572579]},"properties":{"id":"43-3a9db8aa70","name":"赤石","reading":null,"pref":"熊本県","prefCode":"43","municipality":"下益城郡美里町","hazardTypes":["landslide"],"evidenceLevel":0,"originLevel":0,"hasRecord":false,"recordRelation":null,"status":"historical","disputed":false,"precision":"koaza","areaKey":null,"elements":["geology_names"],"summary":"要素辞書に一致（geology_names）。出典による裏づけは未確認。","zones":[],"dataset":"old_maps"}},{"type":"Feature","geometry":{"type":"Point","coordinates":[130.488265,32.951876]},"properties":{"id":"43-a5cc027aba","name":"赤田","reading":null,"pref":"熊本県","prefCode":"43","municipality":"荒尾市","hazardTypes":["landslide"],"evidenceLevel":0,"originLevel":0,"hasRecord":false,"recordRelation":null,"status":"historical","disputed":false,"precision":"koaza","areaKey":"432040230","elements":["geology_names"],"summary":"要素辞書に一致（geology_names）。出典による裏づけは未確認。","zones":[],"dataset":"old_maps"}},{"type":"Feature","geometry":{"type":"Point","coordinates":[131.070331,33.100796]},"properties":{"id":"43-f60c59b328","name":"赤馬場","reading":null,"pref":"熊本県","prefCode":"43","municipality":"阿蘇郡小国町","hazardTypes":["slope_failure"],"evidenceLevel":0,"originLevel":0,"hasRecord":false,"recordRelation":null,"status":"historical","disputed":false,"precision":"koaza","areaKey":null,"elements":["baba"],"summary":"要素辞書に一致（baba）。出典による裏づけは未確認。","zones":[],"dataset":"old_maps"}},{"type":"Feature","geometry":{"type":"Point","coordinates":[130.761243,33.046608]},"properties":{"id":"43-636f036479","name":"川原","reading":null,"pref":"熊本県","prefCode":"43","municipality":"山鹿市","hazardTypes":["flood"],"evidenceLevel":0,"originLevel":0,"hasRecord":false,"recordRelation":null,"status":"historical","disputed":false,"precision":"koaza","areaKey":"432080520","elements":["kawara"],"summary":"要素辞書に一致（kawara）。出典による裏づけは未確認。","zones":[],"dataset":"old_maps"}},{"type":"Feature","geometry":{"type":"Point","coordinates":[130.182967,32.458397]},"properties":{"id":"43-f4f12878d6","name":"川原","reading":null,"pref":"熊本県","prefCode":"43","municipality":"天草市","hazardTypes":["flood"],"evidenceLevel":0,"originLevel":0,"hasRecord":false,"recordRelation":null,"status":"historical","disputed":false,"precision":"koaza","areaKey":"432150130","elements":["kawara"],"summary":"要素辞書に一致（kawara）。出典による裏づけは未確認。","zones":[],"dataset":"old_maps"}},{"type":"Feature","geometry":{"type":"Point","coordinates":[130.669773,32.508435]},"properties":{"id":"43-a2c93935cd","name":"川原","reading":null,"pref":"熊本県","prefCode":"43","municipality":"八代市","hazardTypes":["flood"],"evidenceLevel":0,"originLevel":0,"hasRecord":false,"recordRelation":null,"status":"historical","disputed":false,"precision":"koaza","areaKey":"432021160","elements":["kawara"],"summary":"要素辞書に一致（kawara）。出典による裏づけは未確認。","zones":[],"dataset":"old_maps"}},{"type":"Feature","geometry":{"type":"Point","coordinates":[130.699973,33.092444]},"properties":{"id":"43-e23313fced","name":"川原谷","reading":null,"pref":"熊本県","prefCode":"43","municipality":"山鹿市","hazardTypes":["flood"],"evidenceLevel":0,"originLevel":0,"hasRecord":false,"recordRelation":null,"status":"historical","disputed":false,"precision":"koaza","areaKey":"432080430","elements":["kawara"],"summary":"要素辞書に一致（kawara）。出典による裏づけは未確認。","zones":[],"dataset":"old_maps"}},{"type":"Feature","geometry":{"type":"Point","coordinates":[130.700733,32.401738]},"properties":{"id":"43-24ae70b34a","name":"川原谷","reading":null,"pref":"熊本県","prefCode":"43","municipality":"八代市","hazardTypes":["flood"],"evidenceLevel":0,"originLevel":0,"hasRecord":false,"recordRelation":null,"status":"historical","disputed":false,"precision":"koaza","areaKey":"432021570","elements":["kawara"],"summary":"要素辞書に一致（kawara）。出典による裏づけは未確認。","zones":[],"dataset":"old_maps"}},{"type":"Feature","geometry":{"type":"Point","coordinates":[130.861134,32.781736]},"properties":{"id":"43-40866ff0b5","name":"川内田","reading":null,"pref":"熊本県","prefCode":"43","municipality":"上益城郡益城町","hazardTypes":["debris_flow","flood"],"evidenceLevel":0,"originLevel":0,"hasRecord":false,"recordRelation":null,"status":"historical","disputed":false,"precision":"koaza","areaKey":null,"elements":["uchide"],"summary":"要素辞書に一致（uchide）。出典による裏づけは未確認。","zones":[],"dataset":"old_maps"}},{"type":"Feature","geometry":{"type":"Point","coordinates":[130.84422,32.714951]},"properties":{"id":"43-75e86bdf61","name":"川内田","reading":null,"pref":"熊本県","prefCode":"43","municipality":"上益城郡御船町","hazardTypes":["debris_flow","flood"],"evidenceLevel":0,"originLevel":0,"hasRecord":false,"recordRelation":null,"status":"historical","disputed":false,"precision":"koaza","areaKey":null,"elements":["uchide"],"summary":"要素辞書に一致（uchide）。出典による裏づけは未確認。","zones":[],"dataset":"old_maps"}},{"type":"Feature","geometry":{"type":"Point","coordinates":[130.401018,32.462597]},"properties":{"id":"43-b3471c1f10","name":"船倉","reading":null,"pref":"熊本県","prefCode":"43","municipality":"上天草市","hazardTypes":["slope_failure","rockfall"],"evidenceLevel":0,"originLevel":0,"hasRecord":false,"recordRelation":null,"status":"historical","disputed":false,"precision":"koaza","areaKey":null,"elements":["kura"],"summary":"要素辞書に一致（kura）。出典による裏づけは未確認。","zones":[],"dataset":"old_maps"}},{"type":"Feature","geometry":{"type":"Point","coordinates":[130.572383,32.480544]},"properties":{"id":"43-a346d4a347","name":"鼠蔵","reading":null,"pref":"熊本県","prefCode":"43","municipality":"八代市","hazardTypes":["slope_failure","rockfall"],"evidenceLevel":0,"originLevel":0,"hasRecord":false,"recordRelation":null,"status":"historical","disputed":false,"precision":"koaza","areaKey":"432020930","elements":["kura"],"summary":"要素辞書に一致（kura）。出典による裏づけは未確認。","zones":[],"dataset":"old_maps"}},{"type":"Feature","geometry":{"type":"Point","coordinates":[130.394077,32.472677]},"properties":{"id":"43-282b83a182","name":"倉江","reading":null,"pref":"熊本県","prefCode":"43","municipality":"上天草市","hazardTypes":["slope_failure","rockfall"],"evidenceLevel":0,"originLevel":0,"hasRecord":false,"recordRelation":null,"status":"historical","disputed":false,"precision":"koaza","areaKey":null,"elements":["kura"],"summary":"要素辞書に一致（kura）。出典による裏づけは未確認。","zones":[],"dataset":"old_maps"}},{"type":"Feature","geometry":{"type":"Point","coordinates":[130.508255,32.257348]},"properties":{"id":"43-276a64abfe","name":"倉谷","reading":null,"pref":"熊本県","prefCode":"43","municipality":"葦北郡芦北町","hazardTypes":["slope_failure","rockfall"],"evidenceLevel":0,"originLevel":0,"hasRecord":false,"recordRelation":null,"status":"historical","disputed":false,"precision":"koaza","areaKey":null,"elements":["kura"],"summary":"要素辞書に一致（kura）。出典による裏づけは未確認。","zones":[],"dataset":"old_maps"}},{"type":"Feature","geometry":{"type":"Point","coordinates":[130.593543,32.970898]},"properties":{"id":"43-a16a5b2c8f","name":"倉谷","reading":null,"pref":"熊本県","prefCode":"43","municipality":"玉名市","hazardTypes":["slope_failure","rockfall"],"evidenceLevel":0,"originLevel":0,"hasRecord":false,"recordRelation":null,"status":"historical","disputed":false,"precision":"koaza","areaKey":"432060480","elements":["kura"],"summary":"要素辞書に一致（kura）。出典による裏づけは未確認。","zones":[],"dataset":"old_maps"}},{"type":"Feature","geometry":{"type":"Point","coordinates":[130.818534,32.727835]},"properties":{"id":"43-a1578febab","name":"足水","reading":null,"pref":"熊本県","prefCode":"43","municipality":"上益城郡御船町","hazardTypes":["flood","inundation"],"evidenceLevel":0,"originLevel":0,"hasRecord":false,"recordRelation":null,"status":"historical","disputed":false,"precision":"koaza","areaKey":null,"elements":["ashi"],"summary":"要素辞書に一致（ashi）。出典による裏づけは未確認。","zones":[],"dataset":"old_maps"}},{"type":"Feature","geometry":{"type":"Point","coordinates":[130.831401,32.99456]},"properties":{"id":"43-fe2058acb2","name":"大柿","reading":null,"pref":"熊本県","prefCode":"43","municipality":"菊池市","hazardTypes":["slope_failure"],"evidenceLevel":0,"originLevel":0,"hasRecord":false,"recordRelation":null,"status":"historical","disputed":false,"precision":"koaza","areaKey":null,"elements":["kake"],"summary":"要素辞書に一致（kake）。出典による裏づけは未確認。","zones":[],"dataset":"old_maps"}},{"type":"Feature","geometry":{"type":"Point","coordinates":[130.710818,32.227116]},"properties":{"id":"43-ca21f9da60","name":"大柿","reading":null,"pref":"熊本県","prefCode":"43","municipality":"人吉市","hazardTypes":["slope_failure"],"evidenceLevel":0,"originLevel":0,"hasRecord":false,"recordRelation":null,"status":"historical","disputed":false,"precision":"koaza","areaKey":null,"elements":["kake"],"summary":"要素辞書に一致（kake）。出典による裏づけは未確認。","zones":[],"dataset":"old_maps"}},{"type":"Feature","geometry":{"type":"Point","coordinates":[131.145802,32.714688]},"properties":{"id":"43-6e2e32e5a4","name":"大久保","reading":null,"pref":"熊本県","prefCode":"43","municipality":"上益城郡山都町","hazardTypes":["slope_failure","inundation","landslide"],"evidenceLevel":0,"originLevel":0,"hasRecord":false,"recordRelation":null,"status":"historical","disputed":false,"precision":"koaza","areaKey":null,"elements":["afu_oo","kubo"],"summary":"要素辞書に一致（afu_oo・kubo）。出典による裏づけは未確認。","zones":[],"dataset":"old_maps"}},{"type":"Feature","geometry":{"type":"Point","coordinates":[130.779987,32.85659]},"properties":{"id":"43-007d1ce02b","name":"大久保","reading":null,"pref":"熊本県","prefCode":"43","municipality":"熊本市北区","hazardTypes":["slope_failure","inundation","landslide"],"evidenceLevel":0,"originLevel":0,"hasRecord":false,"recordRelation":null,"status":"historical","disputed":false,"precision":"koaza","areaKey":"43105018009","elements":["afu_oo","kubo"],"summary":"要素辞書に一致（afu_oo・kubo）。出典による裏づけは未確認。","zones":[],"dataset":"old_maps"}},{"type":"Feature","geometry":{"type":"Point","coordinates":[130.818725,33.005955]},"properties":{"id":"43-b3cdf9d34d","name":"大久保","reading":null,"pref":"熊本県","prefCode":"43","municipality":"菊池市","hazardTypes":["slope_failure","inundation","landslide"],"evidenceLevel":0,"originLevel":0,"hasRecord":false,"recordRelation":null,"status":"historical","disputed":false,"precision":"koaza","areaKey":null,"elements":["afu_oo","kubo"],"summary":"要素辞書に一致（afu_oo・kubo）。出典による裏づけは未確認。","zones":[],"dataset":"old_maps"}},{"type":"Feature","geometry":{"type":"Point","coordinates":[130.966056,32.288048]},"properties":{"id":"43-a55f63cdb0","name":"大久保","reading":null,"pref":"熊本県","prefCode":"43","municipality":"球磨郡多良木町","hazardTypes":["slope_failure","inundation","landslide"],"evidenceLevel":0,"originLevel":0,"hasRecord":false,"recordRelation":null,"status":"historical","disputed":false,"precision":"koaza","areaKey":null,"elements":["afu_oo","kubo"],"summary":"要素辞書に一致（afu_oo・kubo）。出典による裏づけは未確認。","zones":[],"dataset":"old_maps"}},{"type":"Feature","geometry":{"type":"Point","coordinates":[130.545736,33.021129]},"properties":{"id":"43-8e957078af","name":"大久保","reading":null,"pref":"熊本県","prefCode":"43","municipality":"玉名郡南関町","hazardTypes":["slope_failure","inundation","landslide"],"evidenceLevel":0,"originLevel":0,"hasRecord":false,"recordRelation":null,"status":"historical","disputed":false,"precision":"koaza","areaKey":null,"elements":["afu_oo","kubo"],"summary":"要素辞書に一致（afu_oo・kubo）。出典による裏づけは未確認。","zones":[],"dataset":"old_maps"}},{"type":"Feature","geometry":{"type":"Point","coordinates":[130.253171,32.442874]},"properties":{"id":"43-f16022bb27","name":"大久保","reading":null,"pref":"熊本県","prefCode":"43","municipality":"天草市","hazardTypes":["slope_failure","inundation","landslide"],"evidenceLevel":0,"originLevel":0,"hasRecord":false,"recordRelation":null,"status":"historical","disputed":false,"precision":"koaza","areaKey":"432150280","elements":["afu_oo","kubo"],"summary":"要素辞書に一致（afu_oo・kubo）。出典による裏づけは未確認。","zones":[],"dataset":"old_maps"}},{"type":"Feature","geometry":{"type":"Point","coordinates":[130.606273,32.840581]},"properties":{"id":"43-c8553811cd","name":"大久保","reading":null,"pref":"熊本県","prefCode":"43","municipality":"熊本市西区","hazardTypes":["slope_failure","inundation","landslide"],"evidenceLevel":0,"originLevel":0,"hasRecord":false,"recordRelation":null,"status":"historical","disputed":false,"precision":"koaza","areaKey":"431030370","elements":["afu_oo","kubo"],"summary":"要素辞書に一致（afu_oo・kubo）。出典による裏づけは未確認。","zones":[],"dataset":"old_maps"}},{"type":"Feature","geometry":{"type":"Point","coordinates":[130.874412,32.872116]},"properties":{"id":"43-15b9872957","name":"鍛冶","reading":null,"pref":"熊本県","prefCode":"43","municipality":"菊池郡大津町","hazardTypes":["slope_failure"],"evidenceLevel":0,"originLevel":0,"hasRecord":false,"recordRelation":null,"status":"historical","disputed":false,"precision":"koaza","areaKey":null,"elements":["kaji_kamu"],"summary":"要素辞書に一致（kaji_kamu）。出典による裏づけは未確認。","zones":[],"dataset":"old_maps"}},{"type":"Feature","geometry":{"type":"Point","coordinates":[131.0382,32.860384]},"properties":{"id":"43-3019af73b1","name":"地獄","reading":null,"pref":"熊本県","prefCode":"43","municipality":"阿蘇郡南阿蘇村","hazardTypes":["landslide"],"evidenceLevel":0,"originLevel":0,"hasRecord":false,"recordRelation":null,"status":"historical","disputed":false,"precision":"koaza","areaKey":null,"elements":["jigokudani"],"summary":"要素辞書に一致（jigokudani）。出典による裏づけは未確認。","zones":[],"dataset":"old_maps"}},{"type":"Feature","geometry":{"type":"Point","coordinates":[130.50717,32.186352]},"properties":{"id":"43-6530e0e06a","name":"地獄谷","reading":null,"pref":"熊本県","prefCode":"43","municipality":"水俣市","hazardTypes":["landslide"],"evidenceLevel":0,"originLevel":0,"hasRecord":false,"recordRelation":null,"status":"historical","disputed":false,"precision":"koaza","areaKey":"432050510","elements":["jigokudani"],"summary":"要素辞書に一致（jigokudani）。出典による裏づけは未確認。","zones":[],"dataset":"old_maps"}},{"type":"Feature","geometry":{"type":"Point","coordinates":[130.265821,32.469437]},"properties":{"id":"43-af3bbf0e19","name":"地蔵面","reading":null,"pref":"熊本県","prefCode":"43","municipality":"天草市","hazardTypes":["slope_failure","rockfall"],"evidenceLevel":0,"originLevel":0,"hasRecord":false,"recordRelation":null,"status":"historical","disputed":false,"precision":"koaza","areaKey":null,"elements":["kura"],"summary":"要素辞書に一致（kura）。出典による裏づけは未確認。","zones":[],"dataset":"old_maps"}},{"type":"Feature","geometry":{"type":"Point","coordinates":[131.22823,32.993676]},"properties":{"id":"43-cfc1aacbed","name":"中山鹿","reading":null,"pref":"熊本県","prefCode":"43","municipality":"阿蘇郡産山村","hazardTypes":["landslide","soft_ground"],"evidenceLevel":0,"originLevel":0,"hasRecord":false,"recordRelation":null,"status":"historical","disputed":false,"precision":"koaza","areaKey":null,"elements":["shishi"],"summary":"要素辞書に一致（shishi）。出典による裏づけは未確認。","zones":[],"dataset":"old_maps"}},{"type":"Feature","geometry":{"type":"Point","coordinates":[130.881352,32.644292]},"properties":{"id":"43-afc83a6b02","name":"中川原","reading":null,"pref":"熊本県","prefCode":"43","municipality":"下益城郡美里町","hazardTypes":["flood"],"evidenceLevel":0,"originLevel":0,"hasRecord":false,"recordRelation":null,"status":"historical","disputed":false,"precision":"koaza","areaKey":null,"elements":["kawara"],"summary":"要素辞書に一致（kawara）。出典による裏づけは未確認。","zones":[],"dataset":"old_maps"}},{"type":"Feature","geometry":{"type":"Point","coordinates":[130.645285,32.746071]},"properties":{"id":"43-ddad2348ad","name":"中内田","reading":null,"pref":"熊本県","prefCode":"43","municipality":"熊本市南区","hazardTypes":["debris_flow","flood"],"evidenceLevel":0,"originLevel":0,"hasRecord":false,"recordRelation":null,"status":"historical","disputed":false,"precision":"koaza","areaKey":"431040180","elements":["uchide"],"summary":"要素辞書に一致（uchide）。出典による裏づけは未確認。","zones":[],"dataset":"old_maps"}},{"type":"Feature","geometry":{"type":"Point","coordinates":[130.472125,32.230823]},"properties":{"id":"43-5fe67a9552","name":"津奈木","reading":null,"pref":"熊本県","prefCode":"43","municipality":"葦北郡津奈木町","hazardTypes":["slope_failure"],"evidenceLevel":0,"originLevel":0,"hasRecord":false,"recordRelation":null,"status":"historical","disputed":false,"precision":"koaza","areaKey":null,"elements":["nagi"],"summary":"要素辞書に一致（nagi）。出典による裏づけは未確認。","zones":[],"dataset":"old_maps"}},{"type":"Feature","geometry":{"type":"Point","coordinates":[130.651096,32.828227]},"properties":{"id":"43-e190016202","name":"椎倉","reading":null,"pref":"熊本県","prefCode":"43","municipality":"熊本市西区","hazardTypes":["slope_failure","rockfall"],"evidenceLevel":0,"originLevel":0,"hasRecord":false,"recordRelation":null,"status":"historical","disputed":false,"precision":"koaza","areaKey":"431030420","elements":["kura"],"summary":"要素辞書に一致（kura）。出典による裏づけは未確認。","zones":[],"dataset":"old_maps"}},{"type":"Feature","geometry":{"type":"Point","coordinates":[130.561116,33.074492]},"properties":{"id":"43-c7d1cd766c","name":"笛鹿","reading":null,"pref":"熊本県","prefCode":"43","municipality":"玉名郡南関町","hazardTypes":["landslide","soft_ground"],"evidenceLevel":0,"originLevel":0,"hasRecord":false,"recordRelation":null,"status":"historical","disputed":false,"precision":"koaza","areaKey":null,"elements":["shishi"],"summary":"要素辞書に一致（shishi）。出典による裏づけは未確認。","zones":[],"dataset":"old_maps"}},{"type":"Feature","geometry":{"type":"Point","coordinates":[130.733706,32.811651]},"properties":{"id":"43-a769329684","name":"渡鹿","reading":null,"pref":"熊本県","prefCode":"43","municipality":"熊本市中央区","hazardTypes":["landslide","soft_ground"],"evidenceLevel":0,"originLevel":0,"hasRecord":false,"recordRelation":null,"status":"historical","disputed":false,"precision":"koaza","areaKey":"43101067006","elements":["shishi"],"summary":"要素辞書に一致（shishi）。出典による裏づけは未確認。","zones":[],"dataset":"old_maps"}},{"type":"Feature","geometry":{"type":"Point","coordinates":[130.676286,32.775391]},"properties":{"id":"43-38cfb1411a","name":"土河原","reading":null,"pref":"熊本県","prefCode":"43","municipality":"熊本市西区","hazardTypes":["flood"],"evidenceLevel":0,"originLevel":0,"hasRecord":false,"recordRelation":null,"status":"historical","disputed":false,"precision":"koaza","areaKey":"43103045002","elements":["kawara"],"summary":"要素辞書に一致（kawara）。出典による裏づけは未確認。","zones":[],"dataset":"old_maps"}},{"type":"Feature","geometry":{"type":"Point","coordinates":[130.667483,32.769652]},"properties":{"id":"43-4edfe52251","name":"土河原","reading":null,"pref":"熊本県","prefCode":"43","municipality":"熊本市南区","hazardTypes":["flood"],"evidenceLevel":0,"originLevel":0,"hasRecord":false,"recordRelation":null,"status":"historical","disputed":false,"precision":"koaza","areaKey":"431040120","elements":["kawara"],"summary":"要素辞書に一致（kawara）。出典による裏づけは未確認。","zones":[],"dataset":"old_maps"}},{"type":"Feature","geometry":{"type":"Point","coordinates":[130.769001,32.681524]},"properties":{"id":"43-3dc9bac320","name":"土鹿野","reading":null,"pref":"熊本県","prefCode":"43","municipality":"上益城郡甲佐町","hazardTypes":["landslide","soft_ground"],"evidenceLevel":0,"originLevel":0,"hasRecord":false,"recordRelation":null,"status":"historical","disputed":false,"precision":"koaza","areaKey":null,"elements":["shishi"],"summary":"要素辞書に一致（shishi）。出典による裏づけは未確認。","zones":[],"dataset":"old_maps"}},{"type":"Feature","geometry":{"type":"Point","coordinates":[130.813059,32.731015]},"properties":{"id":"43-8cfaac594c","name":"東木ノ倉","reading":null,"pref":"熊本県","prefCode":"43","municipality":"上益城郡御船町","hazardTypes":["slope_failure","rockfall"],"evidenceLevel":0,"originLevel":0,"hasRecord":false,"recordRelation":null,"status":"historical","disputed":false,"precision":"koaza","areaKey":null,"elements":["kura"],"summary":"要素辞書に一致（kura）。出典による裏づけは未確認。","zones":[],"dataset":"old_maps"}},{"type":"Feature","geometry":{"type":"Point","coordinates":[130.716212,32.633357]},"properties":{"id":"43-c2d98b6e35","name":"内田","reading":null,"pref":"熊本県","prefCode":"43","municipality":"宇城市","hazardTypes":["debris_flow","flood"],"evidenceLevel":0,"originLevel":0,"hasRecord":false,"recordRelation":null,"status":"historical","disputed":false,"precision":"koaza","areaKey":"432130280","elements":["uchide"],"summary":"要素辞書に一致（uchide）。出典による裏づけは未確認。","zones":[],"dataset":"old_maps"}},{"type":"Feature","geometry":{"type":"Point","coordinates":[130.825979,32.667577]},"properties":{"id":"43-868f079663","name":"内田","reading":null,"pref":"熊本県","prefCode":"43","municipality":"上益城郡甲佐町","hazardTypes":["debris_flow","flood"],"evidenceLevel":0,"originLevel":0,"hasRecord":false,"recordRelation":null,"status":"historical","disputed":false,"precision":"koaza","areaKey":null,"elements":["uchide"],"summary":"要素辞書に一致（uchide）。出典による裏づけは未確認。","zones":[],"dataset":"old_maps"}},{"type":"Feature","geometry":{"type":"Point","coordinates":[130.656547,32.564316]},"properties":{"id":"43-014b4bb543","name":"内田","reading":null,"pref":"熊本県","prefCode":"43","municipality":"八代市","hazardTypes":["debris_flow","flood"],"evidenceLevel":0,"originLevel":0,"hasRecord":false,"recordRelation":null,"status":"historical","disputed":false,"precision":"koaza","areaKey":"432021780","elements":["uchide"],"summary":"要素辞書に一致（uchide）。出典による裏づけは未確認。","zones":[],"dataset":"old_maps"}},{"type":"Feature","geometry":{"type":"Point","coordinates":[130.746717,32.977206]},"properties":{"id":"43-c272bb1e34","name":"内田川","reading":null,"pref":"熊本県","prefCode":"43","municipality":"菊池市","hazardTypes":["debris_flow","flood"],"evidenceLevel":0,"originLevel":0,"hasRecord":false,"recordRelation":null,"status":"historical","disputed":false,"precision":"koaza","areaKey":null,"elements":["uchide"],"summary":"要素辞書に一致（uchide）。出典による裏づけは未確認。","zones":[],"dataset":"old_maps"}},{"type":"Feature","geometry":{"type":"Point","coordinates":[130.856288,33.000199]},"properties":{"id":"43-e4af5ef3f4","name":"鍋倉","reading":null,"pref":"熊本県","prefCode":"43","municipality":"菊池市","hazardTypes":["slope_failure","rockfall"],"evidenceLevel":0,"originLevel":0,"hasRecord":false,"recordRelation":null,"status":"historical","disputed":false,"precision":"koaza","areaKey":null,"elements":["kura"],"summary":"要素辞書に一致（kura）。出典による裏づけは未確認。","zones":[],"dataset":"old_maps"}},{"type":"Feature","geometry":{"type":"Point","coordinates":[130.657157,32.588182]},"properties":{"id":"43-d220098965","name":"南鹿野","reading":null,"pref":"熊本県","prefCode":"43","municipality":"八代郡氷川町","hazardTypes":["landslide","soft_ground"],"evidenceLevel":0,"originLevel":0,"hasRecord":false,"recordRelation":null,"status":"historical","disputed":false,"precision":"koaza","areaKey":null,"elements":["shishi"],"summary":"要素辞書に一致（shishi）。出典による裏づけは未確認。","zones":[],"dataset":"old_maps"}},{"type":"Feature","geometry":{"type":"Point","coordinates":[130.815739,32.720415]},"properties":{"id":"43-1c73e641fa","name":"南木ノ倉","reading":null,"pref":"熊本県","prefCode":"43","municipality":"上益城郡御船町","hazardTypes":["slope_failure","rockfall"],"evidenceLevel":0,"originLevel":0,"hasRecord":false,"recordRelation":null,"status":"historical","disputed":false,"precision":"koaza","areaKey":null,"elements":["kura"],"summary":"要素辞書に一致（kura）。出典による裏づけは未確認。","zones":[],"dataset":"old_maps"}},{"type":"Feature","geometry":{"type":"Point","coordinates":[130.986447,32.267847]},"properties":{"id":"43-1f721fcb12","name":"二本柿","reading":null,"pref":"熊本県","prefCode":"43","municipality":"球磨郡多良木町","hazardTypes":["slope_failure"],"evidenceLevel":0,"originLevel":0,"hasRecord":false,"recordRelation":null,"status":"historical","disputed":false,"precision":"koaza","areaKey":null,"elements":["kake"],"summary":"要素辞書に一致（kake）。出典による裏づけは未確認。","zones":[],"dataset":"old_maps"}},{"type":"Feature","geometry":{"type":"Point","coordinates":[131.072333,33.082907]},"properties":{"id":"43-33edccfee9","name":"馬場","reading":null,"pref":"熊本県","prefCode":"43","municipality":"阿蘇郡南小国町","hazardTypes":["slope_failure"],"evidenceLevel":0,"originLevel":0,"hasRecord":false,"recordRelation":null,"status":"historical","disputed":false,"precision":"koaza","areaKey":null,"elements":["baba"],"summary":"要素辞書に一致（baba）。出典による裏づけは未確認。","zones":[],"dataset":"old_maps"}},{"type":"Feature","geometry":{"type":"Point","coordinates":[131.140465,32.945803]},"properties":{"id":"43-9b7f5b8c94","name":"馬場","reading":null,"pref":"熊本県","prefCode":"43","municipality":"阿蘇市","hazardTypes":["slope_failure"],"evidenceLevel":0,"originLevel":0,"hasRecord":false,"recordRelation":null,"status":"historical","disputed":false,"precision":"koaza","areaKey":null,"elements":["baba"],"summary":"要素辞書に一致（baba）。出典による裏づけは未確認。","zones":[],"dataset":"old_maps"}},{"type":"Feature","geometry":{"type":"Point","coordinates":[130.904734,32.854547]},"properties":{"id":"43-8f60cac298","name":"馬場","reading":null,"pref":"熊本県","prefCode":"43","municipality":"菊池郡大津町","hazardTypes":["slope_failure"],"evidenceLevel":0,"originLevel":0,"hasRecord":false,"recordRelation":null,"status":"historical","disputed":false,"precision":"koaza","areaKey":null,"elements":["baba"],"summary":"要素辞書に一致（baba）。出典による裏づけは未確認。","zones":[],"dataset":"old_maps"}},{"type":"Feature","geometry":{"type":"Point","coordinates":[131.074976,32.821363]},"properties":{"id":"43-9b3391aaeb","name":"馬場","reading":null,"pref":"熊本県","prefCode":"43","municipality":"阿蘇郡南阿蘇村","hazardTypes":["slope_failure"],"evidenceLevel":0,"originLevel":0,"hasRecord":false,"recordRelation":null,"status":"historical","disputed":false,"precision":"koaza","areaKey":null,"elements":["baba"],"summary":"要素辞書に一致（baba）。出典による裏づけは未確認。","zones":[],"dataset":"old_maps"}},{"type":"Feature","geometry":{"type":"Point","coordinates":[131.210957,32.777959]},"properties":{"id":"43-7f02895b8c","name":"馬場","reading":null,"pref":"熊本県","prefCode":"43","municipality":"阿蘇郡高森町","hazardTypes":["slope_failure"],"evidenceLevel":0,"originLevel":0,"hasRecord":false,"recordRelation":null,"status":"historical","disputed":false,"precision":"koaza","areaKey":null,"elements":["baba"],"summary":"要素辞書に一致（baba）。出典による裏づけは未確認。","zones":[],"dataset":"old_maps"}},{"type":"Feature","geometry":{"type":"Point","coordinates":[130.508652,32.269984]},"properties":{"id":"43-1839ec72a6","name":"馬場","reading":null,"pref":"熊本県","prefCode":"43","municipality":"葦北郡芦北町","hazardTypes":["slope_failure"],"evidenceLevel":0,"originLevel":0,"hasRecord":false,"recordRelation":null,"status":"historical","disputed":false,"precision":"koaza","areaKey":null,"elements":["baba"],"summary":"要素辞書に一致（baba）。出典による裏づけは未確認。","zones":[],"dataset":"old_maps"}},{"type":"Feature","geometry":{"type":"Point","coordinates":[130.646659,32.679049]},"properties":{"id":"43-822a8b8db8","name":"馬場","reading":null,"pref":"熊本県","prefCode":"43","municipality":"宇土市","hazardTypes":["slope_failure"],"evidenceLevel":0,"originLevel":0,"hasRecord":false,"recordRelation":null,"status":"historical","disputed":false,"precision":"koaza","areaKey":"432110400","elements":["baba"],"summary":"要素辞書に一致（baba）。出典による裏づけは未確認。","zones":[],"dataset":"old_maps"}},{"type":"Feature","geometry":{"type":"Point","coordinates":[130.537383,32.633411]},"properties":{"id":"43-f257e08271","name":"馬場","reading":null,"pref":"熊本県","prefCode":"43","municipality":"宇城市","hazardTypes":["slope_failure"],"evidenceLevel":0,"originLevel":0,"hasRecord":false,"recordRelation":null,"status":"historical","disputed":false,"precision":"koaza","areaKey":null,"elements":["baba"],"summary":"要素辞書に一致（baba）。出典による裏づけは未確認。","zones":[],"dataset":"old_maps"}},{"type":"Feature","geometry":{"type":"Point","coordinates":[130.828459,32.874303]},"properties":{"id":"43-46d3657c09","name":"馬場","reading":null,"pref":"熊本県","prefCode":"43","municipality":"菊池郡菊陽町","hazardTypes":["slope_failure"],"evidenceLevel":0,"originLevel":0,"hasRecord":false,"recordRelation":null,"status":"historical","disputed":false,"precision":"koaza","areaKey":null,"elements":["baba"],"summary":"要素辞書に一致（baba）。出典による裏づけは未確認。","zones":[],"dataset":"old_maps"}},{"type":"Feature","geometry":{"type":"Point","coordinates":[130.659691,32.245333]},"properties":{"id":"43-5828881327","name":"馬場","reading":null,"pref":"熊本県","prefCode":"43","municipality":"球磨郡球磨村","hazardTypes":["slope_failure"],"evidenceLevel":0,"originLevel":0,"hasRecord":false,"recordRelation":null,"status":"historical","disputed":false,"precision":"koaza","areaKey":null,"elements":["baba"],"summary":"要素辞書に一致（baba）。出典による裏づけは未確認。","zones":[],"dataset":"old_maps"}},{"type":"Feature","geometry":{"type":"Point","coordinates":[130.844896,32.223993]},"properties":{"id":"43-e8bef942ed","name":"馬場","reading":null,"pref":"熊本県","prefCode":"43","municipality":"球磨郡錦町","hazardTypes":["slope_failure"],"evidenceLevel":0,"originLevel":0,"hasRecord":false,"recordRelation":null,"status":"historical","disputed":false,"precision":"koaza","areaKey":null,"elements":["baba"],"summary":"要素辞書に一致（baba）。出典による裏づけは未確認。","zones":[],"dataset":"old_maps"}},{"type":"Feature","geometry":{"type":"Point","coordinates":[130.978565,32.258959]},"properties":{"id":"43-07b920b33d","name":"馬場","reading":null,"pref":"熊本県","prefCode":"43","municipality":"球磨郡多良木町","hazardTypes":["slope_failure"],"evidenceLevel":0,"originLevel":0,"hasRecord":false,"recordRelation":null,"status":"historical","disputed":false,"precision":"koaza","areaKey":null,"elements":["baba"],"summary":"要素辞書に一致（baba）。出典による裏づけは未確認。","zones":[],"dataset":"old_maps"}},{"type":"Feature","geometry":{"type":"Point","coordinates":[130.557413,32.968135]},"properties":{"id":"43-8e551a6917","name":"馬場","reading":null,"pref":"熊本県","prefCode":"43","municipality":"玉名市","hazardTypes":["slope_failure"],"evidenceLevel":0,"originLevel":0,"hasRecord":false,"recordRelation":null,"status":"historical","disputed":false,"precision":"koaza","areaKey":"432060490","elements":["baba"],"summary":"要素辞書に一致（baba）。出典による裏づけは未確認。","zones":[],"dataset":"old_maps"}},{"type":"Feature","geometry":{"type":"Point","coordinates":[130.6991,32.913552]},"properties":{"id":"43-aad8e51e95","name":"馬場","reading":null,"pref":"熊本県","prefCode":"43","municipality":"熊本市北区","hazardTypes":["slope_failure"],"evidenceLevel":0,"originLevel":0,"hasRecord":false,"recordRelation":null,"status":"historical","disputed":false,"precision":"koaza","areaKey":"431050780","elements":["baba"],"summary":"要素辞書に一致（baba）。出典による裏づけは未確認。","zones":[],"dataset":"old_maps"}},{"type":"Feature","geometry":{"type":"Point","coordinates":[130.266234,32.419682]},"properties":{"id":"43-e5f4b3f6e4","name":"馬場","reading":null,"pref":"熊本県","prefCode":"43","municipality":"天草市","hazardTypes":["slope_failure"],"evidenceLevel":0,"originLevel":0,"hasRecord":false,"recordRelation":null,"status":"historical","disputed":false,"precision":"koaza","areaKey":"432150570","elements":["baba"],"summary":"要素辞書に一致（baba）。出典による裏づけは未確認。","zones":[],"dataset":"old_maps"}},{"type":"Feature","geometry":{"type":"Point","coordinates":[130.424562,32.586153]},"properties":{"id":"43-9ff994a3db","name":"馬場","reading":null,"pref":"熊本県","prefCode":"43","municipality":"上天草市","hazardTypes":["slope_failure"],"evidenceLevel":0,"originLevel":0,"hasRecord":false,"recordRelation":null,"status":"historical","disputed":false,"precision":"koaza","areaKey":null,"elements":["baba"],"summary":"要素辞書に一致（baba）。出典による裏づけは未確認。","zones":[],"dataset":"old_maps"}},{"type":"Feature","geometry":{"type":"Point","coordinates":[130.779922,32.825987]},"properties":{"id":"43-69d6526806","name":"馬場","reading":null,"pref":"熊本県","prefCode":"43","municipality":"熊本市東区","hazardTypes":["slope_failure"],"evidenceLevel":0,"originLevel":0,"hasRecord":false,"recordRelation":null,"status":"historical","disputed":false,"precision":"koaza","areaKey":"43102060005","elements":["baba"],"summary":"要素辞書に一致（baba）。出典による裏づけは未確認。","zones":[],"dataset":"old_maps"}},{"type":"Feature","geometry":{"type":"Point","coordinates":[130.938795,32.267192]},"properties":{"id":"43-62f290016d","name":"馬場（多良木）","reading":null,"pref":"熊本県","prefCode":"43","municipality":"球磨郡多良木町","hazardTypes":["slope_failure"],"evidenceLevel":0,"originLevel":0,"hasRecord":false,"recordRelation":null,"status":"historical","disputed":false,"precision":"koaza","areaKey":null,"elements":["baba"],"summary":"要素辞書に一致（baba）。出典による裏づけは未確認。","zones":[],"dataset":"old_maps"}},{"type":"Feature","geometry":{"type":"Point","coordinates":[130.191125,32.375244]},"properties":{"id":"43-3bf9e47c8f","name":"馬場下","reading":null,"pref":"熊本県","prefCode":"43","municipality":"天草市","hazardTypes":["slope_failure"],"evidenceLevel":0,"originLevel":0,"hasRecord":false,"recordRelation":null,"status":"historical","disputed":false,"precision":"koaza","areaKey":null,"elements":["baba"],"summary":"要素辞書に一致（baba）。出典による裏づけは未確認。","zones":[],"dataset":"old_maps"}},{"type":"Feature","geometry":{"type":"Point","coordinates":[130.848736,32.850725]},"properties":{"id":"43-239e5bf365","name":"馬場楠","reading":null,"pref":"熊本県","prefCode":"43","municipality":"菊池郡菊陽町","hazardTypes":["slope_failure"],"evidenceLevel":0,"originLevel":0,"hasRecord":false,"recordRelation":null,"status":"historical","disputed":false,"precision":"koaza","areaKey":null,"elements":["baba"],"summary":"要素辞書に一致（baba）。出典による裏づけは未確認。","zones":[],"dataset":"old_maps"}},{"type":"Feature","geometry":{"type":"Point","coordinates":[130.300527,32.402913]},"properties":{"id":"43-d9f3ef9d65","name":"梅ノ木","reading":null,"pref":"熊本県","prefCode":"43","municipality":"天草市","hazardTypes":["landslide","slope_failure"],"evidenceLevel":0,"originLevel":0,"hasRecord":true,"recordRelation":"nearby_record","status":"historical","disputed":false,"precision":"koaza","areaKey":null,"elements":["ume"],"summary":"要素辞書に一致（ume）。出典による裏づけは未確認。","zones":[],"dataset":"old_maps"}},{"type":"Feature","geometry":{"type":"Point","coordinates":[130.470939,32.579944]},"properties":{"id":"43-a5df22b185","name":"梅ノ木","reading":null,"pref":"熊本県","prefCode":"43","municipality":"上天草市","hazardTypes":["landslide","slope_failure"],"evidenceLevel":0,"originLevel":0,"hasRecord":false,"recordRelation":null,"status":"historical","disputed":false,"precision":"koaza","areaKey":null,"elements":["ume"],"summary":"要素辞書に一致（ume）。出典による裏づけは未確認。","zones":[],"dataset":"old_maps"}},{"type":"Feature","geometry":{"type":"Point","coordinates":[131.077788,33.053046]},"properties":{"id":"43-4a3e098549","name":"梅ノ木堂","reading":null,"pref":"熊本県","prefCode":"43","municipality":"阿蘇郡南小国町","hazardTypes":["landslide","slope_failure"],"evidenceLevel":0,"originLevel":0,"hasRecord":false,"recordRelation":null,"status":"historical","disputed":false,"precision":"koaza","areaKey":null,"elements":["ume"],"summary":"要素辞書に一致（ume）。出典による裏づけは未確認。","zones":[],"dataset":"old_maps"}},{"type":"Feature","geometry":{"type":"Point","coordinates":[131.077052,32.650388]},"properties":{"id":"43-6ccce18bb5","name":"梅ノ木鶴","reading":null,"pref":"熊本県","prefCode":"43","municipality":"上益城郡山都町","hazardTypes":["landslide","slope_failure"],"evidenceLevel":0,"originLevel":0,"hasRecord":false,"recordRelation":null,"status":"historical","disputed":false,"precision":"koaza","areaKey":null,"elements":["ume"],"summary":"要素辞書に一致（ume）。出典による裏づけは未確認。","zones":[],"dataset":"old_maps"}},{"type":"Feature","geometry":{"type":"Point","coordinates":[130.607222,32.702974]},"properties":{"id":"43-6ce90f5a3b","name":"梅咲","reading":null,"pref":"熊本県","prefCode":"43","municipality":"宇土市","hazardTypes":["landslide","slope_failure"],"evidenceLevel":0,"originLevel":0,"hasRecord":false,"recordRelation":null,"status":"historical","disputed":false,"precision":"koaza","areaKey":"432110530","elements":["ume"],"summary":"要素辞書に一致（ume）。出典による裏づけは未確認。","zones":[],"dataset":"old_maps"}},{"type":"Feature","geometry":{"type":"Point","coordinates":[130.451911,32.941451]},"properties":{"id":"43-729fbacefc","name":"梅田","reading":null,"pref":"熊本県","prefCode":"43","municipality":"玉名郡長洲町","hazardTypes":["landslide","slope_failure"],"evidenceLevel":0,"originLevel":0,"hasRecord":false,"recordRelation":null,"status":"historical","disputed":false,"precision":"koaza","areaKey":null,"elements":["ume"],"summary":"要素辞書に一致（ume）。出典による裏づけは未確認。","zones":[],"dataset":"old_maps"}},{"type":"Feature","geometry":{"type":"Point","coordinates":[130.621781,32.797684]},"properties":{"id":"43-9464fe4bbd","name":"梅洞","reading":null,"pref":"熊本県","prefCode":"43","municipality":"熊本市西区","hazardTypes":["landslide","slope_failure"],"evidenceLevel":0,"originLevel":0,"hasRecord":false,"recordRelation":null,"status":"historical","disputed":false,"precision":"koaza","areaKey":"431030301","elements":["ume"],"summary":"要素辞書に一致（ume）。出典による裏づけは未確認。","zones":[],"dataset":"old_maps"}},{"type":"Feature","geometry":{"type":"Point","coordinates":[130.650656,33.027621]},"properties":{"id":"43-054ad45096","name":"梅迫","reading":null,"pref":"熊本県","prefCode":"43","municipality":"山鹿市","hazardTypes":["landslide","slope_failure"],"evidenceLevel":0,"originLevel":0,"hasRecord":false,"recordRelation":null,"status":"historical","disputed":false,"precision":"koaza","areaKey":"432080150","elements":["ume"],"summary":"要素辞書に一致（ume）。出典による裏づけは未確認。","zones":[],"dataset":"old_maps"}},{"type":"Feature","geometry":{"type":"Point","coordinates":[130.99026,32.716855]},"properties":{"id":"43-b564b52582","name":"梅木","reading":null,"pref":"熊本県","prefCode":"43","municipality":"上益城郡山都町","hazardTypes":["landslide","slope_failure"],"evidenceLevel":0,"originLevel":0,"hasRecord":false,"recordRelation":null,"status":"historical","disputed":false,"precision":"koaza","areaKey":null,"elements":["ume"],"summary":"要素辞書に一致（ume）。出典による裏づけは未確認。","zones":[],"dataset":"old_maps"}},{"type":"Feature","geometry":{"type":"Point","coordinates":[130.652817,32.956185]},"properties":{"id":"43-cd6eb8af63","name":"梅木谷","reading":null,"pref":"熊本県","prefCode":"43","municipality":"山鹿市","hazardTypes":["landslide","slope_failure"],"evidenceLevel":0,"originLevel":0,"hasRecord":false,"recordRelation":null,"status":"historical","disputed":false,"precision":"koaza","areaKey":"432080830","elements":["ume"],"summary":"要素辞書に一致（ume）。出典による裏づけは未確認。","zones":[],"dataset":"old_maps"}},{"type":"Feature","geometry":{"type":"Point","coordinates":[130.598947,32.668365]},"properties":{"id":"43-3f738e15f3","name":"白鹿","reading":null,"pref":"熊本県","prefCode":"43","municipality":"宇土市","hazardTypes":["landslide","soft_ground"],"evidenceLevel":0,"originLevel":0,"hasRecord":false,"recordRelation":null,"status":"historical","disputed":false,"precision":"koaza","areaKey":"432110520","elements":["shishi"],"summary":"要素辞書に一致（shishi）。出典による裏づけは未確認。","zones":[],"dataset":"old_maps"}},{"type":"Feature","geometry":{"type":"Point","coordinates":[130.944383,32.398844]},"properties":{"id":"43-e04c07d45b","name":"白蔵","reading":null,"pref":"熊本県","prefCode":"43","municipality":"球磨郡五木村","hazardTypes":["slope_failure","rockfall"],"evidenceLevel":0,"originLevel":0,"hasRecord":false,"recordRelation":null,"status":"historical","disputed":false,"precision":"koaza","areaKey":null,"elements":["kura"],"summary":"要素辞書に一致（kura）。出典による裏づけは未確認。","zones":[],"dataset":"old_maps"}},{"type":"Feature","geometry":{"type":"Point","coordinates":[130.868219,33.074615]},"properties":{"id":"43-d5a651aebe","name":"斑蛇口","reading":null,"pref":"熊本県","prefCode":"43","municipality":"菊池市","hazardTypes":["slope_failure","debris_flow"],"evidenceLevel":0,"originLevel":0,"hasRecord":false,"recordRelation":null,"status":"historical","disputed":false,"precision":"koaza","areaKey":"43210014016","elements":["ja"],"summary":"要素辞書に一致（ja）。出典による裏づけは未確認。","zones":[],"dataset":"old_maps"}},{"type":"Feature","geometry":{"type":"Point","coordinates":[130.588376,33.031142]},"properties":{"id":"43-497f2ebd70","name":"肥猪","reading":null,"pref":"熊本県","prefCode":"43","municipality":"玉名郡南関町","hazardTypes":["landslide","soft_ground"],"evidenceLevel":0,"originLevel":0,"hasRecord":false,"recordRelation":null,"status":"historical","disputed":false,"precision":"koaza","areaKey":null,"elements":["shishi"],"summary":"要素辞書に一致（shishi）。出典による裏づけは未確認。","zones":[],"dataset":"old_maps"}},{"type":"Feature","geometry":{"type":"Point","coordinates":[130.588261,33.039391]},"properties":{"id":"43-2c3ecf5a64","name":"肥猪町","reading":null,"pref":"熊本県","prefCode":"43","municipality":"玉名郡南関町","hazardTypes":["landslide","soft_ground"],"evidenceLevel":0,"originLevel":0,"hasRecord":false,"recordRelation":null,"status":"historical","disputed":false,"precision":"koaza","areaKey":null,"elements":["shishi"],"summary":"要素辞書に一致（shishi）。出典による裏づけは未確認。","zones":[],"dataset":"old_maps"}},{"type":"Feature","geometry":{"type":"Point","coordinates":[130.811454,32.550642]},"properties":{"id":"43-a3ef712967","name":"飛石","reading":null,"pref":"熊本県","prefCode":"43","municipality":"八代市","hazardTypes":["slope_failure","debris_flow"],"evidenceLevel":0,"originLevel":0,"hasRecord":false,"recordRelation":null,"status":"historical","disputed":false,"precision":"koaza","areaKey":"432021940","elements":["tobi"],"summary":"要素辞書に一致（tobi）。出典による裏づけは未確認。","zones":[],"dataset":"old_maps"}},{"type":"Feature","geometry":{"type":"Point","coordinates":[130.718179,32.851753]},"properties":{"id":"43-fd8c0c72fb","name":"飛田","reading":null,"pref":"熊本県","prefCode":"43","municipality":"熊本市北区","hazardTypes":["slope_failure","debris_flow"],"evidenceLevel":0,"originLevel":0,"hasRecord":false,"recordRelation":null,"status":"historical","disputed":false,"precision":"koaza","areaKey":"43105029103","elements":["tobi"],"summary":"要素辞書に一致（tobi）。出典による裏づけは未確認。","zones":[],"dataset":"old_maps"}},{"type":"Feature","geometry":{"type":"Point","coordinates":[130.84756,32.929124]},"properties":{"id":"43-871472df9a","name":"尾足","reading":null,"pref":"熊本県","prefCode":"43","municipality":"菊池市","hazardTypes":["flood","inundation"],"evidenceLevel":0,"originLevel":0,"hasRecord":false,"recordRelation":null,"status":"historical","disputed":false,"precision":"koaza","areaKey":"432100630","elements":["ashi"],"summary":"要素辞書に一致（ashi）。出典による裏づけは未確認。","zones":[],"dataset":"old_maps"}},{"type":"Feature","geometry":{"type":"Point","coordinates":[130.857463,32.615254]},"properties":{"id":"43-00269dd756","name":"舞鹿野","reading":null,"pref":"熊本県","prefCode":"43","municipality":"下益城郡美里町","hazardTypes":["landslide","soft_ground"],"evidenceLevel":0,"originLevel":0,"hasRecord":false,"recordRelation":null,"status":"historical","disputed":false,"precision":"koaza","areaKey":null,"elements":["shishi"],"summary":"要素辞書に一致（shishi）。出典による裏づけは未確認。","zones":[],"dataset":"old_maps"}},{"type":"Feature","geometry":{"type":"Point","coordinates":[131.110557,32.81019]},"properties":{"id":"43-1b5f47cff9","name":"幅","reading":null,"pref":"熊本県","prefCode":"43","municipality":"阿蘇郡南阿蘇村","hazardTypes":["erosion","slope_failure"],"evidenceLevel":0,"originLevel":0,"hasRecord":false,"recordRelation":null,"status":"historical","disputed":false,"precision":"koaza","areaKey":null,"elements":["haba"],"summary":"要素辞書に一致（haba）。出典による裏づけは未確認。","zones":[],"dataset":"old_maps"}},{"type":"Feature","geometry":{"type":"Point","coordinates":[131.009236,32.672467]},"properties":{"id":"43-ebe8975581","name":"米内蔵","reading":null,"pref":"熊本県","prefCode":"43","municipality":"上益城郡山都町","hazardTypes":["slope_failure","rockfall"],"evidenceLevel":0,"originLevel":0,"hasRecord":false,"recordRelation":null,"status":"historical","disputed":false,"precision":"koaza","areaKey":null,"elements":["kura"],"summary":"要素辞書に一致（kura）。出典による裏づけは未確認。","zones":[],"dataset":"old_maps"}},{"type":"Feature","geometry":{"type":"Point","coordinates":[130.917348,32.127053]},"properties":{"id":"43-1d5a634971","name":"崩石","reading":null,"pref":"熊本県","prefCode":"43","municipality":"球磨郡あさぎり町","hazardTypes":["slope_failure","landslide"],"evidenceLevel":0,"originLevel":0,"hasRecord":false,"recordRelation":null,"status":"historical","disputed":false,"precision":"koaza","areaKey":null,"elements":["kuzure"],"summary":"要素辞書に一致（kuzure）。出典による裏づけは未確認。","zones":[],"dataset":"old_maps"}},{"type":"Feature","geometry":{"type":"Point","coordinates":[130.668364,32.591844]},"properties":{"id":"43-079ec9284f","name":"北鹿野","reading":null,"pref":"熊本県","prefCode":"43","municipality":"八代郡氷川町","hazardTypes":["landslide","soft_ground"],"evidenceLevel":0,"originLevel":0,"hasRecord":false,"recordRelation":null,"status":"historical","disputed":false,"precision":"koaza","areaKey":null,"elements":["shishi"],"summary":"要素辞書に一致（shishi）。出典による裏づけは未確認。","zones":[],"dataset":"old_maps"}},{"type":"Feature","geometry":{"type":"Point","coordinates":[130.80617,32.727778]},"properties":{"id":"43-818d1f1a6f","name":"北木ノ倉","reading":null,"pref":"熊本県","prefCode":"43","municipality":"上益城郡御船町","hazardTypes":["slope_failure","rockfall"],"evidenceLevel":0,"originLevel":0,"hasRecord":false,"recordRelation":null,"status":"historical","disputed":false,"precision":"koaza","areaKey":null,"elements":["kura"],"summary":"要素辞書に一致（kura）。出典による裏づけは未確認。","zones":[],"dataset":"old_maps"}},{"type":"Feature","geometry":{"type":"Point","coordinates":[130.728983,32.232487]},"properties":{"id":"43-be8f9469a3","name":"堀馬場","reading":null,"pref":"熊本県","prefCode":"43","municipality":"人吉市","hazardTypes":["slope_failure"],"evidenceLevel":0,"originLevel":0,"hasRecord":false,"recordRelation":null,"status":"historical","disputed":false,"precision":"koaza","areaKey":null,"elements":["baba"],"summary":"要素辞書に一致（baba）。出典による裏づけは未確認。","zones":[],"dataset":"old_maps"}},{"type":"Feature","geometry":{"type":"Point","coordinates":[130.187529,32.467527]},"properties":{"id":"43-846dd38a04","name":"本戸馬場","reading":null,"pref":"熊本県","prefCode":"43","municipality":"天草市","hazardTypes":["slope_failure"],"evidenceLevel":0,"originLevel":0,"hasRecord":false,"recordRelation":null,"status":"historical","disputed":false,"precision":"koaza","areaKey":"432150233","elements":["baba"],"summary":"要素辞書に一致（baba）。出典による裏づけは未確認。","zones":[],"dataset":"old_maps"}},{"type":"Feature","geometry":{"type":"Point","coordinates":[130.659985,32.895169]},"properties":{"id":"43-a5579fce09","name":"埋原","reading":null,"pref":"熊本県","prefCode":"43","municipality":"熊本市北区","hazardTypes":["landslide","slope_failure"],"evidenceLevel":0,"originLevel":0,"hasRecord":false,"recordRelation":null,"status":"historical","disputed":false,"precision":"koaza","areaKey":"431050650","elements":["ume"],"summary":"要素辞書に一致（ume）。出典による裏づけは未確認。","zones":[],"dataset":"old_maps"}},{"type":"Feature","geometry":{"type":"Point","coordinates":[130.635086,33.037449]},"properties":{"id":"43-26f4afda5d","name":"六地蔵","reading":null,"pref":"熊本県","prefCode":"43","municipality":"玉名郡和水町","hazardTypes":["slope_failure","rockfall"],"evidenceLevel":0,"originLevel":0,"hasRecord":false,"recordRelation":null,"status":"historical","disputed":false,"precision":"koaza","areaKey":null,"elements":["kura"],"summary":"要素辞書に一致（kura）。出典による裏づけは未確認。","zones":[],"dataset":"old_maps"}},{"type":"Feature","geometry":{"type":"Point","coordinates":[130.778502,32.574622]},"properties":{"id":"43-ad8bcd2264","name":"六地蔵","reading":null,"pref":"熊本県","prefCode":"43","municipality":"八代市","hazardTypes":["slope_failure","rockfall"],"evidenceLevel":0,"originLevel":0,"hasRecord":false,"recordRelation":null,"status":"historical","disputed":false,"precision":"koaza","areaKey":"432021920","elements":["kura"],"summary":"要素辞書に一致（kura）。出典による裏づけは未確認。","zones":[],"dataset":"old_maps"}},{"type":"Feature","geometry":{"type":"Point","coordinates":[130.997837,32.281452]},"properties":{"id":"43-a4cb2265ad","name":"浅鹿野","reading":null,"pref":"熊本県","prefCode":"43","municipality":"球磨郡多良木町","hazardTypes":["landslide","soft_ground"],"evidenceLevel":0,"originLevel":0,"hasRecord":false,"recordRelation":null,"status":"historical","disputed":false,"precision":"koaza","areaKey":null,"elements":["shishi"],"summary":"要素辞書に一致（shishi）。出典による裏づけは未確認。","zones":[],"dataset":"old_maps"}},{"type":"Feature","geometry":{"type":"Point","coordinates":[130.581302,32.491283]},"properties":{"id":"43-500098b1ee","name":"葭牟田","reading":null,"pref":"熊本県","prefCode":"43","municipality":"八代市","hazardTypes":["landslide","soft_ground"],"evidenceLevel":0,"originLevel":0,"hasRecord":false,"recordRelation":null,"status":"historical","disputed":false,"precision":"koaza","areaKey":"432020910","elements":["wetland_plants"],"summary":"要素辞書に一致（wetland_plants）。出典による裏づけは未確認。","zones":[],"dataset":"old_maps"}},{"type":"Feature","geometry":{"type":"Point","coordinates":[131.077201,33.159696]},"properties":{"id":"43-43753c190e","name":"蔵ノ本","reading":null,"pref":"熊本県","prefCode":"43","municipality":"阿蘇郡小国町","hazardTypes":["slope_failure","rockfall"],"evidenceLevel":0,"originLevel":0,"hasRecord":false,"recordRelation":null,"status":"historical","disputed":false,"precision":"koaza","areaKey":null,"elements":["kura"],"summary":"要素辞書に一致（kura）。出典による裏づけは未確認。","zones":[],"dataset":"old_maps"}},{"type":"Feature","geometry":{"type":"Point","coordinates":[131.085609,33.130801]},"properties":{"id":"43-feca76e2bb","name":"蔵園","reading":null,"pref":"熊本県","prefCode":"43","municipality":"阿蘇郡小国町","hazardTypes":["slope_failure","rockfall"],"evidenceLevel":0,"originLevel":0,"hasRecord":false,"recordRelation":null,"status":"historical","disputed":false,"precision":"koaza","areaKey":null,"elements":["kura"],"summary":"要素辞書に一致（kura）。出典による裏づけは未確認。","zones":[],"dataset":"old_maps"}},{"type":"Feature","geometry":{"type":"Point","coordinates":[131.064081,33.12239]},"properties":{"id":"43-29e5557b11","name":"蔵原","reading":null,"pref":"熊本県","prefCode":"43","municipality":"阿蘇郡小国町","hazardTypes":["slope_failure","rockfall"],"evidenceLevel":0,"originLevel":0,"hasRecord":false,"recordRelation":null,"status":"historical","disputed":false,"precision":"koaza","areaKey":null,"elements":["kura"],"summary":"要素辞書に一致（kura）。出典による裏づけは未確認。","zones":[],"dataset":"old_maps"}},{"type":"Feature","geometry":{"type":"Point","coordinates":[130.485634,32.240334]},"properties":{"id":"43-f72f5d7989","name":"蔵谷","reading":null,"pref":"熊本県","prefCode":"43","municipality":"葦北郡津奈木町","hazardTypes":["slope_failure","rockfall"],"evidenceLevel":0,"originLevel":0,"hasRecord":false,"recordRelation":null,"status":"historical","disputed":false,"precision":"koaza","areaKey":null,"elements":["kura"],"summary":"要素辞書に一致（kura）。出典による裏づけは未確認。","zones":[],"dataset":"old_maps"}},{"type":"Feature","geometry":{"type":"Point","coordinates":[130.628819,32.298173]},"properties":{"id":"43-b406f5abb5","name":"蔵谷","reading":null,"pref":"熊本県","prefCode":"43","municipality":"球磨郡球磨村","hazardTypes":["slope_failure","rockfall"],"evidenceLevel":0,"originLevel":0,"hasRecord":false,"recordRelation":null,"status":"historical","disputed":false,"precision":"koaza","areaKey":null,"elements":["kura"],"summary":"要素辞書に一致（kura）。出典による裏づけは未確認。","zones":[],"dataset":"old_maps"}},{"type":"Feature","geometry":{"type":"Point","coordinates":[131.246847,32.825119]},"properties":{"id":"43-26277c69a3","name":"蔵地","reading":null,"pref":"熊本県","prefCode":"43","municipality":"阿蘇郡高森町","hazardTypes":["slope_failure","rockfall"],"evidenceLevel":0,"originLevel":0,"hasRecord":false,"recordRelation":null,"status":"historical","disputed":false,"precision":"koaza","areaKey":null,"elements":["kura"],"summary":"要素辞書に一致（kura）。出典による裏づけは未確認。","zones":[],"dataset":"old_maps"}},{"type":"Feature","geometry":{"type":"Point","coordinates":[131.18602,32.759276]},"properties":{"id":"43-882c1949d5","name":"蔵木山","reading":null,"pref":"熊本県","prefCode":"43","municipality":"上益城郡山都町","hazardTypes":["slope_failure","rockfall"],"evidenceLevel":0,"originLevel":0,"hasRecord":false,"recordRelation":null,"status":"historical","disputed":false,"precision":"koaza","areaKey":null,"elements":["kura"],"summary":"要素辞書に一致（kura）。出典による裏づけは未確認。","zones":[],"dataset":"old_maps"}},{"type":"Feature","geometry":{"type":"Point","coordinates":[130.766471,32.226328]},"properties":{"id":"43-254c90ad85","name":"芦原","reading":null,"pref":"熊本県","prefCode":"43","municipality":"人吉市","hazardTypes":["flood","inundation"],"evidenceLevel":0,"originLevel":0,"hasRecord":false,"recordRelation":null,"status":"historical","disputed":false,"precision":"koaza","areaKey":"432032250","elements":["ashi"],"summary":"要素辞書に一致（ashi）。出典による裏づけは未確認。","zones":[],"dataset":"old_maps"}},{"type":"Feature","geometry":{"type":"Point","coordinates":[130.728249,32.970178]},"properties":{"id":"43-ffaf611444","name":"芦原","reading":null,"pref":"熊本県","prefCode":"43","municipality":"熊本市北区","hazardTypes":["flood","inundation"],"evidenceLevel":0,"originLevel":0,"hasRecord":false,"recordRelation":null,"status":"historical","disputed":false,"precision":"koaza","areaKey":"431050900","elements":["ashi"],"summary":"要素辞書に一致（ashi）。出典による裏づけは未確認。","zones":[],"dataset":"old_maps"}},{"type":"Feature","geometry":{"type":"Point","coordinates":[130.971072,32.694753]},"properties":{"id":"43-518ef18e50","name":"芦尾田","reading":null,"pref":"熊本県","prefCode":"43","municipality":"上益城郡山都町","hazardTypes":["flood","inundation"],"evidenceLevel":0,"originLevel":0,"hasRecord":false,"recordRelation":null,"status":"historical","disputed":false,"precision":"koaza","areaKey":null,"elements":["ashi"],"summary":"要素辞書に一致（ashi）。出典による裏づけは未確認。","zones":[],"dataset":"old_maps"}},{"type":"Feature","geometry":{"type":"Point","coordinates":[130.741245,32.937936]},"properties":{"id":"43-dc619df062","name":"猪ノ目","reading":null,"pref":"熊本県","prefCode":"43","municipality":"菊池市","hazardTypes":["landslide","soft_ground"],"evidenceLevel":0,"originLevel":0,"hasRecord":false,"recordRelation":null,"status":"historical","disputed":false,"precision":"koaza","areaKey":null,"elements":["shishi"],"summary":"要素辞書に一致（shishi）。出典による裏づけは未確認。","zones":[],"dataset":"old_maps"}},{"type":"Feature","geometry":{"type":"Point","coordinates":[130.927101,32.256295]},"properties":{"id":"43-ca9e964957","name":"横馬場","reading":null,"pref":"熊本県","prefCode":"43","municipality":"球磨郡あさぎり町","hazardTypes":["slope_failure"],"evidenceLevel":0,"originLevel":0,"hasRecord":false,"recordRelation":null,"status":"historical","disputed":false,"precision":"koaza","areaKey":null,"elements":["baba"],"summary":"要素辞書に一致（baba）。出典による裏づけは未確認。","zones":[],"dataset":"old_maps"}},{"type":"Feature","geometry":{"type":"Point","coordinates":[131.005425,32.277097]},"properties":{"id":"43-2d3b15608e","name":"猪ノ鹿倉","reading":null,"pref":"熊本県","prefCode":"43","municipality":"球磨郡多良木町","hazardTypes":["slope_failure","rockfall","landslide","soft_ground"],"evidenceLevel":0,"originLevel":0,"hasRecord":false,"recordRelation":null,"status":"historical","disputed":false,"precision":"koaza","areaKey":null,"elements":["kura","shishi"],"summary":"要素辞書に一致（kura・shishi）。出典による裏づけは未確認。","zones":[],"dataset":"old_maps"}},{"type":"Feature","geometry":{"type":"Point","coordinates":[130.950102,32.250948]},"properties":{"id":"43-1c9a1eb237","name":"青木","reading":null,"pref":"熊本県","prefCode":"43","municipality":"球磨郡多良木町","hazardTypes":["slope_failure"],"evidenceLevel":0,"originLevel":0,"hasRecord":false,"recordRelation":null,"status":"historical","disputed":false,"precision":"koaza","areaKey":null,"elements":["afu_oo"],"summary":"要素辞書に一致（afu_oo）。出典による裏づけは未確認。","zones":[],"dataset":"old_maps"}},{"type":"Feature","geometry":{"type":"Point","coordinates":[130.762338,32.222669]},"properties":{"id":"43-ab2383fe2b","name":"鶴馬場","reading":null,"pref":"熊本県","prefCode":"43","municipality":"人吉市","hazardTypes":["slope_failure"],"evidenceLevel":0,"originLevel":0,"hasRecord":false,"recordRelation":null,"status":"historical","disputed":false,"precision":"koaza","areaKey":"432032250","elements":["baba"],"summary":"要素辞書に一致（baba）。出典による裏づけは未確認。","zones":[],"dataset":"old_maps"}},{"type":"Feature","geometry":{"type":"Point","coordinates":[130.743038,32.869312]},"properties":{"id":"43-508cd97aad","name":"黒石","reading":null,"pref":"熊本県","prefCode":"43","municipality":"合志市","hazardTypes":["landslide"],"evidenceLevel":0,"originLevel":0,"hasRecord":false,"recordRelation":null,"status":"historical","disputed":false,"precision":"koaza","areaKey":null,"elements":["geology_names"],"summary":"要素辞書に一致（geology_names）。出典による裏づけは未確認。","zones":[],"dataset":"old_maps"}},{"type":"Feature","geometry":{"type":"Point","coordinates":[130.659404,32.861207]},"properties":{"id":"43-bfa45e5899","name":"黒石","reading":null,"pref":"熊本県","prefCode":"43","municipality":"熊本市北区","hazardTypes":["landslide"],"evidenceLevel":0,"originLevel":0,"hasRecord":false,"recordRelation":null,"status":"historical","disputed":false,"precision":"koaza","areaKey":"431050380","elements":["geology_names"],"summary":"要素辞書に一致（geology_names）。出典による裏づけは未確認。","zones":[],"dataset":"old_maps"}},{"type":"Feature","geometry":{"type":"Point","coordinates":[130.831628,32.812202]},"properties":{"id":"43-57f4bdab79","name":"黒石崎","reading":null,"pref":"熊本県","prefCode":"43","municipality":"上益城郡益城町","hazardTypes":["landslide"],"evidenceLevel":0,"originLevel":0,"hasRecord":false,"recordRelation":null,"status":"historical","disputed":false,"precision":"koaza","areaKey":null,"elements":["geology_names"],"summary":"要素辞書に一致（geology_names）。出典による裏づけは未確認。","zones":[],"dataset":"old_maps"}},{"type":"Feature","geometry":{"type":"Point","coordinates":[130.67054,33.079687]},"properties":{"id":"43-56b52fef12","name":"黒猪","reading":null,"pref":"熊本県","prefCode":"43","municipality":"山鹿市","hazardTypes":["landslide","soft_ground"],"evidenceLevel":0,"originLevel":0,"hasRecord":false,"recordRelation":null,"status":"historical","disputed":false,"precision":"koaza","areaKey":"432080420","elements":["shishi"],"summary":"要素辞書に一致（shishi）。出典による裏づけは未確認。","zones":[],"dataset":"old_maps"}},{"type":"Feature","geometry":{"type":"Point","coordinates":[130.894924,32.536792]},"properties":{"id":"43-8aa9eadfc5","name":"菖蒲谷","reading":null,"pref":"熊本県","prefCode":"43","municipality":"八代市","hazardTypes":["landslide","soft_ground"],"evidenceLevel":0,"originLevel":0,"hasRecord":false,"recordRelation":null,"status":"historical","disputed":false,"precision":"feature","areaKey":"432021970","elements":["wetland_plants"],"summary":"要素辞書に一致（wetland_plants）。出典による裏づけは未確認。","zones":[],"dataset":"old_maps"}},{"type":"Feature","geometry":{"type":"Point","coordinates":[131.017005,32.579549]},"properties":{"id":"43-d3d040871c","name":"広川原谷","reading":null,"pref":"熊本県","prefCode":"43","municipality":"八代市","hazardTypes":["flood"],"evidenceLevel":0,"originLevel":0,"hasRecord":false,"recordRelation":null,"status":"historical","disputed":false,"precision":"feature","areaKey":"432021980","elements":["kawara"],"summary":"要素辞書に一致（kawara）。出典による裏づけは未確認。","zones":[],"dataset":"old_maps"}},{"type":"Feature","geometry":{"type":"Point","coordinates":[131.153441,32.67372]},"properties":{"id":"43-d2c0668421","name":"鞍岡村","reading":null,"pref":"熊本県","prefCode":"43","municipality":"上益城郡山都町","hazardTypes":["slope_failure","rockfall"],"evidenceLevel":0,"originLevel":0,"hasRecord":false,"recordRelation":null,"status":"historical","disputed":false,"precision":"village","areaKey":null,"elements":["kura"],"summary":"要素辞書に一致（kura）。出典による裏づけは未確認。","zones":[],"dataset":"old_maps"}},{"type":"Feature","geometry":{"type":"Point","coordinates":[131.155636,32.678621]},"properties":{"id":"43-f3335ea2c0","name":"荻原","reading":null,"pref":"熊本県","prefCode":"43","municipality":"上益城郡山都町","hazardTypes":["slope_failure"],"evidenceLevel":0,"originLevel":0,"hasRecord":false,"recordRelation":null,"status":"historical","disputed":false,"precision":"koaza","areaKey":null,"elements":["suki_hagu"],"summary":"要素辞書に一致（suki_hagu）。出典による裏づけは未確認。","zones":[],"dataset":"old_maps"}}]}
